ST_CASE,VEH_NO,PER_NO,YEAR,P1,P2,P3,P4,P5,P6,P7,P8,P9,P10
10001,1,1,1988,0,0,0,0,0,0,0,21,0,0
10002,1,1,1988,0,0,0,0,0,0,0,0,0,0
10002,2,1,1988,0,0,0,0,0,0,0,0,0,0
10003,1,1,1988,14,14,14,14,14,14,14,14,14,14
10004,1,1,1988,0,0,0,30,0,0,0,0,0,0
10005,0,1,1988,24,24,24,24,24,24,24,24,24,24
10005,1,1,1988,0,0,0,0,0,0,0,0,0,0
10006,1,1,1988,0,0,0,0,0,0,0,0,0,0
10006,2,1,1988,0,0,0,0,0,0,0,0,0,0
10007,1,1,1988,0,0,0,0,0,0,0,0,0,0
10007,2,1,1988,0,0,0,0,0,0,0,0,0,0
10007,3,1,1988,0,0,0,0,0,0,0,0,0,0
10008,0,1,1988,24,24,24,24,24,24,24,24,24,24
10008,1,1,1988,0,0,0,0,0,0,0,0,0,17
10009,1,1,1988,0,0,0,0,0,0,0,0,0,0
10009,2,1,1988,0,0,0,0,0,0,0,0,0,0
10010,1,1,1988,0,0,0,0,0,0,0,0,0,0
10011,1,1,1988,0,0,0,0,0,0,0,0,0,0
10011,2,1,1988,0,0,0,0,0,0,0,0,0,0
10012,1,1,1988,20,20,20,20,20,20,20,20,20,20
10013,1,1,1988,20,12,6,14,6,21,3,20,23,14
10014,1,1,1988,0,0,0,0,0,0,0,0,0,0
10015,1,1,1988,21,21,21,21,21,21,21,21,21,21
10015,2,1,1988,0,0,0,0,0,0,0,0,0,0
10015,3,1,1988,0,0,17,0,0,0,0,0,0,0
10015,4,1,1988,0,0,0,0,0,0,0,0,17,0
10016,1,1,1988,0,0,23,0,0,0,0,0,0,0
10017,1,1,1988,22,10,6,0,8,17,6,18,18,13
10018,1,1,1988,0,0,0,0,0,0,0,0,0,0
10018,2,1,1988,0,0,0,0,0,0,0,0,0,0
10019,1,1,1988,28,28,28,28,28,28,28,28,28,28
10019,2,1,1988,2,2,2,2,2,2,2,2,2,2
10020,1,1,1988,0,0,0,0,0,0,22,0,0,0
10020,2,1,1988,0,0,0,0,0,0,10,0,0,0
10022,1,1,1988,24,24,24,24,24,24,24,24,24,24
10023,0,1,1988,0,20,0,37,0,19,36,35,0,28
10023,1,1,1988,0,0,0,0,0,0,0,0,0,0
10023,2,1,1988,0,0,0,0,6,0,0,0,0,0
10024,1,1,1988,30,30,30,30,30,30,30,30,30,30
10024,2,1,1988,0,0,0,0,0,0,0,0,0,0
10025,1,1,1988,0,0,0,0,0,0,0,0,0,0
10026,1,1,1988,0,0,0,0,0,0,0,0,0,0
10026,2,1,1988,16,16,10,16,32,13,16,26,0,16
10027,1,1,1988,20,14,19,23,14,10,22,14,11,25
10028,0,1,1988,3,3,3,3,3,3,3,3,3,3
10028,1,1,1988,22,0,0,0,0,0,0,0,0,16
10029,1,1,1988,0,0,0,0,0,0,0,0,0,0
10030,1,1,1988,30,30,30,30,30,30,30,30,30,30
10030,2,1,1988,0,0,0,0,0,0,0,0,0,0
10031,1,1,1988,28,17,13,17,13,14,26,11,28,39
10032,1,1,1988,0,0,0,0,0,0,0,0,0,0
10032,2,1,1988,12,12,12,12,12,12,12,12,12,12
10033,1,1,1988,0,0,0,0,0,0,0,0,0,0
10033,2,1,1988,0,27,9,24,19,19,0,25,22,0
10034,1,1,1988,22,22,22,22,22,22,22,22,22,22
10036,1,1,1988,0,22,0,0,0,0,0,0,0,0
10037,0,1,1988,16,0,0,0,0,0,0,0,0,0
10037,1,1,1988,0,0,0,0,0,0,0,12,0,0
10038,0,1,1988,44,44,44,44,44,44,44,44,44,44
10038,1,1,1988,0,0,0,25,0,0,0,13,0,0
10039,1,1,1988,24,24,24,24,24,24,24,24,24,24
10040,1,1,1988,0,0,0,0,0,0,0,0,0,0
10040,2,1,1988,0,0,0,0,0,0,0,0,0,0
10041,1,1,1988,0,0,0,0,0,0,0,0,0,0
10041,2,1,1988,0,0,0,0,0,0,0,0,0,0
10042,1,1,1988,0,0,0,0,0,0,14,0,0,0
10042,2,1,1988,0,0,0,0,0,0,0,0,0,0
10043,0,1,1988,0,0,0,0,0,0,0,0,0,0
10043,1,1,1988,0,0,0,0,0,0,0,0,0,0
10044,1,1,1988,0,0,0,0,0,0,0,0,0,0
10044,2,1,1988,0,0,0,0,0,0,0,0,0,0
10045,1,1,1988,0,0,0,0,0,13,0,0,0,18
10045,2,1,1988,0,0,0,0,0,0,0,12,0,0
10046,1,1,1988,0,0,4,0,0,0,0,0,0,0
10046,2,1,1988,0,0,0,0,0,0,0,0,0,0
10047,1,1,1988,21,21,21,21,21,21,21,21,21,21
10048,1,1,1988,0,0,0,0,0,0,0,0,0,0
10049,1,1,1988,21,21,21,21,21,21,21,21,21,21
10050,1,1,1988,5,0,0,0,0,0,0,7,0,0
10050,2,1,1988,0,0,7,14,0,0,0,0,15,0
10051,1,1,1988,0,0,0,0,0,0,0,0,0,0
10051,2,1,1988,0,0,0,0,0,0,0,0,0,0
10052,1,1,1988,29,29,29,29,29,29,29,29,29,29
10053,1,1,1988,21,0,16,34,21,13,5,30,16,11
10054,0,1,1988,10,0,17,0,0,0,17,33,7,0
10054,1,1,1988,0,0,0,0,0,0,0,0,0,19
10055,1,1,1988,17,17,17,17,17,17,17,17,17,17
10056,1,1,1988,0,0,0,0,0,0,0,0,0,0
10057,1,1,1988,0,0,0,0,0,0,0,0,0,0
10057,2,1,1988,0,0,0,0,0,0,0,0,0,0
10058,1,1,1988,0,0,0,0,0,0,0,34,0,0
10058,2,1,1988,0,0,0,0,0,0,0,0,0,0
10059,1,1,1988,0,0,0,0,0,0,0,0,0,0
10059,2,1,1988,0,0,0,0,0,0,0,0,0,0
10060,1,1,1988,0,0,19,0,0,0,0,0,0,0
10060,2,1,1988,0,0,7,0,0,0,0,0,0,0
10061,1,1,1988,0,0,0,0,0,0,0,0,0,0
10061,2,1,1988,0,0,0,0,0,0,0,0,0,0
10062,1,1,1988,8,8,8,8,8,8,8,8,8,8
10062,2,1,1988,0,0,0,0,0,0,0,0,0,0
10063,1,1,1988,0,13,0,12,0,0,18,9,0,0
10064,1,1,1988,33,17,5,18,0,0,27,12,14,9
10065,2,1,1988,0,0,0,0,0,0,0,0,0,0
10066,0,1,1988,0,0,0,0,0,0,0,16,0,0
10066,1,1,1988,0,0,0,0,0,0,0,0,26,0
10067,1,1,1988,6,0,0,0,8,0,0,0,3,0
10068,1,1,1988,0,0,13,0,10,0,0,4,0,3
10069,1,1,1988,0,13,0,0,0,0,0,0,0,0
10070,1,1,1988,0,0,0,0,0,0,0,0,0,0
10071,1,1,1988,0,0,0,0,0,0,0,0,0,0
10071,2,1,1988,0,0,0,0,0,0,0,0,0,0
10072,1,1,1988,0,0,10,0,0,0,0,0,0,0
10073,0,1,1988,26,26,26,26,26,26,26,26,26,26
10073,1,1,1988,21,21,21,21,21,21,21,21,21,21
10074,1,1,1988,0,0,0,0,0,0,0,0,0,0
10074,2,1,1988,0,0,0,0,0,0,0,0,0,0
10075,0,1,1988,0,0,0,0,0,0,0,0,0,28
10075,1,1,1988,0,0,0,0,0,0,0,0,0,0
10076,1,1,1988,0,0,0,0,0,0,0,0,0,0
10076,2,1,1988,0,0,0,0,0,0,0,0,0,0
10077,1,1,1988,0,0,0,0,0,0,0,0,0,0
10077,2,1,1988,0,0,0,0,20,10,0,14,0,0
10078,1,1,1988,0,0,0,0,0,0,0,0,0,0
10078,2,1,1988,0,0,0,0,0,0,0,0,0,0
10079,1,1,1988,8,5,0,0,0,0,0,0,0,0
10079,2,1,1988,0,0,0,0,0,0,0,0,0,0
10080,1,1,1988,0,0,0,0,0,19,0,0,0,0
10080,2,1,1988,0,0,0,0,0,0,0,0,0,0
10081,1,1,1988,0,0,0,0,0,0,0,0,0,0
10082,1,1,1988,33,0,3,31,0,29,0,16,35,20
10083,1,1,1988,22,22,22,22,22,22,22,22,22,22
10084,1,1,1988,19,23,17,23,17,17,15,7,17,22
10085,1,1,1988,9,10,17,13,7,14,25,17,20,15
10086,1,1,1988,6,18,15,0,0,0,12,0,13,12
10086,2,1,1988,0,0,0,0,0,0,11,0,0,0
10086,3,1,1988,0,0,0,0,0,0,0,0,0,0
10087,1,1,1988,0,0,0,0,0,0,0,0,0,0
10087,2,1,1988,0,0,0,0,15,0,24,0,0,0
10088,0,1,1988,0,0,0,0,0,0,0,0,0,0
10088,1,1,1988,0,0,0,0,0,0,0,0,0,0
10089,1,1,1988,0,0,0,0,0,0,0,0,0,0
10089,2,1,1988,0,0,0,0,0,0,0,0,0,0
10090,0,1,1988,25,25,25,25,25,25,25,25,25,25
10090,1,1,1988,0,0,12,0,0,0,5,0,0,0
10091,1,1,1988,0,0,0,0,0,0,0,0,0,0
10092,1,1,1988,18,20,18,11,27,36,28,14,0,18
10094,1,1,1988,0,0,0,0,0,0,0,0,0,0
10094,2,1,1988,0,0,0,0,0,0,15,0,0,0
10095,1,1,1988,0,0,0,0,0,0,0,0,0,0
10096,1,1,1988,0,0,0,0,0,0,0,0,0,0
10096,2,1,1988,21,21,21,21,21,21,21,21,21,21
10097,1,1,1988,24,24,24,24,24,24,24,24,24,24
10098,1,1,1988,5,5,5,5,5,5,5,5,5,5
10099,1,1,1988,0,0,0,0,0,0,0,0,0,0
10099,2,1,1988,0,0,0,0,0,0,0,0,0,0
10099,3,1,1988,0,0,0,0,0,0,0,0,0,0
10100,1,1,1988,17,17,17,17,17,17,17,17,17,17
10100,2,1,1988,14,17,0,8,0,0,15,0,25,11
10101,1,1,1988,0,25,0,12,0,0,0,0,0,0
10102,1,1,1988,6,6,6,6,6,6,6,6,6,6
10103,1,1,1988,0,0,0,0,0,0,0,0,0,0
10103,2,1,1988,18,18,18,18,18,18,18,18,18,18
10103,3,1,1988,0,0,0,0,0,0,0,0,0,0
10104,1,1,1988,18,18,18,18,18,18,18,18,18,18
10104,2,1,1988,0,0,0,0,0,0,0,0,0,0
10105,1,1,1988,0,0,10,0,17,9,0,0,0,0
10105,2,1,1988,0,0,0,0,0,0,0,0,0,0
10106,1,1,1988,11,11,11,11,11,11,11,11,11,11
10106,2,1,1988,0,0,0,0,0,0,0,0,0,0
10107,1,1,1988,17,17,17,17,17,17,17,17,17,17
10107,2,1,1988,0,0,0,0,0,0,0,0,0,0
10108,1,1,1988,0,0,0,0,0,0,0,0,0,0
10108,2,1,1988,0,0,0,0,21,0,0,0,0,0
10109,0,1,1988,14,14,14,14,14,14,14,14,14,14
10109,1,1,1988,0,0,0,0,0,0,0,0,0,0
10110,0,1,1988,0,0,0,0,0,0,0,0,0,0
10111,1,1,1988,0,0,0,0,0,0,0,0,0,0
10111,2,1,1988,0,0,0,0,0,0,0,0,0,0
10112,1,1,1988,21,21,21,21,21,21,21,21,21,21
10112,2,1,1988,0,0,0,0,0,0,0,0,0,0
10112,3,1,1988,0,0,0,0,0,0,0,0,0,0
10113,1,1,1988,0,0,0,0,0,0,0,0,0,0
10113,2,1,1988,0,0,0,0,0,0,0,0,0,0
10114,1,1,1988,3,3,3,3,3,3,3,3,3,3
10115,0,1,1988,0,0,0,0,0,0,0,0,0,0
10115,1,1,1988,0,0,0,0,22,0,0,0,0,0
10116,1,1,1988,0,0,0,0,0,0,0,0,0,0
10116,2,1,1988,0,0,0,0,0,0,0,0,0,0
10117,1,1,1988,0,0,0,0,0,0,0,0,0,0
10117,2,1,1988,0,0,0,0,0,0,0,0,0,0
10117,3,1,1988,0,0,0,0,13,0,0,0,0,0
10118,1,1,1988,11,11,11,11,11,11,11,11,11,11
10119,1,1,1988,0,0,0,0,0,0,0,0,0,0
10120,1,1,1988,0,0,0,0,0,0,0,0,0,0
10120,2,1,1988,0,0,0,0,0,0,0,0,0,0
10121,0,1,1988,0,0,0,0,0,0,0,0,0,0
10121,1,1,1988,0,0,0,0,0,0,0,0,0,0
10122,1,1,1988,0,0,0,0,0,0,0,0,0,0
10123,0,1,1988,0,0,0,0,0,0,0,0,0,0
10123,1,1,1988,0,0,0,0,0,0,0,0,0,0
10124,1,1,1988,0,0,0,0,0,0,0,0,0,8
10124,2,1,1988,10,0,0,0,0,0,0,0,0,0
10125,1,1,1988,0,0,0,0,0,0,0,0,0,0
10126,1,1,1988,0,0,0,0,0,0,0,0,0,0
10126,2,1,1988,6,6,6,6,6,6,6,6,6,6
10127,1,1,1988,3,3,3,3,3,3,3,3,3,3
10128,1,1,1988,0,0,0,0,0,0,0,0,0,0
10129,1,1,1988,16,16,16,16,16,16,16,16,16,16
10130,1,1,1988,30,30,30,30,30,30,30,30,30,30
10131,1,1,1988,0,0,0,0,0,0,0,0,0,0
10131,2,1,1988,0,0,0,0,0,0,0,0,0,0
10132,1,1,1988,0,0,0,0,0,0,0,0,0,0
10132,2,1,1988,0,5,0,0,0,0,0,0,0,0
10133,1,1,1988,20,20,20,20,20,20,20,20,20,20
10134,0,1,1988,52,52,52,52,52,52,52,52,52,52
10134,1,1,1988,0,17,22,0,0,9,24,0,0,0
10135,0,1,1988,0,0,0,0,0,0,0,0,0,0
10135,1,1,1988,0,0,0,0,0,0,0,0,0,0
10136,1,1,1988,23,0,7,0,21,0,0,0,0,30
10136,2,1,1988,0,0,0,0,0,0,0,0,0,0
10137,1,1,1988,0,0,0,0,0,0,0,0,0,0
10137,2,1,1988,0,0,0,0,0,0,0,0,0,0
10138,1,1,1988,0,0,0,0,0,0,0,0,11,0
10139,1,1,1988,0,0,0,0,0,0,0,0,0,0
10139,2,1,1988,0,0,0,0,0,0,0,0,0,0
10140,1,1,1988,0,0,13,0,0,0,7,0,0,0
10140,2,1,1988,0,23,0,0,0,0,0,4,0,0
10141,1,1,1988,5,5,5,5,5,5,5,5,5,5
10142,1,1,1988,0,16,0,0,0,10,24,0,0,0
10142,2,1,1988,0,0,0,0,0,0,0,0,0,0
10143,1,1,1988,0,0,0,0,0,0,0,0,0,0
10144,1,1,1988,35,28,24,30,0,23,25,10,27,19
10145,1,1,1988,20,20,20,20,20,20,20,20,20,20
10145,2,1,1988,0,0,17,0,0,0,0,0,0,30
10146,1,1,1988,18,18,18,18,18,18,18,18,18,18
10146,2,1,1988,0,0,0,0,0,0,0,0,0,0
10147,1,1,1988,30,30,30,30,30,30,30,30,30,30
10148,1,1,1988,0,0,0,0,0,0,0,0,0,0
10148,2,1,1988,0,0,0,0,0,0,0,0,0,0
10148,3,1,1988,0,0,0,0,0,0,0,0,0,0
10149,1,1,1988,0,0,0,0,0,0,0,0,0,0
10149,2,1,1988,0,0,0,0,0,0,0,0,0,0
10150,1,1,1988,21,21,21,21,21,21,21,21,21,21
10151,1,1,1988,10,0,0,0,22,0,0,0,0,0
10152,0,1,1988,17,17,17,17,17,17,17,17,17,17
10152,1,1,1988,0,0,0,0,0,0,0,0,0,0
10153,1,1,1988,0,0,0,0,0,18,0,0,18,0
10153,2,1,1988,1,1,1,1,1,1,1,1,1,1
10154,1,1,1988,0,0,0,0,0,0,0,0,0,0
10155,1,1,1988,0,0,0,0,0,0,0,0,0,0
10155,2,1,1988,0,0,0,0,0,0,0,0,0,0
10156,1,1,1988,0,0,0,0,0,0,8,0,0,0
10156,2,1,1988,0,0,0,0,0,0,0,0,0,0
10157,0,1,1988,0,10,0,16,19,27,0,25,0,0
10157,1,1,1988,0,0,0,0,0,0,0,0,13,0
10158,0,1,1988,0,0,0,0,0,0,0,0,0,0
10158,1,1,1988,0,0,0,0,0,0,0,0,21,0
10159,1,1,1988,0,0,0,0,0,0,0,0,19,0
10159,2,1,1988,0,0,0,0,23,0,0,0,0,0
10160,0,1,1988,0,0,0,0,0,0,0,0,0,0
10160,1,1,1988,0,0,0,0,0,0,0,0,0,0
10161,1,1,1988,0,0,0,0,0,0,0,0,0,0
10162,1,1,1988,6,6,6,6,6,6,6,6,6,6
10163,1,1,1988,23,23,23,23,23,23,23,23,23,23
10164,1,1,1988,0,0,0,0,0,0,0,0,0,0
10164,2,1,1988,0,0,0,0,0,0,0,0,0,0
10165,1,1,1988,18,9,13,4,18,15,12,8,20,10
10165,2,1,1988,0,0,0,0,10,0,0,0,21,0
10166,1,1,1988,21,21,21,21,21,21,21,21,21,21
10167,1,1,1988,30,30,30,30,30,30,30,30,30,30
10168,1,1,1988,0,0,0,0,0,0,0,0,0,0
10168,2,1,1988,0,0,0,0,0,0,0,0,0,0
10169,1,1,1988,0,0,0,0,0,0,0,0,0,0
10169,2,1,1988,8,0,0,0,0,0,0,0,0,0
10169,3,1,1988,0,0,0,0,0,0,0,0,0,0
10170,1,1,1988,0,0,0,0,0,0,0,0,0,0
10170,2,1,1988,0,0,0,0,0,0,0,0,0,0
10171,1,1,1988,19,19,19,19,19,19,19,19,19,19
10171,2,1,1988,0,0,0,0,0,0,0,0,0,0
10172,1,1,1988,19,19,19,19,19,19,19,19,19,19
10173,0,1,1988,29,29,29,29,29,29,29,29,29,29
10173,1,1,1988,0,0,17,0,0,0,0,0,0,0
10174,2,1,1988,9,9,9,9,9,9,9,9,9,9
10175,1,1,1988,9,9,9,9,9,9,9,9,9,9
10176,1,1,1988,0,0,0,0,0,0,0,0,0,0
10176,2,1,1988,0,0,0,0,0,0,0,0,0,0
10177,1,1,1988,0,0,7,0,0,0,0,0,0,0
10177,2,1,1988,0,0,0,0,0,0,0,0,0,0
10178,1,1,1988,17,17,17,17,17,17,17,17,17,17
10178,2,1,1988,0,0,0,0,0,0,0,0,0,0
10179,1,1,1988,22,22,22,22,22,22,22,22,22,22
10180,1,1,1988,0,0,0,0,0,0,0,0,0,0
10180,2,1,1988,0,0,0,0,0,0,0,0,0,0
10180,3,1,1988,0,0,0,0,0,0,0,0,0,0
10181,1,1,1988,1,1,1,1,1,1,1,1,1,1
10181,2,1,1988,0,0,0,0,0,0,0,0,0,0
10182,1,1,1988,0,0,0,0,0,0,0,0,0,0
10182,2,1,1988,0,0,0,0,0,0,0,0,0,0
10183,1,1,1988,0,0,0,0,0,0,0,15,0,0
10183,2,1,1988,0,0,0,0,0,0,0,0,0,0
10184,1,1,1988,0,0,0,0,0,0,0,0,0,0
10185,1,1,1988,16,15,0,8,7,3,24,32,2,4
10185,2,1,1988,0,0,0,0,0,0,0,0,0,0
10186,1,1,1988,0,0,0,0,0,0,0,0,0,0
10187,1,1,1988,20,20,20,20,20,20,20,20,20,20
10188,1,1,1988,0,0,0,0,0,0,0,0,0,0
10189,1,1,1988,0,0,0,0,0,0,0,15,0,0
10189,2,1,1988,0,0,0,0,0,0,0,0,0,0
10189,3,1,1988,21,0,0,0,0,0,0,0,0,0
10189,4,1,1988,0,0,0,0,0,0,0,0,0,0
10190,1,1,1988,0,0,0,0,0,0,0,0,0,0
10190,2,1,1988,0,0,0,0,0,0,0,0,0,0
10191,0,1,1988,0,0,0,0,0,0,0,0,0,0
10191,1,1,1988,0,0,0,0,0,0,0,0,0,0
10192,1,1,1988,16,16,16,16,16,16,16,16,16,16
10193,1,1,1988,0,0,0,0,0,0,0,0,0,0
10193,2,1,1988,0,0,0,0,0,0,0,0,0,0
10194,1,1,1988,10,0,0,0,7,0,13,0,18,0
10195,1,1,1988,15,15,15,15,15,15,15,15,15,15
10195,2,1,1988,0,0,0,0,0,0,0,0,0,0
10196,0,1,1988,0,0,0,0,0,0,0,0,0,0
10196,1,1,1988,0,0,0,0,0,0,0,0,0,0
10197,1,1,1988,23,23,23,23,23,23,23,23,23,23
10197,2,1,1988,0,4,0,0,0,0,27,0,0,0
10198,1,1,1988,0,0,0,0,0,0,0,0,0,0
10199,1,1,1988,4,24,17,13,0,29,28,13,15,3
10200,1,1,1988,25,25,25,25,25,25,25,25,25,25
10201,1,1,1988,0,0,0,0,0,0,0,0,0,0
10201,2,1,1988,0,0,0,0,0,0,0,0,0,0
10202,0,1,1988,0,0,0,0,0,0,0,0,0,0
10202,1,1,1988,0,0,0,0,0,0,0,0,0,0
10203,0,1,1988,0,0,0,0,0,0,0,0,0,0
10203,1,1,1988,22,22,22,22,22,22,22,22,22,22
10204,1,1,1988,11,7,11,22,15,20,34,17,11,11
10205,1,1,1988,17,17,17,17,17,17,17,17,17,17
10206,1,1,1988,0,0,0,0,0,0,0,0,0,0
10206,2,1,1988,0,0,0,0,0,0,0,0,0,0
10207,1,1,1988,19,19,19,19,19,19,19,19,19,19
10208,1,1,1988,3,3,3,3,3,3,3,3,3,3
10209,1,1,1988,12,12,12,12,12,12,12,12,12,12
10210,1,1,1988,17,31,17,25,9,31,20,43,21,33
10211,0,1,1988,0,0,0,0,0,0,0,0,0,0
10211,1,1,1988,0,0,0,0,26,0,0,0,0,0
10212,1,1,1988,3,3,3,3,3,3,3,3,3,3
10213,1,1,1988,17,17,17,17,17,17,17,17,17,17
10214,1,1,1988,0,0,0,0,0,0,0,0,0,0
10214,2,1,1988,0,0,0,0,0,0,9,0,0,0
10215,1,1,1988,8,8,8,8,8,8,8,8,8,8
10216,1,1,1988,0,0,0,0,0,0,0,0,0,0
10217,1,1,1988,0,0,0,0,0,0,0,0,0,0
10217,2,1,1988,0,0,0,0,0,0,0,0,0,0
10218,1,1,1988,0,0,0,0,0,0,0,0,0,0
10218,2,1,1988,0,0,0,0,0,0,0,0,0,0
10219,1,1,1988,10,10,10,10,10,10,10,10,10,10
10220,1,1,1988,8,0,13,19,15,12,23,28,19,18
10221,1,1,1988,0,29,19,0,14,34,0,16,16,19
10222,1,1,1988,18,18,18,18,18,18,18,18,18,18
10223,1,1,1988,22,22,22,22,22,22,22,22,22,22
10223,2,1,1988,24,0,24,7,24,0,17,26,0,0
10224,0,1,1988,0,0,0,0,0,0,0,0,0,0
10224,1,1,1988,29,29,29,29,29,29,29,29,29,29
10225,1,1,1988,31,31,31,31,31,31,31,31,31,31
10226,1,1,1988,18,18,18,18,18,18,18,18,18,18
10226,2,1,1988,0,0,24,0,0,8,0,0,0,0
10227,1,1,1988,0,0,10,0,0,0,0,0,0,0
10228,1,1,1988,0,0,0,0,0,0,0,0,0,0
10229,1,1,1988,0,11,0,15,10,0,20,0,27,14
10230,1,1,1988,13,13,13,13,13,13,13,13,13,13
10231,1,1,1988,10,10,10,10,10,10,10,10,10,10
10232,1,1,1988,0,0,0,0,0,0,0,0,0,0
10232,2,1,1988,0,0,0,0,0,0,0,0,0,0
10233,1,1,1988,0,0,0,0,0,0,0,0,0,0
10233,2,1,1988,0,0,0,0,0,0,0,0,0,0
10234,0,1,1988,0,0,0,0,0,0,0,4,0,0
10234,1,1,1988,0,0,0,20,0,0,0,0,0,0
10235,1,1,1988,38,0,0,0,0,0,0,0,0,0
10235,2,1,1988,23,23,23,23,23,23,23,23,23,23
10236,1,1,1988,0,0,0,0,0,0,0,12,0,0
10236,2,1,1988,0,0,22,0,0,0,0,0,0,0
10237,1,1,1988,0,0,0,0,0,0,0,0,0,0
10237,2,1,1988,0,0,0,0,0,0,0,0,0,0
10238,0,1,1988,0,0,0,0,0,0,0,0,0,0
10238,1,1,1988,0,0,0,0,0,0,0,0,0,0
10239,1,1,1988,7,7,7,7,7,7,7,7,7,7
10239,2,1,1988,0,0,0,0,0,0,0,0,0,0
10240,1,1,1988,0,0,21,0,19,0,7,0,0,0
10240,2,1,1988,17,17,17,17,17,17,17,17,17,17
10241,1,1,1988,7,7,7,7,7,7,7,7,7,7
10241,2,1,1988,15,9,10,12,12,10,32,7,14,22
10242,1,1,1988,0,0,0,0,0,0,0,0,0,0
10243,1,1,1988,7,7,7,7,7,7,7,7,7,7
10244,1,1,1988,8,8,8,8,8,8,8,8,8,8
10244,2,1,1988,0,0,0,0,0,0,0,0,0,0
10245,0,1,1988,33,33,33,33,33,33,33,33,33,33
10245,1,1,1988,0,0,0,0,0,0,0,0,0,0
10246,1,1,1988,0,0,0,0,0,0,0,0,0,0
10246,2,1,1988,0,0,0,0,0,0,0,0,0,0
10247,1,1,1988,9,9,9,9,9,9,9,9,9,9
10248,1,1,1988,0,27,25,31,21,0,7,22,22,29
10249,0,1,1988,0,0,0,0,0,0,0,0,0,0
10249,1,1,1988,0,0,0,0,0,0,0,0,0,0
10250,1,1,1988,0,0,0,0,0,0,0,0,0,0
10251,1,1,1988,0,0,0,0,0,0,0,0,0,0
10251,2,1,1988,20,20,20,20,20,20,20,20,20,20
10252,1,1,1988,31,31,31,31,31,31,31,31,31,31
10253,1,1,1988,0,0,0,0,0,0,0,0,0,0
10254,0,1,1988,20,0,0,30,0,0,0,0,0,13
10254,1,1,1988,0,0,0,0,0,0,0,0,0,0
10255,1,1,1988,0,17,0,0,0,0,0,23,17,0
10256,1,1,1988,0,6,0,0,0,0,0,0,0,0
10256,2,1,1988,0,0,0,0,0,0,0,0,0,0
10257,1,1,1988,0,0,0,0,0,0,0,0,0,0
10257,2,1,1988,0,0,0,0,0,0,0,0,0,0
10258,1,1,1988,21,21,21,21,21,21,21,21,21,21
10259,1,1,1988,0,0,7,0,0,0,0,0,0,0
10259,2,1,1988,0,0,0,0,0,0,0,0,0,0
10260,1,1,1988,0,0,0,0,0,0,0,0,0,0
10261,1,1,1988,0,0,0,0,0,0,35,0,0,0
10261,2,1,1988,0,0,0,0,0,0,0,0,0,0
10262,1,1,1988,26,26,26,26,26,26,26,26,26,26
10263,1,1,1988,0,0,0,0,0,0,0,36,0,0
10264,1,1,1988,6,6,6,6,6,6,6,6,6,6
10264,2,1,1988,0,7,0,0,0,4,0,0,0,0
10265,1,1,1988,25,25,25,25,25,25,25,25,25,25
10266,1,1,1988,23,23,23,23,23,23,23,23,23,23
10267,1,1,1988,2,0,15,10,26,5,6,10,13,17
10267,2,1,1988,0,0,0,0,0,0,0,0,0,0
10268,1,1,1988,17,17,17,17,17,17,17,17,17,17
10269,1,1,1988,13,15,6,7,8,17,15,9,0,24
10270,1,1,1988,22,16,0,0,13,32,7,19,5,19
10271,1,1,1988,14,0,30,0,0,23,0,0,14,0
10271,2,1,1988,0,0,0,0,0,0,0,0,0,0
10271,3,1,1988,0,0,0,0,0,0,0,11,0,0
10272,0,1,1988,0,0,0,0,0,0,0,0,0,0
10272,1,1,1988,0,0,0,0,0,0,0,0,0,0
10273,1,1,1988,0,0,0,0,0,0,0,0,0,0
10273,2,1,1988,24,24,24,24,24,24,24,24,24,24
10274,0,1,1988,0,0,0,0,0,0,0,0,0,0
10274,1,1,1988,0,0,0,0,0,0,0,0,0,0
10275,1,1,1988,10,10,10,10,10,10,10,10,10,10
10275,2,1,1988,0,0,0,0,0,0,0,0,0,0
10276,1,1,1988,0,0,0,0,0,0,0,0,0,0
10277,1,1,1988,28,29,5,15,13,17,11,12,10,12
10277,2,1,1988,0,0,0,0,0,0,0,0,0,0
10277,3,1,1988,0,0,0,25,0,0,9,0,0,0
10278,1,1,1988,19,19,19,19,19,19,19,19,19,19
10279,0,1,1988,0,0,0,0,0,0,0,21,0,0
10279,1,1,1988,0,0,0,0,0,0,0,0,0,0
10280,0,1,1988,19,19,19,19,19,19,19,19,19,19
10280,1,1,1988,0,10,4,4,9,0,25,20,2,7
10281,0,1,1988,0,0,0,0,0,0,0,0,0,0
10281,1,1,1988,2,2,2,2,2,2,2,2,2,2
10281,2,1,1988,0,0,0,0,0,0,0,0,0,0
10282,1,1,1988,0,0,0,0,0,0,0,0,0,0
10282,2,1,1988,0,0,0,0,0,0,0,0,0,0
10283,1,1,1988,0,0,0,0,0,0,0,0,0,0
10283,2,1,1988,0,0,0,0,0,0,0,0,0,0
10284,1,1,1988,0,0,0,0,0,0,0,0,0,0
10285,0,1,1988,11,11,11,11,11,11,11,11,11,11
10285,1,1,1988,5,15,13,10,16,15,9,0,3,4
10286,1,1,1988,15,15,15,15,15,15,15,15,15,15
10286,2,1,1988,0,0,0,0,0,0,0,0,0,0
10287,1,1,1988,0,0,0,0,0,0,0,0,0,0
10287,2,1,1988,0,0,0,0,3,0,0,0,0,0
10288,1,1,1988,15,15,15,15,15,15,15,15,15,15
10289,1,1,1988,16,16,16,16,16,16,16,16,16,16
10289,2,1,1988,0,0,0,0,0,0,0,0,0,0
10289,3,1,1988,0,0,0,0,0,0,0,0,0,0
10290,1,1,1988,3,3,3,3,3,3,3,3,3,3
10291,1,1,1988,0,0,0,0,14,0,0,0,0,0
10291,2,1,1988,0,0,0,0,0,0,0,0,0,0
10292,1,1,1988,22,22,22,22,22,22,22,22,22,22
10292,2,1,1988,0,20,0,0,0,0,0,0,0,5
10293,1,1,1988,0,0,19,0,0,0,0,0,0,0
10293,2,1,1988,0,0,0,0,0,0,0,0,0,0
10294,1,1,1988,22,22,22,22,22,22,22,22,22,22
10295,1,1,1988,0,0,0,0,0,0,0,0,0,0