ST_CASE,VEH_NO,PER_NO,YEAR,P1,P2,P3,P4,P5,P6,P7,P8,P9,P10
10605,2,1,1988,0,0,0,0,0,0,0,10,0,0
10606,1,1,1988,0,0,0,0,0,0,0,0,0,0
10607,1,1,1988,28,28,28,28,28,28,28,28,28,28
10608,0,1,1988,0,0,7,20,30,0,22,0,28,9
10608,1,1,1988,0,0,0,0,0,0,0,0,0,0
10609,1,1,1988,0,0,0,0,0,0,0,0,0,0
10610,1,1,1988,0,0,0,0,0,0,0,0,0,0
10610,2,1,1988,7,22,0,0,12,20,0,0,0,5
10611,1,1,1988,0,0,0,11,0,0,0,0,0,0
10611,2,1,1988,0,0,0,0,0,0,0,0,0,0
10612,1,1,1988,0,0,0,0,0,0,0,0,0,0
10612,2,1,1988,0,0,0,0,0,0,0,0,0,0
10612,3,1,1988,0,0,20,0,0,0,0,0,0,0
10613,1,1,1988,0,0,0,0,0,0,0,0,0,0
10614,2,1,1988,13,12,17,15,30,16,4,33,17,12
10615,1,1,1988,20,20,20,20,20,20,20,20,20,20
10616,1,1,1988,0,0,0,0,0,0,0,0,0,0
10616,2,1,1988,0,0,0,0,0,0,0,0,0,0
10617,1,1,1988,9,9,9,9,9,9,9,9,9,9
10618,1,1,1988,8,8,8,8,8,8,8,8,8,8
10619,1,1,1988,0,0,0,0,18,5,0,0,0,0
10620,1,1,1988,23,23,23,23,23,23,23,23,23,23
10621,0,1,1988,19,19,19,19,19,19,19,19,19,19
10621,1,1,1988,0,0,0,0,0,0,0,0,0,0
10622,1,1,1988,0,17,27,24,30,0,0,9,18,11
10622,2,1,1988,0,0,15,0,0,0,0,0,0,0
10623,1,1,1988,26,26,26,26,26,26,26,26,26,26
10624,1,1,1988,0,0,0,0,0,0,0,0,0,0
10624,2,1,1988,0,0,0,0,0,0,0,0,0,0
10625,1,1,1988,0,0,0,0,0,0,0,0,0,0
10625,2,1,1988,0,0,0,0,0,0,0,0,0,0
10625,3,1,1988,0,0,0,0,0,0,0,0,0,0
10626,1,1,1988,0,0,0,0,4,0,0,0,39,10
10626,2,1,1988,0,0,0,0,0,0,0,0,0,0
10627,1,1,1988,0,0,0,0,8,0,0,0,0,0
10627,2,1,1988,2,2,2,2,2,2,2,2,2,2
10628,1,1,1988,12,12,12,12,12,12,12,12,12,12
10629,1,1,1988,0,0,0,0,0,0,0,0,0,0
10629,2,1,1988,0,0,0,0,0,0,0,0,0,0
10630,1,1,1988,0,0,0,0,0,0,0,0,0,0
10630,2,1,1988,0,0,0,0,0,0,0,0,0,0
10630,3,1,1988,0,6,0,0,0,0,0,0,0,0
10631,1,1,1988,12,12,12,12,12,12,12,12,12,12
10632,1,1,1988,6,6,6,6,6,6,6,6,6,6
10632,2,1,1988,13,10,8,3,0,11,0,3,7,5
10633,1,1,1988,13,13,13,13,13,13,13,13,13,13
10634,1,1,1988,22,22,22,22,22,22,22,22,22,22
10635,1,1,1988,22,22,22,22,22,22,22,22,22,22
10636,1,1,1988,0,0,0,0,0,0,0,0,0,0
10637,1,1,1988,35,35,35,35,35,35,35,35,35,35
10637,2,1,1988,0,0,0,0,0,0,0,0,0,6
10638,1,1,1988,13,13,13,13,13,13,13,13,13,13
10638,2,1,1988,0,0,0,0,0,0,0,0,0,0
10639,1,1,1988,0,0,0,0,0,0,0,0,2,0
10639,2,1,1988,0,0,0,0,0,0,0,0,0,0
10639,3,1,1988,0,0,0,0,0,0,0,0,0,0
10640,0,1,1988,21,21,21,21,21,21,21,21,21,21
10640,2,1,1988,0,0,0,0,8,0,0,0,0,0
10641,1,1,1988,8,8,8,8,8,8,8,8,8,8
10641,2,1,1988,0,0,0,0,0,0,0,0,0,0
10642,1,1,1988,8,8,8,8,8,8,8,8,8,8
10644,1,1,1988,0,0,0,0,0,0,0,0,0,0
10644,2,1,1988,0,0,0,0,0,0,0,0,0,0
10645,1,1,1988,32,32,32,32,32,32,32,32,32,32
10645,2,1,1988,0,0,0,0,0,0,0,0,0,0
10646,1,1,1988,9,9,9,9,9,9,9,9,9,9
10647,1,1,1988,40,40,40,40,40,40,40,40,40,40
10648,1,1,1988,0,0,0,0,0,0,0,0,0,0
10649,1,1,1988,0,0,0,0,0,0,0,0,0,0
10650,1,1,1988,0,0,0,0,0,0,0,0,0,0
10650,2,1,1988,0,0,0,0,0,0,0,0,0,0
10651,1,1,1988,8,8,8,8,8,8,8,8,8,8
10651,2,1,1988,0,0,0,0,0,0,0,0,0,0
10652,1,1,1988,28,28,28,28,28,28,28,28,28,28
10653,1,1,1988,23,0,0,11,0,0,33,0,0,19
10653,2,1,1988,0,0,0,0,0,0,0,0,0,0
10654,0,1,1988,0,0,0,0,0,0,0,0,0,0
10654,0,2,1988,0,0,0,0,24,0,0,0,0,0
10654,0,3,1988,12,0,0,0,0,0,0,0,35,0
10654,0,4,1988,0,0,0,0,0,0,0,0,0,0
10654,0,5,1988,0,0,9,0,19,0,0,2,0,0
10654,1,1,1988,0,0,0,0,0,0,0,0,0,0
10655,1,1,1988,0,0,0,0,0,0,0,0,0,0
10655,2,1,1988,0,0,0,0,0,0,0,0,0,0
10656,1,1,1988,0,0,0,0,0,0,0,0,0,0
10656,2,1,1988,0,0,0,0,0,0,0,0,0,0
10657,1,1,1988,15,15,15,15,15,15,15,15,15,15
10658,1,1,1988,0,0,0,0,0,0,0,0,0,0
10658,2,1,1988,0,0,0,0,0,0,0,0,0,0
10659,1,1,1988,0,0,0,0,0,0,0,0,0,14
10659,2,1,1988,0,0,0,0,0,0,0,0,0,9
10660,1,1,1988,9,0,5,13,0,19,8,11,14,0
10660,2,1,1988,13,0,7,20,9,0,8,0,0,16
10661,1,1,1988,24,24,24,24,24,24,24,24,24,24
10661,2,1,1988,4,4,4,4,4,4,4,4,4,4
10662,1,1,1988,0,0,0,0,0,0,0,0,0,0
10662,2,1,1988,21,0,15,0,20,12,0,0,0,0
10663,1,1,1988,0,0,0,0,0,0,0,0,0,0
10663,2,1,1988,0,0,0,0,0,0,0,0,0,0
10664,1,1,1988,26,17,12,11,27,0,11,13,0,0
10664,2,1,1988,0,0,0,0,0,0,0,0,0,0
10665,1,1,1988,0,0,0,0,0,0,0,0,0,0
10665,2,1,1988,0,0,0,0,0,0,0,0,0,0
10667,1,1,1988,27,27,27,27,27,27,27,27,27,27
10668,1,1,1988,0,15,11,16,0,0,6,0,0,0
10669,1,1,1988,13,13,13,13,13,13,13,13,13,13
10670,0,1,1988,29,29,29,29,29,29,29,29,29,29
10670,1,1,1988,0,0,0,0,0,0,0,0,0,0
10670,2,1,1988,0,15,15,13,0,0,7,15,25,7
10671,0,1,1988,0,0,0,0,0,0,0,0,0,0
10671,0,2,1988,0,14,11,0,0,0,0,0,6,0
10671,1,1,1988,3,3,3,3,3,3,3,3,3,3
10672,1,1,1988,36,36,13,18,28,11,14,28,18,31
10673,1,1,1988,22,11,17,12,9,0,21,0,9,0
10674,1,1,1988,0,0,0,0,0,0,0,0,0,0
10675,1,1,1988,0,0,0,0,0,0,0,0,0,0
10675,2,1,1988,26,26,26,26,26,26,26,26,26,26
10675,3,1,1988,0,0,0,0,0,0,0,0,0,0
10676,1,1,1988,0,0,0,0,0,0,0,0,0,0
10677,1,1,1988,21,0,13,40,20,15,19,17,24,27
10678,1,1,1988,0,0,0,0,0,0,0,0,0,0
10679,1,1,1988,0,0,0,0,0,0,0,0,0,0
10679,2,1,1988,21,21,21,21,21,21,21,21,21,21
10680,1,1,1988,14,14,14,14,14,14,14,14,14,14
10681,1,1,1988,9,9,9,9,9,9,9,9,9,9
10681,2,1,1988,0,0,0,6,13,0,0,0,0,0
10682,1,1,1988,0,0,0,0,0,0,0,0,0,0
10682,2,1,1988,0,0,0,0,0,0,0,0,0,0
10683,1,1,1988,0,17,0,0,0,12,9,0,12,0
10684,1,1,1988,0,0,0,0,0,0,0,0,0,0
10684,2,1,1988,0,0,0,0,0,0,0,0,0,13
10685,1,1,1988,0,24,18,0,22,0,30,6,0,20
10685,2,1,1988,0,0,0,0,0,0,0,0,0,0
10685,3,1,1988,0,0,0,0,0,0,0,0,0,0
10685,4,1,1988,0,0,0,0,0,0,0,0,0,0
10686,1,1,1988,7,7,7,7,7,7,7,7,7,7
10687,0,1,1988,23,23,23,23,23,23,23,23,23,23
10687,1,1,1988,0,0,0,0,0,0,0,0,0,0
10688,1,1,1988,28,28,28,28,28,28,28,28,28,28
10689,1,1,1988,0,0,0,0,0,0,0,0,0,0
10690,1,1,1988,27,30,27,9,37,9,20,6,23,26
10691,1,1,1988,0,0,0,0,10,0,0,0,0,0
10692,1,1,1988,0,0,0,0,17,0,0,0,0,0
10692,2,1,1988,0,0,0,0,0,0,0,0,0,0
10693,1,1,1988,11,0,0,0,0,0,0,0,0,0
10694,0,1,1988,0,0,0,16,13,42,0,0,0,0
10694,1,1,1988,0,0,0,0,0,0,0,0,0,0
10695,1,1,1988,0,0,0,0,0,0,0,0,0,0
10696,1,1,1988,21,21,21,21,21,21,21,21,21,21
10697,1,1,1988,0,0,0,0,0,0,0,0,0,0
10697,2,1,1988,0,0,0,0,0,0,0,0,0,0
10698,1,1,1988,0,0,0,0,0,0,0,0,0,0
10698,2,1,1988,0,0,0,0,0,0,0,0,0,0
10699,1,1,1988,0,0,0,0,0,0,0,0,0,0
10700,1,1,1988,21,21,21,21,21,21,21,21,21,21
10701,1,1,1988,14,14,0,0,0,31,26,21,15,27
10702,1,1,1988,0,0,0,0,0,0,0,0,0,0
10702,2,1,1988,0,0,0,0,0,0,0,0,0,0
10703,1,1,1988,0,0,0,0,0,0,0,0,0,0
10703,2,1,1988,0,0,0,0,0,0,0,0,0,0
10704,1,1,1988,27,27,27,27,27,27,27,27,27,27
10705,1,1,1988,0,0,0,0,0,0,0,0,0,0
10705,2,1,1988,0,0,0,0,0,0,0,0,0,0
10706,1,1,1988,0,0,0,0,0,0,0,0,0,0
10706,2,1,1988,11,11,11,11,11,11,11,11,11,11
10707,1,1,1988,23,23,23,23,23,23,23,23,23,23
10707,2,1,1988,0,0,0,0,0,0,0,0,0,0
10708,1,1,1988,0,0,0,0,0,0,0,0,0,0
10708,2,1,1988,0,6,0,0,0,0,0,0,0,0
10709,1,1,1988,0,0,0,0,12,0,0,0,0,0
10709,2,1,1988,0,0,0,0,0,0,0,0,0,0
10710,1,1,1988,0,0,0,0,0,0,0,0,0,0
10711,1,1,1988,0,0,0,0,0,0,0,0,13,0
10711,2,1,1988,17,0,0,0,0,0,0,0,0,0
10712,1,1,1988,0,0,0,0,0,0,0,0,0,26
10712,2,1,1988,0,0,0,0,0,0,0,0,19,0
10713,1,1,1988,20,20,20,20,20,20,20,20,20,20
10714,0,1,1988,23,23,23,23,23,23,23,23,23,23
10714,1,1,1988,20,0,0,0,0,0,0,0,6,0
10715,1,1,1988,14,14,14,14,14,14,14,14,14,14
10716,1,1,1988,0,0,0,0,0,0,0,0,0,0
10716,2,1,1988,0,0,0,0,0,0,0,18,0,0
10717,1,1,1988,0,0,0,0,0,0,0,0,0,0
10718,1,1,1988,33,33,33,33,33,33,33,33,33,33
10719,1,1,1988,0,0,0,0,0,0,0,0,0,0
10719,2,1,1988,0,0,0,0,0,0,0,0,0,0
10720,1,1,1988,12,12,12,12,12,12,12,12,12,12
10721,1,1,1988,0,14,12,9,11,26,6,23,33,3
10722,0,1,1988,13,0,21,0,0,0,0,17,9,19
10722,1,1,1988,0,0,0,0,0,0,0,0,0,0
10723,1,1,1988,0,0,0,0,0,0,0,0,0,0
10723,2,1,1988,9,15,14,0,0,11,6,0,0,0
10724,1,1,1988,16,16,16,16,16,16,16,16,16,16
10725,1,1,1988,5,5,5,5,5,5,5,5,5,5
10726,0,1,1988,18,18,18,18,18,18,18,18,18,18
10726,1,1,1988,0,0,0,0,0,0,0,0,0,8
10727,1,1,1988,0,0,0,0,0,0,0,0,0,0
10727,2,1,1988,0,0,0,0,0,0,0,0,0,0
10728,1,1,1988,0,0,0,0,0,0,0,0,0,0
10728,2,1,1988,0,0,0,0,0,0,0,0,0,0
10729,1,1,1988,0,0,0,7,0,0,0,0,0,0
10729,2,1,1988,0,0,0,0,0,0,7,0,11,0
10730,1,1,1988,31,31,31,31,31,31,31,31,31,31
10730,2,1,1988,0,0,0,0,0,0,0,0,0,0
10730,3,1,1988,0,0,0,0,0,0,0,0,0,0
10731,1,1,1988,0,0,0,0,0,0,0,0,0,0
10732,1,1,1988,23,26,36,0,7,18,10,13,25,19
10733,1,1,1988,0,0,0,0,23,17,13,0,0,21
10734,1,1,1988,0,0,0,15,11,14,18,32,0,14
10735,1,1,1988,24,24,24,24,24,24,24,24,24,24
10735,2,1,1988,0,0,0,0,0,0,0,0,0,0
10736,1,1,1988,0,0,0,0,0,0,0,0,0,0
10736,2,1,1988,0,0,0,0,0,0,0,0,0,0
10737,1,1,1988,14,0,0,0,0,0,0,0,0,10
10738,1,1,1988,0,0,0,0,0,0,0,0,0,0
10738,2,1,1988,5,14,0,0,0,17,8,6,0,13
10739,0,1,1988,0,0,0,0,0,0,0,0,0,0
10739,1,1,1988,0,0,23,20,14,0,8,14,16,4
10740,1,1,1988,0,0,0,0,0,0,0,0,0,0
10740,2,1,1988,0,22,0,0,0,0,0,0,0,0
10741,1,1,1988,0,0,0,0,0,0,0,10,0,0
10741,2,1,1988,0,0,0,0,0,0,0,0,0,0
10742,0,1,1988,12,15,31,0,0,0,0,0,0,0
10742,1,1,1988,0,0,0,0,0,0,0,0,0,0
10743,0,1,1988,0,0,0,0,0,0,0,0,0,0
10743,1,1,1988,0,0,0,24,0,0,0,0,0,0
10744,1,1,1988,0,0,0,0,30,7,0,0,0,0
10744,2,1,1988,0,0,0,0,0,0,0,0,0,0
10745,1,1,1988,0,0,0,0,10,0,0,0,0,0
10745,2,1,1988,0,0,0,0,0,0,0,0,0,0
10746,1,1,1988,0,0,0,0,0,0,0,0,0,0
10746,2,1,1988,1,1,1,1,1,1,1,1,1,1
10747,1,1,1988,0,18,0,0,26,0,0,0,0,0
10748,1,1,1988,12,26,0,19,19,11,17,0,16,17
10749,1,1,1988,0,0,0,0,0,16,12,0,10,0
10750,1,1,1988,0,0,0,0,0,0,0,0,0,0
10750,2,1,1988,0,0,0,0,0,0,0,0,0,0
10751,1,1,1988,0,0,0,0,0,0,0,0,0,0
10751,2,1,1988,0,0,0,0,0,0,0,10,0,0
10752,1,1,1988,25,21,19,14,16,24,31,30,30,17
10753,1,1,1988,0,0,0,0,0,6,0,0,0,0
10754,1,1,1988,25,25,25,25,25,25,25,25,25,25
10755,1,1,1988,0,0,0,0,0,0,0,0,0,0
10756,1,1,1988,9,9,9,9,9,9,9,9,9,9
10756,2,1,1988,0,0,0,0,0,0,0,0,0,0
10757,1,1,1988,26,39,22,30,22,27,23,12,19,0
10758,1,1,1988,6,6,6,6,6,6,6,6,6,6
10759,1,1,1988,0,0,0,0,0,0,0,0,0,0
10759,2,1,1988,0,0,0,0,0,0,0,0,0,0
10760,1,1,1988,26,26,26,26,26,26,26,26,26,26
10761,1,1,1988,0,0,0,0,0,0,0,0,0,0
10761,2,1,1988,0,0,0,0,0,0,0,0,0,0
10761,3,1,1988,12,0,0,0,0,0,0,0,0,0
10762,1,1,1988,17,17,17,17,17,17,17,17,17,17
10763,1,1,1988,0,0,0,0,0,0,0,0,0,0
10763,2,1,1988,0,0,0,0,0,0,0,0,0,0
10764,1,1,1988,0,38,0,0,10,0,0,0,0,0
10765,1,1,1988,3,16,29,17,10,22,16,30,20,18
10765,2,1,1988,0,0,0,0,0,0,0,0,0,0
10766,1,1,1988,5,5,5,5,5,5,5,5,5,5
10766,2,1,1988,0,0,0,0,0,0,0,0,0,0
10767,1,1,1988,26,26,26,26,26,26,26,26,26,26
10767,2,1,1988,21,29,28,25,15,13,9,32,15,6
10767,3,1,1988,0,0,0,0,0,0,0,0,0,0
10768,1,1,1988,17,17,17,17,17,17,17,17,17,17
10768,2,1,1988,4,4,4,4,4,4,4,4,4,4
10768,3,1,1988,0,12,0,0,0,0,0,0,0,0
10769,1,1,1988,0,0,0,0,0,0,0,0,0,0
10769,2,1,1988,0,0,0,0,0,0,0,0,0,0
10770,1,1,1988,27,27,27,27,27,27,27,27,27,27
10770,2,1,1988,5,5,5,5,5,5,5,5,5,5
10771,1,1,1988,0,0,6,0,0,0,0,0,6,0
10772,1,1,1988,0,0,0,0,0,0,0,0,0,0
10772,2,1,1988,0,0,26,3,0,0,0,0,0,0
10773,1,1,1988,12,17,26,16,25,22,21,22,7,0
10774,1,1,1988,0,0,0,0,0,0,0,0,0,0
10775,1,1,1988,0,0,0,0,0,20,0,0,0,0
10776,1,1,1988,24,24,24,24,24,24,24,24,24,24
10777,0,1,1988,0,0,0,0,0,0,0,0,0,0
10777,0,2,1988,13,0,0,0,4,0,0,0,0,48
10777,1,1,1988,0,0,0,0,0,0,0,7,0,0
10777,2,1,1988,0,0,0,0,0,0,0,0,0,0
10778,1,1,1988,6,6,6,6,6,6,6,6,6,6
10778,2,1,1988,0,0,0,0,0,0,0,0,0,0
10779,1,1,1988,0,0,0,15,0,0,0,0,0,0
10779,2,1,1988,0,0,0,0,0,0,0,0,0,0
10780,1,1,1988,0,0,0,0,0,0,0,0,0,0
10780,2,1,1988,0,0,0,0,0,0,0,0,0,0
10781,1,1,1988,0,0,0,0,0,0,0,0,0,0
10782,1,1,1988,22,22,22,22,22,22,22,22,22,22
10783,1,1,1988,0,0,0,0,0,0,0,0,0,0
10783,2,1,1988,0,0,0,0,0,0,0,0,0,0
10784,0,1,1988,0,0,0,0,0,0,0,0,0,0
10784,1,1,1988,0,0,0,0,0,0,0,0,0,0
10785,1,1,1988,0,0,0,0,0,0,0,0,0,0
10785,2,1,1988,0,0,11,0,13,0,0,0,0,0
10786,1,1,1988,0,0,0,0,0,0,0,0,0,0
10786,2,1,1988,0,0,0,0,0,0,0,0,0,0
10787,1,1,1988,15,15,15,15,15,15,15,15,15,15
10787,2,1,1988,0,0,0,0,0,0,0,0,0,0
10787,3,1,1988,0,0,0,0,0,0,0,0,0,0
10788,1,1,1988,0,0,0,0,0,0,0,0,0,0
10788,2,1,1988,0,0,0,0,3,0,0,0,0,0
10789,1,1,1988,11,5,12,6,17,5,27,9,28,16
10790,1,1,1988,15,18,4,9,27,21,14,18,2,29
10791,1,1,1988,0,0,0,0,0,0,0,0,0,0
10792,0,1,1988,22,22,22,22,22,22,22,22,22,22
10792,1,1,1988,0,0,0,0,0,0,0,0,0,0
10793,1,1,1988,0,0,0,0,0,0,0,0,0,0
10793,2,1,1988,0,0,0,0,0,0,0,0,0,0
10794,1,1,1988,25,6,18,26,24,8,36,8,10,10
10795,1,1,1988,0,0,0,0,0,0,0,0,0,0
10795,2,1,1988,13,13,13,13,13,13,13,13,13,13
10796,0,1,1988,0,0,0,0,0,0,0,0,0,0
10796,1,1,1988,0,30,0,0,0,0,0,0,0,0
10797,1,1,1988,26,26,26,26,26,26,26,26,26,26
10798,1,1,1988,13,16,9,8,0,0,0,5,0,0
10799,0,1,1988,43,43,43,43,43,43,43,43,43,43
10799,1,1,1988,0,0,0,0,0,0,0,0,0,0
10801,0,1,1988,0,11,0,10,15,0,0,0,0,0
10801,1,1,1988,8,18,9,0,8,0,5,0,3,0
10802,1,1,1988,0,13,0,0,0,0,0,0,0,0
10802,2,1,1988,8,10,0,0,0,0,0,13,16,0
10803,1,1,1988,0,0,0,0,0,0,0,0,0,0
10803,2,1,1988,0,0,0,0,0,0,0,0,0,0
10804,1,1,1988,23,23,23,23,23,23,23,23,23,23
10805,1,1,1988,22,22,22,22,22,22,22,22,22,22
10806,1,1,1988,0,0,0,0,15,0,0,0,0,0
10807,1,1,1988,0,0,13,0,0,0,0,0,0,0
10807,2,1,1988,0,0,0,0,0,0,0,0,0,0
10808,1,1,1988,0,0,0,0,0,0,0,0,0,0
10808,2,1,1988,0,0,0,0,6,0,0,0,0,0
10809,1,1,1988,15,15,15,15,15,15,15,15,15,15
10810,1,1,1988,0,0,0,0,0,0,0,0,0,0
10811,1,1,1988,0,0,0,0,0,0,0,0,0,0
10812,1,1,1988,13,13,13,13,13,13,13,13,13,13
10813,0,1,1988,0,0,0,0,0,0,0,0,0,0
10813,1,1,1988,0,0,0,0,0,0,0,0,0,0
10814,1,1,1988,0,0,0,0,0,0,0,0,0,0
10815,1,1,1988,0,0,0,0,0,0,0,0,0,0
10815,2,1,1988,15,15,15,15,15,15,15,15,15,15
10816,1,1,1988,0,0,0,0,0,0,0,0,22,0
10817,1,1,1988,0,0,0,3,0,0,0,0,0,0
10817,2,1,1988,0,0,0,0,0,0,0,0,0,0
10818,1,1,1988,0,20,12,17,24,34,31,15,33,13
10819,1,1,1988,0,7,0,0,0,0,0,0,0,0
10819,2,1,1988,0,0,0,0,0,0,0,0,0,0
10820,1,1,1988,0,0,0,0,0,0,0,0,0,0
10820,2,1,1988,0,0,0,0,0,0,0,0,0,0
10821,1,1,1988,0,0,0,0,0,0,0,0,0,0
10821,2,1,1988,3,3,3,3,3,3,3,3,3,3
10822,1,1,1988,13,13,13,13,13,13,13,13,13,13
10823,1,1,1988,0,0,0,0,0,0,0,0,0,0
10823,2,1,1988,0,9,0,0,0,0,0,0,0,0
10823,3,1,1988,0,0,0,0,0,0,0,0,0,0
10824,1,1,1988,0,0,0,0,0,0,0,0,0,0
10824,2,1,1988,0,0,0,0,0,0,0,0,30,0
10824,3,1,1988,0,0,0,0,0,0,0,0,0,0
10825,1,1,1988,14,14,14,14,14,14,14,14,14,14
10826,1,1,1988,0,0,0,0,0,6,0,0,0,0
10826,2,1,1988,0,0,0,0,0,0,0,0,0,0
10827,1,1,1988,1,1,1,1,1,1,1,1,1,1
10827,2,1,1988,1,1,1,1,1,1,1,1,1,1
10829,0,1,1988,0,0,0,0,0,0,0,0,0,0
10829,1,1,1988,0,0,0,0,0,0,0,0,0,0
10830,1,1,1988,0,0,0,0,0,0,0,0,0,0
10830,2,1,1988,0,0,0,0,0,0,0,0,0,0
10831,1,1,1988,26,26,26,26,26,26,26,26,26,26
10832,1,1,1988,25,25,25,25,25,25,25,25,25,25
10833,1,1,1988,28,28,28,28,28,28,28,28,28,28
10833,2,1,1988,0,0,0,0,0,0,0,0,0,0
10834,1,1,1988,0,0,0,0,0,0,0,0,0,0
10835,1,1,1988,22,22,22,22,22,22,22,22,22,22
10835,2,1,1988,0,0,0,0,0,0,0,0,0,0
10836,1,1,1988,0,0,0,0,0,0,0,0,0,0
10836,2,1,1988,0,0,20,0,0,0,0,0,0,0
10837,1,1,1988,18,18,18,18,18,18,18,18,18,18
10838,0,1,1988,0,0,0,0,0,0,0,0,0,0
10839,1,1,1988,0,15,0,0,26,0,0,16,0,0
10840,1,1,1988,0,0,0,0,0,0,0,0,0,0
10841,1,1,1988,17,17,17,17,17,17,17,17,17,17
10842,0,1,1988,0,0,0,0,0,0,0,0,0,0
10842,1,1,1988,0,0,0,0,0,0,0,0,0,0
10843,1,1,1988,20,20,20,20,20,20,20,20,20,20
10844,1,1,1988,0,0,0,0,0,0,0,0,0,0
10844,2,1,1988,27,0,0,0,0,0,0,0,0,0
10845,1,1,1988,0,0,0,0,0,0,0,0,0,0
10846,1,1,1988,24,24,24,24,24,24,24,24,24,24
10846,2,1,1988,0,0,0,0,0,0,0,0,0,0
10847,1,1,1988,3,0,2,12,7,5,0,0,3,17
10847,2,1,1988,0,0,0,0,0,0,0,0,0,0
10848,1,1,1988,16,16,16,16,16,16,16,16,16,16
10849,1,1,1988,0,0,0,0,0,0,0,0,0,0
10850,1,1,1988,24,24,24,24,24,24,24,24,24,24
10851,1,1,1988,22,22,22,22,22,22,22,22,22,22
10852,1,1,1988,0,0,0,0,0,0,0,0,0,0
10853,0,1,1988,0,0,0,0,0,0,0,0,0,0
10853,1,1,1988,0,0,0,0,0,0,0,0,0,0
10854,1,1,1988,21,34,27,20,19,8,31,24,18,17
10855,1,1,1988,0,0,0,0,0,13,0,0,0,37
10856,1,1,1988,0,0,0,0,0,0,0,0,0,0
10857,1,1,1988,15,15,15,15,15,15,15,15,15,15
10858,1,1,1988,0,0,0,0,0,0,0,0,0,0
10858,2,1,1988,4,4,4,4,4,4,4,4,4,4
10859,1,1,1988,0,0,0,0,0,0,8,0,9,0
10859,2,1,1988,0,0,0,0,16,0,0,0,0,6
10860,1,1,1988,0,0,0,0,0,0,0,0,0,0
10860,2,1,1988,0,0,0,0,0,0,0,0,0,0
10861,1,1,1988,0,21,17,0,18,9,0,0,0,19
10861,2,1,1988,0,0,0,0,0,0,22,0,0,0
10862,1,1,1988,27,27,27,27,27,27,27,27,27,27
10862,2,1,1988,0,0,0,0,0,0,0,0,0,0
10863,1,1,1988,0,0,0,0,0,0,0,0,0,0
10863,2,3,1988,0,0,0,0,0,0,0,0,0,0
10864,1,1,1988,0,0,0,0,0,0,0,0,0,0
10864,2,1,1988,0,0,0,0,0,0,0,0,0,0
10865,1,1,1988,10,10,10,10,10,10,10,10,10,10
10866,1,1,1988,20,20,20,20,20,20,20,20,20,20
10866,2,1,1988,0,0,0,0,0,0,0,0,0,0
10867,1,1,1988,0,0,0,0,0,0,0,6,0,0
10868,1,1,1988,0,0,0,0,0,0,0,0,0,0
10868,2,1,1988,16,16,16,16,16,16,16,16,16,16
10869,1,1,1988,0,0,0,0,0,0,0,0,0,0
10869,2,1,1988,0,0,0,0,0,0,0,0,0,23
10870,1,1,1988,24,17,6,2,2,9,8,10,28,20
10870,2,1,1988,0,0,0,0,0,0,0,0,0,0
10871,1,1,1988,0,16,0,0,19,32,21,0,9,0
10872,1,1,1988,3,3,3,3,3,3,3,3,3,3
10873,1,1,1988,17,0,0,0,0,3,0,0,0,19
10874,1,1,1988,0,0,0,0,0,0,0,0,0,0
10875,0,1,1988,0,0,0,0,0,0,0,0,0,0
10875,1,1,1988,12,12,12,12,12,12,12,12,12,12
10876,1,1,1988,0,0,0,0,0,0,0,0,0,0
10876,2,1,1988,0,0,0,0,0,0,0,0,0,0
10877,1,1,1988,0,0,0,0,0,8,0,0,0,0
10877,2,1,1988,0,0,0,0,0,0,0,0,0,0
10878,1,1,1988,17,17,17,17,17,17,17,17,17,17
10878,2,1,1988,15,15,15,15,15,15,15,15,15,15
10879,0,1,1988,21,21,21,21,21,21,21,21,21,21
10879,1,1,1988,0,0,0,0,0,0,5,0,0,0
10879,2,1,1988,0,0,0,18,0,0,0,0,0,0
10880,0,1,1988,0,0,0,0,0,0,0,0,0,0
10880,0,2,1988,0,0,0,0,0,0,0,0,0,0
10880,1,1,1988,0,0,0,16,0,0,0,0,0,0
10881,1,1,1988,0,0,0,0,0,0,0,0,0,0
10882,1,1,1988,0,0,0,0,0,0,0,0,0,0
10883,0,1,1988,32,32,32,32,32,32,32,32,32,32
10883,1,1,1988,0,0,0,0,3,0,0,0,0,0
10884,1,1,1988,8,15,24,12,6,8,4,0,8,10
10885,1,1,1988,0,0,0,0,0,0,0,0,0,0
10885,2,1,1988,0,0,0,0,0,0,0,0,0,0
10886,1,1,1988,0,0,0,0,0,0,0,0,0,0
10886,2,1,1988,0,0,0,0,0,16,0,0,0,0
10886,3,1,1988,0,0,0,0,0,0,0,0,0,0
10886,4,1,1988,0,0,0,0,0,0,0,0,0,0
10887,1,1,1988,20,20,20,20,20,20,20,20,20,20
10888,1,1,1988,0,0,0,0,0,0,0,0,0,0
10888,2,1,1988,0,0,0,0,0,0,0,0,0,0
10889,1,1,1988,14,14,14,14,14,14,14,14,14,14
10890,1,1,1988,30,20,16,20,0,32,20,0,0,0
10890,2,1,1988,0,0,0,0,0,0,0,0,0,0
10891,1,1,1988,10,10,10,10,10,10,10,10,10,10
10892,1,1,1988,9,16,15,36,6,0,19,0,14,10
10893,1,1,1988,0,0,0,0,0,0,0,0,0,0
10893,2,1,1988,0,0,0,0,0,0,0,0,0,0
10894,1,1,1988,20,20,20,20,20,20,20,20,20,20
10895,0,1,1988,0,28,20,0,20,0,29,0,0,0
10895,1,1,1988,0,0,0,0,0,6,4,0,0,0
10896,1,1,1988,6,8,16,23,29,5,18,3,7,22
10897,1,1,1988,0,0,0,0,0,0,0,0,0,0
10897,2,1,1988,10,14,18,18,30,10,14,16,11,12
10898,1,1,1988,27,27,27,27,27,27,27,27,27,27
10899,1,1,1988,0,0,0,0,0,0,0,0,0,0
10899,2,1,1988,0,0,0,0,0,0,0,0,0,0
10900,1,1,1988,22,0,0,12,0,0,0,0,0,0
10901,1,1,1988,0,0,0,25,18,0,0,23,7,0