ST_CASE,VEH_NO,PER_NO,YEAR,P1,P2,P3,P4,P5,P6,P7,P8,P9,P10
10902,1,1,1988,0,0,0,0,0,0,0,0,0,0
10902,2,1,1988,0,0,0,0,0,0,0,0,0,0
10903,1,1,1988,19,19,19,19,19,19,19,19,19,19
10904,1,1,1988,0,0,0,0,0,0,0,0,0,0
10904,2,1,1988,24,24,24,24,24,24,24,24,24,24
10905,1,1,1988,0,0,0,0,0,0,0,0,0,0
10905,2,1,1988,0,0,0,0,0,0,0,0,0,0
10905,3,1,1988,0,0,0,0,0,0,0,0,0,0
10906,0,1,1988,0,0,0,0,0,0,0,0,0,0
10906,1,1,1988,0,0,0,0,23,0,0,0,0,5
10907,1,1,1988,0,0,0,0,0,0,0,0,0,0
10907,2,1,1988,0,0,0,0,0,0,0,0,0,0
10908,0,1,1988,20,20,20,20,20,20,20,20,20,20
10908,1,1,1988,0,0,0,0,0,0,0,0,0,0
10909,1,1,1988,14,14,14,14,14,14,14,14,14,14
10910,1,1,1988,27,27,27,27,27,27,27,27,27,27
10910,2,1,1988,0,0,0,0,0,0,0,0,0,0
10911,1,1,1988,9,9,11,0,0,10,19,29,8,0
10912,1,1,1988,0,0,0,0,0,0,27,0,0,0
10913,1,1,1988,23,23,23,23,23,23,23,23,23,23
10914,1,1,1988,16,16,16,16,16,16,16,16,16,16
10915,1,1,1988,0,0,0,0,0,0,0,0,0,0
10916,1,1,1988,24,24,24,24,24,24,24,24,24,24
10916,2,1,1988,0,0,0,0,0,0,0,0,0,0
10917,1,1,1988,0,0,0,5,0,0,0,0,0,0
10917,2,1,1988,0,0,0,0,0,23,0,0,0,0
10918,1,1,1988,0,0,0,0,0,0,0,0,0,0
10918,2,1,1988,0,0,0,0,0,7,0,0,0,0
10919,0,1,1988,0,0,8,0,24,0,0,16,0,0
10919,1,1,1988,0,9,11,0,0,0,0,2,29,16
10919,2,1,1988,17,30,0,0,0,0,9,0,0,0
10920,1,1,1988,0,0,0,0,0,0,0,0,0,0
10921,0,1,1988,0,0,0,0,0,0,0,0,0,0
10921,1,1,1988,0,0,0,16,25,0,10,9,0,0
10922,1,1,1988,13,16,13,21,0,21,15,20,53,29
10923,1,1,1988,0,0,0,0,0,0,0,0,0,0
10923,2,1,1988,24,29,0,0,37,0,0,0,28,0
10924,1,1,1988,13,13,13,13,13,13,13,13,13,13
10925,1,1,1988,23,21,12,33,26,38,22,12,30,23
10926,0,1,1988,0,0,0,0,0,0,0,0,17,0
10926,1,1,1988,0,0,0,0,0,0,0,0,0,0
10927,1,1,1988,15,15,15,15,15,15,15,15,15,15
10928,0,1,1988,0,0,16,0,0,0,0,0,0,0
10928,1,1,1988,0,0,0,0,0,0,0,0,0,0
10929,0,1,1988,5,0,22,0,37,0,0,0,0,5
10929,1,1,1988,0,0,0,0,0,0,0,0,0,0
10930,0,1,1988,0,0,0,0,12,0,0,0,0,0
10930,1,1,1988,0,0,0,0,0,0,0,0,0,0
10931,0,1,1988,0,0,0,0,0,0,0,0,25,0
10931,1,1,1988,0,0,0,0,0,0,0,0,0,0
10932,1,1,1988,22,27,33,20,32,11,21,19,15,18
10935,1,1,1988,0,0,0,0,0,0,0,0,0,0
10935,2,1,1988,0,0,0,0,0,0,0,0,0,0
20001,0,1,1988,9,12,12,19,27,0,17,26,9,4
20001,1,1,1988,10,10,10,10,10,10,10,10,10,10
20002,1,1,1988,4,4,4,4,4,4,4,4,4,4
20002,2,1,1988,0,0,0,0,0,0,0,0,0,0
20003,1,1,1988,0,0,0,0,0,0,0,0,0,0
20003,2,1,1988,0,0,0,0,0,0,0,0,0,0
20004,1,1,1988,0,0,0,0,0,0,0,0,0,0
20004,2,1,1988,0,0,0,0,0,0,0,0,0,0
20005,1,1,1988,22,22,22,22,22,22,22,22,22,22
20005,2,1,1988,0,0,0,0,0,0,0,0,0,0
20006,1,1,1988,0,0,0,0,0,0,0,0,0,0
20006,2,1,1988,0,0,0,0,0,0,0,0,0,0
20007,1,1,1988,32,32,32,32,32,32,32,32,32,32
20008,1,1,1988,0,0,0,0,0,0,0,0,0,0
20008,2,1,1988,0,0,0,0,0,0,0,0,0,0
20009,0,1,1988,0,0,0,0,0,0,0,0,0,0
20009,1,1,1988,0,0,0,0,0,0,0,0,0,0
20010,1,1,1988,0,0,0,0,0,0,0,0,0,0
20012,1,1,1988,32,32,32,32,32,32,32,32,32,32
20013,1,1,1988,18,18,18,18,18,18,18,18,18,18
20014,0,1,1988,32,32,32,32,32,32,32,32,32,32
20014,1,1,1988,9,9,9,9,9,9,9,9,9,9
20015,1,1,1988,3,3,3,3,3,3,3,3,3,3
20016,0,1,1988,29,29,29,29,29,29,29,29,29,29
20016,1,1,1988,0,0,0,0,0,0,0,0,0,0
20017,0,1,1988,31,31,31,31,31,31,31,31,31,31
20017,1,1,1988,0,0,0,0,0,0,0,0,0,0
20018,1,1,1988,22,22,22,22,22,22,22,22,22,22
20019,0,1,1988,0,0,0,0,0,0,0,0,0,0
20019,1,1,1988,0,0,0,0,0,12,0,0,0,0
20020,1,1,1988,15,15,15,15,15,15,15,15,15,15
20021,0,1,1988,0,0,0,0,18,0,0,0,0,0
20022,0,1,1988,0,0,0,0,0,0,0,0,0,0
20022,1,1,1988,0,0,0,0,0,0,0,0,0,0
20023,0,1,1988,2,2,2,2,2,2,2,2,2,2
20023,1,1,1988,0,0,0,0,0,0,0,0,0,0
20024,1,1,1988,29,29,29,29,29,29,29,29,29,29
20025,1,1,1988,24,24,24,24,24,24,24,24,24,24
20026,1,1,1988,0,0,0,0,0,0,0,0,0,0
20026,2,1,1988,0,0,0,0,0,0,0,0,0,0
20027,0,1,1988,0,0,0,0,0,0,0,0,0,0
20027,1,1,1988,1,1,1,1,1,1,1,1,1,1
20028,1,1,1988,0,0,0,0,0,0,0,0,0,0
20028,2,1,1988,0,0,0,0,0,0,0,0,0,0
20029,1,1,1988,20,20,20,20,20,20,20,20,20,20
20030,0,1,1988,27,27,27,27,27,27,27,27,27,27
20030,1,1,1988,20,20,20,20,20,20,20,20,20,20
20031,1,1,1988,20,20,20,20,20,20,20,20,20,20
20032,2,1,1988,0,0,0,0,0,0,0,0,0,0
20033,1,1,1988,0,0,0,0,0,0,0,0,0,0
20033,2,1,1988,0,0,0,0,0,0,0,0,0,0
20034,0,1,1988,23,23,23,23,23,23,23,23,23,23
20035,1,1,1988,22,22,22,22,22,22,22,22,22,22
20036,1,1,1988,0,0,0,0,0,0,0,0,0,0
20037,1,1,1988,0,0,0,0,0,0,0,0,0,0
20038,1,1,1988,28,28,28,28,28,28,28,28,28,28
20039,1,1,1988,0,0,0,0,0,0,0,0,0,11
20039,2,1,1988,26,0,0,0,11,0,0,0,0,16
20040,1,1,1988,0,0,0,0,0,0,0,0,0,0
20040,2,1,1988,0,0,0,0,0,0,0,0,0,0
20041,0,1,1988,0,0,0,0,0,0,0,0,0,0
20041,1,1,1988,0,0,0,0,0,0,0,0,0,0
20042,1,1,1988,0,20,24,17,0,19,13,7,12,28
20043,1,1,1988,15,15,15,15,15,15,15,15,15,15
20043,2,1,1988,15,0,0,0,0,0,0,0,0,0
20044,1,1,1988,22,0,0,13,0,0,0,0,0,0
20044,2,1,1988,0,0,0,8,0,0,0,0,0,0
20045,1,1,1988,7,7,7,7,7,7,7,7,7,7
20046,1,1,1988,0,0,0,0,0,0,0,0,0,0
20047,0,1,1988,29,0,0,2,0,17,0,0,0,0
20047,1,1,1988,0,0,0,0,0,0,0,0,0,0
20048,1,1,1988,0,0,0,0,0,0,0,0,0,0
20048,2,1,1988,0,0,0,0,0,0,0,0,0,0
20049,1,1,1988,0,0,22,0,0,0,0,0,0,0
20049,2,1,1988,0,0,0,0,0,0,0,0,0,0
20050,1,1,1988,13,14,24,15,10,20,0,29,12,0
20051,1,1,1988,24,24,24,24,24,24,24,24,24,24
20052,1,1,1988,16,16,16,16,16,16,16,16,16,16
20053,1,1,1988,25,25,25,25,25,25,25,25,25,25
20053,2,1,1988,23,0,0,0,0,0,0,0,14,0
20054,1,1,1988,13,13,13,13,13,13,13,13,13,13
20054,2,1,1988,0,0,0,0,0,0,0,0,0,0
20055,1,1,1988,22,22,22,22,22,22,22,22,22,22
20056,1,1,1988,18,18,18,18,18,18,18,18,18,18
20056,2,1,1988,0,0,0,0,0,0,0,13,18,0
20057,1,1,1988,0,0,0,0,0,0,0,0,0,0
20057,2,1,1988,0,0,0,0,0,0,12,0,0,0
20058,1,1,1988,0,0,0,0,0,0,0,0,0,0
20059,1,1,1988,23,23,23,23,23,23,23,23,23,23
20059,2,1,1988,1,1,1,1,1,1,1,1,1,1
20059,3,1,1988,10,0,0,0,0,0,0,0,9,0
20060,1,1,1988,0,0,0,0,0,0,0,0,0,0
20062,1,1,1988,17,17,17,17,17,17,17,17,17,17
20062,2,1,1988,2,2,2,2,2,2,2,2,2,2
20063,1,1,1988,22,22,22,22,22,22,22,22,22,22
20064,0,1,1988,14,14,14,14,14,14,14,14,14,14
20064,1,1,1988,14,14,14,14,14,14,14,14,14,14
20065,0,1,1988,0,0,0,0,0,0,0,0,0,0
20065,1,1,1988,16,0,18,28,13,11,6,26,10,10
20066,1,1,1988,0,0,0,0,0,0,0,0,0,0
20066,2,1,1988,0,0,0,0,0,0,0,0,0,0
20068,0,1,1988,27,27,27,27,27,27,27,27,27,27
20068,1,1,1988,0,21,18,4,16,30,0,0,0,18
20069,0,1,1988,0,0,0,0,0,0,0,0,0,0
20069,1,1,1988,30,30,30,30,30,30,30,30,30,30
20070,1,1,1988,0,0,0,0,0,0,0,0,0,0
20071,1,1,1988,0,0,0,0,0,0,0,0,0,0
20072,1,1,1988,35,35,35,35,35,35,35,35,35,35
20073,1,1,1988,0,0,0,0,0,0,0,0,0,0
20074,0,1,1988,14,14,14,14,14,14,14,14,14,14
20074,1,1,1988,0,0,0,0,0,0,0,0,0,0
20075,0,1,1988,0,0,16,0,18,0,0,10,23,0
20075,1,1,1988,16,16,16,16,16,16,16,16,16,16
20076,1,1,1988,0,0,0,0,0,0,0,0,0,0
20076,2,1,1988,0,0,0,0,0,0,0,0,0,0
20077,1,1,1988,0,0,19,0,0,0,0,0,0,0
20077,2,1,1988,0,0,0,0,0,0,0,0,0,0
20078,1,1,1988,6,14,0,0,0,0,0,0,0,0
20079,1,1,1988,29,29,29,29,29,29,29,29,29,29
20080,1,1,1988,16,16,16,16,16,16,16,16,16,16
20081,1,1,1988,10,10,10,10,10,10,10,10,10,10
20082,0,1,1988,0,0,0,0,0,0,9,0,0,0
20082,1,1,1988,0,0,0,0,0,0,0,0,0,0
20083,1,1,1988,27,27,27,27,27,27,27,27,27,27
20083,2,1,1988,0,0,20,0,0,0,0,0,0,22
20084,1,1,1988,0,0,0,0,0,0,0,0,0,0
20085,1,1,1988,25,0,10,0,6,8,17,22,14,20
20086,1,1,1988,0,0,0,0,0,0,0,0,0,0
20087,1,1,1988,14,14,14,14,14,14,14,14,14,14
20087,2,1,1988,15,15,15,15,15,15,15,15,15,15
20088,0,1,1988,25,25,25,25,25,25,25,25,25,25
20088,1,1,1988,0,18,0,0,29,0,10,0,23,0
20089,1,1,1988,0,0,0,0,0,0,0,0,0,0
40001,1,1,1988,8,9,7,24,22,29,18,13,27,30
40001,2,1,1988,0,0,0,0,0,0,0,0,0,0
40002,0,1,1988,20,20,20,20,20,20,20,20,20,20
40002,1,1,1988,7,0,0,0,0,0,0,0,0,0
40003,1,1,1988,0,0,0,0,0,0,0,0,0,0
40003,2,1,1988,0,0,0,0,0,0,0,0,0,0
40003,3,1,1988,0,0,0,0,0,0,0,0,0,0
40004,0,1,1988,25,25,25,25,25,25,25,25,25,25
40004,1,1,1988,0,20,11,0,0,0,0,0,0,0
40005,1,1,1988,0,0,0,0,0,0,0,0,0,0
40005,2,1,1988,0,0,0,0,0,0,0,0,0,0
40006,1,1,1988,0,0,0,0,0,0,0,0,0,0
40007,1,1,1988,0,18,0,0,0,0,0,0,0,13
40007,2,1,1988,0,0,0,0,0,6,0,0,0,5
40007,3,1,1988,0,0,0,0,0,0,0,0,0,0
40008,1,1,1988,4,4,4,4,4,4,4,4,4,4
40008,2,1,1988,0,0,0,0,0,0,0,0,0,0
40008,3,1,1988,0,0,0,0,0,0,0,0,0,0
40009,0,1,1988,0,0,0,0,0,19,0,0,18,0
40009,1,1,1988,0,6,18,0,0,0,28,0,14,0
40010,1,1,1988,0,0,0,0,0,0,0,0,0,0
40011,1,1,1988,48,48,48,48,48,48,48,48,48,48
40012,1,1,1988,0,0,0,0,0,0,0,0,0,0
40013,0,1,1988,0,0,0,0,0,19,0,0,0,0
40013,1,1,1988,0,5,0,0,0,0,0,0,0,0
40014,0,1,1988,0,0,0,0,0,0,0,0,0,0
40014,1,1,1988,13,13,13,13,13,13,13,13,13,13
40015,0,1,1988,14,14,14,14,14,14,14,14,14,14
40015,1,1,1988,0,0,0,0,0,0,23,0,0,0
40016,1,1,1988,0,0,0,0,0,0,0,16,0,0
40016,2,1,1988,0,0,0,0,0,0,0,0,0,0
40017,1,1,1988,0,0,0,0,0,0,0,0,0,0
40018,1,1,1988,0,0,0,0,0,0,0,0,0,0
40018,2,1,1988,0,0,0,0,0,0,0,0,0,0
40019,1,1,1988,0,0,15,0,0,0,0,0,0,0
40020,0,1,1988,0,0,0,0,0,0,0,0,0,0
40020,1,1,1988,0,0,0,0,0,0,0,0,0,0
40021,0,1,1988,4,4,4,4,4,4,4,4,4,4
40021,1,1,1988,0,0,4,0,0,0,0,0,0,0
40022,1,1,1988,0,0,0,0,0,0,0,0,0,0
40022,2,1,1988,0,0,0,0,0,0,0,0,0,0
40023,1,1,1988,0,0,0,0,0,0,0,0,0,0
40023,2,1,1988,10,10,10,10,10,10,10,10,10,10
40024,1,1,1988,18,16,13,23,8,16,27,17,36,16
40025,1,1,1988,12,12,12,12,12,12,12,12,12,12
40025,2,1,1988,0,0,0,0,0,0,0,0,0,0
40026,1,1,1988,0,0,0,0,0,0,0,0,0,0
40026,2,1,1988,0,7,0,0,21,0,0,0,6,0
40027,1,1,1988,6,18,27,10,2,0,18,13,16,12
40027,2,1,1988,0,0,0,0,0,0,0,0,0,0
40027,3,1,1988,0,0,0,18,0,18,0,0,0,0
40028,1,1,1988,12,4,21,8,16,11,10,21,17,15
40028,2,1,1988,10,10,10,10,10,10,10,10,10,10
40029,0,1,1988,19,19,19,19,19,19,19,19,19,19
40029,0,2,1988,21,21,21,21,21,21,21,21,21,21
40029,1,1,1988,0,0,0,0,0,0,0,0,0,0
40030,1,1,1988,10,0,0,0,0,0,0,0,0,5
40031,1,1,1988,15,16,11,11,9,20,0,15,18,17
40032,0,1,1988,0,0,15,0,15,0,0,0,13,0
40032,1,1,1988,0,0,9,24,0,5,6,0,12,0
40033,1,1,1988,0,0,0,0,0,0,0,0,0,0
40033,2,1,1988,0,0,0,0,6,0,8,0,0,0
40034,1,1,1988,0,0,0,0,0,0,0,0,0,0
40034,2,1,1988,0,0,0,0,0,0,0,0,0,0
40034,3,1,1988,0,0,0,9,0,0,0,0,0,0
40035,0,1,1988,0,0,0,0,0,0,0,0,0,0
40035,1,1,1988,0,0,0,0,0,0,0,0,0,0
40036,1,1,1988,0,0,0,0,0,0,0,0,0,0
40037,0,1,1988,10,10,10,10,10,10,10,10,10,10
40037,1,1,1988,0,0,0,0,30,0,0,0,0,0
40038,1,1,1988,0,0,0,0,0,0,0,0,0,0
40039,1,1,1988,9,11,15,5,4,8,22,20,13,16
40039,2,1,1988,15,12,5,19,20,9,9,6,19,7
40040,1,1,1988,0,6,27,33,0,43,0,17,18,23
40041,1,1,1988,0,0,0,0,0,0,0,0,0,0
40041,2,1,1988,0,0,0,0,0,0,0,0,0,0
40042,1,1,1988,0,0,0,0,0,0,0,0,0,0
40042,2,1,1988,0,0,0,0,0,0,0,0,0,0
40043,1,1,1988,0,0,0,0,0,0,0,0,0,0
40043,2,1,1988,0,0,0,0,0,0,0,0,0,0
40044,0,1,1988,0,0,0,0,0,0,0,0,0,0
40044,1,1,1988,0,0,0,0,0,0,0,0,0,0
40045,0,1,1988,21,0,0,22,0,0,0,0,0,0
40045,1,1,1988,25,2,30,22,6,8,16,15,17,18
40046,1,1,1988,12,8,5,15,8,13,3,24,9,14
40046,2,1,1988,0,0,0,0,0,0,0,0,0,0
40047,1,1,1988,5,0,0,14,0,0,0,11,0,0
40047,2,1,1988,12,12,12,12,12,12,12,12,12,12
40048,0,1,1988,0,0,0,0,0,0,0,0,0,0
40048,1,1,1988,0,0,0,0,9,0,0,0,0,0
40049,1,1,1988,0,0,0,0,0,0,0,0,0,0
40049,2,1,1988,0,0,0,0,0,0,0,0,0,0
40050,0,1,1988,21,10,20,0,17,0,19,15,21,28
40050,1,1,1988,0,0,0,0,0,0,0,0,0,0
40051,0,1,1988,0,0,0,0,0,0,0,0,0,0
40051,1,1,1988,0,0,0,0,0,0,0,0,0,0
40052,0,1,1988,0,0,0,0,0,0,0,0,0,0
40052,1,1,1988,10,0,0,0,0,0,0,0,0,0
40053,1,1,1988,0,0,0,0,0,0,0,0,0,0
40053,2,1,1988,15,15,15,15,15,15,15,15,15,15
40054,1,1,1988,9,9,9,9,9,9,9,9,9,9
40055,1,1,1988,0,0,0,0,0,0,0,0,0,0
40056,0,1,1988,0,0,9,11,0,0,13,0,41,20
40056,1,1,1988,0,0,0,0,0,0,0,0,0,13
40057,1,1,1988,24,38,23,15,41,24,27,20,13,10
40058,1,1,1988,19,19,19,19,19,19,19,19,19,19
40059,1,1,1988,0,0,26,0,0,0,0,0,15,0
40060,1,1,1988,7,15,12,8,0,9,13,17,0,15
40060,2,1,1988,0,0,0,0,0,0,0,0,0,0
40060,3,1,1988,0,0,0,0,0,0,0,0,0,0
40061,1,1,1988,0,0,0,0,0,0,0,0,0,0
40062,1,1,1988,0,0,0,0,0,0,0,0,0,0
40062,2,1,1988,0,0,0,0,0,0,0,0,0,0
40063,1,1,1988,0,0,0,0,0,0,0,17,12,0
40063,2,1,1988,0,0,10,0,0,0,0,0,0,0
40064,1,1,1988,0,0,0,9,0,5,0,0,0,7
40065,1,1,1988,0,0,0,0,0,0,0,0,0,0
40065,2,1,1988,0,0,0,0,0,0,0,0,0,0
40066,0,1,1988,0,0,0,0,0,0,0,0,0,0
40066,1,1,1988,0,0,0,0,0,0,0,0,0,0
40067,0,1,1988,27,27,27,27,27,27,27,27,27,27
40067,1,1,1988,0,0,0,0,0,8,0,18,0,0
40068,1,1,1988,0,0,0,0,0,0,0,6,24,0
40069,0,1,1988,29,34,9,0,17,27,8,9,0,29
40069,1,1,1988,0,0,7,4,0,8,0,0,11,0
40070,0,1,1988,41,48,11,0,0,16,0,0,0,0
40070,0,2,1988,0,17,0,0,0,0,0,17,0,0
40070,1,1,1988,0,8,20,0,9,9,5,9,7,13
40071,0,1,1988,0,0,0,0,0,0,0,0,0,0
40071,1,1,1988,11,0,0,0,0,0,0,9,0,0
40072,1,1,1988,19,23,10,27,26,14,12,11,20,17
40073,1,1,1988,24,24,24,24,24,24,24,24,24,24
40073,2,1,1988,14,11,0,0,7,0,16,0,0,26
40074,1,1,1988,14,14,14,14,14,14,14,14,14,14
40075,1,1,1988,0,0,0,0,0,7,0,0,0,25
40076,0,1,1988,0,0,0,0,0,0,0,0,0,0
40076,1,1,1988,0,0,0,0,0,0,0,0,0,0
40077,1,1,1988,0,0,0,0,0,0,0,0,0,0
40077,2,1,1988,0,0,0,0,0,0,0,0,0,0
40078,1,1,1988,0,0,4,32,0,26,22,0,6,0
40079,1,1,1988,0,0,0,0,0,0,0,0,0,0
40079,2,1,1988,0,0,0,0,0,0,0,0,0,0
40080,1,1,1988,0,0,17,0,0,0,0,0,0,0
40081,1,1,1988,19,19,19,19,19,19,19,19,19,19
40081,2,1,1988,0,0,0,0,0,0,0,0,0,0
40081,3,1,1988,0,0,0,0,0,0,0,0,0,0
40082,1,1,1988,0,0,0,0,0,0,0,0,0,0
40082,2,1,1988,0,0,0,0,0,0,0,0,0,0
40083,0,1,1988,0,0,0,0,0,0,0,30,0,0
40083,1,1,1988,0,0,0,0,0,0,0,0,0,0
40084,1,1,1988,36,15,32,37,32,13,10,34,15,9
40084,2,1,1988,0,0,0,0,0,0,0,0,0,0
40085,1,2,1988,0,12,17,18,0,35,0,0,0,0
40086,1,1,1988,0,3,0,0,0,0,0,0,0,0
40086,2,1,1988,0,15,0,0,17,23,0,0,16,15
40088,1,1,1988,0,0,0,0,0,0,0,0,0,0
40088,2,1,1988,14,0,0,0,0,0,0,0,0,0
40089,1,1,1988,0,0,20,0,0,0,0,0,0,0
40089,2,1,1988,0,0,0,0,7,0,0,0,0,0
40090,0,1,1988,16,16,16,16,16,16,16,16,16,16
40090,1,1,1988,0,0,0,0,0,0,0,0,8,0
40091,1,1,1988,15,15,15,15,15,15,15,15,15,15
40092,0,1,1988,23,23,23,23,23,23,23,23,23,23
40092,1,1,1988,17,20,0,0,23,12,18,9,10,41
40093,1,1,1988,28,9,23,29,9,34,23,23,20,9
40093,2,1,1988,0,0,0,0,0,0,0,0,0,0
40094,1,1,1988,0,0,0,0,0,0,0,0,0,0
40095,1,1,1988,0,0,0,0,0,0,0,0,0,0
40095,2,1,1988,0,0,0,0,0,0,0,0,0,0
40096,1,1,1988,0,0,0,0,0,0,0,0,0,0
40097,1,1,1988,10,8,17,16,9,11,31,19,24,13
40097,2,1,1988,8,8,8,8,8,8,8,8,8,8
40098,1,1,1988,0,10,7,0,0,0,20,0,10,8
40098,2,1,1988,0,0,0,0,0,0,0,0,0,0
40099,1,1,1988,0,0,24,0,4,0,0,0,10,0
40100,1,1,1988,0,14,0,0,0,0,0,11,0,0
40100,2,1,1988,0,0,0,0,0,0,0,0,0,0
40101,1,1,1988,21,21,21,21,21,21,21,21,21,21
40101,2,1,1988,18,0,8,0,0,0,23,14,0,0
40102,0,1,1988,15,0,14,20,0,31,33,17,23,15
40102,1,1,1988,0,0,0,0,0,11,0,0,0,14
40102,2,1,1988,0,0,0,0,16,0,14,0,0,0
40103,0,1,1988,0,0,0,0,0,0,0,0,0,0
40103,1,1,1988,0,0,0,0,0,0,0,0,0,0
40104,1,1,1988,0,0,0,24,0,0,0,0,12,0
40104,2,1,1988,0,0,0,0,0,12,0,0,0,0
40105,1,1,1988,25,13,27,0,0,0,30,0,24,0
40106,0,1,1988,0,30,31,21,16,2,17,23,26,28
40106,1,1,1988,0,0,0,0,0,0,0,0,0,0
40107,1,1,1988,0,0,0,0,0,0,0,0,0,0
40107,2,1,1988,0,0,0,0,0,0,0,0,0,0
40108,1,1,1988,0,0,0,0,0,8,0,0,0,0
40108,2,1,1988,0,0,0,0,0,0,0,0,0,0
40109,1,1,1988,0,0,0,0,9,0,0,0,0,0
40109,2,1,1988,0,0,0,15,0,0,0,0,0,0
40110,1,1,1988,0,0,0,0,0,0,0,0,0,0
40110,2,1,1988,0,0,0,0,0,0,0,0,20,0
40111,1,1,1988,12,22,10,5,28,14,8,13,15,30
40112,0,1,1988,4,0,25,6,10,12,14,0,15,27
40112,1,1,1988,0,0,0,0,0,0,0,0,0,0
40113,0,1,1988,0,0,10,0,0,0,3,0,0,0
40113,1,1,1988,19,19,19,19,19,19,19,19,19,19
40114,1,1,1988,0,0,0,0,0,0,0,0,0,0
40114,2,1,1988,0,0,0,0,0,0,0,0,0,0
40114,3,1,1988,0,0,0,0,0,0,0,0,0,0
40115,1,1,1988,0,0,0,0,0,0,31,0,0,0
40115,2,1,1988,0,0,0,0,0,0,0,0,0,0
40115,3,1,1988,0,0,0,0,0,0,0,0,0,0
40115,4,1,1988,0,0,0,0,0,0,0,0,0,0
40116,0,1,1988,6,6,6,6,6,6,6,6,6,6
40116,1,1,1988,0,0,0,0,0,0,0,0,0,0
40117,0,1,1988,0,0,0,0,0,0,0,0,0,0
40117,0,2,1988,0,0,5,9,0,24,0,0,0,0
40117,1,1,1988,0,0,0,0,0,0,0,0,0,0
40118,1,1,1988,26,16,19,22,0,20,14,18,0,18
40119,1,1,1988,13,0,0,0,0,14,0,0,0,0
40120,0,1,1988,0,0,0,42,0,0,0,0,0,0
40120,1,1,1988,0,0,0,29,0,0,0,0,0,0
40121,1,1,1988,0,0,0,0,0,0,0,0,0,0
40122,1,1,1988,0,0,0,0,0,0,0,0,0,0
40122,2,1,1988,0,0,12,0,0,0,0,0,0,0
40122,3,1,1988,0,0,0,0,0,0,0,0,0,0
40122,4,1,1988,0,0,0,0,0,0,0,0,0,0
40122,5,1,1988,0,0,0,0,0,0,0,0,0,0
40122,6,1,1988,0,0,0,0,0,0,0,0,0,0
40123,1,1,1988,0,0,0,0,0,0,0,0,0,0
40123,2,1,1988,0,0,0,0,0,0,0,0,0,0
40123,3,1,1988,0,0,0,0,0,0,0,0,0,0
40124,0,1,1988,0,0,0,0,0,0,0,0,0,0
40124,1,1,1988,0,0,0,0,0,0,0,0,0,0
40125,0,1,1988,0,0,0,0,0,0,0,0,0,0
40125,1,1,1988,0,0,0,0,0,0,0,0,0,0
40126,0,1,1988,0,0,0,0,0,0,0,0,0,0
40126,1,1,1988,0,0,0,0,0,0,0,0,0,0
40127,0,1,1988,0,0,0,0,0,0,0,0,0,0
40127,1,1,1988,0,0,14,0,9,0,0,0,0,0
40128,1,1,1988,24,24,24,24,24,24,24,24,24,24
40129,1,1,1988,0,0,0,0,0,0,8,0,0,0
40129,2,1,1988,0,0,0,0,0,0,0,0,0,0
40130,0,1,1988,18,18,18,18,18,18,18,18,18,18
40130,1,1,1988,0,0,0,0,0,0,0,0,0,0
40131,0,1,1988,0,0,0,0,0,0,0,0,0,0
40131,1,1,1988,0,0,0,0,0,0,0,0,0,0
40132,0,1,1988,2,2,2,2,2,2,2,2,2,2
40132,1,1,1988,0,0,0,0,0,0,0,0,0,0
40133,1,1,1988,9,9,9,9,9,9,9,9,9,9
40134,1,1,1988,0,0,0,0,0,0,0,0,0,0
40134,2,1,1988,0,0,0,0,0,0,0,0,0,0
40135,0,1,1988,0,25,0,27,0,24,0,12,0,10
40135,1,1,1988,17,0,21,16,0,0,24,0,10,31
40136,1,1,1988,0,0,0,0,0,0,0,0,0,0
40136,2,1,1988,9,0,0,0,0,0,0,10,0,0
40137,1,1,1988,12,20,0,31,18,0,17,0,0,26
40138,1,1,1988,0,0,0,0,0,0,0,0,0,0
40138,2,1,1988,0,0,0,8,0,0,0,0,0,0
40139,1,1,1988,8,5,26,0,16,0,13,15,28,5
40140,0,1,1988,17,0,10,0,0,17,0,26,22,0
40140,1,1,1988,0,0,0,0,0,0,0,0,0,0
40141,1,1,1988,18,18,11,6,10,19,9,27,12,4
40142,1,1,1988,0,17,0,0,13,15,0,0,0,0
40143,1,1,1988,0,12,0,0,20,0,21,40,0,1
40144,0,1,1988,0,0,0,0,7,0,0,0,0,0
40144,1,1,1988,20,15,40,30,15,21,6,10,13,0
40145,1,1,1988,15,0,13,24,8,0,17,0,20,0
40146,1,1,1988,21,21,21,21,21,21,21,21,21,21
40146,2,1,1988,0,0,0,0,0,0,0,0,0,0
40147,1,1,1988,27,27,27,27,27,27,27,27,27,27
40147,2,1,1988,0,0,0,0,0,0,0,0,0,0
40148,1,1,1988,0,0,0,0,17,0,0,0,0,0
40148,2,1,1988,19,19,19,19,19,19,19,19,19,19
40149,1,1,1988,0,0,0,0,0,0,20,0,0,0
40149,2,1,1988,0,0,0,0,0,0,0,0,0,0
40150,1,1,1988,11,11,11,11,11,11,11,11,11,11
40151,1,1,1988,0,0,0,0,0,0,0,0,0,0
40151,2,1,1988,0,0,14,0,0,0,0,0,0,0
40152,1,1,1988,23,22,21,12,18,13,14,19,11,24
40153,1,1,1988,21,21,25,0,27,29,13,0,0,0
40154,0,1,1988,0,0,0,0,0,0,0,0,0,0
40154,1,1,1988,0,0,0,0,0,0,0,0,0,0
40155,1,1,1988,16,22,22,6,7,0,28,13,9,15
40156,1,1,1988,17,22,0,7,17,11,15,19,0,0
40157,1,1,1988,0,0,0,0,0,0,0,0,0,0
40158,1,1,1988,0,0,0,0,0,0,0,21,0,0
40158,2,1,1988,0,0,0,0,0,0,0,0,0,0
40159,1,1,1988,0,0,0,0,0,0,0,0,0,0
40160,1,1,1988,0,0,0,0,0,0,0,0,0,0
40161,1,1,1988,0,0,0,0,0,0,0,0,0,0
40161,2,1,1988,0,0,0,0,0,0,0,0,0,0