ST_CASE,VEH_NO,PER_NO,YEAR,P1,P2,P3,P4,P5,P6,P7,P8,P9,P10
40162,0,1,1988,16,16,16,16,16,16,16,16,16,16
40162,1,1,1988,0,0,0,0,0,20,0,0,0,13
40163,1,1,1988,25,25,25,25,25,25,25,25,25,25
40164,0,1,1988,0,0,0,0,0,0,0,0,0,0
40164,1,1,1988,0,0,0,0,0,0,0,0,0,0
40165,0,1,1988,22,22,22,22,22,22,22,22,22,22
40165,1,1,1988,0,0,0,0,0,0,0,0,0,0
40166,0,1,1988,1,1,1,1,1,1,1,1,1,1
40166,1,1,1988,0,0,0,0,0,0,0,0,0,0
40168,1,1,1988,5,5,5,5,5,5,5,5,5,5
40169,1,1,1988,18,18,18,18,18,18,18,18,18,18
40170,0,1,1988,14,0,14,26,0,9,22,0,0,35
40170,1,1,1988,0,0,0,0,0,0,0,0,0,0
40171,1,1,1988,8,17,37,18,8,32,4,11,1,16
40172,0,1,1988,0,0,0,0,0,0,0,0,0,23
40172,1,1,1988,0,0,0,0,0,0,0,0,0,0
40173,0,1,1988,0,0,0,0,0,0,0,0,0,0
40173,1,1,1988,12,0,0,0,0,0,0,0,18,0
40174,1,1,1988,14,0,7,11,0,13,0,15,5,18
40175,0,1,1988,33,33,33,33,33,33,33,33,33,33
40175,1,1,1988,0,0,0,0,0,0,16,21,0,0
40176,0,1,1988,0,0,0,0,0,0,0,0,0,0
40176,0,2,1988,0,0,0,0,0,12,0,0,7,0
40176,1,1,1988,2,9,16,18,11,11,6,18,5,4
40178,0,1,1988,10,10,10,10,10,10,10,10,10,10
40178,1,1,1988,0,0,0,0,0,0,0,0,0,0
40179,0,1,1988,0,0,0,0,0,0,0,0,0,0
40179,0,2,1988,0,0,0,0,0,0,0,0,0,0
40179,1,1,1988,11,11,11,11,11,11,11,11,11,11
40180,1,1,1988,25,25,25,25,25,25,25,25,25,25
40181,1,1,1988,24,24,24,24,24,24,24,24,24,24
40182,0,1,1988,0,0,0,0,0,0,0,0,0,0
40182,1,1,1988,4,4,4,4,4,4,4,4,4,4
40183,1,1,1988,16,0,0,16,0,0,19,0,23,0
40184,0,1,1988,26,34,18,11,0,15,35,29,27,24
40184,1,1,1988,2,19,19,19,16,8,21,27,5,8
40184,2,1,1988,27,0,0,0,0,0,21,15,23,0
40185,1,1,1988,11,10,0,23,9,0,0,22,0,15
40186,1,1,1988,25,25,25,25,25,25,25,25,25,25
40187,1,1,1988,20,20,20,20,20,20,20,20,20,20
40187,2,1,1988,0,0,0,0,0,0,0,0,0,0
40188,1,1,1988,24,24,24,24,24,24,24,24,24,24
40188,2,1,1988,12,0,11,0,0,0,0,0,0,0
40189,1,1,1988,14,0,9,18,14,18,17,21,11,19
40189,2,1,1988,0,0,0,0,0,0,0,0,0,0
40190,0,1,1988,0,0,0,0,0,0,0,0,0,0
40190,1,1,1988,0,0,0,22,0,0,0,0,0,0
40191,1,1,1988,23,23,23,23,23,23,23,23,23,23
40191,2,1,1988,0,0,0,0,0,0,0,0,0,17
40192,1,1,1988,0,0,0,0,0,0,0,0,0,0
40193,0,1,1988,0,0,0,0,0,0,0,0,0,0
40193,1,1,1988,0,0,0,0,0,0,0,0,0,0
40194,1,1,1988,0,8,0,0,0,0,19,0,10,0
40195,1,1,1988,0,0,0,0,0,0,0,0,0,0
40195,2,1,1988,0,0,0,0,0,0,0,0,0,12
40196,1,1,1988,18,18,18,18,18,18,18,18,18,18
40197,1,1,1988,0,0,0,0,0,0,0,0,0,9
40198,1,1,1988,20,20,20,20,20,20,20,20,20,20
40198,2,1,1988,0,0,0,0,0,0,0,0,0,0
40199,1,1,1988,0,0,0,0,0,0,0,0,0,0
40199,2,1,1988,0,6,0,0,0,0,0,6,0,17
40200,1,1,1988,7,7,7,7,7,7,7,7,7,7
40200,2,1,1988,0,0,0,0,0,0,0,0,0,0
40201,1,1,1988,0,0,0,0,0,0,0,0,0,0
40201,2,1,1988,0,0,0,0,0,0,0,0,0,0
40202,0,1,1988,25,0,0,0,0,0,0,0,0,0
40202,1,1,1988,0,0,0,0,0,0,0,0,8,0
40203,0,1,1988,12,30,17,20,15,14,19,11,0,12
40203,1,1,1988,21,16,11,17,26,18,7,24,14,17
40204,1,1,1988,8,8,8,8,8,8,8,8,8,8
40204,2,1,1988,0,0,17,0,0,0,0,0,0,0
40205,1,1,1988,0,0,0,0,0,0,0,0,0,0
40205,2,1,1988,0,0,0,0,0,0,0,0,0,0
40206,1,1,1988,0,0,0,0,29,0,27,0,0,0
40207,1,1,1988,15,12,39,0,12,0,0,32,18,0
40208,1,1,1988,22,22,22,22,22,22,22,22,22,22
40208,2,1,1988,0,18,0,0,0,0,0,0,0,0
40209,1,1,1988,14,20,16,27,17,29,21,18,0,13
40210,1,1,1988,0,0,0,20,0,0,8,0,0,21
40210,2,1,1988,0,16,10,0,0,0,0,0,0,0
40211,1,1,1988,13,0,0,0,22,19,29,0,0,20
40212,1,1,1988,0,0,0,0,0,0,0,0,0,0
40212,2,1,1988,0,0,0,0,0,0,0,0,0,0
40213,1,1,1988,2,9,13,21,20,7,15,4,22,17
40213,2,1,1988,0,0,0,0,0,0,0,0,0,0
40214,1,1,1988,0,0,0,0,0,18,0,0,0,0
40214,2,1,1988,0,0,0,0,0,0,0,0,0,0
40215,0,1,1988,0,24,0,0,0,0,0,0,31,0
40215,1,1,1988,21,21,21,21,21,21,21,21,21,21
40215,2,1,1988,16,19,0,0,0,14,0,0,0,0
40215,3,1,1988,0,0,0,0,0,0,0,0,0,0
40216,1,1,1988,12,12,12,12,12,12,12,12,12,12
40216,2,1,1988,0,0,0,0,0,11,0,7,0,22
40217,1,1,1988,0,0,0,0,0,0,0,0,0,0
40217,2,1,1988,0,0,0,0,0,0,0,0,0,0
40218,1,1,1988,0,0,0,0,0,0,0,0,0,0
40218,2,1,1988,0,0,0,0,0,0,0,0,0,0
40219,1,1,1988,2,2,2,2,2,2,2,2,2,2
40220,0,1,1988,31,31,31,31,31,31,31,31,31,31
40220,0,2,1988,15,15,15,15,15,15,15,15,15,15
40220,1,1,1988,9,11,25,12,0,0,15,16,5,16
40221,1,1,1988,20,20,20,20,20,20,20,20,20,20
40222,1,1,1988,0,0,0,0,0,0,0,0,0,0
40223,1,1,1988,16,16,16,16,16,16,16,16,16,16
40224,1,1,1988,7,7,7,7,7,7,7,7,7,7
40225,1,1,1988,0,0,0,0,0,0,0,0,0,0
40226,1,1,1988,21,21,21,21,21,21,21,21,21,21
40226,2,1,1988,25,13,35,18,12,20,7,16,10,11
40227,0,1,1988,6,6,6,6,6,6,6,6,6,6
40227,1,1,1988,37,12,0,12,22,33,12,0,13,8
40228,1,1,1988,0,0,0,0,0,0,0,0,0,0
40228,2,1,1988,0,0,0,19,0,0,0,0,0,0
40229,1,1,1988,17,17,17,17,17,17,17,17,17,17
40229,2,1,1988,0,0,0,0,0,0,0,0,0,0
40231,0,1,1988,0,0,0,13,0,25,0,36,6,0
40231,1,1,1988,4,3,21,31,9,13,10,2,13,6
40231,2,1,1988,1,1,1,1,1,1,1,1,1,1
40232,1,1,1988,16,16,16,16,16,16,16,16,16,16
40233,1,1,1988,0,4,0,0,0,0,0,12,3,0
40233,2,1,1988,0,0,0,0,0,0,0,0,0,0
40233,3,1,1988,0,0,0,0,0,0,0,0,0,0
40234,0,1,1988,0,0,0,0,0,0,0,0,0,0
40234,1,1,1988,0,0,0,0,0,0,0,0,0,0
40235,1,1,1988,20,21,0,7,13,5,0,21,23,13
40235,2,1,1988,0,0,0,0,0,0,0,0,0,0
40236,1,1,1988,0,0,0,0,0,0,0,0,0,0
40237,1,1,1988,4,4,4,4,4,4,4,4,4,4
40237,2,1,1988,0,0,0,0,0,0,0,0,0,0
40238,1,1,1988,0,0,0,0,0,0,0,0,0,0
40239,0,1,1988,0,12,36,16,0,0,31,0,0,10
40239,1,1,1988,0,0,0,0,0,17,0,0,0,0
40240,1,1,1988,25,11,6,11,10,8,16,15,6,0
40240,2,1,1988,0,0,0,0,0,0,0,0,0,0
40241,1,1,1988,0,0,0,0,0,0,0,0,0,0
40241,2,1,1988,5,0,0,0,0,0,0,0,0,0
40242,1,1,1988,0,0,0,0,0,0,0,0,0,0
40242,2,1,1988,0,0,0,0,0,0,0,0,0,6
40242,3,1,1988,0,0,0,0,0,0,0,0,0,0
40242,4,1,1988,0,0,0,0,0,0,0,0,0,0
40243,0,1,1988,0,0,0,0,0,0,0,0,0,0
40243,0,2,1988,0,0,13,0,0,0,0,0,0,0
40243,0,3,1988,0,0,0,0,0,0,0,0,0,0
40243,1,1,1988,25,25,25,25,25,25,25,25,25,25
40244,0,1,1988,0,0,0,0,0,0,0,0,0,0
40244,1,1,1988,0,0,0,0,0,0,0,0,0,0
40245,1,1,1988,0,0,0,0,0,0,0,0,0,0
40246,1,1,1988,0,10,15,8,26,14,17,27,14,8
40247,1,1,1988,0,0,0,0,0,0,0,0,0,0
40247,2,1,1988,0,0,0,0,0,0,0,0,0,0
40248,1,1,1988,0,0,0,0,0,0,0,0,0,0
40248,2,1,1988,0,0,0,0,0,10,0,0,0,0
40249,1,1,1988,0,0,0,0,0,0,0,0,0,0
40250,1,1,1988,0,0,0,0,0,0,0,0,14,0
40250,2,1,1988,0,0,0,0,0,0,0,0,0,0
40251,1,1,1988,26,26,26,26,26,26,26,26,26,26
40252,0,1,1988,0,0,0,0,17,0,0,0,0,0
40252,1,1,1988,0,0,0,0,0,0,0,0,0,0
40253,1,1,1988,8,8,8,8,8,8,8,8,8,8
40254,1,1,1988,16,14,7,28,18,17,12,17,23,10
40254,2,1,1988,0,0,0,0,0,0,0,0,0,0
40254,3,1,1988,19,0,0,0,0,0,0,0,0,0
40255,1,1,1988,0,0,0,0,0,0,0,0,0,0
40255,2,1,1988,3,0,0,15,12,0,0,0,0,0
40256,1,1,1988,0,0,0,0,0,0,0,0,0,0
40256,2,1,1988,6,6,6,6,6,6,6,6,6,6
40257,1,1,1988,15,15,15,15,15,15,15,15,15,15
40258,1,1,1988,13,0,0,0,0,0,16,0,0,17
40259,1,1,1988,11,11,11,11,11,11,11,11,11,11
40259,2,1,1988,0,0,0,0,0,0,0,0,0,0
40260,1,1,1988,24,24,24,24,24,24,24,24,24,24
40261,1,1,1988,2,2,2,2,2,2,2,2,2,2
40261,2,1,1988,4,4,4,4,4,4,4,4,4,4
40262,1,1,1988,6,10,15,15,28,8,11,24,33,14
40262,2,1,1988,15,15,15,15,15,15,15,15,15,15
40263,1,1,1988,0,0,0,0,0,0,0,0,0,0
40263,2,1,1988,0,0,0,0,0,0,0,0,0,0
40264,1,1,1988,0,0,0,0,0,0,0,0,0,0
40264,2,1,1988,0,0,0,0,0,17,0,0,0,0
40265,1,1,1988,0,0,11,17,0,0,9,13,0,0
40266,1,1,1988,0,0,0,0,0,0,0,0,0,0
40266,2,1,1988,0,0,0,0,0,0,0,0,0,0
40267,1,1,1988,16,16,16,16,16,16,16,16,16,16
40267,2,1,1988,0,0,0,0,0,0,0,0,0,0
40267,3,1,1988,0,0,0,0,0,0,0,0,0,0
40268,0,1,1988,20,20,20,20,20,20,20,20,20,20
40268,1,1,1988,0,0,0,0,0,0,0,0,0,0
40270,1,1,1988,0,0,0,0,0,0,21,7,0,0
40271,1,1,1988,0,16,0,16,36,27,0,12,0,46
40272,1,1,1988,0,0,0,0,0,0,0,0,0,0
40272,2,1,1988,0,0,0,0,0,20,13,0,0,0
40272,3,1,1988,0,0,0,0,0,16,0,0,0,0
40273,1,1,1988,0,0,14,0,10,11,13,27,10,34
40274,0,1,1988,14,14,0,0,20,15,21,0,0,0
40274,1,1,1988,0,0,0,9,31,0,0,0,0,11
40275,1,1,1988,20,23,26,0,12,14,23,5,0,0
40276,1,1,1988,14,14,14,14,14,14,14,14,14,14
40277,1,1,1988,0,0,0,0,0,0,0,0,0,0
40277,2,1,1988,0,0,0,0,0,0,0,0,0,0
40278,1,1,1988,33,33,33,33,33,33,33,33,33,33
40279,1,1,1988,26,15,7,0,0,33,22,10,0,12
40279,2,1,1988,0,0,0,7,0,0,0,0,11,11
40280,0,1,1988,36,36,36,36,36,36,36,36,36,36
40280,1,1,1988,0,0,0,0,0,0,0,0,0,0
40281,1,1,1988,11,11,11,11,11,11,11,11,11,11
40281,2,1,1988,0,0,0,0,0,0,0,0,0,0
40282,1,1,1988,0,0,0,14,0,0,0,0,0,0
40283,1,1,1988,16,16,16,16,16,16,16,16,16,16
40284,1,1,1988,17,17,17,17,17,17,17,17,17,17
40284,2,1,1988,0,9,0,0,0,0,0,0,0,0
40285,1,1,1988,25,46,0,12,16,16,15,14,21,9
40285,2,1,1988,0,0,0,0,0,0,0,0,0,0
40286,1,1,1988,0,0,0,0,0,0,0,4,28,0
40287,1,1,1988,0,0,0,0,0,0,0,0,0,0
40287,2,1,1988,11,12,19,20,0,12,3,30,11,29
40288,1,1,1988,0,0,0,0,0,0,0,0,0,0
40289,0,1,1988,0,0,0,0,0,0,0,0,0,0
40289,1,1,1988,0,0,0,0,0,0,0,0,0,0
40290,1,1,1988,0,0,0,0,0,0,0,0,0,0
40290,2,1,1988,0,0,0,0,0,0,0,0,0,0
40290,3,1,1988,0,0,0,0,0,0,0,4,0,0
40291,1,1,1988,0,0,0,0,0,0,0,0,0,0
40291,2,1,1988,0,0,0,0,0,0,0,0,0,0
40292,1,1,1988,21,17,14,16,33,21,18,12,31,7
40293,1,1,1988,0,0,16,0,0,0,0,0,0,0
40293,2,1,1988,0,0,0,0,0,13,0,0,0,0
40294,1,1,1988,0,0,0,0,0,0,0,0,0,0
40295,1,1,1988,15,15,15,15,15,15,15,15,15,15
40296,1,1,1988,0,0,0,0,0,0,0,0,0,0
40297,1,1,1988,16,16,16,16,16,16,16,16,16,16
40298,1,1,1988,19,7,21,15,11,12,16,0,14,10
40299,0,1,1988,0,0,0,0,0,0,0,0,0,0
40299,1,1,1988,0,0,0,0,0,0,0,0,0,0
40300,1,1,1988,26,26,26,26,26,26,26,26,26,26
40301,1,1,1988,0,0,0,0,0,0,0,0,0,13
40301,2,1,1988,0,0,0,0,0,0,0,0,0,0
40302,1,1,1988,13,13,13,13,13,13,13,13,13,13
40302,2,1,1988,0,0,0,19,0,0,0,0,14,0
40302,3,1,1988,0,0,15,14,0,0,18,9,6,0
40303,1,1,1988,5,7,16,11,12,11,17,13,24,16
40303,2,1,1988,19,19,19,19,19,19,19,19,19,19
40304,1,1,1988,0,19,24,0,0,13,11,0,0,0
40305,1,1,1988,29,9,4,11,3,0,6,0,3,0
40305,2,1,1988,12,12,12,12,12,12,12,12,12,12
40306,1,1,1988,0,0,0,4,0,0,0,0,0,11
40306,2,1,1988,0,0,0,0,0,0,0,0,0,0
40307,1,1,1988,0,0,0,0,0,0,0,0,0,0
40307,2,1,1988,0,0,0,0,0,0,0,0,0,0
40308,1,1,1988,0,0,0,0,0,0,0,13,0,0
40308,2,1,1988,0,0,0,0,0,15,0,0,0,0
40309,1,1,1988,0,0,0,0,0,0,0,0,0,0
40309,2,1,1988,0,0,0,0,0,0,0,0,0,0
40310,1,1,1988,21,21,21,21,21,21,21,21,21,21
40310,2,1,1988,0,0,0,0,0,0,0,0,0,0
40311,1,1,1988,0,0,0,19,0,0,0,0,0,0
40311,2,1,1988,0,0,12,0,0,0,0,0,20,0
40312,1,1,1988,0,0,0,0,5,13,17,0,0,0
40312,2,1,1988,0,0,0,0,0,0,0,0,0,0
40313,1,1,1988,0,0,0,0,0,0,0,0,0,0
40313,2,1,1988,0,0,0,0,0,0,0,0,0,0
40314,1,1,1988,0,0,0,0,0,0,0,0,0,0
40315,1,1,1988,0,0,0,0,0,0,0,0,0,0
40315,2,1,1988,0,0,0,0,0,0,0,0,0,0
40316,1,1,1988,1,1,1,1,1,1,1,1,1,1
40316,2,1,1988,7,11,49,18,10,34,17,20,13,8
40316,3,1,1988,0,0,0,0,0,0,0,0,0,0
40317,0,1,1988,22,22,22,22,22,22,22,22,22,22
40317,1,1,1988,6,7,16,8,0,29,22,0,14,21
40318,1,1,1988,29,29,29,29,29,29,29,29,29,29
40319,1,1,1988,23,11,30,18,3,20,24,14,5,16
40320,1,1,1988,10,10,10,10,10,10,10,10,10,10
40321,1,1,1988,6,6,6,6,6,6,6,6,6,6
40321,2,1,1988,0,0,0,0,0,0,0,0,0,0
40322,1,1,1988,0,13,18,12,17,0,28,0,17,0
40323,1,1,1988,24,9,11,14,0,8,4,15,12,19
40323,2,1,1988,8,8,0,34,7,22,6,28,9,0
40324,1,1,1988,0,0,0,0,0,0,0,0,0,20
40324,2,1,1988,0,0,0,0,0,0,0,0,0,0
40325,1,1,1988,0,0,0,0,0,4,5,8,30,0
40326,0,1,1988,19,19,19,19,19,19,19,19,19,19
40326,1,1,1988,0,0,0,0,0,0,0,0,0,0
40327,1,1,1988,6,0,0,0,0,0,0,0,24,0
40328,1,1,1988,26,26,26,26,26,26,26,26,26,26
40328,2,1,1988,0,0,0,0,0,0,0,0,0,0
40329,1,1,1988,0,0,0,0,0,0,0,0,0,0
40329,2,1,1988,0,0,0,0,0,0,0,0,0,0
40330,1,1,1988,0,0,0,0,0,0,0,0,0,0
40330,2,1,1988,0,9,0,0,0,0,0,0,10,0
40330,3,1,1988,0,0,0,0,0,0,0,0,0,0
40331,1,1,1988,0,0,25,0,0,0,0,22,6,0
40332,1,1,1988,29,15,5,6,0,26,19,20,15,13
40333,1,1,1988,0,0,0,17,33,24,27,15,0,17
40334,0,1,1988,0,0,0,0,0,0,0,0,0,0
40334,1,1,1988,0,0,0,0,0,0,0,0,0,0
40335,1,1,1988,18,28,8,19,28,12,26,9,16,42
40336,1,1,1988,15,15,15,15,15,15,15,15,15,15
40336,2,1,1988,16,0,0,3,0,0,0,0,0,16
40337,1,1,1988,5,0,21,0,19,13,10,21,16,18
40338,1,1,1988,0,0,0,0,0,0,0,0,0,0
40338,2,1,1988,9,9,9,9,9,9,9,9,9,9
40339,1,1,1988,0,0,0,0,0,0,0,0,0,0
40339,2,1,1988,0,0,0,0,0,0,0,0,0,0
40339,3,1,1988,0,0,0,0,0,0,0,0,0,0
40340,0,1,1988,0,0,0,0,0,0,0,21,4,0
40340,1,1,1988,17,0,0,0,0,0,0,0,0,0
40341,1,1,1988,0,0,0,0,0,0,0,0,0,0
40341,2,1,1988,0,0,0,0,0,0,0,0,0,0
40342,1,1,1988,0,0,0,0,0,0,0,0,0,0
40343,1,1,1988,0,0,0,0,0,0,17,0,0,0
40343,2,1,1988,0,0,0,0,0,0,0,0,0,0
40344,1,1,1988,27,27,27,27,27,27,27,27,27,27
40345,1,1,1988,0,0,0,0,0,0,0,0,0,0
40345,2,1,1988,0,0,0,0,0,0,0,0,0,12
40346,0,1,1988,28,28,28,28,28,28,28,28,28,28
40346,1,1,1988,0,0,0,0,9,0,9,0,0,10
40347,1,1,1988,0,0,0,0,0,0,0,0,0,0
40348,1,1,1988,0,0,0,0,0,0,0,0,0,0
40349,1,1,1988,0,0,0,0,0,0,0,0,0,0
40349,2,1,1988,0,0,0,0,0,0,0,0,0,0
40349,3,1,1988,0,0,0,0,0,0,0,0,0,0
40350,1,1,1988,31,0,0,0,0,0,0,17,15,0
40350,2,1,1988,9,0,0,9,0,0,0,0,0,0
40351,1,1,1988,0,0,0,0,0,0,6,0,0,0
40352,1,1,1988,7,0,0,0,0,4,10,2,0,13
40352,2,1,1988,5,0,10,0,17,0,0,10,7,10
40353,1,1,1988,20,6,18,26,23,17,16,6,20,8
40354,1,1,1988,0,0,0,0,0,14,17,0,0,0
40355,1,1,1988,0,0,0,15,0,0,0,0,0,5
40355,2,1,1988,0,0,0,0,0,0,0,0,0,0
40356,1,1,1988,25,2,24,16,7,17,13,33,13,13
40357,1,1,1988,0,0,0,0,0,0,0,0,0,0
40357,2,1,1988,0,0,0,0,0,0,0,0,5,0
40357,3,1,1988,0,0,0,0,0,0,0,0,0,0
40358,1,1,1988,0,0,0,0,0,0,0,0,0,0
40358,2,1,1988,0,0,0,0,0,0,0,0,0,0
40359,1,1,1988,0,0,0,0,9,0,0,0,14,7
40360,1,1,1988,0,0,0,0,10,0,8,11,16,0
40361,0,1,1988,0,0,0,0,0,0,0,0,0,0
40361,1,1,1988,0,0,0,0,0,0,0,0,0,0
40362,0,1,1988,18,0,0,0,0,17,0,0,0,0
40362,1,1,1988,7,0,0,35,1,16,13,16,19,12
40363,1,1,1988,11,11,11,11,11,11,11,11,11,11
40364,1,1,1988,0,0,0,0,0,0,0,0,0,0
40364,2,1,1988,0,0,0,0,0,0,0,0,0,0
40365,1,1,1988,0,0,0,0,0,0,0,0,0,0
40365,2,1,1988,0,0,0,0,0,0,0,0,0,0
40366,1,1,1988,0,7,23,0,8,9,18,14,31,15
40366,2,1,1988,15,15,15,15,15,15,15,15,15,15
40367,1,1,1988,15,15,15,15,15,15,15,15,15,15
40368,1,1,1988,8,8,8,8,8,8,8,8,8,8
40369,1,1,1988,0,0,0,0,0,0,0,0,0,0
40370,0,1,1988,17,0,0,0,0,0,0,0,0,0
40370,1,1,1988,0,0,0,0,0,18,0,0,0,0
40371,1,1,1988,18,18,18,18,18,18,18,18,18,18
40371,2,1,1988,17,0,0,18,0,12,2,0,0,16
40372,1,1,1988,0,0,5,0,0,0,0,0,0,0
40372,2,1,1988,6,9,18,7,19,0,0,10,9,8
40373,1,1,1988,20,6,10,32,11,18,11,26,17,12
40374,1,1,1988,0,0,14,0,0,0,11,8,0,0
40374,2,1,1988,0,0,0,0,0,0,11,0,0,8
40375,1,1,1988,23,23,23,23,23,23,23,23,23,23
40376,1,1,1988,0,0,0,0,0,0,0,0,0,0
40377,1,1,1988,0,0,0,0,0,0,0,0,0,0
40378,1,1,1988,14,8,17,20,18,23,0,7,10,18
40379,0,1,1988,0,0,39,0,20,0,0,18,0,23
40379,1,1,1988,0,0,11,0,0,10,26,0,0,0
40380,1,1,1988,0,0,0,0,0,0,0,0,0,0
40380,2,1,1988,0,0,0,0,0,0,0,0,0,0
40381,1,1,1988,0,0,0,44,0,15,0,0,0,0
40382,1,1,1988,0,0,33,0,0,0,0,23,0,0
40383,1,1,1988,0,0,0,0,0,0,0,22,0,0
40383,2,1,1988,0,0,0,0,0,0,0,0,5,0
40384,0,1,1988,0,0,0,0,0,0,0,0,0,0
40384,1,1,1988,0,0,0,0,0,0,0,0,0,0
40385,0,1,1988,0,0,0,0,0,0,0,0,0,0
40385,1,1,1988,0,0,0,0,0,0,0,0,0,0
40386,1,1,1988,19,12,9,5,0,0,7,6,19,19
40386,2,1,1988,5,7,13,10,23,13,11,12,14,8
40387,1,1,1988,0,0,15,0,0,0,0,0,0,0
40388,1,1,1988,0,28,0,14,18,7,11,19,9,18
40388,2,1,1988,7,7,7,7,7,7,7,7,7,7
40389,0,1,1988,26,19,43,21,22,35,0,0,44,28
40389,1,1,1988,0,0,0,0,0,0,0,0,0,0
40390,1,1,1988,9,9,9,9,9,9,9,9,9,9
40391,1,1,1988,0,0,0,0,0,0,0,0,0,0
40392,1,1,1988,21,6,30,15,25,10,18,14,0,0
40392,2,1,1988,29,8,3,14,0,17,8,12,9,10
40393,0,1,1988,0,0,15,13,33,11,19,43,15,25
40393,1,1,1988,0,17,6,14,15,8,11,7,12,14
40394,0,1,1988,0,0,0,0,0,0,0,40,0,0
40394,1,1,1988,0,0,0,0,0,0,0,0,0,0
40395,1,1,1988,12,12,12,12,12,12,12,12,12,12
40395,2,1,1988,0,0,0,0,0,0,0,0,0,0
40396,1,1,1988,13,13,0,0,7,0,0,0,0,0
40397,1,1,1988,19,19,19,19,19,19,19,19,19,19
40397,2,1,1988,0,0,0,0,13,0,0,0,0,0
40398,1,1,1988,11,14,18,9,19,19,14,7,10,21
40399,1,1,1988,12,23,0,15,15,7,8,33,0,21
40399,2,1,1988,19,7,17,0,0,26,3,3,11,11
40400,0,1,1988,0,0,0,0,0,0,0,0,0,0
40400,1,1,1988,0,0,0,0,0,0,0,0,0,0
40401,1,1,1988,17,17,17,17,17,17,17,17,17,17
40402,1,1,1988,17,16,13,19,18,7,8,0,18,16
40402,2,1,1988,30,4,15,6,12,21,11,17,23,10
40403,0,1,1988,0,0,0,0,0,0,0,0,0,0
40403,1,1,1988,0,0,0,0,0,0,0,0,0,0
40404,1,1,1988,0,0,0,0,0,0,0,0,0,0
40404,2,1,1988,0,0,23,0,0,0,0,0,0,15
40405,1,1,1988,19,19,19,19,19,19,19,19,19,19
40405,2,1,1988,0,0,0,0,0,0,0,0,0,0
40405,3,1,1988,0,0,0,0,0,0,0,0,0,0
40406,1,1,1988,25,4,19,28,30,20,17,18,20,20
40407,1,1,1988,0,0,0,0,0,0,0,0,13,16
40408,1,1,1988,26,26,26,26,26,26,26,26,26,26
40409,1,1,1988,0,0,0,22,11,0,0,0,12,0
40410,1,1,1988,20,0,0,23,4,6,14,7,22,0
40411,0,1,1988,0,0,0,0,0,0,0,0,0,0
40411,1,1,1988,0,0,0,0,0,0,0,0,0,0
40412,1,1,1988,6,3,22,12,33,17,11,5,15,19
40413,1,1,1988,0,0,0,0,0,0,0,0,0,0
40413,2,1,1988,0,0,0,0,0,0,0,0,0,0
40414,1,1,1988,0,0,0,0,5,0,0,0,0,0
40414,2,1,1988,0,0,0,0,0,0,0,0,0,0
40415,1,1,1988,0,0,0,0,0,0,0,0,0,0
40415,2,1,1988,0,0,0,0,0,0,0,0,0,0
40415,3,1,1988,0,0,0,0,0,0,0,0,0,0
40416,1,1,1988,16,29,24,17,18,24,8,19,26,19
40417,1,1,1988,13,13,13,13,13,13,13,13,13,13
40418,1,1,1988,20,20,20,20,20,20,20,20,20,20
40418,2,1,1988,0,0,0,0,0,0,0,0,0,0
40419,1,1,1988,0,0,0,0,0,0,0,0,0,0
40420,1,1,1988,0,10,12,7,0,4,9,9,17,19
40421,1,1,1988,16,16,16,16,16,16,16,16,16,16
40422,1,1,1988,0,0,0,0,0,0,0,7,0,0
40423,1,1,1988,0,16,0,0,0,0,0,13,13,0
40425,1,1,1988,22,5,11,6,20,14,23,15,14,10
40426,0,1,1988,0,0,0,0,0,0,0,0,0,0
40426,1,1,1988,0,0,0,0,0,0,0,0,0,0
40427,1,1,1988,7,0,13,11,2,0,10,0,23,19
40428,1,1,1988,0,0,0,0,0,0,0,0,0,0
40429,0,1,1988,0,0,0,0,0,0,0,0,0,0
40429,1,1,1988,32,32,32,32,32,32,32,32,32,32
40430,1,1,1988,0,12,0,0,0,0,0,0,0,0
40431,1,1,1988,0,0,0,0,0,0,0,0,0,0
40432,1,1,1988,22,22,22,22,22,22,22,22,22,22
40433,1,1,1988,0,15,22,0,0,0,0,0,0,14
40433,2,1,1988,0,0,0,0,0,0,0,0,0,0
40434,1,1,1988,12,12,12,12,12,12,12,12,12,12
40434,2,1,1988,14,0,0,0,0,32,0,0,0,0
40435,1,1,1988,0,0,0,0,0,0,0,0,0,0
40436,1,1,1988,0,0,0,0,0,0,0,0,0,0
40436,2,1,1988,17,12,3,15,3,2,9,12,8,0
40437,1,1,1988,0,21,3,0,0,0,0,13,0,0
40438,1,1,1988,0,0,0,3,0,0,8,0,0,16
40439,1,1,1988,0,0,0,0,0,0,0,0,0,0
40439,2,1,1988,0,0,17,0,0,0,13,0,0,0
40440,1,1,1988,9,0,0,16,0,0,0,0,5,0
40441,1,1,1988,27,27,27,27,27,27,27,27,27,27
40442,0,1,1988,0,0,0,0,0,0,0,0,0,0
40442,1,1,1988,6,6,6,6,6,6,6,6,6,6
40443,1,1,1988,0,0,0,0,0,0,0,0,0,0
40443,2,1,1988,0,0,0,0,0,0,0,0,0,0
40444,1,1,1988,25,8,0,17,16,18,21,33,16,20
40445,1,1,1988,15,15,15,15,15,15,15,15,15,15
40446,1,1,1988,0,0,0,0,0,0,0,0,0,27
40447,1,1,1988,0,0,0,0,0,0,0,0,0,0
40447,2,1,1988,0,0,0,0,0,0,0,0,0,0
40447,3,1,1988,0,0,0,0,0,0,0,0,0,0
40448,1,1,1988,0,0,0,0,0,0,0,0,0,0
40448,2,1,1988,0,0,0,0,0,0,0,0,0,0
40448,3,1,1988,0,0,0,0,7,0,0,0,0,0
40449,0,1,1988,0,4,31,9,24,27,31,34,0,5
40449,1,1,1988,11,19,0,0,0,7,11,4,13,13
40451,1,1,1988,0,0,0,0,0,0,0,0,0,0