ST_CASE,VEH_NO,PER_NO,YEAR,P1,P2,P3,P4,P5,P6,P7,P8,P9,P10
40451,2,1,1988,0,0,0,0,0,0,0,0,0,0
40452,0,1,1988,32,19,20,19,15,11,17,20,0,24
40452,1,1,1988,0,0,0,18,0,0,24,0,0,38
40453,1,1,1988,7,7,7,7,7,7,7,7,7,7
40453,2,1,1988,0,0,0,0,0,0,0,0,0,0
40454,1,1,1988,0,0,0,0,0,0,0,0,0,0
40454,2,1,1988,0,0,0,0,0,0,25,0,0,0
40454,3,1,1988,0,0,0,0,0,0,0,0,0,0
40455,1,1,1988,22,22,22,22,22,22,22,22,22,22
40456,1,1,1988,0,0,0,0,0,0,0,0,0,0
40457,1,1,1988,10,10,10,10,10,10,10,10,10,10
40457,2,1,1988,0,0,0,0,0,0,14,0,0,13
40458,1,1,1988,0,0,0,0,0,0,0,0,0,0
40458,2,1,1988,0,0,0,0,0,0,0,0,0,0
40458,3,1,1988,0,0,0,0,0,0,0,0,0,0
40459,1,1,1988,19,19,19,19,19,19,19,19,19,19
40460,1,1,1988,0,0,0,0,0,0,0,0,0,0
40461,1,1,1988,5,5,5,5,5,5,5,5,5,5
40461,2,1,1988,0,0,0,0,0,0,0,0,0,0
40461,3,1,1988,14,0,5,0,0,14,11,0,11,0
40462,1,1,1988,21,0,0,0,20,17,15,0,15,0
40462,2,1,1988,0,0,0,0,0,0,0,0,0,0
40463,1,1,1988,5,13,12,16,28,27,8,16,28,23
40464,1,1,1988,0,0,0,0,0,0,0,0,0,0
40464,2,1,1988,0,0,0,0,0,0,0,0,0,0
40465,1,1,1988,19,14,25,26,25,11,15,12,18,20
40466,1,1,1988,7,0,0,0,0,0,16,0,0,0
40466,2,1,1988,0,0,13,0,0,0,0,0,0,0
40467,1,1,1988,10,12,17,0,18,12,17,30,15,17
40468,1,1,1988,0,0,0,0,0,0,0,0,0,0
40469,1,1,1988,0,0,0,0,0,0,0,0,0,0
40469,2,1,1988,0,0,0,0,0,0,0,0,0,0
40470,1,1,1988,0,30,0,0,0,0,0,0,0,0
40470,2,1,1988,0,0,0,0,0,0,0,0,0,0
40471,1,1,1988,0,0,0,0,0,0,0,0,0,0
40472,1,1,1988,13,13,13,13,13,13,13,13,13,13
40473,1,1,1988,29,8,0,0,0,19,18,0,0,14
40474,1,1,1988,0,0,5,0,0,0,0,0,0,0
40474,2,1,1988,0,0,0,0,0,0,0,0,0,0
40475,0,1,1988,0,0,0,0,0,0,0,0,0,0
40475,1,1,1988,0,0,2,0,0,0,0,0,0,0
40476,1,1,1988,27,21,0,37,20,37,46,35,16,19
40477,1,1,1988,7,0,15,37,0,0,0,18,0,31
40478,1,1,1988,0,0,0,0,0,0,0,0,0,0
40478,2,1,1988,0,0,0,0,0,0,0,0,0,0
40479,1,1,1988,0,0,0,0,0,0,0,0,0,0
40480,1,1,1988,18,0,0,0,0,0,0,0,6,0
40481,0,1,1988,0,0,0,0,0,0,0,0,0,0
40481,0,2,1988,14,0,24,16,0,0,35,0,6,22
40481,1,1,1988,0,0,0,0,0,0,0,0,0,0
40482,1,1,1988,0,0,0,0,0,0,0,0,0,0
40483,1,1,1988,0,7,0,9,0,0,0,17,9,0
40484,1,1,1988,0,0,0,0,0,0,0,0,0,0
40485,1,1,1988,12,11,13,0,13,10,6,9,9,19
40485,2,1,1988,0,0,0,0,10,30,0,0,0,0
40486,1,1,1988,0,0,0,0,0,0,0,0,0,0
40486,2,1,1988,0,0,0,0,0,0,0,0,0,0
40487,1,1,1988,11,11,11,11,11,11,11,11,11,11
40487,2,1,1988,8,8,8,8,8,8,8,8,8,8
40487,3,1,1988,0,0,0,0,33,0,0,0,0,0
40487,4,1,1988,0,0,0,0,0,0,0,0,0,0
40488,1,1,1988,13,7,17,14,0,21,16,22,14,17
40489,0,1,1988,0,0,0,0,0,0,0,0,0,0
40489,1,1,1988,0,0,0,0,0,0,0,0,0,0
40490,1,1,1988,13,26,21,39,20,4,15,20,22,9
40491,1,1,1988,0,0,0,16,0,0,0,13,0,0
40491,2,1,1988,7,6,23,11,33,15,18,15,17,16
40492,1,1,1988,0,0,0,0,0,0,0,0,0,0
40493,1,1,1988,20,20,20,20,20,20,20,20,20,20
40494,1,1,1988,21,21,21,21,21,21,21,21,21,21
40494,2,1,1988,0,0,0,0,32,12,0,0,0,8
40495,0,1,1988,0,0,0,0,0,0,0,0,0,0
40495,1,1,1988,0,0,0,0,0,0,0,0,0,0
40496,1,1,1988,24,10,26,6,15,17,17,8,16,34
40497,1,1,1988,11,11,11,11,11,11,11,11,11,11
40498,1,1,1988,17,17,17,17,17,17,17,17,17,17
40498,2,1,1988,0,0,0,0,0,0,0,0,0,0
40499,1,1,1988,0,0,0,0,0,0,23,0,0,0
40499,2,1,1988,0,0,0,0,0,0,0,0,0,0
40500,1,1,1988,13,0,0,0,0,0,0,0,11,0
40500,2,1,1988,0,0,0,0,0,0,0,0,0,0
40501,1,1,1988,0,11,0,0,0,0,0,0,0,0
40502,1,1,1988,15,9,12,10,20,10,14,28,18,27
40502,2,1,1988,32,0,0,0,33,0,0,21,0,0
40503,1,1,1988,21,32,8,4,0,14,0,28,0,21
40504,0,1,1988,0,0,0,0,0,0,0,0,0,23
40504,1,1,1988,0,0,0,0,0,0,0,0,0,0
40504,4,1,1988,0,0,0,0,0,18,0,0,0,0
40504,5,1,1988,0,0,0,0,0,0,0,6,0,0
40504,6,1,1988,0,0,0,0,0,0,0,22,0,0
40505,1,1,1988,0,0,0,0,0,0,0,0,0,0
40505,2,1,1988,0,0,0,0,0,0,0,0,0,0
40505,3,1,1988,0,0,0,0,0,0,0,0,0,0
40505,4,1,1988,0,0,0,0,0,0,0,18,0,0
40506,1,1,1988,13,12,0,14,12,20,3,10,22,28
40507,1,1,1988,12,12,12,12,12,12,12,12,12,12
40508,0,1,1988,26,0,0,13,0,27,0,0,9,0
40508,1,1,1988,0,0,0,20,0,0,0,0,0,0
40509,0,1,1988,5,5,5,5,5,5,5,5,5,5
40509,1,1,1988,29,31,0,7,0,0,0,0,16,26
40510,1,1,1988,12,12,12,12,12,12,12,12,12,12
40511,1,1,1988,0,0,0,0,0,0,0,0,0,0
40511,2,1,1988,0,0,0,0,0,0,0,0,0,0
40512,1,1,1988,0,0,0,11,0,0,0,0,0,15
40512,2,1,1988,14,13,10,13,11,8,21,11,9,19
40513,0,1,1988,0,0,0,0,0,0,0,0,0,0
40513,1,1,1988,0,0,0,0,0,0,0,0,0,0
40514,0,1,1988,0,0,0,0,0,0,0,0,0,0
40514,1,1,1988,0,0,0,0,0,0,0,0,0,0
40515,1,1,1988,0,0,0,0,0,0,0,0,0,0
40515,2,1,1988,0,0,0,0,0,0,0,0,5,0
40516,1,1,1988,0,0,0,0,14,0,0,0,0,0
40516,2,1,1988,12,0,0,0,0,0,26,14,0,0
40516,3,1,1988,0,0,0,0,0,0,0,0,0,0
40516,4,1,1988,0,0,0,0,0,0,0,0,0,0
40516,5,1,1988,0,0,0,0,0,0,0,0,0,0
40516,6,1,1988,0,0,0,0,0,0,0,0,0,0
40516,7,1,1988,0,0,0,0,0,0,0,0,0,0
40517,1,1,1988,0,0,0,3,0,12,0,0,0,0
40518,1,1,1988,0,0,0,0,0,0,0,0,0,0
40518,2,1,1988,0,0,0,0,0,0,0,0,0,0
40519,0,1,1988,0,0,0,0,0,0,0,0,0,0
40519,1,1,1988,0,0,0,0,0,0,0,0,0,0
40520,1,1,1988,10,10,10,10,10,10,10,10,10,10
40520,2,1,1988,0,0,0,0,0,0,0,0,0,0
40521,1,1,1988,14,14,14,14,14,14,14,14,14,14
40522,0,1,1988,0,0,0,26,25,25,0,0,33,11
40522,1,1,1988,24,5,17,0,0,0,0,0,0,0
40523,1,1,1988,0,0,0,0,0,0,0,16,0,0
40523,2,1,1988,10,0,0,0,0,6,0,0,0,0
40524,1,1,1988,0,0,0,0,0,0,0,0,0,0
40524,2,1,1988,0,0,0,0,0,0,0,0,0,0
40525,1,1,1988,0,0,0,0,0,0,0,0,0,0
40525,2,1,1988,12,12,12,12,12,12,12,12,12,12
40526,1,1,1988,28,28,28,28,28,28,28,28,28,28
40527,0,1,1988,0,0,0,0,0,0,0,0,0,0
40527,1,1,1988,0,0,0,0,0,0,0,0,0,0
40528,1,1,1988,0,0,8,0,0,0,0,0,0,0
40529,1,1,1988,12,12,12,12,12,12,12,12,12,12
40530,1,1,1988,17,17,17,17,17,17,17,17,17,17
40531,1,1,1988,15,21,15,0,14,0,0,0,0,0
40532,1,1,1988,0,0,0,0,0,0,0,0,0,4
40532,2,1,1988,0,0,12,0,0,11,10,0,0,0
40533,0,1,1988,0,0,0,0,0,0,0,0,0,0
40533,1,1,1988,0,0,0,0,0,0,0,0,0,0
40534,1,1,1988,20,20,20,20,20,20,20,20,20,20
40534,2,1,1988,0,0,0,0,0,0,0,0,0,0
40535,0,1,1988,0,0,14,0,0,0,0,0,0,4
40535,1,1,1988,0,0,0,0,0,0,0,0,0,0
40536,1,1,1988,0,0,0,19,0,4,0,14,0,0
40537,1,1,1988,1,1,1,1,1,1,1,1,1,1
40537,2,1,1988,0,0,16,0,0,0,0,0,0,23
40538,1,1,1988,0,11,0,19,30,0,0,0,18,4
40538,2,1,1988,0,0,0,0,0,0,0,0,0,0
40539,1,1,1988,20,22,6,31,27,18,23,0,0,0
40540,1,1,1988,0,0,0,0,0,0,0,0,0,0
40540,2,1,1988,0,16,11,11,12,7,11,13,9,14
40541,1,1,1988,0,0,0,0,0,0,0,0,0,0
40541,2,1,1988,0,0,0,0,0,0,0,0,0,0
40542,1,1,1988,0,6,0,0,0,0,0,0,0,0
40542,2,1,1988,0,0,0,0,0,0,0,0,0,0
40543,0,1,1988,31,36,24,22,23,37,0,16,24,0
40543,1,1,1988,0,0,8,0,0,0,0,7,0,0
40544,1,1,1988,21,21,21,21,21,21,21,21,21,21
40545,1,1,1988,20,20,20,20,20,20,20,20,20,20
40546,1,1,1988,25,18,0,0,0,16,20,10,0,0
40547,1,1,1988,23,23,23,23,23,23,23,23,23,23
40548,1,1,1988,24,0,0,16,0,5,0,3,0,0
40548,2,1,1988,0,0,0,0,0,11,12,0,0,14
40549,1,1,1988,0,0,0,0,0,0,0,0,0,0
40549,2,1,1988,0,0,0,0,0,0,0,0,0,0
40550,1,1,1988,12,11,0,19,11,13,16,2,10,7
40551,1,1,1988,0,0,0,0,0,0,0,0,0,0
40552,1,1,1988,10,20,13,8,30,15,26,28,6,26
40553,1,1,1988,0,0,0,0,0,0,0,0,0,0
40554,1,1,1988,15,15,15,15,15,15,15,15,15,15
40554,2,1,1988,0,0,0,0,15,0,0,0,0,0
40555,1,1,1988,0,0,0,0,0,0,0,0,0,0
40555,2,1,1988,0,0,0,0,0,0,0,0,0,0
40556,0,1,1988,0,0,0,0,0,0,0,0,0,0
40556,0,2,1988,0,0,23,0,0,0,0,0,0,0
40556,1,1,1988,0,0,34,0,0,0,0,0,3,0
40557,0,1,1988,0,0,0,0,0,21,0,0,0,0
40557,1,1,1988,0,0,0,0,21,0,0,0,0,0
40558,1,1,1988,0,0,0,0,0,8,0,0,0,0
40558,2,1,1988,0,0,0,0,0,0,0,0,0,0
40558,3,1,1988,0,0,0,0,0,0,0,0,0,0
40558,4,1,1988,27,16,14,15,23,6,22,11,18,18
40559,1,1,1988,0,0,0,0,0,0,0,0,0,0
40559,2,1,1988,0,0,18,0,0,0,0,0,0,0
40560,1,1,1988,0,0,0,0,0,0,0,0,0,0
40560,2,1,1988,0,0,0,0,0,0,0,0,0,0
40561,0,1,1988,0,0,0,0,0,0,0,0,0,0
40561,0,2,1988,0,0,0,0,0,0,0,0,0,0
40561,1,1,1988,9,0,0,0,0,0,0,0,0,0
40562,0,1,1988,30,30,30,30,30,30,30,30,30,30
40562,1,1,1988,11,14,0,16,3,0,0,0,0,21
40563,0,1,1988,0,0,0,0,0,0,0,0,0,0
40563,1,1,1988,0,0,0,0,0,0,0,0,0,0
40564,1,1,1988,27,27,27,27,27,27,27,27,27,27
40564,2,1,1988,0,0,0,0,0,0,0,0,0,0
40565,1,1,1988,0,0,0,0,0,0,13,0,0,0
40566,0,1,1988,0,0,0,0,0,0,0,0,0,0
40566,1,1,1988,13,0,11,0,12,0,0,10,21,17
40567,1,1,1988,0,0,0,0,0,0,0,0,0,0
40567,2,1,1988,0,0,0,0,0,0,0,0,0,0
40568,1,1,1988,19,11,16,16,11,16,5,4,14,0
40568,2,1,1988,0,0,0,0,0,0,0,0,0,0
40569,1,1,1988,18,18,18,18,18,18,18,18,18,18
40569,2,1,1988,0,0,0,0,0,0,0,0,0,0
40570,0,1,1988,7,0,21,7,20,29,15,23,5,42
40570,1,1,1988,0,0,0,23,0,0,0,0,0,0
40571,1,1,1988,17,8,31,41,18,12,9,15,23,11
40571,2,1,1988,16,16,16,16,16,16,16,16,16,16
40572,1,1,1988,24,0,0,0,0,0,0,0,0,0
40572,2,1,1988,15,0,0,0,0,0,0,0,0,0
40572,3,1,1988,0,0,0,0,0,12,0,0,0,0
40573,0,1,1988,0,0,0,0,0,0,0,0,0,0
40573,1,1,1988,0,0,0,0,0,0,0,0,0,0
40574,0,1,1988,23,23,23,23,23,23,23,23,23,23
40574,1,1,1988,0,0,0,0,0,0,0,0,0,0
40575,1,1,1988,14,14,23,15,13,14,11,7,13,13
40576,0,1,1988,0,0,0,0,0,0,0,0,0,0
40576,1,1,1988,0,0,0,0,0,0,0,0,0,0
40577,0,1,1988,0,0,0,0,0,0,0,0,0,0
40577,1,1,1988,0,0,0,0,0,0,0,0,0,0
40578,1,1,1988,0,0,0,0,0,0,0,0,0,0
40578,2,1,1988,0,0,0,0,0,0,0,26,0,0
40579,0,1,1988,0,0,0,0,0,0,0,0,0,0
40579,1,1,1988,0,14,13,16,3,5,13,11,28,15
40580,1,1,1988,9,10,24,19,8,18,15,22,16,10
40581,1,1,1988,0,0,0,0,0,20,23,3,0,0
40582,1,1,1988,16,0,0,14,0,14,19,14,21,15
40583,1,1,1988,12,12,12,12,12,12,12,12,12,12
40584,1,1,1988,0,0,0,0,0,0,0,0,0,0
40585,1,1,1988,0,0,26,0,0,0,11,0,0,0
40585,2,1,1988,0,0,0,0,0,11,0,4,0,0
40585,3,1,1988,0,0,0,0,0,0,0,0,0,0
40585,4,1,1988,0,0,0,0,0,0,0,0,0,0
40586,1,1,1988,0,0,0,0,0,0,0,0,0,0
40587,1,1,1988,0,0,0,0,0,0,0,0,0,0
40587,2,1,1988,0,0,0,0,0,0,0,0,0,0
40588,1,1,1988,0,0,0,0,0,0,0,0,0,0
40588,2,1,1988,0,0,0,0,0,0,0,0,0,0
40589,1,1,1988,0,8,5,19,24,5,11,18,45,18
40590,1,1,1988,30,30,30,30,30,30,30,30,30,30
40591,1,1,1988,0,0,0,0,0,0,0,0,0,0
40591,2,1,1988,7,7,7,7,7,7,7,7,7,7
40592,0,1,1988,0,0,0,0,0,0,0,0,0,0
40592,1,1,1988,0,0,0,0,0,0,0,0,0,0
40593,1,1,1988,25,25,25,25,25,25,25,25,25,25
40594,1,1,1988,17,7,24,18,5,25,8,6,15,18
40595,1,1,1988,15,15,15,15,15,15,15,15,15,15
40595,2,1,1988,0,0,0,0,0,0,0,0,0,0
40595,3,1,1988,0,15,13,9,0,0,1,0,0,0
40596,1,1,1988,11,13,26,29,13,14,25,13,26,4
40597,1,1,1988,0,0,0,0,0,0,0,0,0,0
40599,1,1,1988,0,12,20,7,15,2,18,0,0,20
40599,2,1,1988,0,0,6,0,0,0,0,0,0,0
40600,1,1,1988,18,0,43,18,0,17,7,12,18,31
40601,0,1,1988,18,0,0,17,0,0,14,0,0,8
40601,1,1,1988,0,0,0,0,0,0,0,0,0,0
40602,1,1,1988,21,21,21,21,21,21,21,21,21,21
40603,1,1,1988,0,0,3,0,0,0,0,0,0,0
40603,2,1,1988,31,31,31,31,31,31,31,31,31,31
40604,0,1,1988,15,15,15,15,15,15,15,15,15,15
40604,1,1,1988,0,0,0,0,12,0,0,0,0,0
40604,2,1,1988,0,0,0,0,0,0,0,0,0,0
40605,1,1,1988,19,20,0,0,0,0,0,0,3,0
40605,2,1,1988,0,0,0,0,0,0,0,0,0,0
40606,1,1,1988,10,10,10,10,10,10,10,10,10,10
40606,2,1,1988,0,0,0,0,0,0,0,0,0,0
40606,3,1,1988,0,0,0,0,0,0,4,0,0,0
40607,1,1,1988,24,24,24,24,24,24,24,24,24,24
40608,0,1,1988,0,0,0,0,0,0,0,0,0,0
40608,1,1,1988,0,0,0,0,0,0,0,0,0,0
40609,0,1,1988,0,0,0,0,17,0,0,0,0,0
40609,1,1,1988,12,0,0,0,0,0,0,0,0,0
40610,0,1,1988,0,0,0,0,0,0,0,0,0,0
40610,1,1,1988,0,0,0,0,0,0,0,0,0,0
40611,0,1,1988,11,11,11,11,11,11,11,11,11,11
40611,1,1,1988,28,9,0,34,23,16,13,16,16,9
40612,0,1,1988,16,16,16,16,16,16,16,16,16,16
40612,1,1,1988,23,10,8,10,8,26,11,8,13,0
40613,1,1,1988,18,18,18,18,18,18,18,18,18,18
40614,1,1,1988,16,16,16,16,16,16,16,16,16,16
40614,2,1,1988,0,0,0,0,0,0,0,0,0,0
40615,1,1,1988,0,0,0,0,0,5,0,0,0,0
40616,1,1,1988,0,0,0,0,0,0,0,0,0,0
40616,2,1,1988,9,0,0,0,0,0,0,0,0,11
40617,1,1,1988,18,18,18,18,18,18,18,18,18,18
40617,2,1,1988,0,0,0,0,0,0,0,0,0,0
40618,0,1,1988,0,0,0,0,0,0,61,0,18,0
40618,1,1,1988,0,0,0,0,0,0,0,0,0,0
40619,1,1,1988,0,0,0,0,0,0,0,0,0,0
40619,2,1,1988,0,0,0,0,0,0,0,0,0,0
40620,1,1,1988,11,11,11,11,11,11,11,11,11,11
40620,2,1,1988,21,21,21,21,21,21,21,21,21,21
40621,1,1,1988,0,0,0,14,0,0,0,0,0,0
40621,2,1,1988,11,11,0,9,8,10,4,7,6,0
40622,1,1,1988,13,0,26,0,18,36,0,12,0,25
40623,1,1,1988,19,10,17,13,21,0,0,16,0,0
40623,2,1,1988,0,0,0,6,0,16,0,0,16,0
40624,1,1,1988,16,16,16,16,16,16,16,16,16,16
40625,0,1,1988,22,22,22,22,22,22,22,22,22,22
40625,1,1,1988,7,0,15,12,0,0,26,10,0,14
40626,1,1,1988,22,22,22,22,22,22,22,22,22,22
40627,0,1,1988,0,0,0,0,0,0,0,0,0,0
40627,1,1,1988,30,30,30,30,30,30,30,30,30,30
40628,0,1,1988,0,0,0,0,0,0,0,0,0,0
40628,1,1,1988,0,0,0,0,0,0,0,0,0,0
40629,1,1,1988,17,17,17,17,17,17,17,17,17,17
40630,1,1,1988,22,22,22,22,22,22,22,22,22,22
40630,2,1,1988,17,0,0,0,0,4,23,23,0,0
40631,1,1,1988,0,0,0,0,0,0,0,0,0,0
40631,2,1,1988,15,0,8,10,15,11,5,5,15,8
40632,1,1,1988,0,0,0,0,18,0,0,0,0,0
40633,0,1,1988,28,0,37,54,0,0,18,0,25,17
40633,1,1,1988,0,0,0,0,0,0,0,0,0,0
40634,0,1,1988,5,21,33,0,41,0,0,18,0,0
40634,1,1,1988,0,0,0,0,0,0,0,0,0,0
40635,0,1,1988,20,0,0,0,0,27,0,0,3,0
40635,0,2,1988,0,0,0,0,0,0,0,0,0,0
40635,1,1,1988,0,0,0,0,0,0,0,0,0,0
40636,1,1,1988,0,0,0,0,0,0,0,0,0,0
40636,2,1,1988,0,0,0,0,0,14,0,0,0,27
40636,3,1,1988,0,0,0,0,0,0,0,0,0,0
40637,0,1,1988,0,0,0,0,0,0,0,0,0,0
40637,1,1,1988,0,0,0,0,0,0,0,0,0,0
40638,0,1,1988,0,0,0,0,0,0,0,0,0,0
40638,1,1,1988,0,0,0,0,0,0,0,0,0,0
40639,1,1,1988,0,10,11,13,6,7,25,20,23,17
40639,2,1,1988,0,0,0,0,0,0,0,0,0,0
40640,1,1,1988,25,15,28,0,0,8,19,10,6,18
40640,2,1,1988,0,0,0,0,0,0,0,0,0,0
40640,3,1,1988,0,0,0,0,0,0,0,0,0,0
40641,0,1,1988,30,0,0,0,0,31,0,0,0,0
40641,1,1,1988,0,0,0,0,0,0,0,0,0,0
40642,1,1,1988,0,0,0,0,0,0,0,0,0,0
40642,2,1,1988,0,0,0,0,0,11,0,0,0,14
40642,3,1,1988,0,0,0,0,0,0,0,0,0,0
40643,1,1,1988,11,0,13,0,12,0,18,0,6,0
40644,1,1,1988,11,33,32,30,14,6,17,10,18,21
40644,2,1,1988,0,0,0,0,0,0,0,0,0,0
40645,1,1,1988,19,19,19,19,19,19,19,19,19,19
40646,0,1,1988,0,0,0,0,0,0,0,0,0,0
40646,0,2,1988,0,0,0,0,0,0,0,0,0,0
40646,1,1,1988,0,0,0,0,0,0,0,0,0,15
40647,0,1,1988,0,0,22,0,0,0,0,0,0,0
40647,1,1,1988,0,0,0,0,0,0,0,0,0,0
40648,0,1,1988,0,0,0,0,0,0,0,0,0,0
40648,1,1,1988,0,0,0,0,0,0,0,37,0,0
40649,0,1,1988,0,0,0,0,0,0,0,0,0,0
40649,1,1,1988,0,0,0,0,9,0,9,0,0,0
40650,1,1,1988,0,0,0,0,0,0,0,0,0,0
40650,2,1,1988,0,0,0,0,0,0,0,0,0,0
40651,1,1,1988,14,10,14,20,10,17,18,19,30,34
40652,1,1,1988,17,17,17,17,17,17,17,17,17,17
40653,0,1,1988,8,8,8,8,8,8,8,8,8,8
40653,1,1,1988,0,0,13,0,0,0,0,16,0,29
40654,0,1,1988,0,0,0,0,0,0,0,0,0,0
40654,1,1,1988,0,0,0,0,0,0,13,0,0,0
40655,0,1,1988,0,0,0,0,0,0,0,0,0,0
40655,1,1,1988,0,0,0,0,0,0,0,0,0,0
40656,1,1,1988,0,0,0,0,0,0,0,0,0,0
40656,2,1,1988,0,0,0,0,0,0,13,0,0,0
40658,1,1,1988,0,0,0,0,0,0,0,0,0,0
40658,2,1,1988,0,0,0,0,0,0,0,0,0,0
40659,1,1,1988,0,0,17,0,0,0,0,0,0,0
40659,2,1,1988,0,0,0,0,0,0,0,0,0,0
40660,1,1,1988,0,0,0,0,0,0,0,0,0,0
40660,2,1,1988,0,0,14,0,0,0,0,0,0,0
40661,1,1,1988,31,31,31,31,31,31,31,31,31,31
40661,2,1,1988,0,0,0,0,0,0,0,0,0,0
40662,1,1,1988,0,11,13,16,20,19,14,12,15,31
40663,1,1,1988,9,4,11,0,30,0,13,12,7,32
40663,2,1,1988,0,0,0,0,0,0,0,0,0,0
40664,0,1,1988,30,30,30,30,30,30,30,30,30,30
40664,1,1,1988,34,0,0,0,14,0,0,10,0,0
40665,1,1,1988,18,13,18,9,16,19,17,0,20,18
40666,1,1,1988,10,10,0,21,15,13,18,18,13,0
40667,1,1,1988,0,0,0,11,0,0,0,0,0,0
40667,2,1,1988,0,0,0,0,0,0,0,0,0,0
40667,3,1,1988,0,0,0,0,0,0,0,0,0,0
40668,1,1,1988,0,0,0,0,0,0,0,0,0,0
40669,1,1,1988,0,0,0,11,0,0,0,0,0,0
40670,1,1,1988,16,14,17,0,12,2,0,4,10,27
40671,1,1,1988,0,0,0,0,0,0,15,0,0,0
40672,1,1,1988,0,0,0,0,0,0,0,0,0,31
40672,2,1,1988,0,0,0,0,0,0,0,0,0,0
40673,0,1,1988,0,0,0,0,0,0,0,0,0,0
40673,0,2,1988,0,15,0,26,28,0,0,0,0,0
40673,1,1,1988,18,18,18,18,18,18,18,18,18,18
40674,0,1,1988,0,0,0,0,0,0,0,0,0,0
40674,1,1,1988,0,0,0,0,0,0,0,0,0,0
40675,1,1,1988,25,25,25,25,25,25,25,25,25,25
40676,0,1,1988,0,0,0,0,0,0,0,0,0,0
40676,1,1,1988,0,0,0,0,0,0,0,0,0,0
40677,1,1,1988,0,0,0,0,0,0,0,0,0,0
40677,2,1,1988,0,0,0,0,0,0,0,0,0,0
40678,0,1,1988,30,30,30,30,30,30,30,30,30,30
40678,1,1,1988,19,10,0,23,0,0,0,0,0,0
40679,0,1,1988,9,9,9,9,9,9,9,9,9,9
40679,1,1,1988,0,0,0,0,0,0,0,0,0,0
40680,1,1,1988,25,21,18,26,15,17,13,25,38,13
40680,2,1,1988,0,0,0,0,0,0,0,0,0,0
40681,0,1,1988,0,0,0,0,0,0,0,0,0,0
40681,1,1,1988,0,0,0,0,0,0,0,0,0,0
40682,1,1,1988,0,0,0,0,0,0,0,0,0,10
40682,2,1,1988,0,0,0,0,0,0,0,0,0,0
40683,1,1,1988,24,10,20,4,36,20,21,16,22,27
40684,1,1,1988,13,13,18,26,12,21,12,26,16,13
40685,1,1,1988,14,21,3,17,6,15,21,12,11,6
40685,2,1,1988,0,0,0,0,0,0,0,0,0,0
40686,1,1,1988,0,0,0,0,23,0,0,0,0,0
40687,1,1,1988,0,0,0,0,0,0,0,0,0,0
40688,1,1,1988,10,31,14,26,16,10,31,10,11,19
40689,1,1,1988,0,0,0,0,0,0,0,2,0,0
40690,1,1,1988,8,8,8,8,8,8,8,8,8,8
40691,1,1,1988,0,0,0,0,0,0,0,0,0,0
40691,2,1,1988,0,0,0,0,0,0,0,0,0,0
40692,1,1,1988,0,0,0,0,0,0,0,0,0,0
40693,1,1,1988,21,15,23,25,23,6,12,24,9,20
40694,1,1,1988,27,0,21,16,0,0,16,4,17,13
40695,1,1,1988,0,0,0,0,0,0,0,0,0,0
40696,1,1,1988,0,0,0,0,0,0,0,0,0,0
40696,2,1,1988,0,0,0,0,0,0,0,0,0,0
40697,1,1,1988,1,1,1,1,1,1,1,1,1,1
40697,2,1,1988,12,12,12,12,12,12,12,12,12,12
40698,0,1,1988,25,25,25,25,25,25,25,25,25,25
40698,1,1,1988,0,0,0,0,0,0,0,0,0,0
40699,1,1,1988,0,0,0,0,0,0,0,0,0,0
40699,2,1,1988,0,0,0,0,0,0,0,0,0,0
40700,1,1,1988,0,0,0,0,0,8,0,21,0,0
40701,1,1,1988,0,0,0,0,0,0,0,0,0,0
40702,0,1,1988,18,12,0,23,19,0,19,19,5,14
40702,1,1,1988,0,0,0,0,0,0,0,0,0,0
40703,1,1,1988,0,0,0,0,0,0,0,0,0,0
40703,2,1,1988,0,0,0,0,0,0,0,0,0,0
40704,1,1,1988,0,0,0,0,0,0,0,0,0,0
40704,2,1,1988,0,0,0,0,0,0,0,0,0,0
40705,0,1,1988,0,0,0,0,0,0,0,6,0,0
40705,1,1,1988,0,0,0,0,0,0,0,0,0,0
40706,1,1,1988,0,0,0,0,0,0,0,0,0,0
40707,1,1,1988,0,0,0,0,0,0,0,0,0,0
40707,2,1,1988,0,0,0,0,0,0,0,0,0,0
40707,3,1,1988,0,0,0,0,0,0,0,0,0,0
40708,0,1,1988,0,0,0,0,0,0,0,0,0,0
40708,0,2,1988,0,0,0,0,0,0,0,0,0,0
40708,1,1,1988,0,0,0,0,0,0,0,0,0,0
40709,0,1,1988,16,22,11,28,8,0,20,3,10,22
40709,1,1,1988,0,0,0,0,0,0,0,0,0,0
40710,1,1,1988,18,18,18,18,18,18,18,18,18,18
40711,1,1,1988,8,14,34,15,15,14,10,32,16,14
40712,1,1,1988,19,19,19,19,19,19,19,19,19,19
40713,1,1,1988,19,19,19,19,19,19,19,19,19,19
40714,1,1,1988,12,12,12,12,12,12,12,12,12,12
40714,2,1,1988,0,0,0,0,0,0,0,0,0,0
40715,0,1,1988,1,1,1,1,1,1,1,1,1,1
40715,0,2,1988,0,0,0,0,0,35,0,0,0,15
40715,1,1,1988,0,0,0,0,0,0,0,0,0,0
40716,0,1,1988,29,27,47,8,28,0,25,13,14,29
40716,1,1,1988,17,17,17,17,17,17,17,17,17,17
40717,1,1,1988,16,16,16,16,16,16,16,16,16,16
40718,1,1,1988,0,0,0,0,0,0,0,0,0,0
40719,0,1,1988,0,0,0,27,0,0,0,0,0,0
40719,1,1,1988,0,0,0,0,0,0,0,0,0,20
40720,1,1,1988,3,0,0,0,0,0,0,0,0,0
40721,1,1,1988,0,0,0,0,0,0,0,0,0,0
40721,2,1,1988,0,0,5,0,0,0,0,0,0,0
40722,1,1,1988,23,0,0,0,0,0,0,0,0,0
40722,2,1,1988,0,0,0,0,0,0,6,0,0,0
40723,0,1,1988,0,0,0,0,0,0,0,0,0,0
40723,1,1,1988,5,0,0,0,0,0,0,12,0,0
40724,1,1,1988,0,0,0,0,0,0,0,0,0,0