ST_CASE,VEH_NO,PER_NO,YEAR,P1,P2,P3,P4,P5,P6,P7,P8,P9,P10
40725,1,1,1988,0,0,0,0,0,0,0,0,0,21
40726,1,1,1988,11,11,11,11,11,11,11,11,11,11
40726,2,1,1988,0,0,0,0,0,0,0,0,0,0
40727,0,1,1988,8,0,0,19,0,18,8,12,16,0
40727,1,1,1988,0,0,0,0,2,0,0,0,0,0
40728,1,1,1988,0,0,0,0,0,0,0,0,0,0
40728,2,1,1988,0,0,0,0,0,0,0,0,0,0
40728,3,1,1988,0,0,0,0,0,0,0,0,46,0
40729,0,1,1988,0,0,0,0,0,0,0,0,0,0
40729,1,1,1988,0,0,0,0,0,0,0,0,0,0
40731,1,1,1988,0,0,0,0,0,0,0,0,0,0
40731,2,1,1988,0,24,0,0,0,0,0,0,15,14
40732,1,1,1988,0,0,0,0,0,0,0,0,0,0
40732,2,1,1988,0,0,0,0,0,0,0,0,0,0
40733,1,1,1988,12,22,11,19,14,39,15,26,29,15
40734,1,1,1988,0,0,0,0,0,0,0,0,0,0
40734,2,1,1988,0,0,0,0,0,0,0,0,0,0
40735,1,1,1988,11,11,11,11,11,11,11,11,11,11
40736,1,1,1988,0,0,0,0,0,0,0,0,0,0
40737,1,1,1988,13,0,7,19,22,27,14,0,0,22
40738,1,1,1988,0,0,0,0,0,0,0,0,0,0
40738,2,1,1988,0,0,0,0,0,0,0,0,0,0
40739,0,1,1988,11,23,20,17,23,18,14,19,17,17
40739,1,1,1988,6,9,0,0,30,0,22,0,0,0
40740,1,1,1988,23,23,23,23,23,23,23,23,23,23
40741,1,1,1988,0,21,0,0,0,0,0,0,0,0
40742,1,1,1988,26,26,26,26,26,26,26,26,26,26
40743,1,1,1988,0,0,0,0,0,0,0,0,0,0
40744,1,1,1988,20,20,20,20,20,20,20,20,20,20
40745,1,1,1988,13,9,14,0,15,9,14,17,12,2
40746,1,1,1988,0,0,0,0,0,0,0,0,0,17
40747,0,1,1988,0,0,0,0,0,0,0,0,0,0
40747,1,1,1988,0,0,0,0,0,0,0,0,0,0
40748,1,1,1988,18,16,14,11,12,31,5,17,4,0
40749,1,1,1988,0,0,0,0,0,0,0,0,0,10
40750,1,1,1988,12,12,12,12,12,12,12,12,12,12
40750,2,1,1988,0,0,0,0,0,0,0,0,0,0
40751,0,1,1988,0,0,0,0,0,0,0,0,0,0
40751,1,1,1988,0,0,0,0,6,0,0,13,0,0
40752,1,1,1988,14,14,14,14,14,14,14,14,14,14
40752,2,1,1988,0,0,0,0,0,0,0,0,0,0
40753,1,1,1988,0,0,0,0,0,0,0,0,0,0
40754,1,1,1988,4,4,4,4,4,4,4,4,4,4
40754,2,1,1988,0,0,0,0,0,0,0,0,0,0
40755,1,1,1988,0,0,0,0,0,0,0,0,0,0
40756,1,1,1988,0,0,0,0,19,0,4,0,0,32
40757,0,1,1988,0,0,0,0,6,0,0,0,0,0
40757,1,1,1988,0,0,0,0,0,0,0,0,0,0
40758,0,1,1988,0,0,0,0,0,0,0,0,0,0
40758,1,1,1988,0,0,0,0,0,0,0,0,0,0
40759,0,1,1988,0,0,14,0,0,0,15,0,0,0
40759,1,1,1988,0,0,0,0,0,0,0,0,0,0
40760,0,1,1988,0,0,0,0,0,0,0,0,0,0
40760,1,1,1988,0,0,0,0,0,0,0,0,0,0
40761,1,1,1988,0,0,0,0,0,0,0,0,7,0
40761,2,1,1988,0,0,0,0,0,0,0,0,0,0
40762,1,1,1988,23,23,23,23,23,23,23,23,23,23
40763,1,1,1988,26,26,26,26,26,26,26,26,26,26
40763,2,1,1988,0,0,0,0,0,0,0,0,0,0
40764,1,1,1988,41,41,41,41,41,41,41,41,41,41
40764,2,1,1988,17,0,0,0,0,0,0,0,0,0
40765,0,1,1988,24,24,24,24,24,24,24,24,24,24
40765,1,1,1988,0,12,19,11,0,24,20,6,14,18
40766,1,1,1988,0,0,0,0,0,0,0,0,0,0
40767,1,1,1988,28,28,28,28,28,28,28,28,28,28
40767,2,1,1988,0,0,0,0,0,0,0,0,0,0
40768,1,1,1988,12,20,14,26,16,17,20,16,10,8
40769,1,1,1988,0,10,0,0,0,0,9,0,0,0
40770,1,1,1988,16,21,14,10,11,11,19,16,25,15
40771,1,1,1988,16,0,0,0,0,0,0,0,0,0
40772,0,1,1988,0,0,0,0,0,0,0,0,0,0
40772,0,2,1988,0,0,0,0,0,0,0,0,0,0
40772,1,1,1988,0,0,0,0,0,0,0,0,0,0
40773,1,1,1988,0,0,0,0,0,0,0,0,0,0
40773,2,1,1988,0,0,0,0,0,0,0,0,0,0
40774,1,1,1988,13,13,13,13,13,13,13,13,13,13
40775,1,1,1988,0,0,0,0,0,0,0,0,0,0
40775,2,1,1988,0,0,0,0,0,0,0,0,0,0
40776,1,1,1988,15,15,15,15,15,15,15,15,15,15
40777,1,1,1988,16,16,16,16,16,16,16,16,16,16
40778,0,1,1988,24,24,24,24,24,24,24,24,24,24
40778,1,1,1988,0,0,0,0,0,0,0,0,0,0
40779,1,1,1988,22,22,22,22,22,22,22,22,22,22
40779,2,1,1988,0,0,0,0,0,0,0,0,0,0
40780,1,1,1988,0,0,0,0,0,0,0,0,0,0
40781,0,1,1988,0,0,0,0,0,0,0,0,0,0
40781,1,1,1988,0,0,0,21,0,0,0,0,0,0
40782,1,1,1988,31,27,29,26,4,21,14,14,17,11
40782,2,1,1988,24,9,10,18,8,20,11,23,20,7
40783,1,1,1988,0,0,0,0,0,0,0,0,0,0
40783,2,1,1988,0,0,0,0,0,0,0,0,0,0
40783,3,1,1988,0,0,0,0,0,0,0,0,0,0
40784,1,1,1988,16,15,6,22,6,20,14,11,25,22
40785,1,1,1988,14,14,14,14,14,14,14,14,14,14
40785,2,1,1988,0,0,0,0,0,0,0,0,0,0
40786,1,1,1988,0,0,0,0,0,0,0,0,0,0
40787,1,1,1988,0,0,0,0,0,0,0,0,0,0
40787,2,1,1988,0,0,0,0,0,0,0,0,0,21
40788,0,1,1988,16,16,16,16,16,16,16,16,16,16
40788,1,1,1988,0,0,0,0,8,0,0,0,0,0
40789,1,1,1988,18,26,35,15,28,11,19,23,24,24
40790,1,1,1988,0,0,0,0,0,0,0,0,0,0
40791,1,1,1988,6,0,0,0,0,0,0,0,0,0
40791,2,1,1988,0,0,0,0,0,0,0,0,0,0
40792,1,1,1988,12,14,0,12,11,13,17,21,16,11
40792,2,1,1988,5,18,15,21,8,23,13,27,17,27
40793,0,1,1988,0,0,0,0,0,0,0,0,0,0
40793,1,1,1988,0,0,0,0,0,0,0,0,0,0
40794,1,1,1988,20,20,20,20,20,20,20,20,20,20
40795,1,1,1988,0,0,0,0,0,0,0,0,0,0
40795,2,1,1988,0,0,0,0,0,0,0,0,0,0
40796,1,1,1988,13,13,13,13,13,13,13,13,13,13
40797,1,1,1988,0,0,0,0,0,0,0,0,0,0
40797,2,1,1988,0,0,0,0,0,0,0,0,0,0
40798,0,1,1988,0,0,0,0,0,0,0,0,0,0
40798,1,1,1988,0,0,0,0,0,0,0,0,0,0
40798,2,1,1988,0,0,0,0,0,0,0,0,0,0
40799,0,1,1988,0,0,0,0,0,0,13,0,0,0
40799,1,1,1988,0,0,0,0,0,0,0,0,0,0
40800,1,1,1988,0,0,26,6,0,0,0,26,8,17
40801,0,1,1988,0,0,0,0,0,0,0,0,0,0
40801,0,2,1988,0,0,0,0,0,0,0,0,0,0
40801,1,1,1988,0,0,4,0,0,0,0,0,0,0
40802,1,1,1988,0,0,0,0,0,0,0,0,0,0
40802,2,1,1988,0,0,0,0,0,0,0,0,0,0
40803,0,1,1988,0,0,0,0,0,0,0,0,0,0
40803,1,1,1988,0,0,0,0,0,0,0,0,0,0
40804,1,1,1988,10,10,10,10,10,10,10,10,10,10
40804,2,1,1988,0,0,12,0,12,23,0,0,0,0
40805,1,1,1988,14,14,14,14,14,14,14,14,14,14
40805,2,1,1988,0,0,0,0,0,0,0,17,0,0
40805,3,1,1988,0,0,0,0,0,0,0,0,0,0
40805,4,1,1988,0,0,0,0,0,0,0,0,0,0
40806,0,1,1988,33,0,0,0,0,20,0,0,0,0
40806,1,1,1988,0,0,0,18,29,17,0,0,21,20
40807,1,1,1988,20,20,20,20,20,20,20,20,20,20
40807,2,1,1988,0,0,0,0,0,0,0,0,0,0
40808,1,1,1988,0,0,0,0,0,0,0,0,0,0
40809,1,1,1988,0,0,0,0,0,0,0,0,0,0
40809,2,1,1988,0,18,0,0,0,0,0,0,12,0
40810,1,1,1988,0,0,0,0,0,13,0,0,8,0
40811,1,1,1988,0,0,0,0,0,0,0,0,0,0
40811,2,1,1988,0,0,0,0,0,0,0,0,0,0
40812,1,1,1988,20,20,20,20,20,20,20,20,20,20
40813,1,1,1988,12,12,12,12,12,12,12,12,12,12
40813,2,1,1988,0,0,16,0,0,0,0,0,0,0
40814,1,1,1988,0,0,0,0,0,0,0,0,0,0
40815,0,1,1988,0,0,0,0,0,0,0,0,0,0
40815,1,1,1988,0,0,0,0,0,0,0,0,0,0
40816,0,1,1988,0,0,0,0,0,0,0,0,0,0
40816,1,1,1988,0,0,0,0,0,0,0,0,0,0
40817,0,1,1988,0,0,0,22,12,0,0,0,0,0
40817,0,2,1988,0,0,0,0,0,0,0,0,0,0
40817,1,1,1988,8,8,8,8,8,8,8,8,8,8
40818,1,1,1988,0,0,0,0,0,0,0,0,0,0
40818,2,1,1988,0,0,0,0,0,0,0,0,0,0
40819,1,1,1988,25,25,25,25,25,25,25,25,25,25
40820,1,1,1988,0,0,0,0,0,0,0,0,0,0
40820,2,1,1988,0,0,0,0,0,0,0,0,0,0
40821,1,1,1988,44,32,11,0,50,14,12,14,11,25
40822,1,1,1988,0,6,35,11,22,18,21,5,15,28
40823,1,1,1988,17,17,17,17,17,17,17,17,17,17
40824,1,1,1988,26,16,21,19,12,18,18,29,8,13
40825,0,1,1988,25,0,0,0,22,0,0,0,0,0
40825,1,1,1988,0,22,0,0,0,0,0,0,0,0
40825,2,1,1988,0,0,0,0,13,0,0,5,0,0
40826,0,1,1988,19,17,17,0,20,12,0,25,10,13
40826,1,1,1988,0,0,0,0,0,0,10,0,0,0
40827,1,1,1988,0,0,0,0,0,0,0,0,0,0
40828,1,1,1988,0,0,0,0,0,0,0,0,0,0
40829,0,1,1988,0,8,0,29,36,0,26,0,27,30
40829,1,1,1988,0,2,24,22,0,0,18,8,2,16
40830,1,1,1988,12,31,23,24,15,16,14,25,19,20
40831,1,1,1988,0,0,0,16,0,0,0,0,7,0
40832,1,1,1988,17,39,7,19,0,21,12,20,24,12
40833,0,1,1988,23,23,23,23,23,23,23,23,23,23
40833,1,1,1988,0,9,18,11,0,0,12,13,14,0
40834,1,1,1988,19,24,23,18,11,26,15,0,20,11
40834,2,1,1988,0,0,0,0,0,0,0,0,0,0
40835,1,1,1988,27,0,0,0,0,0,0,0,0,0
40836,1,1,1988,0,0,0,0,0,0,0,0,0,0
40837,1,1,1988,24,24,0,0,26,10,0,0,14,0
40838,1,1,1988,0,0,0,0,0,0,0,0,0,21
40839,1,1,1988,12,3,18,21,28,7,10,2,18,16
40840,1,1,1988,14,17,14,0,0,18,0,22,11,0
40841,1,1,1988,0,0,0,0,0,0,0,0,0,0
40842,1,1,1988,0,0,0,0,0,0,0,0,0,0
40842,2,1,1988,0,0,0,0,0,0,0,0,0,0
40843,0,1,1988,16,0,38,38,28,0,11,17,20,0
40843,1,1,1988,0,0,0,0,0,0,0,4,0,0
40843,2,1,1988,0,0,0,0,0,0,0,0,0,0
40844,1,1,1988,0,0,24,0,0,0,0,0,0,0
40845,1,1,1988,14,14,14,14,14,14,14,14,14,14
40846,1,1,1988,18,4,0,30,19,29,23,16,22,21
40847,1,6,1988,0,0,0,0,11,33,13,0,5,0
40848,1,1,1988,17,17,17,17,17,17,17,17,17,17
40849,1,1,1988,0,0,0,0,0,0,0,0,0,0
40849,2,1,1988,7,9,18,4,16,21,35,9,0,17
40850,1,1,1988,19,19,19,19,19,19,19,19,19,19
40851,1,1,1988,9,21,14,0,13,13,0,0,0,0
40852,1,1,1988,0,0,0,0,0,0,15,0,18,0
40853,0,1,1988,0,0,0,24,0,0,0,0,0,0
40853,1,1,1988,0,0,0,0,12,0,11,0,0,0
40854,0,1,1988,0,0,18,16,0,0,8,0,0,0
40854,1,1,1988,0,0,14,0,0,0,0,4,0,0
50001,1,1,1988,3,3,3,3,3,3,3,3,3,3
50002,1,1,1988,20,20,20,20,20,20,20,20,20,20
50004,1,1,1988,19,26,11,3,22,8,18,10,0,0
50005,1,1,1988,0,0,0,0,0,0,0,0,0,0
50005,2,1,1988,0,0,0,0,0,0,0,0,0,0
50006,1,1,1988,18,12,24,0,24,15,16,14,15,0
50006,2,1,1988,0,0,0,0,0,0,0,0,0,0
50006,3,1,1988,0,0,0,0,0,0,0,0,8,0
50007,1,1,1988,0,0,0,0,0,0,0,0,0,0
50007,2,1,1988,0,0,0,0,0,0,0,0,0,0
50008,0,1,1988,0,0,0,0,0,0,0,0,0,0
50008,1,1,1988,0,0,0,0,0,0,0,0,0,0
50009,1,1,1988,7,15,18,24,26,39,22,0,17,19
50010,1,1,1988,20,18,4,25,28,19,19,13,25,14
50011,1,1,1988,0,0,0,0,0,0,0,0,0,0
50012,1,1,1988,0,0,0,15,0,0,0,0,0,0
50012,2,1,1988,0,0,0,0,0,0,0,0,0,0
50013,1,1,1988,15,19,18,0,5,0,0,0,0,19
50014,1,1,1988,0,0,0,0,0,0,0,0,0,0
50014,2,1,1988,0,15,0,8,8,0,0,12,4,10
50015,1,1,1988,14,7,15,20,20,13,12,10,30,10
50016,1,1,1988,0,20,22,0,0,15,13,17,0,23
50017,1,1,1988,0,0,15,15,13,29,13,11,0,12
50018,1,1,1988,26,26,26,26,26,26,26,26,26,26
50018,2,1,1988,0,0,0,0,0,0,0,0,0,0
50019,1,1,1988,5,5,5,5,5,5,5,5,5,5
50021,1,1,1988,0,0,0,0,0,18,0,0,14,0
50021,2,1,1988,0,0,0,0,0,0,0,0,0,0
50022,1,1,1988,0,0,0,0,0,10,0,13,0,0
50023,1,1,1988,17,17,17,17,17,17,17,17,17,17
50024,1,1,1988,20,20,20,20,20,20,20,20,20,20
50024,2,1,1988,20,20,20,20,20,20,20,20,20,20
50025,1,1,1988,7,0,0,0,0,0,0,0,0,0
50025,2,1,1988,0,0,0,0,0,0,0,0,0,0
50025,3,1,1988,0,0,0,0,39,21,0,0,0,27
50026,1,1,1988,0,0,0,0,0,0,0,0,0,0
50027,1,1,1988,15,9,35,0,20,23,14,7,13,19
50027,2,1,1988,4,22,25,8,12,20,4,13,6,2
50028,1,1,1988,0,0,0,0,0,0,0,0,0,0
50028,2,1,1988,0,0,0,0,0,0,0,0,0,0
50029,1,1,1988,27,10,0,22,13,12,16,16,10,14
50029,2,1,1988,0,0,0,0,0,0,0,0,0,0
50029,3,1,1988,0,0,0,0,0,0,0,0,0,0
50030,1,1,1988,0,0,0,0,0,0,0,0,0,0
50030,2,1,1988,0,0,0,0,0,0,0,0,0,0
50030,3,1,1988,0,0,0,0,0,0,0,0,0,0
50032,1,1,1988,3,0,13,0,13,7,15,7,12,0
50032,2,1,1988,0,0,0,0,0,0,0,0,0,0
50033,1,1,1988,0,0,0,0,0,0,0,0,0,0
50033,2,1,1988,0,0,20,0,0,0,0,0,0,0
50034,1,1,1988,0,0,0,0,0,0,0,0,0,0
50034,2,1,1988,0,0,0,0,0,0,0,0,0,0
50035,1,1,1988,34,34,34,34,34,34,34,34,34,34
50036,1,1,1988,14,29,2,39,0,41,19,14,30,25
50037,1,1,1988,0,0,0,0,0,0,0,0,0,0
50038,1,1,1988,10,10,10,10,10,10,10,10,10,10
50039,1,1,1988,8,0,10,20,14,25,22,10,0,8
50040,1,1,1988,3,3,3,3,3,3,3,3,3,3
50040,2,1,1988,6,19,18,15,15,0,0,28,14,0
50041,0,1,1988,31,0,13,0,30,31,10,0,20,0
50041,1,1,1988,0,6,22,0,5,9,11,20,5,13
50042,1,1,1988,22,0,12,12,0,0,0,0,19,20
50042,2,1,1988,5,22,9,0,19,9,11,14,11,15
50043,1,1,1988,0,0,0,0,0,0,0,0,0,0
50043,2,1,1988,13,9,0,5,0,11,0,3,11,8
50044,1,1,1988,0,0,0,0,0,0,0,0,0,0
50044,2,1,1988,20,20,20,20,20,20,20,20,20,20
50045,1,1,1988,15,27,8,22,18,10,13,17,21,21
50046,1,1,1988,8,0,0,0,0,19,14,12,0,0
50046,2,1,1988,0,0,0,0,0,0,0,0,0,0
50047,1,1,1988,0,0,0,0,0,0,0,0,0,0
50048,1,1,1988,7,7,7,7,7,7,7,7,7,7
50049,1,1,1988,0,0,0,0,0,0,0,0,0,0
50050,1,1,1988,0,0,0,0,0,0,0,0,0,0
50050,2,1,1988,0,0,0,0,0,0,0,0,0,0
50050,3,1,1988,8,0,0,0,0,0,0,0,0,18
50051,1,1,1988,10,3,0,0,0,19,17,0,0,0
50052,0,1,1988,0,0,0,7,0,0,6,0,0,0
50052,1,1,1988,17,17,17,17,17,17,17,17,17,17
50053,0,1,1988,0,0,0,0,0,0,0,0,0,0
50053,1,1,1988,8,0,0,0,0,0,0,0,0,0
50054,1,1,1988,23,19,21,15,27,0,16,21,14,35
50055,1,1,1988,19,25,7,11,7,8,17,7,23,15
50055,2,1,1988,15,3,16,0,11,13,17,0,5,0
50056,1,1,1988,0,0,0,0,0,0,0,0,0,0
50057,1,1,1988,0,12,0,15,9,14,15,10,29,10
50058,1,1,1988,8,8,8,8,8,8,8,8,8,8
50059,1,1,1988,0,0,0,0,0,0,0,0,0,0
50059,2,1,1988,0,0,0,0,0,0,0,0,0,0
50060,1,1,1988,0,0,0,0,0,0,0,0,4,27
50061,1,1,1988,30,20,7,25,0,25,17,29,0,0
50062,1,1,1988,4,4,4,4,4,4,4,4,4,4
50063,0,1,1988,0,0,0,0,0,29,0,0,30,0
50063,1,1,1988,0,0,0,0,0,0,0,0,0,0
50064,1,1,1988,0,0,0,0,0,0,0,0,0,0
50064,2,1,1988,0,0,0,0,0,0,0,0,0,0
50065,1,1,1988,0,16,7,13,0,0,9,0,0,26
50066,1,1,1988,0,23,0,0,4,0,0,0,0,0
50067,1,1,1988,0,0,0,0,0,0,0,0,0,0
50067,2,1,1988,0,0,0,0,0,0,0,0,0,0
50068,1,1,1988,0,0,0,0,0,0,0,0,0,0
50069,1,1,1988,0,0,23,0,0,0,0,0,0,0
50069,2,1,1988,0,0,0,0,0,0,0,0,0,0
50070,1,1,1988,14,14,14,14,14,14,14,14,14,14
50071,1,1,1988,0,0,0,0,0,0,0,0,0,0
50071,2,1,1988,0,0,0,0,0,0,0,0,0,0
50071,3,1,1988,0,0,0,0,0,0,0,0,0,0
50072,1,1,1988,19,16,28,21,29,0,18,0,4,21
50073,1,1,1988,5,11,18,35,14,35,27,23,14,20
50074,1,1,1988,13,12,18,17,12,10,21,16,9,6
50075,1,1,1988,17,16,17,17,13,0,6,9,20,21
50076,0,1,1988,0,0,0,0,0,0,0,0,0,0
50076,1,1,1988,0,0,0,0,0,0,0,0,0,0
50077,1,1,1988,18,18,18,18,18,18,18,18,18,18
50077,2,1,1988,0,0,12,0,0,0,0,0,0,0
50078,1,1,1988,11,11,11,11,11,11,11,11,11,11
50079,1,1,1988,0,0,0,0,0,0,0,0,0,0
50079,2,1,1988,21,21,21,21,21,21,21,21,21,21
50080,1,1,1988,0,0,0,0,0,0,0,0,0,0
50080,2,1,1988,0,0,0,0,0,0,0,0,0,0
50080,3,1,1988,0,0,0,0,0,0,0,0,0,0
50081,1,1,1988,15,24,0,22,16,36,17,20,19,5
50082,1,1,1988,0,0,0,0,0,0,0,0,0,0
50082,2,1,1988,24,24,24,24,24,24,24,24,24,24
50083,1,1,1988,0,0,0,0,0,0,0,0,0,0
50083,2,1,1988,1,1,1,1,1,1,1,1,1,1
50084,1,1,1988,0,0,0,0,0,0,0,0,0,0
50084,2,1,1988,0,0,0,0,0,0,0,0,0,0
50084,3,1,1988,0,0,0,0,0,0,0,0,0,0
50084,4,1,1988,8,8,8,8,8,8,8,8,8,8
50085,0,1,1988,0,0,0,0,0,0,0,0,0,0
50085,1,1,1988,23,36,5,23,11,20,32,24,0,8
50086,1,1,1988,0,0,0,0,0,0,0,0,0,0
50086,2,1,1988,0,0,13,0,0,0,0,0,21,0
50087,1,1,1988,0,0,0,0,11,3,0,0,0,0
50087,2,1,1988,0,0,0,0,0,0,0,13,0,0
50088,1,1,1988,17,17,17,17,17,17,17,17,17,17
50089,1,1,1988,0,5,30,18,13,14,13,40,27,30
50090,1,1,1988,0,0,0,0,0,0,0,0,0,0
50090,2,1,1988,6,29,29,10,15,21,18,19,6,23
50091,1,1,1988,0,0,0,0,0,0,0,0,0,25
50092,1,1,1988,18,10,10,21,26,0,20,11,10,22
50094,1,1,1988,16,25,5,17,9,11,13,13,10,17
50095,1,1,1988,0,0,0,0,0,0,0,0,6,0
50095,2,1,1988,0,0,0,0,0,0,18,0,0,0
50096,1,1,1988,0,0,0,0,0,0,0,0,8,0
50096,2,1,1988,0,0,0,0,0,0,0,0,0,0
50097,1,1,1988,0,0,0,26,0,0,0,0,14,19
50098,1,1,1988,0,31,0,0,33,17,16,0,0,0
50098,2,1,1988,0,0,0,0,0,0,0,0,0,0
50099,1,1,1988,0,28,9,9,29,5,16,21,28,5
50099,2,1,1988,0,0,0,0,0,0,0,0,12,0
50100,1,1,1988,0,0,0,0,0,0,0,0,0,0
50100,2,1,1988,0,0,0,0,0,0,0,0,0,0
50101,1,1,1988,0,0,0,0,0,0,0,0,0,0
50101,2,1,1988,0,0,0,0,0,0,0,0,0,0
50102,1,1,1988,0,0,0,0,0,0,0,0,0,0
50103,1,1,1988,0,0,0,0,0,0,0,0,0,0
50103,2,1,1988,3,16,14,16,21,19,13,4,18,5
50104,1,1,1988,0,0,16,15,0,21,14,32,20,6
50105,1,1,1988,0,0,0,0,0,0,0,16,0,0
50105,2,1,1988,0,0,0,0,0,0,0,0,0,0
50106,1,1,1988,20,20,20,20,20,20,20,20,20,20
50107,1,1,1988,0,0,0,0,0,0,0,0,0,0
50107,2,1,1988,10,15,13,15,23,33,11,15,9,25
50109,1,1,1988,21,21,21,21,21,21,21,21,21,21
50110,1,1,1988,20,20,20,20,20,20,20,20,20,20
50111,1,1,1988,18,18,18,18,18,18,18,18,18,18
50112,1,1,1988,14,36,6,3,35,20,13,7,6,15
50113,1,1,1988,0,0,0,8,0,0,0,24,0,0
50113,2,1,1988,29,24,13,23,18,19,29,19,17,8
50114,1,1,1988,15,12,22,7,20,0,22,19,19,13
50114,2,1,1988,0,0,0,0,0,0,0,0,0,0
50115,1,1,1988,0,0,0,0,0,0,0,0,0,0
50116,0,1,1988,14,14,14,14,14,14,14,14,14,14
50116,1,1,1988,0,0,0,0,9,0,0,0,0,0
50117,1,1,1988,5,5,5,5,5,5,5,5,5,5
50118,1,1,1988,21,21,21,21,21,21,21,21,21,21
50118,2,1,1988,0,0,0,0,0,0,0,0,0,0
50119,1,1,1988,25,4,17,6,19,18,18,15,7,26
50120,1,1,1988,14,17,16,17,0,20,9,21,0,3
50121,1,1,1988,27,24,17,2,9,26,21,3,17,12
50122,1,1,1988,35,11,20,18,34,21,32,11,26,18
50123,1,1,1988,0,0,0,0,0,0,0,0,0,0
50123,2,1,1988,0,0,0,0,0,0,0,0,0,26
50123,3,1,1988,0,0,0,0,0,0,0,0,0,0
50124,1,1,1988,0,0,0,0,18,0,40,6,12,0
50125,1,1,1988,24,24,24,24,24,24,24,24,24,24
50126,1,1,1988,16,10,5,9,16,0,0,9,0,9
50126,2,1,1988,0,0,0,0,0,0,0,0,0,0
50127,1,1,1988,16,16,16,16,16,16,16,16,16,16
50128,1,1,1988,17,17,17,17,17,17,17,17,17,17
50129,1,1,1988,11,11,11,11,11,11,11,11,11,11
50129,2,1,1988,0,0,0,26,0,0,0,0,0,0
50130,0,1,1988,0,0,0,0,0,0,0,0,0,0
50130,1,1,1988,0,0,0,0,0,0,0,0,0,0
50131,0,1,1988,0,0,0,0,0,0,0,0,0,0
50131,1,1,1988,0,0,0,0,0,0,0,0,0,0
50132,1,1,1988,0,0,0,0,0,0,0,0,0,0
50133,0,1,1988,4,10,15,0,23,11,8,5,15,0
50133,1,1,1988,15,16,0,0,0,12,9,0,30,23
50134,1,1,1988,25,6,17,12,22,23,23,0,17,12
50135,1,1,1988,28,0,22,0,11,0,40,0,25,0
50135,2,1,1988,0,0,0,0,0,0,0,0,0,0
50136,1,1,1988,10,7,0,23,13,35,11,29,12,7
50136,2,1,1988,0,0,0,0,0,0,0,0,0,0
50137,1,1,1988,0,0,0,0,0,0,0,0,0,0
50137,2,1,1988,11,11,11,11,11,11,11,11,11,11
50138,0,1,1988,0,0,0,0,0,0,0,0,0,0
50138,1,1,1988,0,0,0,0,10,0,0,10,0,0
50139,1,1,1988,0,0,0,0,0,0,0,0,0,0
50139,2,1,1988,0,0,0,0,0,0,0,0,0,0
50140,1,1,1988,0,0,0,0,0,0,0,0,0,0
50140,2,1,1988,0,0,0,0,0,0,0,0,0,0
50141,1,1,1988,3,3,3,3,3,3,3,3,3,3
50142,1,1,1988,5,5,5,5,5,5,5,5,5,5
50143,1,1,1988,42,28,21,0,23,13,27,11,24,0
50144,1,1,1988,0,0,0,0,0,0,0,0,0,0
50145,1,1,1988,0,0,0,0,0,0,0,0,0,0
50145,2,1,1988,0,0,0,0,0,0,0,0,0,0
50146,1,1,1988,9,40,19,21,15,9,20,9,19,19
50147,0,1,1988,0,0,0,0,0,0,0,0,0,0
50147,1,1,1988,10,10,10,10,10,10,10,10,10,10
50148,1,1,1988,9,9,9,9,9,9,9,9,9,9
50149,1,1,1988,0,0,0,0,0,0,0,0,0,0
50150,1,1,1988,30,10,9,19,10,13,28,17,15,19
50151,0,1,1988,0,0,0,0,0,0,0,0,0,0
50151,1,1,1988,8,18,0,0,0,0,15,0,0,11
50152,0,1,1988,0,0,0,0,0,0,0,0,0,0
50152,1,1,1988,0,0,0,0,0,0,0,0,0,0
50153,1,1,1988,0,0,0,0,0,0,0,0,0,0
50154,1,1,1988,0,0,0,0,0,0,0,0,0,0
50154,2,1,1988,0,0,0,0,0,0,0,0,0,0
50155,1,1,1988,3,3,3,3,3,3,3,3,3,3
50156,1,1,1988,16,34,3,0,15,11,0,25,20,10
50157,1,1,1988,26,26,26,26,26,26,26,26,26,26
50157,2,1,1988,16,15,0,12,13,11,0,16,0,13
50158,1,1,1988,0,0,0,0,0,0,0,0,0,0
50159,1,1,1988,7,7,7,7,7,7,7,7,7,7
50160,1,1,1988,0,0,0,0,0,0,0,0,0,0
50160,2,1,1988,28,14,19,7,26,14,22,19,21,16
50161,1,1,1988,0,0,0,0,0,11,0,0,0,0
50161,2,1,1988,0,0,0,0,0,0,0,0,0,0
50162,1,1,1988,0,0,0,0,0,0,0,0,0,0
50162,2,1,1988,0,0,16,7,9,16,15,0,4,0
50163,1,1,1988,22,22,22,22,22,22,22,22,22,22
50164,1,1,1988,0,0,0,0,0,0,0,0,0,0
50164,2,1,1988,0,0,0,0,0,0,0,0,0,0
50164,3,1,1988,0,0,0,0,0,0,0,0,0,0
50165,1,1,1988,33,33,33,33,33,33,33,33,33,33
50166,1,1,1988,17,17,17,17,17,17,17,17,17,17
50167,1,1,1988,0,0,0,0,0,0,0,0,0,0
50167,2,1,1988,0,0,0,0,0,0,0,0,0,0
50168,1,1,1988,0,0,0,0,0,0,0,0,0,0
50168,2,1,1988,0,0,0,0,0,0,0,0,0,0
50169,1,1,1988,0,0,0,0,0,0,0,0,0,0
50169,2,1,1988,0,0,0,0,0,0,0,0,0,0
50170,1,1,1988,12,0,0,0,0,0,19,0,0,0
50171,1,1,1988,16,5,18,17,17,15,24,19,20,30
50172,1,1,1988,24,24,24,24,24,24,24,24,24,24
50174,1,1,1988,17,17,17,17,17,17,17,17,17,17
50175,1,1,1988,18,18,18,18,18,18,18,18,18,18
50175,2,1,1988,18,18,18,18,18,18,18,18,18,18
50176,1,1,1988,0,0,0,0,0,0,0,7,0,0
50176,2,1,1988,0,0,0,0,0,0,0,0,0,0
50177,1,1,1988,0,0,0,0,0,0,0,0,0,0