ST_CASE,VEH_NO,PER_NO,YEAR,P1,P2,P3,P4,P5,P6,P7,P8,P9,P10
50177,2,1,1988,0,0,0,0,0,0,0,0,0,0
50177,3,1,1988,0,0,0,0,0,0,0,0,0,0
50178,1,1,1988,0,0,0,0,0,0,0,0,0,0
50179,1,1,1988,0,17,30,12,12,12,14,24,13,14
50180,1,1,1988,0,0,0,0,0,0,0,0,0,0
50181,1,1,1988,0,0,0,0,0,0,0,0,0,0
50181,2,1,1988,0,0,14,0,0,0,0,0,0,0
50182,1,1,1988,22,7,0,24,23,24,16,15,26,28
50182,2,1,1988,29,29,29,29,29,29,29,29,29,29
50184,1,1,1988,0,0,0,0,0,0,0,0,0,0
50184,2,1,1988,0,0,0,0,0,0,0,0,0,0
50184,3,1,1988,0,0,0,0,0,0,0,0,0,0
50184,4,1,1988,0,0,0,0,0,0,0,0,0,0
50185,1,1,1988,5,5,5,5,5,5,5,5,5,5
50185,2,1,1988,0,0,0,0,0,0,0,0,0,0
50186,1,1,1988,0,0,0,0,0,0,0,0,0,0
50186,2,1,1988,0,0,0,0,0,0,0,0,0,0
50187,1,1,1988,18,23,16,24,8,12,16,10,11,6
50188,1,1,1988,24,22,22,12,12,12,10,5,19,18
50189,1,1,1988,0,0,0,0,0,0,0,0,0,0
50189,2,1,1988,0,0,0,0,0,0,0,0,0,0
50190,1,1,1988,15,15,15,15,15,15,15,15,15,15
50191,1,1,1988,0,0,0,0,0,0,0,0,0,0
50191,2,1,1988,1,1,1,1,1,1,1,1,1,1
50192,1,1,1988,0,0,0,0,0,0,0,0,0,0
50193,1,1,1988,0,4,0,0,0,9,0,13,0,0
50194,1,1,1988,18,18,20,15,0,15,27,10,14,0
50195,1,1,1988,0,0,0,0,0,0,0,0,0,0
50195,2,1,1988,14,14,14,14,14,14,14,14,14,14
50196,1,1,1988,0,0,0,0,0,0,0,0,0,0
50196,2,1,1988,61,0,28,0,9,16,0,7,29,0
50197,1,1,1988,0,0,0,0,0,0,0,0,0,0
50197,2,1,1988,12,22,9,24,0,27,6,9,16,25
50197,3,1,1988,0,0,0,0,0,0,0,0,0,15
50198,1,1,1988,0,0,0,12,0,13,0,0,0,30
50199,1,1,1988,0,0,0,0,0,0,0,0,0,0
50199,2,1,1988,0,0,0,0,18,9,7,17,15,2
50200,1,1,1988,0,0,0,0,0,0,0,0,0,0
50200,2,1,1988,0,0,0,0,0,0,0,0,0,0
50200,3,1,1988,0,13,21,0,0,0,11,0,0,0
50200,4,1,1988,0,0,0,0,0,0,0,0,0,0
50200,5,1,1988,0,0,0,0,0,0,0,0,0,0
50200,6,1,1988,0,0,0,0,0,0,0,0,0,0
50200,7,1,1988,24,0,0,0,0,0,0,0,0,0
50200,8,1,1988,8,0,0,0,0,0,0,0,0,0
50200,9,1,1988,0,0,0,0,0,0,0,0,0,0
50200,10,1,1988,0,0,0,0,0,0,0,0,0,0
50200,11,1,1988,0,13,0,0,0,0,0,0,0,0
50201,1,1,1988,14,25,8,0,22,29,20,4,13,9
50202,1,1,1988,0,29,0,0,0,0,0,0,0,53
50203,1,1,1988,12,0,17,6,23,0,13,22,22,23
50204,1,1,1988,29,29,29,29,29,29,29,29,29,29
50205,1,1,1988,5,10,2,15,0,11,6,17,7,20
50206,1,1,1988,23,23,23,23,23,23,23,23,23,23
50207,1,1,1988,0,0,0,0,10,20,0,0,0,0
50208,1,1,1988,37,37,37,37,37,37,37,37,37,37
50209,1,1,1988,28,22,10,17,16,11,19,12,13,12
50209,2,1,1988,0,0,0,0,0,0,0,0,0,0
50210,1,1,1988,7,5,17,17,19,22,21,4,23,17
50211,1,1,1988,0,0,0,0,0,0,0,0,0,0
50212,1,1,1988,17,17,17,17,17,17,17,17,17,17
50213,1,1,1988,10,35,11,4,18,14,8,23,14,16
50213,2,1,1988,0,17,0,0,0,0,0,0,0,0
50214,1,1,1988,21,15,0,18,8,9,20,35,18,11
50214,2,1,1988,0,0,0,0,0,0,0,0,0,0
50215,1,1,1988,0,0,0,0,0,0,0,0,0,0
50215,2,1,1988,0,14,11,15,21,14,26,9,30,12
50216,1,1,1988,0,0,0,0,0,0,0,0,0,0
50217,1,1,1988,0,0,0,0,0,0,0,0,0,0
50217,2,1,1988,21,21,32,15,25,19,17,7,0,28
50218,1,1,1988,15,20,28,25,3,14,18,1,11,16
50219,1,1,1988,21,18,23,0,10,27,0,0,24,21
50220,1,1,1988,19,12,11,11,15,16,17,15,4,8
50222,1,1,1988,16,16,16,16,16,16,16,16,16,16
50223,1,1,1988,0,0,0,0,0,0,0,0,0,0
50223,2,1,1988,16,0,0,5,12,8,0,28,16,0
50224,0,1,1988,0,0,0,0,0,0,0,0,0,0
50224,1,1,1988,0,0,0,0,0,0,0,0,0,0
50225,1,1,1988,0,0,0,0,0,0,0,0,6,0
50225,2,1,1988,24,24,24,24,24,24,24,24,24,24
50226,1,1,1988,0,0,0,0,0,0,0,0,0,0
50226,2,1,1988,0,0,0,0,0,0,0,0,0,0
50227,1,1,1988,17,15,19,16,14,7,15,19,14,11
50228,1,1,1988,13,13,13,13,13,13,13,13,13,13
50229,1,1,1988,20,8,24,27,3,11,20,24,26,7
50229,2,1,1988,0,0,0,0,0,14,0,0,0,0
50230,1,1,1988,0,0,0,0,0,0,0,17,0,0
50231,0,1,1988,15,5,21,40,25,27,0,24,0,58
50231,1,1,1988,13,13,13,13,13,13,13,13,13,13
50232,1,1,1988,9,9,9,9,9,9,9,9,9,9
50233,1,1,1988,0,0,12,0,0,0,0,0,0,0
50234,1,1,1988,26,0,12,6,6,12,8,27,5,4
50235,1,1,1988,0,0,0,0,0,22,0,0,0,0
50235,2,1,1988,0,0,0,0,0,0,0,0,0,7
50236,1,1,1988,0,0,0,0,0,25,17,0,0,0
50237,1,1,1988,11,23,22,19,16,14,16,18,16,15
50238,1,1,1988,24,0,7,0,0,0,0,0,0,0
50239,1,1,1988,24,12,18,33,13,35,23,12,16,38
50240,0,1,1988,0,0,0,0,0,0,0,0,0,0
50240,1,1,1988,0,2,22,8,9,0,14,0,10,12
50241,1,1,1988,0,0,0,0,0,0,0,0,0,0
50242,1,1,1988,17,17,17,17,17,17,17,17,17,17
50243,1,1,1988,15,15,15,15,15,15,15,15,15,15
50244,0,1,1988,0,0,0,0,0,0,0,0,0,0
50244,1,1,1988,0,0,0,0,0,0,0,0,0,0
50245,1,1,1988,0,0,0,0,0,0,0,0,0,0
50246,1,1,1988,0,0,0,0,0,0,0,0,0,5
50246,2,1,1988,0,0,0,0,0,35,0,0,0,0
50247,1,1,1988,15,9,9,18,3,16,24,22,13,16
50248,1,1,1988,0,0,0,0,0,0,14,0,0,0
50248,2,1,1988,0,0,0,0,0,0,0,0,0,0
50249,1,1,1988,0,0,8,16,16,0,0,14,0,32
50249,2,1,1988,0,0,0,0,0,0,0,0,0,0
50250,1,1,1988,4,13,10,3,18,24,15,11,23,0
50252,0,1,1988,0,0,0,0,0,0,0,0,0,0
50252,1,1,1988,0,0,0,0,0,0,0,0,0,0
50253,1,1,1988,0,0,0,0,0,0,0,0,7,0
50254,1,1,1988,11,11,11,11,11,11,11,11,11,11
50255,1,1,1988,0,0,0,0,0,0,0,0,0,0
50256,1,1,1988,0,0,0,0,0,0,0,0,0,0
50257,1,1,1988,13,18,20,9,35,23,31,9,22,10
50258,1,1,1988,0,0,0,0,0,0,0,0,0,0
50258,2,1,1988,16,19,14,26,37,0,14,36,16,15
50259,1,1,1988,0,0,0,0,0,0,0,0,0,0
50259,2,1,1988,0,0,0,0,0,0,0,0,0,0
50261,1,1,1988,17,17,17,17,17,17,17,17,17,17
50261,2,1,1988,0,0,0,0,0,0,0,0,0,0
50262,1,1,1988,12,0,7,24,15,19,45,11,6,12
50263,1,1,1988,12,26,18,37,14,7,23,17,18,27
50264,1,1,1988,0,0,46,0,0,9,2,0,5,7
50265,1,1,1988,0,0,0,0,0,0,0,0,0,0
50265,2,1,1988,0,0,0,0,0,0,0,0,0,0
50267,1,1,1988,0,0,32,10,13,11,10,19,18,10
50267,2,1,1988,0,0,0,0,0,0,0,0,0,0
50268,1,1,1988,3,3,3,3,3,3,3,3,3,3
50269,1,1,1988,0,0,0,0,0,17,0,0,0,0
50270,1,1,1988,2,0,0,0,0,0,0,0,0,0
50271,1,1,1988,0,0,0,0,0,17,0,0,0,0
50272,1,1,1988,0,0,0,0,0,0,0,0,0,0
50272,2,1,1988,0,0,0,0,0,0,0,0,0,0
50272,3,1,1988,0,0,0,0,0,0,0,0,0,0
50273,1,1,1988,0,0,0,0,0,0,0,0,0,0
50273,2,1,1988,0,26,0,7,0,0,0,0,0,0
50274,0,1,1988,5,0,0,12,7,12,0,13,36,21
50274,1,1,1988,0,0,0,0,0,0,20,0,0,0
50275,1,1,1988,30,23,7,15,21,17,27,25,32,27
50276,1,1,1988,0,0,0,0,0,0,0,0,0,0
50276,2,1,1988,0,0,0,0,0,0,0,0,0,0
50277,1,1,1988,23,13,5,0,14,7,21,16,23,0
50278,1,1,1988,0,0,0,0,0,0,0,0,0,0
50278,2,1,1988,8,15,0,8,17,0,12,14,20,21
50279,1,1,1988,23,11,5,12,14,16,11,12,38,6
50280,1,1,1988,8,15,26,27,13,17,10,9,6,19
50280,2,1,1988,14,11,15,22,7,3,19,26,0,0
50281,1,1,1988,0,5,11,0,0,0,0,0,0,0
50282,1,1,1988,26,23,24,4,25,17,13,11,30,15
50283,1,1,1988,6,21,0,0,0,0,15,2,0,0
50284,1,1,1988,20,20,20,20,20,20,20,20,20,20
50285,1,1,1988,0,0,0,0,0,0,0,0,0,0
50286,1,1,1988,0,8,0,33,14,0,30,0,11,0
50287,1,1,1988,12,21,20,3,19,0,13,14,12,7
50287,2,1,1988,24,36,12,8,8,0,24,10,9,25
50288,1,1,1988,0,0,0,0,0,0,0,29,0,0
50289,1,1,1988,0,23,10,9,0,13,0,12,26,0
50289,2,1,1988,10,22,11,3,9,25,2,15,12,21
50290,0,1,1988,0,0,0,0,0,0,0,0,0,0
50290,1,1,1988,0,0,11,0,0,0,0,0,0,0
50291,1,1,1988,20,0,0,0,0,0,0,0,0,0
50292,1,1,1988,0,0,0,0,0,0,0,0,0,0
50292,2,1,1988,17,17,17,17,17,17,17,17,17,17
50293,1,1,1988,7,28,16,28,15,27,34,25,15,17
50293,2,1,1988,4,13,17,9,13,0,21,5,4,39
50294,1,1,1988,0,0,0,0,0,0,0,0,0,0
50294,2,1,1988,0,0,0,0,16,0,0,0,0,0
50295,1,1,1988,33,8,25,25,24,8,4,10,37,24
50296,1,1,1988,0,0,0,0,0,0,0,0,0,0
50297,1,1,1988,16,15,23,30,20,23,23,17,10,24
50298,1,1,1988,26,8,47,22,32,35,38,14,13,11
50299,0,1,1988,4,24,22,34,33,26,8,7,25,21
50299,0,2,1988,0,0,16,0,0,0,0,32,18,22
50299,1,1,1988,0,0,0,0,0,0,13,0,0,0
50300,1,1,1988,24,24,24,24,24,24,24,24,24,24
50301,1,1,1988,0,0,0,0,0,0,0,0,0,0
50301,2,1,1988,16,18,0,24,24,0,20,0,0,0
50302,1,1,1988,0,0,4,0,0,8,8,0,0,0
50302,2,1,1988,14,14,14,14,14,14,14,14,14,14
50303,1,1,1988,17,20,6,0,15,19,0,16,17,0
50303,2,1,1988,0,0,0,0,0,0,0,0,0,0
50304,1,1,1988,0,0,0,0,0,0,0,0,0,0
50305,1,1,1988,0,0,0,10,0,0,0,0,0,0
50305,2,1,1988,0,0,0,0,0,0,0,0,0,0
50306,1,1,1988,0,0,0,0,0,0,0,0,0,0
50306,2,1,1988,8,14,19,12,15,9,30,14,18,12
50307,0,1,1988,0,0,0,0,22,0,0,21,0,0
50307,1,1,1988,7,7,7,7,7,7,7,7,7,7
50308,1,1,1988,20,24,7,5,25,12,10,14,17,6
50309,1,1,1988,15,0,0,0,0,4,0,15,16,0
50310,1,1,1988,0,0,0,0,0,0,0,0,0,6
50310,2,1,1988,27,15,19,7,0,16,27,17,14,7
50311,1,1,1988,18,13,21,28,15,24,14,14,16,29
50312,1,1,1988,18,18,18,18,18,18,18,18,18,18
50312,2,1,1988,9,9,9,9,9,9,9,9,9,9
50313,1,1,1988,0,0,0,0,0,0,0,0,0,0
50313,2,1,1988,0,0,14,12,17,18,13,26,19,0
50314,1,1,1988,0,0,0,0,0,0,0,0,0,0
50314,2,1,1988,0,0,16,0,0,0,0,0,0,0
50315,1,1,1988,0,0,0,0,0,0,24,0,21,0
50316,1,1,1988,33,26,17,23,5,9,19,26,15,12
50316,2,1,1988,24,10,9,20,25,14,11,17,0,5
50317,1,1,1988,0,0,0,0,0,0,0,0,22,0
50317,2,1,1988,0,0,0,0,0,0,0,0,0,0
50317,3,1,1988,0,0,0,0,0,0,0,0,0,0
50317,4,1,1988,0,0,0,0,0,0,0,0,0,0
50317,5,1,1988,10,0,0,0,0,0,0,8,0,0
50318,1,1,1988,19,0,0,0,0,0,11,18,0,29
50318,2,1,1988,0,0,0,0,0,0,0,0,0,0
50319,0,1,1988,0,0,0,0,0,0,0,0,0,0
50319,1,1,1988,0,9,0,0,22,6,0,0,0,0
50320,1,1,1988,0,0,0,0,0,0,0,0,0,0
50320,2,1,1988,0,0,0,0,0,0,0,0,0,0
50320,3,1,1988,0,0,0,0,0,0,0,0,0,8
50320,4,1,1988,0,0,0,0,0,0,0,0,0,0
50321,1,1,1988,22,11,19,3,18,37,21,25,19,21
50322,1,1,1988,0,0,0,0,0,0,0,0,0,0
50322,2,1,1988,3,3,3,3,3,3,3,3,3,3
50323,1,1,1988,0,0,0,0,0,0,0,0,0,0
50323,2,1,1988,0,0,0,0,0,0,0,0,0,0
50324,1,1,1988,19,19,19,19,19,19,19,19,19,19
50325,1,1,1988,0,0,0,0,0,0,0,0,0,0
50325,2,1,1988,0,0,0,0,0,0,0,0,0,0
50326,1,1,1988,19,25,20,15,0,20,17,27,9,10
50327,1,1,1988,0,21,0,0,0,0,0,0,0,0
50327,2,1,1988,18,18,18,18,18,18,18,18,18,18
50328,1,1,1988,0,0,0,0,0,0,0,0,0,0
50328,2,1,1988,24,24,24,24,24,24,24,24,24,24
50329,1,1,1988,15,12,22,3,12,10,7,9,11,21
50331,1,1,1988,0,0,0,0,15,0,0,0,0,0
50331,2,1,1988,0,0,0,0,0,0,0,0,0,0
50332,1,1,1988,25,31,29,15,37,22,22,15,6,6
50332,2,1,1988,15,17,18,26,21,0,21,21,23,17
50333,1,1,1988,4,4,4,4,4,4,4,4,4,4
50334,1,1,1988,30,24,34,19,15,18,13,13,16,13
50335,1,1,1988,0,0,0,0,0,0,0,0,0,0
50336,1,1,1988,18,26,18,16,26,22,18,29,16,9
50337,1,1,1988,29,21,0,18,23,38,0,31,11,12
50338,0,1,1988,0,0,0,0,0,0,0,19,40,0
50338,0,2,1988,0,0,0,0,0,0,0,0,0,0
50338,0,3,1988,0,0,0,0,0,0,0,0,0,0
50338,1,1,1988,16,16,16,16,16,16,16,16,16,16
50339,1,1,1988,19,19,19,19,19,19,19,19,19,19
50340,1,1,1988,17,17,17,17,17,17,17,17,17,17
50341,1,1,1988,0,0,0,0,0,0,0,0,0,0
50342,1,1,1988,0,0,0,0,0,10,16,0,18,8
50343,1,1,1988,0,0,0,0,0,0,0,0,0,0
50343,2,1,1988,0,33,0,0,0,4,0,0,0,0
50344,1,1,1988,0,0,0,12,14,14,14,10,26,0
50345,1,1,1988,0,0,0,0,0,0,0,0,0,0
50346,1,1,1988,0,0,0,0,0,0,0,0,0,0
50346,2,1,1988,0,0,0,0,0,0,0,0,0,0
50346,3,1,1988,0,18,0,0,0,0,0,0,0,0
50347,1,1,1988,27,27,27,27,27,27,27,27,27,27
50348,1,1,1988,0,0,0,22,0,0,0,0,0,0
50349,0,1,1988,0,0,0,0,0,0,0,0,0,0
50349,1,1,1988,0,0,0,0,0,0,0,0,0,0
50350,1,1,1988,0,0,0,0,0,0,0,0,12,0
50351,1,1,1988,20,12,21,14,0,0,0,17,0,0
50352,1,1,1988,12,12,12,12,12,12,12,12,12,12
50353,1,1,1988,30,30,30,30,30,30,30,30,30,30
50354,1,1,1988,0,0,0,0,0,0,0,0,0,0
50355,1,1,1988,0,0,15,0,0,0,0,0,28,0
50356,1,1,1988,0,0,0,0,0,0,0,0,0,0
50356,2,1,1988,0,0,0,0,0,0,0,0,0,0
50357,1,1,1988,10,0,7,0,12,19,17,17,13,15
50357,2,1,1988,15,20,0,6,0,0,11,16,15,8
50358,1,1,1988,0,0,19,0,0,0,0,0,0,0
50359,1,1,1988,0,0,0,0,0,0,0,0,0,0
50359,2,1,1988,0,4,8,0,0,0,16,0,11,14
50360,0,1,1988,0,0,0,0,0,0,0,0,0,0
50360,1,1,1988,0,0,0,0,0,0,0,0,0,0
50361,0,1,1988,18,25,15,13,0,22,27,10,33,12
50361,1,1,1988,0,0,0,0,0,0,0,0,0,0
50362,0,1,1988,25,19,29,15,15,11,9,16,24,11
50362,1,1,1988,0,0,0,0,18,0,16,0,0,0
50363,1,1,1988,0,0,0,27,17,0,0,0,0,0
50364,1,1,1988,0,0,0,0,0,0,0,0,0,0
50364,2,1,1988,0,0,0,0,0,0,0,0,0,0
50365,1,1,1988,23,0,16,14,0,23,12,9,10,27
50365,2,1,1988,6,0,14,10,26,15,10,22,12,5
50366,1,1,1988,7,7,7,7,7,7,7,7,7,7
50367,1,1,1988,0,0,0,0,0,0,0,0,0,0
50367,2,1,1988,0,0,0,0,0,0,0,0,0,0
50368,1,1,1988,25,13,20,20,22,30,13,15,32,38
50369,1,1,1988,7,19,14,18,12,30,20,0,11,28
50370,1,1,1988,8,18,12,9,0,14,0,13,26,0
50371,1,1,1988,4,4,4,4,4,4,4,4,4,4
50372,1,1,1988,23,21,22,9,24,8,9,0,3,22
50373,1,1,1988,22,5,34,27,36,19,33,17,14,15
50373,2,1,1988,0,0,0,0,0,0,0,0,0,0
50373,3,1,1988,8,0,0,0,0,0,0,0,8,0
50374,1,1,1988,2,30,13,9,18,19,27,0,11,28
50375,1,1,1988,0,0,0,0,0,0,0,0,0,0
50375,2,1,1988,0,0,0,0,0,0,0,0,0,0
50376,1,1,1988,0,0,0,0,0,0,0,0,0,0
50376,2,1,1988,0,0,0,0,0,0,0,0,0,0
50377,0,1,1988,0,9,16,0,25,39,6,0,34,19
50377,0,2,1988,0,0,0,0,0,0,0,0,0,0
50377,0,3,1988,0,0,0,0,0,0,0,0,0,0
50377,1,1,1988,24,10,17,12,10,11,12,17,8,11
50378,1,1,1988,25,14,4,19,6,0,0,0,15,0
50379,0,1,1988,0,33,0,0,0,0,18,0,23,18
50379,1,1,1988,0,0,0,0,19,0,19,0,18,0
50380,1,1,1988,14,0,26,48,20,26,14,20,12,11
50381,1,1,1988,0,0,0,0,19,30,0,0,0,0
50382,1,1,1988,0,0,0,6,0,0,0,0,0,0
50382,2,1,1988,0,0,0,0,0,0,0,0,0,0
50383,1,1,1988,0,16,0,6,16,10,12,9,0,15
50383,2,1,1988,0,0,0,0,5,0,0,0,27,0
50385,0,1,1988,15,15,15,15,15,15,15,15,15,15
50385,1,1,1988,15,15,15,15,15,15,15,15,15,15
50386,1,1,1988,0,0,0,0,0,0,0,0,0,0
50386,2,1,1988,0,34,12,17,0,23,0,10,0,24
50387,1,1,1988,0,0,0,0,0,0,0,0,0,0
50387,2,1,1988,17,0,0,0,0,0,0,0,6,0
50388,1,1,1988,0,0,0,0,0,0,0,0,0,0
50388,2,1,1988,0,0,0,0,0,0,0,0,0,0
50389,0,1,1988,0,0,0,0,0,0,0,0,0,0
50389,1,1,1988,0,0,0,0,0,26,0,0,0,0
50390,1,1,1988,0,10,0,0,0,0,0,0,0,0
50391,1,1,1988,14,0,0,0,0,0,0,0,0,0
50391,2,1,1988,11,11,11,11,11,11,11,11,11,11
50392,1,1,1988,0,0,0,0,0,0,11,0,0,0
50393,1,1,1988,0,0,0,0,0,0,0,0,0,0
50393,2,1,1988,20,0,15,0,17,25,15,17,0,14
50394,1,1,1988,19,0,0,0,19,0,0,0,0,0
50394,2,1,1988,0,0,0,0,0,0,0,0,0,0
50395,0,1,1988,18,4,10,5,13,13,0,0,0,35
50395,1,1,1988,0,0,0,0,0,0,0,0,0,0
50396,1,1,1988,0,0,0,0,0,0,0,0,0,0
50396,2,1,1988,8,8,8,8,8,8,8,8,8,8
50397,1,1,1988,10,14,0,11,19,13,20,17,18,3
50397,2,1,1988,6,13,24,18,15,0,24,0,15,37
50398,1,1,1988,0,0,0,0,0,0,0,0,0,0
50398,2,1,1988,0,0,0,0,0,0,0,0,0,0
50399,1,1,1988,34,16,25,25,22,0,16,22,35,0
50399,2,1,1988,0,0,0,0,0,0,0,0,0,0
50400,0,1,1988,30,43,21,0,7,26,27,0,9,0
50400,1,1,1988,0,0,0,0,0,0,0,0,0,0
50401,0,1,1988,0,0,0,0,0,0,0,0,0,0
50401,1,1,1988,0,0,0,0,0,0,0,0,0,0
50402,1,1,1988,0,0,0,0,0,0,0,18,21,0
50403,1,1,1988,0,0,0,0,0,0,0,0,0,0
50404,1,1,1988,19,21,26,8,18,22,19,37,9,14
50405,1,1,1988,12,0,0,0,0,0,0,0,0,0
50405,2,1,1988,0,0,0,0,0,0,0,0,0,0
50406,1,1,1988,0,0,0,0,0,0,0,0,0,0
50407,1,1,1988,9,0,0,17,14,15,10,0,10,0
50407,2,1,1988,0,10,5,15,0,8,25,0,12,0
50408,1,1,1988,0,0,0,18,13,0,0,0,0,0
50408,2,1,1988,4,5,11,3,0,10,11,10,9,17
50409,1,1,1988,0,11,16,13,15,24,3,20,17,12
50410,1,1,1988,15,26,8,23,32,16,14,19,21,30
50411,1,1,1988,14,11,12,22,16,22,0,26,18,17
50412,1,1,1988,0,0,0,0,0,0,0,0,0,0
50412,2,1,1988,0,0,0,0,0,0,0,0,0,0
50413,0,1,1988,10,0,0,0,0,24,0,0,0,0
50413,1,1,1988,0,0,0,0,0,0,0,0,0,0
50414,1,1,1988,0,0,0,0,0,0,0,0,0,0
50414,2,1,1988,0,0,0,0,0,0,0,13,0,0
50415,1,1,1988,0,0,0,0,0,0,0,0,0,0
50415,2,1,1988,0,0,0,0,0,0,0,0,0,0
50416,1,1,1988,0,0,18,0,20,0,8,10,0,14
50417,1,1,1988,0,0,0,0,0,0,0,0,0,0
50417,2,1,1988,0,0,0,0,0,0,0,0,0,0
50417,3,1,1988,0,0,0,0,0,0,0,0,0,0
50418,1,1,1988,22,23,15,26,35,13,20,18,12,14
50419,1,1,1988,0,0,0,0,0,0,0,0,0,0
50419,2,1,1988,0,0,8,0,0,0,0,0,0,10
50420,1,1,1988,27,8,16,18,22,15,2,15,10,21
50421,1,1,1988,0,0,0,0,0,0,0,0,0,0
50422,1,1,1988,26,10,14,18,29,13,12,0,28,9
50422,2,1,1988,0,0,0,0,0,0,0,0,0,0
50423,1,1,1988,11,23,11,0,13,7,0,17,15,20
50424,1,1,1988,30,22,31,14,0,8,11,7,17,14
50424,2,1,1988,0,0,0,21,0,0,0,0,0,0
50424,3,1,1988,0,0,14,0,0,0,0,0,0,0
50425,1,1,1988,13,13,13,13,13,13,13,13,13,13
50426,1,1,1988,0,0,0,0,0,0,0,0,0,0
50427,1,1,1988,8,8,8,8,8,8,8,8,8,8
50428,1,1,1988,0,0,0,0,0,0,0,0,0,0
50429,1,1,1988,0,0,15,14,22,0,9,0,0,0
50429,2,1,1988,0,0,0,7,0,0,0,0,0,0
50430,1,1,1988,0,0,0,0,0,19,0,0,0,0
50430,2,1,1988,12,7,0,17,4,25,27,0,30,37
50431,1,1,1988,14,10,18,17,22,17,16,17,25,22
50432,1,1,1988,19,0,14,34,0,10,10,19,30,18
50433,1,1,1988,0,0,0,0,0,0,0,0,0,0
50434,1,1,1988,7,24,17,16,17,9,14,21,6,18
50434,2,1,1988,12,12,12,0,6,0,6,10,3,10
50435,1,1,1988,0,0,0,0,0,0,0,0,0,0
50435,2,1,1988,0,0,0,0,0,0,0,0,0,0
50435,3,1,1988,4,0,0,0,0,0,0,0,0,0
50436,1,1,1988,14,13,17,27,0,4,26,10,21,15
50436,2,1,1988,0,0,0,0,0,0,0,0,0,0
50437,1,1,1988,13,14,8,11,13,14,16,26,29,6
50438,1,1,1988,0,0,0,0,0,0,0,0,0,17
50438,2,1,1988,0,0,0,0,0,0,0,0,0,0
50439,1,1,1988,7,23,30,11,4,11,23,13,23,19
50440,1,1,1988,0,0,0,17,11,13,0,27,0,24
50441,1,1,1988,0,0,0,0,0,0,0,12,0,0
50441,2,1,1988,0,0,0,0,0,0,0,0,0,0
50442,0,1,1988,0,0,0,0,0,0,0,0,0,0
50442,1,1,1988,0,0,0,0,0,0,0,0,0,0
50443,0,1,1988,17,0,45,14,30,22,27,18,0,14
50443,1,1,1988,0,0,0,0,0,0,0,0,0,0
50444,0,1,1988,0,0,0,0,0,0,0,0,0,0
50444,1,1,1988,0,0,0,0,0,0,0,0,0,0
50445,1,1,1988,0,0,0,0,0,0,7,0,0,0
50446,1,1,1988,14,6,0,5,16,11,12,0,11,15
50446,2,1,1988,12,28,12,0,9,0,4,0,11,0
50447,0,1,1988,0,39,0,0,0,0,0,0,0,0
50447,1,1,1988,0,0,0,0,2,0,39,0,0,0
50448,1,1,1988,10,10,10,10,10,10,10,10,10,10
50448,2,1,1988,0,0,0,0,0,0,0,0,0,0
50449,1,1,1988,0,0,0,0,0,0,0,0,0,0
50449,2,1,1988,9,8,21,16,7,0,0,0,9,0
50450,1,1,1988,0,0,0,0,0,0,0,0,0,0
50450,2,1,1988,0,0,0,0,0,0,0,0,0,0
50451,1,1,1988,11,0,0,9,8,11,14,4,13,11
50451,2,1,1988,0,0,0,0,0,0,0,0,0,0
50452,1,1,1988,5,21,12,16,5,17,14,10,7,9
50453,1,1,1988,0,17,0,0,12,17,0,21,0,21
50454,1,1,1988,0,0,0,0,0,0,0,0,0,0
50454,2,1,1988,0,0,0,0,0,0,0,7,0,0
50455,1,1,1988,13,21,38,4,27,30,25,19,10,20
50456,1,1,1988,22,28,19,26,12,18,17,24,8,24
50457,0,1,1988,0,0,16,0,0,26,0,0,0,0
50457,0,2,1988,0,0,18,0,0,34,0,0,17,0
50457,1,1,1988,13,12,0,18,0,13,25,25,16,15
50458,1,1,1988,0,0,0,0,0,0,0,0,0,0
50458,2,1,1988,0,0,0,0,0,0,0,0,0,0
50459,1,1,1988,0,0,0,0,0,0,0,0,0,0
50459,2,1,1988,0,0,0,0,0,28,0,0,0,0
50459,3,1,1988,0,0,0,0,0,0,0,0,0,0
50461,1,1,1988,0,0,0,35,0,0,0,0,0,0
50461,2,1,1988,0,0,0,0,0,0,0,0,0,0
50462,1,1,1988,34,17,16,27,26,6,21,16,12,22
50463,2,1,1988,0,4,0,7,20,24,21,14,26,9
50463,3,1,1988,15,0,0,0,0,0,0,0,0,0
50464,1,1,1988,8,0,0,10,3,0,0,0,5,30
50464,2,1,1988,0,0,0,0,0,0,0,0,0,0
50464,3,1,1988,0,0,0,0,0,0,0,0,16,22
50465,1,1,1988,0,0,0,0,0,0,0,0,0,0
50465,2,1,1988,0,0,0,0,0,0,0,0,0,0
50466,1,1,1988,0,0,0,0,0,0,0,0,0,0
50466,2,1,1988,0,0,0,0,0,23,0,6,0,0
50466,3,1,1988,0,0,0,0,0,0,0,0,0,0
50467,1,1,1988,13,23,21,16,14,20,10,22,26,11
50468,1,1,1988,21,12,14,27,22,15,6,19,32,20
50469,1,1,1988,0,10,0,9,0,23,0,23,0,0
50470,1,1,1988,0,0,0,0,0,0,0,0,0,0
50470,2,1,1988,13,13,13,13,13,13,13,13,13,13
50471,1,1,1988,0,0,0,0,0,0,0,0,0,0
50471,2,1,1988,0,0,0,0,0,0,0,0,0,0
50472,1,1,1988,0,0,0,0,0,0,0,0,0,0
50472,2,1,1988,0,0,0,0,0,0,0,0,0,0
50473,1,1,1988,22,7,26,9,15,9,15,25,8,12
50474,1,1,1988,18,17,12,16,20,14,15,19,14,21
50474,2,1,1988,25,25,25,25,25,25,25,25,25,25
50475,0,1,1988,0,0,0,0,0,0,0,0,0,0
50475,1,1,1988,0,0,0,0,0,0,0,0,0,0