ST_CASE,VEH_NO,PER_NO,YEAR,P1,P2,P3,P4,P5,P6,P7,P8,P9,P10
80226,1,1,1988,0,26,0,0,0,0,0,0,0,0
80226,2,1,1988,0,0,0,0,0,0,0,0,0,0
80227,1,1,1988,0,0,0,0,0,0,0,0,0,0
80227,2,1,1988,0,0,0,0,0,0,0,0,0,0
80228,1,1,1988,0,0,17,0,0,0,0,4,0,10
80229,1,1,1988,0,0,0,0,0,0,0,0,0,0
80230,1,1,1988,0,0,0,0,0,0,0,0,0,0
80230,2,1,1988,0,0,0,0,19,0,0,0,0,0
80231,1,1,1988,0,0,0,0,0,0,0,0,0,0
80231,2,1,1988,0,0,30,0,0,0,0,0,0,0
80232,1,1,1988,0,0,0,0,0,0,0,0,0,0
80232,2,1,1988,0,0,0,0,0,0,0,0,0,0
80232,3,1,1988,0,0,0,0,0,0,0,0,0,0
80232,4,1,1988,0,21,0,0,0,0,0,0,0,0
80233,0,1,1988,33,33,33,33,33,33,33,33,33,33
80233,0,2,1988,0,21,0,14,24,17,0,4,15,26
80233,1,1,1988,12,12,12,12,12,12,12,12,12,12
80234,0,1,1988,0,0,0,0,0,0,0,0,0,0
80234,0,2,1988,0,0,0,0,0,0,0,0,0,0
80234,1,1,1988,0,0,0,0,0,0,0,0,0,0
80235,1,1,1988,15,15,15,15,15,15,15,15,15,15
80236,1,1,1988,0,0,0,0,0,0,0,0,0,0
80237,1,1,1988,0,0,0,0,0,0,0,0,0,0
80238,1,1,1988,0,0,0,0,0,0,0,0,0,0
80238,2,1,1988,0,0,0,0,0,0,0,0,0,0
80239,1,1,1988,0,16,0,0,0,38,0,0,28,0
80239,2,1,1988,0,0,0,0,0,0,0,0,0,0
80240,1,1,1988,17,17,17,17,17,17,17,17,17,17
80240,2,1,1988,2,2,2,2,2,2,2,2,2,2
80241,1,1,1988,0,0,0,0,0,0,0,0,0,0
80242,1,1,1988,11,11,11,11,11,11,11,11,11,11
80243,1,1,1988,8,26,15,11,9,0,8,3,19,11
80244,1,1,1988,6,6,6,6,6,6,6,6,6,6
80245,1,1,1988,0,0,0,0,0,0,0,0,0,0
80245,2,1,1988,0,0,0,0,0,0,0,0,0,0
80246,1,1,1988,11,11,11,11,11,11,11,11,11,11
80247,1,1,1988,0,0,0,0,0,0,0,0,0,0
80248,0,1,1988,0,0,0,0,0,0,0,0,0,0
80248,1,1,1988,0,0,0,0,0,0,0,0,0,0
80249,1,1,1988,24,11,0,0,0,45,0,23,0,31
80250,1,1,1988,5,5,5,5,5,5,5,5,5,5
80251,1,1,1988,17,17,17,17,17,17,17,17,17,17
80252,1,1,1988,0,0,0,0,0,0,0,0,0,0
80252,2,1,1988,0,0,0,0,0,0,0,0,0,0
80253,1,1,1988,0,0,0,0,9,0,0,1,0,0
80253,2,1,1988,0,0,0,0,0,0,0,0,0,0
80254,1,1,1988,0,0,0,0,0,0,0,0,0,0
80255,1,1,1988,0,0,0,0,0,0,0,0,0,0
80255,2,1,1988,0,0,0,0,0,0,0,0,0,0
80255,3,1,1988,0,0,0,0,0,0,0,0,0,0
80256,1,1,1988,16,16,16,16,16,16,16,16,16,16
80257,1,1,1988,0,0,0,0,0,0,0,0,0,0
80257,2,1,1988,9,0,0,0,0,0,0,0,0,0
80258,1,1,1988,16,16,16,16,16,16,16,16,16,16
80259,1,1,1988,0,0,0,0,0,0,0,0,0,0
80260,1,1,1988,0,0,0,0,0,0,0,16,0,0
80260,2,1,1988,0,0,0,0,0,0,0,0,0,0
80260,3,1,1988,0,0,0,0,0,0,0,11,0,0
80262,1,1,1988,0,0,0,0,0,0,0,0,0,0
80262,2,1,1988,0,0,0,0,0,0,0,0,0,0
80264,1,1,1988,0,0,0,0,0,0,0,0,0,0
80264,2,1,1988,0,0,0,0,0,0,0,0,0,0
80265,1,1,1988,0,0,0,0,16,0,0,0,13,0
80266,1,1,1988,18,18,18,18,18,18,18,18,18,18
80267,1,1,1988,0,0,0,0,0,0,0,0,0,0
80267,2,1,1988,0,0,0,0,0,0,0,0,0,0
80268,1,1,1988,18,18,18,18,18,18,18,18,18,18
80269,1,1,1988,0,0,0,0,0,0,0,11,0,0
80269,2,1,1988,0,0,17,0,0,0,0,17,0,0
80270,1,1,1988,0,0,0,0,0,0,0,0,0,0
80270,2,1,1988,0,0,0,0,0,0,0,0,0,0
80270,3,1,1988,0,0,0,0,0,0,0,0,0,0
80271,1,1,1988,0,0,0,0,0,0,0,0,0,0
80272,1,1,1988,0,0,0,0,0,0,0,0,0,0
80273,1,1,1988,22,22,22,22,22,22,22,22,22,22
80273,2,1,1988,0,0,0,0,0,0,0,0,0,0
80274,1,1,1988,7,7,7,7,7,7,7,7,7,7
80274,2,1,1988,0,0,0,0,0,0,0,0,0,0
80275,1,1,1988,0,0,0,0,0,0,0,0,0,0
80276,0,1,1988,28,0,17,0,0,0,0,0,0,0
80276,1,1,1988,12,12,12,12,12,12,12,12,12,12
80277,1,1,1988,0,0,0,0,0,0,0,0,0,0
80278,1,1,1988,0,0,0,0,0,0,0,0,0,0
80278,2,1,1988,14,14,14,14,14,14,14,14,14,14
80279,1,1,1988,19,19,19,19,19,19,19,19,19,19
80280,1,1,1988,0,0,0,0,0,0,0,0,0,0
80281,1,1,1988,0,0,0,0,0,0,0,0,0,0
80282,1,1,1988,0,0,0,0,0,0,0,0,0,0
80282,2,1,1988,0,0,0,0,10,19,0,0,0,0
80283,1,1,1988,0,0,0,0,0,0,0,0,0,0
80284,1,1,1988,24,0,4,0,11,0,0,0,0,0
80285,1,1,1988,0,0,0,0,0,0,0,0,0,0
80286,1,1,1988,34,0,0,0,0,0,0,0,0,0
80286,2,1,1988,29,29,29,29,29,29,29,29,29,29
80287,1,1,1988,13,13,13,13,13,13,13,13,13,13
80288,1,1,1988,0,0,0,0,0,0,0,0,0,0
80289,1,1,1988,0,0,0,0,0,0,0,0,0,0
80289,2,1,1988,0,0,0,0,0,0,0,0,0,0
80290,1,1,1988,10,10,10,10,10,10,10,10,10,10
80291,1,1,1988,0,0,0,0,0,0,0,0,0,0
80291,2,1,1988,0,0,0,0,0,0,0,0,0,0
80292,1,1,1988,0,0,0,0,0,0,0,0,0,0
80293,1,1,1988,15,15,15,15,15,15,15,15,15,15
80294,0,1,1988,0,0,0,0,0,0,0,0,0,0
80294,1,1,1988,0,0,0,0,0,0,0,0,0,0
80295,0,1,1988,0,0,0,0,0,0,0,0,0,0
80295,1,1,1988,0,0,0,0,0,0,0,0,0,0
80296,1,1,1988,22,22,22,22,22,22,22,22,22,22
80297,1,1,1988,0,27,0,0,0,0,0,0,0,0
80298,1,1,1988,0,0,0,0,0,0,0,0,0,0
80298,2,1,1988,0,0,0,0,0,0,0,0,0,0
80299,1,1,1988,26,26,26,26,26,26,26,26,26,26
80300,1,1,1988,28,28,28,28,28,28,28,28,28,28
80301,1,1,1988,0,0,0,0,0,0,0,0,0,0
80301,2,1,1988,0,0,0,0,0,0,0,0,0,0
80302,1,1,1988,0,0,0,0,0,0,0,0,0,0
80303,1,1,1988,4,4,4,4,4,4,4,4,4,4
80304,1,1,1988,0,0,0,0,0,0,0,0,0,0
80304,2,1,1988,0,0,0,0,0,0,0,0,0,0
80305,1,1,1988,0,0,0,0,0,0,0,0,0,0
80306,1,1,1988,0,0,0,0,0,0,0,0,11,0
80306,2,1,1988,0,0,0,0,0,0,0,16,0,0
80307,1,1,1988,24,24,24,24,24,24,24,24,24,24
80307,3,1,1988,14,8,13,5,15,18,6,26,0,7
80308,1,1,1988,22,22,22,22,22,22,22,22,22,22
80309,1,1,1988,20,20,20,20,20,20,20,20,20,20
80309,2,1,1988,0,0,0,0,0,0,0,0,24,11
80310,1,1,1988,29,29,29,29,29,29,29,29,29,29
80311,1,1,1988,18,18,18,18,18,18,18,18,18,18
80312,1,1,1988,0,0,0,0,9,0,0,14,0,0
80312,2,1,1988,0,0,0,0,0,0,3,35,0,0
80313,1,1,1988,0,0,0,0,0,0,0,0,0,0
80313,2,1,1988,0,0,0,0,0,0,0,0,0,0
80314,0,1,1988,0,0,0,0,0,0,0,0,0,0
80314,1,1,1988,0,0,0,0,0,0,0,0,0,0
80315,1,1,1988,0,0,13,0,22,0,19,0,0,0
80316,1,1,1988,0,0,0,0,11,0,0,0,0,0
80316,2,1,1988,20,20,20,20,20,20,20,20,20,20
80317,1,1,1988,7,7,7,7,7,7,7,7,7,7
80318,1,1,1988,0,0,0,0,0,0,0,0,0,0
80319,1,1,1988,16,16,16,16,16,16,16,16,16,16
80320,1,1,1988,0,0,0,0,0,0,0,0,0,0
80320,2,1,1988,19,0,0,0,0,0,0,0,0,0
80320,3,1,1988,0,0,0,0,0,0,0,0,0,0
80321,1,1,1988,0,0,0,0,0,0,0,0,0,0
80321,2,1,1988,6,0,0,0,0,0,0,0,0,0
80321,3,1,1988,0,0,0,0,0,0,0,0,0,0
80322,1,1,1988,0,0,0,0,0,0,0,0,0,0
80323,1,1,1988,15,15,15,15,15,15,15,15,15,15
80324,1,1,1988,24,9,0,0,0,8,0,0,8,0
80325,0,1,1988,0,0,0,0,0,0,0,0,0,0
80325,0,2,1988,0,0,3,0,0,0,0,11,0,0
80325,1,1,1988,0,0,0,0,0,0,0,0,0,0
80326,1,1,1988,0,0,0,0,0,0,0,0,0,0
80326,2,1,1988,0,0,0,0,0,0,0,0,0,0
80327,1,1,1988,0,0,0,0,0,0,0,0,0,0
80327,2,1,1988,0,0,0,0,0,0,0,0,0,0
80328,1,1,1988,0,0,0,0,0,0,0,0,0,0
80328,2,1,1988,0,0,0,0,0,0,0,0,0,0
80329,1,1,1988,15,15,15,15,15,15,15,15,15,15
80329,2,1,1988,0,0,0,0,0,0,0,0,0,0
80330,1,1,1988,14,12,0,14,0,22,29,9,0,31
80331,1,1,1988,17,17,17,17,17,17,17,17,17,17
80332,0,1,1988,0,0,0,0,0,0,0,0,0,0
80332,1,1,1988,0,0,0,0,0,0,0,0,0,0
80333,1,1,1988,0,0,0,0,0,0,0,0,0,0
80333,2,1,1988,0,0,0,0,0,0,0,0,0,0
80334,1,1,1988,15,15,15,15,15,15,15,15,15,15
80334,2,1,1988,3,3,3,3,3,3,3,3,3,3
80335,0,1,1988,27,51,40,18,13,19,14,21,52,20
80335,1,1,1988,0,0,0,0,0,0,0,0,0,0
80336,1,1,1988,0,0,0,0,0,0,0,0,0,0
80336,2,1,1988,0,0,0,0,0,0,0,0,0,0
80337,0,1,1988,0,22,0,12,25,0,0,0,6,11
80337,1,1,1988,0,0,0,0,0,0,0,0,0,0
80338,1,1,1988,9,9,9,9,9,9,9,9,9,9
80339,1,1,1988,0,12,0,0,0,0,14,0,0,0
80340,0,1,1988,0,0,0,0,0,0,0,0,0,0
80340,0,2,1988,11,0,0,0,0,0,10,0,4,18
80340,0,3,1988,0,24,0,0,0,0,35,0,4,30
80340,1,1,1988,4,4,4,4,4,4,4,4,4,4
80341,1,1,1988,0,0,0,0,0,0,0,0,0,0
80342,1,1,1988,0,0,0,0,0,0,0,0,0,0
80343,1,1,1988,23,23,23,23,23,23,23,23,23,23
80344,1,1,1988,0,0,0,0,0,0,0,0,0,0
80345,1,1,1988,0,0,0,0,0,0,0,0,0,2
80345,2,1,1988,0,0,0,0,0,0,0,0,0,0
80346,0,1,1988,0,0,0,0,0,0,0,0,0,0
80346,1,1,1988,0,0,0,0,0,0,0,22,0,0
80347,0,1,1988,20,20,20,20,20,20,20,20,20,20
80347,1,1,1988,0,0,0,0,0,0,0,0,0,0
80348,1,1,1988,0,0,0,0,0,0,0,0,0,0
80348,2,1,1988,0,5,0,0,0,0,0,0,3,0
80349,1,1,1988,0,0,0,0,0,0,0,0,0,0
80349,2,1,1988,0,0,0,0,0,0,0,0,0,0
80350,1,1,1988,23,23,23,23,23,23,23,23,23,23
80351,1,1,1988,22,22,22,22,22,22,22,22,22,22
80352,1,1,1988,0,0,0,0,0,0,0,0,0,0
80353,1,1,1988,0,0,0,0,0,0,0,0,0,0
80353,2,1,1988,0,0,8,0,0,14,0,0,0,0
80353,3,1,1988,0,0,0,0,0,0,0,0,0,0
80353,4,1,1988,0,0,0,0,0,0,0,0,0,0
80353,5,1,1988,0,0,0,0,0,0,0,0,0,0
80354,1,1,1988,0,0,0,0,0,0,0,0,0,0
80354,2,1,1988,0,0,0,0,5,0,0,0,0,0
80355,1,1,1988,7,7,7,7,7,7,7,7,7,7
80356,1,1,1988,11,11,11,11,11,11,11,11,11,11
80357,1,1,1988,0,0,0,0,0,0,0,0,0,0
80358,1,1,1988,10,10,10,10,10,10,10,10,10,10
80359,0,1,1988,28,28,28,28,28,28,28,28,28,28
80359,1,1,1988,0,0,0,0,0,0,0,0,0,0
80360,1,1,1988,0,0,0,0,0,0,0,0,0,0
80362,1,1,1988,14,14,14,14,14,14,14,14,14,14
80363,0,1,1988,0,0,0,0,0,0,0,0,0,0
80363,1,1,1988,0,0,0,0,0,0,0,0,0,0
80364,1,1,1988,28,28,28,28,28,28,28,28,28,28
80364,2,1,1988,0,0,0,0,0,0,0,0,0,0
80365,1,1,1988,22,22,22,22,22,22,22,22,22,22
80365,2,1,1988,0,0,0,0,0,0,0,0,0,0
80366,1,1,1988,0,0,0,0,0,0,0,0,0,0
80367,1,1,1988,0,0,0,0,0,0,0,0,0,0
80368,1,1,1988,0,0,0,0,0,0,0,0,0,0
80369,1,1,1988,0,0,0,0,0,0,0,0,0,0
80369,2,1,1988,0,0,0,0,0,0,0,0,0,0
80369,3,1,1988,0,0,0,0,0,0,0,0,0,0
80369,4,1,1988,0,0,0,0,0,0,0,0,0,0
80370,1,1,1988,0,0,0,0,0,0,0,0,0,0
80370,2,1,1988,0,0,0,0,0,0,18,12,0,0
80371,1,1,1988,22,22,22,22,22,22,22,22,22,22
80372,1,1,1988,0,0,0,0,0,0,0,0,0,0
80373,1,1,1988,0,0,0,0,0,0,0,0,0,0
80373,2,1,1988,0,0,0,0,0,0,0,0,0,0
80374,1,1,1988,14,14,14,14,14,14,14,14,14,14
80375,1,1,1988,17,17,17,17,17,17,17,17,17,17
80376,1,1,1988,7,7,7,7,7,7,7,7,7,7
80377,1,1,1988,14,14,14,14,14,14,14,14,14,14
80378,1,1,1988,24,24,24,24,24,24,24,24,24,24
80379,1,1,1988,20,20,20,20,20,20,20,20,20,20
80380,1,1,1988,14,14,14,14,14,14,14,14,14,14
80380,2,1,1988,0,0,0,0,0,0,11,0,0,0
80381,1,1,1988,0,0,0,0,0,0,0,0,0,0
80381,2,1,1988,5,5,5,5,5,5,5,5,5,5
80382,1,1,1988,5,5,5,5,5,5,5,5,5,5
80383,1,1,1988,28,28,28,28,28,28,28,28,28,28
80384,1,1,1988,0,0,0,0,0,0,0,0,25,0
80384,2,1,1988,0,0,0,0,0,0,0,0,0,0
80385,1,1,1988,0,0,0,0,0,0,0,0,0,0
80386,1,1,1988,0,0,0,0,0,0,0,0,0,0
80387,1,1,1988,0,0,7,0,0,9,21,0,30,0
80388,1,1,1988,28,28,28,28,28,28,28,28,28,28
80389,1,1,1988,9,9,9,9,9,9,9,9,9,9
80390,1,1,1988,0,0,0,0,0,0,0,0,0,0
80390,2,1,1988,19,19,19,19,19,19,19,19,19,19
80391,1,1,1988,0,0,21,0,0,0,0,0,0,0
80391,2,1,1988,0,7,0,0,0,0,0,0,0,0
80392,1,1,1988,12,12,12,12,12,12,12,12,12,12
80393,1,1,1988,0,0,0,0,0,0,0,0,0,0
80393,2,1,1988,0,0,0,0,0,0,0,0,0,0
80394,1,1,1988,13,13,13,13,13,13,13,13,13,13
80395,1,1,1988,0,0,0,0,0,0,0,0,0,0
80395,2,1,1988,0,0,0,0,9,0,0,0,0,0
80395,3,1,1988,0,0,0,0,0,0,0,0,0,0
80396,0,1,1988,0,0,0,0,0,0,0,0,0,0
80396,1,1,1988,0,0,0,0,0,0,0,0,0,0
80397,1,1,1988,20,20,20,20,20,20,20,20,20,20
80398,1,1,1988,0,0,0,0,0,0,0,0,0,0
80399,1,1,1988,0,0,35,0,0,0,0,0,0,0
80400,0,1,1988,0,0,0,0,0,0,0,0,0,0
80400,1,1,1988,0,0,0,0,0,0,0,0,0,0
80401,1,1,1988,0,0,0,0,0,0,0,0,0,0
80402,1,1,1988,0,0,0,0,0,0,0,0,0,12
80403,1,1,1988,26,26,26,26,26,26,26,26,26,26
80403,2,1,1988,0,0,0,0,0,0,0,0,0,0
80404,1,1,1988,0,0,0,0,0,0,0,0,0,0
80404,2,1,1988,0,0,0,0,0,0,0,0,0,0
80405,1,1,1988,0,0,0,0,0,0,0,0,0,0
80406,1,1,1988,0,0,0,0,0,0,0,0,0,0
80406,2,1,1988,0,0,0,0,0,0,0,0,0,0
80407,1,1,1988,0,0,0,0,0,0,0,0,0,0
80407,2,1,1988,0,0,0,0,0,0,0,0,0,0
80407,3,1,1988,0,0,0,0,0,0,0,0,0,0
80408,1,1,1988,23,23,23,23,23,23,23,23,23,23
80409,0,1,1988,14,14,14,14,14,14,14,14,14,14
80409,1,1,1988,0,0,0,0,0,0,0,0,0,0
80410,1,1,1988,20,20,20,20,20,20,20,20,20,20
80411,1,1,1988,10,10,10,10,10,10,10,10,10,10
80412,1,1,1988,20,20,20,20,20,20,20,20,20,20
80413,1,1,1988,0,0,0,0,0,0,0,0,0,0
80413,2,1,1988,0,0,0,0,0,0,0,0,0,0
80414,1,1,1988,0,0,0,0,0,0,0,0,0,0
80414,2,1,1988,0,0,0,0,0,0,0,0,0,0
80414,3,1,1988,0,0,0,0,0,0,0,0,0,0
80415,1,1,1988,0,0,0,0,0,0,0,0,0,0
80416,0,1,1988,0,0,0,0,0,0,0,0,0,0
80416,1,1,1988,0,0,0,0,0,0,0,0,0,0
80417,1,1,1988,6,6,6,6,6,6,6,6,6,6
80418,1,1,1988,1,1,1,1,1,1,1,1,1,1
80418,2,1,1988,8,8,8,8,8,8,8,8,8,8
80419,1,1,1988,0,0,0,0,0,0,0,0,0,0
80420,1,1,1988,0,0,0,0,0,0,0,0,0,0
80421,1,1,1988,0,0,0,0,0,0,0,0,0,0
80422,1,1,1988,0,0,0,0,0,0,0,0,0,0
80423,1,1,1988,0,0,0,0,0,0,0,12,0,0
80424,1,1,1988,0,0,0,0,0,0,0,0,0,0
80425,1,1,1988,0,0,0,0,0,0,0,0,0,0
80426,0,1,1988,0,0,0,0,0,0,0,0,0,0
80426,1,1,1988,0,0,0,0,0,0,0,0,0,0
80427,1,1,1988,0,0,0,0,0,0,0,0,0,0
80428,1,1,1988,0,0,0,0,0,0,0,0,0,0
80428,2,1,1988,0,0,0,0,0,0,0,0,0,0
80429,1,1,1988,0,0,0,0,0,0,0,0,0,0
80429,2,1,1988,0,0,0,0,0,0,0,0,0,0
80430,1,1,1988,0,0,0,0,0,0,0,0,0,0
80431,1,1,1988,27,27,27,27,27,27,27,27,27,27
80431,2,1,1988,0,0,0,0,0,0,0,0,0,0
80432,1,1,1988,0,0,0,0,0,0,0,0,0,23
80433,0,1,1988,0,0,0,0,0,0,0,0,0,0
80433,1,1,1988,0,0,0,0,4,0,0,0,0,0
80434,1,1,1988,0,0,0,0,0,0,0,0,0,0
80435,0,1,1988,12,12,12,12,12,12,12,12,12,12
80435,1,1,1988,10,21,0,5,26,16,12,24,17,11
80436,1,1,1988,0,0,0,0,0,0,0,0,0,0
80437,1,1,1988,0,0,0,0,0,0,0,0,0,0
80437,2,1,1988,0,0,0,0,0,0,0,0,0,0
80438,1,1,1988,0,0,0,0,0,0,0,0,0,0
80438,2,1,1988,0,0,0,0,0,0,0,0,0,0
80439,1,1,1988,0,0,0,0,0,0,0,0,0,0
80440,1,1,1988,0,0,0,0,0,0,0,0,0,0
80440,2,1,1988,0,0,0,0,0,0,0,0,0,0
80441,1,1,1988,23,23,23,23,23,23,23,23,23,23
80442,1,1,1988,0,0,0,0,0,0,0,0,0,0
80442,2,1,1988,0,0,0,0,0,0,0,0,0,0
80443,1,1,1988,0,0,0,0,0,0,0,0,0,0
80444,1,1,1988,18,18,18,18,18,18,18,18,18,18
80444,2,1,1988,0,0,0,0,0,0,0,0,0,0
80444,3,1,1988,0,0,0,0,0,0,0,0,0,7
80445,1,1,1988,23,23,23,23,23,23,23,23,23,23
80446,1,1,1988,0,0,0,0,0,0,0,0,0,0
80447,0,1,1988,0,0,0,0,0,0,0,15,0,0
80447,1,1,1988,0,0,0,0,0,0,0,0,0,0
80448,1,1,1988,0,0,0,0,0,0,0,0,0,0
80448,2,1,1988,4,4,4,4,4,4,4,4,4,4
80449,1,1,1988,0,0,0,0,0,0,0,0,0,0
80450,1,1,1988,0,0,0,0,0,0,0,0,0,0
80451,1,1,1988,0,0,0,0,0,0,0,0,0,0
80451,2,1,1988,0,0,0,0,0,0,0,0,0,0
80451,3,1,1988,0,0,0,0,0,0,0,0,0,0
80452,1,1,1988,26,26,26,26,26,26,26,26,26,26
80453,1,1,1988,0,0,0,0,0,0,0,0,0,0
80453,2,1,1988,0,0,0,0,0,0,0,0,0,0
80454,0,1,1988,25,0,0,0,21,0,0,0,0,8
80454,1,1,1988,0,0,7,0,0,6,17,0,0,0
80455,1,1,1988,17,17,17,17,17,17,17,17,17,17
80455,2,1,1988,0,0,0,0,0,0,0,0,0,0
90001,1,1,1988,5,5,5,5,5,5,5,5,5,5
90002,1,1,1988,33,33,33,33,33,33,33,33,33,33
90002,2,1,1988,0,0,0,0,0,0,0,0,0,9
90003,1,1,1988,0,0,0,0,0,0,0,0,0,0
90003,2,1,1988,30,30,30,30,30,30,30,30,30,30
90004,0,1,1988,0,0,0,0,0,0,0,0,0,0
90004,1,1,1988,21,21,21,21,21,21,21,21,21,21
90005,1,1,1988,15,15,0,0,5,0,0,0,0,9
90005,2,1,1988,14,16,0,0,0,0,0,0,0,13
90006,0,1,1988,0,0,0,0,0,0,0,0,0,0
90006,1,1,1988,0,0,0,0,0,0,0,0,0,0
90007,1,1,1988,24,24,24,24,24,24,24,24,24,24
90007,2,1,1988,19,15,10,0,15,13,29,15,6,13
90008,1,1,1988,0,0,0,0,0,0,0,0,0,0
90009,2,1,1988,0,0,0,0,0,0,0,0,0,0
90010,1,1,1988,0,0,0,0,0,0,0,0,4,25
90010,2,1,1988,0,0,0,0,0,0,8,0,0,23
90011,1,1,1988,6,14,0,6,0,23,3,14,0,12
90012,1,1,1988,0,0,0,0,0,0,0,0,0,0
90013,1,1,1988,7,7,7,7,7,7,7,7,7,7
90013,2,1,1988,0,0,0,0,0,0,0,0,0,0
90014,1,1,1988,0,0,0,0,0,0,0,0,0,0
90014,2,1,1988,0,0,0,0,0,0,0,0,0,0
90015,1,1,1988,0,0,0,0,0,0,0,0,0,0
90015,2,1,1988,0,0,0,0,23,0,0,0,0,0
90016,1,1,1988,18,18,18,18,18,18,18,18,18,18
90017,1,1,1988,21,21,21,21,21,21,21,21,21,21
90018,1,1,1988,0,0,0,0,0,0,0,5,0,0
90018,2,1,1988,0,0,0,0,0,0,0,0,0,0
90019,0,1,1988,0,0,0,0,0,0,0,20,0,0
90019,1,1,1988,0,0,0,0,0,0,0,0,0,0
90020,1,1,1988,0,0,0,0,0,0,0,0,0,0
90020,2,1,1988,8,8,8,8,8,8,8,8,8,8
90021,0,1,1988,0,0,0,0,0,0,0,0,0,0
90021,1,1,1988,0,0,0,0,0,0,0,0,0,0
90022,1,1,1988,0,0,0,0,0,0,0,0,0,0
90023,1,1,1988,0,0,0,0,0,0,0,0,0,0
90024,1,1,1988,15,15,15,15,15,15,15,15,15,15
90024,2,1,1988,0,0,0,0,0,0,0,8,29,0
90025,1,1,1988,0,0,0,0,0,0,0,0,0,0
90026,1,1,1988,21,21,21,21,21,21,21,21,21,21
90027,1,1,1988,10,10,10,10,10,10,10,10,10,10
90028,1,1,1988,0,0,0,0,0,0,0,0,0,0
90028,2,1,1988,0,0,0,0,0,0,0,0,0,0
90029,1,1,1988,15,15,15,15,15,15,15,15,15,15
90030,1,1,1988,0,0,0,0,0,0,0,0,0,0
90030,2,1,1988,0,0,0,0,0,0,0,0,0,0
90030,3,1,1988,15,0,0,0,0,0,0,0,0,0
90031,1,1,1988,14,14,14,14,14,14,14,14,14,14
90032,1,1,1988,0,0,0,0,0,0,0,0,0,0
90033,0,1,1988,0,27,25,0,0,0,11,14,0,23
90033,1,1,1988,0,18,14,27,12,19,0,10,25,11
90034,1,1,1988,0,0,0,0,0,0,0,0,0,0
90035,1,1,1988,0,0,0,0,0,0,0,0,0,0
90035,2,1,1988,13,13,13,13,13,13,13,13,13,13
90036,1,1,1988,0,0,0,0,0,0,0,0,0,0
90037,1,1,1988,0,0,0,0,0,0,0,0,0,0
90037,2,1,1988,0,0,0,0,0,0,0,0,0,0
90037,3,1,1988,0,0,0,0,0,0,0,0,0,0
90038,1,1,1988,0,21,34,0,14,17,9,11,21,6
90038,2,1,1988,0,0,0,0,0,0,0,0,0,0
90039,1,1,1988,19,19,19,19,19,19,19,19,19,19
90039,2,1,1988,0,0,0,0,0,0,0,0,0,0
90040,1,1,1988,14,14,14,14,14,14,14,14,14,14
90040,2,1,1988,0,0,0,0,0,0,0,0,22,0
90041,1,1,1988,11,11,11,11,11,11,11,11,11,11
90042,0,1,1988,0,0,0,0,0,0,0,0,0,0
90042,1,1,1988,0,0,0,0,0,0,0,18,0,5
90043,1,1,1988,0,0,0,0,0,0,0,0,0,0
90043,2,1,1988,0,0,0,0,0,0,0,0,0,0
90044,1,1,1988,0,0,0,0,0,0,0,0,0,0
90044,2,1,1988,0,0,0,0,0,0,0,0,0,0
90045,1,1,1988,0,0,0,0,0,0,0,0,0,0
90046,1,1,1988,0,0,0,0,0,0,0,0,0,0
90047,1,1,1988,0,0,0,0,0,0,0,0,0,0
90047,2,1,1988,0,0,0,0,0,0,0,0,0,0
90048,1,1,1988,26,26,26,26,26,26,26,26,26,26
90049,1,1,1988,0,0,0,0,0,0,0,0,0,0
90050,1,1,1988,17,17,17,17,17,17,17,17,17,17
90051,1,1,1988,0,0,0,0,0,0,0,0,0,0
90051,2,1,1988,0,5,0,0,0,0,13,0,0,0
90051,3,1,1988,0,0,0,21,0,0,0,0,0,0
90052,1,1,1988,0,0,0,0,0,0,0,0,0,0
90052,2,1,1988,15,15,15,15,15,15,15,15,15,15
90053,1,1,1988,17,17,17,17,17,17,17,17,17,17
90054,1,1,1988,0,0,0,0,0,0,0,0,0,0
90054,2,1,1988,0,0,0,0,0,0,0,0,0,0
90054,3,1,1988,15,0,0,8,0,0,0,0,0,0
90054,4,1,1988,8,0,0,0,0,0,0,0,0,0
90055,1,1,1988,0,0,0,0,0,0,0,0,0,0
90055,2,1,1988,0,0,0,0,0,0,0,0,0,0
90056,1,1,1988,0,0,0,0,0,0,0,0,0,0
90056,2,1,1988,7,0,0,0,0,0,0,0,0,0
90057,1,1,1988,0,0,0,0,0,0,0,0,0,0
90057,2,1,1988,0,0,0,0,0,0,0,0,0,0
90057,3,1,1988,0,8,0,0,0,0,0,6,0,0
90058,1,1,1988,0,0,0,0,13,0,0,0,0,0
90058,2,1,1988,0,0,0,0,0,0,0,18,0,0
90059,1,1,1988,0,0,0,0,0,0,0,0,0,0
90060,1,1,1988,0,0,0,0,0,0,0,0,0,0
90060,2,1,1988,0,0,0,0,8,0,0,0,0,16
90061,0,1,1988,0,0,0,0,0,0,0,0,0,0
90061,1,1,1988,0,0,0,0,0,0,0,0,0,0
90062,1,1,1988,23,8,17,13,21,14,14,7,10,13
90063,1,1,1988,0,0,21,21,0,6,0,22,20,11
90064,1,1,1988,16,16,16,16,16,16,16,16,16,16
90065,1,1,1988,0,0,0,0,0,0,0,0,0,0
90065,2,1,1988,0,0,0,0,0,0,0,0,0,0
90066,1,1,1988,0,0,0,0,0,0,0,0,0,0
90066,2,1,1988,0,0,0,0,0,0,0,0,0,0
90066,3,1,1988,0,0,0,0,0,0,0,0,0,0
90066,4,1,1988,0,0,0,0,0,0,0,0,0,0
90066,5,1,1988,0,0,0,0,0,0,0,0,0,0
90067,1,1,1988,0,0,0,0,0,0,0,0,0,0
90068,1,1,1988,0,0,0,0,0,0,0,0,0,0
90069,1,1,1988,0,0,0,0,0,7,12,0,16,0
90069,2,1,1988,0,0,2,0,0,0,0,0,0,0
90069,3,1,1988,0,0,0,0,0,0,0,0,0,0
90069,4,1,1988,0,0,0,0,0,0,0,0,0,0
90069,5,1,1988,0,0,0,0,0,0,0,0,0,0
90070,1,1,1988,0,0,0,0,0,0,0,0,0,0
90070,2,1,1988,0,0,0,0,0,0,0,0,0,0
90071,0,1,1988,15,15,15,15,15,15,15,15,15,15
90071,0,2,1988,3,3,3,3,3,3,3,3,3,3
90071,0,3,1988,10,10,10,10,10,10,10,10,10,10
90071,1,1,1988,10,10,10,10,10,10,10,10,10,10