ST_CASE,VEH_NO,PER_NO,YEAR,P1,P2,P3,P4,P5,P6,P7,P8,P9,P10
90072,1,1,1988,0,0,0,0,0,0,0,0,0,0
90072,2,1,1988,0,0,0,0,0,0,0,0,0,0
90073,1,1,1988,18,18,18,18,18,18,18,18,18,18
90074,0,1,1988,0,0,0,0,0,0,0,0,0,0
90074,1,1,1988,0,0,0,0,0,0,0,0,0,0
90075,1,1,1988,0,11,0,0,0,0,0,0,0,0
90075,2,1,1988,0,0,0,0,0,0,0,0,12,0
90075,3,1,1988,21,0,0,0,0,0,0,0,0,0
90076,1,1,1988,15,15,15,15,15,15,15,15,15,15
90077,1,1,1988,0,0,0,0,0,0,0,0,0,0
90077,2,1,1988,15,10,0,6,23,11,13,16,17,11
90078,0,1,1988,0,0,0,0,0,0,0,0,0,0
90078,1,1,1988,0,0,0,0,0,0,0,0,0,0
90079,1,1,1988,25,25,25,25,25,25,25,25,25,25
90080,1,1,1988,15,15,15,15,15,15,15,15,15,15
90081,1,1,1988,22,22,22,22,22,22,22,22,22,22
90082,1,1,1988,0,0,0,0,0,0,0,0,0,0
90083,1,1,1988,19,19,19,19,19,19,19,19,19,19
90084,1,1,1988,29,29,29,29,29,29,29,29,29,29
90085,1,1,1988,0,0,0,0,0,0,0,0,0,0
90086,1,1,1988,0,0,0,0,0,0,0,0,0,0
90086,2,1,1988,0,0,0,0,0,0,0,0,0,0
90087,1,1,1988,0,0,0,0,0,0,0,0,0,0
90087,2,1,1988,0,0,0,0,0,0,0,0,0,0
90087,3,1,1988,0,0,0,0,0,0,0,0,17,0
90088,1,1,1988,18,18,18,18,18,18,18,18,18,18
90088,2,1,1988,0,0,0,0,0,0,0,0,0,0
90089,1,1,1988,1,1,1,1,1,1,1,1,1,1
90089,2,1,1988,0,0,0,0,0,0,0,0,0,0
90090,0,1,1988,21,0,0,19,0,0,0,0,0,0
90090,1,1,1988,0,0,13,0,0,0,0,0,0,0
90091,1,1,1988,0,0,7,15,0,0,0,13,0,0
90091,2,1,1988,0,0,15,0,0,0,0,0,0,0
90092,1,1,1988,0,0,0,0,0,0,0,0,0,0
90093,1,1,1988,22,22,22,22,22,22,22,22,22,22
90094,0,1,1988,37,37,37,37,37,37,37,37,37,37
90094,1,1,1988,0,19,13,0,0,0,13,0,0,0
90095,1,1,1988,0,0,0,0,0,0,0,0,0,0
90095,2,1,1988,0,27,0,12,0,0,0,0,0,0
90096,1,1,1988,0,0,0,0,0,0,0,0,0,0
90096,2,1,1988,0,0,0,0,0,0,0,0,0,0
90097,1,1,1988,23,23,23,23,23,23,23,23,23,23
90098,1,1,1988,0,0,0,0,0,0,0,0,0,0
90098,2,1,1988,0,0,0,0,0,0,0,0,0,0
90099,0,1,1988,0,0,0,0,0,0,0,0,0,0
90099,1,1,1988,9,0,0,11,0,0,0,6,0,20
90100,0,1,1988,0,0,0,0,0,0,19,0,0,0
90100,1,1,1988,0,0,0,0,0,0,0,15,0,0
90101,1,1,1988,9,9,9,9,9,9,9,9,9,9
90102,1,1,1988,0,0,0,0,0,0,0,0,0,0
90103,1,1,1988,0,0,0,0,0,0,0,0,0,0
90103,2,1,1988,0,0,0,0,0,0,0,0,0,0
90104,1,1,1988,0,0,0,0,0,0,0,0,0,0
90104,2,1,1988,0,0,0,0,0,0,0,0,0,0
90105,1,1,1988,0,0,0,0,0,0,0,0,0,0
90106,1,1,1988,0,0,0,9,0,0,0,6,23,21
90106,2,1,1988,0,0,0,0,0,0,0,0,0,0
90107,1,1,1988,13,13,13,13,13,13,13,13,13,13
90108,1,1,1988,8,8,8,8,8,8,8,8,8,8
90108,2,1,1988,6,15,0,0,0,10,0,8,17,18
90108,3,1,1988,18,0,9,0,10,0,0,18,0,0
90109,1,1,1988,14,14,14,14,14,14,14,14,14,14
90110,0,1,1988,0,0,0,0,0,0,0,0,0,0
90110,1,1,1988,0,0,0,0,0,0,0,0,0,0
90111,1,1,1988,12,12,12,12,12,12,12,12,12,12
90111,2,1,1988,0,15,0,5,21,0,0,0,0,0
90112,1,1,1988,0,0,0,0,0,0,0,0,0,0
90112,2,1,1988,9,9,9,9,9,9,9,9,9,9
90113,1,1,1988,7,7,7,7,7,7,7,7,7,7
90114,1,1,1988,0,0,0,0,0,0,0,0,0,0
90114,2,1,1988,0,0,0,0,0,0,0,0,0,0
90115,1,1,1988,0,9,12,12,9,26,6,0,5,0
90116,1,1,1988,0,0,21,0,0,0,0,0,0,0
90116,2,1,1988,4,14,0,0,0,14,0,0,0,0
90117,1,1,1988,8,8,8,8,8,8,8,8,8,8
90118,0,1,1988,0,8,0,47,0,0,0,25,29,0
90118,1,1,1988,8,12,6,13,13,17,23,4,9,8
90119,1,1,1988,0,0,0,0,0,0,0,0,0,0
90120,1,1,1988,20,20,20,20,20,20,20,20,20,20
90120,2,1,1988,0,0,0,0,0,0,0,0,0,0
90121,1,1,1988,9,9,9,9,9,9,9,9,9,9
90122,1,1,1988,18,18,18,18,18,18,18,18,18,18
90123,1,1,1988,24,24,24,24,24,24,24,24,24,24
90123,2,1,1988,0,0,0,0,20,0,0,10,0,11
90124,1,1,1988,0,0,0,0,0,0,14,0,0,0
90124,2,1,1988,0,0,0,0,0,0,0,0,0,0
90125,1,1,1988,14,14,14,14,14,14,14,14,14,14
90126,1,1,1988,0,0,0,0,0,0,0,0,0,0
90126,2,1,1988,0,0,0,0,27,0,0,0,0,11
90127,1,1,1988,27,0,0,0,0,0,0,0,0,0
90127,2,1,1988,27,27,27,27,27,27,27,27,27,27
90128,0,1,1988,0,0,0,0,0,0,0,0,0,0
90128,1,1,1988,0,0,0,0,0,0,0,0,0,0
90129,0,1,1988,0,0,0,0,0,0,0,0,0,0
90129,1,1,1988,0,0,0,0,0,0,17,0,0,0
90130,1,1,1988,20,20,20,20,20,20,20,20,20,20
90131,1,1,1988,8,8,8,8,8,8,8,8,8,8
90132,1,1,1988,16,16,16,16,16,16,16,16,16,16
90133,1,2,1988,9,0,0,9,0,21,0,0,27,0
90134,1,1,1988,18,18,18,18,18,18,18,18,18,18
90135,1,1,1988,8,8,8,8,8,8,8,8,8,8
90136,1,1,1988,0,0,0,0,0,0,0,0,0,0
90137,1,1,1988,0,0,0,0,0,0,0,0,0,0
90138,0,1,1988,35,35,35,35,35,35,35,35,35,35
90138,1,1,1988,0,0,0,0,0,0,0,0,0,0
90139,1,1,1988,20,20,20,20,20,20,20,20,20,20
90140,1,1,1988,12,12,12,12,12,12,12,12,12,12
90141,0,1,1988,20,20,20,20,20,20,20,20,20,20
90141,1,1,1988,0,0,0,0,0,0,0,0,0,0
90142,1,1,1988,18,18,18,18,18,18,18,18,18,18
90144,1,1,1988,0,0,0,0,0,0,0,0,0,0
90145,1,1,1988,25,25,25,25,25,25,25,25,25,25
90146,1,1,1988,0,0,0,0,0,0,0,0,0,0
90146,2,1,1988,0,0,0,0,0,0,0,0,0,0
90147,1,1,1988,0,0,0,22,0,0,0,0,0,0
90147,2,1,1988,0,0,0,0,0,0,0,0,0,0
90148,1,1,1988,0,0,0,0,0,0,0,0,0,0
90148,2,1,1988,11,11,11,11,11,11,11,11,11,11
90149,1,1,1988,24,24,24,24,24,24,24,24,24,24
90150,1,1,1988,0,0,0,0,0,0,0,0,0,0
90150,2,1,1988,19,0,0,0,0,0,0,0,0,0
90151,1,1,1988,0,0,9,29,24,0,0,0,0,0
90151,2,1,1988,0,0,0,0,0,0,0,0,0,0
90152,1,1,1988,15,15,15,15,15,15,15,15,15,15
90152,2,1,1988,0,0,0,0,0,0,0,0,0,0
90153,1,1,1988,0,0,0,0,0,0,0,0,0,0
90153,2,1,1988,0,0,0,0,0,0,0,0,0,0
90154,0,1,1988,0,0,0,0,0,0,0,0,0,0
90154,1,1,1988,0,0,0,0,0,0,0,0,0,0
90155,1,1,1988,0,18,0,13,0,0,0,0,17,7
90155,2,1,1988,0,0,0,0,17,9,0,0,0,0
90156,1,1,1988,0,0,0,0,0,0,0,0,0,0
90156,2,1,1988,38,38,38,38,38,38,38,38,38,38
90157,1,1,1988,3,3,3,3,3,3,3,3,3,3
90157,2,1,1988,0,0,0,0,0,0,0,0,0,0
90158,1,1,1988,16,16,16,16,16,16,16,16,16,16
90159,1,1,1988,23,23,23,23,23,23,23,23,23,23
90159,2,1,1988,8,0,0,16,0,0,14,21,14,0
90160,1,1,1988,10,6,14,11,6,19,0,9,7,21
90161,1,1,1988,0,0,0,0,0,0,0,0,0,0
90161,2,1,1988,0,0,0,0,0,0,0,0,0,0
90162,1,1,1988,0,0,0,0,0,0,0,0,0,0
90162,2,1,1988,0,0,0,0,0,0,22,23,0,0
90163,1,1,1988,0,0,0,0,0,0,0,0,0,0
90164,0,1,1988,26,26,26,26,26,26,26,26,26,26
90164,1,1,1988,0,0,0,0,0,0,0,0,0,0
90165,1,1,1988,0,0,0,0,0,21,12,0,0,0
90165,2,1,1988,0,0,0,0,0,0,0,0,5,0
90166,1,1,1988,0,8,0,0,0,0,0,0,0,0
90167,1,1,1988,0,0,0,0,0,0,0,0,0,0
90167,2,1,1988,0,0,0,0,13,0,27,0,0,0
90168,1,1,1988,0,0,0,0,0,0,0,0,0,0
90168,2,1,1988,0,0,0,0,0,0,0,0,0,0
90169,1,1,1988,35,33,12,18,30,24,29,24,20,15
90170,1,1,1988,8,11,16,0,13,8,30,7,10,31
90171,1,1,1988,22,22,22,22,22,22,22,22,22,22
90172,0,1,1988,0,0,0,0,0,0,0,0,0,0
90172,1,1,1988,10,0,0,0,0,0,7,0,0,0
90173,1,1,1988,13,13,13,13,13,13,13,13,13,13
90174,1,1,1988,35,35,35,35,35,35,35,35,35,35
90174,2,1,1988,0,0,0,0,0,0,0,0,0,0
90175,1,1,1988,0,0,0,0,0,0,0,0,0,0
90175,2,1,1988,22,22,22,22,22,22,22,22,22,22
90176,1,1,1988,0,0,0,0,0,0,0,0,0,0
90177,1,1,1988,14,14,14,14,14,14,14,14,14,14
90178,1,1,1988,21,21,21,21,21,21,21,21,21,21
90178,2,1,1988,0,0,0,0,0,3,0,25,0,8
90179,1,1,1988,19,19,19,19,19,19,19,19,19,19
90180,1,1,1988,27,27,27,27,27,27,27,27,27,27
90180,2,1,1988,0,0,0,0,0,25,0,0,0,0
90181,1,1,1988,0,0,0,0,0,0,0,0,0,0
90181,2,1,1988,0,0,0,0,0,0,0,0,0,0
90182,1,1,1988,21,21,21,21,21,21,21,21,21,21
90183,0,1,1988,0,0,0,0,0,0,0,0,0,0
90183,1,1,1988,0,0,0,0,0,0,0,0,0,0
90184,1,1,1988,0,0,0,0,0,0,0,0,0,0
90184,2,1,1988,3,3,3,3,3,3,3,3,3,3
90185,0,1,1988,20,9,15,18,38,10,9,21,30,15
90185,1,1,1988,0,0,0,0,0,0,0,0,0,0
90186,1,1,1988,0,7,23,0,0,0,0,6,22,11
90186,2,1,1988,0,12,0,21,30,14,16,23,21,28
90187,1,1,1988,14,14,14,14,14,14,14,14,14,14
90188,0,1,1988,0,0,0,0,0,0,0,0,0,0
90188,1,1,1988,0,0,0,0,0,0,0,0,0,0
90189,1,1,1988,29,23,18,11,13,7,24,22,19,14
90189,2,1,1988,0,0,7,0,0,0,0,0,0,9
90190,0,1,1988,0,0,0,0,0,0,0,0,0,0
90190,1,1,1988,0,18,0,0,0,12,0,0,11,0
90191,0,1,1988,0,0,0,0,0,0,0,0,0,0
90191,1,1,1988,0,0,0,0,0,0,0,0,0,0
90192,1,1,1988,21,21,21,21,21,21,21,21,21,21
90192,2,1,1988,0,2,0,0,0,0,0,0,0,0
90193,1,1,1988,22,22,22,22,22,22,22,22,22,22
90194,1,1,1988,17,17,17,17,17,17,17,17,17,17
90195,1,1,1988,25,25,25,25,25,25,25,25,25,25
90196,1,1,1988,0,0,0,0,0,0,0,0,0,0
90197,1,1,1988,0,0,0,0,0,0,0,0,0,0
90197,2,1,1988,0,0,0,0,0,0,0,0,0,0
90198,0,1,1988,0,0,0,0,0,0,0,0,0,0
90198,1,1,1988,9,0,0,0,0,9,0,0,0,0
90199,1,1,1988,8,8,8,8,8,8,8,8,8,8
90199,2,1,1988,0,0,0,0,0,0,0,0,0,0
90200,1,1,1988,21,21,21,21,21,21,21,21,21,21
90201,0,1,1988,17,30,28,16,0,0,19,26,0,13
90201,1,1,1988,0,0,0,0,0,0,0,0,0,0
90202,0,1,1988,11,11,11,11,11,11,11,11,11,11
90202,1,1,1988,12,13,0,4,19,21,0,32,0,0
90203,1,1,1988,18,18,18,18,18,18,18,18,18,18
90204,1,1,1988,0,0,0,0,0,0,0,0,0,0
90204,2,1,1988,0,0,0,0,0,0,0,0,0,0
90205,1,1,1988,0,0,0,0,0,0,0,0,0,0
90205,2,1,1988,0,0,0,0,0,0,0,0,0,0
90206,0,1,1988,0,0,0,0,0,0,0,0,0,0
90206,1,1,1988,0,0,0,0,0,0,0,0,0,0
90208,0,1,1988,9,9,9,9,9,9,9,9,9,9
90208,1,1,1988,0,0,0,0,0,0,0,0,0,0
90209,1,1,1988,0,0,0,0,0,0,0,0,0,0
90210,0,1,1988,24,24,24,24,24,24,24,24,24,24
90210,1,1,1988,0,0,0,0,0,0,0,0,11,0
90211,1,1,1988,27,27,27,27,27,27,27,27,27,27
90212,0,1,1988,5,11,6,25,40,0,0,8,18,0
90212,1,1,1988,12,17,3,25,0,12,37,9,14,6
90213,1,1,1988,28,20,19,0,0,23,0,0,15,12
90214,1,1,1988,0,0,0,0,0,0,0,0,0,0
90214,2,1,1988,0,0,0,0,0,0,0,0,0,0
90215,1,1,1988,13,0,0,17,14,10,11,0,0,0
90215,2,1,1988,0,0,19,24,0,0,0,0,4,39
90216,1,1,1988,11,10,9,8,29,0,0,0,0,0
90217,1,1,1988,0,0,0,0,7,0,0,0,0,0
90217,2,1,1988,0,0,0,0,0,6,32,0,0,0
90218,1,1,1988,13,7,17,0,0,0,0,0,0,0
90219,0,1,1988,0,0,0,0,0,0,0,0,0,0
90219,1,1,1988,0,9,0,0,0,0,0,0,0,0
90220,1,1,1988,24,13,6,0,10,0,18,9,15,19
90221,1,1,1988,28,28,28,28,28,28,28,28,28,28
90222,1,1,1988,0,0,0,0,0,0,0,0,0,0
90223,1,1,1988,0,0,0,0,0,0,0,0,0,0
90223,2,1,1988,13,13,13,13,13,13,13,13,13,13
90224,1,1,1988,21,21,21,21,21,21,21,21,21,21
90224,2,1,1988,9,9,9,9,9,9,9,9,9,9
90225,1,1,1988,0,0,8,0,0,0,0,0,11,7
90225,2,1,1988,23,23,23,23,23,23,23,23,23,23
90226,1,1,1988,10,10,10,10,10,10,10,10,10,10
90226,2,1,1988,0,0,0,0,0,0,0,0,0,0
90227,1,1,1988,12,12,12,12,12,12,12,12,12,12
90228,0,1,1988,0,0,0,0,0,0,0,0,0,0
90228,1,1,1988,31,31,31,31,31,31,31,31,31,31
90229,1,1,1988,0,0,0,0,0,0,0,0,0,0
90229,2,1,1988,0,0,0,0,0,0,0,0,0,0
90230,1,1,1988,6,6,6,6,6,6,6,6,6,6
90231,1,1,1988,0,0,0,0,0,0,0,0,0,0
90231,2,1,1988,13,13,13,13,13,13,13,13,13,13
90232,1,1,1988,0,0,0,0,0,0,0,0,0,0
90232,2,1,1988,0,0,0,0,0,0,0,0,0,0
90233,1,1,1988,0,0,0,0,0,0,0,0,0,0
90234,0,1,1988,0,0,0,0,0,0,0,0,0,0
90234,1,1,1988,0,0,0,0,0,0,0,0,5,0
90235,1,1,1988,0,0,0,0,0,0,0,0,0,0
90236,1,1,1988,0,9,0,0,0,0,20,8,0,0
90237,1,1,1988,0,0,0,15,0,0,0,21,0,0
90238,1,1,1988,13,13,13,13,13,13,13,13,13,13
90239,1,1,1988,13,13,13,13,13,13,13,13,13,13
90240,1,1,1988,0,0,0,0,0,0,0,0,0,0
90240,2,1,1988,0,0,0,0,0,0,0,0,0,0
90241,1,1,1988,4,4,4,4,4,4,4,4,4,4
90241,2,1,1988,9,9,9,9,9,9,9,9,9,9
90242,1,1,1988,0,0,0,0,0,0,0,0,0,0
90243,1,1,1988,0,0,0,0,0,0,0,0,0,0
90244,1,1,1988,0,0,0,4,0,0,0,0,0,0
90245,1,1,1988,0,0,0,0,0,0,0,0,0,0
90246,1,1,1988,10,10,10,10,10,10,10,10,10,10
90246,2,1,1988,0,0,0,0,0,0,0,0,0,0
90246,3,1,1988,0,8,23,21,11,0,0,19,10,23
90247,1,1,1988,0,0,0,0,0,0,0,0,0,0
90247,2,1,1988,0,0,0,0,0,0,0,0,0,0
90248,0,1,1988,0,0,19,0,0,0,0,0,0,0
90248,1,1,1988,0,0,0,0,0,0,0,0,0,0
90249,1,1,1988,0,0,0,0,0,0,0,0,0,0
90250,1,1,1988,3,3,3,3,3,3,3,3,3,3
90250,2,1,1988,0,0,0,0,0,0,0,0,0,0
90251,1,1,1988,0,0,0,0,0,0,0,0,0,0
90252,1,1,1988,0,0,0,0,0,0,0,0,0,0
90252,2,1,1988,0,0,0,0,0,0,0,0,0,0
90253,1,1,1988,0,0,0,0,0,0,0,0,0,0
90253,2,1,1988,0,0,0,0,0,0,0,0,0,0
90254,1,1,1988,0,0,0,0,0,0,0,0,0,0
90255,1,1,1988,38,38,38,38,38,38,38,38,38,38
90256,1,1,1988,25,25,25,25,25,25,25,25,25,25
90257,1,1,1988,21,21,21,21,21,21,21,21,21,21
90258,1,1,1988,9,22,7,20,12,9,5,14,20,15
90259,1,1,1988,10,22,0,0,0,0,12,0,20,8
90260,1,1,1988,31,31,31,31,31,31,31,31,31,31
90261,1,1,1988,19,19,19,19,19,19,19,19,19,19
90262,1,1,1988,0,0,0,0,0,0,0,0,0,0
90262,2,1,1988,0,0,0,0,0,0,0,0,0,0
90264,1,1,1988,0,0,0,0,0,0,0,17,22,0
90265,1,1,1988,4,26,30,11,12,24,11,6,25,3
90266,1,1,1988,0,0,0,0,0,0,0,0,0,0
90266,2,1,1988,0,0,0,0,0,0,0,0,0,0
90267,1,1,1988,0,0,0,0,0,0,0,0,0,0
90268,1,1,1988,9,9,9,9,9,9,9,9,9,9
90268,2,1,1988,0,0,0,0,0,0,0,0,0,0
90269,0,1,1988,0,0,0,0,0,0,0,0,0,0
90269,1,1,1988,0,0,0,0,0,0,0,0,0,0
90270,1,1,1988,5,5,5,5,5,5,5,5,5,5
90271,1,1,1988,9,0,0,0,19,10,16,22,10,24
90272,0,1,1988,0,0,0,0,0,0,0,0,0,0
90272,0,2,1988,0,0,0,0,0,0,0,0,0,0
90272,0,3,1988,0,0,0,0,0,0,0,17,0,0
90272,1,1,1988,0,0,0,0,6,0,0,0,0,0
90273,1,1,1988,0,0,0,0,0,0,0,0,0,0
90273,2,1,1988,0,0,0,7,0,0,16,0,0,0
90274,1,1,1988,18,18,18,18,18,18,18,18,18,18
90275,1,1,1988,0,0,0,0,0,0,0,0,0,0
90276,0,1,1988,0,0,0,0,0,0,0,0,0,0
90276,1,1,1988,0,0,0,0,0,0,0,0,0,0
90277,0,1,1988,11,0,19,10,0,0,0,0,17,0
90277,1,1,1988,0,30,10,12,0,7,0,25,14,0
90278,1,1,1988,0,0,0,0,0,0,0,0,7,0
90278,2,1,1988,0,0,0,0,0,0,8,0,0,0
90279,1,1,1988,17,17,17,17,17,17,17,17,17,17
90280,0,1,1988,0,0,0,0,4,0,0,19,0,0
90280,1,1,1988,0,0,14,0,0,0,0,0,0,0
90281,1,1,1988,0,0,0,0,0,0,0,0,0,0
90282,1,1,1988,19,19,19,19,19,19,19,19,19,19
90283,1,1,1988,0,0,0,0,0,0,0,11,4,5
90284,0,1,1988,0,0,0,0,0,0,0,0,0,0
90284,0,2,1988,0,0,0,0,0,0,0,0,0,0
90284,1,1,1988,0,0,0,0,0,0,0,0,0,0
90285,1,1,1988,0,0,0,0,0,0,0,0,0,0
90285,2,1,1988,0,0,0,0,0,0,0,0,0,0
90286,1,1,1988,0,0,0,0,0,0,0,0,0,0
90286,2,1,1988,12,0,0,0,0,0,0,0,0,0
90286,3,1,1988,0,0,0,0,0,0,0,0,0,0
90287,1,1,1988,8,8,8,8,8,8,8,8,8,8
90288,1,1,1988,6,6,6,6,6,6,6,6,6,6
90289,1,1,1988,1,1,1,1,1,1,1,1,1,1
90289,2,1,1988,6,0,0,0,0,0,0,0,0,0
90290,1,1,1988,0,0,0,0,0,0,0,0,0,0
90290,2,1,1988,0,0,0,0,0,0,21,0,0,0
90290,3,1,1988,0,0,0,0,0,0,0,0,0,0
90291,0,1,1988,0,0,0,0,0,0,0,0,0,0
90291,1,1,1988,0,0,0,0,0,0,0,0,0,0
90292,1,1,1988,23,23,23,23,23,23,23,23,23,23
90293,1,1,1988,20,0,0,0,0,0,20,0,0,0
90293,2,1,1988,0,0,0,0,0,0,0,0,0,0
90294,0,1,1988,20,20,20,20,20,20,20,20,20,20
90294,1,1,1988,0,0,0,0,0,0,0,0,0,0
90295,1,1,1988,0,0,0,16,0,0,0,6,0,0
90295,2,1,1988,7,0,0,0,0,0,0,0,0,0
90296,0,1,1988,0,0,0,0,0,0,0,0,0,0
90296,0,2,1988,0,5,0,27,0,17,0,0,26,16
90296,1,1,1988,21,21,21,15,13,12,7,0,10,28
90297,1,1,1988,0,0,0,0,0,0,0,8,0,0
90297,2,1,1988,0,0,0,0,0,0,0,0,0,0
90298,0,1,1988,15,15,15,15,15,15,15,15,15,15
90298,1,1,1988,11,20,25,14,6,4,17,19,15,41
90299,1,1,1988,17,17,17,17,17,17,17,17,17,17
90300,1,1,1988,29,29,29,29,29,29,29,29,29,29
90301,1,1,1988,7,10,0,0,0,0,0,12,13,0
90302,1,1,1988,0,0,0,0,0,0,0,0,0,0
90303,1,1,1988,0,0,0,0,0,0,0,0,0,0
90303,2,1,1988,0,0,0,0,0,0,0,0,0,0
90304,1,1,1988,24,24,24,24,24,24,24,24,24,24
90305,1,1,1988,0,0,26,0,0,0,0,21,14,0
90305,2,1,1988,23,23,23,23,23,23,23,23,23,23
90306,0,1,1988,26,26,26,26,26,26,26,26,26,26
90306,1,1,1988,7,0,9,10,17,5,15,0,4,4
90307,0,1,1988,0,0,0,0,0,0,0,0,0,0
90307,1,1,1988,0,0,0,0,0,0,0,0,0,0
90308,1,1,1988,0,0,0,0,0,0,0,0,0,0
90308,2,1,1988,0,0,0,4,0,0,0,0,0,0
90309,1,1,1988,0,0,0,0,0,0,0,0,0,0
90310,1,1,1988,6,6,6,6,6,6,6,6,6,6
90310,2,1,1988,0,0,0,0,0,0,0,0,0,0
90311,1,1,1988,13,13,13,13,13,13,13,13,13,13
90311,2,1,1988,0,0,0,0,0,0,0,0,0,0
90312,1,1,1988,10,12,0,29,0,0,0,24,0,0
90313,1,1,1988,0,0,0,0,0,0,0,0,0,0
90313,2,1,1988,0,0,0,0,0,0,0,0,0,0
90314,1,1,1988,0,0,0,0,0,0,0,0,0,0
90314,2,1,1988,0,0,0,0,0,0,0,0,0,0
90315,0,1,1988,0,0,0,0,0,0,0,0,0,0
90315,1,1,1988,0,0,0,0,0,0,12,9,0,0
90316,0,1,1988,0,0,0,0,0,0,0,0,0,0
90316,1,1,1988,0,0,0,0,0,0,0,0,0,0
90317,1,1,1988,0,0,0,0,0,0,0,0,0,0
90317,2,1,1988,0,0,0,0,0,0,0,0,0,0
90318,1,1,1988,0,0,0,0,0,0,0,0,0,0
90318,2,1,1988,0,14,0,0,0,0,0,0,0,0
90319,1,1,1988,0,0,0,0,0,0,0,0,0,0
90319,2,1,1988,0,0,0,0,0,0,0,0,0,0
90320,1,1,1988,13,13,13,13,13,13,13,13,13,13
90321,1,1,1988,4,4,4,4,4,4,4,4,4,4
90321,2,1,1988,0,0,0,0,0,0,0,0,0,0
90321,3,1,1988,0,0,0,0,0,0,0,0,0,0
90322,1,1,1988,8,13,16,22,14,2,7,0,15,15
90323,1,1,1988,0,0,0,0,0,0,16,0,0,0
90323,2,1,1988,0,0,0,0,0,0,0,0,0,0
90324,0,1,1988,16,16,16,16,16,16,16,16,16,16
90324,1,1,1988,0,0,0,0,0,0,0,0,0,0
90325,1,1,1988,0,0,0,0,0,0,0,0,0,0
90325,2,1,1988,0,0,0,0,0,0,0,0,0,0
90326,1,1,1988,36,36,36,36,36,36,36,36,36,36
90327,1,1,1988,16,16,16,16,16,16,16,16,16,16
90328,1,1,1988,0,0,0,0,0,0,0,0,0,0
90328,2,1,1988,0,0,0,0,0,0,0,0,0,0
90329,0,1,1988,0,0,0,0,0,0,0,0,0,0
90329,0,2,1988,0,0,0,0,0,0,0,0,0,0
90329,1,1,1988,0,0,0,0,0,0,0,0,0,0
90330,1,1,1988,0,0,0,0,0,0,0,0,0,0
90330,2,1,1988,12,12,12,12,12,12,12,12,12,12
90331,1,1,1988,0,0,0,0,0,0,0,0,0,0
90332,1,1,1988,22,22,22,22,22,22,22,22,22,22
90333,0,1,1988,0,0,0,0,0,0,0,0,0,0
90333,1,1,1988,0,0,0,0,0,0,0,0,0,0
90334,0,1,1988,0,0,0,0,0,0,0,0,0,0
90334,1,1,1988,0,0,0,0,0,9,0,0,0,0
90335,1,1,1988,14,14,14,14,14,14,14,14,14,14
90336,0,1,1988,0,0,0,0,0,0,0,0,0,0
90336,1,1,1988,0,0,0,0,0,0,0,0,0,0
90337,1,1,1988,0,0,0,0,0,0,0,0,0,0
90338,1,1,1988,0,8,11,30,19,9,0,0,0,13
90338,2,1,1988,0,13,0,0,0,0,0,11,5,0
90338,3,1,1988,21,21,21,21,21,21,21,21,21,21
90339,1,1,1988,30,30,30,30,30,30,30,30,30,30
90340,1,1,1988,0,0,0,0,0,0,0,0,0,0
90340,2,1,1988,0,0,0,0,0,0,0,0,0,0
90341,0,1,1988,18,18,18,18,18,18,18,18,18,18
90341,1,1,1988,0,0,0,0,0,0,0,0,0,17
90341,2,1,1988,0,0,0,0,3,0,0,0,17,0
90342,1,1,1988,0,0,0,0,0,0,0,0,0,0
90342,2,1,1988,0,0,0,0,0,0,0,0,0,0
90343,1,1,1988,29,29,29,29,29,29,29,29,29,29
90344,1,1,1988,0,0,0,0,0,0,0,0,0,0
90344,2,1,1988,0,0,0,0,0,0,5,0,0,0
90345,1,1,1988,0,0,0,0,0,0,0,0,0,0
90346,0,1,1988,18,18,18,18,18,18,18,18,18,18
90346,1,1,1988,0,0,0,0,0,0,0,0,0,0
90347,1,1,1988,0,26,0,0,13,0,0,14,29,0
90347,2,1,1988,0,0,0,0,11,0,15,0,10,0
90348,1,1,1988,0,0,0,0,0,0,0,0,0,0
90348,2,1,1988,0,0,0,0,0,0,0,0,0,22
90349,1,1,1988,35,35,35,35,35,35,35,35,35,35
90350,1,1,1988,0,0,0,0,0,0,0,0,0,0
90350,2,1,1988,0,6,0,0,0,0,0,0,10,0
90351,1,1,1988,15,15,15,15,15,15,15,15,15,15
90352,1,1,1988,33,33,33,33,33,33,33,33,33,33
90353,0,1,1988,7,7,7,7,7,7,7,7,7,7
90353,1,1,1988,15,27,0,18,14,29,20,17,15,26
90354,0,1,1988,6,6,6,6,6,6,6,6,6,6
90354,1,1,1988,0,0,0,0,20,0,13,0,0,15
90355,0,1,1988,0,0,0,0,0,0,0,0,0,0
90355,1,1,1988,0,0,0,0,0,0,0,0,0,0
90356,1,1,1988,0,0,0,0,0,0,0,0,0,0
90357,1,1,1988,0,0,0,0,0,0,0,0,0,0
90357,2,1,1988,0,0,0,0,0,0,0,0,0,0
90358,1,1,1988,10,10,10,10,10,10,10,10,10,10
90359,1,1,1988,13,13,13,13,13,13,13,13,13,13
90360,1,1,1988,21,21,21,21,21,21,21,21,21,21
90360,2,1,1988,0,0,0,0,0,0,0,0,0,0
90360,3,1,1988,0,0,0,0,11,8,9,0,15,0
90360,4,1,1988,0,0,0,19,0,0,0,0,0,0
90360,5,1,1988,0,0,0,0,0,19,0,0,0,23
90361,1,1,1988,0,0,0,0,0,0,0,0,0,0
90361,2,1,1988,5,5,5,5,5,5,5,5,5,5
90362,1,1,1988,21,21,21,21,21,21,21,21,21,21
90363,0,1,1988,0,0,0,0,0,0,0,0,0,0
90363,1,1,1988,0,0,0,0,0,0,0,0,0,0
90364,1,1,1988,0,0,0,0,0,0,0,0,0,0
90365,0,1,1988,0,0,0,0,0,0,0,0,0,0
90365,1,1,1988,0,0,0,0,0,0,0,4,0,0
90366,1,1,1988,10,10,10,10,10,10,10,10,10,10
90367,1,1,1988,7,7,7,7,7,7,7,7,7,7