ST_CASE,VEH_NO,PER_NO,YEAR,P1,P2,P3,P4,P5,P6,P7,P8,P9,P10
90367,2,1,1988,0,0,0,0,0,0,0,0,0,0
90367,3,1,1988,0,0,0,0,15,7,0,0,0,0
90368,1,1,1988,26,26,26,26,26,26,26,26,26,26
90369,1,1,1988,0,0,0,0,0,0,0,0,0,0
90370,1,1,1988,35,0,15,0,13,14,14,9,28,16
90371,1,1,1988,0,15,5,0,0,17,11,8,21,0
90371,2,1,1988,8,0,0,0,0,0,18,0,0,0
90372,1,1,1988,22,22,22,22,22,22,22,22,22,22
90373,0,1,1988,6,6,6,6,6,6,6,6,6,6
90373,1,1,1988,0,0,0,0,0,0,0,0,0,0
90374,1,1,1988,0,0,0,9,0,0,0,0,0,0
90374,2,1,1988,0,0,0,0,0,0,0,8,0,0
90375,1,1,1988,0,0,0,0,0,0,0,0,0,0
90376,1,1,1988,27,27,27,27,27,27,27,27,27,27
90377,0,1,1988,0,0,0,0,0,0,0,0,0,0
90377,1,1,1988,0,0,4,0,12,0,0,0,0,0
90378,0,1,1988,0,0,0,0,0,0,0,0,0,0
90378,0,2,1988,0,25,0,14,0,0,0,0,0,0
90378,1,1,1988,0,0,21,0,0,0,0,6,29,0
90378,2,1,1988,0,0,0,0,0,0,0,0,9,0
90379,1,1,1988,23,23,23,23,23,23,23,23,23,23
90380,1,1,1988,0,0,0,0,0,0,0,0,0,0
90380,2,1,1988,0,0,0,0,0,0,0,0,0,0
90381,1,1,1988,0,0,0,0,0,0,0,0,0,0
90381,2,1,1988,0,0,0,0,0,0,24,23,0,0
90381,3,1,1988,0,0,0,0,0,0,0,0,0,0
90382,1,1,1988,8,8,8,8,8,8,8,8,8,8
90382,2,1,1988,14,14,14,14,14,14,14,14,14,14
90383,0,1,1988,0,0,0,0,0,0,0,0,0,0
90383,1,1,1988,0,0,0,0,0,0,0,0,0,0
90384,1,1,1988,24,24,24,24,24,24,24,24,24,24
90385,1,1,1988,0,0,0,0,0,0,0,0,0,0
90386,1,1,1988,0,0,0,0,0,0,0,0,0,0
90386,2,1,1988,27,27,27,27,27,27,27,27,27,27
90387,1,1,1988,27,27,27,27,27,27,27,27,27,27
90388,0,1,1988,25,25,25,25,25,25,25,25,25,25
90388,1,1,1988,14,20,15,22,11,9,19,22,8,24
90389,1,1,1988,0,0,0,0,0,0,0,0,0,0
90390,0,1,1988,0,0,0,0,0,0,0,0,0,0
90390,1,1,1988,0,0,0,0,0,0,0,0,0,0
90391,1,1,1988,21,23,10,15,19,0,30,12,16,33
90391,2,1,1988,0,0,0,0,0,0,0,0,0,0
90392,1,1,1988,15,15,15,15,15,15,15,15,15,15
90393,1,1,1988,0,0,0,0,0,0,0,0,0,0
90394,1,1,1988,0,0,0,0,0,0,0,0,0,0
90394,2,1,1988,0,0,0,0,0,0,0,0,0,0
90395,0,1,1988,0,0,0,0,0,0,0,0,0,0
90395,1,1,1988,0,0,0,0,0,0,0,0,0,0
90396,0,1,1988,0,0,0,0,0,0,0,0,0,0
90396,1,1,1988,0,27,0,0,2,14,0,17,0,0
90397,1,1,1988,0,0,0,0,0,0,0,0,0,0
90397,2,1,1988,21,22,17,34,8,7,20,12,16,17
90398,1,1,1988,10,7,38,18,9,10,15,9,8,15
90398,2,1,1988,0,0,0,0,0,0,0,0,0,0
90399,1,1,1988,17,17,17,17,17,17,17,17,17,17
90400,1,1,1988,15,15,15,15,15,15,15,15,15,15
90400,2,1,1988,27,0,0,0,0,12,0,0,3,0
90401,1,1,1988,0,0,0,0,0,0,0,0,0,0
90402,1,1,1988,0,0,0,0,0,0,0,0,0,0
90402,2,1,1988,49,11,22,3,0,31,4,10,19,16
90403,0,1,1988,12,18,0,23,20,15,9,19,0,10
90403,0,2,1988,19,21,11,30,0,0,23,5,0,0
90403,1,1,1988,19,19,19,19,19,19,19,19,19,19
90404,1,1,1988,0,0,0,0,0,0,0,0,0,0
90404,2,1,1988,0,0,0,0,0,0,0,0,0,0
90405,0,1,1988,0,0,0,0,0,0,0,0,0,0
90405,1,1,1988,0,0,0,0,0,0,7,0,0,0
90406,1,1,1988,0,0,0,0,0,0,0,0,0,0
90406,2,1,1988,0,0,0,0,0,0,0,0,0,0
90407,1,1,1988,0,0,0,0,0,0,0,0,0,0
90407,2,1,1988,11,0,0,5,0,11,14,19,29,11
90408,1,1,1988,12,12,12,12,12,12,12,12,12,12
90409,1,1,1988,16,16,16,16,16,16,16,16,16,16
90409,2,1,1988,0,0,0,0,0,0,0,0,0,0
90410,1,1,1988,3,3,3,3,3,3,3,3,3,3
90411,1,1,1988,28,28,28,28,28,28,28,28,28,28
90412,1,1,1988,16,16,16,16,16,16,16,16,16,16
90413,1,1,1988,26,21,20,11,15,21,29,25,14,16
90413,2,1,1988,23,23,23,23,23,23,23,23,23,23
90414,0,1,1988,0,0,0,0,0,0,0,0,0,0
90414,1,1,1988,0,0,31,2,0,0,9,0,22,0
90415,0,1,1988,0,0,0,0,0,0,0,0,0,0
90415,1,1,1988,11,14,0,5,19,11,27,12,14,22
90417,1,1,1988,21,11,10,15,11,11,17,15,17,14
90418,1,1,1988,0,0,0,0,0,0,10,0,0,0
90418,2,1,1988,23,12,14,0,5,12,22,18,11,20
90419,1,1,1988,4,13,5,0,10,11,7,16,12,8
90419,2,1,1988,25,25,25,25,25,25,25,25,25,25
90420,1,1,1988,0,0,0,0,0,0,0,0,0,0
90420,2,1,1988,15,15,15,15,15,15,15,15,15,15
90420,3,1,1988,0,0,0,0,0,0,0,0,0,0
90421,1,1,1988,23,23,23,23,23,23,23,23,23,23
90422,1,1,1988,14,14,14,14,14,14,14,14,14,14
90423,1,1,1988,29,29,29,29,29,29,29,29,29,29
90423,2,1,1988,0,0,12,0,0,0,0,0,0,0
90423,3,1,1988,0,6,0,0,0,0,0,0,14,0
90423,4,1,1988,0,13,0,3,0,0,0,7,6,0
90424,1,1,1988,0,0,0,0,0,0,0,0,0,0
90424,2,1,1988,0,0,0,0,0,0,0,0,0,0
90425,0,1,1988,0,0,0,0,0,0,0,0,0,0
90425,1,1,1988,0,0,0,0,0,0,0,0,0,0
90426,0,1,1988,26,26,26,26,26,26,26,26,26,26
90426,1,1,1988,0,0,19,0,0,0,0,0,0,20
90427,1,1,1988,13,13,13,13,13,13,13,13,13,13
90428,1,1,1988,0,0,0,0,0,0,0,0,0,0
90429,0,1,1988,0,0,0,0,0,0,0,0,0,0
90430,0,1,1988,0,0,0,0,0,0,0,0,0,0
90430,1,1,1988,0,13,17,0,0,0,0,0,0,0
90431,1,1,1988,0,0,0,0,0,0,0,0,0,0
90431,2,1,1988,0,0,0,0,0,0,0,0,0,0
90431,3,1,1988,0,0,0,0,0,0,0,0,0,0
90432,0,1,1988,0,0,0,0,0,0,0,0,0,0
90432,1,1,1988,3,3,3,3,3,3,3,3,3,3
90433,1,1,1988,0,0,0,0,0,0,0,0,0,0
90433,2,1,1988,0,0,0,0,0,0,0,0,0,0
90433,3,1,1988,0,0,0,0,0,0,0,0,0,0
90434,0,1,1988,0,0,0,0,0,0,0,0,0,0
90434,1,1,1988,0,0,0,0,0,0,0,0,0,0
90435,1,1,1988,0,0,18,21,0,30,12,0,0,17
90435,2,1,1988,0,0,15,0,17,0,8,18,0,0
90436,1,1,1988,0,0,0,0,0,0,0,0,0,0
90436,2,1,1988,24,0,0,0,11,0,0,0,0,7
90437,1,1,1988,1,1,1,1,1,1,1,1,1,1
90437,2,1,1988,0,0,0,0,0,0,0,0,0,0
90437,3,1,1988,0,0,0,0,0,0,0,0,0,0
90438,0,1,1988,6,28,14,20,19,0,0,0,17,19
90438,1,1,1988,0,7,0,12,1,0,0,17,0,0
90439,1,1,1988,0,0,0,0,0,0,0,0,0,0
90439,2,1,1988,0,0,0,0,0,0,0,0,0,0
90440,0,1,1988,0,0,0,0,0,0,0,0,0,0
90440,1,1,1988,0,0,0,0,0,0,0,0,0,0
90441,1,4,1988,9,9,9,9,9,9,9,9,9,9
90442,1,1,1988,0,0,0,0,0,0,0,0,0,0
90442,2,1,1988,0,0,0,0,0,0,0,0,0,0
90443,1,1,1988,11,11,11,11,11,11,11,11,11,11
90443,2,1,1988,13,13,13,13,13,13,13,13,13,13
90444,1,1,1988,11,7,18,23,12,6,14,23,30,3
90445,0,1,1988,0,0,0,0,0,0,0,0,0,0
90445,1,1,1988,0,0,0,0,0,0,0,0,0,8
90446,1,1,1988,0,0,0,0,0,0,0,0,0,0
90446,2,1,1988,0,0,0,0,0,0,0,0,0,0
90447,1,1,1988,0,0,0,0,0,0,0,0,0,0
90447,2,1,1988,0,0,0,0,0,0,0,0,0,0
90448,1,1,1988,11,5,0,4,16,24,11,20,27,14
90448,2,1,1988,0,0,0,0,0,21,0,18,0,0
90448,3,1,1988,0,0,0,0,12,0,0,0,0,0
90448,4,1,1988,0,0,0,0,0,0,0,0,0,0
90449,1,1,1988,0,0,0,0,0,0,0,0,0,0
90450,1,1,1988,0,0,0,0,0,0,0,0,0,0
90450,2,1,1988,0,0,0,5,21,0,18,0,0,0
90450,3,1,1988,15,15,15,15,15,15,15,15,15,15
100001,0,1,1988,26,26,26,26,26,26,26,26,26,26
100001,1,1,1988,1,1,1,1,1,1,1,1,1,1
100002,1,1,1988,20,20,20,20,20,20,20,20,20,20
100003,1,1,1988,0,0,0,0,0,0,0,0,0,0
100003,2,1,1988,0,0,0,0,0,0,0,0,0,0
100004,1,1,1988,17,17,17,17,17,17,17,17,17,17
100004,2,1,1988,19,19,19,19,19,19,19,19,19,19
100005,0,1,1988,0,0,0,0,0,0,0,0,0,0
100005,1,1,1988,0,0,0,0,0,0,0,0,0,0
100005,2,1,1988,0,0,0,0,0,0,0,0,0,0
100006,0,1,1988,0,0,0,0,0,0,0,0,0,0
100006,0,2,1988,0,7,0,0,0,0,0,0,0,0
100006,0,3,1988,6,6,0,0,0,0,0,24,0,0
100006,0,4,1988,0,0,0,0,0,0,0,0,0,0
100006,1,1,1988,0,0,0,0,0,0,0,0,0,0
100007,1,1,1988,0,0,0,0,0,0,0,0,0,0
100007,2,1,1988,22,22,22,22,22,22,22,22,22,22
100008,1,1,1988,0,0,0,0,0,0,0,0,0,0
100008,2,1,1988,24,19,0,0,2,0,0,0,0,10
100008,3,1,1988,0,0,0,0,0,0,0,0,0,0
100009,1,1,1988,0,0,0,0,0,0,0,0,0,0
100010,1,1,1988,25,25,25,25,25,25,25,25,25,25
100010,2,1,1988,0,0,0,0,0,0,0,0,0,0
100011,0,1,1988,0,0,0,0,0,0,0,0,0,0
100011,0,2,1988,0,0,0,0,10,9,15,0,8,0
100011,1,1,1988,0,0,0,0,0,0,0,0,0,0
100012,1,1,1988,24,24,24,24,24,24,24,24,24,24
100013,1,1,1988,0,0,0,0,0,0,0,0,0,0
100014,0,1,1988,25,25,25,25,25,25,25,25,25,25
100014,1,1,1988,0,0,0,0,0,0,0,0,0,0
100015,0,1,1988,34,34,34,34,34,34,34,34,34,34
100015,1,1,1988,0,0,0,0,0,0,0,0,0,0
100016,1,1,1988,0,0,0,0,0,0,0,0,0,0
100016,2,1,1988,0,0,0,0,0,0,0,0,0,0
100016,3,1,1988,0,0,0,0,0,0,0,0,0,0
100016,4,1,1988,0,0,0,0,0,0,0,0,0,0
100016,5,1,1988,0,0,0,0,0,0,0,0,0,0
100017,1,1,1988,0,0,0,0,0,0,0,0,0,0
100017,2,1,1988,0,0,0,0,0,0,0,0,0,0
100017,3,1,1988,0,0,0,0,0,0,0,0,0,0
100018,1,1,1988,0,0,0,0,0,0,0,0,0,0
100018,2,1,1988,22,22,22,22,22,22,22,22,22,22
100019,0,1,1988,0,0,0,0,0,0,0,0,0,0
100019,1,1,1988,6,6,6,6,6,6,6,6,6,6
100020,1,1,1988,0,0,0,0,0,0,0,0,0,0
100020,2,1,1988,0,0,0,0,0,0,0,0,0,0
100021,1,1,1988,0,0,0,0,0,0,0,0,0,0
100021,2,1,1988,0,0,0,0,0,0,0,0,0,0
100022,1,1,1988,0,0,0,0,0,0,0,0,0,0
100023,1,1,1988,6,6,6,6,6,6,6,6,6,6
100024,1,1,1988,0,0,0,0,0,0,0,0,0,0
100024,2,1,1988,0,0,0,0,0,0,0,0,0,0
100025,1,1,1988,0,0,0,0,0,0,0,0,0,0
100025,2,1,1988,0,0,0,0,0,0,0,0,0,0
100026,1,1,1988,0,0,0,0,0,0,0,0,0,0
100027,1,1,1988,0,0,0,0,0,0,0,0,0,0
100027,2,1,1988,0,0,0,0,0,0,0,0,0,0
100028,1,1,1988,0,0,0,0,0,0,0,0,0,0
100028,2,1,1988,0,0,0,0,0,0,0,0,0,0
100029,1,1,1988,12,12,12,12,12,12,12,12,12,12
100029,2,1,1988,0,0,0,0,0,0,0,0,0,0
100030,0,1,1988,30,30,30,30,30,30,30,30,30,30
100030,1,1,1988,0,0,0,0,0,0,0,0,0,0
100031,1,1,1988,0,0,0,0,0,0,0,0,0,0
100032,1,1,1988,0,0,0,0,0,0,0,0,0,0
100032,2,1,1988,7,7,7,7,7,7,7,7,7,7
100033,1,1,1988,0,0,0,0,0,0,0,0,0,0
100033,2,1,1988,3,3,3,3,3,3,3,3,3,3
100034,1,1,1988,0,0,0,0,0,0,0,0,0,0
100034,2,1,1988,0,0,0,0,0,0,0,0,0,0
100035,1,1,1988,0,0,0,0,0,0,0,0,0,0
100036,1,1,1988,16,16,16,16,16,16,16,16,16,16
100036,2,1,1988,14,0,0,0,0,0,0,0,0,0
100037,1,1,1988,0,0,0,0,0,0,0,0,0,0
100037,2,1,1988,0,0,0,0,0,0,0,0,0,0
100038,1,1,1988,0,0,0,0,0,0,0,0,0,0
100038,2,1,1988,0,0,0,0,0,0,0,0,0,0
100039,1,1,1988,0,0,0,0,0,0,0,0,0,0
100039,2,1,1988,0,0,0,0,0,0,0,0,0,0
100039,3,1,1988,0,0,0,0,0,0,0,0,0,0
100040,0,1,1988,36,36,36,36,36,36,36,36,36,36
100040,1,1,1988,0,0,0,0,0,0,0,0,0,0
100041,1,1,1988,10,10,10,10,10,10,10,10,10,10
100042,1,1,1988,0,0,0,0,0,0,0,0,0,0
100043,1,1,1988,0,0,0,0,0,0,0,0,0,0
100043,2,1,1988,0,0,0,0,0,0,0,0,0,0
100044,1,1,1988,22,22,22,22,22,22,22,22,22,22
100045,1,1,1988,22,22,22,22,22,22,22,22,22,22
100045,2,1,1988,0,0,0,0,0,0,0,0,0,0
100046,1,1,1988,13,13,13,13,13,13,13,13,13,13
100047,1,1,1988,0,0,0,0,0,0,0,0,0,0
100047,2,1,1988,5,5,5,5,5,5,5,5,5,5
100048,1,1,1988,0,0,0,0,0,0,0,0,0,0
100049,1,1,1988,0,0,0,0,0,0,0,0,0,0
100049,2,1,1988,10,10,10,10,10,10,10,10,10,10
100050,1,1,1988,0,0,0,0,0,0,0,0,0,0
100051,1,1,1988,0,0,0,0,0,0,0,15,0,17
100052,1,1,1988,0,0,0,0,0,0,0,0,0,0
100052,2,1,1988,23,23,23,23,23,23,23,23,23,23
100053,1,1,1988,24,24,24,24,24,24,24,24,24,24
100054,1,1,1988,0,0,0,0,0,0,0,0,0,0
100054,2,1,1988,0,0,0,0,0,0,0,0,0,0
100055,1,1,1988,29,29,29,29,29,29,29,29,29,29
100055,2,1,1988,0,0,0,0,0,0,0,0,0,0
100056,0,1,1988,13,13,13,13,13,13,13,13,13,13
100056,1,1,1988,0,0,0,0,0,0,0,0,0,0
100058,0,1,1988,0,0,0,0,0,0,0,0,0,0
100058,1,1,1988,0,0,0,0,0,0,0,0,0,0
100059,0,1,1988,0,0,0,0,0,0,0,0,0,0
100059,1,1,1988,0,0,0,0,0,0,0,0,0,0
100060,1,1,1988,0,0,0,0,0,0,0,0,0,0
100061,0,1,1988,23,23,23,23,23,23,23,23,23,23
100061,1,1,1988,0,0,0,0,0,0,0,0,0,0
100061,2,1,1988,0,0,0,0,0,0,0,0,0,7
100062,1,1,1988,26,26,26,26,26,26,26,26,26,26
100063,1,1,1988,0,0,0,0,0,0,0,0,0,0
100063,2,1,1988,0,0,0,0,0,0,0,0,0,0
100063,3,1,1988,0,0,0,0,0,0,0,0,0,0
100065,1,1,1988,0,0,0,0,0,0,0,0,0,0
100065,2,1,1988,0,0,0,0,0,0,0,0,0,0
100065,3,1,1988,2,0,0,0,0,0,0,17,11,0
100066,1,1,1988,0,0,0,0,0,0,0,0,0,0
100067,1,1,1988,7,0,20,0,0,0,0,0,0,0
100068,1,1,1988,18,18,18,18,18,18,18,18,18,18
100069,0,1,1988,16,16,16,16,16,16,16,16,16,16
100069,1,1,1988,0,0,0,0,0,0,0,0,0,0
100070,1,1,1988,25,25,25,25,25,25,25,25,25,25
100071,1,1,1988,0,0,0,0,0,0,0,0,0,0
100071,2,1,1988,0,0,0,0,0,0,0,0,0,0
100071,3,1,1988,0,0,0,0,0,0,0,0,0,0
100072,1,1,1988,15,15,15,15,15,15,15,15,15,15
100073,1,1,1988,2,2,2,2,2,2,2,2,2,2
100074,1,1,1988,32,32,32,32,32,32,32,32,32,32
100074,2,1,1988,0,0,0,0,0,0,0,0,0,0
100075,1,1,1988,0,0,0,0,0,0,0,0,0,0
100076,1,1,1988,0,0,0,0,0,0,0,0,0,0
100076,2,1,1988,5,0,0,0,0,0,0,0,0,0
100077,1,1,1988,23,23,23,23,23,23,23,23,23,23
100078,1,1,1988,0,0,0,0,0,0,0,0,0,0
100078,2,1,1988,21,21,21,21,21,21,21,21,21,21
100079,1,1,1988,1,1,1,1,1,1,1,1,1,1
100079,2,1,1988,0,0,0,0,0,0,0,0,0,0
100079,3,1,1988,0,0,0,0,0,0,0,0,0,0
100079,4,1,1988,0,0,0,0,0,0,0,0,0,0
100080,1,1,1988,53,53,53,53,53,53,53,53,53,53
100080,2,1,1988,0,0,0,0,0,0,0,0,0,0
100081,1,1,1988,0,0,0,0,0,0,0,0,0,0
100081,2,1,1988,22,22,22,22,22,22,22,22,22,22
100082,1,1,1988,13,13,13,13,13,13,13,13,13,13
100083,1,1,1988,0,0,0,0,0,0,0,0,0,0
100083,2,1,1988,0,0,0,0,0,0,0,0,0,0
100084,1,1,1988,24,24,24,24,24,24,24,24,24,24
100085,1,1,1988,11,11,11,11,11,11,11,11,11,11
100086,1,1,1988,0,0,0,0,0,0,0,0,0,0
100087,1,1,1988,7,7,7,7,7,7,7,7,7,7
100087,2,1,1988,0,0,0,0,0,0,0,0,0,0
100088,1,1,1988,0,0,0,0,0,0,0,0,0,0
100088,2,1,1988,0,0,0,0,0,0,0,0,0,0
100089,1,1,1988,0,0,0,0,0,0,0,0,0,0
100089,2,1,1988,0,0,0,0,0,0,0,0,0,0
100090,0,1,1988,30,30,30,30,30,30,30,30,30,30
100090,1,1,1988,0,0,0,0,0,0,0,0,0,0
100091,1,1,1988,0,0,0,0,0,0,0,0,0,0
100091,2,1,1988,0,0,0,0,0,0,0,0,0,0
100092,1,1,1988,0,0,0,0,0,0,0,0,0,0
100092,2,1,1988,0,0,0,0,0,0,0,0,0,0
100093,1,1,1988,0,0,0,0,0,0,0,0,0,0
100093,2,1,1988,0,0,0,0,0,0,0,0,0,0
100095,1,1,1988,0,0,0,0,0,0,0,0,0,0
100095,2,1,1988,0,0,0,0,0,0,0,0,0,0
100096,1,1,1988,0,0,0,0,0,0,0,0,0,0
100096,2,1,1988,0,0,0,15,0,0,0,0,0,0
100097,0,1,1988,11,11,11,11,11,11,11,11,11,11
100097,1,1,1988,0,9,29,6,0,0,21,9,10,0
100098,0,1,1988,27,27,27,27,27,27,27,27,27,27
100098,1,1,1988,0,0,0,20,0,0,0,0,0,0
100099,1,1,1988,17,17,17,17,17,17,17,17,17,17
100100,0,1,1988,0,0,0,0,0,0,0,0,0,0
100100,1,1,1988,0,0,0,0,0,0,0,0,0,0
100101,1,1,1988,0,0,0,0,0,0,0,0,0,0
100102,1,1,1988,18,18,18,18,18,18,18,18,18,18
100102,2,1,1988,0,0,0,0,0,0,0,0,0,0
100103,1,1,1988,25,25,25,25,25,25,25,25,25,25
100104,1,1,1988,5,5,5,5,5,5,5,5,5,5
100105,1,1,1988,0,0,0,0,0,0,0,0,0,0
100105,2,1,1988,0,0,0,0,0,0,0,0,0,0
100106,1,1,1988,0,0,0,0,0,0,0,0,0,0
100106,2,1,1988,0,0,0,0,0,0,0,0,0,0
100107,1,1,1988,0,0,0,0,0,0,0,0,0,0
100107,2,1,1988,0,0,0,0,0,0,0,0,0,0
100108,1,1,1988,17,17,17,17,17,17,17,17,17,17
100109,1,1,1988,0,0,0,0,0,0,0,0,0,0
100109,2,1,1988,0,0,0,0,0,0,0,0,0,0
100110,0,1,1988,0,13,0,0,0,0,0,0,0,0
100110,1,1,1988,0,0,0,0,0,0,0,0,0,0
100111,1,1,1988,5,5,5,5,5,5,5,5,5,5
100111,2,1,1988,0,0,0,0,0,0,0,0,0,0
100112,1,1,1988,5,5,5,5,5,5,5,5,5,5
100112,2,1,1988,0,0,0,0,0,0,0,0,0,0
100113,0,1,1988,31,31,31,31,31,31,31,31,31,31
100113,1,1,1988,0,0,0,0,0,11,0,0,0,0
100114,1,1,1988,0,0,0,0,0,0,0,0,0,0
100114,2,1,1988,0,0,0,0,0,0,0,0,0,0
100115,0,1,1988,26,26,26,26,26,26,26,26,26,26
100115,1,1,1988,0,0,0,0,0,0,0,0,0,0
100116,0,1,1988,0,0,0,0,0,0,0,0,0,0
100116,1,1,1988,0,0,0,0,0,0,0,0,0,0
100117,1,1,1988,0,0,0,0,0,0,0,0,0,0
100117,2,1,1988,0,0,0,0,0,0,0,0,0,0
100117,3,1,1988,0,0,0,0,0,0,0,0,0,0
100118,1,1,1988,0,0,0,0,0,0,0,0,0,0
100118,2,1,1988,11,11,11,11,11,11,11,11,11,11
100119,1,1,1988,21,21,21,21,21,21,21,21,21,21
100120,1,1,1988,14,9,5,17,16,5,15,17,11,7
100120,2,1,1988,17,20,10,31,16,17,18,13,9,11
100121,0,1,1988,0,0,0,0,0,0,0,0,0,0
100121,1,1,1988,0,0,0,0,0,0,0,0,0,0
100122,1,1,1988,24,24,24,24,24,24,24,24,24,24
100122,2,1,1988,0,0,0,14,0,0,0,0,0,0
100122,3,1,1988,0,0,0,0,0,0,0,0,0,0
100123,1,1,1988,0,0,0,0,0,0,0,0,0,0
100123,2,1,1988,9,9,9,9,9,9,9,9,9,9
100124,1,1,1988,0,0,0,0,0,0,0,0,0,0
100124,2,1,1988,0,0,0,0,0,0,0,0,0,0
100124,3,1,1988,0,0,0,0,0,0,0,0,0,0
100125,1,1,1988,0,0,0,0,0,0,0,0,0,0
100125,2,1,1988,18,18,18,18,18,18,18,18,18,18
100126,0,1,1988,21,21,21,21,21,21,21,21,21,21
100126,1,1,1988,0,0,0,0,0,0,0,0,0,0
100126,2,1,1988,0,14,4,0,9,10,0,0,10,0
100127,0,1,1988,21,21,21,21,21,21,21,21,21,21
100127,1,1,1988,16,16,16,16,16,16,16,16,16,16
100128,1,1,1988,0,0,0,0,0,0,0,0,0,0
100128,2,1,1988,0,0,0,0,0,0,0,0,0,0
100129,0,1,1988,16,16,16,16,16,16,16,16,16,16
100129,1,1,1988,0,0,0,0,0,0,0,0,0,0
100130,0,1,1988,22,22,22,22,22,22,22,22,22,22
100130,1,1,1988,13,0,0,0,0,0,0,10,14,0
100131,1,1,1988,0,0,0,0,0,0,0,0,0,0
100132,1,1,1988,0,0,0,0,0,0,0,0,0,0
100132,2,1,1988,0,0,0,0,0,0,0,0,0,0
100133,1,1,1988,16,16,16,16,16,16,16,16,16,16
100134,1,1,1988,6,6,6,6,6,6,6,6,6,6
100135,0,1,1988,0,0,0,0,0,0,0,0,0,0
100135,1,1,1988,0,0,0,0,0,0,0,0,0,0
100136,1,1,1988,2,2,2,2,2,2,2,2,2,2
100136,2,1,1988,0,0,0,0,0,0,0,0,0,0
100137,1,1,1988,13,13,13,13,13,13,13,13,13,13
100138,1,1,1988,0,0,0,0,0,0,0,0,0,0
100139,1,1,1988,0,0,0,0,0,0,0,0,0,0
100140,1,1,1988,26,26,26,26,26,26,26,26,26,26
100141,1,1,1988,0,0,0,0,0,0,0,0,0,0
100141,2,1,1988,31,31,31,31,31,31,31,31,31,31
100142,1,1,1988,20,20,20,20,20,20,20,20,20,20
100143,0,1,1988,0,0,0,0,0,0,0,0,0,0
100143,1,1,1988,0,0,0,0,0,0,0,0,0,0
100144,1,1,1988,0,0,0,0,0,0,0,0,0,0
100144,2,1,1988,0,0,0,0,0,0,0,0,0,0
100144,3,1,1988,0,0,0,0,0,0,0,0,0,14
100144,4,1,1988,0,0,0,0,0,0,0,0,0,0
100146,1,1,1988,27,27,27,27,27,27,27,27,27,27
100147,1,1,1988,13,13,13,13,13,13,13,13,13,13
110001,1,1,1988,0,0,0,0,13,0,2,0,9,0
110001,2,1,1988,0,0,0,0,0,0,0,0,0,15
110001,3,1,1988,23,7,0,0,0,0,0,0,0,0
110002,0,1,1988,0,0,0,0,0,0,0,0,0,0
110002,1,1,1988,0,0,0,0,0,0,0,0,0,0
110003,0,1,1988,3,3,3,3,3,3,3,3,3,3
110003,1,1,1988,0,0,0,0,0,0,0,0,0,0
110004,0,1,1988,0,0,0,0,0,0,0,0,0,0
110004,1,1,1988,0,0,0,0,0,0,0,0,0,0
110005,1,1,1988,8,8,8,8,8,8,8,8,8,8
110006,0,1,1988,0,0,0,0,0,0,0,0,0,0
110006,1,1,1988,0,0,0,0,0,0,0,0,0,0
110007,0,1,1988,8,8,8,8,8,8,8,8,8,8
110007,1,1,1988,0,0,0,0,0,0,0,0,0,0
110008,0,1,1988,0,0,0,0,0,0,0,0,0,0
110008,1,1,1988,17,0,0,0,0,0,0,0,0,0
110008,2,1,1988,0,0,0,0,0,0,0,0,0,0
110009,1,1,1988,0,0,0,0,0,0,0,0,0,0
110010,1,1,1988,0,0,0,0,0,0,0,0,0,0
110011,0,1,1988,37,37,37,37,37,37,37,37,37,37
110011,1,1,1988,0,0,0,0,0,0,0,0,0,0
110013,0,1,1988,0,0,0,0,0,0,0,0,0,0
110013,1,1,1988,0,0,0,0,0,0,0,0,0,0
110014,0,1,1988,0,0,0,0,0,0,0,0,0,0
110014,1,1,1988,0,0,0,0,0,0,0,0,0,0
110015,1,1,1988,21,21,21,21,21,21,21,21,21,21
110016,1,1,1988,17,0,17,0,0,27,0,8,0,0
110016,2,1,1988,15,15,15,15,15,15,15,15,15,15
110017,1,1,1988,0,0,0,0,0,0,0,0,0,0
110018,0,1,1988,32,32,32,32,32,32,32,32,32,32
110018,1,1,1988,0,0,0,0,0,0,0,0,0,0
110019,1,1,1988,0,0,0,0,0,0,0,0,0,0
110019,2,1,1988,0,0,0,6,10,0,7,0,0,0
110019,3,1,1988,12,12,12,12,12,12,12,12,12,12
110019,4,1,1988,0,0,33,12,0,0,0,12,8,0
110020,0,1,1988,0,0,0,0,0,0,0,0,0,0
110020,1,1,1988,0,0,0,0,0,0,0,0,0,0
110021,1,1,1988,0,0,0,0,0,0,0,0,0,0
110022,0,1,1988,0,0,0,0,0,0,0,0,0,0
110022,1,1,1988,0,0,0,0,0,0,0,0,0,0
110023,0,1,1988,0,0,0,0,0,0,0,0,0,0
110023,1,1,1988,0,0,0,0,0,0,0,0,0,0
110024,1,1,1988,0,0,0,0,0,0,0,0,0,0
110025,1,1,1988,0,0,0,0,0,0,0,0,0,0
110025,2,1,1988,0,0,0,0,0,0,0,0,0,0
110026,0,1,1988,0,0,0,0,0,0,0,0,0,0
110026,1,1,1988,0,0,0,0,0,0,0,0,0,0
110026,2,1,1988,0,0,0,0,0,0,0,0,0,0
110027,1,1,1988,11,11,11,11,11,11,11,11,11,11
110028,1,1,1988,16,16,16,16,16,16,16,16,16,16
110029,0,1,1988,0,0,0,0,0,0,0,0,0,0
110029,1,1,1988,0,0,0,3,0,0,0,0,0,0
110030,1,1,1988,0,0,0,0,0,0,0,0,0,0
110031,0,1,1988,0,0,0,0,0,0,0,0,0,0
110031,1,1,1988,0,0,0,0,0,0,0,0,0,0
110032,1,1,1988,0,0,0,0,0,0,0,0,0,0