ST_CASE,VEH_NO,PER_NO,YEAR,P1,P2,P3,P4,P5,P6,P7,P8,P9,P10
110033,1,1,1988,21,21,21,21,21,21,21,21,21,21
110033,2,1,1988,0,0,0,0,0,0,0,0,0,10
110034,0,1,1988,0,0,0,0,0,0,0,0,0,0
110034,1,1,1988,0,0,0,0,0,0,0,0,0,0
110035,1,1,1988,0,0,0,0,0,0,0,0,0,0
110035,2,1,1988,0,16,19,26,28,12,0,9,21,12
110036,1,1,1988,0,0,0,0,0,0,0,0,0,0
110036,2,1,1988,0,0,0,0,0,0,0,0,0,0
110037,1,1,1988,3,3,3,3,3,3,3,3,3,3
110037,2,1,1988,0,0,0,0,0,0,0,0,0,0
110038,1,1,1988,0,39,0,14,0,0,0,0,16,0
110038,2,1,1988,9,9,9,9,9,9,9,9,9,9
110038,3,1,1988,0,0,0,0,0,10,0,0,0,0
110038,4,1,1988,0,15,0,10,0,6,0,14,0,0
110039,0,1,1988,0,0,0,0,0,0,0,0,0,0
110039,1,1,1988,0,0,0,0,0,0,0,0,0,0
110040,0,1,1988,0,0,0,0,0,0,0,0,0,0
110040,1,1,1988,21,6,0,0,0,0,0,8,12,12
110041,1,1,1988,0,0,0,0,0,0,0,0,0,0
110043,0,1,1988,0,0,0,0,0,0,0,0,0,0
110043,1,1,1988,0,0,0,0,8,0,0,0,0,0
110044,0,1,1988,0,0,0,0,0,0,0,0,0,0
110044,1,1,1988,0,10,0,0,0,0,13,0,0,0
110045,0,1,1988,21,21,21,21,21,21,21,21,21,21
110045,1,1,1988,0,0,0,0,2,0,10,0,0,0
110046,0,1,1988,0,0,0,0,0,0,0,0,0,0
110046,1,1,1988,0,0,0,0,0,0,0,0,0,0
110047,1,1,1988,4,4,4,4,4,4,4,4,4,4
110048,0,1,1988,18,18,18,18,18,18,18,18,18,18
110048,1,1,1988,0,11,0,0,0,4,0,0,0,0
110049,1,1,1988,22,22,22,22,22,22,22,22,22,22
110050,1,1,1988,0,0,0,0,0,0,0,0,0,0
110051,1,1,1988,20,20,20,20,20,20,20,20,20,20
110052,1,1,1988,21,21,21,21,21,21,21,21,21,21
110053,1,1,1988,19,19,19,19,19,19,19,19,19,19
110054,0,1,1988,0,0,0,0,0,0,0,0,0,0
110054,1,1,1988,22,22,0,0,4,0,14,28,0,0
110055,1,1,1988,3,0,0,0,0,0,0,10,0,0
110055,2,1,1988,0,0,0,0,8,11,23,10,0,4
110056,1,1,1988,0,0,0,12,9,0,0,0,18,0
110057,1,1,1988,0,0,0,0,0,0,0,0,0,0
110057,2,1,1988,0,0,0,0,0,0,0,0,0,0
110058,0,1,1988,16,0,21,26,25,36,0,0,15,14
110058,1,1,1988,13,16,0,15,0,0,0,0,0,0
120001,1,1,1988,0,0,0,0,0,0,0,0,0,0
120001,2,1,1988,0,0,0,0,0,0,0,0,15,0
120002,1,1,1988,29,12,16,35,21,8,13,21,25,34
120002,2,1,1988,0,0,0,10,11,0,0,0,0,0
120002,3,1,1988,0,0,0,0,0,0,0,0,0,0
120003,0,1,1988,34,34,34,34,34,34,34,34,34,34
120003,1,1,1988,0,14,0,27,0,0,0,0,5,0
120004,1,1,1988,23,23,23,23,23,23,23,23,23,23
120004,2,1,1988,0,18,0,0,0,0,0,0,0,14
120005,1,1,1988,18,18,18,18,18,18,18,18,18,18
120006,1,1,1988,0,0,0,0,0,0,0,0,0,0
120006,2,1,1988,18,0,0,0,0,0,0,0,0,0
120007,1,1,1988,23,23,23,23,23,23,23,23,23,23
120007,2,1,1988,0,7,21,0,0,0,0,13,0,0
120007,3,1,1988,0,0,0,0,0,0,20,0,0,0
120008,0,1,1988,0,0,0,0,0,0,0,0,0,0
120008,1,1,1988,0,0,0,0,0,0,0,0,0,0
120009,0,1,1988,6,4,0,14,0,25,0,13,38,10
120009,1,1,1988,0,14,0,0,0,0,0,0,0,0
120010,1,1,1988,19,19,19,19,19,19,19,19,19,19
120010,2,1,1988,0,0,0,0,0,0,0,0,0,0
120011,1,1,1988,26,17,10,18,20,19,16,9,9,0
120011,2,1,1988,24,19,6,13,8,14,25,10,7,11
120012,1,1,1988,0,0,0,0,0,0,0,0,0,0
120012,2,1,1988,15,10,6,11,31,9,0,9,15,0
120013,0,1,1988,0,0,0,0,0,0,0,0,0,0
120013,1,1,1988,0,0,0,0,0,0,0,0,0,0
120014,0,1,1988,0,0,0,0,0,0,0,0,0,0
120014,1,1,1988,0,0,0,0,0,0,0,12,0,0
120015,0,1,1988,28,0,0,0,13,0,0,0,0,22
120015,1,1,1988,0,15,14,13,0,0,0,0,4,0
120016,1,1,1988,25,25,25,25,25,25,25,25,25,25
120017,1,1,1988,14,4,7,0,6,10,5,8,10,4
120017,2,1,1988,0,6,0,0,0,0,0,4,0,0
120018,1,1,1988,0,0,0,0,0,7,0,0,0,0
120019,1,1,1988,0,0,0,0,0,9,0,0,14,0
120019,2,1,1988,0,0,0,0,0,0,0,0,0,0
120020,1,1,1988,0,0,0,0,0,0,0,0,0,0
120020,2,1,1988,0,0,0,0,0,0,0,0,0,0
120021,1,1,1988,0,0,0,0,0,0,0,16,0,0
120021,2,1,1988,0,0,0,0,0,0,0,0,0,0
120022,0,1,1988,11,11,11,11,11,11,11,11,11,11
120022,1,1,1988,0,0,0,4,0,0,0,0,0,0
120023,0,1,1988,8,8,8,8,8,8,8,8,8,8
120023,1,1,1988,0,0,0,0,0,0,0,0,0,0
120024,0,1,1988,0,0,0,0,0,0,0,11,0,9
120024,1,1,1988,0,0,0,0,0,0,0,0,0,0
120025,1,1,1988,0,0,0,0,0,0,0,0,0,0
120025,2,1,1988,0,0,0,0,0,0,0,0,0,0
120026,1,1,1988,4,4,4,4,4,4,4,4,4,4
120026,2,1,1988,0,0,0,0,0,0,0,0,0,0
120027,1,1,1988,14,14,14,14,14,14,14,14,14,14
120027,2,1,1988,0,0,0,0,0,0,0,0,0,0
120027,3,1,1988,0,0,0,0,0,0,0,0,0,0
120028,1,1,1988,18,18,18,18,18,18,18,18,18,18
120029,1,1,1988,0,0,0,0,0,0,0,0,0,0
120029,2,1,1988,0,0,0,0,0,0,0,0,0,0
120030,1,1,1988,0,0,0,32,9,15,0,0,0,0
120031,1,1,1988,8,0,0,0,0,6,0,20,0,0
120032,1,1,1988,0,0,0,0,0,0,0,0,0,0
120032,2,1,1988,0,0,0,0,0,0,0,0,0,0
120032,3,1,1988,0,0,0,0,0,0,0,0,0,0
120033,1,1,1988,0,0,0,0,0,0,0,0,0,0
120033,2,1,1988,0,0,0,0,0,0,0,0,0,0
120034,0,1,1988,0,0,0,0,0,0,0,0,0,0
120034,1,1,1988,0,0,0,0,0,0,0,0,0,0
120035,0,1,1988,0,0,0,0,0,0,0,0,0,0
120035,1,1,1988,0,0,0,21,0,0,0,0,0,0
120036,1,1,1988,0,0,0,0,0,0,0,0,0,0
120036,2,1,1988,0,0,0,0,0,0,0,0,0,0
120036,3,1,1988,0,0,0,0,0,0,0,0,0,0
120037,1,1,1988,0,0,0,0,0,0,0,0,0,0
120037,2,1,1988,0,0,0,0,0,0,0,0,0,0
120038,1,1,1988,0,0,0,0,0,0,0,0,0,0
120039,0,1,1988,0,0,24,0,0,20,0,0,0,0
120039,1,1,1988,0,0,0,0,0,0,2,17,0,0
120040,1,1,1988,14,3,8,10,6,7,6,19,9,0
120040,2,1,1988,0,0,0,0,0,0,0,0,0,0
120041,1,1,1988,0,0,0,0,0,0,0,0,0,0
120041,2,1,1988,0,0,0,0,0,0,0,0,0,0
120042,0,1,1988,0,0,0,0,0,22,14,0,0,0
120042,0,2,1988,8,0,24,0,13,15,0,0,18,0
120042,1,1,1988,8,36,17,8,18,19,0,23,45,17
120043,1,1,1988,0,0,0,0,0,0,0,0,0,0
120043,2,1,1988,0,0,0,0,0,0,0,0,0,0
120043,3,1,1988,0,0,0,0,0,8,0,0,0,0
120043,4,1,1988,0,0,0,0,0,0,0,0,0,0
120044,1,1,1988,0,0,0,0,0,0,0,0,0,0
120044,2,1,1988,0,0,0,0,0,0,0,0,0,0
120044,3,1,1988,0,0,0,0,0,0,0,0,0,0
120045,0,1,1988,24,24,24,24,24,24,24,24,24,24
120045,1,1,1988,0,0,0,0,0,0,20,0,0,0
120046,1,1,1988,0,0,0,0,0,0,0,0,0,0
120046,2,1,1988,0,0,0,0,0,0,0,0,0,0
120047,1,1,1988,0,0,0,0,0,0,0,0,0,0
120047,2,1,1988,0,0,0,0,0,0,0,0,0,0
120048,1,1,1988,0,0,0,0,0,0,0,0,0,0
120048,2,1,1988,0,0,0,0,0,0,0,0,0,0
120048,3,1,1988,0,0,0,0,0,0,0,0,0,0
120049,1,1,1988,0,0,0,0,0,0,0,0,0,0
120049,2,1,1988,0,0,0,0,0,0,0,0,0,0
120050,1,1,1988,0,0,0,0,0,0,0,0,0,0
120050,2,1,1988,4,4,4,4,4,4,4,4,4,4
120051,1,1,1988,0,0,0,0,0,0,0,0,0,0
120051,2,1,1988,0,0,0,0,0,0,0,0,0,0
120052,1,1,1988,9,0,0,0,0,0,0,0,0,0
120052,2,1,1988,0,0,0,0,0,0,0,0,0,0
120053,1,1,1988,0,0,0,0,0,0,0,0,0,0
120053,2,1,1988,0,0,21,0,0,0,0,0,0,0
120054,0,1,1988,0,0,0,0,0,0,0,0,0,0
120054,1,1,1988,33,33,33,33,33,33,33,33,33,33
120055,1,1,1988,0,0,0,0,0,0,0,0,0,0
120055,2,1,1988,0,0,0,0,0,0,0,0,0,0
120056,0,1,1988,0,0,0,0,0,0,0,0,0,0
120056,1,1,1988,0,0,0,0,0,0,0,0,0,0
120057,1,1,1988,0,0,0,0,0,0,0,0,0,0
120057,2,1,1988,0,0,0,0,0,0,0,0,0,0
120058,0,1,1988,0,0,0,0,0,0,27,0,0,0
120058,1,1,1988,0,0,0,0,0,0,0,0,0,0
120059,0,1,1988,19,19,19,19,19,19,19,19,19,19
120059,1,1,1988,0,0,0,0,0,0,0,0,0,0
120060,0,1,1988,37,37,37,37,37,37,37,37,37,37
120060,1,1,1988,0,0,0,0,0,0,0,0,0,0
120061,1,1,1988,27,27,27,27,27,27,27,27,27,27
120062,0,1,1988,29,29,29,29,29,29,29,29,29,29
120062,1,1,1988,0,0,0,0,0,0,21,0,0,0
120063,1,1,1988,0,0,0,0,0,0,0,0,0,0
120063,2,1,1988,17,17,17,17,17,17,17,17,17,17
120064,1,1,1988,19,19,19,19,19,19,19,19,19,19
120065,1,1,1988,16,16,16,16,16,16,16,16,16,16
120065,2,1,1988,0,0,0,0,0,0,0,0,0,18
120066,0,1,1988,25,25,25,25,25,25,25,25,25,25
120066,1,1,1988,0,0,0,0,0,0,0,0,0,0
120067,1,1,1988,0,0,0,0,0,0,0,0,0,0
120067,2,1,1988,0,0,0,0,0,0,0,0,0,0
120068,1,1,1988,7,7,7,7,7,7,7,7,7,7
120068,2,1,1988,4,4,4,4,4,4,4,4,4,4
120069,1,1,1988,28,28,28,28,28,28,28,28,28,28
120069,2,1,1988,0,0,0,0,0,0,0,0,0,0
120070,1,1,1988,28,28,28,28,28,28,28,28,28,28
120071,1,1,1988,19,19,19,19,19,19,19,19,19,19
120071,2,1,1988,0,0,11,0,15,0,0,7,21,8
120072,1,1,1988,21,21,21,21,21,21,21,21,21,21
120073,1,1,1988,0,0,0,0,0,0,0,0,0,0
120073,2,1,1988,0,0,0,0,0,0,0,0,0,0
120074,0,1,1988,0,0,0,0,8,0,0,0,0,0
120074,1,1,1988,0,0,0,0,0,0,0,0,0,0
120075,1,1,1988,6,20,19,18,29,0,11,14,22,16
120075,2,1,1988,13,13,13,13,13,13,13,13,13,13
120076,0,1,1988,0,17,25,0,0,0,0,0,0,15
120076,1,1,1988,0,0,0,0,0,0,0,0,0,0
120077,1,1,1988,3,0,0,0,0,0,0,0,18,21
120077,2,1,1988,0,0,0,0,41,0,8,0,0,0
120078,1,1,1988,27,27,27,27,27,27,27,27,27,27
120078,2,1,1988,0,0,0,0,0,0,0,0,0,0
120079,1,1,1988,0,0,0,0,0,0,0,0,0,0
120080,1,1,1988,0,0,0,0,0,0,0,0,0,0
120080,2,1,1988,0,0,0,0,0,0,6,0,0,11
120081,1,1,1988,22,22,22,22,22,22,22,22,22,22
120082,1,1,1988,0,0,0,0,0,0,0,0,0,0
120082,2,1,1988,9,9,9,9,9,9,9,9,9,9
120084,1,1,1988,13,39,16,17,8,13,13,6,11,30
120084,2,1,1988,13,25,8,9,17,6,5,12,6,17
120085,1,1,1988,10,10,10,10,10,10,10,10,10,10
120086,0,1,1988,9,9,9,9,9,9,9,9,9,9
120086,1,1,1988,0,0,0,0,0,0,0,0,0,0
120087,0,1,1988,25,25,25,25,25,25,25,25,25,25
120087,1,1,1988,12,12,12,12,12,12,12,12,12,12
120088,0,1,1988,0,0,0,0,0,0,0,0,0,0
120088,1,1,1988,0,0,0,0,0,0,0,0,0,0
120089,1,1,1988,16,0,25,10,0,18,18,24,15,0
120090,0,1,1988,0,0,0,0,0,0,0,0,0,0
120090,1,1,1988,0,0,17,0,0,0,0,0,0,0
120091,1,1,1988,0,0,0,0,6,0,0,0,0,0
120091,2,1,1988,0,0,0,0,0,0,0,0,0,0
120092,1,1,1988,2,0,0,0,0,21,0,0,4,0
120092,2,1,1988,28,0,0,0,0,0,0,0,0,2
120093,1,1,1988,0,0,26,0,25,0,0,0,0,0
120094,1,1,1988,15,15,15,15,15,15,15,15,15,15
120095,1,1,1988,2,21,0,0,0,0,0,17,17,11
120096,1,1,1988,0,0,0,0,0,0,0,0,0,0
120097,1,1,1988,9,5,26,11,10,5,25,8,11,0
120097,2,1,1988,0,0,0,0,0,0,0,18,0,0
120098,0,1,1988,0,0,0,0,0,0,0,0,0,0
120098,1,1,1988,0,0,21,0,0,0,0,0,0,0
120099,1,1,1988,0,0,0,0,0,0,0,0,0,0
120099,2,1,1988,11,0,18,0,12,0,0,17,11,0
120100,0,1,1988,0,0,0,0,0,0,0,0,0,23
120100,1,1,1988,0,0,0,0,0,0,0,0,0,0
120101,1,1,1988,10,10,10,10,10,10,10,10,10,10
120102,1,1,1988,13,13,13,13,13,13,13,13,13,13
120104,1,1,1988,0,0,0,0,0,5,0,0,0,0
120104,2,1,1988,0,0,0,7,0,0,0,0,0,0
120105,1,1,1988,0,0,0,0,0,0,0,0,0,0
120106,1,1,1988,0,0,0,0,0,0,0,0,0,0
120106,2,1,1988,0,0,0,0,0,0,0,0,0,0
120107,1,1,1988,0,0,0,2,0,0,19,0,0,5
120107,2,1,1988,0,8,0,0,0,0,0,0,0,0
120108,0,1,1988,29,29,29,29,29,29,29,29,29,29
120108,1,1,1988,0,0,0,0,0,12,0,0,0,0
120109,0,1,1988,0,0,0,0,0,0,0,0,0,0
120109,1,1,1988,0,0,0,0,0,0,0,0,0,0
120110,1,1,1988,12,12,12,12,12,12,12,12,12,12
120111,1,1,1988,10,1,13,0,0,0,13,27,19,11
120111,2,1,1988,0,0,0,0,0,0,0,0,0,0
120112,1,1,1988,0,0,0,0,0,0,0,0,0,0
120112,2,1,1988,0,0,0,0,0,0,0,0,0,0
120113,0,1,1988,0,0,0,0,0,0,0,35,0,0
120113,0,2,1988,0,47,28,40,14,15,25,17,0,0
120113,1,1,1988,23,23,23,23,23,23,23,23,23,23
120114,1,1,1988,10,0,19,0,14,7,0,18,7,0
120114,2,1,1988,0,5,0,0,0,0,0,0,0,0
120115,0,1,1988,0,0,0,0,0,0,0,0,0,0
120115,1,1,1988,0,0,0,0,0,0,0,0,0,0
120116,0,1,1988,0,0,0,0,0,0,0,0,0,0
120116,1,1,1988,0,0,0,0,0,0,0,0,0,0
120118,1,1,1988,0,0,0,0,0,0,0,0,0,0
120119,1,1,1988,0,0,0,0,0,0,0,0,0,0
120119,2,1,1988,1,1,1,1,1,1,1,1,1,1
120120,0,1,1988,0,0,0,0,0,0,0,0,0,0
120120,1,1,1988,0,0,0,0,0,0,0,0,0,0
120121,1,1,1988,0,0,0,0,0,0,0,0,0,0
120121,2,1,1988,8,8,8,8,8,8,8,8,8,8
120122,1,1,1988,28,28,28,28,28,28,28,28,28,28
120122,2,1,1988,0,0,0,0,0,0,0,0,0,0
120122,3,1,1988,0,0,0,0,0,0,0,0,0,0
120124,1,1,1988,10,19,0,11,15,11,22,8,12,9
120124,2,1,1988,0,0,0,0,0,0,0,0,0,0
120124,3,1,1988,17,14,0,0,17,19,30,15,7,28
120124,4,1,1988,0,0,0,0,0,0,0,0,0,0
120125,1,1,1988,19,19,19,19,19,19,19,19,19,19
120126,0,1,1988,36,30,6,24,31,5,0,18,31,30
120126,1,1,1988,0,31,0,30,0,0,8,0,22,14
120127,1,1,1988,0,0,0,0,0,0,0,0,0,0
120129,0,1,1988,0,0,0,0,0,0,0,0,0,0
120129,1,1,1988,0,0,0,0,0,0,0,12,0,0
120130,1,1,1988,0,0,0,0,0,0,0,0,0,0
120130,2,1,1988,0,0,0,0,0,0,0,0,0,0
120130,3,1,1988,0,0,0,0,0,0,0,0,0,0
120131,1,1,1988,0,0,0,0,0,0,0,0,0,0
120132,1,1,1988,9,9,9,9,9,9,9,9,9,9
120132,2,1,1988,1,1,1,1,1,1,1,1,1,1
120133,0,1,1988,0,0,0,0,0,0,0,0,0,0
120133,1,1,1988,10,0,0,11,0,25,0,0,0,0
120134,0,1,1988,0,0,0,0,0,0,0,0,0,0
120134,1,1,1988,0,0,0,0,0,0,0,0,0,0
120135,1,1,1988,13,0,0,0,0,0,0,0,0,0
120135,2,1,1988,0,13,0,0,0,0,0,0,0,0
120136,1,1,1988,0,0,0,0,19,15,0,0,0,29
120136,2,1,1988,0,0,0,0,0,0,0,0,0,0
120137,1,1,1988,20,20,20,20,20,20,20,20,20,20
120138,1,1,1988,0,0,0,0,0,0,0,0,0,0
120138,2,1,1988,0,0,0,0,0,0,12,12,0,0
120138,3,1,1988,0,0,0,0,0,0,0,0,0,0
120139,0,1,1988,0,7,0,0,0,29,0,0,7,0
120139,1,1,1988,0,0,0,0,0,0,0,0,0,0
120140,1,1,1988,0,0,0,0,0,0,0,0,0,0
120140,2,1,1988,0,0,0,0,0,0,0,0,0,0
120141,1,1,1988,25,25,25,25,25,25,25,25,25,25
120141,2,1,1988,23,23,23,23,23,23,23,23,23,23
120142,1,1,1988,19,19,19,19,19,19,19,19,19,19
120143,1,1,1988,22,22,22,22,22,22,22,22,22,22
120144,1,1,1988,0,0,0,0,0,0,0,0,0,0
120144,2,1,1988,0,0,0,0,0,0,0,0,0,0
120145,1,1,1988,0,11,28,15,27,24,9,11,0,14
120145,2,1,1988,0,0,0,0,13,0,0,0,0,11
120146,1,1,1988,0,0,0,22,0,0,5,0,0,0
120147,1,1,1988,0,36,0,0,5,0,0,0,15,14
120147,2,1,1988,0,26,0,0,0,0,0,7,0,0
120148,0,1,1988,0,0,0,0,0,0,0,0,0,0
120148,1,1,1988,13,14,0,8,10,15,10,15,29,2
120149,1,1,1988,0,0,18,0,19,0,0,0,8,0
120150,1,1,1988,18,26,18,0,22,0,17,42,21,21
120151,1,1,1988,0,0,0,0,0,0,0,0,0,0
120151,2,1,1988,0,0,0,0,0,0,0,0,0,0
120152,1,1,1988,0,0,0,0,0,0,0,0,0,14
120152,2,1,1988,4,14,6,7,22,14,0,19,9,5
120153,0,1,1988,0,11,0,0,0,0,0,0,0,0
120153,1,1,1988,0,0,0,0,0,0,0,0,13,0
120154,1,1,1988,0,0,7,17,14,14,16,15,7,12
120155,0,1,1988,20,0,0,0,0,13,0,0,0,0
120155,1,1,1988,0,0,0,0,0,0,0,0,0,0
120156,0,1,1988,21,0,0,0,0,0,0,0,0,11
120156,1,1,1988,0,0,0,0,0,0,0,0,0,0
120157,0,1,1988,0,0,0,0,0,0,0,0,0,15
120157,1,1,1988,0,0,0,0,0,0,0,0,0,0
120158,0,1,1988,0,0,0,0,0,0,0,0,0,0
120158,1,1,1988,0,0,15,0,0,0,0,0,0,0
120159,0,1,1988,0,12,19,0,11,0,0,0,37,18
120159,1,1,1988,0,0,0,0,0,0,0,0,0,0
120160,0,1,1988,0,0,0,0,0,0,0,0,0,0
120160,1,1,1988,0,0,0,14,0,0,0,0,0,0
120161,1,1,1988,22,22,22,22,22,22,22,22,22,22
120162,1,1,1988,27,0,0,36,11,3,9,0,0,0
120162,2,1,1988,18,18,18,18,18,18,18,18,18,18
120163,0,1,1988,36,36,36,36,36,36,36,36,36,36
120163,1,1,1988,0,0,0,10,0,4,0,0,0,8
120164,0,1,1988,38,38,38,38,38,38,38,38,38,38
120164,1,1,1988,0,0,0,0,0,0,10,0,0,0
120165,0,1,1988,13,13,13,13,13,13,13,13,13,13
120165,1,1,1988,0,0,0,0,0,0,0,0,0,0
120166,1,1,1988,22,22,22,22,22,22,22,22,22,22
120166,2,1,1988,8,8,8,8,8,8,8,8,8,8
120167,1,1,1988,0,0,0,0,0,0,0,0,0,0
120168,1,1,1988,9,0,0,0,0,0,0,0,0,7
120168,2,1,1988,0,0,0,0,0,0,0,9,0,0
120169,1,1,1988,20,20,20,20,20,20,20,20,20,20
120171,0,1,1988,0,0,0,0,0,0,0,0,0,0
120171,1,1,1988,0,0,6,0,0,0,0,0,0,0
120172,1,1,1988,0,0,0,0,0,0,0,0,0,0
120172,2,1,1988,0,0,0,0,0,0,0,0,0,0
120173,1,1,1988,29,29,29,29,29,29,29,29,29,29
120173,2,1,1988,0,0,0,0,0,0,17,0,0,0
120174,1,1,1988,0,0,0,0,0,0,0,0,0,0
120174,2,1,1988,0,0,33,0,0,0,0,0,0,0
120175,0,1,1988,0,0,0,0,0,0,0,0,0,0
120175,1,1,1988,0,0,0,0,14,0,0,0,0,0
120176,1,1,1988,24,24,24,24,24,24,24,24,24,24
120176,2,1,1988,0,0,0,0,0,0,0,0,0,0
120176,3,1,1988,0,0,0,0,0,17,0,0,0,0
120177,1,1,1988,0,0,0,0,0,0,0,0,0,0
120178,1,1,1988,0,0,0,0,0,0,0,0,0,0
120178,2,1,1988,13,14,10,0,0,0,15,0,0,10
120179,1,1,1988,0,0,0,0,0,0,0,0,0,0
120179,2,1,1988,0,0,0,0,0,0,0,0,0,0
120180,1,1,1988,0,0,0,0,0,0,0,0,0,0
120180,2,1,1988,0,0,0,0,0,0,0,0,0,0
120181,1,1,1988,0,0,0,0,0,0,0,0,0,0
120181,2,1,1988,0,0,0,0,0,0,0,0,0,0
120182,0,1,1988,0,0,0,0,0,0,0,0,0,0
120182,1,1,1988,0,0,0,0,0,0,0,0,0,0
120183,1,1,1988,20,20,20,20,20,20,20,20,20,20
120183,2,1,1988,0,0,0,0,0,0,0,0,0,0
120184,0,1,1988,28,28,28,28,28,28,28,28,28,28
120184,1,1,1988,10,10,10,10,10,10,10,10,10,10
120185,0,1,1988,0,0,0,0,0,0,0,0,0,0
120185,1,1,1988,0,0,0,0,0,0,0,0,0,0
120186,1,1,1988,0,0,0,0,0,0,0,0,0,0
120186,2,1,1988,0,0,0,0,0,0,0,0,0,0
120187,1,1,1988,17,17,17,17,17,17,17,17,17,17
120187,2,1,1988,3,3,3,3,3,3,3,3,3,3
120188,0,1,1988,32,32,32,32,32,32,32,32,32,32
120188,1,1,1988,0,0,0,0,0,0,0,0,0,0
120189,1,1,1988,0,0,0,0,0,0,0,10,0,0
120189,2,1,1988,0,0,0,0,0,0,0,0,0,0
120190,1,1,1988,0,0,0,0,0,0,0,0,0,0
120190,2,1,1988,0,0,0,0,0,0,0,0,0,0
120192,1,1,1988,20,20,20,20,20,20,20,20,20,20
120192,2,1,1988,0,0,0,0,0,0,0,0,0,0
120193,1,1,1988,0,0,0,0,0,0,0,0,0,0
120193,2,1,1988,0,0,0,0,0,0,0,14,0,0
120194,1,1,1988,0,0,0,0,0,0,0,0,0,0
120195,1,1,1988,20,20,20,20,20,20,20,20,20,20
120195,2,1,1988,0,0,0,0,0,0,0,0,0,0
120195,3,1,1988,0,0,0,0,0,0,0,0,0,0
120196,0,1,1988,0,18,0,16,4,11,0,12,0,15
120196,1,1,1988,0,0,0,0,12,0,0,0,9,12
120197,1,1,1988,11,11,11,11,11,11,11,11,11,11
120198,1,1,1988,16,16,16,16,16,16,16,16,16,16
120199,0,1,1988,33,33,33,33,33,33,33,33,33,33
120199,1,1,1988,0,0,0,0,0,5,0,0,0,0
120200,1,1,1988,0,0,0,0,0,0,0,0,0,0
120200,2,1,1988,0,0,0,0,0,0,0,0,0,0
120201,1,1,1988,0,0,0,0,0,16,0,0,0,0
120202,0,1,1988,0,0,0,0,0,0,0,0,0,0
120202,1,1,1988,0,0,0,0,0,0,0,0,0,0
120204,1,1,1988,22,22,22,22,22,22,22,22,22,22
120204,2,1,1988,0,0,0,0,0,0,0,0,0,0
120205,1,1,1988,17,17,17,17,17,17,17,17,17,17
120206,1,1,1988,26,26,26,26,26,26,26,26,26,26
120207,1,1,1988,0,0,0,0,0,0,0,0,0,0
120207,2,1,1988,0,0,0,0,0,19,0,0,0,0
120207,3,1,1988,0,0,0,0,0,0,0,0,0,0
120208,0,1,1988,0,0,0,0,0,0,0,0,0,0
120208,1,1,1988,0,0,0,0,0,0,0,0,0,0
120209,0,1,1988,0,0,0,25,0,0,0,0,0,0
120209,1,1,1988,0,0,0,0,0,0,0,12,0,0
120210,1,1,1988,0,0,0,0,0,0,0,0,0,0
120210,2,1,1988,0,0,0,0,0,0,0,0,0,0
120211,1,1,1988,0,0,0,0,0,0,0,5,0,0
120211,2,1,1988,0,0,0,0,0,0,0,0,0,0
120212,0,1,1988,40,40,40,40,40,40,40,40,40,40
120212,1,1,1988,0,0,0,0,19,0,0,0,0,0
120213,1,1,1988,0,0,0,0,0,0,0,0,0,0
120213,2,1,1988,0,0,0,0,0,0,0,0,0,0
120214,1,1,1988,0,0,0,0,0,0,0,0,0,0
120214,2,1,1988,0,0,0,0,0,0,0,15,0,0
120215,1,1,1988,24,24,24,24,24,24,24,24,24,24
120215,2,1,1988,0,0,0,0,0,0,0,0,0,27
120216,1,1,1988,11,11,11,11,11,11,11,11,11,11
120216,2,1,1988,0,0,0,0,0,0,0,0,0,0
120217,1,1,1988,0,0,0,0,0,0,0,0,0,0
120218,1,1,1988,25,25,25,25,25,25,25,25,25,25
120218,2,1,1988,0,0,0,0,0,0,0,0,0,0
120219,1,1,1988,23,23,23,23,23,23,23,23,23,23
120220,1,1,1988,28,28,28,28,28,28,28,28,28,28
120221,1,1,1988,22,22,22,22,22,22,22,22,22,22
120222,1,1,1988,8,8,8,8,8,8,8,8,8,8
120223,1,1,1988,0,9,7,3,11,9,0,0,0,39
120223,2,1,1988,4,12,9,18,22,0,15,10,17,0
120223,3,1,1988,0,0,0,0,0,0,0,0,0,0
120224,1,1,1988,0,0,10,0,0,0,0,0,0,0
120224,2,1,1988,0,0,0,0,0,0,0,0,0,0
120225,1,1,1988,0,0,0,0,0,0,0,0,0,0
120226,1,1,1988,7,18,15,23,14,13,6,21,11,11
120226,2,1,1988,13,27,8,21,3,9,0,9,13,21
120227,1,1,1988,20,20,20,20,20,20,20,20,20,20
120228,1,1,1988,14,14,14,14,14,14,14,14,14,14
120229,0,1,1988,0,0,0,0,0,0,0,0,0,0
120229,1,1,1988,0,0,18,0,0,0,27,28,12,12
120230,1,1,1988,10,10,10,10,10,10,10,10,10,10
120231,1,1,1988,0,0,0,0,0,0,0,0,17,0
120231,2,1,1988,0,0,0,0,0,0,0,0,0,0
120232,1,1,1988,0,0,0,0,0,0,0,0,0,0
120232,2,1,1988,0,0,0,0,0,0,0,0,0,0
120232,3,1,1988,0,0,0,0,0,0,0,0,0,0
120233,1,1,1988,0,0,0,0,0,0,0,0,0,0
120233,2,1,1988,0,0,0,0,0,0,0,0,0,0
120234,1,1,1988,0,0,0,0,0,0,0,0,0,0
120234,2,1,1988,2,2,2,2,2,2,2,2,2,2
120234,3,1,1988,0,0,0,0,0,0,0,0,0,0