ST_CASE,VEH_NO,PER_NO,YEAR,P1,P2,P3,P4,P5,P6,P7,P8,P9,P10
120767,0,1,1988,0,0,0,0,0,0,0,0,0,0
120767,1,1,1988,0,0,0,0,0,0,0,0,0,22
120768,1,1,1988,0,0,0,0,0,0,0,0,0,0
120768,2,1,1988,0,0,0,0,0,0,0,0,0,25
120769,0,1,1988,0,0,0,0,0,0,0,0,0,0
120769,1,1,1988,0,0,0,0,0,0,0,14,0,0
120770,0,1,1988,19,19,19,19,19,19,19,19,19,19
120770,2,1,1988,0,0,0,0,0,0,0,0,0,0
120771,1,1,1988,0,34,14,17,0,0,26,0,17,5
120771,2,1,1988,0,0,0,0,0,6,0,17,0,0
120771,3,1,1988,0,0,0,13,0,0,0,0,0,0
120772,0,1,1988,25,25,25,25,25,25,25,25,25,25
120772,1,1,1988,0,0,0,0,0,0,0,0,0,0
120773,1,1,1988,0,8,0,0,0,0,0,0,0,0
120773,2,1,1988,0,0,0,0,0,0,16,0,16,0
120774,1,1,1988,7,7,7,7,7,7,7,7,7,7
120774,2,1,1988,0,0,0,0,0,0,0,0,0,0
120775,1,1,1988,1,1,1,1,1,1,1,1,1,1
120775,2,1,1988,0,0,0,0,0,0,0,0,0,0
120776,0,1,1988,7,7,7,7,7,7,7,7,7,7
120776,1,1,1988,14,14,14,14,14,14,14,14,14,14
120777,1,1,1988,11,11,11,11,11,11,11,11,11,11
120778,1,1,1988,19,19,19,19,19,19,19,19,19,19
120779,1,1,1988,0,0,0,0,0,23,0,0,0,0
120780,1,1,1988,0,0,0,0,0,0,0,0,0,0
120780,2,1,1988,0,0,0,0,0,0,0,0,0,0
120781,1,1,1988,0,0,0,0,0,0,0,0,0,0
120781,2,1,1988,0,0,0,0,0,0,0,0,0,0
120782,1,1,1988,0,0,0,0,19,0,0,0,0,0
120782,2,1,1988,0,0,0,0,0,0,0,0,0,0
120783,1,1,1988,37,37,37,37,37,37,37,37,37,37
120783,2,1,1988,0,0,0,0,0,0,0,0,0,10
120784,1,1,1988,20,20,20,20,20,20,20,20,20,20
120785,1,1,1988,0,0,0,0,0,0,0,0,2,0
120785,2,1,1988,0,0,0,0,0,0,0,0,0,0
120785,3,1,1988,0,0,0,0,0,0,0,0,0,0
120787,1,1,1988,20,20,20,20,20,20,20,20,20,20
120787,2,1,1988,0,0,0,0,0,0,13,0,0,0
120788,1,1,1988,24,24,24,24,24,24,24,24,24,24
120788,2,1,1988,0,0,0,0,0,0,0,0,0,0
120789,0,1,1988,2,2,2,2,2,2,2,2,2,2
120789,1,1,1988,0,0,0,0,0,29,0,0,0,0
120790,1,1,1988,23,23,23,23,23,23,23,23,23,23
120791,1,1,1988,0,0,0,0,0,0,0,0,0,0
120792,1,1,1988,0,9,0,0,31,11,9,0,0,17
120792,2,1,1988,33,0,15,11,0,6,0,0,0,11
120792,3,1,1988,0,0,0,0,0,0,0,0,0,0
120793,0,1,1988,0,17,0,5,0,0,0,0,24,11
120793,0,2,1988,0,0,17,5,0,0,0,0,22,12
120793,1,1,1988,7,7,7,7,7,7,7,7,7,7
120794,1,1,1988,0,0,0,0,0,0,0,0,0,0
120794,2,1,1988,0,0,0,0,0,0,0,0,0,0
120795,1,1,1988,21,21,21,21,21,21,21,21,21,21
120796,0,1,1988,33,33,33,33,33,33,33,33,33,33
120796,1,1,1988,0,0,0,0,0,0,0,0,0,0
120797,0,1,1988,0,0,0,0,0,0,0,0,0,0
120797,1,1,1988,0,0,0,0,0,0,0,0,16,0
120798,1,1,1988,10,10,10,10,10,10,10,10,10,10
120799,0,1,1988,20,20,20,20,20,20,20,20,20,20
120799,1,1,1988,15,0,0,0,0,0,12,0,0,0
120800,1,1,1988,11,11,11,11,11,11,11,11,11,11
120801,1,1,1988,0,3,0,0,23,0,0,0,0,0
120801,2,1,1988,0,0,0,0,0,0,0,0,0,0
120802,0,1,1988,0,0,0,0,0,0,0,0,0,0
120802,0,2,1988,15,15,15,15,15,15,15,15,15,15
120802,1,1,1988,0,0,0,0,0,0,0,0,0,0
120803,0,1,1988,0,0,0,0,0,0,0,0,0,0
120803,1,1,1988,15,15,15,15,15,15,15,15,15,15
120804,1,1,1988,0,0,0,0,0,0,0,0,0,0
120804,2,1,1988,0,0,0,0,0,0,0,0,0,0
120805,1,1,1988,0,0,0,0,0,0,0,0,0,0
120805,2,1,1988,0,0,0,0,0,0,5,0,0,0
120806,1,1,1988,2,2,2,2,2,2,2,2,2,2
120806,2,1,1988,0,0,0,0,0,0,0,0,0,0
120807,1,1,1988,0,0,9,0,0,0,0,0,0,0
120808,1,1,1988,0,0,0,0,0,0,0,0,0,0
120809,1,1,1988,13,13,13,13,13,13,13,13,13,13
120809,2,1,1988,0,0,0,0,0,0,0,0,0,0
120810,1,1,1988,0,0,0,0,0,0,1,0,0,0
120810,2,1,1988,0,0,0,0,0,0,0,0,0,0
120811,1,1,1988,0,0,0,0,0,0,0,0,0,0
120811,2,1,1988,0,0,0,0,0,0,0,10,0,0
120811,3,1,1988,0,0,0,0,0,0,0,0,0,0
120812,0,1,1988,0,0,0,0,0,0,0,0,0,0
120812,1,1,1988,8,8,8,8,8,8,8,8,8,8
120813,1,1,1988,26,26,26,26,26,26,26,26,26,26
120814,1,1,1988,0,0,0,0,0,0,0,0,0,0
120815,1,1,1988,0,0,0,0,0,0,0,0,0,0
120816,1,1,1988,10,10,10,10,10,10,10,10,10,10
120817,0,1,1988,0,11,0,0,0,0,15,0,0,0
120817,1,1,1988,0,16,0,0,3,0,0,3,5,0
120818,1,1,1988,0,0,0,0,0,0,0,0,0,0
120819,0,1,1988,0,0,0,0,0,0,0,0,0,0
120819,1,1,1988,0,0,0,0,0,0,0,0,0,0
120820,1,1,1988,0,0,0,0,0,0,0,0,0,0
120821,1,1,1988,19,19,19,19,19,19,19,19,19,19
120823,1,1,1988,21,21,21,21,21,21,21,21,21,21
120824,1,1,1988,0,36,0,9,0,0,0,0,0,0
120825,1,1,1988,0,5,0,0,0,0,0,0,0,0
120825,2,1,1988,0,0,0,0,0,0,0,0,0,0
120826,1,1,1988,4,4,4,4,4,4,4,4,4,4
120827,0,1,1988,0,0,0,0,0,0,0,0,0,0
120827,1,1,1988,0,0,0,0,0,0,0,0,0,0
120827,2,1,1988,0,0,0,0,0,0,0,0,0,0
120827,3,1,1988,0,0,0,0,0,0,0,0,0,0
120828,0,1,1988,0,0,0,0,0,0,0,0,0,0
120828,1,1,1988,0,0,0,0,0,0,0,0,0,0
120829,1,1,1988,16,16,16,16,16,16,16,16,16,16
120830,1,1,1988,10,0,0,12,0,0,0,0,0,0
120832,1,1,1988,13,13,13,13,13,13,13,13,13,13
120832,2,1,1988,0,0,0,0,0,0,0,0,0,0
120832,3,1,1988,0,0,0,0,0,0,0,0,0,0
120833,1,1,1988,0,0,0,0,0,0,0,0,0,0
120834,0,1,1988,0,0,0,0,0,0,0,0,0,0
120834,1,1,1988,0,0,0,0,0,0,0,0,4,0
120835,1,1,1988,0,0,0,0,0,0,0,0,0,0
120836,1,1,1988,30,30,30,30,30,30,30,30,30,30
120837,1,1,1988,9,9,9,9,9,9,9,9,9,9
120838,1,1,1988,0,0,0,0,0,0,0,6,0,0
120839,0,1,1988,22,22,22,22,22,22,22,22,22,22
120839,1,1,1988,0,0,2,0,0,0,0,0,12,0
120840,1,1,1988,14,14,14,14,14,14,14,14,14,14
120841,0,1,1988,13,13,13,13,13,13,13,13,13,13
120841,1,1,1988,0,0,0,0,0,0,0,0,0,0
120842,1,1,1988,14,14,14,14,14,14,14,14,14,14
120843,1,1,1988,3,3,3,3,3,3,3,3,3,3
120844,1,1,1988,16,16,16,16,16,16,16,16,16,16
120844,2,1,1988,12,12,12,12,12,12,12,12,12,12
120845,1,1,1988,0,0,0,0,0,0,0,0,0,0
120846,1,1,1988,19,19,19,19,19,19,19,19,19,19
120847,1,1,1988,0,0,0,0,0,12,0,0,0,0
120848,1,1,1988,0,0,4,0,0,0,0,0,0,0
120848,2,1,1988,0,0,0,0,0,0,0,0,0,0
120849,1,1,1988,14,14,14,14,14,14,14,14,14,14
120849,2,1,1988,5,5,5,5,5,5,5,5,5,5
120850,1,1,1988,26,26,26,26,26,26,26,26,26,26
120851,1,1,1988,13,13,13,13,13,13,13,13,13,13
120852,1,1,1988,0,0,0,0,0,0,0,0,0,0
120852,2,1,1988,0,0,0,0,0,0,0,0,0,0
120852,3,1,1988,0,0,0,0,0,0,0,0,0,0
120853,1,1,1988,0,0,0,0,0,0,0,0,0,0
120853,2,1,1988,0,0,0,0,0,0,6,0,0,0
120854,0,1,1988,8,8,8,8,8,8,8,8,8,8
120854,1,1,1988,0,0,0,0,0,0,0,0,0,0
120855,1,1,1988,9,9,9,9,9,9,9,9,9,9
120855,2,1,1988,9,9,9,9,9,9,9,9,9,9
120856,0,1,1988,30,30,30,30,30,30,30,30,30,30
120856,1,1,1988,0,0,0,0,0,0,0,0,0,0
120857,1,1,1988,0,0,0,0,0,0,0,0,0,0
120857,2,1,1988,0,0,0,0,0,0,0,0,0,0
120858,1,1,1988,0,0,0,0,0,0,0,0,0,0
120858,2,1,1988,0,0,0,0,0,0,0,0,0,0
120859,1,1,1988,12,12,12,12,12,12,12,12,12,12
120860,0,1,1988,18,18,18,18,18,18,18,18,18,18
120860,1,1,1988,0,0,0,17,0,0,0,0,0,0
120861,1,1,1988,10,10,10,10,10,10,10,10,10,10
120862,1,1,1988,0,0,0,0,0,0,0,0,0,0
120863,1,1,1988,0,0,0,0,0,0,0,0,0,0
120863,2,1,1988,0,0,0,0,0,0,0,0,0,0
120864,1,1,1988,15,0,0,0,0,0,0,0,0,0
120864,2,1,1988,1,1,1,1,1,1,1,1,1,1
120865,1,1,1988,0,0,0,0,0,0,16,0,0,0
120865,2,1,1988,0,0,0,0,0,0,0,0,0,0
120866,1,1,1988,23,23,23,23,23,23,23,23,23,23
120867,1,1,1988,35,35,35,35,35,35,35,35,35,35
120868,0,1,1988,0,0,0,0,0,0,0,0,0,0
120868,1,1,1988,0,0,0,0,0,0,0,0,0,0
120869,1,1,1988,10,10,10,10,10,10,10,10,10,10
120869,2,1,1988,25,25,25,25,25,25,25,25,25,25
120870,1,1,1988,18,18,18,18,18,18,18,18,18,18
120871,1,1,1988,0,0,0,0,0,0,0,0,0,0
120871,2,1,1988,0,0,0,0,0,0,0,0,0,0
120872,1,1,1988,21,21,21,21,21,21,21,21,21,21
120873,1,1,1988,17,17,17,17,17,17,17,17,17,17
120874,1,1,1988,0,0,0,0,0,0,0,0,0,14
120875,1,1,1988,12,12,12,12,12,12,12,12,12,12
120876,1,1,1988,0,0,0,0,0,0,0,0,0,0
120877,1,1,1988,10,0,0,0,4,0,0,0,0,0
120877,2,1,1988,0,0,0,0,0,0,15,0,0,0
120878,1,1,1988,0,0,0,0,0,0,0,0,0,4
120878,2,1,1988,0,0,0,0,0,0,0,0,0,0
120879,0,1,1988,0,20,21,12,0,12,37,24,11,16
120879,1,1,1988,0,0,0,14,0,8,0,0,0,0
120880,1,1,1988,0,0,0,0,0,0,0,0,0,0
120880,2,1,1988,0,0,0,0,0,0,0,0,0,0
120880,3,1,1988,0,0,0,0,0,0,0,0,0,0
120881,1,1,1988,0,0,0,0,0,0,0,0,0,0
120882,1,1,1988,0,0,0,0,0,0,0,0,0,0
120882,2,1,1988,0,0,0,0,0,0,0,0,0,0
120883,1,1,1988,0,0,17,18,0,0,0,0,0,0
120884,0,1,1988,9,9,9,9,9,9,9,9,9,9
120884,0,2,1988,0,0,0,0,22,0,0,0,0,12
120884,1,1,1988,0,0,0,0,0,0,0,0,0,0
120885,1,1,1988,0,0,0,0,0,0,0,0,0,0
120886,1,1,1988,0,0,0,0,0,0,0,0,0,0
120886,2,1,1988,0,0,0,0,0,0,0,0,0,0
120887,0,1,1988,38,38,38,38,38,38,38,38,38,38
120887,1,1,1988,0,0,0,0,0,0,0,0,0,0
120888,1,1,1988,18,18,18,18,18,18,18,18,18,18
120889,0,1,1988,18,18,18,18,18,18,18,18,18,18
120889,1,1,1988,8,0,0,0,0,0,0,0,0,0
120890,0,1,1988,0,0,0,22,0,14,0,0,31,0
120890,1,1,1988,0,16,0,0,0,0,19,0,0,0
120890,2,1,1988,22,0,0,0,0,0,0,20,0,26
120891,1,1,1988,27,27,27,27,27,27,27,27,27,27
120892,1,1,1988,0,0,0,0,0,0,0,0,0,0
120892,2,1,1988,0,0,0,0,0,0,0,0,0,0
120893,0,1,1988,0,0,0,0,0,0,0,0,0,0
120893,1,1,1988,0,0,0,0,0,0,0,0,0,0
120894,0,1,1988,0,0,0,0,0,0,0,0,0,0
120894,1,1,1988,0,0,0,0,0,0,0,0,0,0
120895,1,1,1988,0,0,0,0,0,0,0,0,0,0
120895,2,1,1988,0,0,0,0,0,0,0,35,0,0
120896,1,1,1988,27,27,19,16,19,13,4,6,10,0
120896,2,1,1988,0,0,0,0,0,0,0,0,0,0
120897,0,1,1988,27,27,27,27,27,27,27,27,27,27
120897,1,1,1988,24,0,0,0,0,0,0,0,0,0
120898,1,1,1988,15,10,0,11,0,0,0,0,0,8
120898,2,1,1988,0,0,0,0,0,0,0,0,0,0
120900,1,1,1988,0,0,0,0,0,0,0,0,0,0
120900,2,1,1988,0,0,0,0,0,0,0,15,0,0
120901,1,1,1988,0,0,0,0,0,0,0,0,0,0
120903,1,1,1988,18,18,18,18,18,18,18,18,18,18
120904,1,1,1988,0,0,0,0,0,0,0,0,0,0
120904,2,1,1988,0,0,0,0,0,0,0,0,0,0
120904,3,1,1988,0,0,0,0,0,0,0,0,0,0
120905,1,1,1988,23,23,23,23,23,23,23,23,23,23
120905,2,1,1988,0,0,0,0,0,0,0,0,0,0
120908,1,1,1988,26,26,26,26,26,26,26,26,26,26
120909,1,1,1988,2,2,2,2,2,2,2,2,2,2
120909,2,1,1988,0,0,0,0,0,0,0,0,0,0
120910,0,1,1988,23,23,23,23,23,23,23,23,23,23
120910,1,1,1988,5,21,5,18,4,28,15,11,11,23
120911,1,1,1988,0,0,0,0,0,0,0,0,0,0
120911,2,1,1988,0,0,0,0,0,0,0,0,0,16
120911,3,1,1988,0,0,0,0,0,0,0,15,0,0
120912,1,1,1988,0,0,0,0,0,0,0,0,0,0
120912,2,1,1988,0,0,0,0,0,0,0,0,0,0
120913,0,1,1988,36,21,0,18,16,5,0,30,11,0
120913,1,1,1988,0,0,0,16,5,8,0,5,0,0
120914,1,1,1988,18,18,18,18,18,18,18,18,18,18
120914,2,1,1988,14,18,18,21,13,38,14,6,7,4
120915,1,1,1988,3,3,3,3,3,3,3,3,3,3
120915,2,1,1988,0,0,0,0,0,0,13,0,0,0
120916,1,1,1988,20,0,2,24,11,0,0,22,21,15
120916,2,1,1988,0,0,0,0,0,0,0,0,0,0
120917,1,1,1988,9,0,12,28,12,20,0,20,10,19
120918,1,1,1988,0,0,0,0,0,0,0,0,0,0
120918,2,1,1988,15,0,0,0,0,0,0,0,0,0
120919,1,1,1988,4,4,4,4,4,4,4,4,4,4
120921,1,1,1988,0,0,0,0,0,0,0,0,0,0
120921,2,1,1988,0,0,0,0,0,0,0,0,0,0
120922,1,1,1988,26,26,26,26,26,26,26,26,26,26
120922,2,1,1988,0,0,0,0,0,0,0,12,0,0
120923,1,1,1988,30,30,30,30,30,30,30,30,30,30
120923,2,1,1988,0,0,0,0,0,0,0,0,0,0
120924,1,1,1988,0,0,0,0,0,25,0,0,0,0
120924,2,1,1988,0,0,0,0,0,0,0,0,0,0
120925,1,1,1988,0,0,0,0,0,0,0,0,0,0
120926,1,1,1988,0,0,0,0,0,0,0,0,0,0
120926,2,1,1988,6,6,6,6,6,6,6,6,6,6
120927,0,1,1988,0,0,0,0,0,0,0,0,0,0
120927,1,1,1988,0,0,0,0,0,0,0,0,0,0
120928,1,1,1988,3,3,3,3,3,3,3,3,3,3
120930,1,1,1988,0,0,0,0,0,0,0,0,0,0
120930,2,1,1988,0,0,0,0,0,0,0,0,0,0
120931,1,1,1988,0,0,0,0,0,0,16,0,0,0
120931,2,1,1988,0,0,0,0,0,0,0,0,0,0
120932,1,1,1988,0,0,0,0,0,0,0,0,0,0
120932,2,1,1988,0,0,10,0,0,0,0,0,0,0
120933,1,1,1988,0,0,0,0,0,0,0,0,0,0
120933,2,1,1988,13,0,5,0,0,0,0,7,0,0
120934,1,1,1988,12,14,19,11,8,26,38,12,18,32
120934,2,1,1988,0,0,0,0,0,0,0,0,0,0
120935,1,1,1988,33,13,27,35,18,15,19,12,8,10
120936,1,1,1988,17,17,17,17,17,17,17,17,17,17
120936,2,1,1988,0,0,0,0,0,0,0,0,0,0
120936,3,1,1988,0,0,0,0,0,0,0,0,0,0
120937,1,1,1988,0,0,0,0,0,0,0,0,0,0
120937,2,1,1988,0,0,0,0,0,0,0,6,0,0
120938,1,1,1988,0,0,0,0,0,0,0,0,0,0
120938,2,1,1988,0,0,0,11,0,0,0,0,0,0
120938,3,1,1988,7,0,0,0,0,0,0,0,0,0
120939,1,1,1988,31,31,31,31,31,31,31,31,31,31
120940,0,1,1988,0,14,36,0,52,0,0,28,0,0
120940,1,1,1988,0,0,0,0,0,0,0,0,0,0
120941,1,1,1988,0,0,0,0,0,0,0,0,0,0
120941,2,1,1988,0,0,0,0,0,0,0,0,0,0
120941,3,1,1988,0,0,0,0,0,0,0,0,0,0
120942,1,1,1988,9,8,8,8,12,7,32,8,0,15
120943,1,1,1988,0,0,0,0,0,0,0,0,0,0
120943,2,1,1988,0,0,0,0,0,0,0,0,4,0
120944,1,1,1988,0,0,0,0,0,0,0,0,0,0
120944,2,1,1988,18,34,15,22,0,13,15,7,13,23
120945,0,1,1988,0,0,0,0,0,0,0,0,0,0
120945,1,1,1988,0,0,0,0,0,0,0,0,0,0
120946,0,2,1988,11,11,11,11,11,11,11,11,11,11
120946,1,1,1988,25,5,10,7,19,15,14,20,0,3
120947,0,1,1988,0,0,0,0,0,0,0,0,0,0
120947,1,1,1988,0,0,0,0,0,0,0,0,0,0
120948,1,1,1988,23,23,23,23,23,23,23,23,23,23
120949,1,1,1988,0,0,0,0,0,0,0,0,0,0
120949,2,1,1988,0,0,0,0,0,0,0,0,0,0
120949,3,1,1988,0,0,0,0,0,0,0,0,0,0
120950,1,1,1988,0,0,0,0,0,0,0,0,0,0
120951,1,1,1988,0,0,0,0,0,0,0,0,0,0
120952,1,1,1988,18,18,18,18,18,18,18,18,18,18
120952,2,1,1988,0,0,0,0,0,0,0,0,0,0
120953,1,1,1988,0,0,0,0,0,0,0,0,0,0
120953,2,1,1988,0,0,0,0,0,0,0,0,0,0
120953,3,1,1988,0,0,0,0,0,0,0,0,0,0
120953,4,1,1988,0,0,0,0,0,0,0,0,0,0
120954,1,1,1988,0,0,0,0,0,0,0,0,0,0
120954,2,1,1988,0,0,0,0,0,0,0,0,0,0
120955,1,1,1988,20,20,20,20,20,20,20,20,20,20
120956,1,1,1988,0,0,0,0,0,0,0,0,0,0
120956,2,1,1988,0,0,0,0,0,0,0,0,0,0
120956,3,1,1988,0,0,0,0,0,0,0,0,0,0
120957,1,1,1988,0,0,0,0,0,0,0,0,0,0
120957,2,1,1988,0,0,0,0,0,0,0,0,0,0
120958,1,1,1988,0,0,0,0,0,0,0,0,0,0
120958,2,1,1988,0,0,0,19,0,0,0,0,0,0
120959,1,1,1988,27,27,27,27,27,27,27,27,27,27
120959,2,1,1988,0,0,0,0,0,0,0,0,0,0
120960,1,1,1988,12,12,12,12,12,12,12,12,12,12
120961,0,1,1988,21,0,0,0,0,0,0,0,28,0
120961,1,1,1988,0,0,0,0,0,0,0,0,0,0
120962,1,1,1988,29,29,29,29,29,29,29,29,29,29
120963,0,1,1988,0,0,0,0,0,0,0,0,0,0
120963,1,1,1988,0,0,0,0,0,0,0,0,0,30
120964,0,1,1988,0,0,0,0,0,0,0,0,0,0
120964,1,1,1988,0,0,0,0,0,0,0,18,0,0
120965,1,1,1988,0,0,0,0,0,0,0,0,0,0
120967,1,1,1988,6,6,6,6,6,6,6,6,6,6
120968,0,1,1988,0,0,0,0,0,0,0,0,0,0
120968,1,1,1988,0,22,0,0,0,0,0,0,0,0
120969,1,1,1988,0,0,0,0,0,0,0,0,0,0
120970,0,1,1988,1,1,1,1,1,1,1,1,1,1
120970,1,1,1988,0,0,0,0,0,0,0,0,0,0
120971,1,1,1988,0,0,0,0,0,0,0,0,0,0
120971,2,1,1988,0,0,0,0,0,0,0,0,0,0
120972,0,1,1988,17,17,17,17,17,17,17,17,17,17
120972,1,1,1988,0,0,11,0,0,0,0,0,7,0
120973,1,1,1988,0,0,0,0,0,0,0,0,0,0
120973,2,1,1988,0,0,0,0,0,0,0,0,0,0
120974,1,1,1988,0,0,0,0,0,0,0,0,0,0
120975,1,1,1988,9,9,9,9,9,9,9,9,9,9
120975,2,1,1988,0,0,0,0,0,0,0,0,0,0
120976,1,1,1988,0,0,0,0,0,0,0,0,0,0
120976,2,1,1988,0,0,0,0,0,0,0,0,0,0
120977,1,1,1988,0,0,0,0,0,0,0,0,0,0
120977,2,1,1988,0,0,0,0,0,0,0,0,0,0
120978,0,1,1988,0,0,0,0,0,0,0,0,0,0
120978,0,2,1988,10,37,9,3,34,14,0,15,17,4
120978,1,1,1988,15,0,0,0,0,0,0,0,0,0
120979,0,1,1988,22,22,22,22,22,22,22,22,22,22
120979,1,1,1988,0,0,16,0,0,8,0,0,16,22
120980,1,1,1988,25,25,25,25,25,25,25,25,25,25
120981,1,1,1988,6,6,6,6,6,6,6,6,6,6
120982,1,1,1988,0,0,0,0,0,0,0,0,0,0
120983,0,1,1988,0,0,0,0,0,0,0,0,0,0
120983,1,1,1988,0,0,0,0,0,0,0,0,0,0
120984,0,1,1988,0,0,0,0,0,0,0,0,0,0
120984,1,1,1988,0,0,0,0,0,15,0,0,0,0
120985,0,1,1988,0,0,0,0,0,0,0,0,0,0
120985,1,1,1988,0,0,0,0,0,0,0,0,0,0
120986,1,1,1988,0,0,0,0,0,0,0,0,0,0
120986,2,1,1988,0,0,0,0,0,0,0,0,0,0
120987,0,1,1988,0,44,0,0,0,0,0,11,0,0
120987,0,2,1988,15,15,15,15,15,15,15,15,15,15
120987,2,1,1988,0,26,0,0,0,10,0,0,0,0
120988,1,1,1988,17,17,17,17,17,17,17,17,17,17
120989,1,1,1988,17,17,17,17,17,17,17,17,17,17
120991,1,1,1988,20,25,14,26,23,33,20,4,19,11
120992,0,1,1988,0,0,0,16,14,0,11,0,24,37
120992,1,1,1988,0,0,25,0,0,0,0,0,0,0
120993,0,1,1988,0,0,0,0,0,0,0,0,0,0
120993,1,1,1988,26,26,26,26,26,26,26,26,26,26
120994,0,1,1988,0,0,0,0,0,0,0,0,0,0
120994,1,1,1988,0,0,0,0,0,0,0,0,0,0
120995,1,1,1988,0,0,0,0,0,0,0,0,0,0
120995,2,1,1988,11,0,0,0,0,0,0,0,0,0
120996,0,1,1988,0,0,0,0,0,14,0,27,0,0
120996,1,1,1988,0,0,0,0,0,0,0,0,0,0
120997,1,1,1988,0,0,0,0,0,0,0,0,0,0
120998,1,1,1988,0,22,0,9,9,20,0,0,22,13
120998,2,1,1988,0,0,0,0,0,0,0,0,0,0
120999,0,1,1988,0,0,0,0,0,0,0,0,0,0
120999,1,1,1988,0,0,0,0,0,0,0,0,0,0
121000,1,1,1988,25,25,25,25,25,25,25,25,25,25
121001,1,1,1988,21,21,21,21,21,21,21,21,21,21
121002,0,1,1988,0,0,0,0,0,0,0,0,0,0
121002,1,1,1988,0,0,22,0,0,0,0,0,0,0
121003,1,1,1988,0,0,0,0,0,0,0,0,0,0
121004,1,1,1988,0,0,0,0,0,0,0,0,0,0
121005,1,1,1988,20,20,20,20,20,20,20,20,20,20
121005,2,1,1988,0,0,0,0,0,0,0,0,0,0
121006,1,1,1988,0,0,0,0,0,0,0,0,0,0
121006,2,1,1988,0,0,0,0,0,0,0,0,0,0
121007,1,1,1988,10,10,10,10,10,10,10,10,10,10
121007,2,1,1988,0,0,0,0,0,0,0,0,0,0
121008,1,1,1988,0,0,0,0,0,0,0,0,0,0
121009,1,1,1988,0,0,0,0,0,0,0,0,0,0
121009,2,1,1988,0,0,0,0,3,0,0,0,0,0
121010,1,1,1988,5,5,5,5,5,5,5,5,5,5
121010,2,1,1988,0,0,13,0,0,0,0,0,0,0
121011,1,1,1988,0,0,0,0,0,0,0,0,0,0
121011,2,1,1988,0,0,0,0,0,0,0,0,0,0
121012,1,1,1988,0,0,0,0,0,0,0,0,0,0
121012,2,1,1988,0,0,0,0,0,0,0,0,0,0
121013,0,1,1988,9,9,9,9,9,9,9,9,9,9
121013,1,1,1988,0,0,0,0,0,0,0,0,0,0
121014,0,1,1988,24,24,24,24,24,24,24,24,24,24
121014,0,2,1988,0,0,0,0,0,0,0,0,0,0
121014,1,1,1988,0,0,0,0,0,0,13,0,12,0
121014,2,1,1988,0,0,0,0,0,0,0,0,0,0
121015,1,1,1988,18,18,18,18,18,18,18,18,18,18
121016,1,1,1988,18,13,9,23,9,0,19,18,37,10
121016,2,1,1988,18,0,0,0,0,0,0,0,0,20
121017,1,1,1988,17,17,17,17,17,17,17,17,17,17
121017,2,1,1988,0,0,0,0,0,0,0,0,0,0
121018,1,1,1988,0,0,0,0,5,0,0,0,0,0
121018,2,1,1988,2,2,2,2,2,2,2,2,2,2
121019,1,1,1988,10,18,3,19,18,0,16,0,27,12
121019,2,1,1988,0,0,0,0,0,0,0,17,0,0
121020,1,1,1988,0,0,0,0,0,0,0,0,0,0
121020,2,1,1988,6,6,6,6,6,6,6,6,6,6
121021,1,1,1988,26,26,26,26,26,26,26,26,26,26
121022,1,1,1988,0,0,0,0,0,0,0,0,0,0
121022,2,1,1988,0,0,0,0,0,0,0,0,0,0
121023,1,1,1988,0,0,0,0,0,0,0,0,0,0
121023,2,1,1988,0,0,0,0,0,0,0,0,0,0
121024,0,1,1988,0,0,0,0,0,0,0,0,0,0
121024,1,1,1988,0,15,0,0,25,12,0,0,0,0
121025,1,1,1988,7,7,7,7,7,7,7,7,7,7
121026,1,1,1988,0,0,0,0,0,0,0,0,0,0
121026,2,1,1988,0,0,0,0,0,0,0,0,0,0
121027,1,1,1988,19,19,0,0,17,11,0,10,0,0
121027,2,1,1988,0,0,0,0,0,0,0,0,0,0
121028,1,1,1988,14,14,14,14,14,14,14,14,14,14
121029,1,1,1988,9,9,9,9,9,9,9,9,9,9
121030,0,1,1988,8,6,20,0,21,0,24,22,16,11
121030,1,1,1988,0,0,0,12,0,0,12,21,14,6
121031,1,1,1988,0,0,0,0,6,0,0,0,0,0
121032,1,1,1988,17,17,17,17,17,17,17,17,17,17
121032,2,1,1988,0,0,0,0,0,0,0,0,0,32
121032,3,1,1988,0,0,0,0,0,0,0,0,0,0
121032,4,1,1988,0,0,0,0,2,0,0,7,0,6
121033,0,1,1988,0,0,0,0,14,4,0,0,0,0
121033,1,1,1988,12,16,0,17,0,5,0,0,32,19
121034,1,1,1988,0,0,12,0,0,0,0,0,0,0
121034,2,1,1988,0,0,0,0,0,0,0,0,0,0
121034,3,1,1988,0,0,0,0,0,0,0,0,0,0
121034,4,1,1988,0,0,0,0,0,0,0,0,0,0
121035,1,1,1988,10,31,18,13,29,0,15,25,33,18
121036,1,1,1988,12,12,12,12,12,12,12,12,12,12
121037,0,1,1988,0,0,0,0,0,0,10,0,10,0
121037,1,1,1988,0,0,0,0,0,0,17,0,7,0
121038,1,1,1988,39,39,39,39,39,39,39,39,39,39
121039,1,1,1988,5,0,8,7,0,10,0,0,0,14
121039,2,1,1988,11,0,28,18,0,0,0,4,16,10
121040,0,1,1988,0,0,0,0,0,0,0,34,0,0
121040,1,1,1988,0,0,0,0,0,0,0,0,0,0
121041,1,1,1988,0,0,0,0,0,0,0,0,0,0
121041,2,1,1988,0,0,0,0,0,0,0,0,0,0