ST_CASE,VEH_NO,PER_NO,YEAR,P1,P2,P3,P4,P5,P6,P7,P8,P9,P10
121042,0,1,1988,0,0,0,0,0,0,0,0,0,0
121042,1,1,1988,0,0,0,0,6,0,0,17,0,0
121043,1,1,1988,18,18,18,18,18,18,18,18,18,18
121043,2,1,1988,25,14,11,4,14,16,13,18,25,24
121044,0,1,1988,20,0,39,14,0,0,11,13,0,37
121044,1,1,1988,14,17,0,26,19,22,12,0,7,3
121045,1,1,1988,7,0,0,0,0,23,0,0,0,0
121045,2,1,1988,0,0,0,0,0,0,0,0,0,0
121046,1,1,1988,28,28,28,28,28,28,28,28,28,28
121047,1,1,1988,0,0,0,0,0,0,0,0,0,0
121047,2,1,1988,0,0,0,0,0,0,0,0,0,0
121047,3,1,1988,4,0,0,0,0,0,0,0,0,0
121047,4,1,1988,0,0,0,0,0,0,0,0,0,0
121047,5,1,1988,0,0,0,0,0,0,0,0,0,0
121048,0,1,1988,9,12,0,0,14,36,0,0,0,0
121048,1,1,1988,0,0,0,0,14,10,15,14,0,0
121049,1,1,1988,0,0,0,0,0,0,0,0,0,0
121049,2,1,1988,0,0,0,0,0,0,0,0,0,0
121049,3,1,1988,0,0,0,0,0,0,0,0,0,0
121049,4,1,1988,0,0,0,0,0,0,0,0,0,0
121050,1,1,1988,29,29,29,29,29,29,29,29,29,29
121051,1,1,1988,0,0,0,0,0,0,0,0,0,0
121052,1,1,1988,0,0,0,0,0,0,0,0,0,0
121052,2,1,1988,0,0,0,0,0,0,0,0,0,0
121053,1,1,1988,8,8,8,8,8,8,8,8,8,8
121053,2,1,1988,0,0,0,0,0,0,0,0,0,0
121054,0,1,1988,0,0,0,0,0,0,0,0,0,0
121054,1,1,1988,0,0,0,0,0,0,0,0,0,0
121055,1,1,1988,0,0,0,0,0,0,0,0,0,0
121055,2,1,1988,0,0,0,0,0,0,13,0,0,0
121056,1,1,1988,0,8,0,0,0,0,0,0,0,0
121057,1,1,1988,0,11,9,13,20,17,4,16,25,13
121057,2,1,1988,0,0,0,0,0,0,0,0,0,0
121058,1,1,1988,0,0,0,0,0,0,0,0,0,0
121058,2,1,1988,0,0,0,0,0,0,0,0,0,0
121058,3,1,1988,0,0,0,0,0,0,0,0,0,0
121059,1,1,1988,0,0,0,0,0,0,0,0,0,0
121060,1,1,1988,0,0,0,0,0,0,0,0,0,0
121060,2,1,1988,0,0,0,0,0,0,0,0,0,0
121061,1,1,1988,16,16,16,16,16,16,16,16,16,16
121062,0,1,1988,0,0,0,0,0,0,0,0,0,0
121062,1,1,1988,12,0,0,0,0,0,0,0,0,0
121063,0,1,1988,0,0,0,0,0,0,0,0,0,0
121063,1,1,1988,0,0,0,0,0,0,0,0,0,0
121065,0,1,1988,0,0,0,0,0,25,0,0,0,0
121065,1,1,1988,0,0,0,0,0,0,0,0,0,0
121066,0,1,1988,0,0,0,0,0,0,0,0,0,0
121067,1,1,1988,0,0,0,0,0,0,0,0,0,0
121068,1,1,1988,0,0,0,0,0,0,0,0,0,0
121068,2,1,1988,0,0,0,0,0,0,0,0,0,0
121068,3,1,1988,0,0,0,0,0,0,0,0,0,0
121069,1,1,1988,0,0,0,0,0,0,0,0,0,0
121069,2,1,1988,0,0,0,0,0,0,0,0,0,0
121070,0,1,1988,0,0,0,0,0,0,0,0,0,0
121070,1,1,1988,0,0,0,0,0,0,0,0,0,0
121071,1,1,1988,13,13,13,13,13,13,13,13,13,13
121072,0,1,1988,32,32,32,32,32,32,32,32,32,32
121072,1,1,1988,0,0,0,0,0,0,0,20,0,0
121073,0,1,1988,0,0,0,0,0,0,0,0,0,0
121073,1,1,1988,0,0,8,10,0,0,0,0,2,0
121074,1,1,1988,0,0,0,0,0,0,0,0,0,0
121075,1,1,1988,0,0,0,0,0,0,0,0,0,0
121076,1,1,1988,9,9,9,9,9,9,9,9,9,9
121076,2,1,1988,0,0,0,0,0,0,0,0,0,0
121077,1,1,1988,24,24,24,24,24,24,24,24,24,24
121078,0,1,1988,0,0,0,0,0,0,0,0,0,0
121078,1,1,1988,0,0,0,0,0,0,0,0,0,0
121079,1,1,1988,28,28,28,28,28,28,28,28,28,28
121080,0,1,1988,27,27,27,27,27,27,27,27,27,27
121080,1,1,1988,24,0,0,0,9,0,0,0,0,0
121080,2,1,1988,0,0,20,20,6,0,0,0,0,0
121080,3,1,1988,18,0,0,7,0,0,12,0,0,0
121081,1,1,1988,18,18,18,18,18,18,18,18,18,18
121082,1,1,1988,0,0,0,0,0,0,0,0,0,0
121083,1,1,1988,0,0,0,0,0,0,0,0,0,0
121083,2,1,1988,0,0,0,0,0,0,0,0,0,0
121084,1,1,1988,6,6,6,6,6,6,6,6,6,6
121084,2,1,1988,0,0,0,0,0,0,0,0,0,0
121085,1,1,1988,0,0,0,0,0,0,0,0,0,0
121085,2,1,1988,0,0,0,0,0,0,0,0,5,0
121086,0,1,1988,23,23,23,23,23,23,23,23,23,23
121086,1,1,1988,12,0,8,0,0,0,15,0,20,9
121087,0,1,1988,0,0,0,0,0,0,0,0,0,0
121087,1,1,1988,0,0,0,0,0,0,0,0,0,0
121088,1,1,1988,0,0,0,0,0,0,0,0,0,0
121088,2,1,1988,0,0,0,0,0,0,0,0,0,0
121089,1,1,1988,0,0,0,0,0,0,0,0,0,0
121089,2,1,1988,3,3,3,3,3,3,3,3,3,3
121090,1,1,1988,12,12,12,12,12,12,12,12,12,12
121091,1,1,1988,17,0,7,15,6,0,0,0,0,0
121092,0,1,1988,27,27,27,27,27,27,27,27,27,27
121092,1,1,1988,0,4,5,0,0,0,0,0,7,8
121093,1,1,1988,0,0,0,0,0,0,0,0,0,0
121093,2,1,1988,0,0,0,0,0,0,0,0,0,0
121094,0,1,1988,18,18,18,18,18,18,18,18,18,18
121094,1,1,1988,5,8,21,0,30,23,12,16,3,14
121095,1,1,1988,0,0,0,0,0,0,0,0,0,0
121095,2,1,1988,0,0,0,0,0,0,0,0,0,0
121096,1,1,1988,0,30,0,0,0,0,0,0,0,14
121097,1,1,1988,0,0,0,0,0,0,0,0,0,0
121098,1,1,1988,14,14,14,14,14,14,14,14,14,14
121099,0,1,1988,0,0,8,0,0,0,0,0,0,0
121099,0,2,1988,0,0,0,0,0,0,0,14,0,0
121099,1,1,1988,0,0,0,0,0,0,0,0,0,0
121100,1,1,1988,20,20,20,20,20,20,20,20,20,20
121101,1,1,1988,0,0,0,0,0,0,0,0,0,0
121102,1,1,1988,0,0,0,0,0,0,0,0,0,0
121103,1,1,1988,25,25,25,25,25,25,25,25,25,25
121104,1,1,1988,12,12,12,12,12,12,12,12,12,12
121104,2,1,1988,0,0,0,0,0,10,0,5,0,0
121105,1,1,1988,25,0,0,10,18,8,16,0,6,20
121105,2,1,1988,0,0,0,0,6,0,0,0,0,0
121106,0,1,1988,10,10,10,10,10,10,10,10,10,10
121106,1,1,1988,0,0,0,0,18,0,0,0,7,0
121107,1,1,1988,0,0,0,0,0,0,8,0,0,0
121107,2,1,1988,0,0,0,0,0,0,0,0,0,0
121107,3,1,1988,0,0,0,0,0,0,0,0,0,0
121108,1,1,1988,0,0,0,0,0,0,0,0,0,15
121108,2,1,1988,0,0,10,0,0,0,0,0,0,0
121109,0,1,1988,0,0,0,0,22,0,0,0,0,0
121109,1,1,1988,16,0,0,0,0,0,0,0,0,0
121110,1,1,1988,0,0,3,0,0,0,0,0,0,0
121110,2,1,1988,0,0,0,0,0,0,0,0,0,0
121111,1,1,1988,0,0,0,0,0,0,0,0,0,0
121111,2,1,1988,0,0,0,0,0,0,0,0,0,0
121112,0,1,1988,0,0,0,0,14,0,0,5,0,0
121112,1,1,1988,0,0,0,0,0,0,0,0,0,0
121113,1,1,1988,9,9,9,9,9,9,9,9,9,9
121114,0,1,1988,0,0,0,0,0,0,0,0,0,0
121114,0,2,1988,0,0,0,0,0,0,0,0,0,0
121114,1,1,1988,0,0,0,0,0,0,0,0,0,0
121116,1,1,1988,0,0,0,0,0,0,0,0,0,0
121116,2,1,1988,0,0,0,0,0,0,0,0,0,0
121117,0,1,1988,25,25,25,25,25,25,25,25,25,25
121117,1,1,1988,0,0,0,0,0,0,0,0,0,0
121118,1,1,1988,0,0,0,0,0,0,0,0,0,0
121120,1,1,1988,22,22,22,22,22,22,22,22,22,22
121121,1,1,1988,0,0,0,0,0,0,0,0,0,0
121121,2,1,1988,0,0,0,0,0,0,0,0,0,0
121122,1,1,1988,0,0,0,0,0,0,0,0,0,0
121122,2,1,1988,0,0,0,0,0,0,0,0,0,0
121123,0,1,1988,0,0,0,0,0,0,0,0,0,0
121123,1,1,1988,21,21,21,21,21,21,21,21,21,21
121124,0,1,1988,32,32,32,32,32,32,32,32,32,32
121124,1,1,1988,0,0,0,21,0,0,0,0,0,0
121125,1,1,1988,0,0,0,0,0,0,0,0,0,0
121125,2,1,1988,0,0,0,0,0,0,0,10,0,13
121126,1,1,1988,23,23,23,23,23,23,23,23,23,23
121127,1,1,1988,0,0,0,0,0,0,0,0,0,0
121127,2,1,1988,0,0,0,0,0,0,12,0,0,0
121128,1,1,1988,0,0,0,0,0,0,0,0,28,0
121129,1,1,1988,0,0,0,0,0,0,0,0,0,0
121130,1,1,1988,0,0,0,0,0,0,0,0,0,0
121131,1,1,1988,23,23,23,23,23,23,23,23,23,23
121132,0,1,1988,0,0,18,0,0,23,0,0,0,0
121132,1,1,1988,0,0,0,0,0,0,0,0,0,0
121133,0,1,1988,12,12,12,12,12,12,12,12,12,12
121133,0,2,1988,31,16,14,0,0,19,0,15,24,32
121133,1,1,1988,23,23,23,23,23,23,23,23,23,23
121134,1,1,1988,0,0,0,0,0,0,0,0,0,0
121135,1,1,1988,12,0,0,23,0,13,0,0,0,35
121136,1,1,1988,0,8,2,14,9,5,12,15,10,14
121136,2,1,1988,0,0,0,0,0,0,0,0,0,0
121137,1,1,1988,9,5,17,8,19,23,27,24,16,27
121138,1,1,1988,28,28,28,28,28,28,28,28,28,28
121139,0,1,1988,11,11,11,11,11,11,11,11,11,11
121139,1,1,1988,0,0,0,0,0,0,0,0,0,0
121140,0,1,1988,10,10,10,10,10,10,10,10,10,10
121140,1,1,1988,13,9,0,0,9,0,0,8,11,0
121141,0,1,1988,6,6,6,6,6,6,6,6,6,6
121141,1,1,1988,0,0,0,0,0,0,10,0,0,0
121142,0,1,1988,0,0,0,0,0,0,0,0,0,0
121142,1,1,1988,0,0,0,0,0,0,0,0,0,0
121143,1,1,1988,0,0,0,0,13,0,0,0,0,0
121144,1,1,1988,0,0,0,0,0,0,0,0,13,0
121144,2,1,1988,22,22,22,22,22,22,22,22,22,22
121145,1,1,1988,27,22,0,0,0,0,0,0,8,0
121145,2,1,1988,0,0,0,0,0,0,0,0,0,0
121146,1,1,1988,17,27,22,16,20,10,28,10,10,19
121147,0,1,1988,27,27,27,27,27,27,27,27,27,27
121147,1,1,1988,13,13,13,13,13,13,13,13,13,13
121148,1,1,1988,29,0,0,0,0,0,0,0,0,14
121149,1,1,1988,30,30,30,30,30,30,30,30,30,30
121150,1,1,1988,34,34,34,34,34,34,34,34,34,34
121150,2,1,1988,0,0,19,0,0,0,0,0,0,0
121151,1,1,1988,11,11,11,11,11,11,11,11,11,11
121151,2,1,1988,0,0,0,0,0,0,0,0,0,0
121152,0,1,1988,16,16,16,16,16,16,16,16,16,16
121152,1,1,1988,0,0,0,0,0,0,0,0,0,0
121153,1,1,1988,17,17,17,17,17,17,17,17,17,17
121153,2,1,1988,0,0,0,0,0,0,0,0,0,0
121154,1,1,1988,0,0,0,0,0,0,0,0,0,0
121154,2,1,1988,0,0,17,0,0,0,0,0,0,0
121155,1,1,1988,19,19,19,19,19,19,19,19,19,19
121155,2,1,1988,0,0,20,31,0,0,0,0,0,13
121156,1,1,1988,25,25,25,25,25,25,25,25,25,25
121157,0,1,1988,0,0,0,0,0,0,0,0,0,0
121157,1,1,1988,0,0,0,0,0,0,0,0,0,0
121157,2,1,1988,0,0,0,0,0,0,0,0,0,0
121158,1,1,1988,0,0,0,0,0,0,0,0,0,0
121158,2,1,1988,0,0,0,0,0,0,0,0,0,0
121158,3,1,1988,0,0,0,0,0,0,0,0,0,0
121158,4,1,1988,0,0,0,0,0,0,0,0,0,0
121159,1,1,1988,0,0,0,0,0,0,0,0,0,0
121159,2,1,1988,0,0,0,0,0,0,0,0,0,0
121159,3,1,1988,0,0,0,0,0,0,0,0,0,0
121159,4,1,1988,0,0,0,0,30,0,0,0,0,0
121159,5,1,1988,0,0,0,0,0,0,0,0,0,0
121159,6,1,1988,0,0,0,0,0,0,0,0,0,0
121159,7,1,1988,0,0,0,0,0,0,0,0,0,0
121159,8,1,1988,0,0,0,0,0,0,0,0,0,0
121160,0,1,1988,1,1,1,1,1,1,1,1,1,1
121160,1,1,1988,9,18,0,11,0,16,3,4,5,0
121160,2,1,1988,0,0,0,0,0,0,0,0,0,0
121160,3,1,1988,7,6,3,24,3,0,4,0,0,9
121161,1,1,1988,0,22,0,0,28,34,18,0,0,0
121162,0,1,1988,17,17,17,17,17,17,17,17,17,17
121162,1,1,1988,17,17,17,17,17,17,17,17,17,17
121163,0,1,1988,17,17,17,17,17,17,17,17,17,17
121163,0,2,1988,19,19,19,19,19,19,19,19,19,19
121163,1,1,1988,0,0,0,8,0,0,0,0,0,0
121163,2,1,1988,0,0,0,22,0,0,0,0,0,0
121164,1,1,1988,0,0,0,0,0,0,0,0,0,0
121164,2,1,1988,12,12,12,12,12,12,12,12,12,12
121165,1,1,1988,24,24,24,24,24,24,24,24,24,24
121165,2,1,1988,0,0,0,0,0,0,0,0,0,9
121166,1,1,1988,12,12,12,12,12,12,12,12,12,12
121166,2,1,1988,0,14,0,15,0,0,9,0,0,0
121167,1,1,1988,0,0,0,0,0,0,0,0,0,0
121167,2,1,1988,0,0,23,0,0,0,0,0,0,0
121168,1,1,1988,0,14,5,0,23,0,7,3,0,0
121168,2,1,1988,0,0,0,0,0,0,0,0,0,0
121169,1,1,1988,0,0,0,0,0,0,0,0,0,0
121170,1,1,1988,25,25,25,25,25,25,25,25,25,25
121170,2,1,1988,0,0,0,0,0,0,0,0,0,0
121171,1,1,1988,24,24,24,24,24,24,24,24,24,24
121172,1,1,1988,0,0,0,0,0,0,0,0,0,0
121173,1,1,1988,0,0,0,0,0,0,0,0,0,0
121173,2,1,1988,0,0,0,0,0,0,0,0,0,0
121174,1,1,1988,19,19,19,19,19,19,19,19,19,19
121175,1,1,1988,0,0,0,0,0,0,0,0,0,0
121176,0,1,1988,20,20,20,20,20,20,20,20,20,20
121176,1,1,1988,12,12,12,12,12,12,12,12,12,12
121178,1,1,1988,8,8,8,8,8,8,8,8,8,8
121178,2,1,1988,12,12,12,12,12,12,12,12,12,12
121179,0,1,1988,0,0,0,0,0,0,0,0,0,0
121179,1,1,1988,0,0,0,0,0,0,0,0,0,0
121180,1,1,1988,3,3,3,3,3,3,3,3,3,3
121181,1,1,1988,19,19,19,19,19,19,19,19,19,19
121182,1,1,1988,15,15,15,15,15,15,15,15,15,15
121182,2,1,1988,0,0,0,0,0,0,0,0,0,0
121184,1,1,1988,0,0,0,0,0,0,0,0,0,0
121185,1,1,1988,0,0,0,0,0,0,0,0,0,0
121185,2,1,1988,0,0,0,0,0,0,0,0,0,0
121186,1,1,1988,26,26,26,26,26,26,26,26,26,26
121187,1,1,1988,28,24,0,32,0,0,7,0,5,29
121188,1,1,1988,20,20,20,20,20,20,20,20,20,20
121188,2,1,1988,0,0,0,0,0,0,0,0,0,0
121189,0,1,1988,6,6,6,6,6,6,6,6,6,6
121189,1,1,1988,0,0,0,0,0,0,0,0,0,0
121190,0,1,1988,0,0,0,0,0,0,0,0,0,0
121190,1,1,1988,0,0,0,0,0,0,0,0,0,0
121191,1,1,1988,21,21,21,21,21,21,21,21,21,21
121191,2,1,1988,0,0,0,0,0,0,0,29,0,0
121192,1,1,1988,17,17,17,17,17,17,17,17,17,17
121193,1,1,1988,9,9,9,9,9,9,9,9,9,9
121194,1,1,1988,0,0,0,0,0,0,0,0,0,0
121195,1,1,1988,0,0,0,0,0,0,0,0,0,0
121195,2,1,1988,0,0,0,0,0,0,0,0,0,0
121196,1,1,1988,0,0,0,0,0,0,0,0,0,0
121198,1,1,1988,29,29,29,29,29,29,29,29,29,29
121199,1,1,1988,8,8,8,8,8,8,8,8,8,8
121199,2,1,1988,0,0,0,0,0,0,0,0,0,0
121200,0,1,1988,0,0,0,0,0,0,0,0,0,0
121200,1,1,1988,19,0,0,0,0,0,0,0,0,0
121201,1,1,1988,0,0,0,0,0,0,0,0,0,0
121201,2,1,1988,0,0,0,0,0,0,0,0,0,0
121202,1,1,1988,0,0,0,0,0,0,0,0,0,0
121202,2,1,1988,0,0,0,0,0,0,0,0,0,0
121203,0,1,1988,26,26,26,26,26,26,26,26,26,26
121203,1,1,1988,9,0,0,10,7,8,22,12,0,0
121204,1,1,1988,0,0,0,0,0,0,0,0,0,0
121205,0,1,1988,0,0,0,0,0,0,0,0,0,0
121205,1,1,1988,0,0,0,0,0,0,0,0,0,0
121206,1,1,1988,0,19,9,22,22,29,17,2,7,14
121206,2,1,1988,0,22,24,17,0,15,8,25,14,17
121207,1,1,1988,0,0,0,0,0,0,0,0,0,0
121208,1,1,1988,16,16,16,16,16,16,16,16,16,16
121209,1,1,1988,0,0,0,0,0,0,0,0,0,0
121209,2,1,1988,0,0,0,0,0,0,0,0,0,0
121209,3,1,1988,0,0,0,0,0,0,0,0,0,0
121210,0,1,1988,0,0,0,0,28,34,10,22,0,37
121210,1,1,1988,29,0,14,0,16,2,10,0,5,0
121211,1,1,1988,44,10,20,11,19,15,16,22,12,17
121212,0,1,1988,0,0,0,0,0,0,0,0,0,0
121212,1,1,1988,0,0,0,0,0,0,0,0,0,0
121213,0,1,1988,5,5,5,5,5,5,5,5,5,5
121213,1,1,1988,0,0,0,0,0,0,0,0,12,0
121214,1,1,1988,17,17,17,17,17,17,17,17,17,17
121214,2,1,1988,36,4,0,0,30,0,0,0,10,6
121215,1,1,1988,0,0,0,0,0,0,0,0,0,0
121216,1,1,1988,0,0,0,0,0,0,0,0,0,0
121217,1,1,1988,28,28,28,28,28,28,28,28,28,28
121218,0,1,1988,0,0,0,0,0,0,0,0,0,0
121218,1,1,1988,0,0,0,0,0,0,0,0,0,0
121219,1,1,1988,0,0,0,0,0,0,0,0,0,0
121220,1,1,1988,0,0,0,0,0,10,0,0,0,0
121220,2,1,1988,0,0,0,0,0,0,0,0,0,0
121220,3,1,1988,0,16,0,0,0,0,0,0,0,0
121221,0,1,1988,0,0,0,0,0,0,0,0,0,0
121221,1,1,1988,0,0,23,0,0,0,13,0,0,0
121222,1,1,1988,0,0,0,0,0,0,0,0,0,0
121222,2,1,1988,0,0,0,0,0,0,0,0,0,0
121223,0,1,1988,3,3,3,3,3,3,3,3,3,3
121223,1,1,1988,0,10,16,20,5,23,45,12,7,11
121224,1,1,1988,0,0,0,0,0,0,0,0,0,0
121224,2,1,1988,0,0,0,0,0,0,0,0,0,0
121224,3,1,1988,0,0,0,0,0,0,0,0,0,0
121225,0,1,1988,20,20,20,20,20,20,20,20,20,20
121225,1,1,1988,0,0,0,0,0,0,0,0,0,0
121226,1,1,1988,0,0,0,0,0,0,0,0,0,0
121226,2,1,1988,0,0,0,0,0,0,0,0,0,0
121227,1,1,1988,0,0,0,0,0,0,0,0,0,0
121227,2,1,1988,0,0,0,0,0,0,0,0,0,0
121228,1,1,1988,21,21,21,21,21,21,21,21,21,21
121228,2,1,1988,0,0,0,0,0,0,0,0,0,0
121228,3,1,1988,0,0,0,0,0,0,0,0,0,0
121229,1,1,1988,0,0,0,0,0,0,0,0,0,0
121229,2,1,1988,0,0,0,0,0,0,13,0,0,0
121230,1,1,1988,6,6,6,6,6,6,6,6,6,6
121231,1,1,1988,0,7,15,0,0,0,0,0,11,0
121232,1,1,1988,0,0,0,0,0,0,0,0,0,0
121232,2,1,1988,0,0,0,0,0,0,0,0,0,0
121233,1,1,1988,33,33,33,33,33,33,33,33,33,33
121233,2,1,1988,0,0,0,0,0,0,0,0,0,0
121234,1,1,1988,11,11,11,11,11,11,11,11,11,11
121234,2,1,1988,19,19,19,19,19,19,19,19,19,19
121235,1,1,1988,0,0,0,0,0,0,0,0,0,0
121235,2,1,1988,0,0,0,0,0,0,0,0,0,0
121236,1,1,1988,0,0,0,0,0,0,12,0,0,0
121236,2,1,1988,0,20,7,8,0,11,10,0,6,25
121237,2,1,1988,16,30,6,21,17,26,23,22,14,10
121238,1,1,1988,0,0,16,0,0,0,0,0,0,0
121238,2,1,1988,0,0,0,0,0,0,0,0,0,0
121239,1,1,1988,0,0,0,0,4,0,0,0,0,0
121239,2,1,1988,0,0,0,0,0,0,0,13,0,0
121240,0,1,1988,21,21,21,21,21,21,21,21,21,21
121240,1,1,1988,0,0,0,0,0,0,0,0,0,0
121241,1,1,1988,14,14,14,14,14,14,14,14,14,14
121242,1,1,1988,11,11,11,11,11,11,11,11,11,11
121243,1,1,1988,0,0,0,0,0,0,0,0,0,0
121243,2,1,1988,0,0,0,0,0,0,0,0,0,0
121244,0,1,1988,0,0,0,0,0,0,0,0,0,0
121244,1,1,1988,0,0,0,0,0,12,15,0,0,0
121245,1,1,1988,19,19,19,19,19,19,19,19,19,19
121245,2,1,1988,0,0,0,0,0,0,0,0,0,0
121246,1,1,1988,27,27,27,27,27,27,27,27,27,27
121247,1,1,1988,19,19,19,19,19,19,19,19,19,19
121247,2,1,1988,0,0,0,0,0,0,0,0,0,0
121248,1,1,1988,0,0,0,0,0,0,0,0,0,0
121248,2,1,1988,0,0,0,0,0,0,0,0,0,0
121248,3,1,1988,0,0,0,0,0,0,0,0,0,0
121248,4,1,1988,0,0,0,0,0,0,0,0,0,0
121249,1,1,1988,0,0,0,0,0,0,0,0,0,0
121249,2,1,1988,2,2,2,2,2,2,2,2,2,2
121250,1,1,1988,28,28,28,28,28,28,28,28,28,28
121250,2,1,1988,7,7,7,7,7,7,7,7,7,7
121251,1,1,1988,0,0,0,0,0,0,0,0,0,0
121252,1,1,1988,16,6,11,3,7,6,7,24,0,0
121253,1,1,1988,0,0,0,0,0,0,0,0,0,0
121253,2,1,1988,0,0,0,0,0,0,0,0,0,0
121254,1,1,1988,0,0,0,0,0,0,0,0,0,0
121254,2,1,1988,20,20,20,20,20,20,20,20,20,20
121255,1,1,1988,16,16,16,16,16,16,16,16,16,16
121256,0,1,1988,0,9,0,0,0,0,0,36,0,18
121256,1,1,1988,0,15,0,20,0,14,0,0,0,0
121257,0,1,1988,20,20,20,20,20,20,20,20,20,20
121257,1,1,1988,0,0,0,0,0,0,0,0,0,0
121258,0,1,1988,0,0,0,0,0,0,0,0,0,0
121258,1,1,1988,0,0,0,0,0,0,0,0,0,0
121259,1,1,1988,32,32,32,32,32,32,32,32,32,32
121260,1,1,1988,20,20,20,20,20,20,20,20,20,20
121261,0,1,1988,2,2,2,2,2,2,2,2,2,2
121261,1,1,1988,0,0,0,10,0,0,0,0,0,0
121262,1,1,1988,19,19,19,19,19,19,19,19,19,19
121263,0,1,1988,16,17,15,20,20,0,33,27,22,21
121263,1,1,1988,11,11,11,11,11,11,11,11,11,11
121264,1,1,1988,0,0,0,0,0,0,0,0,0,0
121264,2,1,1988,0,0,0,0,0,0,0,0,0,0
121265,0,1,1988,0,0,0,0,0,0,0,0,0,0
121265,1,1,1988,0,0,0,0,0,0,0,0,0,0
121266,0,1,1988,0,0,0,0,0,0,0,0,0,0
121266,1,1,1988,0,0,0,6,21,24,0,0,0,0
121267,1,1,1988,15,15,15,15,15,15,15,15,15,15
121268,0,1,1988,27,27,27,27,27,27,27,27,27,27
121268,1,1,1988,0,0,0,0,0,0,0,0,0,0
121269,0,1,1988,0,0,0,0,0,0,0,0,0,0
121269,1,1,1988,0,0,10,0,0,0,0,0,0,0
121270,1,1,1988,0,0,0,0,0,0,0,0,0,0
121270,2,1,1988,0,0,7,0,23,0,0,16,0,0
121271,1,1,1988,15,15,15,15,15,15,15,15,15,15
121272,1,1,1988,17,17,17,17,17,17,17,17,17,17
121272,2,1,1988,10,10,10,10,10,10,10,10,10,10
121272,3,1,1988,0,0,0,0,0,0,0,0,0,0
121272,4,1,1988,0,0,0,0,0,0,0,0,0,0
121273,1,1,1988,10,10,10,10,10,10,10,10,10,10
121274,1,1,1988,0,0,0,0,0,0,0,0,0,0
121275,1,1,1988,15,15,15,15,15,15,15,15,15,15
121276,1,1,1988,0,0,0,0,0,0,0,0,0,0
121276,2,1,1988,0,0,0,0,0,0,0,0,0,0
121277,0,1,1988,0,0,0,0,0,0,0,0,0,0
121277,1,1,1988,0,0,0,0,16,0,23,0,0,0
121279,0,1,1988,0,0,0,0,0,0,0,0,0,0
121279,1,1,1988,0,0,0,0,0,0,0,0,0,0
121280,1,1,1988,17,17,17,17,17,17,17,17,17,17
121281,1,1,1988,0,0,0,0,0,0,0,0,0,0
121281,2,1,1988,2,2,2,2,2,2,2,2,2,2
121282,0,1,1988,0,0,0,0,0,0,0,0,0,0
121282,1,1,1988,0,0,0,0,0,0,0,0,0,0
121284,1,1,1988,0,0,0,0,0,0,0,0,0,0
121284,2,1,1988,0,0,0,0,0,0,0,0,0,0
121286,1,1,1988,0,0,0,0,0,0,0,0,0,0
121286,2,1,1988,0,0,0,0,0,0,0,0,0,0
121287,1,1,1988,0,0,0,0,0,0,0,0,0,0
121288,1,1,1988,7,7,7,7,7,7,7,7,7,7
121289,1,1,1988,0,0,0,0,0,0,0,0,0,0
121289,2,1,1988,0,0,0,0,0,18,0,0,0,0
121290,1,1,1988,0,0,0,0,0,0,0,0,0,0
121290,2,1,1988,0,0,0,0,0,0,0,0,0,0
121291,1,1,1988,0,0,0,0,0,0,0,0,0,0
121291,2,1,1988,0,16,0,0,0,0,0,15,0,0
121292,1,1,1988,0,0,0,0,0,0,0,0,0,0
121292,2,1,1988,26,26,26,26,26,26,26,26,26,26
121293,0,1,1988,0,0,0,0,0,0,0,0,0,0
121293,1,1,1988,0,0,16,0,0,0,0,0,0,0
121294,1,1,1988,0,0,0,0,0,0,0,0,0,0
121295,1,1,1988,0,0,0,0,0,0,0,0,0,0
121295,2,1,1988,14,14,14,14,14,14,14,14,14,14
121296,1,1,1988,15,15,15,15,15,15,15,15,15,15
121296,2,1,1988,0,0,0,0,0,0,0,0,0,0
121297,1,1,1988,24,24,24,24,24,24,24,24,24,24
121298,1,1,1988,0,0,0,0,0,0,0,0,0,0
121299,0,1,1988,0,0,0,0,0,0,0,24,0,0
121299,1,1,1988,0,0,0,0,6,8,0,13,0,0
121300,0,1,1988,0,0,0,0,0,0,41,0,0,0
121300,1,1,1988,0,0,13,0,0,0,0,0,0,0
121302,0,1,1988,0,0,0,0,0,0,0,0,0,0
121302,1,1,1988,0,0,0,0,0,0,0,0,0,0
121303,1,1,1988,0,0,0,0,0,0,0,0,0,0
121303,2,1,1988,0,0,0,0,0,0,0,0,0,0
121304,1,1,1988,19,19,19,19,19,19,19,19,19,19
121304,2,1,1988,0,0,0,0,0,0,0,0,0,0
121305,1,1,1988,17,30,6,17,14,26,11,25,12,15
121305,2,1,1988,0,0,0,0,0,5,0,0,0,0
121305,3,1,1988,0,0,0,0,0,0,0,0,0,0
121306,1,1,1988,0,0,0,0,0,0,0,0,0,0
121306,2,1,1988,0,0,17,0,0,0,9,0,0,0
121306,3,1,1988,10,18,16,23,9,6,0,13,8,29
121307,1,1,1988,26,26,26,26,26,26,26,26,26,26
121308,1,1,1988,0,0,0,0,0,0,0,0,0,0
121309,1,1,1988,0,0,0,0,0,0,0,0,0,0
121311,1,1,1988,4,4,4,4,4,4,4,4,4,4
121311,2,1,1988,5,5,5,5,5,5,5,5,5,5