ST_CASE,VEH_NO,PER_NO,YEAR,P1,P2,P3,P4,P5,P6,P7,P8,P9,P10
121312,1,1,1988,43,43,43,43,43,43,43,43,43,43
121312,2,1,1988,0,0,0,0,0,0,0,21,0,0
121313,0,1,1988,0,0,0,0,0,0,0,0,0,0
121313,1,1,1988,0,0,0,0,0,0,0,0,0,0
121314,1,1,1988,0,0,0,0,0,0,0,0,0,0
121314,2,1,1988,0,0,0,0,0,0,0,0,0,0
121315,1,1,1988,0,0,0,0,11,0,0,20,12,0
121316,1,1,1988,14,12,19,23,15,14,21,12,11,7
121316,2,1,1988,4,0,0,0,8,0,16,0,0,14
121317,1,1,1988,7,4,19,13,10,26,20,9,0,18
121318,0,1,1988,0,0,0,0,0,0,0,0,0,0
121318,1,1,1988,0,0,0,0,0,0,0,0,0,0
121319,1,1,1988,17,17,17,17,17,17,17,17,17,17
121319,2,1,1988,0,0,0,0,0,21,0,0,0,0
121320,0,1,1988,20,0,21,0,0,0,0,0,21,0
121320,1,1,1988,0,0,0,0,21,0,0,9,0,0
121321,1,1,1988,0,0,15,21,0,7,0,0,0,0
121321,2,1,1988,0,0,0,0,9,0,12,0,0,0
121322,1,1,1988,0,0,0,0,0,0,0,0,0,0
121322,2,1,1988,0,0,0,0,0,0,0,0,0,0
121323,1,1,1988,0,0,0,0,0,0,0,0,0,0
121324,1,1,1988,2,2,2,2,2,2,2,2,2,2
121325,1,1,1988,20,20,20,20,20,20,20,20,20,20
121326,1,1,1988,14,14,14,14,14,14,14,14,14,14
121327,0,1,1988,0,0,0,0,0,0,0,0,0,0
121327,1,1,1988,0,0,0,0,0,0,0,0,0,0
121328,1,1,1988,0,0,0,0,0,0,0,0,0,0
121329,1,1,1988,0,0,0,0,0,0,0,0,15,0
121329,2,1,1988,19,0,0,0,0,22,0,16,0,22
121331,1,1,1988,10,11,10,7,8,11,10,10,8,7
121332,1,1,1988,0,0,0,0,0,0,0,0,0,0
121332,2,1,1988,0,0,0,0,0,0,0,0,0,0
121333,1,1,1988,0,0,0,0,0,0,0,0,0,0
121334,1,1,1988,16,16,16,16,16,16,16,16,16,16
121335,1,1,1988,0,0,0,0,0,0,0,0,0,0
121335,2,1,1988,0,0,0,0,0,0,0,0,0,0
121336,0,1,1988,0,0,0,13,0,0,0,0,24,0
121336,1,1,1988,0,0,0,0,0,0,0,0,0,0
121337,1,1,1988,0,0,16,0,10,12,24,6,11,0
121337,2,1,1988,0,0,0,0,0,24,0,12,14,0
121338,1,1,1988,27,27,27,27,27,27,27,27,27,27
121339,0,1,1988,12,19,27,23,0,31,15,25,0,0
121339,1,1,1988,0,0,0,0,29,0,0,0,0,0
121340,0,1,1988,10,10,10,10,10,10,10,10,10,10
121340,1,1,1988,10,14,21,9,2,17,9,29,23,6
121340,2,1,1988,0,15,21,0,19,0,32,0,9,0
121342,1,1,1988,10,5,20,0,12,15,24,19,0,0
121344,1,1,1988,0,0,0,0,0,0,0,0,0,0
121344,2,1,1988,0,0,0,0,6,0,0,0,0,0
121345,1,1,1988,0,0,0,0,28,0,0,0,0,0
121345,2,1,1988,0,0,0,0,0,0,0,0,0,0
121346,1,1,1988,0,0,0,0,0,0,0,0,0,0
121346,2,1,1988,21,0,16,8,8,24,14,9,10,7
121347,1,1,1988,0,0,0,0,0,0,0,0,0,0
121347,2,1,1988,0,0,0,0,0,0,0,0,0,0
121348,1,1,1988,15,15,15,15,15,15,15,15,15,15
121348,2,1,1988,0,0,0,7,3,0,0,0,0,9
121348,3,1,1988,0,0,0,0,0,0,0,0,0,0
121349,1,1,1988,27,27,27,27,27,27,27,27,27,27
121350,1,1,1988,0,0,0,0,0,0,0,0,0,0
121351,1,1,1988,11,11,11,11,11,11,11,11,11,11
121352,1,1,1988,34,34,34,34,34,34,34,34,34,34
121352,2,1,1988,0,0,0,0,0,0,0,0,0,0
121352,3,1,1988,0,0,0,0,0,0,0,0,0,0
121353,1,1,1988,7,7,7,7,7,7,7,7,7,7
121354,1,1,1988,0,0,0,0,0,0,0,0,0,0
121354,2,1,1988,0,0,0,0,0,0,0,0,0,0
121355,0,1,1988,20,20,20,20,20,20,20,20,20,20
121355,1,1,1988,2,2,2,2,2,2,2,2,2,2
121356,1,1,1988,0,0,0,0,0,0,0,0,0,0
121356,2,1,1988,2,2,2,2,2,2,2,2,2,2
121357,1,1,1988,0,0,0,0,0,0,0,0,0,0
121357,2,1,1988,0,0,0,0,0,0,0,0,0,0
121358,0,1,1988,7,7,7,7,7,7,7,7,7,7
121358,1,1,1988,0,0,0,0,0,0,0,0,0,0
121359,1,1,1988,0,0,0,0,0,0,0,0,0,0
121359,2,1,1988,0,0,0,0,0,0,0,0,0,0
121360,0,1,1988,0,0,0,0,0,0,0,0,0,0
121360,1,1,1988,0,0,0,0,0,0,0,0,0,0
121361,1,1,1988,0,0,0,0,0,0,0,0,0,0
121361,2,1,1988,0,0,0,0,0,0,0,0,0,0
121362,1,1,1988,0,0,0,0,0,0,0,0,0,2
121362,2,1,1988,20,20,20,20,20,20,20,20,20,20
121363,1,1,1988,1,1,1,1,1,1,1,1,1,1
121363,2,1,1988,0,0,0,0,0,13,0,0,0,0
121365,1,1,1988,13,13,13,13,13,13,13,13,13,13
121366,1,1,1988,14,14,14,14,14,14,14,14,14,14
121367,1,1,1988,0,0,0,0,0,0,0,0,0,0
121367,2,1,1988,0,0,0,0,0,0,0,0,0,0
121368,1,1,1988,2,2,2,2,2,2,2,2,2,2
121369,1,1,1988,0,0,0,0,0,19,17,30,0,7
121370,1,1,1988,17,17,17,17,17,17,17,17,17,17
121370,2,1,1988,0,0,0,0,0,0,0,0,6,0
121371,1,1,1988,11,11,11,11,11,11,11,11,11,11
121372,1,1,1988,0,0,0,0,0,0,0,0,0,0
121372,2,1,1988,0,0,0,0,0,0,0,0,0,0
121373,0,1,1988,0,0,0,0,0,0,0,0,0,0
121373,1,1,1988,0,0,11,0,0,0,3,25,0,12
121374,0,1,1988,0,0,0,0,0,0,0,0,0,0
121374,1,1,1988,0,0,0,0,0,0,0,0,0,14
121375,1,1,1988,0,0,0,0,0,0,0,32,0,0
121376,1,1,1988,0,0,0,0,0,0,0,0,0,0
121376,2,1,1988,0,0,0,12,0,0,0,0,0,0
121377,1,1,1988,0,0,0,0,0,0,0,0,0,0
121378,1,1,1988,10,10,10,10,10,10,10,10,10,10
121379,1,1,1988,22,22,22,22,22,22,22,22,22,22
121379,2,1,1988,0,0,0,0,0,0,0,0,0,0
121380,1,1,1988,0,0,0,0,0,0,0,0,0,0
121380,2,1,1988,20,0,0,0,0,21,0,0,0,0
121381,1,1,1988,0,0,0,0,0,0,0,0,0,0
121381,2,1,1988,0,0,0,0,0,16,0,10,0,0
121382,1,1,1988,0,0,0,0,0,0,0,0,0,0
121382,2,1,1988,0,0,0,0,0,0,0,0,0,0
121383,1,1,1988,0,0,0,0,0,0,0,0,0,0
121383,2,1,1988,0,0,0,0,0,0,0,0,0,0
121384,0,1,1988,0,0,0,0,0,0,0,0,0,0
121384,1,1,1988,0,0,0,0,0,0,0,0,0,0
121385,1,1,1988,0,0,0,10,0,0,0,0,0,0
121386,1,1,1988,18,28,5,17,15,10,11,31,10,11
121388,0,1,1988,0,0,0,42,0,0,22,0,17,0
121388,1,1,1988,0,0,0,0,0,0,0,0,0,0
121389,1,1,1988,28,28,28,28,28,28,28,28,28,28
121390,0,1,1988,0,0,0,0,0,0,0,0,0,0
121390,1,1,1988,0,0,0,0,0,0,0,0,0,19
121391,0,1,1988,0,0,0,0,0,0,0,0,0,0
121391,1,1,1988,20,20,20,20,20,20,20,20,20,20
121392,1,1,1988,34,31,21,0,10,18,16,4,49,11
121393,1,1,1988,0,0,0,0,0,0,7,20,0,0
121393,2,1,1988,0,0,0,0,0,7,0,0,0,0
121394,1,1,1988,0,0,0,0,0,0,0,0,0,0
121394,2,1,1988,0,0,0,0,0,0,0,0,0,0
121395,0,1,1988,0,0,0,0,0,0,0,0,0,0
121395,1,1,1988,0,0,0,0,0,0,0,0,0,0
121395,2,1,1988,0,0,0,0,0,0,0,0,0,0
121395,3,1,1988,0,0,0,0,0,0,0,0,0,0
121396,1,1,1988,0,0,0,0,32,0,0,0,0,0
121397,1,1,1988,0,0,0,0,0,0,0,0,0,0
121397,2,1,1988,0,0,0,0,0,0,0,0,0,0
121397,3,1,1988,0,0,0,0,0,0,0,0,0,0
121398,1,1,1988,12,0,15,16,15,8,8,15,15,5
121398,2,1,1988,4,13,0,5,14,26,22,19,0,16
121399,0,1,1988,27,27,27,27,27,27,27,27,27,27
121399,1,1,1988,0,0,0,0,0,0,0,0,0,0
121400,1,1,1988,0,0,0,0,0,0,0,0,0,0
121400,2,1,1988,0,0,0,0,0,0,0,0,0,0
121401,1,1,1988,0,0,0,0,0,0,0,0,0,0
121401,2,1,1988,0,0,0,0,0,0,0,0,0,0
121402,1,1,1988,27,27,27,27,27,27,27,27,27,27
121402,2,1,1988,25,25,25,25,25,25,25,25,25,25
121403,1,1,1988,0,0,0,0,0,0,0,0,0,0
121403,2,1,1988,0,0,0,0,0,0,6,0,0,0
121404,0,1,1988,0,0,0,0,0,0,0,0,0,0
121404,1,1,1988,0,15,17,9,15,0,0,14,21,0
121405,1,1,1988,0,0,0,0,0,0,0,0,0,0
121406,0,1,1988,0,0,0,0,0,0,20,9,0,0
121406,1,1,1988,0,0,0,38,0,0,0,26,14,15
121407,0,1,1988,0,0,30,25,0,0,0,19,23,22
121407,1,1,1988,0,0,24,0,22,0,15,0,7,12
121408,1,1,1988,7,7,7,7,7,7,7,7,7,7
121409,1,1,1988,0,0,0,0,0,0,0,0,0,0
121410,1,1,1988,0,0,0,0,0,0,0,0,0,0
121410,2,1,1988,0,0,0,0,0,0,0,0,0,0
121410,3,1,1988,0,0,0,0,0,0,0,0,0,0
121410,4,1,1988,0,0,0,0,0,0,0,0,0,0
121410,5,1,1988,0,0,0,0,0,0,0,0,0,0
121411,1,1,1988,0,0,0,0,0,0,0,0,0,0
121411,2,1,1988,0,0,0,0,0,0,0,0,0,0
121411,3,1,1988,0,0,0,0,0,0,0,0,0,0
121412,1,1,1988,0,0,0,0,0,0,0,0,0,0
121412,2,1,1988,0,0,0,0,0,0,0,0,0,0
121413,1,1,1988,0,0,0,0,0,0,3,0,0,4
121413,2,1,1988,10,10,10,10,10,10,10,10,10,10
121413,3,1,1988,0,0,0,0,0,0,0,0,0,0
121414,0,1,1988,14,14,14,14,14,14,14,14,14,14
121414,1,1,1988,0,0,0,0,0,0,0,0,33,0
121415,1,1,1988,18,18,18,18,18,18,18,18,18,18
121415,2,1,1988,0,7,0,0,0,0,0,0,0,0
121415,3,1,1988,1,1,1,1,1,1,1,1,1,1
121416,1,1,1988,15,15,15,15,15,15,15,15,15,15
121417,1,1,1988,0,0,0,0,0,0,0,0,0,0
121417,2,1,1988,0,0,0,0,0,0,0,0,0,0
121418,0,1,1988,8,8,8,8,8,8,8,8,8,8
121418,1,1,1988,0,0,0,0,0,0,0,0,0,0
121419,1,1,1988,0,0,0,0,0,0,0,7,0,0
121420,1,1,1988,14,14,14,14,14,14,14,14,14,14
121420,2,1,1988,0,0,0,0,0,0,0,0,0,0
121421,1,1,1988,2,2,2,2,2,2,2,2,2,2
121422,1,1,1988,0,0,0,0,0,0,0,0,0,0
121423,1,1,1988,0,0,0,0,0,0,0,0,0,0
121423,2,1,1988,0,0,0,0,0,0,0,0,0,0
121423,3,1,1988,0,0,0,0,0,0,0,0,0,0
121424,1,1,1988,0,0,0,0,0,0,0,0,0,0
121424,2,1,1988,0,0,0,0,0,0,0,0,0,0
121425,1,1,1988,19,19,19,19,19,19,19,19,19,19
121427,0,1,1988,5,5,5,5,5,5,5,5,5,5
121427,1,1,1988,0,0,11,0,0,0,0,0,0,0
121428,0,1,1988,1,1,1,1,1,1,1,1,1,1
121428,1,1,1988,0,0,0,0,0,0,0,0,0,0
121429,1,1,1988,24,24,24,24,24,24,24,24,24,24
121430,1,1,1988,0,0,0,0,0,0,0,0,0,0
121430,2,1,1988,0,0,0,0,0,0,0,0,0,0
121431,1,1,1988,22,22,22,22,22,22,22,22,22,22
121432,1,1,1988,0,0,0,0,0,0,0,0,0,0
121433,0,1,1988,16,0,14,14,13,8,11,12,10,28
121433,1,1,1988,0,0,0,4,0,23,0,0,0,0
121434,1,1,1988,19,19,19,19,19,19,19,19,19,19
121435,0,1,1988,0,0,0,0,0,0,0,0,0,0
121435,1,1,1988,0,0,0,0,0,0,0,0,0,0
121436,1,1,1988,18,18,18,18,18,18,18,18,18,18
121436,2,1,1988,0,0,0,0,0,0,0,0,0,0
121437,1,1,1988,19,0,0,24,10,0,0,0,0,0
121437,2,1,1988,19,19,19,19,19,19,19,19,19,19
121438,1,1,1988,0,0,0,0,0,0,0,0,0,0
121438,2,1,1988,0,0,0,0,0,0,0,0,0,0
121439,1,1,1988,2,2,2,2,2,2,2,2,2,2
121440,1,1,1988,0,0,0,0,0,0,0,0,0,0
121441,1,1,1988,4,4,4,4,4,4,4,4,4,4
121442,1,1,1988,0,0,0,0,0,0,0,0,0,0
121443,1,1,1988,0,0,0,0,0,0,0,0,0,0
121443,2,1,1988,0,0,16,0,0,7,0,0,0,13
121444,1,1,1988,0,0,0,0,0,0,0,0,0,0
121445,1,1,1988,12,12,12,12,12,12,12,12,12,12
121446,1,1,1988,25,25,25,25,25,25,25,25,25,25
121447,1,1,1988,13,13,13,13,13,13,13,13,13,13
121448,1,1,1988,0,0,0,0,0,0,0,0,0,0
121448,2,1,1988,0,0,0,0,0,0,0,0,0,0
121448,3,1,1988,0,0,0,0,0,0,0,0,0,0
121449,1,1,1988,0,0,0,0,0,0,0,0,0,0
121449,2,1,1988,0,0,0,0,0,0,0,0,0,0
121450,1,1,1988,0,0,0,0,0,0,0,0,0,0
121450,2,1,1988,0,0,0,0,0,0,0,0,0,0
121451,0,1,1988,0,0,0,0,0,0,0,0,0,0
121451,1,1,1988,0,0,0,0,0,0,0,0,0,0
121452,0,1,1988,0,0,0,0,0,0,0,0,0,0
121452,1,1,1988,0,0,0,0,0,0,0,0,0,0
121453,1,1,1988,7,7,7,7,7,7,7,7,7,7
121453,2,1,1988,0,0,0,0,0,0,0,0,0,0
121454,1,1,1988,0,0,0,0,0,0,0,0,0,0
121454,2,1,1988,7,7,7,7,7,7,7,7,7,7
121455,1,1,1988,26,26,26,26,26,26,26,26,26,26
121456,1,1,1988,0,0,0,0,0,0,0,0,0,0
121456,2,1,1988,0,0,0,0,0,0,0,0,0,0
121457,1,1,1988,15,15,15,15,15,15,15,15,15,15
121458,0,1,1988,18,18,32,13,17,21,14,16,12,22
121458,1,1,1988,0,0,0,0,0,0,0,0,0,0
121459,1,1,1988,12,19,10,0,0,5,13,20,5,15
121459,2,1,1988,4,4,4,4,4,4,4,4,4,4
121460,1,1,1988,25,25,25,25,25,25,25,25,25,25
121461,1,1,1988,15,15,15,15,15,15,15,15,15,15
121461,2,1,1988,0,0,0,0,0,0,0,0,0,0
121462,1,1,1988,0,0,0,0,0,0,0,0,17,0
121463,0,1,1988,0,0,17,18,18,10,0,24,23,16
121463,1,1,1988,0,0,0,0,18,0,15,0,0,0
121464,0,1,1988,0,0,0,0,0,0,0,0,0,0
121464,1,1,1988,0,0,0,0,0,0,0,0,0,0
121464,2,1,1988,0,9,13,0,0,0,0,0,0,0
121465,1,1,1988,0,0,0,0,0,0,0,0,0,0
121466,0,1,1988,0,0,17,0,0,0,0,17,0,31
121466,1,1,1988,0,8,0,0,0,0,18,0,16,0
121468,1,1,1988,0,0,0,0,0,7,0,0,0,0
121468,2,1,1988,0,0,0,0,0,0,0,0,0,0
121469,1,1,1988,0,0,0,0,0,0,0,0,0,0
121469,2,1,1988,13,0,0,0,0,0,0,0,0,0
121470,0,1,1988,20,20,20,20,20,20,20,20,20,20
121470,1,1,1988,0,0,0,0,0,0,0,0,0,0
121471,1,1,1988,0,0,0,0,0,0,0,0,0,0
121471,2,1,1988,0,0,0,0,0,0,16,0,0,0
121472,0,1,1988,9,9,9,9,9,9,9,9,9,9
121472,0,2,1988,8,8,8,8,8,8,8,8,8,8
121472,0,3,1988,6,0,0,0,0,0,0,0,37,0
121472,0,4,1988,0,0,27,0,0,0,0,0,0,24
121472,0,5,1988,0,0,40,0,21,0,31,0,0,0
121472,0,6,1988,0,0,0,0,0,0,0,34,0,0
121472,0,7,1988,0,0,0,0,2,13,11,26,0,0
121472,0,8,1988,0,0,0,0,0,0,17,0,18,0
121472,1,1,1988,11,9,15,19,12,17,0,12,23,11
121473,1,1,1988,7,7,7,7,7,7,7,7,7,7
121473,2,1,1988,0,0,0,0,0,0,0,0,0,0
121474,1,1,1988,13,13,13,13,13,13,13,13,13,13
121474,2,1,1988,1,1,1,1,1,1,1,1,1,1
121475,0,1,1988,28,24,18,0,0,0,40,0,12,0
121475,0,2,1988,2,2,2,2,2,2,2,2,2,2
121475,0,3,1988,46,8,0,19,20,14,14,18,5,19
121475,0,4,1988,20,33,25,19,37,29,31,28,16,12
121475,0,5,1988,48,13,0,19,23,12,0,9,13,14
121475,1,1,1988,24,24,24,24,24,24,24,24,24,24
121476,1,1,1988,16,16,16,16,16,16,16,16,16,16
121476,2,1,1988,3,3,3,3,3,3,3,3,3,3
121477,0,1,1988,0,0,0,0,0,0,0,0,0,0
121477,1,1,1988,14,14,14,14,14,14,14,14,14,14
121478,0,1,1988,25,25,25,25,25,25,25,25,25,25
121478,1,1,1988,12,12,12,12,12,12,12,12,12,12
121479,1,1,1988,5,5,5,5,5,5,5,5,5,5
121480,0,1,1988,18,18,18,18,18,18,18,18,18,18
121480,1,1,1988,0,0,0,0,0,0,0,0,0,0
121481,1,1,1988,12,0,0,0,0,0,0,0,0,0
121481,2,1,1988,16,0,9,11,15,16,16,0,0,18
121481,3,1,1988,0,0,0,0,0,0,0,0,0,0
121482,1,1,1988,1,1,1,1,1,1,1,1,1,1
121482,2,1,1988,0,0,0,0,0,0,0,0,0,0
121482,3,1,1988,0,0,0,0,0,0,0,0,0,0
121483,1,1,1988,0,0,0,0,0,0,0,0,0,0
121483,2,1,1988,0,0,0,0,0,0,0,0,0,0
121484,1,1,1988,0,0,0,0,0,0,0,0,0,0
121484,2,1,1988,0,0,0,0,0,0,0,0,0,0
121485,1,1,1988,0,0,0,0,0,0,0,0,0,0
121485,2,1,1988,0,0,12,5,0,0,0,0,0,0
121487,0,1,1988,0,0,0,0,0,0,0,0,0,0
121487,1,1,1988,0,0,0,0,0,0,0,0,0,0
121488,1,1,1988,0,0,0,0,0,0,0,0,0,0
121488,2,1,1988,34,0,0,0,0,0,0,0,0,0
121489,0,1,1988,21,21,21,21,21,21,21,21,21,21
121489,1,1,1988,0,0,26,0,0,0,0,0,0,0
121490,1,1,1988,0,0,0,0,0,0,0,0,0,0
121490,2,1,1988,0,0,0,0,0,0,0,0,0,0
121491,1,1,1988,19,19,19,19,19,19,19,19,19,19
121492,1,1,1988,6,6,6,6,6,6,6,6,6,6
121493,1,1,1988,10,10,10,10,10,10,10,10,10,10
121493,2,1,1988,0,0,0,0,0,0,0,0,0,0
121494,1,1,1988,0,0,0,0,0,0,0,0,10,0
121495,1,1,1988,0,0,0,0,0,0,0,0,0,0
121495,2,1,1988,0,0,0,0,0,0,0,0,0,0
121496,0,1,1988,0,0,0,0,0,0,0,0,0,0
121496,1,1,1988,0,0,0,0,0,0,0,0,0,0
121497,1,1,1988,0,0,0,0,0,0,0,41,0,0
121497,2,1,1988,0,0,0,0,0,0,0,22,0,0
121497,3,1,1988,0,21,0,9,0,0,0,9,0,0
121497,4,1,1988,0,0,0,0,0,0,0,0,0,0
121498,1,1,1988,10,10,10,10,10,10,10,10,10,10
121499,1,1,1988,0,0,0,18,0,0,0,0,0,0
121499,2,1,1988,0,0,0,0,0,0,0,0,0,0
121500,1,1,1988,0,0,0,0,0,0,0,0,0,0
121500,2,1,1988,0,0,0,0,0,0,0,0,0,0
121501,1,1,1988,19,21,14,0,21,17,0,0,14,15
121502,0,1,1988,9,0,0,0,0,37,0,0,0,0
121502,1,1,1988,0,0,0,0,0,0,0,0,0,0
121503,0,1,1988,0,0,0,0,0,0,0,0,0,0
121503,1,1,1988,0,0,0,0,0,0,0,0,0,0
121504,1,1,1988,19,19,19,19,19,19,19,19,19,19
121504,2,1,1988,0,0,0,0,0,0,0,0,0,0
121505,1,1,1988,0,0,21,18,12,0,0,0,0,0
121505,2,1,1988,0,0,0,0,0,0,0,0,0,0
121505,3,1,1988,0,0,0,0,0,0,22,0,0,0
121506,1,1,1988,0,0,0,0,0,0,25,0,0,0
121508,1,1,1988,19,19,19,19,19,19,19,19,19,19
121509,0,1,1988,0,0,6,0,0,0,16,0,0,0
121509,1,1,1988,0,0,0,0,0,0,10,0,0,0
121510,1,1,1988,22,22,22,22,22,22,22,22,22,22
121511,1,1,1988,0,0,0,0,0,0,0,0,0,0
121511,2,1,1988,0,0,0,0,0,0,0,0,0,0
121512,1,1,1988,0,0,0,0,0,0,0,0,0,0
121513,1,1,1988,18,18,18,18,18,18,18,18,18,18
121513,2,1,1988,0,0,0,0,0,0,0,0,0,0
121514,1,1,1988,23,23,23,23,23,23,23,23,23,23
121514,2,1,1988,0,0,0,0,0,0,0,0,0,0
121515,0,1,1988,15,15,15,15,15,15,15,15,15,15
121515,0,2,1988,17,0,0,10,0,35,0,0,0,0
121515,1,1,1988,0,0,0,0,0,0,0,0,0,0
121516,1,1,1988,13,13,13,13,13,13,13,13,13,13
121516,2,1,1988,0,4,0,0,0,0,0,0,0,0
121517,1,1,1988,25,25,25,25,25,25,25,25,25,25
121518,1,1,1988,0,0,0,0,11,0,0,0,0,0
121518,2,1,1988,0,0,0,0,0,0,0,0,0,0
121519,1,1,1988,0,0,0,0,0,0,0,0,0,0
121519,2,1,1988,0,0,0,0,0,0,0,0,0,0
121520,1,1,1988,22,22,22,22,22,22,22,22,22,22
121520,2,1,1988,0,0,0,0,0,0,0,0,0,0
121521,1,1,1988,0,0,0,0,0,0,0,0,0,0
121522,1,1,1988,19,19,19,19,19,19,19,19,19,19
121523,0,1,1988,13,13,13,13,13,13,13,13,13,13
121523,1,1,1988,0,0,0,0,0,0,0,0,0,0
121524,0,1,1988,22,22,22,22,22,22,22,22,22,22
121524,1,1,1988,0,0,0,0,0,0,0,27,0,0
121525,1,1,1988,13,13,13,13,13,13,13,13,13,13
121526,1,1,1988,0,0,0,0,0,0,0,0,0,0
121526,2,1,1988,0,0,0,0,0,0,0,0,0,0
121527,1,1,1988,19,19,19,19,19,19,19,19,19,19
121528,1,1,1988,0,0,0,0,0,0,0,0,0,0
121528,2,1,1988,0,0,0,0,0,0,0,0,0,0
121529,1,1,1988,0,0,0,0,0,0,0,0,0,0
121530,0,1,1988,15,15,15,15,15,15,15,15,15,15
121530,1,1,1988,12,15,26,16,0,15,15,30,8,5
121531,1,1,1988,0,0,0,0,0,0,0,0,0,0
121532,1,1,1988,0,0,0,0,0,0,0,0,0,0
121533,1,1,1988,0,0,0,0,0,0,0,0,0,0
121534,0,1,1988,25,25,25,25,25,25,25,25,25,25
121534,1,1,1988,0,0,0,0,0,0,0,0,0,0
121536,1,1,1988,0,0,0,0,0,0,0,0,0,0
121536,2,1,1988,0,0,0,0,0,0,0,0,0,0
121540,1,1,1988,0,0,7,0,0,0,0,0,0,0
121540,2,1,1988,11,7,6,11,0,15,18,0,0,0
121542,1,1,1988,0,0,0,0,0,0,0,0,0,0
121542,2,1,1988,0,0,0,0,0,0,0,0,0,0
121543,1,1,1988,22,17,26,23,0,9,7,3,19,0
121543,2,1,1988,7,7,7,7,7,7,7,7,7,7
121543,3,1,1988,9,6,10,6,14,0,0,11,10,18
121544,1,1,1988,14,14,14,14,14,14,14,14,14,14
121544,2,1,1988,14,26,23,17,10,20,8,22,8,22
121545,1,1,1988,13,7,34,15,3,10,24,12,14,18
121545,2,1,1988,0,0,0,0,0,0,0,0,0,0
121546,1,1,1988,0,0,0,0,0,0,0,0,0,0
121547,1,1,1988,0,0,0,0,0,0,0,0,0,0
121547,2,1,1988,0,0,0,0,0,0,0,0,0,0
121548,1,1,1988,0,0,0,0,0,0,0,0,0,0
121548,2,1,1988,0,0,0,0,0,0,0,0,0,0
121549,1,1,1988,35,35,35,35,35,35,35,35,35,35
121549,2,1,1988,7,0,0,0,0,0,0,0,0,0
121550,1,1,1988,26,26,26,26,26,26,26,26,26,26
121551,1,1,1988,7,7,7,7,7,7,7,7,7,7
121552,0,1,1988,37,37,37,37,37,37,37,37,37,37
121552,1,1,1988,0,0,0,0,0,0,0,0,17,0
121553,1,1,1988,33,33,33,33,33,33,33,33,33,33
121554,1,1,1988,16,16,16,16,16,16,16,16,16,16
121555,1,1,1988,21,21,21,21,21,21,21,21,21,21
121556,0,1,1988,19,19,19,19,19,19,19,19,19,19
121556,1,1,1988,9,15,13,31,0,0,0,17,12,12
121557,1,1,1988,0,0,0,0,0,0,0,0,0,0
121558,1,1,1988,0,0,0,0,0,0,0,0,0,0
121559,1,1,1988,1,1,1,1,1,1,1,1,1,1
121559,2,1,1988,0,0,0,13,0,0,0,0,0,0
121561,1,1,1988,21,21,21,21,21,21,21,21,21,21
121562,1,1,1988,0,0,0,0,0,0,0,0,0,0
121562,2,1,1988,0,0,0,0,15,0,0,0,0,0
121563,0,1,1988,19,19,19,19,19,19,19,19,19,19
121563,1,1,1988,0,0,0,0,0,0,0,0,0,0
121564,1,1,1988,23,23,23,23,23,23,23,23,23,23
121565,0,1,1988,26,26,26,26,26,26,26,26,26,26
121565,1,1,1988,15,11,19,0,0,10,3,14,7,22
121566,1,1,1988,0,0,0,0,0,0,0,0,0,0
121566,2,1,1988,0,0,0,0,0,0,0,0,0,0
121566,3,1,1988,0,0,0,0,0,0,0,0,0,0
121566,4,1,1988,0,0,0,0,0,0,0,0,0,0
121567,0,1,1988,20,16,28,21,14,21,20,25,18,21
121567,1,1,1988,3,24,19,17,11,8,37,18,27,17
121568,2,1,1988,0,0,0,0,0,0,0,0,0,0
121568,3,1,1988,0,0,0,0,0,0,0,0,0,0
121568,4,1,1988,0,0,0,0,0,0,0,0,0,0
121569,0,1,1988,27,27,27,27,27,27,27,27,27,27
121569,1,1,1988,30,0,6,30,11,0,15,0,20,8
121571,0,1,1988,26,26,26,26,26,26,26,26,26,26
121571,1,1,1988,13,13,13,13,13,13,13,13,13,13
121572,0,1,1988,30,30,30,30,30,30,30,30,30,30
121572,1,1,1988,0,0,0,0,0,0,0,0,0,0
121573,1,1,1988,0,0,0,0,0,0,0,0,0,0
121573,2,1,1988,0,0,0,0,0,0,0,0,0,0
121573,3,1,1988,0,0,0,0,0,0,0,0,0,0
121573,4,1,1988,0,0,0,0,0,0,0,0,0,0
121574,1,1,1988,0,0,0,0,0,0,0,0,0,0
121574,2,1,1988,0,0,0,0,0,0,20,0,6,0
121575,1,1,1988,0,0,0,0,0,0,0,0,0,0
121576,0,1,1988,8,8,8,8,8,8,8,8,8,8
121576,1,1,1988,13,0,18,22,0,0,12,4,11,0
121577,1,1,1988,25,12,17,40,11,12,24,12,14,26
121578,1,1,1988,17,17,17,17,17,17,17,17,17,17
121578,2,1,1988,13,0,4,0,0,18,0,0,21,0
121579,1,1,1988,29,26,7,13,17,15,23,13,20,11
121580,1,1,1988,4,4,4,4,4,4,4,4,4,4
121580,2,1,1988,0,0,0,0,0,0,0,0,0,0
121581,1,1,1988,0,0,0,0,0,0,0,0,0,0
121582,1,1,1988,0,0,0,0,0,0,0,0,0,0
121582,2,1,1988,0,0,0,0,0,0,0,0,0,0
121583,0,1,1988,0,0,0,0,0,0,0,0,0,0
121584,1,1,1988,0,0,0,0,0,0,0,0,0,0