ST_CASE,VEH_NO,PER_NO,YEAR,P1,P2,P3,P4,P5,P6,P7,P8,P9,P10
121842,1,1,1988,0,0,0,0,0,0,15,0,0,0
121842,2,1,1988,0,0,0,0,0,0,0,0,0,0
121843,1,1,1988,18,18,18,18,18,18,18,18,18,18
121844,1,1,1988,0,0,0,0,0,0,0,0,0,0
121844,2,1,1988,0,0,0,0,0,0,0,0,0,0
121845,0,1,1988,0,0,29,0,0,14,0,0,16,18
121845,1,1,1988,0,0,0,0,0,0,0,0,0,0
121846,0,1,1988,19,39,23,11,24,18,25,28,17,26
121846,1,1,1988,12,0,0,0,0,0,0,0,0,0
121847,1,1,1988,18,18,18,18,18,18,18,18,18,18
121849,1,1,1988,16,16,16,16,16,16,16,16,16,16
121850,0,1,1988,37,35,21,20,18,11,18,13,14,14
121850,1,1,1988,18,14,19,8,43,13,4,9,15,18
121851,1,1,1988,0,0,0,0,0,0,0,0,0,0
121851,2,1,1988,0,0,0,0,0,0,0,0,0,0
121852,0,1,1988,0,0,0,0,0,0,0,0,0,0
121852,1,1,1988,0,0,0,0,0,0,0,0,0,0
121853,1,1,1988,18,18,18,18,18,18,18,18,18,18
121854,1,1,1988,0,11,0,0,0,0,5,0,12,11
121855,1,1,1988,0,0,0,0,0,0,0,14,0,0
121855,2,1,1988,0,0,0,0,0,0,0,0,0,0
121856,1,1,1988,0,15,0,0,14,0,0,0,29,11
121857,1,1,1988,0,0,0,0,0,0,0,0,0,0
121857,2,1,1988,0,0,0,0,0,0,0,0,0,0
121858,1,1,1988,0,0,0,0,0,0,0,0,0,0
121858,2,1,1988,0,0,0,0,0,0,0,0,0,0
121859,1,1,1988,0,0,0,0,0,0,0,0,0,0
121859,2,1,1988,0,0,0,0,0,0,0,0,0,0
121860,1,1,1988,0,0,0,0,0,0,0,0,0,0
121860,2,1,1988,0,0,0,0,0,0,0,0,0,12
121861,0,1,1988,28,28,28,28,28,28,28,28,28,28
121861,1,1,1988,0,0,0,8,0,0,0,0,0,0
121862,1,1,1988,0,0,0,0,0,0,0,0,0,0
121863,1,1,1988,18,18,18,18,18,18,18,18,18,18
121864,0,1,1988,0,0,0,0,0,0,0,0,0,0
121864,1,1,1988,0,0,0,0,0,7,0,0,0,0
121865,1,1,1988,0,0,0,0,0,0,0,0,0,0
121865,2,1,1988,0,0,0,0,0,0,0,0,0,0
121866,1,1,1988,4,4,4,4,4,4,4,4,4,4
121867,1,1,1988,18,18,18,18,18,18,18,18,18,18
121867,2,1,1988,0,11,0,0,0,0,0,0,0,29
121868,1,1,1988,0,0,0,0,0,0,0,0,0,0
121868,2,1,1988,0,0,9,0,0,0,0,0,0,0
121869,0,1,1988,0,0,0,0,0,0,0,0,0,0
121869,1,1,1988,0,0,0,0,0,0,0,0,0,0
121870,1,1,1988,0,0,0,0,0,0,0,0,0,0
121870,2,1,1988,2,2,2,2,2,2,2,2,2,2
121870,3,1,1988,0,0,0,0,0,0,0,0,0,12
121871,1,1,1988,21,21,21,21,21,21,21,21,21,21
121871,2,1,1988,0,0,0,0,0,0,0,0,0,0
121872,1,1,1988,4,4,4,4,4,4,4,4,4,4
121873,0,1,1988,0,0,0,0,0,0,0,24,0,16
121873,1,1,1988,20,9,6,19,0,22,18,10,8,14
121874,0,1,1988,5,30,5,0,0,0,42,10,10,0
121874,1,1,1988,0,0,0,0,0,18,0,0,0,0
121875,1,1,1988,16,16,16,16,16,16,16,16,16,16
121875,2,1,1988,0,0,0,0,0,0,0,0,0,0
121876,1,1,1988,0,0,0,0,0,0,0,0,0,0
121876,2,1,1988,0,0,0,0,0,25,8,0,21,0
121877,1,1,1988,16,0,0,14,0,17,0,12,0,10
121878,0,1,1988,16,16,16,16,16,16,16,16,16,16
121878,0,2,1988,16,0,0,27,0,16,0,19,16,31
121878,1,1,1988,0,0,0,0,0,0,0,0,0,0
121879,1,1,1988,0,0,0,0,0,0,0,0,0,0
121879,2,1,1988,0,0,0,0,7,0,0,0,0,0
121880,1,1,1988,0,0,0,0,0,0,0,0,0,0
121880,2,1,1988,0,0,0,0,0,0,0,0,0,0
121881,1,1,1988,0,0,0,0,0,0,0,11,11,0
121881,2,1,1988,0,0,0,0,0,0,0,0,0,0
121882,1,1,1988,0,0,0,0,0,0,0,0,0,0
121882,2,1,1988,21,21,21,21,21,21,21,21,21,21
121883,1,1,1988,0,0,0,0,0,0,0,0,0,0
121884,0,1,1988,0,0,0,0,0,0,0,0,0,0
121884,1,1,1988,0,0,0,0,0,0,0,0,0,0
121885,1,1,1988,19,0,8,0,0,0,18,7,0,18
121886,1,1,1988,2,2,2,2,2,2,2,2,2,2
121886,2,1,1988,0,0,0,0,0,0,0,0,0,0
121887,1,1,1988,0,0,0,0,0,0,0,0,0,0
121887,2,1,1988,5,5,5,5,5,5,5,5,5,5
121888,0,1,1988,0,0,0,0,0,0,0,0,0,0
121888,1,1,1988,0,0,0,0,0,0,0,0,0,0
121889,1,1,1988,25,25,25,25,25,25,25,25,25,25
121889,2,1,1988,8,8,8,8,8,8,8,8,8,8
121890,0,1,1988,0,0,0,0,0,0,0,0,0,0
121890,0,2,1988,0,0,0,0,0,0,0,0,0,0
121890,1,1,1988,0,0,0,0,0,0,0,0,0,0
121891,1,1,1988,0,0,0,0,0,0,0,0,0,0
121892,0,1,1988,20,0,0,0,0,0,0,0,0,0
121892,1,1,1988,0,0,0,0,0,0,0,0,0,0
121893,1,1,1988,20,14,27,22,30,16,25,20,34,41
121894,0,1,1988,11,11,11,11,11,11,11,11,11,11
121894,1,1,1988,0,0,0,0,0,0,0,0,0,0
121895,1,1,1988,3,3,3,3,3,3,3,3,3,3
121896,1,1,1988,18,18,18,18,18,18,18,18,18,18
121897,0,1,1988,0,0,0,0,0,0,0,0,0,0
121897,1,1,1988,0,0,0,0,0,0,13,0,0,0
121898,1,1,1988,18,18,18,18,18,18,18,18,18,18
121899,1,1,1988,0,0,0,0,0,0,0,0,0,0
121900,1,1,1988,20,20,20,20,20,20,20,20,20,20
121901,1,1,1988,0,0,0,0,0,0,0,0,0,0
121901,2,1,1988,0,0,0,0,0,0,0,0,0,0
121902,0,1,1988,0,0,0,0,0,0,0,0,0,0
121902,1,1,1988,0,0,0,0,0,0,0,0,0,0
121903,0,1,1988,0,0,0,0,0,0,0,0,0,0
121903,1,1,1988,0,0,0,29,18,0,16,0,12,4
121904,1,1,1988,23,23,23,23,23,23,23,23,23,23
121904,2,1,1988,9,9,9,9,9,9,9,9,9,9
121904,3,1,1988,0,0,0,0,0,7,0,0,0,4
121906,0,1,1988,0,0,0,0,0,0,0,0,0,0
121906,1,1,1988,18,0,17,0,16,0,15,29,0,16
121907,1,1,1988,0,0,0,0,0,0,0,0,0,0
121907,2,1,1988,0,8,0,0,0,25,0,0,0,0
121907,3,1,1988,0,0,0,0,0,0,0,0,0,0
121908,1,1,1988,15,15,15,15,15,15,15,15,15,15
121909,0,1,1988,25,25,25,25,25,25,25,25,25,25
121909,1,1,1988,13,0,0,0,0,0,0,0,0,0
121910,1,1,1988,20,17,19,9,12,15,11,14,17,11
121910,2,1,1988,0,0,0,0,0,0,0,0,0,0
121911,1,1,1988,0,0,0,0,0,0,0,0,0,0
121911,2,1,1988,0,0,0,0,0,0,0,0,0,0
121912,1,1,1988,0,0,0,0,0,0,0,0,0,0
121912,2,1,1988,0,0,0,0,0,0,0,0,0,0
121913,1,1,1988,23,0,0,20,0,0,0,0,0,0
121913,2,1,1988,0,0,0,0,0,0,0,0,0,0
121914,1,1,1988,25,25,25,25,25,25,25,25,25,25
121914,2,1,1988,23,18,10,8,12,11,31,8,17,8
121914,3,1,1988,25,19,11,8,4,13,13,12,4,0
121915,1,1,1988,0,0,14,0,0,0,0,0,0,0
121916,0,1,1988,17,0,0,0,0,8,0,0,0,0
121916,1,1,1988,0,0,0,0,0,0,18,0,8,0
121917,1,1,1988,0,0,0,0,0,0,0,0,0,0
121917,2,1,1988,13,0,0,20,0,0,19,0,0,0
121918,1,1,1988,0,0,0,0,6,9,0,0,0,14
121918,2,1,1988,0,0,0,0,0,0,0,0,0,0
121919,0,1,1988,0,0,0,0,0,0,0,0,0,0
121919,1,1,1988,0,0,0,0,0,0,0,0,0,0
121920,0,1,1988,10,0,0,0,0,8,0,11,0,0
121920,0,2,1988,5,0,0,0,23,18,0,0,0,0
121920,0,3,1988,0,30,0,13,9,42,0,0,21,0
121920,0,4,1988,0,0,0,0,0,11,0,0,0,0
121920,0,5,1988,0,0,0,17,0,14,0,0,19,7
121920,0,6,1988,0,0,0,0,0,0,0,0,6,12
121920,0,7,1988,0,0,0,0,0,3,0,0,0,0
121920,0,8,1988,0,0,4,0,19,0,36,0,33,12
121920,0,9,1988,0,0,0,0,0,0,0,0,0,0
121920,0,10,1988,0,19,38,0,8,0,16,0,16,20
121920,1,1,1988,11,25,9,1,18,26,20,0,16,14
121921,1,1,1988,0,0,0,0,0,0,0,0,0,0
121921,2,1,1988,0,0,0,0,0,0,0,0,0,0
121922,0,1,1988,0,0,0,0,0,0,0,0,0,0
121922,1,1,1988,0,0,0,0,0,0,0,0,0,0
121922,2,1,1988,0,0,0,0,0,0,0,0,0,0
121923,1,1,1988,8,8,8,8,8,8,8,8,8,8
121924,1,1,1988,0,0,0,0,0,0,0,0,0,0
121924,2,1,1988,0,0,0,0,0,0,0,0,0,0
121925,0,1,1988,0,0,0,0,0,0,0,0,0,0
121925,1,1,1988,2,2,2,2,2,2,2,2,2,2
121926,0,1,1988,31,31,31,31,31,31,31,31,31,31
121926,1,1,1988,0,0,0,0,0,0,0,14,0,0
121927,1,1,1988,0,0,0,0,0,0,0,0,0,0
121927,2,1,1988,18,28,24,9,16,15,13,6,0,6
121928,1,1,1988,7,7,7,7,7,7,7,7,7,7
121929,1,1,1988,11,11,11,11,11,11,11,11,11,11
121930,1,1,1988,22,14,6,22,8,10,21,23,26,0
121931,0,1,1988,0,0,0,0,0,0,0,0,0,0
121931,1,1,1988,0,0,0,0,0,0,0,0,0,0
121932,1,1,1988,0,0,0,0,0,0,0,0,0,0
121932,2,1,1988,11,11,11,11,11,11,11,11,11,11
121933,1,1,1988,0,7,0,0,0,0,0,0,0,0
121933,2,1,1988,0,0,0,0,0,0,0,0,0,0
121933,3,1,1988,0,0,0,0,0,0,0,0,0,0
121934,1,1,1988,20,4,6,11,10,20,12,3,12,17
121934,3,1,1988,0,0,0,0,0,0,0,0,0,0
121934,4,1,1988,0,0,0,0,0,0,0,0,0,11
121935,1,1,1988,16,24,19,15,6,13,30,30,8,23
121936,1,1,1988,26,26,26,26,26,26,26,26,26,26
121937,0,1,1988,0,0,0,0,0,0,0,0,0,0
121937,1,1,1988,0,0,0,0,0,0,0,0,0,0
121938,0,1,1988,18,0,5,24,11,21,15,9,0,47
121938,1,1,1988,0,0,0,0,0,0,0,0,0,0
121938,2,1,1988,0,0,0,0,0,0,0,0,0,19
121938,3,1,1988,0,0,0,0,0,0,0,0,0,0
121939,2,1,1988,15,39,8,0,19,0,18,0,13,23
121940,1,1,1988,0,0,0,0,0,0,0,0,0,0
121940,2,1,1988,0,0,0,0,0,0,0,0,0,0
121941,1,1,1988,16,16,16,16,16,16,16,16,16,16
121942,1,1,1988,0,0,0,0,0,0,0,0,0,0
121943,1,1,1988,24,24,24,24,24,24,24,24,24,24
121943,2,1,1988,0,0,0,0,0,0,0,0,0,0
121944,0,1,1988,11,11,11,11,11,11,11,11,11,11
121944,1,1,1988,0,0,0,0,0,0,0,0,0,0
121945,1,1,1988,11,11,11,11,11,11,11,11,11,11
121946,1,1,1988,0,0,0,0,0,0,0,0,0,0
121946,2,1,1988,14,0,0,0,0,0,0,0,0,0
121947,0,1,1988,0,0,0,0,0,0,0,0,0,0
121947,1,1,1988,0,0,0,0,0,0,0,0,0,13
121948,1,1,1988,0,0,0,0,0,0,0,0,0,0
121948,2,1,1988,0,0,0,0,0,0,0,0,0,0
121948,3,1,1988,0,0,0,0,0,0,0,0,0,0
121949,1,1,1988,24,24,24,24,24,24,24,24,24,24
121949,2,1,1988,0,0,0,0,0,0,0,0,0,0
121950,1,1,1988,20,20,20,20,20,20,20,20,20,20
121950,2,1,1988,0,0,0,0,0,0,0,0,0,0
121951,1,1,1988,19,23,9,14,14,31,17,18,36,31
121952,0,1,1988,0,0,0,0,0,0,0,0,0,0
121952,1,1,1988,0,0,0,0,0,0,0,0,0,0
121953,1,1,1988,0,0,0,0,0,0,0,0,0,0
121953,2,1,1988,0,0,0,0,0,0,0,0,0,0
121954,1,1,1988,19,19,19,19,19,19,19,19,19,19
121955,1,1,1988,0,0,0,0,0,0,0,0,0,0
121956,1,1,1988,0,0,0,0,0,0,0,0,0,0
121957,1,1,1988,21,0,0,0,11,0,0,0,0,0
121957,2,1,1988,0,0,0,0,0,0,0,0,0,0
121959,1,1,1988,0,0,0,0,0,0,0,0,0,0
121959,2,1,1988,0,0,4,0,0,0,0,0,14,0
121959,3,1,1988,0,0,0,0,0,0,0,0,0,0
121961,0,1,1988,43,14,23,31,10,9,14,16,7,18
121961,1,1,1988,0,0,0,0,0,0,0,0,0,0
121962,1,1,1988,0,0,0,0,0,0,0,0,0,0
121962,2,1,1988,0,0,0,0,13,0,0,0,0,0
121963,1,1,1988,0,0,0,0,0,0,0,0,0,0
121964,1,1,1988,11,11,11,11,11,11,11,11,11,11
121965,1,1,1988,8,18,16,26,0,11,24,6,6,9
121966,1,1,1988,19,19,19,19,19,19,19,19,19,19
121967,1,1,1988,22,22,22,22,22,22,22,22,22,22
121968,1,1,1988,7,7,7,7,7,7,7,7,7,7
121968,2,1,1988,0,0,0,0,0,0,0,0,0,0
121969,1,1,1988,0,0,0,0,0,0,0,0,0,0
121969,2,1,1988,0,0,0,0,0,0,0,0,0,0
121969,3,1,1988,0,0,0,0,0,0,0,0,0,0
121969,4,1,1988,0,0,0,0,0,0,0,0,0,0
121970,1,1,1988,0,0,0,0,0,0,0,0,0,0
121970,2,1,1988,0,0,0,0,0,0,0,0,0,0
121971,1,1,1988,0,0,0,0,0,0,0,0,0,0
121971,2,1,1988,0,0,0,0,0,0,0,0,0,0
121972,1,1,1988,0,0,0,0,0,0,0,7,0,0
121973,1,1,1988,0,0,0,0,0,0,0,0,0,0
121974,1,1,1988,0,0,0,0,0,0,0,0,0,0
121974,2,1,1988,0,0,0,0,0,0,0,0,0,0
121975,1,1,1988,0,0,0,0,0,0,0,0,0,0
121975,2,1,1988,0,0,0,0,0,0,0,0,0,0
121975,3,1,1988,0,0,0,0,0,0,0,0,0,0
121976,1,1,1988,23,23,23,23,23,23,23,23,23,23
121977,1,1,1988,2,2,2,2,2,2,2,2,2,2
121978,1,1,1988,0,0,0,30,0,0,0,17,0,0
121979,1,1,1988,26,26,26,26,26,26,26,26,26,26
121980,0,1,1988,0,0,9,0,0,22,0,0,0,0
121980,1,1,1988,0,0,0,0,0,0,0,0,0,0
121981,0,1,1988,31,31,31,31,31,31,31,31,31,31
121981,1,1,1988,0,0,0,0,0,0,0,0,0,0
121982,0,1,1988,22,28,23,16,12,23,18,14,22,16
121982,1,1,1988,0,0,0,0,0,0,0,0,0,0
121983,0,1,1988,24,25,0,15,10,0,0,24,11,12
121983,0,2,1988,32,0,36,10,0,0,0,0,37,0
121983,1,1,1988,0,0,0,0,0,0,0,0,0,0
121984,0,1,1988,37,0,23,0,0,0,0,0,0,0
121984,1,1,1988,0,0,0,0,0,0,0,0,0,0
121985,1,1,1988,3,3,3,3,3,3,3,3,3,3
121986,0,1,1988,0,0,0,0,0,0,42,0,0,47
121986,1,1,1988,14,0,0,0,0,0,0,0,0,0
121988,1,1,1988,0,0,0,0,0,0,0,0,0,0
121989,1,1,1988,18,34,26,13,31,6,24,21,50,7
121989,2,1,1988,30,29,29,5,21,19,10,28,28,22
121990,1,1,1988,0,0,0,0,0,0,0,0,0,0
121990,2,1,1988,0,0,0,0,0,0,0,0,0,0
121991,1,1,1988,0,13,0,0,0,0,10,0,0,0
121991,2,1,1988,0,0,0,0,0,0,0,0,0,0
121992,1,1,1988,0,0,0,0,0,0,0,0,0,0
121992,2,1,1988,15,15,15,15,15,15,15,15,15,15
121992,3,1,1988,0,0,0,0,0,0,0,0,0,0
121993,1,1,1988,20,20,20,20,20,20,20,20,20,20
121994,1,1,1988,0,0,0,0,0,0,0,0,0,0
121994,2,1,1988,0,0,0,0,0,0,0,0,0,0
121994,3,1,1988,33,14,0,21,21,13,0,14,8,15
121995,1,1,1988,9,9,9,9,9,9,9,9,9,9
121995,2,1,1988,0,0,0,0,0,0,0,0,0,0
121996,1,1,1988,22,22,22,22,22,22,22,22,22,22
121997,0,1,1988,0,0,0,0,0,0,0,0,0,0
121997,1,1,1988,0,0,0,0,6,0,0,0,0,0
121998,1,1,1988,15,12,12,23,15,5,14,25,6,6
121999,0,1,1988,0,0,0,0,0,0,0,0,0,0
121999,1,1,1988,0,0,0,0,0,0,0,0,8,0
122000,1,1,1988,0,0,0,0,0,0,0,6,0,0
122000,2,1,1988,0,0,0,0,0,0,0,0,0,0
122001,1,1,1988,0,0,0,0,0,0,0,0,11,16
122001,2,1,1988,0,0,0,0,0,0,0,0,0,0
122002,1,1,1988,0,0,0,0,0,0,0,0,0,0
122002,2,1,1988,0,0,0,0,0,0,0,0,0,0
122003,1,1,1988,14,14,14,14,14,14,14,14,14,14
122004,0,1,1988,0,0,0,0,0,0,0,0,0,0
122004,0,2,1988,0,0,0,0,0,0,0,0,0,0
122004,1,1,1988,0,0,0,0,0,0,0,0,0,0
122005,0,1,1988,24,24,24,24,24,24,24,24,24,24
122005,1,1,1988,0,9,0,0,0,9,0,0,0,0
122006,1,1,1988,18,18,18,18,18,18,18,18,18,18
122006,2,1,1988,18,18,18,18,18,18,18,18,18,18
122007,0,1,1988,0,0,0,0,0,0,0,0,0,0
122007,1,1,1988,0,0,0,0,0,0,0,0,0,0
122008,1,1,1988,0,0,0,0,0,0,0,0,0,0
122008,2,1,1988,0,0,0,0,0,0,0,0,0,0
122008,3,1,1988,0,0,0,0,0,0,0,0,0,0
122009,0,1,1988,21,21,21,21,21,21,21,21,21,21
122009,1,1,1988,0,13,0,0,0,0,0,0,0,10
122010,1,1,1988,0,0,0,0,0,0,0,0,0,0
122011,1,1,1988,19,19,19,19,19,19,19,19,19,19
122012,1,1,1988,0,0,0,0,0,0,0,0,0,0
122012,2,1,1988,0,0,0,0,0,7,0,0,0,0
122013,0,1,1988,0,0,0,0,0,0,0,0,0,0
122013,1,1,1988,0,0,0,0,0,0,0,0,0,0
122014,1,1,1988,29,0,0,0,0,0,0,0,0,0
122015,1,1,1988,0,0,0,0,0,0,0,0,0,0
122015,2,1,1988,0,0,0,0,0,0,0,0,0,0
122016,1,1,1988,0,0,0,0,0,0,0,0,0,0
122016,2,1,1988,0,0,0,0,0,0,0,0,0,0
122017,0,1,1988,0,0,0,0,0,0,0,0,0,0
122017,1,1,1988,0,0,0,0,0,0,0,0,0,0
122018,1,1,1988,14,24,16,7,8,9,21,8,16,9
122019,1,1,1988,0,0,0,0,0,0,0,0,0,0
122019,2,1,1988,0,0,0,0,0,0,0,0,0,0
122020,0,1,1988,0,0,0,0,0,0,0,0,0,0
122020,1,1,1988,0,0,0,0,0,0,0,0,0,0
122021,0,1,1988,0,0,0,0,19,31,16,0,12,0
122021,1,1,1988,19,0,0,0,0,0,19,0,6,0
122022,1,1,1988,0,0,0,0,0,0,0,0,0,0
122022,2,1,1988,0,0,0,0,0,18,9,0,0,0
122022,3,1,1988,0,0,0,0,0,0,0,0,0,0
122023,0,1,1988,0,0,0,0,0,0,0,0,0,0
122023,1,1,1988,0,0,0,0,0,0,0,0,0,0
122024,1,1,1988,0,0,0,0,0,0,0,0,0,0
122025,1,1,1988,15,15,15,15,15,15,15,15,15,15
122026,1,1,1988,13,0,6,5,11,24,12,14,24,10
122026,2,1,1988,0,0,0,0,0,0,0,0,0,0
122027,1,1,1988,30,30,30,30,30,30,30,30,30,30
122027,2,1,1988,0,0,0,0,0,0,0,0,0,0
122028,0,1,1988,0,32,0,0,27,0,0,0,0,0
122028,1,1,1988,0,0,0,0,0,0,0,0,0,0
122029,1,1,1988,0,0,0,0,0,0,0,0,0,0
122030,1,1,1988,16,16,16,16,16,16,16,16,16,16
122031,0,1,1988,0,0,0,0,0,0,0,0,0,0
122031,1,1,1988,0,0,0,0,0,0,0,0,0,0
122032,1,1,1988,0,0,0,0,0,0,0,0,0,0
122033,0,1,1988,0,0,0,0,0,0,0,0,0,0
122033,1,1,1988,0,0,21,0,0,0,0,3,0,22
122034,1,1,1988,27,27,27,27,27,27,27,27,27,27
122035,1,1,1988,16,16,16,16,16,16,16,16,16,16
122035,2,1,1988,0,0,0,0,0,0,0,0,0,0
122036,1,1,1988,0,0,0,0,0,0,0,0,0,0
122037,1,1,1988,0,0,0,0,0,0,0,0,0,0
122037,2,1,1988,0,0,0,0,0,0,0,0,0,0
122038,0,1,1988,0,0,0,0,0,0,0,0,0,0
122038,1,1,1988,0,0,0,0,0,0,0,0,0,0
122039,0,1,1988,2,2,2,2,2,2,2,2,2,2
122039,1,1,1988,10,0,10,8,11,14,13,10,11,8
122040,1,1,1988,0,0,0,0,0,0,0,0,0,0
122040,2,1,1988,0,0,28,0,0,0,0,0,0,0
122041,1,1,1988,0,0,0,0,0,0,0,0,0,0
122041,2,1,1988,0,0,0,0,0,0,0,0,0,0
122041,3,1,1988,0,0,0,0,0,0,0,0,0,0
122042,0,1,1988,0,0,0,0,0,0,0,0,0,0
122042,1,1,1988,0,0,0,0,0,0,0,0,0,0
122043,1,1,1988,0,0,0,0,0,0,0,0,0,0
122044,1,1,1988,23,23,23,23,23,23,23,23,23,23
122045,0,1,1988,15,15,15,15,15,15,15,15,15,15
122045,1,1,1988,0,13,0,0,0,0,0,0,0,0
122046,0,1,1988,0,0,0,0,0,0,0,0,0,0
122046,1,1,1988,0,3,0,0,0,0,0,0,0,0
122047,1,1,1988,0,0,0,0,0,0,0,0,0,0
122047,2,1,1988,0,0,0,0,0,0,0,0,0,0
122048,1,1,1988,0,0,0,0,0,0,0,0,0,0
122048,2,1,1988,0,0,0,0,0,13,0,0,0,0
122048,3,1,1988,0,0,0,0,0,0,0,0,0,0
122049,1,1,1988,0,0,0,0,0,0,0,0,0,0
122050,1,1,1988,0,0,0,0,0,0,0,0,0,0
122050,2,1,1988,0,0,0,0,0,0,0,0,0,0
122051,0,1,1988,16,19,0,0,0,0,0,0,0,33
122051,1,1,1988,11,0,0,0,0,0,0,0,0,0
122052,0,1,1988,0,0,0,0,0,0,0,0,0,0
122052,1,1,1988,0,0,0,0,0,0,0,0,0,0
122053,1,1,1988,3,15,17,26,0,30,0,0,26,22
122054,1,1,1988,0,0,13,0,0,0,0,0,0,0
122054,2,1,1988,0,0,0,0,0,16,0,0,0,0
122054,3,1,1988,0,0,0,0,0,0,0,0,0,0
122055,0,1,1988,0,0,0,0,0,0,0,0,0,0
122055,1,1,1988,0,0,0,0,0,0,0,0,0,0
122056,1,1,1988,19,19,19,19,19,19,19,19,19,19
122057,1,1,1988,6,6,6,6,6,6,6,6,6,6
122057,2,1,1988,6,6,6,6,6,6,6,6,6,6
122058,1,1,1988,0,0,0,0,0,0,0,0,0,0
122058,2,1,1988,0,0,0,0,0,0,0,0,0,0
122058,3,1,1988,0,0,0,0,0,0,0,0,0,0
122059,1,1,1988,26,26,26,26,26,26,26,26,26,26
122059,2,1,1988,0,0,0,0,0,0,0,0,0,0
122060,1,1,1988,0,0,0,0,0,0,0,0,0,0
122060,2,1,1988,0,0,0,0,0,0,0,0,0,0
122061,1,1,1988,0,0,0,0,0,0,0,0,0,0
122061,2,1,1988,0,13,0,0,0,0,0,0,0,0
122062,1,1,1988,16,16,16,16,16,16,16,16,16,16
122062,2,1,1988,0,6,16,19,0,0,3,13,21,0
122062,3,1,1988,0,12,17,0,0,0,0,13,12,0
122062,4,1,1988,0,0,0,0,0,0,0,0,0,0
122063,0,1,1988,0,15,0,0,0,15,0,0,0,0
122063,0,2,1988,27,45,0,0,5,19,0,0,18,14
122063,1,1,1988,8,12,5,0,0,0,0,20,8,13
122064,1,1,1988,0,0,0,0,0,0,0,0,0,0
122064,2,1,1988,0,0,0,0,0,0,0,0,0,14
122065,1,1,1988,17,17,17,17,17,17,17,17,17,17
122066,1,1,1988,0,0,14,0,0,16,0,0,0,0
122066,2,1,1988,0,0,0,0,0,0,0,0,0,0
122067,0,1,1988,0,0,0,0,0,0,0,0,0,0
122067,1,1,1988,0,0,0,0,0,0,0,0,0,0
122068,1,1,1988,33,33,33,33,33,33,33,33,33,33
122069,1,1,1988,0,0,0,0,0,0,0,0,0,0
122069,2,1,1988,0,0,0,0,0,0,0,0,0,0
122070,1,1,1988,30,30,30,30,30,30,30,30,30,30
122070,2,1,1988,12,0,0,5,0,0,0,0,0,0
122070,3,1,1988,0,0,0,18,0,0,0,0,0,0
122071,1,1,1988,23,23,23,23,23,23,23,23,23,23
122072,1,1,1988,34,34,34,34,34,34,34,34,34,34
122072,2,1,1988,0,0,0,0,0,0,0,0,0,0
122073,1,1,1988,17,23,37,14,27,0,23,21,10,0
122074,1,1,1988,0,0,0,0,0,14,0,16,0,0
122075,1,1,1988,0,0,0,0,0,0,0,0,0,0
122076,0,1,1988,0,0,0,0,0,0,0,22,0,0
122076,1,1,1988,0,13,0,0,0,0,0,12,17,0
122077,0,1,1988,0,0,0,0,0,0,0,0,0,0
122077,1,1,1988,0,0,0,0,0,0,0,0,0,0
122078,1,1,1988,0,0,0,0,0,0,0,0,0,0
122078,2,1,1988,16,0,0,2,14,11,0,10,0,17
122079,0,1,1988,9,0,9,0,0,0,0,0,0,0
122079,1,1,1988,0,0,0,0,0,0,0,0,0,0
122080,1,1,1988,12,12,12,12,12,12,12,12,12,12
122081,0,1,1988,0,0,0,0,0,0,0,0,0,0
122081,1,1,1988,0,0,0,0,0,0,0,0,0,0
122082,1,1,1988,8,8,8,8,8,8,8,8,8,8
122082,2,1,1988,0,0,0,0,0,0,0,0,0,0
122083,0,1,1988,0,0,0,0,0,0,0,0,0,0
122083,1,1,1988,0,0,0,0,0,0,0,0,0,0
122084,1,1,1988,0,0,0,0,0,0,0,0,0,0
122084,2,1,1988,0,0,0,0,0,0,0,0,0,0
122085,1,1,1988,21,21,21,21,21,21,21,21,21,21
122086,1,1,1988,0,0,0,0,0,0,0,0,0,0
122087,1,1,1988,16,16,16,16,16,16,16,16,16,16
122088,0,1,1988,0,0,0,0,0,0,0,0,0,0
122088,1,1,1988,20,20,20,20,20,20,20,20,20,20
122089,1,1,1988,14,14,14,14,14,14,14,14,14,14
122090,1,1,1988,23,23,23,23,23,23,23,23,23,23
122091,1,1,1988,14,14,14,14,14,14,14,14,14,14
122091,2,1,1988,7,7,7,7,7,7,7,7,7,7
122092,1,1,1988,0,0,0,0,0,0,0,0,0,0
122093,1,1,1988,14,14,14,14,14,14,14,14,14,14
122093,2,1,1988,0,0,0,0,0,0,0,0,0,0
122093,3,1,1988,0,0,0,0,0,0,0,0,0,0
122094,1,1,1988,14,14,14,14,14,14,14,14,14,14
122095,1,1,1988,23,23,23,23,23,23,23,23,23,23
122097,1,1,1988,0,0,0,0,0,0,0,0,0,0
122097,2,1,1988,0,0,0,0,0,0,0,0,0,0
122098,1,1,1988,26,26,26,26,26,26,26,26,26,26
122098,2,1,1988,4,4,4,4,4,4,4,4,4,4
122099,1,1,1988,26,26,26,26,26,26,26,26,26,26
122100,1,1,1988,0,0,0,0,0,0,0,0,0,8
122100,2,1,1988,0,0,0,0,0,0,0,0,0,0
122101,0,1,1988,0,0,0,0,0,0,0,0,0,0
122101,1,1,1988,0,0,0,0,0,0,0,0,0,0
122102,1,1,1988,0,0,0,0,0,0,0,0,0,0
122103,1,1,1988,0,0,0,0,0,0,0,0,0,0
122103,2,1,1988,13,0,0,0,0,6,0,0,0,24