ST_CASE,VEH_NO,PER_NO,YEAR,P1,P2,P3,P4,P5,P6,P7,P8,P9,P10
122104,1,1,1988,7,0,11,0,0,0,0,15,0,0
122104,2,1,1988,0,0,0,0,0,0,0,0,2,0
122105,1,1,1988,0,0,0,0,0,0,0,0,0,0
122105,2,1,1988,0,0,0,0,0,0,0,0,0,10
122106,0,1,1988,0,14,30,0,16,0,0,0,7,0
122106,0,2,1988,14,0,14,32,17,23,23,16,18,33
122106,1,1,1988,0,6,0,0,0,0,7,21,5,0
122108,0,1,1988,23,23,23,23,23,23,23,23,23,23
122108,1,1,1988,10,10,10,10,10,10,10,10,10,10
122109,0,1,1988,0,0,0,0,0,0,0,0,0,0
122109,1,1,1988,0,0,0,0,0,0,0,0,0,0
122110,1,1,1988,32,20,15,6,36,0,16,0,21,13
122110,2,1,1988,0,0,0,0,0,0,0,0,0,0
122111,1,1,1988,0,0,0,0,0,0,0,0,0,0
122112,1,1,1988,27,27,27,27,27,27,27,27,27,27
122113,1,1,1988,15,15,15,15,15,15,15,15,15,15
122113,2,1,1988,8,8,8,8,8,8,8,8,8,8
122114,1,1,1988,0,0,0,0,0,0,0,0,0,0
122115,1,1,1988,2,2,2,2,2,2,2,2,2,2
122115,2,1,1988,0,0,0,0,0,0,0,0,0,0
122116,0,1,1988,0,0,0,0,0,0,0,0,0,0
122116,1,1,1988,0,0,0,0,0,0,0,0,18,0
122117,1,1,1988,23,23,23,23,23,23,23,23,23,23
122117,2,1,1988,0,22,0,0,0,0,0,0,0,0
122117,3,1,1988,0,0,0,0,0,0,0,0,0,0
122118,1,1,1988,0,0,0,0,0,0,0,0,0,0
122118,2,1,1988,0,0,0,0,0,0,0,0,0,0
122119,0,1,1988,31,31,31,31,31,31,31,31,31,31
122119,1,1,1988,0,0,0,0,0,0,0,0,0,0
122120,0,1,1988,0,0,0,0,0,0,0,0,0,0
122120,1,1,1988,0,0,0,0,0,0,0,0,0,0
122121,1,1,1988,0,0,0,0,0,0,0,0,0,0
122121,2,1,1988,15,15,15,15,15,15,15,15,15,15
122122,1,1,1988,10,10,10,10,10,10,10,10,10,10
122123,0,1,1988,0,0,0,0,0,0,0,0,0,0
122123,1,1,1988,0,0,0,0,0,0,0,0,0,0
122123,2,1,1988,3,28,0,18,0,0,0,0,0,0
122124,1,1,1988,0,0,0,0,0,0,0,0,0,0
122124,2,1,1988,0,0,0,0,0,0,0,0,0,0
122125,1,1,1988,18,18,18,18,18,18,18,18,18,18
122126,1,1,1988,24,24,24,24,24,24,24,24,24,24
122127,1,1,1988,16,16,16,16,16,16,16,16,16,16
122128,1,1,1988,26,26,26,26,26,26,26,26,26,26
122129,1,1,1988,0,0,0,0,0,0,0,0,17,0
122129,2,1,1988,0,0,0,0,0,0,0,0,0,0
122130,1,1,1988,9,16,0,10,11,0,0,12,0,0
122130,2,1,1988,17,17,17,17,17,17,17,17,17,17
122131,0,1,1988,0,0,0,0,0,0,0,0,0,0
122131,1,1,1988,0,0,0,0,0,0,0,0,0,0
122132,1,1,1988,18,18,18,18,18,18,18,18,18,18
122133,1,1,1988,16,16,16,16,16,16,16,16,16,16
122134,0,1,1988,2,2,2,2,2,2,2,2,2,2
122134,1,1,1988,0,0,0,0,0,0,0,0,0,0
122135,1,1,1988,19,19,19,19,19,19,19,19,19,19
122136,1,1,1988,3,3,3,3,3,3,3,3,3,3
122136,2,1,1988,11,11,3,9,13,20,29,22,9,9
122136,3,1,1988,0,0,0,0,0,0,0,0,0,7
122137,1,1,1988,0,0,0,0,0,0,0,0,0,0
122137,2,1,1988,0,0,0,0,0,0,0,0,0,0
122138,1,1,1988,24,17,0,9,7,31,11,0,0,8
122138,2,1,1988,0,0,0,0,0,0,0,0,0,0
122138,3,1,1988,0,0,0,0,0,0,0,0,0,0
122139,1,1,1988,0,0,0,0,0,0,0,0,0,22
122140,1,1,1988,0,0,0,0,0,0,0,0,0,0
122141,1,1,1988,0,0,0,0,0,0,0,12,0,0
122141,2,1,1988,7,0,0,0,0,0,0,0,0,0
122142,1,1,1988,0,0,0,0,0,0,0,12,0,0
122142,2,1,1988,0,0,0,0,0,0,0,0,0,0
122143,1,1,1988,0,0,0,0,0,0,0,0,0,0
122143,2,1,1988,0,0,0,0,0,0,0,0,6,0
122144,0,1,1988,0,0,0,0,0,0,0,0,0,0
122144,1,1,1988,0,0,0,0,0,0,0,0,0,0
122145,1,1,1988,24,24,24,24,24,24,24,24,24,24
122145,2,1,1988,0,0,0,0,3,0,0,0,0,0
122146,1,1,1988,30,14,13,0,24,22,0,11,9,15
122146,2,1,1988,0,0,0,0,0,0,0,0,0,0
122147,1,1,1988,0,0,0,0,0,0,0,0,0,0
122147,2,1,1988,0,0,0,0,0,0,0,0,0,0
122148,1,1,1988,22,22,22,22,22,22,22,22,22,22
122148,2,1,1988,0,0,0,0,0,0,0,0,0,0
122149,1,1,1988,0,0,0,0,0,0,0,0,14,0
122150,1,1,1988,20,20,20,20,20,20,20,20,20,20
122150,2,1,1988,0,0,0,0,0,0,0,0,0,0
122151,1,1,1988,31,11,18,8,11,12,11,4,16,7
122151,2,1,1988,12,3,5,0,7,9,0,0,15,14
122152,1,1,1988,0,0,0,0,0,0,0,0,0,0
122152,2,1,1988,0,0,0,0,0,0,0,0,0,0
122152,3,1,1988,0,0,0,0,0,0,0,0,0,0
122153,1,1,1988,2,2,2,2,2,2,2,2,2,2
122153,2,1,1988,6,6,6,6,6,6,6,6,6,6
122154,1,1,1988,0,0,0,0,0,0,0,0,0,0
122154,2,1,1988,0,0,0,0,0,0,0,0,0,0
122155,1,1,1988,0,0,0,0,0,0,0,14,0,0
122156,1,1,1988,19,19,19,19,19,19,19,19,19,19
122156,2,1,1988,0,0,31,0,0,0,0,0,0,0
122157,1,1,1988,0,0,0,0,0,0,0,0,0,0
122157,2,1,1988,2,2,2,2,2,2,2,2,2,2
122158,1,1,1988,0,20,0,22,5,0,0,11,0,16
122159,1,1,1988,0,0,0,0,0,0,0,0,0,0
122159,2,1,1988,0,0,0,0,0,0,0,0,0,0
122160,1,1,1988,0,0,0,0,0,0,0,17,0,0
122160,2,1,1988,0,0,0,0,0,0,0,0,0,0
122161,1,1,1988,14,18,11,15,17,33,17,20,20,13
122162,1,1,1988,26,26,26,26,26,26,26,26,26,26
122162,2,1,1988,0,21,16,31,6,23,15,7,13,24
122163,1,1,1988,34,34,34,34,34,34,34,34,34,34
122163,2,1,1988,0,0,0,0,0,0,0,0,0,0
122164,1,1,1988,0,0,0,0,0,0,0,0,0,0
122165,0,1,1988,5,0,0,0,0,18,5,0,0,0
122165,1,1,1988,18,18,18,18,18,18,18,18,18,18
122165,2,1,1988,0,0,0,0,0,0,0,0,0,0
122166,1,1,1988,0,0,0,0,0,0,0,0,0,0
122166,2,1,1988,0,0,0,0,0,0,0,0,0,0
122167,1,1,1988,0,0,0,0,0,0,0,0,0,0
122167,2,1,1988,0,0,0,0,0,0,0,0,0,0
122168,1,1,1988,0,0,0,0,0,0,0,0,0,0
122168,2,1,1988,0,0,0,0,0,0,0,0,0,0
122168,3,1,1988,0,0,0,0,0,0,0,0,0,0
122168,4,1,1988,0,0,0,0,0,0,0,0,0,0
122169,1,1,1988,0,0,0,0,0,0,0,0,0,0
122169,2,1,1988,0,0,0,0,0,0,0,0,0,0
122170,0,1,1988,14,14,14,14,14,14,14,14,14,14
122170,1,1,1988,0,3,0,0,0,0,11,0,0,0
122171,1,1,1988,14,14,14,14,14,14,14,14,14,14
122171,2,1,1988,6,0,0,0,0,0,0,0,0,0
122172,1,1,1988,20,22,8,18,7,15,32,13,0,24
122173,0,1,1988,0,0,0,0,0,0,0,0,0,0
122173,1,1,1988,0,0,0,0,8,0,0,0,0,0
122174,0,1,1988,22,22,22,22,22,22,22,22,22,22
122174,1,1,1988,0,0,0,0,0,0,0,0,0,0
122175,0,1,1988,8,8,8,8,8,8,8,8,8,8
122175,1,1,1988,0,0,0,0,0,0,0,0,0,0
122176,1,1,1988,0,0,0,0,0,0,0,0,0,0
122176,2,1,1988,0,0,0,0,0,0,0,0,0,0
122177,2,1,1988,0,0,0,0,0,0,0,0,0,0
122178,1,1,1988,0,0,0,0,0,0,0,0,0,0
122178,2,1,1988,0,0,0,0,0,0,0,0,0,0
122179,1,1,1988,0,0,0,0,0,0,0,0,0,0
122180,1,1,1988,0,0,0,0,0,0,0,0,0,0
122181,1,1,1988,0,0,0,0,0,0,0,0,0,0
122182,1,1,1988,21,43,38,13,24,26,30,6,23,32
122182,2,1,1988,0,5,23,0,0,17,0,20,18,0
122183,1,1,1988,0,0,0,0,0,0,0,0,0,7
122183,2,1,1988,0,0,0,0,0,0,0,0,0,0
122184,1,1,1988,0,0,0,0,0,0,0,0,0,0
122184,2,1,1988,0,0,0,0,0,0,0,0,0,0
122184,3,1,1988,0,0,0,0,0,0,0,0,0,0
122185,1,1,1988,12,12,12,12,12,12,12,12,12,12
122186,1,1,1988,0,21,0,0,0,0,0,0,0,0
122186,2,1,1988,15,14,15,9,12,0,15,11,4,6
122187,1,1,1988,0,4,15,11,0,15,0,10,0,9
122187,2,1,1988,16,13,24,34,13,12,12,22,7,35
122188,0,1,1988,0,0,25,0,0,0,0,0,0,0
122188,1,1,1988,0,0,0,0,0,0,0,0,0,0
122189,0,1,1988,26,0,6,14,13,0,42,35,0,10
122189,1,1,1988,7,7,0,22,0,0,12,13,0,0
122190,1,1,1988,0,0,0,0,16,0,19,0,0,0
122191,1,1,1988,0,0,0,0,0,0,0,0,0,0
122192,1,1,1988,0,0,0,0,0,0,0,0,0,0
122192,2,1,1988,0,0,0,0,0,0,22,0,0,0
122193,1,1,1988,0,0,0,0,0,0,0,0,0,0
122195,0,1,1988,0,0,0,0,0,0,0,0,0,0
122195,1,1,1988,0,0,0,0,0,0,0,0,0,0
122196,1,1,1988,0,0,0,0,0,0,0,0,0,0
122196,2,1,1988,0,0,0,0,0,0,0,0,0,0
122197,1,1,1988,19,19,19,19,19,19,19,19,19,19
122198,0,1,1988,3,3,3,3,3,3,3,3,3,3
122198,1,1,1988,0,8,0,0,26,0,19,20,0,14
122199,0,1,1988,29,29,29,29,29,29,29,29,29,29
122199,1,1,1988,6,0,1,7,0,0,9,8,11,0
122200,1,1,1988,33,33,33,33,33,33,33,33,33,33
122200,2,1,1988,0,0,0,0,0,0,0,0,0,0
122201,1,1,1988,17,9,17,0,10,0,0,23,16,21
122201,2,1,1988,12,0,9,14,9,19,9,20,0,4
122202,1,1,1988,0,0,0,0,0,0,0,0,0,0
122202,2,1,1988,20,16,19,0,0,0,0,3,0,0
122203,1,1,1988,17,17,17,17,17,17,17,17,17,17
122204,1,1,1988,18,16,0,0,0,0,11,0,15,0
122205,1,1,1988,13,19,18,14,17,12,32,10,20,11
122206,1,1,1988,0,0,0,0,0,0,0,0,0,0
122206,2,1,1988,0,0,0,0,0,0,0,0,0,0
122207,1,1,1988,0,0,0,0,0,0,0,0,0,0
122209,1,1,1988,12,12,23,15,28,28,13,11,36,13
122210,1,1,1988,0,15,23,17,10,9,15,18,30,15
122210,2,1,1988,11,14,0,28,0,0,8,0,20,12
122211,1,1,1988,7,0,0,21,0,0,0,0,0,0
122211,2,1,1988,24,12,0,0,0,0,0,0,0,0
122212,1,1,1988,0,0,0,0,0,0,0,0,0,0
122213,1,1,1988,13,13,13,13,13,13,13,13,13,13
122213,2,1,1988,0,0,0,0,0,0,0,0,0,0
122214,1,1,1988,0,0,0,0,0,0,0,0,0,0
122214,2,1,1988,0,0,0,0,0,0,0,0,0,0
122215,1,1,1988,33,33,33,33,33,33,33,33,33,33
122215,2,1,1988,0,0,0,0,0,0,0,0,0,0
122216,1,1,1988,0,0,0,0,0,0,0,0,0,0
122216,2,1,1988,0,0,0,0,0,0,0,0,0,0
122217,0,1,1988,0,0,0,0,0,0,0,0,0,0
122217,0,2,1988,0,0,23,0,30,0,0,0,0,0
122217,1,1,1988,0,0,0,0,0,0,0,0,0,0
122218,1,1,1988,0,0,0,0,0,0,0,16,0,24
122218,2,1,1988,0,0,0,0,0,0,0,0,0,0
122219,0,1,1988,0,0,0,0,0,0,0,0,0,0
122219,1,1,1988,20,12,16,7,22,12,0,0,0,10
122220,1,1,1988,38,38,38,38,38,38,38,38,38,38
122221,1,1,1988,0,0,0,0,0,0,0,0,0,0
122221,2,1,1988,0,0,0,0,0,0,0,0,0,0
122222,1,1,1988,0,0,0,0,9,0,0,0,0,0
122222,2,1,1988,0,0,0,0,0,0,0,0,0,0
122223,0,1,1988,0,0,0,0,0,0,0,0,0,0
122223,1,1,1988,0,0,0,0,0,0,0,0,0,0
122224,0,1,1988,0,0,0,0,0,0,0,0,0,0
122224,1,1,1988,0,0,0,0,0,0,0,9,0,0
122225,0,1,1988,14,14,14,14,14,14,14,14,14,14
122225,1,1,1988,16,16,16,16,16,16,16,16,16,16
122226,1,1,1988,10,0,0,0,0,4,0,18,0,0
122226,2,1,1988,0,13,0,0,0,0,0,0,0,11
122227,1,1,1988,10,10,10,10,10,10,10,10,10,10
122228,1,1,1988,0,0,0,12,0,0,0,0,0,0
122229,1,1,1988,0,0,0,0,0,0,0,0,0,0
122230,1,1,1988,0,0,0,0,0,0,0,0,0,0
122230,2,1,1988,0,0,0,0,0,0,0,0,0,0
122231,0,1,1988,0,0,0,0,0,0,32,0,15,0
122231,1,1,1988,7,17,10,7,19,14,20,9,17,25
122232,1,1,1988,21,21,21,21,21,21,21,21,21,21
122233,1,1,1988,8,33,15,23,24,12,22,24,9,16
122234,1,1,1988,0,0,0,0,0,0,0,0,0,0
122234,2,1,1988,0,0,0,0,0,0,0,0,0,0
122235,0,1,1988,0,0,0,0,0,0,0,0,0,0
122237,1,1,1988,18,18,18,18,18,18,18,18,18,18
122238,1,1,1988,11,11,11,11,11,11,11,11,11,11
122238,2,1,1988,9,9,9,9,9,9,9,9,9,9
122239,1,1,1988,0,0,0,0,0,0,0,0,0,0
122240,1,1,1988,0,0,0,0,0,0,0,0,0,0
122240,2,1,1988,0,0,0,0,0,0,0,0,0,0
122241,1,1,1988,0,0,0,0,0,0,0,0,0,0
122241,2,1,1988,0,0,0,0,0,0,0,0,0,0
122242,0,1,1988,0,0,0,0,0,0,0,0,0,0
122242,0,2,1988,20,22,21,12,33,32,20,18,18,23
122242,0,3,1988,40,25,23,18,7,13,0,12,38,4
122242,1,1,1988,19,19,19,19,19,19,19,19,19,19
122243,1,1,1988,0,0,0,0,0,0,0,0,0,0
122243,2,1,1988,0,0,0,0,0,0,0,0,0,0
122244,1,1,1988,0,18,10,0,0,0,0,0,0,0
122244,2,1,1988,22,17,7,20,28,24,6,30,13,0
122245,1,1,1988,18,18,18,18,18,18,18,18,18,18
122245,2,1,1988,15,15,15,15,15,15,15,15,15,15
122246,1,1,1988,18,18,18,18,18,18,18,18,18,18
122247,1,1,1988,0,0,0,0,0,0,0,0,0,0
122247,2,1,1988,8,8,8,8,8,8,8,8,8,8
122248,2,1,1988,16,16,16,16,16,16,16,16,16,16
122249,0,1,1988,0,0,0,0,0,0,0,0,0,0
122249,1,1,1988,0,0,0,0,0,0,0,0,0,0
122249,2,1,1988,0,0,0,0,0,0,0,0,0,0
122250,1,1,1988,11,0,0,0,0,0,0,0,0,0
122250,2,1,1988,0,0,0,0,0,0,0,0,0,0
122251,1,1,1988,33,33,33,33,33,33,33,33,33,33
122252,1,1,1988,0,0,0,0,0,0,0,0,0,0
122252,2,1,1988,0,0,0,0,0,0,0,0,0,0
122253,0,1,1988,21,21,21,21,21,21,21,21,21,21
122253,1,1,1988,2,2,2,2,2,2,2,2,2,2
122254,1,1,1988,21,21,21,21,21,21,21,21,21,21
122255,1,1,1988,0,0,0,0,0,0,0,0,0,0
122255,2,1,1988,0,0,0,0,0,0,0,0,0,0
122256,0,1,1988,4,4,4,4,4,4,4,4,4,4
122256,1,1,1988,0,0,0,0,0,0,0,0,0,0
122257,1,1,1988,15,15,15,15,15,15,15,15,15,15
122258,1,1,1988,0,0,0,0,0,0,0,0,0,0
122258,2,1,1988,0,0,0,0,9,0,0,0,0,0
122259,1,1,1988,0,0,0,0,0,0,0,0,0,0
122260,1,1,1988,0,0,0,0,0,0,0,0,0,0
122260,2,1,1988,0,0,0,0,0,0,0,0,0,0
122261,1,1,1988,0,0,0,0,0,0,0,0,0,0
122262,1,1,1988,13,13,13,13,13,13,13,13,13,13
122263,1,1,1988,19,19,19,19,19,19,19,19,19,19
122264,1,1,1988,21,21,21,21,21,21,21,21,21,21
122265,1,1,1988,25,31,13,10,18,11,19,30,21,26
122265,2,1,1988,0,0,0,0,0,0,0,0,0,0
122265,3,1,1988,0,0,0,0,0,0,0,0,0,8
122266,0,1,1988,0,10,0,0,0,0,0,0,29,0
122266,0,2,1988,30,26,0,14,19,34,0,35,14,13
122266,0,3,1988,20,0,9,0,24,32,19,12,19,9
122266,1,1,1988,0,0,0,0,0,0,0,0,0,0
122267,1,1,1988,22,22,22,22,22,22,22,22,22,22
122267,2,1,1988,0,0,0,0,0,0,0,0,0,0
122268,1,1,1988,0,0,0,0,21,0,0,0,0,16
122268,2,1,1988,0,0,0,0,0,0,0,0,0,0
122269,0,1,1988,0,0,0,0,0,0,0,0,0,0
122269,1,1,1988,0,0,0,0,0,0,0,0,0,0
122270,1,1,1988,0,0,0,0,0,0,0,19,0,0
122270,2,1,1988,8,8,8,8,8,8,8,8,8,8
122271,1,1,1988,12,18,17,0,18,0,27,30,14,20
122272,1,1,1988,0,0,0,0,0,0,0,0,0,0
122273,0,1,1988,0,0,0,0,0,0,0,0,0,0
122273,1,1,1988,0,0,0,0,0,0,0,0,0,0
122274,0,1,1988,10,10,10,10,10,10,10,10,10,10
122274,1,1,1988,0,0,0,0,0,0,0,0,0,0
122275,1,1,1988,0,0,0,0,0,0,0,0,0,0
122275,2,1,1988,0,0,0,0,0,0,0,0,0,0
122276,1,1,1988,1,1,1,1,1,1,1,1,1,1
122277,1,1,1988,0,0,0,0,0,0,0,0,0,0
122277,2,1,1988,0,0,0,0,0,0,0,0,0,0
122277,3,1,1988,0,0,0,0,0,0,0,0,0,0
122278,0,1,1988,3,3,3,3,3,3,3,3,3,3
122278,1,1,1988,0,0,0,29,0,0,0,0,0,0
122279,1,1,1988,0,0,0,0,0,0,0,0,0,0
122279,2,1,1988,0,0,0,0,0,0,0,0,0,0
122280,1,1,1988,8,8,8,8,8,8,8,8,8,8
122280,2,1,1988,0,0,0,0,0,0,0,0,0,0
122281,1,1,1988,15,34,14,30,7,25,18,27,20,10
122281,2,1,1988,2,2,2,2,2,2,2,2,2,2
122282,1,1,1988,4,4,4,4,4,4,4,4,4,4
122283,0,1,1988,24,24,24,24,24,24,24,24,24,24
122283,1,1,1988,5,5,5,5,5,5,5,5,5,5
122284,1,1,1988,0,0,0,0,0,0,0,0,0,0
122284,2,1,1988,0,0,0,0,0,0,0,0,0,0
122285,0,1,1988,17,17,17,17,17,17,17,17,17,17
122285,1,1,1988,0,0,0,0,0,21,0,0,0,0
122286,1,1,1988,0,0,4,0,0,0,0,0,0,0
122286,2,1,1988,25,0,19,21,0,23,18,27,37,18
122287,0,1,1988,23,23,23,23,23,23,23,23,23,23
122287,1,1,1988,0,0,0,0,0,0,0,12,0,0
122288,1,1,1988,0,0,0,0,0,0,0,0,0,0
122289,1,1,1988,13,0,17,26,17,22,10,33,23,51
122289,2,1,1988,0,26,0,0,16,0,0,0,0,0
122290,1,1,1988,0,0,0,0,0,0,0,0,0,0
122290,2,1,1988,0,0,19,0,0,0,0,0,0,0
122291,1,1,1988,17,17,17,17,17,17,17,17,17,17
122292,1,1,1988,0,0,0,0,0,0,0,0,0,0
122293,1,1,1988,0,0,0,0,0,0,0,0,0,0
122294,1,1,1988,0,0,0,0,0,0,0,0,0,0
122294,2,1,1988,0,0,0,0,0,0,0,0,0,0
122295,1,1,1988,0,0,0,0,0,0,0,0,0,10
122295,2,1,1988,0,0,0,0,0,0,0,0,0,0
122295,3,1,1988,0,0,0,0,0,0,0,0,0,0
122296,0,1,1988,17,24,0,0,11,21,6,0,45,17
122296,1,1,1988,0,0,0,40,13,0,40,18,11,4
122297,0,1,1988,33,33,33,33,33,33,33,33,33,33
122297,1,1,1988,0,0,0,0,0,0,0,0,0,0
122298,1,1,1988,6,6,6,6,6,6,6,6,6,6
122299,1,1,1988,17,17,17,17,17,17,17,17,17,17
122299,2,1,1988,0,0,0,0,0,0,0,0,0,0
122300,1,1,1988,21,21,21,21,21,21,21,21,21,21
122301,1,1,1988,2,2,2,2,2,2,2,2,2,2
122302,0,1,1988,0,0,0,0,0,0,0,0,0,0
122302,1,1,1988,18,0,0,0,6,0,0,0,0,0
122303,1,1,1988,5,0,15,21,25,12,37,0,14,41
122304,0,1,1988,15,0,12,31,0,14,0,0,14,0
122304,1,1,1988,0,0,0,0,0,23,0,0,0,0
122305,1,1,1988,0,0,0,0,0,0,0,0,0,0
122306,1,1,1988,11,7,17,14,22,0,12,12,6,10
122306,2,1,1988,0,0,0,0,0,0,0,0,0,0
122307,1,1,1988,30,30,30,30,30,30,30,30,30,30
122308,0,1,1988,1,1,1,1,1,1,1,1,1,1
122308,1,1,1988,4,4,4,4,4,4,4,4,4,4
122309,1,1,1988,0,0,0,0,0,0,0,0,0,0
122309,2,1,1988,0,0,0,0,0,0,0,0,0,0
122310,0,1,1988,0,0,0,0,0,0,0,0,0,0
122310,1,1,1988,5,0,39,20,0,5,11,0,6,15
122310,2,1,1988,29,33,7,13,4,10,15,29,17,27
122311,0,1,1988,0,0,0,0,0,0,0,0,0,0
122311,1,1,1988,0,0,0,0,0,0,0,0,0,0
122313,0,1,1988,0,0,0,0,0,0,0,0,0,0
122313,1,1,1988,22,0,0,0,0,0,0,0,0,0
122314,1,1,1988,0,0,0,0,0,0,0,0,0,0
122315,1,1,1988,0,0,0,0,0,0,0,20,0,0
122315,2,1,1988,0,0,0,0,0,0,0,0,31,0
122316,1,1,1988,25,25,25,25,25,25,25,25,25,25
122316,2,1,1988,0,0,0,0,0,0,0,0,0,0
122317,1,1,1988,29,29,29,29,29,29,29,29,29,29
122318,1,1,1988,0,0,0,0,0,0,8,14,0,0
122318,2,1,1988,0,0,0,0,0,0,0,0,0,0
122319,1,1,1988,0,0,0,0,0,0,0,0,0,0
122319,2,1,1988,0,0,0,0,0,0,0,0,0,0
122320,1,1,1988,0,0,0,0,0,0,0,0,0,0
122320,2,1,1988,0,0,0,0,0,0,0,0,0,0
122320,3,1,1988,0,0,0,0,0,0,0,0,0,0
122321,1,1,1988,13,13,13,13,13,13,13,13,13,13
122321,2,1,1988,4,4,4,4,4,4,4,4,4,4
122322,0,1,1988,0,0,0,0,0,0,0,0,0,0
122322,1,1,1988,0,5,0,0,0,0,0,3,0,0
122323,1,1,1988,39,22,34,10,21,7,22,4,16,0
122324,1,1,1988,0,0,0,0,0,0,0,0,0,0
122324,2,1,1988,20,20,20,20,20,20,20,20,20,20
122325,1,1,1988,0,0,0,0,0,0,0,0,0,0
122325,2,1,1988,0,0,0,0,0,0,0,0,0,0
122326,0,1,1988,0,0,0,0,0,0,0,0,0,0
122326,1,1,1988,13,13,13,13,13,13,13,13,13,13
122327,1,1,1988,0,0,0,0,0,0,0,0,0,0
122328,1,1,1988,12,0,17,0,9,26,5,10,5,6
122329,1,1,1988,0,0,0,0,0,0,0,0,0,0
122330,0,1,1988,0,0,0,0,0,0,0,0,0,0
122330,0,2,1988,0,0,34,14,0,9,0,4,22,11
122330,1,1,1988,0,0,0,0,0,9,0,0,0,0
122331,1,1,1988,0,0,0,0,0,0,0,0,0,0
122331,2,1,1988,0,0,0,0,0,0,7,0,0,0
122331,3,1,1988,0,0,0,0,0,0,0,0,0,0
122332,1,1,1988,7,0,0,0,0,0,0,0,0,0
122332,2,1,1988,0,0,0,0,0,0,0,0,0,0
122332,3,1,1988,0,0,0,0,0,0,0,0,0,0
122332,4,1,1988,0,0,0,0,0,0,0,0,0,0
122333,1,1,1988,15,0,18,11,0,16,0,9,6,7
122333,2,1,1988,0,0,0,0,0,0,18,15,0,0
122334,0,1,1988,2,2,2,2,2,2,2,2,2,2
122334,1,1,1988,0,0,0,0,0,0,0,0,0,9
122335,0,1,1988,0,0,0,0,0,0,0,0,0,0
122335,1,1,1988,0,0,0,0,0,0,0,0,0,0
122335,2,1,1988,0,0,0,0,0,0,0,0,0,0
122336,1,1,1988,2,0,0,0,0,0,0,0,0,0
122336,2,1,1988,0,0,0,0,0,0,0,0,0,0
122337,1,1,1988,11,11,11,11,11,11,11,11,11,11
122337,2,1,1988,0,0,0,0,0,0,0,0,0,0
122337,3,1,1988,0,0,0,0,0,0,0,0,0,0
122338,1,1,1988,20,0,0,0,0,0,0,0,0,0
122338,2,1,1988,0,0,0,0,0,0,0,0,0,0
122339,1,1,1988,10,0,0,0,0,0,0,0,0,0
122339,2,1,1988,15,15,15,15,15,15,15,15,15,15
122340,1,1,1988,15,15,15,15,15,15,15,15,15,15
122340,2,1,1988,0,0,0,0,0,0,0,0,0,0
122341,0,1,1988,21,21,21,21,21,21,21,21,21,21
122341,1,1,1988,0,0,0,8,0,21,0,20,0,0
122342,0,1,1988,5,5,5,5,5,5,5,5,5,5
122342,0,2,1988,11,11,11,11,11,11,11,11,11,11
122342,1,1,1988,0,3,0,0,0,0,0,0,0,0
122343,1,1,1988,0,0,0,0,0,0,0,0,0,0
122343,2,1,1988,0,0,0,0,0,0,0,0,0,0
122344,0,1,1988,0,0,0,0,0,0,0,0,10,20
122344,1,1,1988,0,0,0,0,0,0,0,0,0,0
122345,1,1,1988,20,20,20,20,20,20,20,20,20,20
122346,0,1,1988,0,0,0,0,0,0,0,0,0,0
122346,1,1,1988,0,0,0,0,0,0,0,0,15,0
122347,1,1,1988,0,0,0,0,0,0,0,0,0,0
122347,2,1,1988,0,0,0,0,0,0,0,0,0,0
122348,1,1,1988,0,0,20,0,3,0,0,0,0,0
122348,2,1,1988,0,0,10,0,23,27,0,0,0,0
122349,1,1,1988,0,0,0,11,0,25,11,0,13,23
122350,0,1,1988,0,0,0,0,0,0,0,0,0,0
122350,1,1,1988,0,0,0,0,8,0,0,0,0,0
122351,0,1,1988,0,0,0,0,0,0,0,0,0,0
122351,1,1,1988,0,0,0,0,0,0,0,0,0,0
122352,1,1,1988,8,10,0,8,10,7,0,23,5,5
122352,2,1,1988,0,0,10,0,0,0,0,0,0,0
122353,1,1,1988,0,0,0,0,0,0,0,0,0,0
122353,2,1,1988,0,0,0,15,0,0,0,0,0,0
122353,3,1,1988,0,0,0,0,12,0,0,9,0,0
122354,1,1,1988,5,5,5,5,5,5,5,5,5,5
122355,1,1,1988,0,0,0,0,12,21,0,0,0,0
122356,0,1,1988,0,0,0,0,0,0,0,0,0,0
122356,1,1,1988,0,0,0,0,0,0,0,0,0,0
122357,1,1,1988,0,0,0,0,0,0,0,0,0,0
122357,2,1,1988,0,0,17,0,0,0,0,0,0,0
122358,1,1,1988,0,0,0,0,0,0,0,0,0,0
122359,1,1,1988,24,24,24,24,24,24,24,24,24,24
122360,1,1,1988,29,29,29,29,29,29,29,29,29,29
122361,0,1,1988,0,0,0,0,0,0,0,0,0,0
122361,1,1,1988,0,0,0,7,0,0,0,0,0,0
122362,0,1,1988,0,8,18,22,0,0,0,0,0,0
122362,1,1,1988,0,0,0,0,0,0,0,0,0,0
122362,2,1,1988,8,0,7,21,0,0,0,0,0,15
122363,1,1,1988,23,23,23,23,23,23,23,23,23,23
122364,1,1,1988,15,15,15,15,15,15,15,15,15,15
122364,2,1,1988,0,0,0,0,0,0,0,0,16,22
122365,1,1,1988,0,0,0,0,0,0,10,0,0,0
122365,2,1,1988,6,0,0,0,0,0,0,0,0,11
122366,1,1,1988,23,23,23,23,23,23,23,23,23,23