ST_CASE,VEH_NO,PER_NO,YEAR,P1,P2,P3,P4,P5,P6,P7,P8,P9,P10
122367,1,1,1988,3,3,3,3,3,3,3,3,3,3
122367,2,1,1988,0,0,0,0,0,0,0,0,0,0
122368,1,1,1988,0,0,0,0,0,0,0,0,0,0
122368,2,1,1988,0,0,0,0,0,0,0,0,0,0
122368,3,1,1988,0,0,0,0,0,0,0,0,0,0
122369,1,1,1988,22,22,22,22,22,22,22,22,22,22
122370,1,1,1988,0,0,0,0,0,0,0,0,0,0
122370,2,1,1988,0,0,0,0,0,0,0,0,0,0
122371,0,1,1988,0,0,0,21,0,0,0,0,0,0
122371,1,1,1988,0,0,0,0,0,0,0,0,0,0
122372,1,1,1988,17,15,30,0,19,26,0,0,33,13
122373,1,1,1988,9,19,12,0,0,22,5,14,29,0
122373,2,1,1988,0,0,0,0,8,0,0,0,0,0
122374,0,1,1988,24,24,24,24,24,24,24,24,24,24
122374,1,1,1988,15,7,25,14,17,10,5,14,15,9
122375,1,1,1988,24,19,23,43,31,38,18,21,52,33
122376,1,1,1988,19,19,19,19,19,19,19,19,19,19
122377,1,1,1988,15,15,15,15,15,15,15,15,15,15
122378,0,1,1988,21,21,21,21,21,21,21,21,21,21
122378,1,1,1988,0,0,0,0,0,0,0,0,0,0
122378,2,1,1988,0,0,0,0,0,0,0,0,0,0
122378,3,1,1988,0,0,0,0,0,0,0,0,0,0
122379,1,1,1988,0,0,0,0,0,0,0,0,0,0
122379,2,1,1988,0,0,0,0,0,0,0,0,0,0
122380,1,1,1988,9,9,9,9,9,9,9,9,9,9
122381,0,1,1988,37,37,37,37,37,37,37,37,37,37
122381,1,1,1988,16,26,0,3,0,0,21,0,0,0
122381,2,1,1988,0,0,0,0,0,0,0,0,0,0
122382,1,1,1988,0,0,0,0,0,0,0,0,0,0
122382,2,1,1988,14,14,14,14,14,14,14,14,14,14
122383,0,1,1988,0,0,0,0,0,0,0,0,0,0
122383,0,2,1988,0,0,0,0,0,0,0,0,0,0
122383,1,1,1988,0,0,0,0,0,0,0,0,0,0
122384,0,1,1988,27,27,27,27,27,27,27,27,27,27
122384,1,1,1988,0,0,0,9,0,0,0,0,0,0
122385,1,1,1988,23,23,23,23,23,23,23,23,23,23
122385,2,1,1988,0,0,0,0,0,0,0,0,0,0
122386,1,1,1988,21,21,21,21,21,21,21,21,21,21
122387,1,1,1988,0,0,0,0,0,0,0,0,0,0
122387,2,1,1988,0,0,0,0,0,0,0,0,0,0
122388,0,1,1988,0,0,0,0,0,0,0,0,0,0
122388,0,2,1988,0,0,0,0,0,0,0,0,0,10
122388,1,1,1988,0,0,0,0,0,0,0,0,0,0
122389,0,1,1988,27,27,27,27,27,27,27,27,27,27
122389,1,1,1988,0,0,0,0,0,0,0,0,0,6
122390,1,1,1988,25,25,25,25,25,25,25,25,25,25
122391,1,1,1988,0,0,0,0,0,0,0,0,0,0
122391,2,1,1988,0,0,0,0,0,0,0,0,0,0
122392,0,1,1988,34,34,34,34,34,34,34,34,34,34
122392,1,1,1988,0,0,0,12,0,0,0,0,0,10
122393,1,1,1988,0,0,0,0,0,0,0,0,0,0
122394,0,1,1988,33,10,30,29,43,13,7,25,38,28
122394,0,2,1988,6,36,26,20,21,28,20,14,20,4
122394,1,1,1988,0,0,0,0,0,0,0,0,0,0
122395,1,1,1988,0,0,0,0,0,0,0,0,0,0
122395,2,1,1988,0,0,0,0,0,0,0,0,0,0
122396,1,1,1988,0,0,0,0,0,0,0,0,0,0
122396,2,1,1988,0,0,0,0,0,0,0,0,0,0
122397,0,1,1988,0,0,0,0,0,0,0,0,0,0
122397,1,1,1988,0,0,0,0,0,0,0,0,0,0
122398,1,1,1988,0,0,0,0,0,0,0,0,0,0
122399,0,1,1988,0,0,0,0,0,0,0,0,0,0
122399,1,1,1988,0,0,0,0,0,0,0,0,0,0
122400,1,1,1988,4,4,4,4,4,4,4,4,4,4
122401,0,1,1988,0,0,0,0,0,0,0,19,0,0
122401,1,1,1988,0,0,0,0,0,0,0,0,0,0
122402,1,1,1988,0,0,0,0,0,0,0,0,0,0
122402,2,1,1988,0,0,0,0,0,0,0,0,0,0
122403,1,1,1988,20,20,20,20,20,20,20,20,20,20
122404,1,1,1988,0,0,0,0,0,0,0,0,0,0
122404,2,1,1988,0,0,0,0,0,0,0,0,0,0
122404,3,1,1988,0,0,0,0,0,0,0,0,0,0
122404,4,1,1988,0,0,0,0,0,0,0,0,0,0
122405,1,1,1988,0,0,12,0,0,0,16,0,0,0
122405,2,1,1988,0,0,0,0,0,0,0,0,0,0
122406,0,1,1988,14,14,14,14,14,14,14,14,14,14
122406,1,1,1988,7,7,7,7,7,7,7,7,7,7
122407,0,1,1988,27,27,27,27,27,27,27,27,27,27
122407,1,1,1988,0,0,0,0,6,0,0,0,0,0
122408,1,1,1988,0,0,0,0,0,0,0,0,0,0
122408,2,1,1988,0,0,0,0,0,0,9,0,0,0
122409,1,1,1988,17,17,17,17,17,17,17,17,17,17
122410,0,1,1988,0,0,9,0,0,0,0,0,0,0
122410,1,1,1988,0,0,0,0,0,0,0,0,0,0
122411,0,1,1988,21,0,0,0,0,0,23,30,26,0
122411,1,1,1988,13,0,0,0,0,0,5,4,7,0
122412,0,1,1988,0,0,0,0,0,0,0,0,0,0
122412,1,1,1988,0,0,0,0,0,0,0,0,0,0
122413,1,1,1988,0,0,0,4,8,0,21,0,0,15
122413,2,1,1988,0,0,0,0,0,0,0,0,0,0
122413,3,1,1988,0,0,0,0,0,0,0,0,0,0
122414,1,1,1988,0,0,0,0,0,0,0,0,0,0
122414,2,1,1988,0,0,0,0,0,0,0,0,0,0
122415,0,1,1988,0,0,0,0,0,0,0,0,0,0
122415,1,1,1988,11,0,0,0,0,0,0,0,0,0
122416,1,1,1988,0,0,0,0,0,0,0,0,0,0
122416,2,1,1988,0,0,0,0,0,0,0,0,0,20
122416,3,1,1988,0,0,0,0,0,0,0,0,5,0
122418,1,1,1988,44,44,44,44,44,44,44,44,44,44
122419,1,1,1988,0,0,0,6,0,0,0,0,0,0
122419,2,1,1988,0,0,0,0,0,0,0,0,0,0
122420,1,1,1988,0,0,2,0,0,0,0,0,0,0
122420,2,1,1988,0,0,0,0,0,0,0,0,0,0
122421,1,1,1988,0,0,0,0,0,0,0,0,0,0
122421,2,1,1988,0,0,0,0,0,0,0,0,0,0
122422,1,1,1988,12,12,12,12,12,12,12,12,12,12
122422,2,1,1988,2,0,0,11,0,0,0,0,0,0
122423,1,1,1988,0,0,0,0,0,0,0,0,0,0
122423,2,1,1988,0,0,0,0,0,0,0,0,0,0
122424,1,1,1988,7,7,7,7,7,7,7,7,7,7
122424,2,1,1988,4,4,4,4,4,4,4,4,4,4
122425,1,1,1988,0,0,0,0,0,0,0,0,0,0
122426,1,1,1988,33,33,33,33,33,33,33,33,33,33
122427,1,1,1988,23,23,23,23,23,23,23,23,23,23
122428,1,1,1988,15,15,15,15,15,15,15,15,15,15
122428,2,1,1988,0,0,0,0,0,0,0,0,0,0
122429,1,1,1988,29,29,29,29,29,29,29,29,29,29
122430,1,1,1988,0,0,0,0,0,0,0,0,0,0
122430,2,1,1988,0,0,0,0,0,0,0,0,0,0
122431,1,1,1988,18,18,18,18,18,18,18,18,18,18
122431,2,1,1988,0,0,0,0,28,0,0,0,0,0
122432,1,1,1988,0,0,0,0,0,0,0,12,0,0
122432,2,1,1988,0,0,0,0,0,0,0,0,0,0
122433,1,1,1988,0,0,0,0,0,0,0,0,0,0
122433,2,1,1988,0,0,0,0,0,0,0,0,0,0
122434,1,1,1988,0,0,0,0,0,0,0,0,0,0
122434,2,1,1988,0,0,0,0,0,0,0,0,0,0
122435,1,1,1988,20,20,20,20,20,20,20,20,20,20
122435,2,1,1988,0,0,0,0,0,0,0,0,0,0
122436,1,1,1988,0,0,8,0,0,0,0,0,0,10
122437,1,1,1988,0,0,0,0,0,0,0,0,0,0
122437,2,1,1988,0,0,0,0,0,0,0,0,0,0
122439,1,1,1988,0,21,19,8,11,0,0,13,16,0
122440,0,1,1988,15,0,0,7,32,21,0,0,0,16
122440,1,1,1988,0,21,0,4,6,12,0,28,17,0
122441,1,1,1988,19,19,19,19,19,19,19,19,19,19
122442,0,1,1988,0,0,0,0,0,0,0,0,0,0
122442,1,1,1988,0,0,0,0,0,0,0,0,0,0
122443,0,1,1988,23,23,23,23,23,23,23,23,23,23
122443,1,1,1988,0,0,0,0,0,0,0,0,0,0
122444,1,1,1988,0,0,0,0,0,0,0,0,0,0
122444,2,1,1988,0,0,0,0,0,0,0,0,0,0
122445,1,1,1988,0,0,0,0,0,0,0,0,0,0
122445,2,1,1988,0,0,0,0,0,0,0,0,0,0
122445,3,1,1988,0,0,0,0,0,0,0,0,0,0
122446,1,1,1988,0,0,0,0,0,0,0,0,0,0
122446,2,1,1988,0,0,0,0,0,0,0,0,0,0
122447,1,1,1988,17,0,0,0,0,0,0,0,0,0
122447,2,1,1988,11,10,5,26,36,26,12,3,0,4
122448,1,1,1988,0,0,0,0,0,0,0,0,0,0
122448,2,1,1988,0,0,0,0,0,0,0,0,0,0
122449,1,1,1988,0,0,0,0,0,0,0,0,0,0
122449,2,1,1988,0,0,0,0,0,0,9,0,0,24
122450,1,1,1988,0,0,0,0,0,0,0,0,0,0
122450,2,1,1988,0,0,0,0,0,0,0,0,0,0
122451,1,1,1988,0,0,0,0,0,0,0,0,0,0
122451,2,1,1988,0,0,0,0,0,9,0,0,0,0
122452,1,1,1988,0,0,0,0,0,0,0,0,0,0
122452,2,1,1988,12,12,12,12,12,12,12,12,12,12
122453,1,1,1988,6,28,26,18,23,8,14,0,0,20
122453,2,1,1988,0,0,0,0,0,0,0,22,0,0
122454,1,1,1988,0,0,0,0,0,0,0,0,0,0
122454,2,1,1988,24,50,0,0,17,0,0,0,17,0
122455,0,1,1988,0,0,0,0,0,0,0,0,0,0
122455,1,1,1988,0,0,0,0,0,0,0,0,0,0
122456,1,1,1988,0,0,0,0,0,0,0,0,0,0
122457,0,1,1988,22,22,22,22,22,22,22,22,22,22
122457,1,1,1988,0,0,0,0,0,0,0,0,0,0
122458,1,1,1988,11,11,11,11,11,11,11,11,11,11
122458,2,1,1988,0,0,0,0,0,0,0,0,0,0
122458,3,1,1988,0,0,0,0,0,0,0,0,0,0
122459,1,1,1988,0,0,0,0,0,0,0,0,0,0
122459,2,1,1988,0,0,0,0,0,0,0,0,0,0
122460,1,1,1988,3,3,3,3,3,3,3,3,3,3
122460,2,1,1988,0,0,0,0,0,0,0,0,0,0
122461,1,1,1988,0,0,0,0,0,0,0,0,0,0
122461,2,1,1988,8,31,0,46,3,0,19,10,19,25
122462,0,1,1988,30,30,30,30,30,30,30,30,30,30
122462,1,1,1988,0,0,0,0,0,0,0,0,0,0
122463,1,1,1988,0,0,0,0,0,0,0,0,0,0
122463,2,1,1988,0,0,0,0,0,0,0,0,29,0
122464,0,1,1988,0,0,0,0,0,0,0,0,0,0
122464,1,1,1988,0,0,0,0,0,0,0,0,0,0
122465,1,1,1988,23,16,18,10,11,12,13,7,9,12
122465,2,1,1988,0,0,0,0,0,0,0,0,0,0
122466,1,1,1988,0,0,0,0,0,0,0,0,0,0
122467,1,1,1988,0,0,0,0,0,0,0,0,0,0
122467,2,1,1988,0,0,0,0,0,0,0,0,0,0
122468,1,1,1988,10,10,10,10,10,10,10,10,10,10
122469,1,1,1988,0,0,0,0,18,0,0,27,34,22
122470,1,1,1988,0,0,0,0,0,0,0,0,0,0
122470,2,1,1988,0,9,0,10,0,32,0,0,0,0
122471,0,1,1988,0,0,0,0,0,0,0,0,0,0
122471,1,1,1988,0,0,0,0,0,0,0,0,0,0
122472,1,1,1988,19,19,19,19,19,19,19,19,19,19
122473,0,1,1988,19,0,17,0,0,0,0,0,0,0
122473,1,1,1988,16,0,0,20,14,10,0,0,0,0
122474,1,1,1988,20,20,20,20,20,20,20,20,20,20
122475,1,1,1988,0,0,0,0,0,0,0,0,0,0
122476,1,1,1988,0,0,0,0,0,0,0,0,0,0
122477,0,1,1988,0,0,0,0,0,0,0,0,0,0
122477,1,1,1988,0,0,0,0,0,0,0,0,0,0
122477,2,1,1988,0,0,0,0,0,0,0,0,0,0
122477,3,1,1988,0,0,0,0,0,0,0,0,0,0
122478,1,1,1988,22,22,22,22,22,22,22,22,22,22
122479,1,1,1988,0,0,0,0,0,0,0,0,0,0
122479,2,1,1988,0,0,0,0,0,17,0,0,0,0
122480,1,1,1988,27,27,27,27,27,27,27,27,27,27
122480,2,1,1988,0,0,0,0,0,0,0,0,0,0
122481,1,1,1988,0,0,0,0,0,0,0,0,0,0
122481,2,1,1988,0,0,0,0,0,0,0,0,0,0
122482,1,1,1988,0,0,0,11,0,0,0,0,0,0
122482,2,1,1988,0,0,0,0,0,0,0,0,0,0
122483,1,1,1988,0,17,0,17,9,13,12,15,24,14
122484,0,1,1988,12,12,12,12,12,12,12,12,12,12
122484,0,2,1988,8,8,8,8,8,8,8,8,8,8
122484,1,1,1988,0,0,0,0,0,0,0,0,0,0
122485,0,1,1988,0,0,0,0,0,0,0,0,0,0
122485,1,1,1988,0,0,0,0,0,0,0,0,0,0
122486,1,1,1988,5,5,5,5,5,5,5,5,5,5
122487,1,1,1988,3,3,3,3,3,3,3,3,3,3
122487,2,1,1988,19,19,19,19,19,19,19,19,19,19
122488,1,1,1988,23,23,23,23,23,23,23,23,23,23
122489,1,1,1988,0,0,0,0,0,0,0,0,0,0
122489,2,1,1988,4,0,13,11,0,0,0,0,12,16
122490,0,1,1988,15,15,15,15,15,15,15,15,15,15
122490,1,1,1988,13,26,14,11,23,8,20,0,26,0
122491,1,1,1988,0,0,0,0,0,0,0,0,0,0
122491,2,1,1988,0,0,0,0,0,0,0,0,0,0
122492,1,1,1988,0,0,0,0,0,0,0,25,0,0
122493,0,1,1988,0,0,0,0,0,0,0,0,0,0
122493,1,1,1988,0,0,0,0,0,19,0,0,0,0
122495,1,1,1988,0,0,0,0,0,0,0,0,0,0
122496,1,1,1988,23,23,23,23,23,23,23,23,23,23
122496,2,1,1988,0,0,0,0,0,0,0,0,0,0
122497,1,1,1988,22,22,22,22,22,22,22,22,22,22
122498,1,1,1988,21,21,21,21,21,21,21,21,21,21
122498,2,1,1988,0,0,0,0,0,0,0,0,0,0
122499,0,1,1988,39,39,39,39,39,39,39,39,39,39
122499,1,1,1988,0,0,0,0,0,0,0,0,0,0
122499,2,1,1988,0,0,0,0,0,0,0,0,0,0
122499,3,1,1988,26,0,0,4,0,0,8,2,0,0
122500,1,1,1988,0,0,0,9,0,0,0,33,0,8
122500,2,1,1988,0,0,0,0,0,0,0,7,0,0
122501,1,1,1988,0,0,0,0,0,0,0,0,0,0
122501,2,1,1988,0,0,0,0,0,0,0,0,0,0
122503,0,1,1988,24,24,24,24,24,24,24,24,24,24
122503,0,2,1988,3,21,0,0,9,12,13,0,0,0
122503,1,1,1988,0,0,0,0,0,0,0,0,0,0
122504,1,1,1988,0,0,0,0,0,0,0,0,0,0
122504,2,1,1988,0,0,0,0,0,0,0,0,0,0
122505,1,1,1988,0,0,0,26,0,0,0,0,0,0
122505,2,1,1988,0,0,0,0,13,0,23,0,0,0
122506,1,1,1988,0,0,0,0,0,0,0,0,0,0
122507,1,1,1988,22,25,22,50,21,18,14,12,23,6
122508,1,1,1988,20,18,9,12,11,21,0,18,15,16
122509,1,1,1988,15,15,15,15,15,15,15,15,15,15
122510,1,1,1988,0,0,0,0,0,0,0,0,0,0
122510,2,1,1988,0,0,0,0,0,0,0,0,0,0
122511,1,1,1988,0,0,0,0,0,0,0,0,0,0
122511,2,1,1988,0,0,0,0,0,0,0,0,0,0
122512,1,1,1988,37,37,37,37,37,37,37,37,37,37
122513,0,1,1988,2,2,2,2,2,2,2,2,2,2
122513,0,2,1988,0,0,28,0,0,0,0,0,0,0
122513,1,1,1988,0,0,0,0,0,0,0,0,0,0
122514,1,1,1988,0,0,0,0,0,0,0,0,0,0
122514,2,1,1988,8,0,0,0,0,0,0,0,0,0
122515,0,1,1988,0,0,0,0,0,0,0,0,0,0
122515,1,1,1988,0,0,0,0,0,0,0,0,0,0
122516,1,1,1988,13,13,13,13,13,13,13,13,13,13
122516,2,1,1988,0,0,0,0,0,0,0,0,0,0
122517,1,1,1988,1,1,1,1,1,1,1,1,1,1
122517,2,1,1988,0,0,0,0,0,0,0,0,0,0
122518,1,1,1988,0,0,0,0,0,0,0,0,0,0
122518,2,1,1988,0,0,0,0,0,0,0,0,0,0
122519,1,1,1988,0,0,0,0,0,0,0,0,0,0
122520,1,1,1988,2,2,2,2,2,2,2,2,2,2
122521,1,1,1988,6,6,6,6,6,6,6,6,6,6
122521,2,1,1988,0,0,0,0,0,0,0,0,0,0
122522,1,1,1988,0,0,0,0,0,0,0,0,0,0
122522,2,1,1988,0,0,43,0,0,0,0,11,0,19
122523,1,1,1988,20,7,21,0,11,16,23,20,17,19
122524,1,1,1988,0,0,0,0,0,0,0,0,0,0
122525,1,1,1988,0,0,0,0,0,0,0,0,0,0
122525,2,1,1988,0,0,0,0,0,0,0,0,0,0
122526,0,1,1988,0,0,0,0,0,0,0,0,0,0
122526,1,1,1988,0,0,0,0,0,0,0,0,0,0
122527,1,1,1988,0,0,0,0,0,0,0,0,0,0
122527,2,1,1988,0,0,0,0,0,0,0,0,0,0
122528,1,1,1988,18,18,18,18,18,18,18,18,18,18
122529,1,1,1988,0,0,0,0,0,0,0,0,0,0
122529,2,1,1988,0,0,0,0,0,0,0,0,0,0
122530,1,1,1988,0,0,0,0,0,0,0,0,0,0
122530,2,1,1988,0,0,0,0,0,0,0,0,0,0
122531,1,1,1988,35,35,35,35,35,35,35,35,35,35
122531,2,1,1988,4,4,4,4,4,4,4,4,4,4
122532,1,1,1988,0,0,0,0,0,0,0,23,0,0
122532,2,1,1988,0,0,0,0,0,0,0,0,0,0
122533,1,1,1988,0,0,0,0,0,0,0,0,0,0
122533,2,1,1988,0,0,0,0,0,0,0,0,0,0
122534,1,1,1988,0,0,0,0,0,0,0,0,0,0
122534,2,1,1988,13,13,13,13,13,13,13,13,13,13
122535,1,1,1988,0,0,0,0,0,0,0,0,0,0
122535,2,1,1988,0,0,0,0,0,0,0,8,0,0
122536,1,1,1988,0,0,0,0,0,0,0,0,0,0
122536,2,1,1988,0,0,0,0,0,0,0,0,0,0
122537,1,1,1988,28,28,28,28,28,28,28,28,28,28
122538,0,1,1988,0,0,6,0,39,0,21,23,0,0
122538,1,1,1988,0,0,0,0,0,0,0,0,0,0
122539,1,1,1988,21,21,21,21,21,21,21,21,21,21
122539,2,1,1988,0,0,0,0,0,0,0,0,0,0
122540,0,1,1988,15,0,0,0,0,0,0,0,0,0
122540,1,1,1988,0,0,0,0,0,0,0,0,0,0
122541,0,1,1988,0,0,0,0,0,0,0,0,0,0
122541,1,1,1988,0,0,0,0,0,0,0,0,0,0
122542,0,1,1988,0,0,0,0,0,0,0,0,0,0
122542,1,1,1988,0,0,0,0,0,0,0,0,0,0
122542,2,1,1988,0,0,0,0,0,0,0,0,0,0
122543,0,1,1988,3,3,3,3,3,3,3,3,3,3
122543,1,1,1988,0,0,0,0,0,0,0,0,0,0
122544,0,1,1988,29,24,0,0,0,0,18,0,24,0
122544,1,1,1988,0,0,0,0,0,0,0,0,0,0
122545,1,1,1988,13,18,0,19,20,9,11,21,0,0
122546,1,1,1988,0,0,0,0,0,0,0,0,0,0
122546,2,1,1988,0,0,0,0,0,0,0,0,0,0
122547,1,1,1988,16,0,34,0,16,9,8,0,15,12
122548,1,1,1988,8,38,27,8,12,17,16,0,17,15
122549,0,1,1988,0,0,0,0,0,0,23,0,0,0
122549,0,2,1988,0,0,28,0,0,15,0,0,27,29
122549,1,1,1988,0,0,0,0,0,0,0,0,0,0
122550,0,1,1988,0,0,0,0,0,0,0,0,0,0
122550,1,1,1988,0,0,0,0,0,0,0,0,0,0
122551,0,1,1988,27,27,27,27,27,27,27,27,27,27
122551,1,1,1988,23,0,0,0,0,0,0,0,0,0
122552,1,1,1988,0,0,0,0,0,0,0,0,0,0
122553,1,1,1988,9,9,9,9,9,9,9,9,9,9
122554,1,1,1988,0,0,0,0,0,0,0,0,0,0
122555,0,1,1988,0,0,0,0,0,0,0,0,0,0
122555,1,1,1988,10,0,0,0,0,0,0,0,0,0
122556,1,1,1988,10,10,10,10,10,10,10,10,10,10
122556,2,1,1988,0,0,3,0,0,0,0,0,0,0
122557,0,1,1988,0,0,0,0,0,0,0,0,0,0
122557,1,1,1988,0,0,0,0,0,0,0,0,0,0
122558,1,1,1988,0,0,0,0,0,0,5,0,0,0
122559,1,1,1988,0,0,0,0,17,0,5,0,0,0
122559,2,1,1988,0,0,0,0,0,18,0,0,0,0
122560,1,1,1988,11,11,11,11,11,11,11,11,11,11
122560,2,1,1988,0,0,0,0,0,0,0,0,0,0
122561,1,1,1988,0,0,0,0,0,0,0,0,0,0
122561,2,1,1988,15,15,15,15,15,15,15,15,15,15
122561,3,1,1988,0,0,0,0,0,0,0,0,0,0
122561,4,1,1988,0,0,0,0,0,0,0,0,0,0
122562,1,1,1988,15,9,16,18,11,13,35,12,5,14
122563,1,1,1988,0,6,0,0,0,0,15,0,0,0
122563,2,1,1988,28,28,28,28,28,28,28,28,28,28
122564,1,1,1988,18,18,18,18,18,18,18,18,18,18
122565,1,1,1988,17,17,17,17,17,17,17,17,17,17
122566,1,1,1988,39,39,39,39,39,39,39,39,39,39
122567,1,1,1988,16,16,16,16,16,16,16,16,16,16
122567,2,1,1988,0,0,0,0,0,0,0,0,0,0
122568,1,1,1988,17,0,0,0,0,0,0,0,0,0
122569,1,1,1988,0,0,0,0,0,0,0,0,0,0
122569,2,1,1988,0,0,0,0,0,0,0,0,0,10
122570,1,1,1988,0,0,0,0,0,0,0,0,0,0
122571,1,1,1988,16,0,0,0,0,0,0,0,0,0
122571,2,1,1988,0,0,0,0,0,0,0,0,0,0
122572,1,1,1988,16,16,16,16,16,16,16,16,16,16
122572,2,1,1988,0,0,4,0,0,0,0,0,0,0
122573,1,1,1988,0,0,0,0,0,0,0,0,0,0
122573,2,1,1988,0,0,0,0,0,0,0,0,0,0
122574,1,1,1988,0,0,0,0,0,0,0,0,0,0
122574,2,1,1988,0,0,0,0,0,0,0,0,0,0
122575,1,1,1988,0,0,0,0,0,0,0,0,0,0
122575,2,1,1988,0,0,0,0,0,0,0,0,0,0
122576,1,1,1988,0,0,0,0,0,0,0,0,0,0
122576,2,1,1988,0,0,0,0,0,0,0,0,0,0
122577,1,1,1988,0,0,0,0,0,0,0,0,0,0
122578,1,1,1988,21,21,21,21,21,21,21,21,21,21
122578,2,1,1988,10,0,0,0,0,0,0,0,0,0
122579,1,1,1988,0,0,0,0,0,0,0,0,0,0
122579,2,1,1988,0,11,0,0,0,0,0,0,0,0
122579,3,1,1988,0,0,0,0,0,0,0,0,0,0
122580,1,1,1988,0,0,0,0,0,0,0,0,0,0
122581,1,1,1988,20,20,20,20,20,20,20,20,20,20
122582,1,1,1988,19,19,19,19,19,19,19,19,19,19
122582,2,1,1988,19,19,19,19,19,19,19,19,19,19
122583,1,1,1988,0,0,0,0,0,0,0,0,0,0
122583,2,1,1988,11,11,11,11,11,11,11,11,11,11
122584,1,1,1988,0,0,0,0,0,0,0,0,0,0
122584,2,1,1988,5,5,5,5,5,5,5,5,5,5
122585,0,1,1988,0,12,0,0,0,0,0,0,0,0
122585,1,1,1988,13,34,10,0,5,9,16,13,22,6
122586,1,1,1988,17,17,17,17,17,17,17,17,17,17
122587,1,1,1988,17,17,17,17,17,17,17,17,17,17
122588,1,1,1988,28,28,28,28,28,28,28,28,28,28
122589,1,1,1988,0,0,0,0,0,0,0,0,0,0
122590,1,1,1988,0,0,18,0,0,0,14,0,0,0
122591,1,1,1988,0,0,0,0,0,0,0,0,0,0
122591,2,1,1988,0,0,0,0,0,0,0,0,0,29
122591,3,1,1988,0,0,0,0,0,0,0,0,0,0
122592,1,1,1988,0,0,0,0,0,0,0,0,0,0
122592,2,1,1988,0,0,0,0,0,0,0,0,0,0
122593,1,1,1988,0,10,0,5,0,16,21,9,14,0
122594,0,1,1988,25,25,25,25,25,25,25,25,25,25
122594,1,1,1988,0,0,0,0,0,0,0,0,0,0
122595,1,1,1988,0,0,0,0,0,0,0,0,0,0
122595,2,1,1988,0,0,0,0,0,0,0,0,0,34
122596,1,1,1988,0,0,0,0,0,0,0,0,0,0
122596,2,1,1988,0,0,0,0,0,0,0,0,0,0
122597,0,1,1988,0,0,0,0,0,0,0,0,0,0
122597,1,1,1988,0,0,0,0,4,0,0,0,13,0
122598,1,1,1988,17,17,17,17,17,17,17,17,17,17
122599,1,1,1988,0,0,0,0,0,0,0,0,17,0
122599,2,1,1988,0,0,0,0,0,0,0,0,0,0
122600,1,1,1988,16,16,16,16,16,16,16,16,16,16
122600,2,1,1988,0,0,0,0,0,0,0,0,0,0
122601,0,1,1988,7,7,7,7,7,7,7,7,7,7
122601,1,1,1988,0,0,0,0,0,0,0,0,0,0
122602,0,1,1988,28,28,28,28,28,28,28,28,28,28
122602,1,1,1988,0,0,0,0,0,0,0,0,0,0
122603,1,1,1988,19,19,19,19,19,19,19,19,19,19
122604,0,1,1988,18,18,18,18,18,18,18,18,18,18
122604,1,1,1988,0,0,0,0,0,0,0,0,0,0
122605,1,1,1988,0,0,0,0,0,0,0,0,0,0
122605,2,1,1988,0,0,0,0,0,0,0,0,0,0
122606,1,1,1988,0,0,0,0,0,0,0,0,0,0
122606,2,1,1988,0,0,0,0,0,0,0,0,0,0
122606,3,1,1988,0,0,0,0,0,0,0,0,0,0
122607,1,1,1988,11,11,11,11,11,11,11,11,11,11
122608,1,1,1988,10,10,10,10,10,10,10,10,10,10
122609,1,1,1988,17,17,17,17,17,17,17,17,17,17
122610,1,1,1988,19,19,19,19,19,19,19,19,19,19
122610,2,1,1988,19,19,19,19,19,19,19,19,19,19
122611,1,1,1988,23,23,23,23,23,23,23,23,23,23
122612,1,1,1988,0,0,0,0,0,0,0,0,0,0
122612,2,1,1988,0,0,0,0,0,0,0,0,0,0
122613,0,1,1988,10,20,32,11,18,33,0,41,25,0
122613,1,1,1988,0,0,0,0,0,0,0,0,0,0
122614,1,1,1988,19,19,19,19,19,19,19,19,19,19
122615,1,1,1988,0,0,0,0,0,0,0,0,0,0
122615,2,1,1988,22,22,22,22,22,22,22,22,22,22
122616,1,1,1988,0,0,0,0,0,0,0,0,0,0
122617,1,1,1988,6,0,13,10,0,0,15,19,11,11
122618,0,1,1988,8,41,0,0,0,0,21,0,0,0
122618,1,1,1988,12,0,0,15,18,23,0,0,0,12
122619,1,1,1988,0,0,0,0,0,0,0,0,0,0
122620,0,1,1988,27,27,27,27,27,27,27,27,27,27
122620,1,1,1988,0,0,0,0,0,0,0,0,0,0
122621,1,1,1988,0,0,0,0,0,0,0,0,0,0
122622,1,1,1988,0,0,0,0,0,0,0,0,0,0
122622,2,1,1988,0,0,0,0,0,0,0,0,0,0
122623,1,1,1988,0,0,0,0,0,0,0,16,36,0
122624,1,1,1988,0,0,0,0,0,0,0,0,0,0
122625,1,1,1988,0,0,0,0,0,0,0,0,0,0
122625,2,1,1988,0,0,0,0,0,0,0,0,0,0
122626,1,1,1988,6,0,12,14,17,15,9,6,22,16
122628,0,1,1988,20,24,27,23,0,0,0,32,0,0
122628,1,1,1988,0,8,0,0,0,0,0,23,0,0
122629,0,1,1988,0,0,9,0,0,0,0,0,0,0
122629,1,1,1988,0,0,0,0,0,0,0,0,0,0
122630,0,1,1988,0,0,0,0,0,0,0,0,0,0
122630,1,1,1988,0,0,0,0,0,0,0,0,0,0
122631,1,1,1988,2,2,2,2,2,2,2,2,2,2
122632,1,1,1988,0,0,0,0,0,0,0,0,0,0
122632,2,1,1988,0,0,0,0,0,0,0,0,0,0
122633,0,1,1988,0,0,0,0,0,0,0,0,0,0