ST_CASE,VEH_NO,PER_NO,YEAR,P1,P2,P3,P4,P5,P6,P7,P8,P9,P10
122633,1,1,1988,0,0,0,0,0,0,0,0,0,0
122634,1,1,1988,0,0,0,0,0,0,0,0,0,9
122634,2,1,1988,0,0,0,0,0,0,0,0,0,17
122635,0,1,1988,0,0,0,0,0,0,0,0,0,0
122635,1,1,1988,0,0,0,0,0,15,0,0,0,0
122636,0,1,1988,23,0,23,33,19,0,43,34,20,0
122636,1,1,1988,0,0,0,0,0,0,0,0,0,0
122637,1,1,1988,0,0,0,0,0,0,0,0,0,0
122638,1,1,1988,13,0,0,9,0,0,13,0,18,0
122639,1,1,1988,9,9,9,9,9,9,9,9,9,9
122639,2,1,1988,8,8,8,8,8,8,8,8,8,8
122640,0,1,1988,21,9,30,8,39,0,0,14,22,51
122640,1,1,1988,5,12,14,0,0,0,0,14,0,0
122640,2,1,1988,0,0,0,0,0,14,0,0,0,0
122641,0,1,1988,10,11,0,0,0,10,11,13,9,0
122641,0,2,1988,18,0,11,7,8,8,32,9,9,24
122641,1,1,1988,35,24,0,15,0,10,26,20,0,0
122642,1,1,1988,0,0,0,0,0,0,0,0,0,0
122642,2,1,1988,16,20,0,10,11,21,28,0,8,7
122643,1,1,1988,0,0,0,0,0,0,0,0,0,0
122643,2,1,1988,0,0,0,0,0,0,0,0,0,0
122644,0,1,1988,0,0,0,0,0,0,0,0,0,0
122644,1,1,1988,0,0,0,0,0,0,0,0,0,0
122645,0,1,1988,0,6,11,0,0,17,19,0,0,27
122645,1,1,1988,0,3,0,6,20,0,3,0,0,9
122646,1,1,1988,0,0,0,0,0,0,11,0,0,8
122646,2,1,1988,0,0,0,0,0,0,0,0,0,0
122647,0,1,1988,0,0,0,0,0,0,0,0,10,0
122647,1,1,1988,0,0,0,0,0,0,0,0,0,0
122647,2,1,1988,0,0,0,0,0,0,0,0,0,0
122648,1,1,1988,22,22,22,22,22,22,22,22,22,22
122649,1,1,1988,0,0,0,0,0,0,0,0,0,0
122649,2,1,1988,0,0,0,0,20,0,0,0,14,0
122649,3,1,1988,0,0,0,0,0,0,0,0,0,0
122650,1,1,1988,21,21,21,21,21,21,21,21,21,21
122651,1,1,1988,9,9,9,9,9,9,9,9,9,9
122652,0,1,1988,14,14,14,14,14,14,14,14,14,14
122652,1,1,1988,0,0,0,0,0,0,0,0,0,0
122653,1,1,1988,0,0,0,0,0,0,0,0,0,0
122653,2,1,1988,0,0,0,0,0,0,0,0,0,0
122655,1,1,1988,0,0,0,0,0,0,0,0,0,0
122656,1,1,1988,6,0,0,0,0,0,20,0,0,0
122656,2,1,1988,11,0,35,12,28,0,21,29,0,12
122657,1,1,1988,0,0,0,0,0,0,0,0,0,0
122657,2,1,1988,0,0,0,0,0,0,0,0,0,0
122659,1,1,1988,22,22,22,22,22,22,22,22,22,22
122659,2,1,1988,0,0,0,0,0,0,0,0,0,0
122660,0,1,1988,31,31,12,22,0,22,23,21,5,15
122660,1,1,1988,0,0,0,0,0,0,0,0,0,0
122661,1,1,1988,0,0,16,24,0,33,21,26,0,11
122662,1,1,1988,0,0,0,0,0,0,0,0,0,0
122662,2,1,1988,0,0,0,0,0,0,0,0,0,0
122663,1,1,1988,0,0,0,0,0,0,0,0,0,0
122663,2,1,1988,0,0,0,0,0,0,0,0,0,0
122664,1,1,1988,0,0,0,0,0,0,0,0,0,0
122664,2,1,1988,0,0,0,0,0,0,0,0,0,0
122665,0,1,1988,32,32,32,32,32,32,32,32,32,32
122665,1,1,1988,7,7,7,7,7,7,7,7,7,7
122666,1,1,1988,24,24,24,24,24,24,24,24,24,24
122666,2,1,1988,10,0,0,0,0,0,0,0,0,0
122667,0,1,1988,0,0,31,0,0,0,0,0,0,0
122667,1,1,1988,0,0,0,0,0,0,0,0,0,0
122668,1,1,1988,18,14,6,0,0,8,0,23,8,9
122669,1,1,1988,0,0,0,0,0,0,0,0,0,0
122669,2,1,1988,0,0,0,0,0,0,0,0,0,0
122670,0,1,1988,0,0,0,0,0,0,0,0,0,0
122670,1,1,1988,0,0,0,0,0,0,0,0,0,0
122671,1,1,1988,0,0,0,0,0,0,0,0,0,0
122672,1,1,1988,0,0,0,0,0,0,0,0,0,0
122672,2,1,1988,0,0,0,0,0,0,0,0,0,0
122673,1,1,1988,0,0,0,0,0,0,0,0,0,0
122673,2,1,1988,0,0,0,0,0,0,0,0,0,0
122674,1,1,1988,0,0,0,0,0,0,0,0,0,0
122674,2,1,1988,0,0,0,0,0,18,0,0,0,0
122675,1,1,1988,0,0,0,0,0,0,0,0,0,0
122675,2,1,1988,0,0,0,0,0,0,0,0,0,0
122676,1,1,1988,0,0,0,0,0,0,0,0,0,10
122676,2,1,1988,0,5,0,0,0,0,0,0,0,0
122678,0,1,1988,0,0,0,0,0,0,0,0,0,0
122678,1,1,1988,0,0,0,0,0,0,0,0,0,0
122678,2,1,1988,0,0,0,0,0,0,0,0,0,0
122679,0,1,1988,27,27,27,27,27,27,27,27,27,27
122679,1,1,1988,0,0,0,0,0,0,0,0,0,0
122680,1,1,1988,17,16,17,0,19,18,0,0,0,0
122680,2,1,1988,0,0,0,0,0,0,0,0,0,0
122681,1,1,1988,0,0,0,0,0,0,0,0,0,0
122681,2,1,1988,0,0,0,0,0,0,0,0,0,0
122681,3,1,1988,0,0,0,0,0,0,0,0,0,0
122682,1,1,1988,27,27,27,27,27,27,27,27,27,27
122683,1,1,1988,0,0,0,0,0,0,0,0,0,0
122683,2,1,1988,0,0,0,0,0,0,0,0,0,0
122684,1,1,1988,0,0,0,0,0,0,0,0,0,0
122685,0,1,1988,19,0,0,0,0,0,0,0,0,17
122685,1,1,1988,0,0,0,0,0,0,0,0,0,0
122686,0,1,1988,14,14,14,14,14,14,14,14,14,14
122686,1,1,1988,0,5,7,0,9,8,0,0,0,0
122687,0,1,1988,11,11,11,11,11,11,11,11,11,11
122687,1,1,1988,0,0,0,0,0,0,0,0,0,0
122688,1,1,1988,0,0,0,0,0,0,0,0,0,0
122688,2,1,1988,0,0,0,0,0,0,0,0,0,0
122689,0,1,1988,27,27,27,27,27,27,27,27,27,27
122689,1,1,1988,0,11,0,14,0,0,0,0,0,9
122690,0,1,1988,0,0,0,0,0,0,0,0,0,0
122690,1,1,1988,0,0,0,0,0,0,0,0,0,0
122691,1,1,1988,0,0,0,0,0,0,0,0,0,0
122691,2,1,1988,0,0,0,0,0,0,0,0,0,0
122692,0,1,1988,38,38,38,38,38,38,38,38,38,38
122692,1,1,1988,0,0,0,0,0,0,0,0,0,0
122693,1,1,1988,19,19,19,19,19,19,19,19,19,19
122694,1,1,1988,26,26,26,26,26,26,26,26,26,26
122694,2,1,1988,0,0,0,33,0,0,0,0,0,0
122695,1,1,1988,21,21,21,21,21,21,21,21,21,21
122695,2,1,1988,0,3,0,0,0,0,0,0,0,0
122695,3,1,1988,0,0,0,0,0,0,0,0,0,0
122696,1,1,1988,22,22,22,22,22,22,22,22,22,22
122697,0,1,1988,21,21,21,21,21,21,21,21,21,21
122697,1,1,1988,0,0,0,0,0,0,0,0,0,0
122698,1,1,1988,22,22,22,22,22,22,22,22,22,22
122699,1,1,1988,0,0,0,0,0,0,0,0,0,0
122699,2,1,1988,0,0,0,11,20,0,28,15,0,32
122699,3,1,1988,0,0,0,0,0,0,0,0,7,0
122700,1,1,1988,0,0,0,0,0,0,0,0,0,0
122700,2,1,1988,0,0,0,0,0,0,0,0,0,0
122701,1,1,1988,27,27,27,27,27,27,27,27,27,27
122701,2,1,1988,0,0,0,0,0,0,0,0,0,0
122702,1,1,1988,18,18,18,18,18,18,18,18,18,18
122702,2,1,1988,0,0,0,0,0,0,0,0,0,0
122703,1,1,1988,15,15,15,15,15,15,15,15,15,15
122704,1,1,1988,0,0,0,0,0,0,0,0,0,0
122704,2,1,1988,0,0,0,0,0,0,0,0,0,0
122704,3,1,1988,0,0,0,0,0,0,0,0,0,0
122704,4,1,1988,0,0,0,0,0,0,0,0,0,0
122705,0,1,1988,32,27,11,11,18,21,11,7,37,7
122705,1,1,1988,0,0,0,0,0,0,0,0,0,0
122706,1,1,1988,0,0,0,0,0,0,0,0,0,0
122706,2,1,1988,0,0,0,0,0,0,0,0,0,0
122707,1,1,1988,0,0,0,0,0,0,0,0,0,0
122708,0,1,1988,21,33,14,15,54,21,13,22,20,42
122708,1,1,1988,0,0,0,0,0,0,0,0,0,19
122709,1,1,1988,13,0,12,29,12,16,11,0,0,11
122710,1,1,1988,0,0,0,0,0,0,0,0,0,0
122710,2,1,1988,0,0,0,0,0,0,0,0,0,0
122711,0,1,1988,0,0,10,0,21,11,11,0,0,0
122711,1,1,1988,0,0,0,0,0,0,0,0,0,0
122712,0,1,1988,0,0,0,0,0,0,0,0,0,0
122712,1,1,1988,0,0,0,0,0,0,0,0,0,0
122713,1,1,1988,29,29,29,29,29,29,29,29,29,29
122714,1,1,1988,0,0,0,0,0,0,0,0,0,0
122715,1,1,1988,0,0,0,0,0,0,0,0,0,0
122716,1,1,1988,2,2,2,2,2,2,2,2,2,2
122717,0,1,1988,19,19,18,14,13,22,25,18,18,8
122717,1,1,1988,0,0,0,0,0,0,0,0,0,0
122718,1,1,1988,0,0,0,0,0,0,0,0,0,0
122718,2,1,1988,0,0,0,0,0,16,0,0,0,0
122719,1,1,1988,35,35,35,35,35,35,35,35,35,35
122719,2,1,1988,0,0,0,0,0,0,0,0,0,0
122719,3,1,1988,0,0,0,0,0,0,0,0,0,0
122720,0,1,1988,0,0,0,0,0,0,0,0,0,0
122720,1,1,1988,0,13,0,0,19,8,0,0,0,5
122722,0,1,1988,0,0,0,0,0,0,0,0,0,0
122722,1,1,1988,0,0,0,0,0,0,0,0,0,0
122723,1,1,1988,25,25,25,25,25,25,25,25,25,25
122724,1,1,1988,0,0,0,0,0,0,0,0,0,0
122724,2,1,1988,11,28,0,0,0,0,0,0,0,10
122725,1,1,1988,0,0,0,0,0,0,0,17,14,0
122725,2,1,1988,0,0,0,0,0,0,0,0,9,0
122726,1,1,1988,0,0,0,0,0,0,0,0,0,0
122726,2,1,1988,0,0,0,0,0,0,0,0,0,0
122727,1,1,1988,0,0,0,0,0,20,0,0,0,0
122727,2,1,1988,14,9,11,11,17,0,30,0,17,6
122728,1,1,1988,0,0,0,0,0,0,0,0,0,0
122728,2,1,1988,0,0,0,0,0,0,0,0,0,0
122729,1,1,1988,0,0,0,0,0,0,0,0,0,0
122729,2,1,1988,0,0,0,0,0,0,0,0,0,0
122730,0,1,1988,0,0,0,0,0,0,0,0,0,0
122730,1,1,1988,0,0,0,0,0,0,0,0,0,0
122731,0,1,1988,0,0,0,0,0,27,0,0,0,0
122731,1,1,1988,0,0,0,0,7,0,0,0,0,0
122732,1,1,1988,17,17,17,17,17,17,17,17,17,17
122733,0,1,1988,0,0,0,0,0,0,0,0,0,0
122733,1,1,1988,0,0,0,0,0,0,0,0,0,0
122734,1,1,1988,0,0,0,0,0,0,0,0,0,0
122734,2,1,1988,0,0,0,0,0,0,0,0,0,0
122735,0,1,1988,8,0,0,0,0,21,0,0,15,0
122735,1,1,1988,0,16,12,0,0,0,33,13,7,24
122737,1,1,1988,0,0,0,0,0,0,0,0,0,0
122737,2,1,1988,0,0,0,0,0,0,0,0,0,0
122738,1,1,1988,0,0,0,0,0,0,0,0,0,0
122738,2,1,1988,0,0,0,0,0,0,0,0,0,0
122739,0,1,1988,0,0,0,0,0,0,0,0,0,0
122739,1,1,1988,0,9,0,0,20,0,0,0,0,8
122740,1,1,1988,0,0,0,0,0,0,0,0,0,0
122740,2,1,1988,0,0,0,0,0,0,0,0,0,0
122741,0,1,1988,15,0,0,0,0,0,0,11,0,0
122741,1,1,1988,0,0,0,0,0,0,0,0,0,0
122742,1,1,1988,0,0,0,9,0,0,0,15,0,0
122742,2,1,1988,0,0,0,0,0,0,0,0,0,0
122742,3,1,1988,0,0,0,0,7,0,0,0,0,0
122743,0,1,1988,0,0,0,0,0,0,0,0,0,0
122743,1,1,1988,0,0,0,0,0,0,0,0,0,0
122744,0,1,1988,0,0,0,0,0,0,0,0,0,0
122744,1,1,1988,11,0,0,0,0,0,18,0,0,0
122745,1,1,1988,0,0,0,0,0,0,0,0,0,0
122745,2,1,1988,0,0,0,0,0,0,0,0,0,0
122746,1,1,1988,0,0,0,0,16,0,0,21,0,9
122746,2,1,1988,0,0,0,0,0,0,13,0,0,0
122747,1,1,1988,27,27,27,27,27,27,27,27,27,27
122748,1,1,1988,0,0,0,0,0,0,0,0,0,0
122748,2,1,1988,0,0,0,0,0,0,0,0,0,0
122748,3,1,1988,0,0,0,0,0,0,0,0,0,0
122749,0,1,1988,12,12,12,12,12,12,12,12,12,12
122749,1,1,1988,0,0,0,0,0,0,0,0,0,0
122750,1,1,1988,0,0,0,0,0,0,0,0,0,0
122750,2,1,1988,0,0,0,0,4,25,0,0,0,0
122750,3,1,1988,0,0,0,0,0,0,0,0,0,0
122751,1,1,1988,0,0,0,0,0,0,0,0,0,0
122752,1,1,1988,0,0,0,0,0,0,0,0,0,0
122752,2,1,1988,0,0,0,0,0,0,0,0,0,0
122753,0,1,1988,0,0,0,0,0,0,0,0,0,0
122753,1,1,1988,0,0,0,0,0,0,16,0,0,0
122754,1,1,1988,0,0,0,0,0,0,0,0,0,0
122754,2,1,1988,0,0,0,0,0,0,0,0,0,0
122754,3,1,1988,0,0,0,0,0,0,0,0,0,0
122755,1,1,1988,0,0,0,0,0,0,0,0,0,0
122755,2,1,1988,0,0,0,0,0,0,0,0,0,0
122756,1,1,1988,0,0,19,0,0,0,0,0,0,0
122756,2,1,1988,0,0,0,0,0,0,0,0,0,0
122757,1,1,1988,0,0,0,0,0,0,0,0,0,0
122758,0,1,1988,0,0,0,0,0,0,0,0,0,0
122758,1,1,1988,0,0,0,0,0,0,0,0,0,0
122759,1,1,1988,0,0,0,0,0,0,0,0,0,0
122760,1,1,1988,29,21,28,13,17,33,7,18,16,17
122761,1,1,1988,0,0,0,0,0,0,0,0,0,0
122761,2,1,1988,0,0,0,0,0,0,32,0,0,0
122762,1,1,1988,0,0,23,0,0,0,14,0,6,0
122763,0,1,1988,0,0,0,0,9,0,0,31,0,0
122763,1,1,1988,0,0,0,0,0,0,0,0,0,0
122764,1,1,1988,0,0,0,0,0,0,0,0,0,0
122764,2,1,1988,0,0,0,0,0,0,0,0,0,0
122765,0,1,1988,0,0,0,0,0,0,0,0,0,0
122765,1,1,1988,0,0,0,0,0,0,0,0,0,0
122766,1,1,1988,0,0,0,0,0,0,0,0,0,0
122767,1,1,1988,0,23,0,0,0,0,0,0,0,0
122767,2,1,1988,0,0,0,0,0,0,0,0,0,0
122768,1,1,1988,19,19,19,19,19,19,19,19,19,19
122768,2,1,1988,0,0,0,0,0,0,0,0,0,0
122768,3,1,1988,0,0,0,0,0,0,0,0,0,0
122768,4,1,1988,0,0,0,0,0,0,0,0,0,0
122768,5,1,1988,0,0,0,0,0,0,0,0,0,0
122769,1,1,1988,22,22,22,22,22,22,22,22,22,22
122770,0,1,1988,0,0,0,0,0,0,0,0,0,0
122770,1,1,1988,0,0,0,0,0,0,0,0,0,0
122772,0,1,1988,32,32,32,32,32,32,32,32,32,32
122772,1,1,1988,0,0,0,0,0,0,0,0,0,0
122773,0,1,1988,0,0,0,0,0,0,12,0,0,0
122773,1,1,1988,0,0,0,0,0,0,0,0,0,0
122773,2,1,1988,0,0,10,0,0,0,0,0,0,0
122774,0,1,1988,0,35,0,0,0,0,10,18,0,0
122774,1,1,1988,0,0,0,0,0,0,0,0,0,0
122775,1,1,1988,0,0,0,0,0,0,10,0,12,0
122776,1,1,1988,2,2,2,2,2,2,2,2,2,2
122776,2,1,1988,0,0,0,0,0,0,0,0,0,0
122777,0,1,1988,0,0,0,0,0,0,0,0,0,0
122777,0,2,1988,0,0,0,0,0,8,0,0,0,11
122777,1,1,1988,0,0,0,0,0,0,0,0,0,0
122779,1,1,1988,0,0,0,16,0,0,0,0,0,0
122780,0,1,1988,0,0,0,0,0,0,0,0,0,0
122780,1,1,1988,0,0,0,0,0,0,0,0,0,0
122781,1,1,1988,0,0,19,0,0,0,0,0,0,0
122782,1,1,1988,0,0,0,0,0,0,0,0,0,0
122782,2,1,1988,0,0,18,22,20,0,11,0,0,15
122783,0,1,1988,0,0,0,0,0,0,0,0,0,0
122783,1,1,1988,0,0,0,0,0,0,0,0,0,0
122784,1,1,1988,0,16,21,0,0,0,0,0,14,0
122784,2,1,1988,10,10,10,10,10,10,10,10,10,10
122785,0,1,1988,28,0,0,0,15,21,0,0,0,0
122785,1,1,1988,0,0,0,0,0,0,0,0,0,0
122786,0,1,1988,0,0,0,0,0,0,0,0,0,0
122786,1,1,1988,0,0,0,0,0,0,0,0,0,0
122787,0,1,1988,0,0,0,0,0,0,0,30,26,0
122787,1,1,1988,0,0,0,0,12,0,0,0,19,0
122788,0,1,1988,11,11,11,11,11,11,11,11,11,11
122788,1,1,1988,0,0,0,0,0,0,0,0,0,0
122790,1,1,1988,0,0,0,0,0,0,0,0,0,0
122791,1,1,1988,0,0,0,0,0,0,0,0,0,0
122791,2,1,1988,0,0,0,0,0,0,0,0,0,0
122792,1,1,1988,0,0,0,0,0,0,0,0,0,0
122792,2,1,1988,0,0,0,0,0,0,0,0,0,0
122793,0,1,1988,16,16,16,16,16,16,16,16,16,16
122793,1,1,1988,0,0,0,0,0,8,0,23,0,0
122794,1,1,1988,0,0,0,0,0,21,0,0,0,0
122794,2,1,1988,0,0,0,0,0,0,0,0,0,0
122796,0,1,1988,0,0,0,0,0,0,0,0,0,0
122796,1,1,1988,0,0,0,0,0,0,0,0,0,0
122797,0,1,1988,0,0,0,0,0,0,0,0,0,0
122797,1,1,1988,0,0,0,0,17,0,0,0,0,0
122798,1,1,1988,0,0,0,0,0,0,0,0,0,0
122798,2,1,1988,8,0,0,0,0,0,0,0,0,0
122799,0,1,1988,0,0,0,0,0,0,0,0,0,0
122799,1,1,1988,0,0,0,0,0,0,0,0,0,0
122800,1,1,1988,0,0,0,0,0,0,0,0,0,0
122800,2,1,1988,0,0,0,0,0,0,0,0,0,0
122800,3,1,1988,0,0,0,0,0,0,0,0,0,0
122801,0,1,1988,0,0,0,0,0,0,0,0,0,0
122801,1,1,1988,0,0,0,0,0,0,0,0,0,0
122802,0,1,1988,0,0,0,0,0,0,0,0,0,0
122802,0,2,1988,15,0,0,0,6,8,0,0,0,0
122802,1,1,1988,0,16,0,0,0,0,0,0,0,0
122803,0,1,1988,0,12,15,12,25,32,18,8,20,25
122803,1,1,1988,25,6,18,0,12,20,29,21,19,11
122804,1,1,1988,17,17,17,17,17,17,17,17,17,17
122804,2,1,1988,0,0,0,0,0,0,0,0,0,0
122805,0,1,1988,0,0,0,0,0,0,0,0,0,0
122805,1,1,1988,17,17,17,17,17,17,17,17,17,17
122806,1,1,1988,0,24,0,18,14,2,0,6,11,0
122807,0,1,1988,30,30,30,30,30,30,30,30,30,30
122807,1,1,1988,0,0,22,0,0,0,0,0,0,0
122808,0,1,1988,0,0,0,0,0,0,0,0,0,0
122808,1,1,1988,0,31,0,0,0,0,0,0,0,0
122809,1,1,1988,13,13,13,13,13,13,13,13,13,13
122809,2,1,1988,10,10,10,10,10,10,10,10,10,10
122810,1,1,1988,0,0,0,0,0,0,0,0,0,0
122810,2,1,1988,20,20,20,20,20,20,20,20,20,20
122811,0,1,1988,15,15,15,15,15,15,15,15,15,15
122811,1,1,1988,0,0,0,0,0,0,0,0,0,0
122811,2,1,1988,0,0,0,0,0,0,0,15,0,8
122812,0,1,1988,15,0,0,0,0,0,0,0,18,0
122812,1,1,1988,0,0,0,0,0,0,0,0,0,0
122812,2,1,1988,0,0,0,0,0,0,0,0,0,0
122813,0,1,1988,25,0,0,0,0,0,33,14,0,0
122813,1,1,1988,0,0,0,0,0,0,14,0,0,0
122814,0,1,1988,4,4,4,4,4,4,4,4,4,4
122814,1,1,1988,15,15,15,15,15,15,15,15,15,15
122815,1,1,1988,10,10,10,10,10,10,10,10,10,10
122816,0,1,1988,26,26,26,26,26,26,26,26,26,26
122816,1,1,1988,0,12,0,0,0,0,0,0,0,0
122817,0,1,1988,0,0,0,0,0,0,0,0,0,0
122817,1,1,1988,0,0,0,0,0,0,0,0,0,0
122819,0,1,1988,0,0,40,24,0,0,0,25,22,33
122819,1,1,1988,0,0,0,0,24,0,0,0,0,0
122820,1,1,1988,0,0,0,0,0,0,0,0,0,0
122820,2,1,1988,0,0,0,0,0,0,0,0,0,0
122821,1,1,1988,0,11,0,0,0,15,0,11,3,0
122822,1,1,1988,0,0,0,0,0,0,0,0,0,0
122822,2,1,1988,0,0,0,0,0,0,0,0,0,0
122823,1,1,1988,6,0,9,0,34,0,17,9,22,16
122825,0,1,1988,19,19,19,19,19,19,19,19,19,19
122825,1,1,1988,3,4,13,18,0,15,0,23,0,27
122826,1,1,1988,0,0,0,0,0,0,0,0,0,0
122826,2,1,1988,0,0,0,0,0,0,0,0,0,0
122827,0,1,1988,0,0,0,0,0,0,4,0,0,0
122827,1,1,1988,0,0,0,0,0,0,0,0,0,0
122828,0,1,1988,0,0,0,0,0,0,0,0,0,0
122828,1,1,1988,0,0,0,0,0,9,0,0,0,0
122829,1,1,1988,24,24,24,24,24,24,24,24,24,24
122829,2,1,1988,0,0,0,0,0,0,0,0,0,0
122830,0,1,1988,0,0,0,0,0,0,0,0,0,0
122830,1,1,1988,0,0,0,0,0,0,0,0,0,0
122831,0,1,1988,34,34,34,34,34,34,34,34,34,34
122831,1,1,1988,0,0,0,0,0,0,0,0,33,0
122833,0,1,1988,0,0,0,0,0,0,0,0,0,0
122833,1,1,1988,0,0,0,0,0,0,0,0,0,0
122834,1,1,1988,0,0,0,0,0,0,0,0,0,0
122834,2,1,1988,19,19,19,19,19,19,19,19,19,19
122835,1,1,1988,0,0,0,0,0,0,0,0,0,0
122835,2,1,1988,0,0,0,0,0,0,8,0,0,21
122836,1,1,1988,27,27,27,27,27,27,27,27,27,27
122837,1,1,1988,28,27,26,6,29,14,6,4,14,28
122837,2,1,1988,0,0,0,0,0,0,0,13,0,0
122839,1,1,1988,15,15,15,15,15,15,15,15,15,15
122839,2,1,1988,0,0,0,0,0,0,0,0,0,0
122840,0,1,1988,0,0,23,0,0,0,0,5,31,0
122840,1,1,1988,0,0,28,0,26,13,0,0,0,0
122841,1,1,1988,0,0,0,0,0,0,0,0,0,0
122842,1,1,1988,0,0,0,0,0,0,0,0,0,0
122842,2,1,1988,0,0,10,0,0,0,0,0,0,0
122843,1,1,1988,9,30,17,0,10,14,15,0,36,0
122844,1,1,1988,14,0,22,24,12,6,14,8,20,12
122845,1,1,1988,8,0,0,0,0,0,0,0,0,0
122845,2,1,1988,0,0,0,0,0,0,0,0,0,0
122846,0,1,1988,0,0,0,0,0,0,0,0,0,0
122846,1,1,1988,0,0,0,0,0,0,0,0,0,0
122847,1,1,1988,0,0,0,0,0,0,0,0,0,0
122847,2,1,1988,4,4,4,4,4,4,4,4,4,4
122848,0,1,1988,0,0,0,33,18,6,0,0,0,0
122848,1,1,1988,23,23,23,23,23,23,23,23,23,23
122849,1,1,1988,18,18,18,18,18,18,18,18,18,18
122849,2,1,1988,8,8,8,8,8,8,8,8,8,8
122850,1,1,1988,0,0,0,0,0,0,0,0,0,0
122851,1,1,1988,0,0,0,0,0,0,0,0,0,0
122851,2,1,1988,0,0,0,0,0,0,0,0,0,0
122852,1,1,1988,0,0,0,0,0,0,0,0,0,12
122852,2,1,1988,0,0,0,7,0,0,0,0,0,0
122853,1,1,1988,0,0,0,0,0,0,0,0,0,0
122854,1,1,1988,21,21,21,21,21,21,21,21,21,21
122855,1,1,1988,0,0,8,0,0,0,0,0,0,0
122855,2,1,1988,0,0,0,0,0,0,0,0,0,0
122856,1,1,1988,0,27,0,0,0,0,0,0,0,0
122857,0,1,1988,0,10,0,0,0,0,0,0,0,0
122857,1,1,1988,0,0,0,0,0,0,0,0,0,0
122858,1,1,1988,0,0,0,0,0,0,0,0,0,0
122859,0,1,1988,5,5,5,5,5,5,5,5,5,5
122859,1,1,1988,1,1,1,1,1,1,1,1,1,1
122860,0,1,1988,0,0,28,0,26,0,0,10,0,0
122860,1,1,1988,0,0,0,23,0,0,18,0,0,6
122861,1,1,1988,17,17,17,17,17,17,17,17,17,17
122862,1,1,1988,0,0,0,0,0,0,0,0,0,0
122863,1,1,1988,0,0,0,0,0,0,0,0,0,0
122863,2,1,1988,0,0,0,0,0,0,0,0,0,0
122864,0,1,1988,0,0,0,0,0,0,0,23,0,0
122864,1,1,1988,0,9,0,0,0,0,0,0,0,0
122865,1,1,1988,0,0,0,0,0,0,0,0,0,0
122865,2,1,1988,0,0,0,0,0,0,0,0,0,7
122865,3,1,1988,0,0,0,0,0,0,0,0,0,21
122866,0,1,1988,0,0,0,0,0,11,0,0,0,0
122866,1,1,1988,0,0,0,0,0,0,0,0,18,0
122867,1,1,1988,0,0,0,0,0,0,0,0,0,0
122867,2,1,1988,0,0,0,0,0,0,0,0,0,0
122869,1,1,1988,0,0,0,0,0,0,0,0,0,0
122869,2,1,1988,0,0,0,0,0,0,0,0,0,0
122870,1,1,1988,0,0,0,0,0,0,0,0,0,0
122870,2,1,1988,0,0,0,0,0,0,0,0,0,0
122871,1,1,1988,0,0,0,0,0,0,0,0,0,0
122871,2,1,1988,0,0,0,0,0,5,0,10,0,0
122872,0,1,1988,0,0,26,0,0,0,0,0,15,11
122872,1,1,1988,0,0,0,9,0,0,0,0,0,0
122873,1,1,1988,0,0,0,0,0,0,0,0,0,0
122873,2,1,1988,0,14,17,0,0,0,6,15,0,0
122875,0,1,1988,0,0,0,0,0,0,0,0,0,0
122875,1,1,1988,0,0,0,0,0,0,0,0,0,16
130001,1,1,1988,14,14,14,14,14,14,14,14,14,14
130001,2,1,1988,5,5,5,5,5,5,5,5,5,5
130002,1,1,1988,14,14,14,14,14,14,14,14,14,14
130003,1,1,1988,32,32,32,32,32,32,32,32,32,32
130004,1,1,1988,19,19,19,19,19,19,19,19,19,19
130005,1,1,1988,26,0,0,0,27,22,16,6,0,9
130005,2,1,1988,0,0,0,0,0,12,0,0,0,0
130005,3,1,1988,37,17,11,0,0,8,41,0,0,0
130005,4,1,1988,0,0,0,0,0,0,0,7,0,0
130006,1,1,1988,0,0,0,0,0,0,0,0,0,0
130008,1,1,1988,12,14,0,0,18,10,16,14,12,6
130009,1,1,1988,16,0,34,0,30,0,0,0,42,0
130009,2,1,1988,0,0,0,0,0,0,0,0,0,0
130010,1,1,1988,37,16,12,25,27,13,14,14,7,13
130011,1,1,1988,0,0,0,0,0,0,0,0,0,0
130011,2,1,1988,0,0,0,0,0,0,0,0,0,0
130012,0,1,1988,21,21,21,21,21,21,21,21,21,21
130012,1,1,1988,0,0,0,0,0,0,0,0,0,0
130013,1,1,1988,22,22,22,22,22,22,22,22,22,22
130014,1,1,1988,0,0,17,0,0,0,0,0,0,0
130015,0,1,1988,39,22,15,13,0,0,0,11,0,0
130015,1,1,1988,0,0,0,0,0,0,0,6,0,0
130016,0,1,1988,0,0,0,0,0,0,0,0,0,0
130016,1,1,1988,9,9,9,9,9,9,9,9,9,9
130017,1,1,1988,0,0,0,0,0,0,0,0,0,0
130018,1,1,1988,0,0,0,0,0,0,0,0,0,0
130019,1,1,1988,6,6,6,6,6,6,6,6,6,6
130020,0,1,1988,33,33,33,33,33,33,33,33,33,33
130020,1,1,1988,0,0,0,0,0,0,0,0,0,0
130021,1,1,1988,0,0,0,0,15,0,0,0,0,0
130022,1,1,1988,0,0,0,0,0,0,0,0,0,0
130023,0,1,1988,0,0,0,0,0,0,0,0,0,0
130023,1,1,1988,0,0,24,0,0,0,0,0,0,0
130024,1,1,1988,0,0,0,0,0,0,0,0,0,0
130024,2,1,1988,0,0,0,0,0,0,0,0,0,0
130025,1,1,1988,0,0,0,0,0,0,0,0,0,0
130025,2,1,1988,0,0,37,0,0,0,18,3,10,6
130026,1,1,1988,24,24,24,24,24,24,24,24,24,24
130027,1,1,1988,0,0,0,0,0,0,0,0,0,0
130028,1,1,1988,0,0,0,0,0,0,0,0,0,0
130028,2,1,1988,0,0,0,0,0,0,0,0,0,0