ST_CASE,VEH_NO,PER_NO,YEAR,P1,P2,P3,P4,P5,P6,P7,P8,P9,P10
130029,1,1,1988,29,29,29,29,29,29,29,29,29,29
130030,0,1,1988,0,0,0,0,0,0,0,0,0,0
130030,1,1,1988,0,0,0,0,0,0,0,0,0,0
130031,1,1,1988,23,0,9,19,11,15,25,4,16,11
130032,0,1,1988,19,0,0,15,0,0,10,9,0,0
130032,1,1,1988,0,0,0,0,0,0,0,0,0,0
130033,1,1,1988,0,0,0,0,0,0,0,0,0,0
130033,2,1,1988,0,0,0,0,0,0,13,0,0,5
130033,3,1,1988,12,0,0,20,0,0,19,14,15,0
130033,4,1,1988,0,0,0,0,0,0,17,25,0,0
130034,1,1,1988,0,0,0,0,0,0,0,0,0,0
130034,2,1,1988,0,0,0,0,0,0,0,0,0,0
130035,1,1,1988,0,0,0,0,0,0,0,0,0,0
130035,2,1,1988,0,0,0,0,0,0,0,0,0,0
130036,0,1,1988,7,7,7,7,7,7,7,7,7,7
130036,1,1,1988,0,0,0,10,0,0,0,0,0,0
130036,2,1,1988,0,0,0,0,0,0,0,0,0,0
130037,0,1,1988,0,17,8,0,15,0,16,30,27,0
130037,1,1,1988,0,0,0,0,0,0,0,0,0,0
130038,1,1,1988,5,5,5,5,5,5,5,5,5,5
130038,2,1,1988,21,21,21,21,21,21,21,21,21,21
130039,1,1,1988,0,0,0,0,0,0,0,0,0,0
130039,2,1,1988,0,0,0,0,0,0,0,0,0,0
130040,1,1,1988,0,0,0,0,0,0,0,0,0,0
130041,1,1,1988,28,24,14,22,5,19,20,0,18,12
130041,2,1,1988,0,0,0,0,0,5,0,0,0,0
130042,0,1,1988,0,0,0,0,0,0,0,0,0,0
130042,1,1,1988,0,0,0,0,0,0,0,0,0,0
130043,0,1,1988,0,0,0,0,0,0,0,0,0,0
130043,1,1,1988,0,0,0,0,0,0,0,0,0,0
130044,1,1,1988,0,0,0,0,0,0,0,0,0,0
130044,2,1,1988,0,0,0,0,0,0,0,0,0,0
130045,1,1,1988,15,15,15,15,15,15,15,15,15,15
130045,2,1,1988,38,38,38,38,38,38,38,38,38,38
130046,1,1,1988,13,13,13,13,13,13,13,13,13,13
130047,1,1,1988,0,0,0,0,0,0,0,0,0,0
130047,2,1,1988,14,14,14,14,14,14,14,14,14,14
130048,1,1,1988,0,0,0,0,0,0,0,0,0,0
130048,2,1,1988,10,10,10,10,10,10,10,10,10,10
130049,1,1,1988,11,11,11,11,11,11,11,11,11,11
130050,1,1,1988,25,25,25,25,25,25,25,25,25,25
130051,1,1,1988,0,0,0,0,0,0,0,0,0,0
130051,2,1,1988,0,0,0,0,0,0,0,0,0,0
130052,1,1,1988,9,9,9,9,9,9,9,9,9,9
130053,1,1,1988,21,21,21,21,21,21,21,21,21,21
130054,1,1,1988,23,23,23,23,23,23,23,23,23,23
130055,1,1,1988,15,15,15,15,15,15,15,15,15,15
130056,1,1,1988,0,0,0,0,0,0,0,0,0,0
130056,2,1,1988,2,2,2,2,2,2,2,2,2,2
130057,0,1,1988,0,0,0,0,0,0,0,0,0,0
130057,1,1,1988,0,0,0,0,0,0,0,0,0,0
130058,1,1,1988,24,24,24,24,24,24,24,24,24,24
130059,1,1,1988,22,22,22,22,22,22,22,22,22,22
130060,1,1,1988,12,4,11,10,16,32,26,9,41,7
130061,0,1,1988,0,0,0,0,0,0,0,0,0,0
130061,1,1,1988,0,0,0,0,0,0,0,0,0,0
130062,1,1,1988,0,0,0,0,0,0,0,0,0,0
130062,2,1,1988,0,0,0,0,0,0,0,0,0,27
130062,3,1,1988,0,0,0,0,0,0,0,0,0,0
130063,1,1,1988,0,0,0,0,0,0,0,0,0,0
130063,2,1,1988,0,0,0,0,0,0,0,0,0,0
130064,1,1,1988,0,0,0,0,0,0,0,0,0,0
130064,2,1,1988,0,0,0,0,0,0,0,0,0,0
130065,1,1,1988,33,33,33,33,33,33,33,33,33,33
130066,1,1,1988,0,0,0,0,0,0,0,0,0,0
130066,2,1,1988,0,0,0,0,0,0,0,0,0,0
130067,1,1,1988,0,0,0,0,0,0,0,0,0,0
130067,2,1,1988,0,0,0,0,0,0,0,0,0,0
130068,1,1,1988,17,17,17,17,17,17,17,17,17,17
130069,1,1,1988,0,0,0,0,0,0,0,0,0,0
130069,2,1,1988,21,21,21,21,21,21,21,21,21,21
130070,0,1,1988,1,1,1,1,1,1,1,1,1,1
130070,1,1,1988,0,0,0,0,0,0,0,0,0,0
130072,1,1,1988,24,24,24,24,24,24,24,24,24,24
130073,1,1,1988,7,7,7,7,7,7,7,7,7,7
130073,2,1,1988,0,0,0,0,0,0,0,0,0,0
130074,1,1,1988,20,20,20,20,20,20,20,20,20,20
130075,1,1,1988,19,19,19,19,19,19,19,19,19,19
130076,0,1,1988,0,0,0,0,0,0,0,0,0,0
130076,1,1,1988,0,0,0,0,0,0,0,0,13,0
130077,1,1,1988,11,11,11,11,11,11,11,11,11,11
130077,2,1,1988,0,0,0,0,0,0,0,0,0,0
130078,1,1,1988,0,0,0,0,0,0,0,0,0,0
130078,2,1,1988,0,0,0,0,0,0,0,0,0,0
130079,0,1,1988,22,0,0,0,11,0,0,31,22,0
130079,1,1,1988,0,0,0,0,0,0,0,0,0,0
130080,1,1,1988,12,12,12,12,12,12,12,12,12,12
130081,0,1,1988,24,24,24,24,24,24,24,24,24,24
130081,1,1,1988,0,11,0,25,4,19,9,2,30,18
130082,0,1,1988,24,24,24,24,24,24,24,24,24,24
130082,1,1,1988,0,14,0,0,0,0,0,16,0,0
130083,1,1,1988,21,20,20,23,18,20,9,13,8,14
130084,1,1,1988,0,0,0,0,0,0,0,19,0,0
130084,2,1,1988,0,0,0,0,0,0,14,0,0,0
130084,3,1,1988,29,29,29,29,29,29,29,29,29,29
130085,1,1,1988,12,12,12,12,12,12,12,12,12,12
130086,1,1,1988,19,19,19,19,19,19,19,19,19,19
130088,1,1,1988,0,0,0,0,0,0,0,0,0,0
130089,0,1,1988,0,0,0,0,0,0,0,0,0,0
130089,1,1,1988,0,0,0,0,0,0,0,0,0,0
130090,1,1,1988,0,0,0,0,0,0,0,0,0,0
130091,1,1,1988,0,0,0,0,0,0,0,0,0,0
130091,2,1,1988,0,0,0,0,0,0,0,0,0,0
130091,3,1,1988,0,0,0,0,0,0,0,0,0,0
130092,1,1,1988,15,26,16,24,15,0,16,21,34,25
130093,1,1,1988,0,0,0,0,0,0,0,0,0,0
130094,1,1,1988,0,0,0,0,0,0,0,0,0,0
130094,2,1,1988,3,0,0,0,0,0,0,0,0,0
130095,1,1,1988,0,0,0,0,0,0,0,0,0,0
130095,2,1,1988,0,0,0,0,0,0,0,0,2,0
130096,1,1,1988,0,21,0,5,11,0,16,24,11,0
130096,2,1,1988,0,0,0,0,0,0,0,0,0,0
130097,1,1,1988,28,28,28,28,28,28,28,28,28,28
130098,1,1,1988,0,0,0,0,0,0,0,0,0,0
130098,2,1,1988,0,0,0,0,0,0,0,0,0,0
130099,0,1,1988,0,0,0,0,0,0,0,0,0,0
130099,1,1,1988,0,0,0,0,0,0,0,0,0,0
130100,1,1,1988,26,0,0,0,0,0,45,26,32,0
130101,0,1,1988,15,0,0,26,0,21,0,21,0,15
130101,1,1,1988,0,0,0,0,0,0,0,0,0,0
130101,2,1,1988,0,0,0,10,0,18,0,0,4,4
130102,0,1,1988,36,36,36,36,36,36,36,36,36,36
130102,1,1,1988,0,0,0,0,0,0,0,0,11,0
130103,1,1,1988,18,18,18,18,18,18,18,18,18,18
130103,2,1,1988,0,0,0,0,0,0,0,0,0,0
130104,0,1,1988,33,33,33,33,33,33,33,33,33,33
130104,1,1,1988,0,0,0,0,0,0,0,0,0,0
130105,1,1,1988,24,33,13,17,21,13,18,20,22,21
130106,1,1,1988,0,0,0,0,0,0,0,6,0,0
130106,2,1,1988,0,0,0,0,0,0,0,0,0,0
130107,1,1,1988,0,0,0,0,0,0,0,0,0,0
130108,1,1,1988,0,0,0,0,0,0,0,0,0,0
130108,2,1,1988,0,0,0,0,0,0,0,0,0,0
130109,1,1,1988,0,0,0,0,10,18,0,0,0,0
130109,2,1,1988,0,0,0,0,0,0,0,0,0,0
130110,1,1,1988,0,18,0,0,0,0,0,0,0,0
130110,2,1,1988,0,0,0,14,0,0,7,0,0,0
130110,3,1,1988,0,0,0,0,0,0,0,0,0,0
130111,1,1,1988,21,11,29,9,16,0,10,10,10,23
130112,0,1,1988,20,0,26,0,29,18,15,23,10,0
130112,1,1,1988,0,0,0,0,0,0,0,0,0,0
130113,1,1,1988,19,19,19,19,19,19,19,19,19,19
130113,2,1,1988,0,8,0,11,13,0,0,0,0,8
130114,1,1,1988,25,19,13,14,9,20,10,15,15,0
130115,1,1,1988,17,17,17,17,17,17,17,17,17,17
130116,0,1,1988,0,0,0,0,0,0,0,0,0,0
130116,1,1,1988,0,0,0,0,0,0,0,0,0,0
130117,1,1,1988,0,0,0,0,0,0,0,0,0,0
130118,1,1,1988,0,0,0,0,0,0,0,0,0,0
130119,1,1,1988,0,0,0,0,0,0,0,0,0,0
130119,2,1,1988,0,0,0,0,0,0,0,0,0,0
130119,3,1,1988,0,0,0,0,0,0,0,0,0,0
130120,1,1,1988,0,0,0,0,0,20,0,0,0,0
130121,1,1,1988,17,17,17,17,17,17,17,17,17,17
130121,2,1,1988,0,0,0,0,0,0,0,0,0,0
130123,0,1,1988,0,16,0,21,19,0,17,33,0,29
130123,1,1,1988,0,0,0,0,0,32,0,0,0,0
130124,1,1,1988,0,0,0,0,0,0,0,0,0,0
130124,2,1,1988,0,0,0,0,0,0,0,0,0,0
130125,1,1,1988,15,15,15,15,15,15,15,15,15,15
130125,2,1,1988,0,0,0,0,0,0,0,0,0,0
130126,1,1,1988,0,0,0,0,0,0,0,0,0,0
130127,1,1,1988,0,0,0,0,0,0,0,0,0,0
130127,2,1,1988,0,0,0,0,0,0,0,0,0,0
130128,1,1,1988,16,16,16,16,16,16,16,16,16,16
130129,1,1,1988,27,27,27,27,27,27,27,27,27,27
130130,0,1,1988,11,11,11,11,11,11,11,11,11,11
130130,1,1,1988,11,11,11,11,11,11,11,11,11,11
130131,1,1,1988,31,31,31,31,31,31,31,31,31,31
130131,2,1,1988,7,7,7,7,7,7,7,7,7,7
130132,1,1,1988,0,0,0,0,0,0,0,0,0,0
130133,1,1,1988,0,0,0,0,0,0,0,9,0,0
130134,1,1,1988,8,8,8,8,8,8,8,8,8,8
130136,1,1,1988,14,14,14,14,14,14,14,14,14,14
130136,2,1,1988,9,9,9,9,9,9,9,9,9,9
130137,1,1,1988,0,0,0,0,0,0,0,0,0,0
130138,1,1,1988,0,0,0,0,0,0,0,0,0,0
130139,1,1,1988,0,0,0,0,0,0,0,0,0,0
130139,2,1,1988,0,0,0,0,0,0,0,0,0,0
130140,1,1,1988,0,0,0,0,0,0,0,0,0,0
130140,2,1,1988,0,0,0,0,0,0,0,0,0,0
130141,1,1,1988,24,24,24,24,24,24,24,24,24,24
130142,1,1,1988,14,14,14,14,14,14,14,14,14,14
130142,2,1,1988,0,0,0,0,0,0,0,0,0,0
130143,0,1,1988,0,0,0,0,0,0,0,0,0,0
130143,1,1,1988,0,0,0,0,0,0,0,0,0,0
130144,0,1,1988,0,0,0,18,0,0,0,0,0,0
130144,1,1,1988,0,0,0,0,0,0,0,0,0,0
130145,1,1,1988,21,0,0,0,0,0,0,0,0,0
130145,2,1,1988,0,0,0,0,0,0,0,0,0,0
130146,0,1,1988,0,0,0,0,0,0,0,0,0,0
130146,1,1,1988,0,0,0,0,0,0,0,0,0,0
130147,1,1,1988,29,29,29,29,29,29,29,29,29,29
130148,1,1,1988,0,0,0,0,0,0,0,0,0,0
130148,2,1,1988,0,0,0,0,0,0,0,0,0,0
130149,1,1,1988,0,0,0,0,0,0,0,0,0,0
130150,1,1,1988,32,32,32,32,32,32,32,32,32,32
130151,1,1,1988,0,0,0,0,0,0,0,0,0,0
130151,2,1,1988,0,0,0,0,0,0,0,0,0,22
130151,3,1,1988,0,0,0,0,0,0,0,0,0,0
130152,1,1,1988,26,26,26,26,26,26,26,26,26,26
130153,1,1,1988,10,10,10,10,10,10,10,10,10,10
130154,0,1,1988,32,32,32,32,32,32,32,32,32,32
130154,1,1,1988,0,0,9,0,0,0,0,0,0,0
130155,0,1,1988,39,39,39,39,39,39,39,39,39,39
130155,1,1,1988,0,0,0,0,0,0,0,0,0,0
130156,1,1,1988,19,19,19,19,19,19,19,19,19,19
130157,1,1,1988,26,26,26,26,26,26,26,26,26,26
130157,2,1,1988,0,0,0,0,0,0,0,0,0,0
130157,3,1,1988,1,1,1,1,1,1,1,1,1,1
130158,1,1,1988,0,0,0,0,0,0,0,0,0,0
130158,2,1,1988,0,0,7,0,0,0,0,0,0,0
130159,1,1,1988,0,0,0,0,0,0,0,0,0,0
130160,1,1,1988,26,26,26,26,26,26,26,26,26,26
130161,1,1,1988,0,0,0,0,0,0,0,0,0,0
130161,2,1,1988,0,0,0,0,0,0,0,0,0,0
130162,1,1,1988,0,9,0,0,0,0,0,0,0,0
130162,2,1,1988,3,4,20,5,8,8,7,25,0,13
130163,1,1,1988,16,16,16,16,16,16,16,16,16,16
130164,0,1,1988,0,0,0,0,0,0,0,0,0,0
130164,1,1,1988,0,0,0,0,0,0,0,0,0,0
130165,1,1,1988,0,0,0,0,0,0,0,0,0,0
130165,2,1,1988,0,0,0,0,0,7,0,0,0,0
130166,1,1,1988,27,27,27,27,27,27,27,27,27,27
130167,1,1,1988,0,0,0,0,0,0,0,0,0,0
130168,1,1,1988,0,0,0,0,0,4,0,0,0,6
130168,2,1,1988,0,0,25,0,0,0,0,0,0,0
130169,0,1,1988,0,0,0,0,0,0,0,0,0,0
130169,1,1,1988,2,2,2,2,2,2,2,2,2,2
130170,1,1,1988,13,0,0,0,12,0,23,12,37,0
130171,1,1,1988,0,0,0,0,0,0,0,0,0,0
130171,2,1,1988,0,0,0,0,0,0,0,0,0,0
130172,1,1,1988,0,0,0,0,0,0,0,0,0,0
130172,2,1,1988,0,0,0,0,0,0,0,0,0,0
130173,1,1,1988,0,0,0,0,0,0,0,0,0,0
130173,2,1,1988,0,0,0,0,0,0,0,0,0,0
130174,1,1,1988,18,18,18,18,18,18,18,18,18,18
130175,1,1,1988,20,20,20,20,20,20,20,20,20,20
130176,1,1,1988,23,23,23,23,23,23,23,23,23,23
130176,2,1,1988,0,0,0,0,0,0,0,0,0,0
130178,1,1,1988,0,0,0,0,0,0,0,0,0,0
130178,2,1,1988,0,0,0,0,0,0,0,0,0,0
130179,1,1,1988,0,0,0,0,0,0,0,0,0,0
130179,2,1,1988,0,0,0,0,0,0,0,0,0,0
130180,1,1,1988,14,14,14,14,14,14,14,14,14,14
130181,1,1,1988,22,0,23,13,12,26,8,9,12,0
130182,1,1,1988,30,30,30,30,30,30,30,30,30,30
130183,0,1,1988,27,27,27,27,27,27,27,27,27,27
130183,1,1,1988,0,0,0,0,0,0,0,0,0,0
130184,1,1,1988,0,0,0,0,0,0,0,0,0,0
130185,0,1,1988,0,0,0,0,0,0,0,0,0,0
130185,1,1,1988,0,0,0,0,0,0,0,0,0,0
130186,1,1,1988,0,0,0,0,0,0,0,0,0,0
130186,2,1,1988,0,0,0,12,0,0,0,0,0,0
130187,1,1,1988,17,17,17,17,17,17,17,17,17,17
130188,1,1,1988,0,0,0,0,0,0,0,0,0,0
130189,0,1,1988,0,0,0,0,0,0,0,0,0,0
130189,1,1,1988,0,0,0,0,0,0,0,0,0,0
130190,1,1,1988,0,0,0,0,0,0,0,0,0,0
130190,2,1,1988,0,0,0,0,0,10,0,11,0,0
130191,1,1,1988,0,0,0,0,0,0,0,0,0,0
130192,1,1,1988,30,30,30,30,30,30,30,30,30,30
130192,2,1,1988,0,0,0,0,0,0,8,0,0,0
130193,1,1,1988,0,0,0,0,0,0,0,0,0,0
130194,1,1,1988,0,0,0,0,0,0,0,0,0,0
130194,2,1,1988,16,0,14,0,8,16,8,13,9,11
130196,0,1,1988,0,0,0,10,0,12,11,0,0,0
130196,1,1,1988,17,18,21,17,0,36,23,0,26,0
130198,1,1,1988,0,0,0,0,0,0,0,0,0,0
130198,2,1,1988,0,0,0,0,0,0,0,0,0,0
130199,0,1,1988,0,26,25,0,0,0,0,13,0,0
130199,1,1,1988,0,0,0,0,0,0,0,0,0,0
130200,1,1,1988,25,25,25,25,25,25,25,25,25,25
130201,1,1,1988,19,19,19,19,19,19,19,19,19,19
130202,1,1,1988,0,22,0,0,0,0,0,0,0,0
130202,2,1,1988,5,5,5,5,5,5,5,5,5,5
130203,1,1,1988,0,0,0,0,0,0,0,0,0,0
130204,1,1,1988,20,20,20,20,20,20,20,20,20,20
130205,0,1,1988,0,0,0,0,0,0,0,0,0,0
130205,1,1,1988,0,0,0,0,0,0,0,0,0,0
130206,1,1,1988,0,0,0,0,0,0,0,0,0,0
130206,2,1,1988,0,0,0,0,0,0,0,0,0,0
130207,1,1,1988,20,17,0,0,0,27,11,13,24,14
130211,1,1,1988,0,0,0,0,0,0,0,0,0,0
130211,2,1,1988,0,0,0,0,0,0,16,0,0,0
130211,3,1,1988,0,0,0,0,0,0,0,0,0,0
130211,4,1,1988,0,0,0,0,0,0,0,0,0,0
130213,1,1,1988,0,0,0,0,0,0,0,0,0,0
130214,1,1,1988,0,0,0,0,0,0,0,0,0,0
130214,2,1,1988,0,0,0,0,0,0,0,0,0,0
130215,1,1,1988,0,0,0,0,0,0,0,0,0,0
130215,2,1,1988,0,0,0,0,0,0,0,0,0,0
130216,1,1,1988,20,20,20,20,20,20,20,20,20,20
130217,1,1,1988,14,0,0,0,0,39,0,0,0,25
130218,1,1,1988,30,30,30,30,30,30,30,30,30,30
130218,2,1,1988,0,0,0,0,0,0,0,0,0,0
130219,1,1,1988,19,19,19,19,19,19,19,19,19,19
130220,0,1,1988,0,0,23,31,0,0,34,0,0,0
130220,1,1,1988,0,0,0,0,0,0,0,0,0,0
130221,0,1,1988,5,5,5,5,5,5,5,5,5,5
130221,1,1,1988,0,0,0,0,0,0,0,0,0,0
130222,0,1,1988,0,0,0,0,0,0,0,0,0,0
130222,1,1,1988,0,0,0,0,0,0,0,0,0,0
130223,1,1,1988,0,0,10,0,0,0,0,0,0,0
130223,2,1,1988,0,0,0,0,0,0,0,0,0,0
130224,1,1,1988,0,0,0,0,0,0,0,0,0,0
130224,2,1,1988,0,9,0,0,0,9,14,0,0,0
130225,1,1,1988,11,11,11,11,11,11,11,11,11,11
130226,1,1,1988,0,0,0,0,0,0,0,0,0,0
130227,1,1,1988,0,0,0,0,0,0,0,0,0,0
130228,0,1,1988,0,0,0,0,0,9,0,0,0,14
130228,1,1,1988,0,0,0,0,0,0,3,0,4,0
130229,1,1,1988,34,34,34,34,34,34,34,34,34,34
130230,1,1,1988,33,0,0,0,0,0,0,11,0,0
130231,1,1,1988,7,16,0,20,0,0,11,0,19,0
130232,1,1,1988,16,20,4,30,24,15,20,0,15,31
130233,0,1,1988,0,0,0,0,0,0,0,0,0,0
130233,1,1,1988,0,0,0,0,0,0,0,0,0,0
130234,1,1,1988,12,12,12,12,12,12,12,12,12,12
130235,1,1,1988,0,0,0,0,0,0,0,0,0,0
130236,1,1,1988,3,3,3,3,3,3,3,3,3,3
130236,2,1,1988,0,0,0,0,0,0,0,0,0,0
130237,0,1,1988,0,26,21,0,27,0,16,16,6,0
130237,1,1,1988,0,0,14,0,0,0,0,0,0,0
130238,0,1,1988,0,0,0,0,0,0,0,0,0,0
130238,1,1,1988,0,0,0,0,0,0,0,0,0,0
130239,1,1,1988,24,24,24,24,24,24,24,24,24,24
130241,1,1,1988,30,30,30,30,30,30,30,30,30,30
130242,1,1,1988,17,17,17,17,17,17,17,17,17,17
130243,1,1,1988,12,12,12,12,12,12,12,12,12,12
130244,1,1,1988,0,0,0,0,0,0,0,0,0,0
130245,1,1,1988,0,0,0,0,0,0,0,0,0,0
130245,2,1,1988,0,20,0,0,0,0,0,0,0,22
130246,1,1,1988,0,21,0,0,0,0,24,0,0,0
130247,1,1,1988,0,0,0,0,0,0,0,0,0,0
130247,2,1,1988,0,12,0,0,0,0,0,0,0,8
130248,0,1,1988,0,0,0,0,7,0,0,0,0,0
130248,1,1,1988,7,0,0,0,0,0,0,0,0,0
130249,1,1,1988,0,0,0,0,0,0,0,0,0,0
130249,2,1,1988,0,0,0,0,0,0,0,0,0,0
130250,1,1,1988,0,0,0,0,17,0,0,0,18,0
130250,2,1,1988,0,0,0,0,0,0,0,0,0,0
130251,1,1,1988,0,0,0,0,7,0,0,0,0,0
130251,2,1,1988,0,0,0,0,0,0,0,0,0,0
130251,3,1,1988,0,0,0,0,0,0,0,0,0,0
130252,1,1,1988,0,0,0,0,0,0,0,0,0,0
130253,0,1,1988,11,0,2,0,0,3,0,33,0,7
130253,1,1,1988,30,30,30,30,30,30,30,30,30,30
130254,1,1,1988,0,0,0,0,0,0,0,0,0,0
130254,2,1,1988,0,0,0,0,0,0,0,0,0,0
130255,1,1,1988,6,6,6,6,6,6,6,6,6,6
130256,1,1,1988,0,0,9,0,0,0,0,0,0,0
130256,2,1,1988,17,17,17,17,17,17,17,17,17,17
130257,1,1,1988,25,25,25,25,25,25,25,25,25,25
130257,2,1,1988,0,2,0,9,0,0,0,0,0,14
130258,1,1,1988,0,0,0,0,0,0,0,0,0,0
130259,1,1,1988,0,4,0,15,11,21,0,28,0,15
130260,1,1,1988,18,18,18,18,18,18,18,18,18,18
130260,2,1,1988,0,0,0,0,0,9,0,0,0,0
130261,1,1,1988,0,0,0,0,0,0,0,0,0,0
130261,2,1,1988,0,0,0,0,0,0,0,0,0,0
130261,3,1,1988,35,18,22,0,14,5,0,0,0,0
130262,1,1,1988,17,17,17,17,17,17,17,17,17,17
130263,1,1,1988,0,0,0,0,0,0,0,0,0,0
130263,2,1,1988,0,0,0,0,0,0,0,0,0,0
130264,1,1,1988,26,14,11,0,0,15,9,12,5,0
130265,1,1,1988,22,22,22,22,22,22,22,22,22,22
130265,2,1,1988,0,0,0,0,0,0,0,0,0,0
130266,1,1,1988,0,0,0,41,0,0,0,0,0,0
130266,2,1,1988,0,6,0,0,0,0,0,0,0,0
130266,3,1,1988,16,0,0,0,0,0,0,0,0,0
130267,1,1,1988,26,26,26,26,26,26,26,26,26,26
130268,1,1,1988,23,23,23,23,23,23,23,23,23,23
130268,2,1,1988,9,0,0,0,0,0,0,0,0,0
130269,1,1,1988,0,0,0,0,0,0,0,0,0,0
130269,2,1,1988,0,0,0,0,0,0,0,0,0,0
130269,3,1,1988,0,0,0,0,0,0,0,0,0,0
130270,1,1,1988,0,0,0,0,0,0,0,0,0,0
130270,2,1,1988,0,0,0,0,0,0,0,0,0,0
130271,1,1,1988,0,0,0,0,0,0,0,0,0,0
130271,2,1,1988,0,0,0,0,25,0,0,0,0,0
130272,0,1,1988,0,0,0,0,0,0,0,0,0,0
130272,1,1,1988,0,0,0,0,0,0,0,0,0,0
130273,1,1,1988,0,0,0,0,0,0,0,0,0,0
130273,2,1,1988,0,0,13,0,0,0,0,0,0,0
130274,1,1,1988,19,19,19,19,19,19,19,19,19,19
130274,2,1,1988,19,19,19,19,19,19,19,19,19,19
130275,1,1,1988,0,0,0,0,0,0,0,0,0,0
130276,1,1,1988,33,33,33,33,33,33,33,33,33,33
130277,0,1,1988,18,18,18,18,18,18,18,18,18,18
130277,1,1,1988,0,0,0,0,0,0,0,0,0,0
130278,1,1,1988,27,27,27,27,27,27,27,27,27,27
130278,2,1,1988,0,0,0,0,0,0,0,0,0,0
130279,1,1,1988,0,0,0,0,0,0,0,0,0,0
130280,1,1,1988,0,0,0,0,0,0,0,0,0,0
130281,1,1,1988,0,0,0,0,0,0,0,0,0,0
130281,2,1,1988,0,0,0,0,12,0,0,0,0,0
130282,1,1,1988,0,0,0,0,0,0,0,0,0,0
130282,2,1,1988,0,0,0,0,0,0,0,0,0,0
130282,3,1,1988,0,0,0,0,0,0,0,0,0,0
130283,1,1,1988,0,0,0,0,0,0,0,0,0,0
130283,2,1,1988,0,0,0,0,0,0,0,0,0,0
130284,1,1,1988,14,0,0,0,0,0,0,0,0,0
130284,2,1,1988,0,0,0,0,0,0,0,0,0,0
130285,1,1,1988,0,0,0,0,0,0,0,0,0,0
130285,2,1,1988,8,8,8,8,8,8,8,8,8,8
130286,0,1,1988,0,0,0,0,16,8,7,0,10,0
130286,0,2,1988,0,4,0,0,0,0,0,18,0,33
130286,1,1,1988,0,0,0,0,0,0,0,0,0,0
130287,1,1,1988,0,0,0,0,0,0,0,0,0,0
130288,1,1,1988,0,0,0,0,0,0,0,0,0,0
130288,2,1,1988,0,0,0,0,0,3,0,0,0,0
130289,1,1,1988,23,23,23,23,23,23,23,23,23,23
130290,1,1,1988,21,21,21,21,21,21,21,21,21,21
130290,2,1,1988,0,0,0,14,0,0,0,0,0,0
130291,0,1,1988,4,0,0,41,0,21,0,19,0,19
130291,1,1,1988,0,0,17,0,0,0,0,21,0,0
130292,1,1,1988,0,39,0,0,0,0,19,0,0,0
130292,2,1,1988,0,0,0,0,0,0,0,0,0,12
130292,3,1,1988,0,0,0,0,0,0,0,0,0,6
130293,1,1,1988,0,0,0,0,9,0,0,0,0,0
130293,2,1,1988,0,0,0,0,13,0,0,0,0,0
130294,1,1,1988,0,0,0,0,0,0,0,0,0,0
130294,2,1,1988,0,0,0,0,0,13,0,0,0,0
130295,1,1,1988,0,0,0,0,0,0,0,0,0,0
130295,2,1,1988,0,0,0,0,0,0,0,0,0,0
130296,1,1,1988,0,0,0,0,0,0,0,0,0,0
130296,2,1,1988,9,9,9,9,9,9,9,9,9,9
130297,1,1,1988,21,21,21,21,21,21,21,21,21,21
130298,1,1,1988,0,0,0,0,0,0,0,0,0,0
130298,2,1,1988,0,0,0,0,0,0,0,0,0,0
130299,1,1,1988,25,25,25,25,25,25,25,25,25,25
130300,1,1,1988,18,18,18,18,18,18,18,18,18,18
130301,1,1,1988,0,0,0,0,0,0,0,0,0,0
130301,2,1,1988,0,0,0,0,0,0,0,0,0,0
130302,1,1,1988,0,0,0,0,0,0,0,0,0,0
130302,2,1,1988,17,17,17,17,17,17,17,17,17,17
130303,1,1,1988,0,0,0,0,0,0,0,0,0,0
130303,2,1,1988,0,0,0,0,0,0,0,0,0,0
130304,1,1,1988,0,0,0,0,0,0,0,0,0,0
130305,1,1,1988,0,0,0,0,0,0,0,0,0,0
130305,2,1,1988,18,18,18,18,18,18,18,18,18,18
130306,0,1,1988,0,10,0,0,0,0,0,0,0,0
130307,1,1,1988,11,0,10,14,0,12,3,18,0,0
130308,0,1,1988,0,0,0,0,0,0,0,0,0,0
130308,1,1,1988,13,0,0,0,0,0,0,0,0,0
130309,1,1,1988,0,0,0,0,0,0,0,0,0,0
130310,1,1,1988,22,22,22,22,22,22,22,22,22,22
130311,1,1,1988,0,0,0,0,0,0,0,19,0,0
130311,2,1,1988,0,0,0,0,0,0,0,0,0,0
130312,0,1,1988,8,0,33,23,8,0,0,0,0,0
130312,1,1,1988,0,0,0,10,0,0,13,0,8,0
130313,1,1,1988,11,11,11,11,11,11,11,11,11,11
130316,0,1,1988,0,0,0,0,0,0,0,0,0,0
130316,1,1,1988,15,0,0,0,0,0,0,0,0,0
130316,3,1,1988,0,0,0,0,0,0,0,0,0,0
130317,1,1,1988,9,0,9,0,0,0,0,0,0,0
130318,1,1,1988,0,0,0,0,0,0,0,0,0,0
130319,1,1,1988,0,0,0,0,0,0,0,0,0,0
130319,2,1,1988,0,0,0,10,0,0,0,0,0,0
130319,3,1,1988,0,0,0,0,0,0,0,0,0,0
130320,1,1,1988,24,4,0,10,4,0,16,17,14,8
130321,1,1,1988,2,2,2,2,2,2,2,2,2,2