ST_CASE,VEH_NO,PER_NO,YEAR,P1,P2,P3,P4,P5,P6,P7,P8,P9,P10
130322,1,1,1988,0,0,0,0,0,0,0,0,0,0
130322,2,1,1988,0,0,0,0,0,0,0,0,0,0
130323,1,1,1988,29,29,29,29,29,29,29,29,29,29
130323,2,1,1988,0,0,0,0,0,0,0,0,0,0
130324,0,1,1988,0,0,0,0,0,0,0,0,0,0
130324,1,1,1988,0,0,0,0,0,0,0,0,0,0
130325,1,1,1988,0,0,0,0,0,0,0,0,0,0
130326,1,1,1988,27,27,27,27,27,27,27,27,27,27
130327,0,1,1988,0,0,0,0,0,0,0,0,0,0
130328,1,1,1988,0,0,0,10,12,0,0,0,0,0
130328,2,1,1988,9,0,0,0,0,0,0,0,0,0
130329,1,1,1988,0,0,0,0,0,0,0,0,0,0
130329,2,1,1988,0,0,0,0,0,0,0,0,0,0
130329,3,1,1988,0,0,0,0,0,0,0,0,0,0
130330,1,1,1988,0,0,0,0,0,0,0,0,0,0
130331,1,1,1988,0,0,0,0,0,0,0,0,0,0
130331,2,1,1988,7,0,0,0,0,0,0,0,0,0
130331,3,1,1988,0,0,0,0,0,0,0,0,0,0
130332,1,1,1988,0,0,0,0,0,0,0,0,0,0
130332,2,1,1988,0,0,0,0,0,0,0,0,0,0
130332,3,1,1988,0,0,0,0,0,0,11,0,0,0
130333,1,1,1988,0,0,0,0,0,0,0,0,0,0
130333,2,1,1988,0,0,0,0,0,0,0,0,0,0
130334,1,1,1988,0,0,0,0,0,0,0,0,0,0
130334,2,1,1988,0,0,0,0,0,0,0,0,0,0
130335,1,1,1988,15,0,0,0,0,0,0,0,0,0
130335,2,1,1988,0,0,0,0,0,0,0,13,0,7
130336,1,1,1988,11,11,11,11,11,11,11,11,11,11
130337,1,1,1988,0,0,0,0,17,15,4,0,0,0
130338,1,1,1988,17,17,17,17,17,17,17,17,17,17
130339,1,1,1988,0,0,0,0,0,0,0,0,0,0
130340,0,1,1988,0,0,0,0,0,0,0,0,0,0
130340,1,1,1988,0,0,0,0,0,0,0,0,0,0
130340,2,1,1988,0,0,0,0,0,0,0,0,0,0
130341,1,1,1988,13,13,13,13,13,13,13,13,13,13
130342,1,1,1988,12,12,12,12,12,12,12,12,12,12
130343,1,1,1988,22,22,22,22,22,22,22,22,22,22
130344,1,1,1988,23,23,23,23,23,23,23,23,23,23
130344,2,1,1988,0,10,0,0,0,0,0,0,0,0
130345,1,1,1988,15,15,15,15,15,15,15,15,15,15
130346,1,1,1988,7,0,14,0,0,0,14,28,0,8
130347,1,1,1988,0,0,0,0,0,0,0,0,0,0
130347,2,1,1988,0,0,0,0,0,0,0,0,0,0
130348,1,1,1988,15,15,15,15,15,15,15,15,15,15
130349,0,1,1988,5,5,5,5,5,5,5,5,5,5
130349,1,1,1988,0,0,0,25,0,17,0,0,0,5
130350,1,1,1988,0,0,0,0,0,0,0,0,0,0
130350,2,1,1988,0,0,0,0,0,0,0,0,0,0
130351,1,1,1988,0,0,11,9,0,16,20,25,0,0
130351,2,1,1988,0,0,0,0,0,0,0,0,0,0
130352,1,1,1988,0,0,0,0,0,0,0,0,0,0
130353,1,1,1988,2,2,2,2,2,2,2,2,2,2
130354,1,1,1988,0,0,0,0,0,0,0,0,0,0
130354,2,1,1988,0,0,0,0,0,0,0,0,0,0
130355,1,1,1988,0,0,0,0,0,0,0,0,0,0
130355,2,1,1988,7,0,0,0,0,0,0,0,0,0
130356,1,1,1988,0,0,0,0,0,0,0,0,0,0
130358,1,1,1988,0,0,0,0,0,0,0,0,0,0
130359,1,1,1988,0,0,20,0,0,0,0,0,0,22
130359,2,1,1988,0,0,0,0,0,0,0,0,0,0
130360,1,1,1988,0,0,0,0,0,0,0,0,0,0
130361,0,1,1988,26,26,26,26,26,26,26,26,26,26
130361,1,1,1988,7,7,7,7,7,7,7,7,7,7
130363,0,1,1988,11,11,11,11,11,11,11,11,11,11
130363,1,1,1988,0,0,0,0,0,0,0,0,0,0
130364,0,1,1988,0,0,0,0,0,0,0,0,0,0
130364,1,1,1988,0,0,0,0,0,0,0,0,0,0
130365,1,1,1988,18,18,18,18,18,18,18,18,18,18
130366,1,1,1988,0,0,0,0,0,0,0,0,0,0
130366,2,1,1988,6,6,6,6,6,6,6,6,6,6
130367,0,1,1988,0,0,0,0,0,0,0,0,0,0
130367,1,1,1988,0,0,0,0,0,0,0,0,0,8
130368,1,1,1988,3,3,3,3,3,3,3,3,3,3
130368,2,1,1988,0,0,0,0,0,0,0,0,0,0
130369,1,1,1988,0,0,0,0,0,0,0,0,0,0
130370,1,1,1988,0,8,0,21,0,0,0,0,29,0
130370,2,1,1988,0,0,10,0,2,0,0,0,0,0
130371,1,1,1988,0,0,0,0,0,0,0,0,0,0
130371,2,1,1988,0,0,0,0,0,0,0,0,0,0
130372,1,1,1988,0,0,0,0,0,0,0,0,0,0
130372,2,1,1988,0,0,0,0,0,0,0,0,0,0
130373,1,1,1988,0,0,0,0,0,0,0,0,0,0
130374,1,1,1988,22,22,22,22,22,22,22,22,22,22
130375,1,1,1988,20,20,20,20,20,20,20,20,20,20
130376,1,1,1988,14,14,14,14,14,14,14,14,14,14
130377,0,1,1988,25,25,25,25,25,25,25,25,25,25
130377,1,1,1988,0,6,0,0,0,0,0,0,0,0
130377,2,1,1988,0,0,0,0,0,0,0,0,0,0
130378,1,1,1988,17,0,0,12,0,0,0,0,0,0
130379,1,1,1988,0,0,0,0,0,0,0,0,0,0
130379,2,1,1988,0,0,0,0,0,0,0,0,0,0
130380,1,1,1988,14,14,14,14,14,14,14,14,14,14
130380,2,1,1988,0,0,0,0,0,0,0,0,0,0
130380,3,1,1988,0,0,0,0,0,0,0,0,0,0
130380,4,1,1988,0,0,0,0,0,0,0,0,0,0
130380,5,1,1988,0,0,0,0,0,0,0,0,0,0
130380,6,1,1988,0,0,0,0,0,0,0,0,0,0
130381,1,1,1988,9,9,9,9,9,9,9,9,9,9
130381,2,1,1988,0,0,0,0,0,0,0,0,0,0
130382,1,1,1988,13,13,13,13,13,13,13,13,13,13
130383,1,1,1988,0,0,26,27,3,25,19,14,0,21
130384,1,1,1988,0,0,0,0,0,0,0,0,0,0
130384,2,1,1988,0,0,0,0,18,0,0,0,0,0
130384,3,1,1988,0,0,0,0,0,0,0,0,0,0
130385,1,1,1988,0,0,0,0,0,0,0,0,0,0
130385,2,1,1988,0,0,0,0,0,0,0,0,0,0
130386,1,1,1988,24,22,10,17,20,15,21,19,16,14
130387,1,1,1988,0,0,0,0,0,0,0,0,0,0
130387,2,1,1988,0,0,0,0,0,0,0,0,0,0
130388,1,1,1988,18,18,18,18,18,18,18,18,18,18
130389,1,1,1988,0,0,0,0,0,0,0,0,0,0
130389,2,1,1988,18,18,18,18,18,18,18,18,18,18
130390,0,1,1988,0,23,0,0,0,0,23,0,0,0
130390,1,1,1988,0,16,0,0,0,0,0,0,0,0
130391,1,1,1988,13,13,13,13,13,13,13,13,13,13
130392,1,1,1988,21,21,21,21,21,21,21,21,21,21
130392,2,1,1988,0,0,0,0,0,0,0,0,0,0
130393,1,1,1988,10,10,10,10,10,10,10,10,10,10
130394,1,1,1988,0,0,0,0,0,0,0,0,0,0
130395,1,1,1988,22,22,22,22,22,22,22,22,22,22
130397,1,1,1988,4,4,4,4,4,4,4,4,4,4
130399,1,1,1988,0,0,0,0,11,0,0,0,0,0
130399,2,1,1988,0,0,0,0,29,0,0,0,0,0
130400,1,1,1988,15,15,15,15,15,15,15,15,15,15
130401,1,1,1988,21,21,21,21,21,21,21,21,21,21
130402,1,1,1988,0,0,0,0,0,0,0,0,0,0
130402,2,1,1988,21,21,21,21,21,21,21,21,21,21
130403,1,1,1988,32,32,32,32,32,32,32,32,32,32
130404,1,1,1988,2,2,2,2,2,2,2,2,2,2
130405,1,1,1988,0,0,0,3,0,0,0,0,18,0
130406,1,1,1988,10,10,10,10,10,10,10,10,10,10
130407,1,1,1988,0,0,0,23,0,12,0,0,5,9
130408,1,1,1988,0,0,0,0,0,0,0,0,0,0
130408,2,1,1988,0,0,0,0,0,0,0,0,0,0
130408,3,1,1988,0,0,0,0,0,0,0,0,0,0
130409,1,1,1988,0,0,0,0,0,0,0,0,0,0
130409,2,1,1988,0,15,0,0,0,0,0,0,0,0
130410,1,1,1988,17,17,17,17,17,17,17,17,17,17
130411,1,1,1988,0,0,0,0,0,0,0,0,0,0
130412,1,1,1988,20,20,20,20,20,20,20,20,20,20
130412,2,1,1988,0,0,0,0,0,0,0,24,0,0
130412,3,1,1988,0,0,0,0,0,0,0,0,0,0
130413,1,1,1988,0,0,0,0,0,0,0,0,0,0
130413,2,1,1988,0,0,0,0,0,0,0,0,0,0
130414,1,1,1988,0,0,0,0,0,0,0,0,0,0
130415,1,1,1988,0,0,0,0,0,0,0,0,0,0
130415,2,1,1988,0,0,0,0,0,0,0,0,0,0
130416,1,1,1988,0,0,0,0,0,0,0,0,0,0
130417,1,1,1988,0,0,0,0,0,0,0,0,0,0
130417,2,1,1988,26,26,26,26,26,26,26,26,26,26
130418,1,1,1988,29,29,29,29,29,29,29,29,29,29
130419,0,1,1988,28,28,28,28,28,28,28,28,28,28
130419,1,1,1988,0,15,10,4,0,24,13,11,8,0
130420,1,1,1988,0,0,0,0,12,0,0,0,0,0
130420,2,1,1988,3,3,3,3,3,3,3,3,3,3
130421,1,1,1988,5,5,5,5,5,5,5,5,5,5
130423,1,1,1988,0,0,0,0,0,0,0,0,0,0
130423,2,1,1988,0,0,0,0,0,0,0,0,0,0
130424,1,1,1988,0,0,0,0,32,0,0,14,0,22
130425,1,1,1988,0,0,0,0,0,0,0,0,0,0
130425,2,1,1988,0,0,0,0,0,0,0,0,0,0
130426,1,1,1988,0,0,0,0,0,0,0,0,0,0
130426,2,1,1988,0,0,0,0,0,0,0,0,0,0
130427,0,1,1988,0,0,29,0,0,0,0,0,0,0
130427,1,1,1988,20,0,0,0,0,0,0,0,0,0
130428,1,2,1988,20,20,20,20,20,20,20,20,20,20
130429,1,1,1988,0,0,0,0,0,0,0,16,0,8
130430,1,1,1988,23,12,6,16,4,21,25,12,13,21
130430,2,1,1988,0,0,0,0,0,0,0,0,0,0
130431,1,1,1988,13,13,13,13,13,13,13,13,13,13
130431,2,1,1988,0,0,0,0,0,0,0,0,0,0
130432,1,1,1988,0,0,0,0,0,0,0,0,0,0
130432,2,1,1988,0,0,0,0,0,0,0,0,0,0
130433,1,1,1988,24,24,24,24,24,24,24,24,24,24
130433,2,1,1988,0,0,0,0,0,0,0,0,0,0
130434,1,1,1988,0,17,0,0,0,0,11,0,11,0
130434,2,1,1988,0,0,0,0,0,0,0,0,0,0
130435,1,1,1988,15,9,21,0,0,0,14,9,0,14
130435,2,1,1988,0,0,0,0,0,0,0,0,0,0
130436,1,1,1988,0,0,0,0,0,0,0,0,0,0
130437,0,1,1988,17,17,17,17,17,17,17,17,17,17
130437,1,1,1988,0,0,0,0,0,0,0,0,0,0
130438,0,1,1988,0,0,0,0,0,0,0,0,0,0
130438,1,1,1988,0,0,0,0,0,0,0,0,0,0
130439,0,1,1988,0,0,0,0,0,0,0,0,0,0
130439,1,1,1988,0,11,3,0,0,0,4,0,8,0
130440,1,1,1988,0,0,0,0,0,0,0,0,0,0
130440,2,1,1988,0,0,0,0,0,0,0,0,0,0
130440,3,1,1988,0,0,0,0,0,0,0,0,0,0
130441,0,1,1988,0,0,0,0,0,0,0,0,0,0
130441,1,1,1988,0,0,0,0,0,0,0,0,0,0
130442,1,1,1988,14,0,0,0,0,0,0,0,0,0
130442,2,1,1988,0,0,0,0,0,0,0,0,0,0
130444,1,1,1988,0,0,0,0,0,0,0,0,0,0
130445,0,1,1988,0,0,0,18,0,0,0,0,27,0
130445,1,1,1988,0,0,0,0,0,0,0,0,0,0
130446,1,1,1988,11,11,11,11,11,11,11,11,11,11
130446,2,1,1988,0,0,0,0,0,0,0,0,0,0
130447,1,1,1988,20,20,20,20,20,20,20,20,20,20
130448,1,1,1988,0,0,0,0,0,0,0,0,0,0
130449,1,1,1988,23,23,23,23,23,23,23,23,23,23
130450,1,1,1988,19,19,19,19,19,19,19,19,19,19
130451,1,1,1988,21,21,21,21,21,21,21,21,21,21
130452,1,1,1988,0,0,0,0,0,0,0,0,0,0
130452,2,1,1988,0,0,0,0,0,0,0,0,0,0
130453,1,1,1988,20,22,15,0,0,11,0,18,29,0
130454,1,1,1988,0,0,13,20,0,0,0,0,16,28
130455,1,1,1988,0,0,0,0,0,0,0,0,0,0
130455,2,1,1988,0,0,0,0,0,0,0,0,0,0
130455,3,1,1988,0,0,0,0,0,0,0,0,0,0
130456,0,1,1988,26,26,26,26,26,26,26,26,26,26
130456,1,1,1988,0,0,0,0,0,0,0,0,0,0
130457,0,1,1988,0,0,0,0,0,0,0,0,0,0
130457,1,1,1988,0,0,0,0,0,14,0,0,0,0
130458,1,1,1988,0,0,0,0,0,0,0,0,0,0
130458,2,1,1988,0,0,0,0,0,0,0,0,0,0
130459,1,1,1988,13,13,13,13,13,13,13,13,13,13
130460,1,1,1988,0,0,13,0,0,0,0,0,0,0
130460,2,1,1988,0,0,0,0,0,0,0,0,0,0
130461,0,1,1988,19,19,19,19,19,19,19,19,19,19
130461,0,2,1988,23,0,16,0,17,22,22,22,22,15
130461,2,1,1988,12,12,12,12,12,12,12,12,12,12
130462,1,1,1988,0,0,0,0,0,10,0,0,0,0
130463,1,1,1988,15,15,15,15,15,15,15,15,15,15
130464,1,1,1988,0,0,0,0,0,0,0,0,0,0
130465,1,1,1988,0,0,0,0,0,0,0,0,0,0
130468,1,1,1988,0,0,0,0,0,0,0,0,0,0
130469,1,1,1988,0,0,0,0,0,0,0,0,0,0
130469,2,1,1988,0,0,0,0,0,0,0,0,0,0
130470,0,1,1988,0,0,0,0,0,0,0,0,0,0
130470,1,1,1988,0,0,0,0,0,0,0,0,0,0
130471,1,1,1988,0,0,0,0,0,0,0,0,0,0
130471,2,1,1988,0,0,0,0,0,0,0,0,0,0
130472,1,1,1988,0,0,0,0,0,4,0,0,0,0
130472,2,1,1988,0,0,0,0,0,0,0,0,0,0
130473,1,1,1988,0,0,0,0,0,0,0,0,5,0
130473,2,1,1988,0,9,0,0,0,0,0,0,0,0
130474,1,1,1988,0,0,0,0,0,0,0,0,0,0
130474,2,1,1988,19,0,0,0,0,0,0,0,0,0
130475,1,1,1988,11,11,11,11,11,11,11,11,11,11
130476,1,1,1988,0,0,0,0,0,0,0,0,0,0
130476,2,1,1988,0,0,0,0,0,0,0,0,0,0
130477,1,1,1988,0,0,0,0,0,0,0,0,0,0
130477,2,1,1988,0,0,0,0,0,0,0,0,0,0
130478,1,1,1988,0,0,0,0,0,0,0,0,0,0
130479,1,1,1988,27,27,27,27,27,27,27,27,27,27
130480,1,1,1988,0,0,0,0,0,0,0,0,0,0
130480,2,1,1988,0,0,0,0,0,0,0,0,0,0
130481,1,1,1988,0,0,0,0,0,0,0,0,0,0
130481,2,1,1988,0,0,0,0,0,0,0,0,0,0
130482,1,1,1988,21,21,21,21,21,21,21,21,21,21
130483,1,1,1988,12,12,12,12,12,12,12,12,12,12
130483,2,1,1988,17,17,17,17,17,17,17,17,17,17
130483,3,1,1988,0,0,0,0,20,0,0,0,0,0
130484,0,1,1988,7,7,7,7,7,7,7,7,7,7
130484,0,2,1988,0,0,11,0,18,0,5,0,7,28
130484,1,1,1988,2,0,0,10,8,0,9,17,0,9
130485,1,1,1988,9,9,9,9,9,9,9,9,9,9
130486,1,1,1988,21,21,21,21,21,21,21,21,21,21
130487,1,1,1988,0,0,0,0,0,0,0,0,0,0
130487,2,1,1988,0,0,0,0,0,0,0,0,0,0
130488,1,1,1988,0,0,0,0,0,0,0,0,0,0
130488,2,1,1988,14,14,14,14,14,14,14,14,14,14
130489,1,1,1988,16,16,16,16,16,16,16,16,16,16
130490,1,1,1988,0,0,0,0,0,0,0,0,0,0
130491,1,1,1988,0,0,0,0,0,0,0,0,0,0
130491,2,1,1988,19,0,11,0,0,0,0,14,5,0
130491,3,1,1988,0,29,0,0,0,0,11,14,9,0
130491,4,1,1988,0,0,0,0,0,23,0,0,0,0
130492,1,1,1988,4,4,4,4,4,4,4,4,4,4
130492,2,1,1988,27,27,27,27,27,27,27,27,27,27
130493,1,1,1988,0,0,0,0,0,0,0,0,0,0
130493,2,1,1988,0,0,0,0,0,0,0,0,0,0
130494,1,1,1988,35,27,40,0,13,12,30,14,30,12
130495,1,1,1988,3,3,3,3,3,3,3,3,3,3
130496,1,1,1988,0,0,0,0,0,0,0,0,0,0
130496,2,1,1988,0,0,0,0,0,0,0,0,0,0
130496,3,1,1988,0,0,0,0,0,0,0,0,0,0
130497,1,1,1988,19,0,0,16,0,21,0,0,12,0
130498,1,1,1988,0,0,0,0,0,0,0,0,0,0
130498,2,1,1988,0,0,0,0,0,0,0,0,0,0
130499,0,1,1988,0,0,0,0,0,0,0,0,0,0
130499,1,1,1988,0,0,0,0,0,0,0,0,0,0
130500,0,1,1988,18,18,18,18,18,18,18,18,18,18
130500,1,1,1988,0,0,0,0,0,0,0,0,0,0
130501,0,1,1988,11,11,11,11,11,11,11,11,11,11
130501,1,1,1988,0,0,0,0,0,0,0,0,0,0
130502,1,1,1988,0,0,0,0,0,0,0,0,0,0
130502,2,1,1988,0,0,0,0,0,0,0,0,0,0
130503,1,1,1988,12,12,12,12,12,12,12,12,12,12
130504,1,1,1988,0,0,0,0,0,0,0,0,0,0
130504,2,1,1988,0,0,0,0,0,0,0,0,0,0
130505,1,1,1988,0,0,0,0,0,0,0,0,0,0
130505,2,1,1988,0,0,0,0,0,0,0,0,0,0
130506,1,1,1988,0,0,0,0,0,0,0,0,0,0
130506,2,1,1988,0,0,0,0,0,0,0,0,0,0
130507,1,1,1988,0,0,0,0,0,0,0,0,0,0
130507,2,1,1988,5,0,10,0,0,0,0,0,0,0
130508,1,1,1988,16,16,16,16,16,16,16,16,16,16
130508,2,1,1988,20,21,27,27,21,11,12,23,22,19
130509,1,1,1988,0,0,0,0,0,0,0,0,0,0
130509,2,1,1988,0,0,0,0,0,0,0,0,0,0
130510,0,1,1988,0,0,28,0,30,17,25,30,23,20
130510,1,1,1988,0,0,0,0,0,0,0,0,0,0
130511,1,1,1988,0,0,0,0,0,0,0,0,0,0
130511,2,1,1988,0,0,0,0,0,0,0,0,0,0
130512,1,1,1988,13,13,13,13,13,13,13,13,13,13
130513,1,1,1988,21,11,20,8,27,0,18,3,0,11
130514,1,1,1988,0,0,5,0,0,0,0,0,0,0
130514,2,1,1988,0,0,0,17,0,0,19,15,0,0
130515,1,1,1988,12,12,12,12,12,12,12,12,12,12
130516,1,1,1988,9,0,0,0,0,0,0,0,0,0
130516,2,1,1988,0,0,0,0,0,0,0,0,0,0
130517,1,1,1988,20,20,20,20,20,20,20,20,20,20
130518,0,1,1988,29,29,29,29,29,29,29,29,29,29
130518,1,1,1988,0,0,0,0,44,0,0,0,2,0
130519,1,1,1988,8,8,8,8,8,8,8,8,8,8
130520,1,1,1988,0,0,0,0,0,0,10,0,0,0
130521,0,1,1988,18,18,18,18,18,18,18,18,18,18
130521,1,1,1988,0,0,0,0,0,0,0,0,0,0
130522,1,1,1988,0,0,4,0,0,0,0,0,0,13
130523,1,1,1988,0,0,0,0,0,0,0,0,0,0
130524,1,1,1988,0,0,0,0,0,0,0,0,0,0
130524,2,1,1988,12,12,12,12,12,12,12,12,12,12
130525,1,1,1988,19,19,19,19,19,19,19,19,19,19
130526,1,1,1988,0,0,0,0,0,0,0,0,0,0
130527,1,1,1988,0,0,0,0,0,0,0,0,0,0
130527,2,1,1988,0,0,0,0,0,0,0,0,0,0
130528,1,1,1988,0,0,0,0,0,0,0,0,0,0
130528,2,1,1988,0,0,0,0,0,0,0,0,0,0
130529,1,1,1988,17,17,17,17,17,17,17,17,17,17
130530,1,1,1988,31,13,11,20,16,0,21,16,0,19
130531,0,1,1988,0,0,0,0,0,0,0,0,0,0
130531,1,1,1988,0,0,0,0,0,0,0,0,0,0
130532,1,1,1988,0,0,0,0,0,0,0,0,0,0
130532,2,1,1988,11,11,11,11,11,11,11,11,11,11
130533,1,1,1988,22,22,22,22,22,22,22,22,22,22
130534,0,1,1988,0,0,0,0,0,0,0,0,0,0
130534,1,1,1988,0,0,0,0,0,0,0,19,0,0
130535,1,1,1988,12,16,8,14,0,19,0,20,13,0
130536,0,1,1988,0,0,0,0,0,0,0,0,0,0
130536,1,1,1988,0,0,0,0,0,0,0,0,13,0
130537,1,1,1988,0,0,0,0,0,0,0,11,0,0
130538,1,1,1988,0,0,0,0,0,0,0,0,0,0
130538,2,1,1988,0,0,0,0,0,0,0,0,0,0
130539,1,1,1988,0,0,0,0,0,0,0,0,0,0
130539,2,1,1988,0,0,0,0,0,0,0,0,0,0
130540,1,1,1988,0,0,0,0,0,0,0,0,0,0
130540,2,1,1988,0,0,0,0,0,0,0,0,0,0
130541,1,1,1988,0,0,0,0,0,0,0,0,0,0
130541,2,1,1988,0,0,0,0,0,0,0,0,0,0
130542,1,1,1988,0,0,0,0,0,0,0,0,0,0
130542,2,1,1988,0,0,0,0,0,0,0,0,0,0
130543,1,1,1988,0,0,0,0,0,0,0,0,0,0
130543,2,1,1988,0,0,0,0,0,0,0,0,0,0
130544,1,1,1988,12,12,12,12,12,12,12,12,12,12
130545,1,1,1988,0,0,0,0,0,8,0,0,0,0
130546,1,1,1988,0,4,0,0,0,17,8,0,0,0
130546,2,1,1988,36,36,36,36,36,36,36,36,36,36
130546,3,1,1988,0,0,0,0,0,0,0,0,0,0
130547,1,1,1988,0,16,0,22,0,30,0,26,0,0
130547,2,1,1988,0,0,0,0,11,0,0,0,0,0
130548,1,1,1988,8,8,8,8,8,8,8,8,8,8
130549,1,1,1988,14,14,14,14,14,14,14,14,14,14
130549,2,1,1988,5,22,0,0,0,0,0,0,7,0
130550,1,1,1988,22,22,22,22,22,22,22,22,22,22
130551,1,1,1988,13,13,13,13,13,13,13,13,13,13
130552,1,1,1988,4,0,0,0,6,0,0,0,0,10
130553,1,1,1988,8,8,8,8,8,8,8,8,8,8
130553,2,1,1988,0,0,0,0,0,0,0,0,0,0
130555,1,1,1988,39,39,39,39,39,39,39,39,39,39
130556,0,1,1988,0,0,0,0,0,0,0,0,0,0
130556,1,1,1988,0,0,0,0,0,0,0,0,0,0
130557,1,1,1988,20,20,20,20,20,20,20,20,20,20
130557,2,1,1988,0,0,0,0,0,0,0,0,0,0
130558,0,1,1988,0,0,0,0,16,0,0,0,14,0
130558,1,1,1988,0,0,0,0,0,0,0,0,0,0
130559,1,1,1988,31,31,31,31,31,31,31,31,31,31
130560,1,1,1988,18,6,19,7,25,0,0,14,20,2
130561,1,1,1988,17,16,6,14,0,21,14,16,14,24
130562,1,1,1988,30,16,0,29,0,0,0,0,18,16
130563,0,1,1988,20,20,20,20,20,20,20,20,20,20
130563,1,1,1988,0,0,0,0,0,0,0,0,0,0
130564,1,1,1988,19,19,19,19,19,19,19,19,19,19
130565,1,1,1988,0,0,0,0,0,0,0,0,0,0
130565,2,1,1988,0,0,0,0,0,0,0,0,0,0
130566,1,1,1988,3,8,12,12,16,4,8,7,12,7
130567,1,1,1988,0,0,0,0,0,0,0,0,0,0
130567,2,1,1988,0,0,0,0,0,0,0,0,0,0
130568,1,1,1988,0,0,0,0,0,0,0,0,0,0
130569,0,1,1988,0,0,0,0,0,0,0,0,0,0
130569,1,1,1988,0,0,0,0,0,0,0,0,0,0
130570,1,1,1988,15,15,15,15,15,15,15,15,15,15
130571,1,1,1988,12,12,12,12,12,12,12,12,12,12
130571,2,1,1988,3,3,3,3,3,3,3,3,3,3
130572,1,1,1988,0,0,0,0,14,0,0,18,15,25
130573,1,1,1988,0,0,0,0,0,0,0,0,0,0
130573,2,1,1988,0,0,0,0,0,0,4,0,0,0
130574,1,1,1988,0,0,0,0,0,0,0,0,0,0
130574,2,1,1988,23,23,23,23,23,23,23,23,23,23
130575,1,1,1988,0,0,0,0,0,0,0,0,0,0
130575,2,1,1988,0,0,0,0,0,0,0,0,0,0
130576,1,1,1988,15,15,15,15,15,15,15,15,15,15
130577,1,1,1988,0,0,0,0,0,0,0,0,0,0
130577,2,1,1988,0,0,0,0,0,0,0,0,0,0
130577,3,1,1988,0,0,0,0,0,0,0,0,10,0
130578,1,1,1988,0,0,0,0,0,0,0,0,0,0
130579,1,1,1988,0,0,29,14,9,27,0,0,0,0
130579,2,1,1988,30,28,0,12,0,19,7,30,33,0
130580,1,1,1988,0,0,0,0,0,0,0,0,0,0
130581,1,1,1988,0,0,0,0,0,0,0,0,0,0
130581,2,1,1988,0,0,0,0,0,0,0,0,0,0
130582,1,1,1988,19,19,19,19,19,19,19,19,19,19
130583,1,1,1988,7,7,7,7,7,7,7,7,7,7
130584,1,1,1988,0,0,0,25,0,0,10,0,12,7
130584,2,1,1988,0,13,0,0,0,0,0,0,0,0
130585,1,1,1988,0,0,0,0,0,0,0,0,0,0
130585,2,1,1988,0,0,0,0,0,0,0,0,0,0
130586,1,1,1988,0,0,0,0,0,0,0,0,0,0
130587,0,1,1988,20,29,16,0,0,11,0,25,29,0
130587,1,1,1988,0,6,0,0,0,0,0,0,0,0
130588,1,1,1988,0,14,0,0,0,25,0,22,0,0
130588,2,1,1988,0,0,0,6,0,0,0,0,0,0
130589,1,1,1988,0,0,0,0,0,0,0,0,0,0
130589,2,1,1988,0,0,0,0,0,0,0,0,0,0
130590,1,1,1988,0,0,0,0,0,0,0,0,0,0
130590,2,1,1988,0,0,0,0,0,0,0,0,0,0
130591,1,1,1988,1,1,1,1,1,1,1,1,1,1
130591,2,1,1988,0,0,0,0,0,0,0,0,0,0
130592,1,1,1988,0,0,0,0,0,0,0,0,0,0
130592,2,1,1988,0,0,0,0,0,0,0,0,0,0
130593,1,1,1988,0,0,0,0,0,0,0,0,0,0
130594,1,1,1988,0,0,0,0,0,0,0,0,0,0
130595,1,1,1988,0,0,0,0,0,0,0,0,0,0
130597,0,1,1988,0,0,0,0,0,0,0,0,0,0
130597,0,2,1988,0,0,0,0,0,0,0,0,0,0
130597,0,3,1988,45,19,19,16,20,21,0,30,8,21
130597,1,1,1988,0,0,0,0,0,0,0,0,0,0
130597,3,1,1988,0,0,0,0,0,0,0,0,0,0
130598,1,1,1988,0,0,0,0,0,0,0,0,0,0
130598,2,1,1988,0,30,0,0,0,0,0,0,0,0
130599,0,1,1988,11,11,11,11,11,11,11,11,11,11
130599,1,1,1988,0,0,0,0,0,0,0,0,0,0
130600,1,1,1988,0,0,0,26,0,0,0,0,0,0
130600,2,1,1988,0,0,0,0,0,0,0,0,0,0
130601,0,1,1988,0,0,0,0,0,0,0,0,0,2
130601,1,1,1988,0,0,0,0,0,0,0,0,0,9
130602,1,1,1988,13,0,23,9,5,22,34,16,14,19
130603,0,1,1988,28,28,28,28,28,28,28,28,28,28
130603,1,1,1988,0,0,0,0,0,0,0,0,0,0
130604,1,1,1988,0,24,0,0,6,0,0,0,22,0
130605,0,1,1988,22,22,22,22,22,22,22,22,22,22
130605,1,1,1988,0,0,0,0,0,0,0,0,0,0
130606,1,1,1988,0,0,0,0,0,0,0,0,0,0
130606,2,1,1988,0,0,0,0,0,0,0,0,0,0
130607,1,1,1988,29,0,0,8,41,20,38,16,20,21
130608,1,1,1988,0,0,0,0,0,0,0,0,0,0
130609,1,1,1988,0,0,0,0,0,0,0,0,0,0
130610,1,1,1988,14,14,14,14,14,14,14,14,14,14
130611,1,1,1988,0,0,0,0,0,0,0,0,0,0
130611,2,1,1988,0,0,0,0,0,0,0,0,0,0
130612,1,1,1988,0,0,0,0,0,0,0,0,0,0
130613,1,1,1988,16,16,16,16,16,16,16,16,16,16
130614,1,1,1988,13,13,13,13,13,13,13,13,13,13