ST_CASE,VEH_NO,PER_NO,YEAR,P1,P2,P3,P4,P5,P6,P7,P8,P9,P10
130616,0,1,1988,5,0,0,0,0,0,0,0,0,0
130616,1,1,1988,4,4,4,4,4,4,4,4,4,4
130617,1,1,1988,7,7,7,7,7,7,7,7,7,7
130617,2,1,1988,0,0,0,0,0,0,0,0,0,0
130618,1,1,1988,0,0,0,0,0,0,0,0,0,0
130619,1,1,1988,13,13,13,13,13,13,13,13,13,13
130620,1,1,1988,38,38,38,38,38,38,38,38,38,38
130621,1,1,1988,18,18,18,18,18,18,18,18,18,18
130622,1,1,1988,0,0,0,0,0,0,0,0,0,0
130623,1,1,1988,10,10,10,10,10,10,10,10,10,10
130623,2,1,1988,0,0,0,0,0,0,0,0,0,0
130624,1,1,1988,0,0,0,0,0,0,0,0,0,0
130624,2,1,1988,0,0,0,0,0,0,0,0,0,0
130625,1,1,1988,24,24,24,24,24,24,24,24,24,24
130626,1,1,1988,6,6,6,6,6,6,6,6,6,6
130627,1,1,1988,0,0,0,0,0,0,0,0,0,0
130628,1,1,1988,0,0,0,0,0,0,0,0,0,0
130628,2,1,1988,31,31,31,31,31,31,31,31,31,31
130629,1,1,1988,0,0,0,0,11,0,0,0,0,0
130630,1,1,1988,0,0,0,0,0,0,0,0,0,0
130630,2,1,1988,0,0,0,0,0,0,0,0,0,0
130630,3,1,1988,0,0,0,0,0,0,0,0,0,0
130630,4,1,1988,0,0,0,0,0,0,0,0,0,0
130631,1,1,1988,17,17,17,17,17,17,17,17,17,17
130632,1,1,1988,13,13,13,13,13,13,13,13,13,13
130632,2,1,1988,0,0,0,0,0,0,0,0,0,0
130633,1,1,1988,19,0,0,0,20,0,16,8,10,0
130634,1,1,1988,6,6,6,6,6,6,6,6,6,6
130635,1,1,1988,24,21,20,4,0,9,26,21,17,24
130636,0,1,1988,0,0,0,0,0,0,0,0,0,0
130637,1,1,1988,16,16,16,16,16,16,16,16,16,16
130638,0,1,1988,23,23,23,23,23,23,23,23,23,23
130638,1,1,1988,0,0,0,0,0,0,0,0,0,0
130639,1,1,1988,0,0,0,0,0,0,0,0,8,0
130639,2,1,1988,0,0,0,0,0,0,0,0,0,0
130640,1,1,1988,18,18,18,18,18,18,18,18,18,18
130641,1,1,1988,0,0,0,24,15,0,0,0,0,0
130641,2,1,1988,28,0,0,0,17,0,22,8,0,12
130642,1,1,1988,0,0,0,0,0,0,0,0,0,0
130642,2,1,1988,0,0,0,0,0,0,0,0,0,0
130643,1,1,1988,0,0,0,0,0,0,0,0,0,0
130643,2,1,1988,0,8,0,0,0,0,0,14,0,0
130644,1,1,1988,0,0,0,0,0,0,0,0,0,0
130644,2,1,1988,0,0,0,0,0,0,0,0,0,0
130645,0,1,1988,24,24,24,24,24,24,24,24,24,24
130645,1,1,1988,11,11,11,11,11,11,11,11,11,11
130646,1,1,1988,0,0,0,0,0,0,0,0,0,0
130647,1,1,1988,0,11,0,0,0,0,0,0,0,0
130648,1,1,1988,28,0,16,27,0,0,0,0,0,0
130649,1,1,1988,0,0,0,0,0,0,0,0,0,0
130650,1,1,1988,0,0,0,0,0,0,0,0,0,0
130651,1,1,1988,2,2,2,2,2,2,2,2,2,2
130652,0,1,1988,0,0,0,0,0,0,0,0,0,0
130652,1,1,1988,0,0,0,0,0,0,0,0,0,0
130653,0,1,1988,0,0,0,0,0,0,0,0,0,0
130653,1,1,1988,0,0,0,0,0,0,0,0,0,0
130654,0,1,1988,10,0,0,0,0,0,0,36,33,23
130654,1,1,1988,0,0,0,0,0,0,0,0,0,0
130655,1,1,1988,0,0,0,0,0,0,0,0,0,0
130655,2,1,1988,0,0,0,0,0,0,0,0,0,0
130656,1,1,1988,0,0,0,0,0,0,0,21,0,0
130656,2,1,1988,0,0,0,0,0,0,0,0,0,0
130657,1,1,1988,0,0,0,0,0,4,0,0,0,0
130657,2,1,1988,0,0,0,0,9,18,0,0,0,0
130658,1,1,1988,0,0,0,0,0,0,0,0,0,0
130658,2,1,1988,0,0,0,0,0,0,0,0,0,0
130659,0,1,1988,18,29,0,3,23,5,0,0,22,30
130659,0,2,1988,0,0,19,0,12,35,0,0,14,0
130659,1,1,1988,19,19,19,19,19,19,19,19,19,19
130660,0,1,1988,38,38,38,38,38,38,38,38,38,38
130660,1,1,1988,0,0,0,0,0,0,0,0,10,0
130661,1,1,1988,11,11,11,11,11,11,11,11,11,11
130661,2,1,1988,0,0,0,0,0,0,0,0,0,0
130662,1,1,1988,17,19,16,10,0,0,21,21,14,8
130663,1,1,1988,0,0,0,0,0,0,0,0,0,0
130663,2,1,1988,0,0,0,0,0,0,0,0,0,0
130664,0,1,1988,0,0,42,0,0,0,0,26,0,0
130664,1,1,1988,0,0,0,0,0,0,0,0,0,0
130665,1,1,1988,0,0,0,0,0,0,0,0,0,0
130666,1,1,1988,4,4,4,4,4,4,4,4,4,4
130667,1,1,1988,1,1,1,1,1,1,1,1,1,1
130667,2,1,1988,0,0,0,0,0,0,0,0,0,0
130668,1,1,1988,0,0,0,0,0,0,0,0,0,6
130668,2,1,1988,0,0,0,0,0,0,0,0,0,0
130669,0,1,1988,0,0,0,0,0,0,0,0,0,0
130669,1,1,1988,0,0,0,0,0,0,0,0,0,0
130670,1,1,1988,0,0,0,0,0,0,0,0,0,0
130671,1,1,1988,11,11,11,11,11,11,11,11,11,11
130672,1,1,1988,5,5,5,5,5,5,5,5,5,5
130673,1,1,1988,9,9,9,9,9,9,9,9,9,9
130674,1,1,1988,0,0,0,0,0,0,0,0,0,0
130674,2,1,1988,0,0,13,0,0,15,0,8,0,0
130675,1,1,1988,0,0,6,0,0,0,0,0,0,19
130675,2,1,1988,0,0,0,0,0,0,0,0,0,0
130676,1,1,1988,0,0,0,0,0,0,0,0,0,0
130677,1,1,1988,0,0,0,0,0,0,0,0,0,0
130678,1,1,1988,0,0,0,0,0,0,0,0,0,0
130678,2,1,1988,0,0,0,0,0,0,0,0,0,0
130679,0,1,1988,0,22,0,0,0,0,0,0,0,11
130679,1,1,1988,0,0,0,0,0,0,0,0,0,0
130680,1,1,1988,0,10,0,0,0,0,0,0,0,0
130680,2,1,1988,0,4,0,0,0,0,0,0,0,12
130681,1,1,1988,0,0,0,0,0,9,0,0,0,0
130681,2,1,1988,0,0,0,0,0,0,0,0,0,0
130682,1,1,1988,0,0,0,0,0,0,0,0,0,0
130683,1,1,1988,28,25,18,31,16,21,16,11,20,9
130684,0,1,1988,27,0,0,14,0,0,0,0,28,0
130684,1,1,1988,0,0,6,0,0,0,0,0,0,13
130685,1,1,1988,0,0,0,0,0,0,0,0,0,0
130685,2,1,1988,0,0,0,0,0,0,0,0,0,0
130686,1,1,1988,0,0,0,0,0,0,0,0,0,0
130687,1,1,1988,0,0,0,0,0,0,0,0,0,0
130687,2,1,1988,0,25,0,0,0,0,0,0,0,0
130687,3,1,1988,0,0,0,0,0,0,0,0,0,0
130687,4,1,1988,0,0,0,0,0,0,0,0,0,0
130688,1,1,1988,37,0,19,0,0,9,0,15,17,0
130689,1,1,1988,0,0,0,0,0,0,0,48,0,0
130689,2,1,1988,0,0,0,0,0,0,0,0,0,0
130690,1,1,1988,9,9,9,9,9,9,9,9,9,9
130691,1,1,1988,0,0,0,0,0,0,0,0,0,0
130691,2,1,1988,5,0,0,0,0,0,0,0,0,0
130692,1,1,1988,30,30,30,30,30,30,30,30,30,30
130692,2,1,1988,20,20,20,20,20,20,20,20,20,20
130694,1,1,1988,16,16,16,16,16,16,16,16,16,16
130695,1,1,1988,9,9,9,9,9,9,9,9,9,9
130696,1,1,1988,0,0,0,0,0,0,0,0,0,0
130696,2,1,1988,0,0,0,0,0,0,0,0,0,0
130697,0,1,1988,0,0,0,0,0,0,0,0,0,0
130697,1,1,1988,0,0,0,0,0,0,0,0,0,0
130698,1,1,1988,17,8,14,0,18,0,8,20,0,8
130699,1,1,1988,11,12,6,0,14,0,16,15,0,19
130700,1,1,1988,0,0,0,0,0,0,0,0,0,0
130701,1,1,1988,0,0,0,12,0,0,0,0,0,15
130702,1,1,1988,0,0,0,0,0,0,0,0,0,0
130703,0,1,1988,40,40,40,40,40,40,40,40,40,40
130703,1,1,1988,7,7,7,7,7,7,7,7,7,7
130704,1,1,1988,7,7,11,17,0,22,15,0,0,22
130704,2,1,1988,0,0,0,0,0,0,0,8,0,0
130705,1,1,1988,0,0,0,0,0,0,0,0,0,0
130705,2,1,1988,0,0,0,0,0,0,0,0,0,0
130706,1,1,1988,14,14,14,14,14,14,14,14,14,14
130707,1,1,1988,12,12,12,12,12,12,12,12,12,12
130707,2,1,1988,19,0,0,0,0,0,0,0,0,0
130708,1,1,1988,6,6,6,6,6,6,6,6,6,6
130709,1,1,1988,0,0,0,0,0,0,0,0,0,0
130710,1,1,1988,0,0,0,0,0,0,0,0,0,0
130710,2,1,1988,19,0,0,23,10,0,2,13,21,0
130711,1,1,1988,19,19,19,19,19,19,19,19,19,19
130712,0,1,1988,23,23,23,23,23,23,23,23,23,23
130712,1,1,1988,0,0,0,0,0,0,0,0,0,0
130713,1,1,1988,35,35,35,35,35,35,35,35,35,35
130714,1,1,1988,0,0,0,0,0,0,0,0,0,0
130715,1,1,1988,0,0,0,0,0,0,0,0,0,0
130715,2,1,1988,0,0,0,0,0,0,0,0,0,0
130716,1,1,1988,0,0,0,0,0,0,0,0,0,0
130717,1,1,1988,18,18,18,18,18,18,18,18,18,18
130718,1,1,1988,19,19,19,19,19,19,19,19,19,19
130719,1,1,1988,14,14,14,14,14,14,14,14,14,14
130720,1,1,1988,0,0,0,0,0,0,0,0,0,0
130721,1,1,1988,33,33,33,33,33,33,33,33,33,33
130722,1,1,1988,0,0,0,0,0,0,0,0,0,0
130722,2,1,1988,0,0,0,0,0,0,0,0,0,0
130723,1,1,1988,0,0,0,0,0,0,0,0,0,0
130724,1,1,1988,21,21,21,21,21,21,21,21,21,21
130724,2,1,1988,0,0,0,0,0,0,0,0,0,0
130725,1,1,1988,7,7,7,7,7,7,7,7,7,7
130726,1,1,1988,0,0,0,0,0,0,0,0,0,0
130726,2,1,1988,0,0,0,0,0,0,0,0,0,0
130727,1,1,1988,0,0,0,0,0,0,0,0,0,0
130727,2,1,1988,0,0,0,0,0,0,0,0,0,0
130729,1,1,1988,0,0,0,0,0,0,0,0,0,0
130729,2,1,1988,0,42,0,0,15,0,0,0,0,0
130730,1,1,1988,0,0,0,0,0,0,0,0,0,0
130730,2,1,1988,0,0,0,0,0,0,0,0,0,0
130731,1,1,1988,0,0,0,0,0,0,0,0,0,0
130731,2,2,1988,0,0,0,0,0,0,0,0,0,0
130732,1,1,1988,0,0,0,0,0,0,0,0,0,0
130732,2,1,1988,0,0,0,15,0,0,0,0,0,0
130733,1,1,1988,0,0,0,0,0,0,0,0,8,0
130733,2,1,1988,0,0,0,0,0,0,0,0,0,0
130734,1,1,1988,23,23,23,23,23,23,23,23,23,23
130735,1,1,1988,20,20,20,20,20,20,20,20,20,20
130736,1,1,1988,20,20,20,20,20,20,20,20,20,20
130737,1,1,1988,0,0,0,0,0,0,0,0,0,0
130737,2,1,1988,5,5,5,5,5,5,5,5,5,5
130738,0,1,1988,0,0,0,0,0,0,0,0,0,0
130738,1,1,1988,0,0,0,0,0,0,0,0,0,0
130739,1,1,1988,28,28,28,28,28,28,28,28,28,28
130740,1,1,1988,12,12,12,12,12,12,12,12,12,12
130741,1,1,1988,0,0,0,0,0,0,0,0,0,0
130742,1,1,1988,14,0,10,4,26,20,12,0,18,23
130742,2,1,1988,4,4,4,4,4,4,4,4,4,4
130743,1,1,1988,0,10,0,0,42,0,0,25,20,0
130744,1,1,1988,20,20,20,20,20,20,20,20,20,20
130744,2,1,1988,0,0,0,0,0,0,0,0,0,0
130745,1,1,1988,13,13,13,13,13,13,13,13,13,13
130746,0,1,1988,0,0,0,0,0,0,0,0,0,0
130746,1,1,1988,0,31,0,0,0,0,0,0,0,6
130747,1,1,1988,0,0,0,0,0,0,0,0,0,0
130747,2,1,1988,0,0,0,0,0,0,0,0,0,0
130748,1,1,1988,0,20,0,10,11,0,47,31,0,0
130749,1,1,1988,0,0,0,0,0,0,0,0,0,0
130749,2,1,1988,0,0,0,0,0,0,0,0,0,0
130750,1,1,1988,0,0,0,0,0,0,0,0,0,0
130750,2,1,1988,0,0,0,0,0,0,0,0,0,0
130751,1,1,1988,0,0,0,0,0,0,0,0,0,0
130752,1,1,1988,0,0,0,0,0,0,0,0,0,0
130752,2,1,1988,0,0,0,0,0,0,0,0,0,0
130753,0,1,1988,0,0,0,0,0,0,0,0,0,0
130753,0,2,1988,10,0,0,0,0,0,0,0,0,0
130753,1,1,1988,0,0,4,0,17,0,0,0,0,0
130754,0,1,1988,0,0,0,0,0,0,0,0,0,0
130754,1,1,1988,18,0,15,3,0,0,11,18,0,0
130755,1,1,1988,0,0,0,0,0,0,0,0,0,0
130755,2,1,1988,0,0,0,0,0,0,0,0,0,0
130756,1,1,1988,0,0,0,0,0,0,0,0,0,0
130756,2,1,1988,0,0,0,0,0,0,0,0,0,0
130757,1,1,1988,0,0,0,0,0,0,0,0,0,0
130757,2,1,1988,0,0,0,0,0,0,0,21,0,0
130758,1,1,1988,25,25,25,25,25,25,25,25,25,25
130759,1,1,1988,24,24,24,24,24,24,24,24,24,24
130760,1,1,1988,0,0,0,0,0,0,0,0,0,0
130761,1,1,1988,9,9,9,9,9,9,9,9,9,9
130762,1,1,1988,0,0,0,7,5,0,0,0,0,13
130762,2,1,1988,0,0,0,0,0,0,0,0,0,0
130763,1,1,1988,0,0,19,0,16,0,0,0,0,0
130763,2,1,1988,0,0,0,0,0,0,0,0,0,0
130764,1,1,1988,0,0,0,0,0,0,0,0,0,0
130765,1,1,1988,25,25,25,25,25,25,25,25,25,25
130766,1,1,1988,2,2,2,2,2,2,2,2,2,2
130767,1,1,1988,0,0,0,0,0,0,0,0,0,0
130768,1,1,1988,0,0,0,0,0,0,0,0,0,0
130769,1,1,1988,0,0,0,10,0,14,0,0,0,17
130769,2,1,1988,0,0,0,0,0,0,0,0,10,0
130770,1,1,1988,0,0,0,0,0,0,0,0,0,0
130770,2,1,1988,0,0,0,0,0,0,0,0,0,0
130771,1,1,1988,0,0,0,0,0,0,0,0,0,0
130771,2,1,1988,0,0,0,0,0,0,3,10,13,0
130772,1,1,1988,0,0,0,0,0,0,0,0,0,0
130772,2,1,1988,0,0,0,0,0,0,0,0,0,0
130773,1,1,1988,0,0,0,0,0,0,0,0,0,0
130774,1,1,1988,0,0,0,0,0,0,0,0,0,0
130774,2,1,1988,0,0,0,0,0,0,0,0,0,0
130775,0,1,1988,26,0,31,24,0,35,38,19,26,0
130775,1,1,1988,0,0,0,0,0,0,0,0,0,0
130776,1,1,1988,0,0,0,0,0,0,0,0,0,0
130776,2,1,1988,0,0,0,16,0,0,0,0,0,0
130776,3,1,1988,0,0,0,0,0,0,0,0,0,0
130777,1,1,1988,0,0,0,0,0,0,0,0,0,0
130777,2,1,1988,0,0,0,0,0,0,0,0,0,0
130778,1,1,1988,0,0,0,0,0,0,0,0,0,0
130778,2,1,1988,0,0,0,0,0,0,0,0,0,0
130779,1,1,1988,0,0,0,0,0,0,0,0,0,0
130779,2,1,1988,0,11,0,9,10,8,0,8,27,0
130780,1,1,1988,15,15,15,15,15,15,15,15,15,15
130781,1,1,1988,13,13,13,13,13,13,13,13,13,13
130782,1,1,1988,0,0,0,0,0,21,0,0,0,0
130782,2,1,1988,0,0,0,0,0,0,0,0,0,0
130783,1,1,1988,15,15,15,15,15,15,15,15,15,15
130783,2,1,1988,0,0,0,0,0,0,0,0,4,0
130784,1,1,1988,0,0,0,0,0,0,0,0,0,0
130784,2,1,1988,0,0,0,0,0,0,0,0,0,20
130785,1,1,1988,0,0,0,0,0,0,0,0,0,0
130785,2,1,1988,0,0,0,0,0,0,0,0,0,0
130786,1,1,1988,32,32,32,32,32,32,32,32,32,32
130787,1,1,1988,14,14,14,14,14,14,14,14,14,14
130788,1,1,1988,0,0,29,0,0,0,0,0,0,0
130788,2,1,1988,0,0,0,0,0,0,0,0,0,0
130789,0,1,1988,0,0,0,0,0,0,0,0,0,0
130789,1,1,1988,0,0,0,0,0,0,0,0,0,0
130790,1,1,1988,8,0,0,0,0,0,0,0,19,8
130791,0,1,1988,0,0,0,0,0,0,0,0,0,0
130791,1,1,1988,0,0,0,0,0,0,19,0,0,0
130792,1,1,1988,13,13,13,13,13,13,13,13,13,13
130792,2,1,1988,0,0,0,0,0,0,0,0,0,0
130793,1,1,1988,0,0,0,0,0,0,0,13,0,0
130794,1,1,1988,0,0,0,0,0,0,0,12,0,0
130795,1,1,1988,0,0,0,0,0,0,0,0,0,0
130795,2,1,1988,0,0,0,0,0,0,0,0,0,0
130796,1,1,1988,18,18,18,18,18,18,18,18,18,18
130797,1,1,1988,0,0,0,0,10,22,0,0,0,0
130798,1,1,1988,0,0,0,0,0,0,0,0,0,0
130798,2,1,1988,0,0,0,0,0,0,0,0,0,0
130799,1,1,1988,0,0,0,0,0,0,0,0,19,0
130800,1,1,1988,0,0,0,0,0,0,0,0,0,0
130800,2,1,1988,0,0,0,0,0,0,0,0,0,0
130801,1,1,1988,0,0,0,0,0,0,0,0,0,0
130801,2,1,1988,0,0,0,0,0,0,0,0,0,0
130802,1,1,1988,14,14,14,14,14,14,14,14,14,14
130803,1,1,1988,5,5,5,5,5,5,5,5,5,5
130804,1,1,1988,31,34,26,33,0,0,29,0,11,0
130805,1,1,1988,0,0,0,0,0,0,8,0,0,0
130805,2,1,1988,19,0,0,27,0,0,0,0,0,0
130806,1,1,1988,24,24,24,24,24,24,24,24,24,24
130806,2,1,1988,0,0,0,0,0,0,0,0,0,0
130807,0,1,1988,33,0,0,7,58,35,0,14,0,0
130807,1,1,1988,0,0,0,0,0,0,0,0,0,0
130808,1,1,1988,27,27,27,27,27,27,27,27,27,27
130809,0,1,1988,0,0,0,0,0,0,0,0,0,0
130809,1,1,1988,0,0,0,0,0,0,0,0,17,0
130810,1,1,1988,0,0,0,0,0,0,0,0,0,0
130811,1,1,1988,0,0,0,0,5,0,0,0,0,0
130812,1,1,1988,12,11,13,6,18,21,9,16,16,4
130813,1,1,1988,0,0,15,0,0,10,7,0,14,14
130814,1,1,1988,0,7,0,0,0,0,0,0,0,0
130814,2,1,1988,0,0,0,0,0,0,0,0,0,0
130815,1,1,1988,14,14,14,14,14,14,14,14,14,14
130816,1,1,1988,0,22,0,22,0,0,0,0,0,9
130817,1,1,1988,17,17,17,17,17,17,17,17,17,17
130818,1,1,1988,0,0,0,0,0,0,0,0,0,0
130818,2,1,1988,0,10,16,12,27,0,15,0,21,10
130819,1,1,1988,31,31,31,31,31,31,31,31,31,31
130819,2,1,1988,0,0,0,0,0,0,0,0,0,0
130820,1,1,1988,0,0,0,0,0,0,0,0,0,0
130820,2,1,1988,0,0,0,26,0,0,0,0,0,0
130821,1,1,1988,17,17,17,17,17,17,17,17,17,17
130822,1,1,1988,28,28,28,28,28,28,28,28,28,28
130823,0,1,1988,27,27,27,27,27,27,27,27,27,27
130823,1,1,1988,7,7,7,7,7,7,7,7,7,7
130824,1,1,1988,3,3,3,3,3,3,3,3,3,3
130824,2,1,1988,0,0,0,0,0,0,0,0,0,0
130825,1,1,1988,13,13,13,13,13,13,13,13,13,13
130826,0,1,1988,0,0,0,0,0,0,0,0,0,0
130826,1,1,1988,0,0,0,0,0,0,0,0,0,0
130827,1,1,1988,0,0,0,0,0,0,0,0,0,0
130827,2,1,1988,0,0,0,0,11,0,0,0,0,0
130828,0,1,1988,0,0,0,0,0,0,0,0,0,0
130828,1,1,1988,0,0,0,0,0,0,0,0,0,0
130829,1,1,1988,8,8,8,8,8,8,8,8,8,8
130830,0,1,1988,11,11,11,11,11,11,11,11,11,11
130830,1,1,1988,0,0,0,0,0,0,0,0,0,0
130831,1,1,1988,0,0,0,0,0,0,0,0,0,0
130831,2,1,1988,0,0,0,0,0,0,0,0,0,0
130832,1,1,1988,0,0,0,0,0,0,0,0,0,0
130833,1,1,1988,0,0,0,19,0,0,0,0,19,0
130834,1,1,1988,0,0,0,0,9,0,0,0,0,0
130834,2,1,1988,0,0,0,0,0,0,0,0,0,0
130835,0,1,1988,0,0,26,27,0,0,0,36,0,0
130835,1,1,1988,0,0,0,0,0,0,0,0,0,0
130836,1,1,1988,0,0,0,0,0,0,0,0,0,0
130837,0,1,1988,2,2,2,2,2,2,2,2,2,2
130837,1,1,1988,0,9,0,0,0,0,0,0,0,0
130838,1,1,1988,0,0,0,0,0,0,0,0,0,0
130838,2,1,1988,0,0,0,0,0,0,0,68,0,0
130839,0,1,1988,0,16,0,16,0,0,0,0,0,17
130839,1,1,1988,0,0,0,0,0,0,0,0,0,0
130841,1,1,1988,0,9,0,12,0,0,23,28,5,15
130842,0,1,1988,0,20,22,29,8,0,0,0,35,19
130842,1,1,1988,22,22,22,22,22,22,22,22,22,22
130843,0,1,1988,37,37,37,37,37,37,37,37,37,37
130843,1,1,1988,0,18,0,0,0,0,0,15,0,8
130844,1,1,1988,0,0,0,0,0,0,0,0,0,0
130845,1,1,1988,14,0,0,26,34,14,0,0,0,11
130846,1,1,1988,0,0,0,0,0,0,0,0,0,0
130847,1,1,1988,0,0,0,0,0,0,0,0,0,0
130848,0,1,1988,0,0,0,0,0,0,0,0,0,0
130848,1,1,1988,0,0,0,0,0,0,0,0,0,0
130849,1,1,1988,0,0,0,0,0,0,0,0,0,0
130849,2,1,1988,0,0,0,0,0,0,0,0,0,0
130850,1,1,1988,0,0,0,0,0,0,0,0,0,0
130850,2,1,1988,0,0,0,0,0,0,0,0,0,0
130851,1,1,1988,0,0,0,0,0,0,0,0,0,0
130851,2,1,1988,0,0,0,0,0,0,0,0,0,0
130852,1,1,1988,0,0,0,0,0,0,0,0,0,0
130852,2,1,1988,0,0,0,0,0,0,0,0,0,0
130853,1,1,1988,0,0,0,0,0,0,0,0,0,0
130854,1,1,1988,9,9,9,9,9,9,9,9,9,9
130855,1,1,1988,7,7,7,7,7,7,7,7,7,7
130856,1,1,1988,0,0,0,0,0,0,0,0,0,0
130857,1,1,1988,0,16,0,0,0,0,0,0,8,0
130857,2,1,1988,24,24,24,24,24,24,24,24,24,24
130858,1,1,1988,17,17,17,17,17,17,17,17,17,17
130859,0,1,1988,0,23,0,0,0,24,0,0,0,0
130859,1,1,1988,0,0,0,0,0,0,0,0,0,0
130860,1,1,1988,0,0,0,0,0,0,0,0,0,0
130860,2,1,1988,0,0,0,0,0,0,0,0,0,0
130860,3,1,1988,0,0,0,0,0,0,0,0,0,0
130861,1,1,1988,25,0,0,0,23,25,0,0,22,11
130861,2,1,1988,0,14,0,0,3,0,16,17,40,0
130862,1,1,1988,20,20,20,20,20,20,20,20,20,20
130863,1,1,1988,21,18,10,11,4,12,19,35,11,39
130863,2,1,1988,0,0,0,0,0,0,0,0,0,0
130864,1,1,1988,0,0,0,0,0,0,0,0,0,0
130864,2,1,1988,11,6,0,15,23,0,13,6,10,16
130865,1,1,1988,0,0,0,0,0,0,0,0,0,0
130866,1,1,1988,0,0,0,0,0,0,0,0,0,0
130866,2,1,1988,0,0,0,0,0,0,0,0,0,0
130867,1,1,1988,11,42,0,0,8,0,0,0,29,6
130867,2,1,1988,0,0,0,0,0,0,0,0,0,0
130868,1,1,1988,0,0,0,0,6,0,0,11,0,0
130868,2,1,1988,0,0,0,0,0,0,0,0,0,0
130869,1,1,1988,8,5,5,10,0,0,21,0,0,0
130869,2,1,1988,0,0,0,0,0,0,0,0,0,0
130870,1,1,1988,24,18,0,29,21,10,17,15,19,21
130871,1,1,1988,0,0,20,0,0,8,0,0,0,0
130871,2,1,1988,0,0,13,0,0,0,6,0,0,0
130872,0,1,1988,0,0,0,0,17,28,0,0,0,23
130872,1,1,1988,10,10,10,10,10,10,10,10,10,10
130873,0,1,1988,0,18,0,0,0,0,0,0,0,0
130873,1,1,1988,0,0,0,4,0,0,0,0,0,24
130874,1,1,1988,0,33,16,0,14,17,0,0,0,0
130875,1,1,1988,0,0,0,0,0,0,0,0,0,0
130875,2,1,1988,0,0,0,0,0,0,0,18,0,0
130876,1,1,1988,0,0,0,0,0,0,0,0,0,0
130876,2,1,1988,0,0,0,0,0,0,0,0,0,0
130877,0,1,1988,0,0,0,0,0,0,0,0,0,0
130877,1,1,1988,0,0,0,0,15,0,0,0,0,0
130878,1,1,1988,2,2,2,2,2,2,2,2,2,2
130878,2,1,1988,0,0,0,0,0,0,0,0,0,0
130878,3,1,1988,0,0,0,0,0,0,0,0,0,0
130878,4,1,1988,0,0,0,0,0,0,0,0,0,0
130879,1,1,1988,0,0,0,0,0,0,0,0,0,0
130879,2,1,1988,0,0,0,0,0,0,0,0,0,0
130880,1,1,1988,9,9,9,9,9,9,9,9,9,9
130880,2,1,1988,0,0,6,0,0,0,0,0,0,0
130881,1,1,1988,0,0,0,0,0,0,0,0,0,0
130881,2,1,1988,0,0,0,0,0,7,0,0,0,0
130882,1,1,1988,0,0,0,0,0,0,0,0,0,0
130883,1,1,1988,0,0,0,0,0,0,0,0,0,0
130883,2,1,1988,0,0,0,0,0,0,0,0,0,0
130884,1,1,1988,0,0,0,0,0,0,0,0,0,0
130884,2,1,1988,0,0,10,0,0,0,0,0,0,0
130884,3,1,1988,0,0,0,0,0,0,0,0,0,0
130885,1,1,1988,0,0,0,0,0,0,0,0,0,0
130886,1,1,1988,13,13,13,13,13,13,13,13,13,13
130886,2,1,1988,0,0,7,19,0,0,0,0,8,0
130886,3,1,1988,3,3,3,3,3,3,3,3,3,3
130887,0,1,1988,9,9,9,9,9,9,9,9,9,9
130887,1,1,1988,17,0,7,0,10,0,11,21,0,0
130888,0,1,1988,22,22,22,22,22,22,22,22,22,22
130888,1,1,1988,8,8,8,8,8,8,8,8,8,8
130889,0,1,1988,0,0,0,0,0,0,0,0,0,0
130889,1,1,1988,0,0,0,0,0,0,0,0,0,0
130890,1,1,1988,0,0,0,0,24,0,0,13,0,0
130890,2,1,1988,0,0,0,0,0,0,0,0,0,9
130891,1,1,1988,8,8,10,17,9,15,26,14,0,20
130892,1,1,1988,0,0,0,0,0,0,0,0,0,0
130893,1,1,1988,25,25,25,25,25,25,25,25,25,25
130894,1,1,1988,0,0,0,0,0,0,0,0,0,0
130894,2,1,1988,0,0,0,0,0,0,0,0,0,0
130895,1,1,1988,0,0,0,0,0,0,0,0,0,0
130895,2,1,1988,0,0,0,0,0,0,0,0,0,0
130896,1,1,1988,0,0,22,23,0,0,0,10,23,6
130896,2,1,1988,0,0,0,0,0,0,0,0,1,0
130897,1,1,1988,0,0,0,0,0,0,0,0,0,0
130897,2,1,1988,0,0,0,0,0,0,0,0,0,0
130898,1,1,1988,0,0,0,0,0,0,0,0,0,0
130898,2,1,1988,0,0,0,0,0,0,0,0,0,0
130899,1,1,1988,0,0,0,0,0,0,0,0,0,0
130899,2,1,1988,0,0,0,0,0,0,0,0,0,0
130899,3,1,1988,0,0,0,0,0,0,0,0,0,0
130900,1,1,1988,0,0,0,0,0,0,0,0,0,0
130900,2,1,1988,25,25,25,25,25,25,25,25,25,25
130901,1,1,1988,0,0,0,0,0,0,11,0,0,0
130902,1,1,1988,16,16,16,16,16,16,16,16,16,16
130903,1,1,1988,6,6,6,6,6,6,6,6,6,6
130904,1,1,1988,0,0,0,0,0,0,0,0,0,0
130905,1,1,1988,5,12,15,0,0,8,16,0,8,14
130905,2,1,1988,7,0,0,0,0,0,0,0,0,22
130906,1,1,1988,0,0,0,0,0,0,0,0,0,0
130907,1,1,1988,18,18,18,18,18,18,18,18,18,18
130908,1,1,1988,26,26,26,26,26,26,26,26,26,26
130908,2,1,1988,0,0,0,0,0,0,0,0,0,0
130909,1,1,1988,6,6,6,6,6,6,6,6,6,6
130910,0,1,1988,0,0,0,0,0,0,0,0,0,0
130910,1,1,1988,11,0,15,0,0,0,0,0,0,17
130911,1,1,1988,3,0,0,0,7,0,0,0,16,0
130911,2,1,1988,0,0,0,0,0,24,0,0,0,0
130912,0,1,1988,23,0,30,0,5,31,0,18,8,7