ST_CASE,VEH_NO,PER_NO,YEAR,P1,P2,P3,P4,P5,P6,P7,P8,P9,P10
130912,1,1,1988,0,0,0,0,0,0,0,0,0,0
130913,1,1,1988,13,13,13,13,13,13,13,13,13,13
130913,2,1,1988,11,11,11,11,11,11,11,11,11,11
130914,1,1,1988,0,0,14,0,0,0,0,0,0,0
130915,1,1,1988,0,25,26,29,22,31,14,27,44,0
130915,2,1,1988,0,0,0,0,0,0,0,0,0,0
130916,1,1,1988,0,0,0,0,0,0,0,0,0,0
130916,2,1,1988,0,0,0,0,9,0,0,0,0,0
130917,1,1,1988,0,0,0,0,0,0,0,0,0,16
130917,2,1,1988,5,15,7,0,32,0,12,19,6,27
130918,1,1,1988,0,0,0,0,0,0,0,0,0,0
130918,2,1,1988,0,0,0,0,0,0,0,0,0,0
130919,1,1,1988,0,0,0,0,0,0,0,0,0,0
130919,2,1,1988,10,10,10,10,10,10,10,10,10,10
130920,1,2,1988,0,0,0,13,0,18,0,0,17,0
130921,1,1,1988,0,0,0,0,0,0,0,0,0,0
130921,2,1,1988,0,0,0,0,0,0,0,0,0,0
130922,1,1,1988,0,0,0,0,0,0,0,0,0,0
130922,2,1,1988,0,0,0,0,0,0,0,0,0,0
130922,3,1,1988,0,0,0,0,0,0,0,0,0,0
130923,1,1,1988,23,0,0,0,8,0,0,0,0,0
130923,2,1,1988,0,0,0,0,0,0,0,0,0,0
130924,1,1,1988,0,0,16,33,0,0,14,11,28,24
130925,1,1,1988,0,0,0,0,0,0,0,0,0,0
130925,2,1,1988,0,0,0,0,0,0,0,0,0,0
130926,1,1,1988,0,0,0,0,0,0,0,0,0,0
130927,1,1,1988,17,17,17,17,17,17,17,17,17,17
130928,1,1,1988,0,0,0,0,0,0,0,0,0,0
130928,2,1,1988,0,0,0,0,0,0,0,0,0,0
130929,0,1,1988,0,0,0,0,0,0,0,0,0,0
130929,1,1,1988,0,0,0,0,0,0,0,0,0,0
130930,1,1,1988,0,0,0,0,15,0,0,13,0,11
130931,1,1,1988,0,0,0,0,0,0,0,0,0,0
130931,2,1,1988,0,0,0,0,0,0,4,0,14,0
130932,1,1,1988,0,0,0,0,0,30,0,0,0,0
130933,1,1,1988,0,0,0,0,0,0,0,0,0,0
130933,2,1,1988,6,6,6,6,6,6,6,6,6,6
130934,0,1,1988,42,42,42,42,42,42,42,42,42,42
130934,1,1,1988,0,0,0,0,0,0,0,0,0,0
130934,2,1,1988,0,0,0,0,0,0,0,0,0,0
130935,1,1,1988,12,12,12,12,12,12,12,12,12,12
130935,2,1,1988,0,0,0,0,0,0,0,0,0,0
130935,3,1,1988,0,0,0,0,0,0,0,0,0,0
130936,1,1,1988,0,0,0,0,0,0,0,6,0,0
130936,2,1,1988,0,0,0,0,0,0,0,0,0,0
130937,1,1,1988,0,0,0,0,0,0,0,0,0,0
130937,2,1,1988,0,0,0,0,0,0,0,0,0,0
130938,1,1,1988,0,0,0,0,0,23,0,0,0,0
130938,2,1,1988,0,0,0,0,0,0,0,0,0,0
130939,1,1,1988,0,0,0,0,0,0,0,0,0,0
130940,1,1,1988,11,11,11,11,11,11,11,11,11,11
130941,0,1,1988,0,0,0,0,0,0,0,0,0,0
130941,1,1,1988,0,0,0,0,0,0,0,0,0,0
130941,2,1,1988,0,0,0,0,0,0,0,0,0,0
130941,3,1,1988,0,0,0,0,0,0,0,0,0,4
130942,1,1,1988,15,15,15,15,15,15,15,15,15,15
130943,1,1,1988,24,0,0,0,7,0,0,0,20,0
130944,1,1,1988,0,0,0,0,0,0,0,0,0,0
130945,1,1,1988,0,0,0,0,0,0,0,0,0,0
130945,2,1,1988,0,0,0,0,33,0,0,0,0,0
130946,1,1,1988,0,0,0,0,0,0,0,0,0,0
130946,2,1,1988,0,0,0,0,0,0,0,0,0,0
130947,1,1,1988,2,2,2,2,2,2,2,2,2,2
130947,2,1,1988,14,14,14,14,14,14,14,14,14,14
130948,1,1,1988,0,0,0,0,0,0,0,0,0,0
130948,2,1,1988,0,0,0,0,0,0,0,0,0,0
130949,1,1,1988,0,0,0,0,0,0,0,0,0,0
130950,0,1,1988,0,0,0,0,8,0,10,0,0,20
130950,1,1,1988,5,5,5,5,5,5,5,5,5,5
130951,1,1,1988,15,0,0,0,0,12,18,0,15,17
130952,1,1,1988,3,3,3,3,3,3,3,3,3,3
130953,1,1,1988,0,0,0,0,0,0,0,0,0,0
130953,2,1,1988,0,0,0,0,0,0,0,0,0,0
130954,1,1,1988,0,0,0,0,0,0,0,0,0,0
130954,2,1,1988,0,0,0,0,0,0,0,0,0,0
130954,3,1,1988,0,0,0,0,0,0,0,0,0,0
130955,0,1,1988,0,0,0,0,0,0,0,0,0,0
130955,1,1,1988,0,0,0,0,0,0,0,0,0,0
130956,1,1,1988,25,25,25,25,25,25,25,25,25,25
130957,1,1,1988,13,13,13,13,13,13,13,13,13,13
130958,1,1,1988,21,21,21,21,21,21,21,21,21,21
130959,0,1,1988,8,0,0,18,0,0,34,0,0,0
130959,1,1,1988,17,4,0,0,0,0,0,0,0,17
130960,1,1,1988,34,0,0,0,0,0,0,0,0,0
130961,1,1,1988,0,0,0,0,0,0,0,0,0,0
130961,2,1,1988,15,15,15,15,15,15,15,15,15,15
130962,1,1,1988,26,26,26,26,26,26,26,26,26,26
130962,2,1,1988,0,0,0,0,0,0,0,0,0,0
130963,1,1,1988,2,2,2,2,2,2,2,2,2,2
130964,1,1,1988,0,0,0,0,0,0,0,0,0,0
130964,2,1,1988,0,0,0,0,0,0,0,0,0,0
130965,1,1,1988,17,16,25,13,12,23,14,11,25,18
130966,1,1,1988,0,0,21,13,23,7,28,14,0,20
130967,1,1,1988,17,17,17,17,17,17,17,17,17,17
130968,1,1,1988,7,7,7,7,7,7,7,7,7,7
130968,2,1,1988,27,27,27,27,27,27,27,27,27,27
130969,0,1,1988,0,0,0,0,0,0,0,0,0,0
130969,1,1,1988,0,0,0,0,0,0,0,0,0,0
130970,0,1,1988,0,0,0,0,0,0,0,0,0,0
130970,1,1,1988,0,0,0,0,0,0,0,0,0,0
130971,1,1,1988,2,2,2,2,2,2,2,2,2,2
130972,1,1,1988,0,0,0,0,0,0,0,7,0,0
130972,2,1,1988,4,0,0,0,4,0,0,0,0,0
130973,1,1,1988,15,15,15,15,15,15,15,15,15,15
130973,2,1,1988,0,0,0,0,0,0,0,18,0,0
130974,1,1,1988,23,23,23,23,23,23,23,23,23,23
130974,2,1,1988,0,0,0,0,0,0,0,0,0,0
130975,1,1,1988,0,0,0,0,0,0,0,0,0,0
130975,2,1,1988,0,0,0,0,0,0,0,0,0,0
130976,1,1,1988,0,0,0,0,0,0,0,0,0,0
130976,2,1,1988,0,0,0,0,0,0,0,0,0,0
130977,1,1,1988,0,0,0,0,0,0,0,0,0,0
130978,1,1,1988,0,0,0,0,0,0,0,0,0,0
130978,2,1,1988,0,0,9,0,0,0,0,0,0,0
130979,1,1,1988,35,15,20,37,19,12,21,24,27,24
130979,2,1,1988,0,0,0,0,0,0,0,0,9,0
130980,1,1,1988,6,0,0,0,0,0,0,18,0,0
130981,1,1,1988,0,0,0,0,0,11,0,7,10,0
130982,1,1,1988,0,0,0,0,0,0,0,0,0,0
130982,2,1,1988,0,0,0,0,0,0,0,0,0,0
130983,1,1,1988,0,0,0,0,0,0,0,0,0,27
130984,1,1,1988,0,0,0,0,0,0,0,0,0,0
130985,1,1,1988,0,0,0,0,0,0,0,0,0,0
130985,2,1,1988,0,0,0,0,0,0,0,0,0,0
130986,0,1,1988,5,15,0,0,0,0,27,19,11,29
130986,1,1,1988,0,0,13,14,4,0,10,0,6,9
130986,2,1,1988,0,0,0,0,0,0,0,0,0,0
130986,3,1,1988,0,0,0,0,0,0,0,0,0,0
130986,4,1,1988,0,0,0,0,5,0,0,0,0,0
130987,0,1,1988,7,7,7,7,7,7,7,7,7,7
130987,1,1,1988,0,0,0,0,0,0,0,0,0,0
130988,1,1,1988,16,19,11,9,23,20,36,29,26,7
130989,1,1,1988,12,12,12,12,12,12,12,12,12,12
130990,1,1,1988,0,0,0,0,0,0,0,0,0,0
130990,2,1,1988,0,0,0,0,0,0,0,0,0,0
130991,1,1,1988,25,25,25,25,25,25,25,25,25,25
130991,2,1,1988,0,0,0,0,0,0,0,0,0,0
130992,1,1,1988,37,37,37,37,37,37,37,37,37,37
130993,1,1,1988,0,0,0,0,0,0,0,0,0,0
130993,2,1,1988,0,0,0,0,0,0,0,0,0,0
130994,0,1,1988,35,35,35,35,35,35,35,35,35,35
130994,1,1,1988,17,15,24,0,24,0,49,15,0,19
130995,0,1,1988,0,0,0,0,0,0,0,0,0,0
130995,1,1,1988,0,0,0,0,0,0,0,0,0,0
130996,1,1,1988,0,0,0,0,0,0,0,0,0,0
130996,2,1,1988,0,0,0,0,0,0,0,0,0,0
130997,1,1,1988,0,0,0,0,0,0,0,0,0,0
130998,1,1,1988,0,0,0,0,0,0,0,0,0,0
130999,1,1,1988,0,0,0,0,0,0,0,0,0,0
131000,1,1,1988,0,0,0,0,0,0,0,0,0,0
131000,2,1,1988,0,0,0,0,0,0,0,0,0,0
131001,1,1,1988,0,0,0,0,0,0,0,0,0,0
131001,2,1,1988,0,0,0,0,0,0,0,0,0,0
131002,1,1,1988,0,0,0,0,0,0,0,0,0,0
131003,1,1,1988,0,0,0,0,0,0,0,0,0,0
131003,2,1,1988,0,0,0,0,0,0,0,0,0,0
131004,1,1,1988,0,0,0,0,0,0,0,0,0,0
131004,2,1,1988,0,0,0,0,0,0,0,0,0,0
131005,1,1,1988,20,20,20,20,20,20,20,20,20,20
131006,1,1,1988,0,0,0,0,0,0,0,0,0,0
131006,2,1,1988,14,0,0,0,0,0,0,0,0,0
131007,1,1,1988,0,0,0,0,0,0,0,0,0,0
131007,2,1,1988,0,0,0,0,0,0,0,0,21,0
131008,1,1,1988,0,0,0,0,0,0,0,0,0,0
131009,0,1,1988,28,28,28,28,28,28,28,28,28,28
131009,1,1,1988,0,14,0,0,4,9,12,9,0,6
131010,0,1,1988,13,13,13,13,13,13,13,13,13,13
131010,1,1,1988,0,0,0,0,0,0,0,0,0,0
131012,0,1,1988,18,18,18,18,18,18,18,18,18,18
131012,1,1,1988,0,0,16,0,0,0,16,0,0,0
131013,1,1,1988,0,0,0,0,0,0,0,0,0,0
131013,2,1,1988,29,29,29,29,29,29,29,29,29,29
131014,1,1,1988,0,0,0,0,0,0,0,0,0,0
131016,1,1,1988,0,0,0,0,0,0,0,0,0,5
131017,1,1,1988,0,0,0,17,0,4,19,0,3,0
131017,2,1,1988,0,0,0,0,0,0,0,0,0,0
131018,1,1,1988,11,21,15,8,12,16,13,14,31,21
131019,0,1,1988,0,28,0,18,0,0,0,13,0,0
131019,1,1,1988,0,0,0,0,0,0,0,0,0,0
131020,1,1,1988,13,13,13,13,13,13,13,13,13,13
131021,1,1,1988,0,0,0,0,0,0,0,0,0,0
131021,2,1,1988,11,11,11,11,11,11,11,11,11,11
131022,1,1,1988,0,0,0,0,0,0,0,0,0,0
131022,2,1,1988,0,0,0,0,0,0,0,0,0,0
131023,0,1,1988,0,0,0,0,0,0,0,0,0,0
131023,1,1,1988,0,0,0,0,0,0,0,0,0,0
131024,0,1,1988,21,21,21,21,21,21,21,21,21,21
131024,1,1,1988,9,0,0,0,0,0,25,0,9,15
131024,2,1,1988,0,0,0,0,0,0,0,0,0,0
131025,1,1,1988,11,11,11,11,11,11,11,11,11,11
131026,1,1,1988,0,0,0,0,0,0,0,0,0,0
131026,2,1,1988,0,0,13,20,0,0,11,0,0,14
131027,0,1,1988,22,22,22,22,22,22,22,22,22,22
131027,1,1,1988,0,0,0,0,0,0,0,0,0,0
131028,1,1,1988,0,0,0,0,0,0,0,0,0,0
131028,2,1,1988,28,0,0,0,0,0,0,0,0,5
131028,3,1,1988,0,0,0,0,0,14,0,0,0,0
131029,1,1,1988,20,20,20,20,20,20,20,20,20,20
131029,2,1,1988,0,0,0,0,0,0,0,0,0,0
131030,1,1,1988,0,0,0,0,0,0,0,10,0,0
131030,2,1,1988,0,0,0,0,0,0,0,0,0,0
131032,1,1,1988,0,15,0,0,0,0,0,0,0,0
131032,2,1,1988,0,0,0,0,0,0,0,0,0,0
131033,1,1,1988,0,0,0,0,0,0,0,0,0,0
131033,2,1,1988,5,5,5,5,5,5,5,5,5,5
131034,1,1,1988,6,6,0,16,18,12,25,12,23,15
131035,1,1,1988,13,5,4,10,12,24,14,11,24,6
131036,1,1,1988,13,13,13,13,13,13,13,13,13,13
131036,2,1,1988,0,0,0,0,0,0,0,0,0,0
131037,1,1,1988,4,4,4,4,4,4,4,4,4,4
131038,1,1,1988,0,0,0,0,27,0,17,0,0,0
131038,2,1,1988,0,0,0,0,0,0,0,0,0,0
131039,1,1,1988,0,0,0,0,13,0,0,0,0,0
131039,2,1,1988,0,0,0,0,0,0,0,0,0,0
131041,1,1,1988,0,0,0,0,0,0,15,0,0,0
131042,1,1,1988,21,21,21,21,21,21,21,21,21,21
131042,2,1,1988,15,0,0,0,0,24,27,33,0,14
131043,1,1,1988,8,8,8,8,8,8,8,8,8,8
131043,2,1,1988,0,0,0,0,0,0,0,0,0,0
131044,1,1,1988,19,19,19,19,19,19,19,19,19,19
131044,2,1,1988,0,0,0,0,0,0,0,0,0,0
131045,1,1,1988,0,0,0,0,0,0,0,0,0,0
131046,1,1,1988,0,0,0,0,0,0,0,0,0,0
131046,2,1,1988,10,10,10,10,10,10,10,10,10,10
131047,1,1,1988,0,0,0,0,0,0,0,0,0,0
131048,1,1,1988,0,0,0,0,0,0,0,0,0,0
131048,2,1,1988,0,0,0,0,0,0,0,0,0,0
131049,2,1,1988,0,0,0,0,0,0,0,0,0,0
131050,1,1,1988,39,39,39,39,39,39,39,39,39,39
131050,2,1,1988,0,0,0,0,0,0,0,0,0,0
131051,1,1,1988,0,0,0,0,0,10,0,23,24,0
131051,2,1,1988,21,0,14,0,0,0,0,11,0,0
131052,1,1,1988,0,0,0,8,0,0,0,0,0,0
131052,2,1,1988,0,0,0,0,0,0,0,0,0,0
131053,1,1,1988,15,15,15,15,15,15,15,15,15,15
131054,1,1,1988,0,0,0,0,0,0,0,0,0,0
131054,2,1,1988,10,0,0,0,0,0,0,18,0,0
131055,1,1,1988,20,20,20,20,20,20,20,20,20,20
131056,1,1,1988,9,7,13,0,7,0,0,18,0,0
131057,1,1,1988,0,0,0,0,0,0,0,0,0,0
131057,2,1,1988,0,0,0,0,0,0,0,0,0,0
131058,1,1,1988,0,11,0,0,0,0,0,0,0,0
131058,2,1,1988,0,0,0,0,0,0,0,0,0,0
131059,1,1,1988,0,18,0,20,24,0,13,20,31,0
131059,2,1,1988,0,0,0,0,0,0,0,0,0,0
131060,1,1,1988,0,0,0,0,0,0,0,0,0,0
131060,2,1,1988,0,0,0,0,0,0,0,0,0,0
131061,1,1,1988,0,0,0,0,0,0,0,0,0,0
131061,2,1,1988,0,0,0,0,0,13,0,0,0,0
131062,1,1,1988,0,0,0,0,0,0,0,0,0,0
131062,2,1,1988,0,0,0,0,0,0,0,0,0,0
131063,1,1,1988,0,0,0,0,0,0,0,0,0,0
131063,2,1,1988,0,0,0,0,0,0,0,0,0,0
131064,1,1,1988,0,0,0,0,0,0,1,0,0,0
131064,2,1,1988,1,1,1,1,1,1,1,1,1,1
131065,1,1,1988,0,0,0,0,0,0,0,0,0,0
131066,1,1,1988,10,10,10,10,10,10,10,10,10,10
131067,0,1,1988,0,0,0,0,0,0,0,0,0,0
131067,1,1,1988,22,0,0,0,0,0,0,0,0,0
131068,0,1,1988,7,0,33,15,16,12,17,13,17,20
131068,1,1,1988,0,0,0,0,0,0,0,0,0,0
131069,0,1,1988,0,0,0,0,0,0,0,0,0,0
131069,1,1,1988,0,0,0,0,0,0,0,0,0,0
131070,1,1,1988,18,18,18,18,18,18,18,18,18,18
131071,0,1,1988,13,13,13,13,13,13,13,13,13,13
131071,1,1,1988,0,0,0,0,0,0,0,0,0,0
131072,1,1,1988,14,14,14,14,14,14,14,14,14,14
131073,1,1,1988,18,31,14,19,5,26,19,24,8,16
131074,1,1,1988,11,11,11,11,11,11,11,11,11,11
131075,1,1,1988,0,0,0,0,0,0,0,0,0,0
131076,1,1,1988,34,34,34,34,34,34,34,34,34,34
131077,0,1,1988,39,39,39,39,39,39,39,39,39,39
131077,1,1,1988,6,13,12,11,18,0,24,26,6,0
131078,1,1,1988,9,18,0,0,0,0,0,0,32,0
131079,1,1,1988,27,27,27,27,27,27,27,27,27,27
131080,1,1,1988,0,0,0,0,0,0,0,0,0,0
131081,1,1,1988,0,0,0,0,0,0,0,0,0,0
131081,2,1,1988,0,0,0,0,0,0,0,0,0,0
131082,1,1,1988,0,0,0,0,0,0,0,0,0,0
131082,2,1,1988,0,0,0,0,0,0,0,0,0,0
131083,1,1,1988,0,0,0,0,0,0,0,0,0,0
131084,0,1,1988,26,26,26,26,26,26,26,26,26,26
131084,1,1,1988,0,0,0,0,0,0,0,0,0,0
131085,0,1,1988,0,36,0,0,0,0,0,0,0,0
131085,1,1,1988,3,3,3,3,3,3,3,3,3,3
131086,1,1,1988,11,0,0,29,0,0,0,0,0,0
131087,1,1,1988,0,0,0,0,0,0,0,0,0,0
131087,2,1,1988,0,0,0,0,0,0,0,0,0,0
131088,1,1,1988,0,15,0,0,0,0,0,0,0,16
131088,2,1,1988,0,0,0,0,0,0,0,0,0,0
131089,1,1,1988,0,0,0,0,0,0,0,0,0,0
131090,0,1,1988,0,0,0,0,0,0,0,0,0,0
131090,1,1,1988,0,0,0,0,0,0,0,0,0,17
131090,2,1,1988,0,0,0,0,0,0,0,0,0,0
131091,1,1,1988,0,0,11,0,0,18,0,19,0,20
131092,1,1,1988,18,18,18,18,18,18,18,18,18,18
131093,1,1,1988,30,30,30,30,30,30,30,30,30,30
131094,0,1,1988,9,9,9,9,9,9,9,9,9,9
131094,1,1,1988,0,11,7,0,0,0,0,0,0,0
131095,1,1,1988,0,0,0,0,0,0,0,0,0,0
131096,1,1,1988,17,17,0,30,22,12,13,22,13,7
131097,1,1,1988,0,0,0,0,0,0,0,0,0,0
131097,2,1,1988,0,0,0,0,0,0,0,0,0,0
131098,1,1,1988,0,0,0,0,0,0,0,0,0,0
131098,2,1,1988,0,0,0,0,0,0,0,0,0,0
131099,1,1,1988,0,0,0,0,0,0,0,0,0,0
131099,2,1,1988,0,0,0,0,0,0,0,0,0,0
131100,1,1,1988,0,0,0,0,0,0,0,0,0,0
131101,1,1,1988,16,15,15,20,18,9,19,2,0,0
131102,1,1,1988,32,32,32,32,32,32,32,32,32,32
131103,1,1,1988,20,20,20,20,20,20,20,20,20,20
131104,1,1,1988,0,0,0,0,0,0,0,0,0,0
131104,2,1,1988,0,0,0,0,0,0,0,0,0,0
131105,1,1,1988,19,19,19,19,19,19,19,19,19,19
131106,1,1,1988,0,0,0,0,0,0,0,0,0,0
131107,1,1,1988,0,0,0,0,0,11,0,0,0,0
131107,2,1,1988,0,0,0,0,0,0,0,0,0,0
131109,1,1,1988,28,28,28,28,28,28,28,28,28,28
131110,1,1,1988,0,0,0,0,0,0,0,0,0,0
131110,2,1,1988,0,0,0,0,0,0,0,0,0,0
131111,1,1,1988,0,0,0,0,0,0,0,0,0,0
131111,2,1,1988,0,0,0,0,0,0,0,0,0,0
131112,1,1,1988,0,0,0,0,0,0,0,0,0,0
131113,1,1,1988,22,22,22,22,22,22,22,22,22,22
131114,1,1,1988,16,16,16,16,16,16,16,16,16,16
131114,2,1,1988,1,1,1,1,1,1,1,1,1,1
131114,3,1,1988,0,0,0,0,0,21,0,0,0,0
131115,0,1,1988,28,28,28,28,28,28,28,28,28,28
131115,1,1,1988,0,0,0,0,0,0,0,0,0,0
131116,1,1,1988,0,0,0,0,0,0,0,0,0,0
131116,2,1,1988,0,0,0,0,0,0,0,0,0,0
131117,1,1,1988,0,0,0,0,0,0,0,0,0,0
131118,1,1,1988,0,0,0,0,0,0,0,0,0,0
131118,2,1,1988,0,0,0,0,0,0,0,0,0,0
131119,1,1,1988,0,0,0,0,0,0,0,0,0,0
131119,2,1,1988,0,0,0,0,0,0,0,0,0,0
131119,3,1,1988,0,5,0,0,0,0,0,0,11,0
131120,1,1,1988,24,0,18,8,17,43,17,21,13,24
131121,1,1,1988,7,25,20,0,0,0,40,0,0,11
131122,1,1,1988,0,0,0,0,9,0,0,0,0,0
131122,2,1,1988,0,0,0,0,0,0,0,0,0,0
131123,1,1,1988,17,0,0,0,0,0,0,0,25,0
131124,0,1,1988,0,18,18,12,0,13,0,0,0,14
131124,1,1,1988,15,6,13,10,0,0,20,7,17,0
131125,1,1,1988,0,0,0,0,0,0,0,0,0,0
131126,0,1,1988,0,0,0,19,0,0,0,0,25,0
131126,1,1,1988,0,0,0,0,0,0,0,0,0,0
131127,0,1,1988,17,14,0,0,40,19,24,17,0,14
131127,1,1,1988,0,0,0,0,0,0,0,0,0,0
131128,1,1,1988,0,0,0,0,3,0,0,0,0,0
131129,0,1,1988,0,0,0,0,0,0,0,0,0,0
131129,1,1,1988,0,0,0,0,6,0,0,0,0,0
131130,1,1,1988,0,0,0,0,0,0,0,0,0,0
131130,2,1,1988,0,0,0,0,16,0,0,0,0,0
131131,1,1,1988,0,0,0,0,0,0,0,0,14,0
131131,2,1,1988,0,0,0,0,0,0,0,0,0,0
131132,0,1,1988,13,13,13,13,13,13,13,13,13,13
131132,1,1,1988,17,17,17,17,17,17,17,17,17,17
131133,0,1,1988,0,0,0,0,0,0,0,0,0,0
131133,1,1,1988,0,0,0,0,0,0,0,0,0,0
131134,1,1,1988,0,0,0,0,0,0,0,0,0,0
131134,2,1,1988,0,0,0,0,0,0,0,0,0,0
131135,1,1,1988,22,0,0,21,28,15,0,32,0,36
131136,1,1,1988,0,0,0,20,39,0,0,0,0,0
131137,1,1,1988,0,0,0,0,0,0,0,0,0,0
131137,2,1,1988,0,0,0,0,0,0,0,0,0,0
131138,1,1,1988,0,0,0,0,0,0,0,0,0,0
131140,1,1,1988,3,15,19,14,27,3,13,20,15,13
131140,2,1,1988,0,0,0,0,0,0,0,0,0,0
131140,3,1,1988,0,0,0,0,0,0,0,0,0,0
131141,1,1,1988,14,14,14,14,14,14,14,14,14,14
131142,0,1,1988,16,0,0,0,0,0,0,24,0,17
131142,1,1,1988,0,0,0,0,0,0,0,0,0,0
131143,0,1,1988,0,0,0,0,0,0,0,0,0,0
131143,1,1,1988,4,4,4,4,4,4,4,4,4,4
131144,1,1,1988,21,21,21,21,21,21,21,21,21,21
131144,2,1,1988,0,0,0,0,0,0,0,0,0,0
131145,1,1,1988,14,14,14,14,14,14,14,14,14,14
131146,1,1,1988,0,0,0,0,0,0,0,0,0,0
131146,2,1,1988,0,0,0,22,0,0,0,0,0,3
131147,1,1,1988,0,0,0,0,0,0,0,0,0,0
131147,2,1,1988,0,0,0,0,0,0,0,0,0,0
131148,1,1,1988,0,0,0,0,0,0,0,0,0,0
131148,2,1,1988,0,0,0,0,0,0,0,0,0,0
131149,1,1,1988,33,33,33,33,33,33,33,33,33,33
131149,2,1,1988,0,0,0,0,0,0,0,0,16,0
131150,1,1,1988,0,0,0,0,0,0,0,0,0,0
131151,1,1,1988,0,0,0,0,0,0,0,0,0,0
131151,2,1,1988,0,0,0,0,0,0,0,0,0,0
131152,1,1,1988,0,21,0,0,0,0,0,0,0,0
131153,1,1,1988,35,35,35,35,35,35,35,35,35,35
131153,2,1,1988,0,0,0,0,0,0,0,0,0,0
131154,1,1,1988,3,3,3,3,3,3,3,3,3,3
131154,2,1,1988,0,9,5,39,24,10,22,10,0,24
131155,1,1,1988,34,34,34,34,34,34,34,34,34,34
131156,1,1,1988,0,0,0,0,0,0,14,0,0,0
131156,2,1,1988,0,0,0,0,0,0,0,0,0,0
131157,1,1,1988,0,0,0,0,0,0,0,0,0,0
131158,0,1,1988,36,36,36,36,36,36,36,36,36,36
131158,1,1,1988,0,0,0,0,0,0,0,0,0,0
131159,1,1,1988,0,0,0,0,0,0,0,0,0,0
131159,2,1,1988,0,0,0,0,0,0,0,0,0,0
131160,1,1,1988,0,0,0,0,0,0,0,0,0,0
131161,1,1,1988,0,0,0,0,0,0,0,0,0,0
131161,2,1,1988,0,0,0,0,0,0,0,0,0,0
131162,1,1,1988,0,0,0,0,0,0,0,0,0,0
131162,2,1,1988,0,0,0,0,0,0,2,0,0,0
131163,1,1,1988,0,0,0,0,0,0,0,0,0,0
131163,2,1,1988,0,0,0,0,0,0,0,0,0,0
131164,1,1,1988,0,0,0,0,0,0,0,0,0,0
131164,2,1,1988,0,0,0,0,33,0,0,0,0,0
131165,0,1,1988,11,11,11,11,11,11,11,11,11,11
131165,1,1,1988,0,0,0,0,0,0,0,0,0,0
131166,1,1,1988,0,0,0,0,0,0,0,0,0,0
131166,2,1,1988,0,0,0,0,9,0,0,0,0,0
131167,0,1,1988,36,0,0,0,23,11,43,15,0,0
131167,1,1,1988,0,0,0,0,0,0,0,0,0,0
131168,1,1,1988,7,7,7,7,7,7,7,7,7,7
131169,1,1,1988,3,3,3,3,3,3,3,3,3,3
131169,2,1,1988,0,0,0,0,0,0,0,0,0,0
131170,0,1,1988,0,0,0,0,0,0,0,0,0,0
131170,1,1,1988,10,10,10,10,10,10,10,10,10,10
131171,1,1,1988,0,0,0,0,0,0,0,0,0,0
131171,2,1,1988,0,0,0,0,0,0,0,0,0,0
131172,0,1,1988,31,31,31,31,31,31,31,31,31,31
131172,1,1,1988,14,0,14,10,2,14,8,13,10,19
131173,0,1,1988,18,18,18,18,18,18,18,18,18,18
131173,1,1,1988,0,19,0,0,0,0,12,11,0,0
131174,1,1,1988,0,0,0,0,0,0,0,0,0,0
131174,2,1,1988,0,0,13,0,0,0,0,10,0,0
131175,1,1,1988,0,0,0,0,0,21,0,0,0,0
131175,2,1,1988,0,0,0,0,0,0,0,0,0,0
131176,1,1,1988,19,19,19,19,19,19,19,19,19,19
131177,0,1,1988,0,0,0,0,0,0,0,0,0,0
131177,1,1,1988,17,0,12,0,0,0,0,0,0,0
131178,1,1,1988,0,0,0,0,0,0,0,0,0,9
131178,2,1,1988,0,0,0,0,0,0,0,0,0,0
131178,3,1,1988,0,0,0,0,0,0,0,0,0,0
131179,1,1,1988,14,14,14,14,14,14,14,14,14,14
131179,2,1,1988,5,5,5,5,5,5,5,5,5,5
131180,0,1,1988,0,0,0,0,0,0,0,0,0,0
131180,1,1,1988,0,0,0,0,23,0,0,0,0,14
131181,1,1,1988,0,0,0,0,0,0,0,0,0,0
131182,1,1,1988,0,0,0,0,0,0,0,0,0,0
131183,0,1,1988,0,0,0,0,0,0,0,0,0,0
131183,1,1,1988,14,14,14,14,14,14,14,14,14,14
131184,1,1,1988,0,0,0,0,0,0,0,0,0,0
131184,2,1,1988,0,0,0,0,0,0,0,0,0,0
131185,1,1,1988,0,0,0,0,0,0,0,0,0,0
131185,2,1,1988,0,0,0,0,0,0,0,0,0,0
131186,0,1,1988,0,0,0,0,0,0,0,0,0,0
131186,1,1,1988,16,0,0,0,0,0,0,0,0,0
131187,1,1,1988,0,0,0,0,0,0,0,0,0,0
131188,1,1,1988,0,0,0,0,0,0,0,0,0,0
131189,1,1,1988,13,21,0,0,0,0,0,14,28,0
131190,0,1,1988,18,18,18,18,18,18,18,18,18,18
131190,1,1,1988,0,0,0,0,0,0,0,0,0,0
131191,1,1,1988,13,13,13,13,13,13,13,13,13,13
131192,0,1,1988,0,0,0,0,0,0,0,0,0,0
131192,0,2,1988,0,0,0,0,0,0,0,0,0,0
131192,1,1,1988,5,5,5,5,5,5,5,5,5,5
131193,1,1,1988,0,0,0,0,0,0,0,0,0,0
131194,1,1,1988,0,26,11,26,0,0,16,12,0,35
131195,0,1,1988,0,0,0,0,0,0,0,0,0,0
131195,1,1,1988,2,0,0,0,0,0,0,0,0,0
131196,1,1,1988,0,0,0,0,0,0,0,0,0,0
131197,1,1,1988,15,15,15,15,15,15,15,15,15,15