ST_CASE,VEH_NO,PER_NO,YEAR,P1,P2,P3,P4,P5,P6,P7,P8,P9,P10
131198,1,1,1988,0,0,0,0,0,0,0,0,0,0
131198,2,1,1988,0,0,0,0,0,0,0,0,0,0
131199,1,1,1988,16,0,8,21,17,12,21,0,0,16
131199,2,1,1988,0,0,0,0,0,0,0,0,0,0
131200,1,1,1988,22,22,22,22,22,22,22,22,22,22
131201,1,1,1988,0,0,0,0,0,0,0,0,0,0
131201,2,1,1988,0,0,0,0,0,0,9,0,0,0
131202,1,1,1988,20,0,0,12,0,0,0,12,0,24
131203,0,1,1988,0,0,0,0,0,0,0,0,0,0
131203,1,1,1988,0,0,0,0,0,0,0,0,0,0
131204,1,1,1988,0,0,0,23,14,13,0,15,31,0
131205,0,1,1988,14,0,14,27,0,0,50,27,29,28
131205,1,1,1988,0,0,0,0,0,0,0,0,0,0
131205,2,1,1988,0,0,0,0,0,0,0,0,0,0
131207,1,1,1988,0,0,0,0,0,0,0,0,0,0
131208,1,1,1988,0,0,0,0,0,0,0,0,0,0
131208,2,1,1988,0,0,0,20,0,6,0,0,10,0
131208,3,1,1988,0,0,0,0,0,0,0,0,0,0
131208,4,1,1988,0,0,0,0,0,0,0,0,0,0
131210,2,1,1988,27,12,0,0,21,0,17,9,0,20
131211,0,1,1988,0,0,0,0,0,0,0,0,0,0
131211,1,1,1988,0,0,0,0,0,0,0,0,0,0
131212,1,1,1988,3,29,0,28,0,6,28,26,9,29
131213,1,1,1988,24,13,21,0,0,0,0,15,0,0
131214,1,1,1988,22,8,28,31,36,21,37,26,24,18
131215,1,1,1988,26,26,26,26,26,26,26,26,26,26
131215,2,1,1988,0,12,0,0,0,0,0,0,0,0
131216,0,1,1988,37,37,37,37,37,37,37,37,37,37
131216,1,1,1988,18,11,21,7,0,0,0,0,0,0
131216,2,1,1988,0,0,0,0,18,0,0,0,0,0
131217,0,1,1988,0,27,15,0,17,0,25,0,0,0
131217,1,1,1988,0,23,16,23,0,0,11,0,0,0
131217,2,1,1988,0,0,0,10,0,0,0,6,0,0
131218,1,1,1988,0,0,0,0,0,0,0,0,0,0
131220,1,1,1988,0,0,0,0,0,0,0,0,0,0
131220,2,1,1988,0,0,0,0,0,0,0,0,0,0
131221,1,1,1988,0,0,0,0,0,0,0,0,0,0
131221,2,1,1988,0,0,0,0,0,0,0,0,0,0
131221,3,1,1988,0,0,0,0,0,0,0,0,0,0
131222,1,1,1988,0,0,0,0,0,0,0,0,0,0
131222,2,1,1988,0,0,0,0,0,0,0,0,0,0
131222,3,1,1988,0,0,30,20,0,17,0,0,0,30
131223,1,1,1988,0,0,0,0,0,0,0,0,0,0
131223,2,1,1988,0,0,0,0,0,0,0,0,0,0
131225,1,1,1988,0,0,0,0,0,0,0,0,0,0
131226,1,1,1988,25,7,0,0,0,0,22,0,0,0
131226,2,1,1988,0,0,0,0,0,0,0,0,0,0
131227,1,1,1988,0,0,0,0,0,0,0,0,0,0
131227,2,1,1988,3,3,3,3,3,3,3,3,3,3
131228,0,1,1988,6,0,0,0,0,0,44,0,0,20
131228,1,1,1988,0,0,0,0,0,0,0,0,0,0
131229,1,1,1988,17,17,17,17,17,17,17,17,17,17
131229,2,1,1988,0,0,0,5,0,0,0,0,0,0
131230,1,1,1988,0,0,0,11,0,0,0,0,0,0
131231,0,1,1988,0,0,0,0,0,0,0,0,0,0
131231,1,1,1988,0,0,0,0,0,0,0,0,0,0
131232,1,1,1988,19,19,19,19,19,19,19,19,19,19
131232,2,1,1988,0,0,0,0,0,0,0,0,0,0
131233,1,1,1988,0,0,0,0,0,0,0,0,0,0
131233,2,1,1988,0,0,0,0,0,9,0,0,0,0
131234,1,1,1988,0,0,0,0,0,0,0,0,0,0
131234,2,1,1988,0,0,0,0,0,0,0,0,0,0
131235,1,1,1988,17,25,0,31,26,28,26,23,19,18
131236,1,1,1988,21,21,21,21,21,21,21,21,21,21
131236,2,1,1988,0,0,0,4,17,0,0,0,0,0
131236,3,1,1988,0,0,0,0,0,0,0,0,0,0
131237,1,1,1988,0,0,16,13,18,0,0,0,0,0
131238,1,1,1988,0,0,0,0,0,0,0,0,0,0
131238,2,1,1988,0,0,0,0,0,0,0,0,0,0
131238,3,1,1988,0,0,0,0,0,0,0,0,0,0
131239,1,1,1988,0,0,0,0,0,0,0,0,0,0
131239,2,1,1988,0,0,0,0,0,0,0,0,0,0
131240,0,1,1988,33,33,33,33,33,33,33,33,33,33
131240,1,1,1988,11,0,7,0,0,0,0,0,0,0
131241,1,1,1988,0,0,0,0,0,0,0,0,0,0
131241,2,1,1988,0,0,0,0,0,0,0,0,0,0
131242,1,1,1988,0,0,0,0,0,0,0,0,0,0
131242,2,1,1988,0,0,0,0,0,0,0,16,0,0
131243,1,1,1988,0,0,0,0,0,0,0,0,0,0
131243,2,1,1988,0,0,0,0,0,0,0,0,0,0
131244,1,1,1988,0,0,0,0,0,0,0,0,0,0
131244,2,1,1988,0,0,7,0,0,0,0,0,0,0
131245,1,1,1988,0,0,0,0,0,0,0,0,0,0
131245,2,1,1988,0,0,0,0,0,0,0,0,0,0
131246,1,1,1988,18,27,20,19,36,37,22,18,15,20
131247,0,1,1988,10,10,10,10,10,10,10,10,10,10
131247,1,1,1988,0,0,0,16,0,0,0,0,16,0
131248,1,1,1988,20,20,20,20,20,20,20,20,20,20
131248,2,1,1988,0,0,0,0,0,0,0,0,0,0
131249,1,1,1988,20,20,20,20,20,20,20,20,20,20
131249,2,1,1988,0,21,17,6,0,24,21,0,24,8
131250,1,1,1988,0,0,0,16,13,22,31,0,0,24
131251,1,1,1988,0,0,0,0,0,0,0,0,0,0
131252,1,1,1988,0,0,0,0,0,0,0,0,0,0
131252,2,1,1988,0,0,0,0,0,0,0,0,0,0
131253,1,1,1988,20,20,20,20,20,20,20,20,20,20
131254,0,1,1988,0,0,0,0,0,0,0,0,0,0
131254,1,1,1988,0,0,0,0,0,14,0,0,0,0
131255,1,1,1988,16,16,16,16,16,16,16,16,16,16
131256,0,1,1988,27,27,27,27,27,27,27,27,27,27
131256,1,1,1988,0,0,0,13,0,0,0,0,0,0
131258,1,1,1988,11,0,0,0,0,0,0,0,2,0
131259,1,1,1988,0,0,0,0,0,0,0,0,0,0
131259,2,1,1988,0,0,0,0,0,0,0,0,0,0
131260,1,1,1988,0,0,0,0,0,0,0,0,0,0
131260,2,1,1988,0,0,0,0,0,0,0,0,0,0
131261,1,1,1988,10,10,10,10,10,10,10,10,10,10
131262,1,1,1988,0,8,0,0,0,0,0,0,0,0
131262,2,1,1988,0,0,0,0,0,17,0,9,0,0
131262,3,1,1988,15,0,0,0,0,0,0,0,0,0
131263,1,1,1988,0,0,0,0,0,0,0,0,0,0
131263,2,1,1988,0,0,0,0,0,0,0,0,0,0
131264,1,1,1988,1,1,1,1,1,1,1,1,1,1
131265,1,1,1988,0,0,0,0,0,0,0,0,0,0
131266,0,1,1988,0,0,0,0,0,0,0,0,0,0
131266,1,1,1988,0,0,0,0,0,0,0,0,0,0
131267,1,1,1988,22,22,22,22,22,22,22,22,22,22
131267,2,1,1988,2,2,2,2,2,2,2,2,2,2
131268,1,1,1988,0,0,0,0,0,0,0,0,0,0
131268,2,1,1988,0,0,0,0,0,0,0,0,0,0
131270,1,1,1988,11,0,27,0,20,0,4,19,14,21
131271,0,1,1988,0,0,0,0,0,0,0,0,0,0
131271,1,1,1988,6,6,6,6,6,6,6,6,6,6
131272,1,1,1988,21,21,21,21,21,21,21,21,21,21
131273,0,1,1988,1,1,1,1,1,1,1,1,1,1
131273,1,1,1988,0,0,0,0,0,0,0,0,0,0
131274,1,1,1988,0,0,0,0,0,0,0,0,0,0
131274,2,1,1988,0,0,0,0,0,0,0,0,0,0
131274,3,1,1988,0,0,0,0,0,0,0,0,0,0
131275,1,1,1988,60,0,10,0,16,0,0,0,0,29
131275,2,1,1988,14,14,14,14,14,14,14,14,14,14
131275,3,1,1988,0,0,0,0,0,0,0,0,0,0
131276,1,1,1988,23,23,23,23,23,23,23,23,23,23
131276,2,1,1988,6,6,6,6,6,6,6,6,6,6
131277,1,1,1988,11,11,11,11,11,11,11,11,11,11
131278,1,1,1988,5,17,6,19,12,30,15,12,7,19
131279,1,1,1988,0,0,0,0,0,0,0,0,0,0
131279,2,1,1988,0,0,0,0,0,12,0,0,0,15
131280,1,1,1988,10,10,10,10,10,10,10,10,10,10
131281,1,1,1988,30,30,30,30,30,30,30,30,30,30
131282,1,1,1988,8,8,8,8,8,8,8,8,8,8
131282,2,1,1988,0,0,14,0,0,0,0,0,0,0
131283,1,1,1988,22,22,22,22,22,22,22,22,22,22
131284,1,1,1988,26,0,13,5,0,24,22,11,0,39
131285,1,1,1988,9,9,9,9,9,9,9,9,9,9
131286,0,1,1988,0,0,0,0,0,23,0,0,0,0
131286,0,2,1988,0,0,0,0,0,0,0,0,0,0
131286,0,3,1988,0,0,0,0,0,0,0,0,0,0
131286,1,1,1988,15,15,15,15,15,15,15,15,15,15
131287,1,1,1988,14,14,14,14,14,14,14,14,14,14
131288,1,1,1988,16,16,16,16,16,16,16,16,16,16
131289,1,1,1988,0,0,0,0,0,0,0,0,0,0
131289,2,1,1988,0,0,0,0,0,0,0,0,0,0
131289,3,1,1988,0,0,0,0,0,0,0,0,0,0
131290,1,1,1988,0,0,17,0,0,0,0,0,0,0
131290,2,1,1988,1,1,1,1,1,1,1,1,1,1
131291,1,1,1988,6,6,6,6,6,6,6,6,6,6
131292,1,1,1988,0,0,0,0,0,0,0,0,0,0
131292,2,1,1988,0,0,0,0,0,0,0,0,0,0
131293,0,1,1988,24,32,23,0,0,18,6,0,37,13
131293,0,2,1988,19,19,19,19,19,19,19,19,19,19
131293,1,1,1988,0,0,0,0,0,0,0,0,0,0
131294,1,1,1988,17,17,17,17,17,17,17,17,17,17
131295,1,1,1988,0,0,0,0,0,0,0,0,0,0
131296,1,1,1988,10,10,10,10,10,10,10,10,10,10
131297,1,1,1988,0,0,0,0,0,0,0,0,0,0
131297,2,1,1988,0,0,0,0,0,0,0,0,0,0
131298,1,1,1988,27,27,27,27,27,27,27,27,27,27
131301,0,1,1988,0,16,43,35,36,5,27,20,11,17
131301,0,2,1988,0,15,23,15,0,18,31,17,0,16
131301,1,1,1988,0,0,0,0,0,0,0,0,0,0
131302,0,1,1988,0,0,0,0,0,0,0,0,0,0
131302,1,1,1988,0,0,0,0,0,0,0,0,21,0
131303,1,1,1988,0,0,19,21,0,0,0,0,0,0
131303,2,1,1988,0,0,0,0,0,0,0,0,0,0
131304,1,1,1988,0,0,0,0,0,0,0,0,0,0
131305,1,1,1988,0,0,0,0,0,0,10,0,0,0
131305,2,1,1988,0,0,0,0,0,0,0,0,0,0
131306,1,1,1988,0,0,0,0,0,0,0,0,0,0
131306,2,1,1988,0,0,0,0,0,0,0,0,0,0
131307,1,1,1988,0,0,0,0,0,0,0,0,0,0
131307,2,1,1988,9,9,9,9,9,9,9,9,9,9
131307,3,1,1988,0,0,0,0,0,0,0,0,0,0
131308,0,1,1988,6,6,6,6,6,6,6,6,6,6
131308,1,1,1988,0,0,0,0,0,0,0,0,0,0
131309,0,1,1988,0,0,0,0,6,0,0,10,0,5
131309,1,1,1988,0,0,0,0,0,0,0,0,0,0
131310,2,1,1988,0,0,0,0,0,0,0,0,0,0
131311,1,1,1988,0,0,0,0,0,0,0,0,0,0
131311,2,1,1988,0,0,0,0,8,0,0,0,0,0
131312,1,1,1988,0,0,0,27,0,32,0,0,17,19
131312,2,1,1988,0,0,14,0,0,19,25,29,12,9
131312,3,1,1988,0,0,0,0,0,0,0,0,0,0
131313,1,1,1988,23,0,0,18,0,0,0,0,15,0
131314,1,1,1988,0,0,6,0,0,0,0,0,0,0
131314,2,1,1988,0,0,0,0,15,0,0,0,0,0
131316,1,1,1988,0,0,0,0,0,17,0,14,0,0
131316,2,1,1988,0,0,16,0,0,0,0,0,0,0
131317,1,1,1988,14,14,14,14,14,14,14,14,14,14
131317,2,1,1988,0,0,0,0,0,0,0,0,0,0
131318,0,1,1988,35,35,35,35,35,35,35,35,35,35
131318,0,2,1988,19,19,19,19,19,19,19,19,19,19
131318,1,1,1988,0,0,0,0,0,0,0,0,0,0
131319,1,1,1988,13,13,13,13,13,13,13,13,13,13
131320,1,1,1988,5,5,5,5,5,5,5,5,5,5
131321,1,1,1988,3,3,3,3,3,3,3,3,3,3
131322,1,1,1988,0,0,0,0,0,0,0,0,0,0
131322,2,1,1988,12,0,0,0,0,0,0,0,0,0
131323,1,1,1988,0,0,0,0,0,0,0,0,0,0
131323,2,1,1988,0,0,0,0,0,0,0,0,0,0
131324,1,1,1988,17,17,17,17,17,17,17,17,17,17
131324,2,1,1988,0,0,0,0,0,0,0,0,0,0
131325,1,1,1988,9,0,0,0,0,0,11,0,23,0
131325,2,1,1988,0,0,0,0,0,10,0,0,0,0
131326,1,1,1988,14,14,14,14,14,14,14,14,14,14
131327,1,1,1988,21,21,21,21,21,21,21,21,21,21
131327,2,1,1988,0,17,0,0,0,0,6,0,0,0
131328,0,1,1988,33,33,33,33,33,33,33,33,33,33
131328,1,1,1988,0,0,0,0,0,0,0,0,0,0
131329,1,1,1988,12,12,12,12,12,12,12,12,12,12
131329,2,1,1988,0,0,0,0,0,0,0,0,0,0
131330,1,1,1988,0,0,0,0,0,0,0,0,0,0
131330,2,1,1988,0,0,0,0,0,0,0,0,0,0
131331,1,1,1988,0,0,0,16,0,0,0,0,0,0
131331,2,1,1988,0,0,0,0,0,0,0,32,0,0
131331,3,1,1988,0,0,0,0,0,0,0,0,0,0
131332,1,1,1988,0,0,0,0,0,0,0,0,0,0
131332,2,1,1988,0,0,0,0,0,0,0,0,0,0
131333,1,1,1988,21,19,0,0,23,17,26,0,12,0
131334,1,1,1988,0,0,0,0,0,0,0,0,0,0
131334,2,1,1988,0,0,0,0,0,0,0,0,0,0
131335,1,1,1988,0,0,0,0,0,0,0,0,0,0
131336,1,1,1988,0,0,0,0,0,0,0,0,0,0
131336,2,1,1988,0,0,0,0,0,0,0,0,0,0
131337,1,1,1988,6,6,6,6,6,6,6,6,6,6
131337,2,1,1988,12,12,12,12,12,12,12,12,12,12
131338,1,1,1988,0,0,0,0,0,0,0,0,0,0
131338,2,1,1988,0,0,0,0,0,0,0,0,0,0
131339,1,1,1988,21,21,21,21,21,21,21,21,21,21
131340,1,1,1988,0,0,0,0,0,0,0,0,0,0
131340,2,1,1988,0,0,0,0,0,0,0,0,0,0
131341,1,1,1988,0,0,0,0,0,0,0,0,0,0
131341,2,1,1988,13,13,13,13,13,13,13,13,13,13
131342,1,1,1988,23,23,23,23,23,23,23,23,23,23
131342,2,1,1988,0,10,0,21,26,24,0,9,6,0
131343,1,1,1988,0,0,0,0,0,0,0,0,0,0
131344,1,1,1988,4,0,0,0,0,0,0,0,0,0
131344,2,1,1988,0,0,0,0,0,0,0,0,0,0
131345,1,1,1988,0,0,0,0,0,0,0,0,0,0
131346,1,1,1988,0,0,0,0,0,0,0,0,0,0
131347,1,1,1988,0,0,0,0,0,0,0,0,0,0
131347,2,1,1988,0,0,0,0,0,0,0,0,0,0
131348,0,1,1988,0,0,0,0,0,0,0,0,0,0
131348,1,1,1988,0,0,0,0,0,0,0,0,0,0
131349,1,1,1988,0,0,0,0,0,0,0,0,0,0
131349,2,1,1988,0,0,0,0,0,0,0,0,0,0
131349,3,1,1988,0,0,0,0,0,0,5,0,0,0
131349,4,1,1988,0,0,0,0,0,0,0,0,0,0
131350,1,1,1988,0,0,0,0,0,0,0,0,0,0
131350,2,1,1988,0,0,0,0,0,0,0,0,0,0
131351,1,1,1988,0,0,0,0,0,0,0,0,0,0
131351,2,1,1988,0,0,0,0,0,0,0,0,0,0
131352,0,1,1988,0,19,18,17,17,24,0,21,0,0
131352,1,1,1988,0,11,0,0,0,0,0,0,0,0
131352,2,1,1988,0,0,0,0,0,0,0,0,0,0
131352,3,1,1988,0,0,0,0,0,0,0,0,0,0
131353,1,1,1988,23,23,23,23,23,23,23,23,23,23
131354,1,1,1988,19,19,19,19,19,19,19,19,19,19
131355,0,1,1988,0,0,0,0,0,0,0,0,0,0
131355,1,1,1988,0,0,0,0,0,0,0,0,0,0
131356,0,1,1988,8,8,8,8,8,8,8,8,8,8
131356,1,1,1988,0,0,0,0,0,0,0,0,0,0
131357,1,1,1988,0,0,0,0,0,0,0,0,0,0
131358,1,1,1988,13,13,13,13,13,13,13,13,13,13
131359,1,1,1988,0,0,0,13,0,0,10,31,0,0
131359,2,1,1988,0,0,0,0,0,0,0,0,0,0
131360,1,1,1988,28,28,28,28,28,28,28,28,28,28
131361,1,1,1988,0,0,0,0,0,0,0,0,0,0
131361,2,1,1988,0,0,0,0,0,0,0,0,0,0
131362,1,1,1988,25,25,25,25,25,25,25,25,25,25
131362,2,1,1988,19,19,19,19,19,19,19,19,19,19
131363,1,1,1988,28,28,28,28,28,28,28,28,28,28
131364,1,1,1988,9,9,9,9,9,9,9,9,9,9
131365,1,1,1988,0,0,0,0,0,0,0,0,0,0
131365,2,1,1988,0,0,0,0,0,0,0,0,0,0
131366,1,1,1988,33,8,29,33,10,0,33,28,9,0
131367,1,1,1988,0,0,28,8,21,0,0,0,0,0
131368,1,1,1988,0,0,0,0,0,0,0,0,0,0
131368,2,1,1988,7,7,7,7,7,7,7,7,7,7
131369,1,1,1988,26,26,26,26,26,26,26,26,26,26
131369,2,1,1988,0,0,0,0,0,0,0,0,0,0
131370,1,1,1988,0,0,0,0,0,0,0,0,0,0
131371,1,1,1988,0,0,0,0,0,0,0,0,0,0
131371,2,1,1988,0,0,0,0,0,0,0,0,0,0
131372,1,1,1988,0,0,0,0,0,0,0,0,0,0
131372,2,1,1988,0,0,0,0,0,0,0,0,0,0
131373,1,1,1988,25,25,25,25,25,25,25,25,25,25
131374,1,1,1988,0,0,0,0,0,0,0,0,0,0
131374,2,1,1988,0,0,0,0,0,0,0,0,0,0
131375,1,1,1988,0,12,0,0,0,0,0,0,0,0
131375,2,1,1988,0,0,0,0,0,0,0,0,0,0
131375,3,1,1988,0,0,0,0,0,0,0,0,0,0
131375,4,1,1988,0,0,0,0,0,0,0,0,0,0
131376,1,1,1988,30,30,30,30,30,30,30,30,30,30
131376,2,1,1988,0,0,0,0,0,0,0,16,0,0
131377,1,1,1988,21,21,21,21,21,21,21,21,21,21
131378,1,1,1988,0,0,0,0,0,0,0,0,0,0
131378,2,1,1988,0,0,0,0,0,0,0,0,0,0
131378,3,1,1988,0,0,0,0,0,0,0,0,0,0
131379,1,1,1988,0,0,0,0,0,0,0,0,0,0
131379,2,1,1988,20,20,20,20,20,20,20,20,20,20
131380,1,1,1988,37,37,37,37,37,37,37,37,37,37
131381,1,1,1988,0,0,0,0,0,0,0,13,0,0
131382,1,1,1988,5,0,0,0,9,0,0,0,0,0
131383,0,1,1988,16,16,16,16,16,16,16,16,16,16
131383,1,1,1988,0,0,0,0,0,0,0,0,0,0
131384,1,1,1988,0,0,0,0,0,0,0,0,0,0
131384,2,1,1988,0,0,0,0,0,0,0,0,0,0
131385,1,1,1988,0,0,0,0,0,0,0,0,0,0
131387,0,1,1988,30,30,30,30,30,30,30,30,30,30
131387,1,1,1988,0,0,0,0,0,0,0,0,0,0
131388,1,1,1988,0,0,25,41,0,8,0,17,12,22
131389,1,1,1988,24,24,34,8,20,27,30,24,20,24
131390,1,1,1988,29,29,29,29,29,29,29,29,29,29
131391,0,1,1988,4,4,4,4,4,4,4,4,4,4
131391,1,1,1988,0,0,0,0,0,0,0,0,0,0
131392,1,1,1988,17,17,17,17,17,17,17,17,17,17
131393,1,1,1988,0,0,0,0,0,0,0,0,0,0
131394,1,1,1988,0,0,0,0,0,0,0,0,0,0
131395,1,1,1988,0,0,0,0,0,0,0,0,0,0
131395,2,1,1988,0,0,0,0,0,0,0,0,0,0
131395,3,1,1988,0,0,0,0,5,0,0,0,0,0
131396,1,1,1988,0,0,17,0,0,0,0,0,0,0
131396,2,1,1988,0,0,0,0,0,0,0,0,0,0
131397,1,1,1988,6,6,6,6,6,6,6,6,6,6
131397,2,1,1988,0,0,0,0,0,0,0,0,10,0
131398,0,1,1988,41,41,41,41,41,41,41,41,41,41
131398,1,1,1988,0,0,0,0,0,0,0,0,0,0
131399,1,1,1988,0,0,0,0,0,0,0,0,0,0
131399,2,1,1988,0,0,0,0,0,0,0,0,0,0
131400,1,1,1988,0,0,0,0,0,0,0,0,0,0
131401,1,1,1988,0,5,0,22,0,5,0,23,0,4
131402,1,1,1988,0,0,0,0,0,0,0,0,0,0
131403,1,1,1988,18,0,17,21,33,27,11,9,33,0
131404,1,1,1988,0,24,0,0,0,0,0,0,0,0
131404,2,1,1988,0,0,0,0,0,0,0,0,0,0
131404,3,1,1988,0,0,0,0,0,0,0,0,0,0
131405,1,1,1988,0,0,0,0,0,0,0,0,0,0
131405,2,1,1988,0,0,0,0,0,0,0,0,0,0
131405,3,1,1988,0,0,0,0,0,0,0,0,0,0
131406,1,1,1988,19,19,19,19,19,19,19,19,19,19
131407,1,1,1988,6,6,6,6,6,6,6,6,6,6
131408,1,1,1988,0,0,0,0,0,0,0,0,0,0
131408,2,1,1988,0,0,0,0,0,0,0,0,0,0
131409,1,1,1988,21,21,21,21,21,21,21,21,21,21
131410,1,1,1988,0,0,0,0,0,0,0,0,0,0
131410,2,1,1988,0,0,0,0,0,0,0,0,0,0
131411,1,1,1988,0,0,0,0,0,0,0,0,0,0
131411,2,1,1988,0,0,0,0,0,0,0,0,0,0
131412,1,1,1988,0,0,0,0,0,0,0,0,0,0
131413,0,1,1988,0,0,0,0,0,0,0,0,0,0
131413,1,1,1988,0,0,0,0,0,25,12,4,0,0
131414,1,1,1988,21,21,21,21,21,21,21,21,21,21
131414,2,1,1988,0,4,0,0,0,0,0,19,4,0
131414,3,1,1988,0,0,13,0,0,13,0,0,0,0
131415,1,1,1988,32,6,36,7,13,10,17,24,12,14
131416,1,1,1988,0,13,0,0,0,0,0,0,14,0
131416,2,1,1988,0,0,0,0,0,0,0,0,0,0
131417,1,1,1988,14,0,0,12,0,0,0,0,0,0
131418,0,1,1988,10,10,10,10,10,10,10,10,10,10
131418,1,1,1988,0,0,0,0,0,0,0,0,0,0
131419,1,1,1988,0,0,0,0,0,0,0,0,0,0
131419,2,1,1988,4,4,4,4,4,4,4,4,4,4
131420,1,1,1988,0,0,0,0,0,0,0,0,0,0
131421,1,1,1988,14,14,14,14,14,14,14,14,14,14
131421,2,1,1988,0,0,0,0,0,0,0,0,0,0
131422,1,1,1988,16,0,0,0,0,0,0,0,24,10
131423,1,1,1988,27,27,27,27,27,27,27,27,27,27
131424,1,1,1988,7,7,7,7,7,7,7,7,7,7
131425,0,1,1988,24,24,24,24,24,24,24,24,24,24
131425,1,1,1988,0,24,9,28,15,7,40,0,69,21
131426,1,1,1988,0,0,0,0,0,0,0,0,0,0
131426,2,1,1988,0,0,0,0,0,0,0,0,0,0
131427,1,1,1988,0,19,0,13,0,0,0,19,0,5
131428,1,1,1988,28,28,28,28,28,28,28,28,28,28
131429,1,1,1988,11,14,26,7,16,16,7,0,10,15
131429,2,1,1988,0,0,0,0,0,0,0,0,0,0
131430,1,1,1988,0,0,0,0,0,0,0,0,0,0
131430,2,1,1988,0,0,0,0,0,0,0,0,0,0
131431,1,1,1988,0,0,0,0,0,0,0,0,0,0
131432,1,1,1988,0,0,0,0,0,0,0,0,0,0
131432,2,1,1988,0,0,0,0,0,0,0,0,0,0
131433,1,1,1988,0,8,20,0,0,0,0,22,9,0
131433,2,1,1988,0,0,0,8,0,0,0,0,0,0
131434,1,1,1988,0,0,0,0,0,0,0,0,0,0
131434,2,1,1988,0,0,0,0,0,0,0,0,0,0
131435,1,1,1988,0,0,0,0,0,0,0,0,8,0
131435,2,1,1988,0,16,0,0,0,0,0,8,0,0
131436,0,1,1988,26,26,26,26,26,26,26,26,26,26
131436,1,1,1988,0,0,0,0,0,0,0,29,0,0
131437,1,1,1988,28,0,0,0,0,0,0,0,0,0
131437,2,1,1988,0,0,0,0,0,0,0,0,0,0
131438,1,1,1988,0,0,0,0,0,0,0,0,0,0
131439,0,1,1988,38,38,38,38,38,38,38,38,38,38
131439,1,1,1988,17,9,0,0,7,0,0,0,0,0
131440,1,1,1988,24,24,24,24,24,24,24,24,24,24
131441,1,1,1988,0,28,0,0,14,0,0,0,0,0
131441,2,1,1988,29,0,0,0,0,15,0,0,15,0
131442,1,1,1988,0,0,0,0,0,0,0,0,0,0
131442,2,1,1988,0,0,0,19,0,0,0,0,0,0
131443,1,1,1988,15,15,15,15,15,15,15,15,15,15
131444,1,1,1988,24,24,24,24,24,24,24,24,24,24
131445,1,1,1988,33,33,33,33,33,33,33,33,33,33
131446,1,1,1988,29,29,29,29,29,29,29,29,29,29
131447,1,1,1988,0,0,0,0,0,0,0,0,0,0
131447,2,1,1988,0,0,0,0,0,0,0,0,0,0
131448,1,1,1988,0,0,0,0,0,0,0,0,0,0
131448,2,1,1988,14,14,14,14,14,14,14,14,14,14
131449,1,1,1988,21,21,21,21,21,21,21,21,21,21
131449,2,1,1988,0,0,0,0,0,0,0,0,0,0
131450,1,1,1988,33,33,33,33,33,33,33,33,33,33
131451,0,1,1988,0,0,0,45,9,0,0,0,47,0
131451,1,1,1988,0,0,0,0,0,0,0,0,0,0
131452,0,1,1988,0,0,30,9,0,10,42,0,0,6
131452,1,1,1988,0,0,0,0,0,0,0,0,0,0
131453,1,1,1988,31,31,31,31,31,31,31,31,31,31
131453,2,1,1988,0,0,0,0,0,0,0,0,0,0
131454,1,1,1988,0,0,0,0,0,17,0,0,0,11
131455,1,1,1988,17,17,17,17,17,17,17,17,17,17
131456,1,1,1988,3,0,0,12,0,0,0,0,0,0
131456,2,1,1988,15,15,15,15,15,15,15,15,15,15
131457,1,1,1988,13,33,29,7,24,18,0,20,10,9
131458,0,1,1988,22,22,22,22,22,22,22,22,22,22
131458,1,1,1988,6,15,21,14,14,10,5,4,17,6
131459,1,1,1988,0,0,0,0,0,0,0,0,0,0
131459,2,1,1988,0,0,0,0,0,0,0,0,0,0
131460,0,1,1988,0,0,0,0,0,0,0,0,0,0
131460,1,1,1988,7,6,10,13,25,5,11,16,17,10
131461,1,1,1988,0,0,0,0,0,0,0,0,0,0
131461,2,1,1988,15,15,15,15,15,15,15,15,15,15
131462,1,1,1988,13,13,13,13,13,13,13,13,13,13
131463,1,1,1988,0,0,0,0,0,0,0,0,0,0
131464,1,1,1988,0,0,0,0,0,0,0,0,0,0
131464,2,1,1988,0,0,0,0,0,0,0,0,0,0
131465,1,1,1988,0,0,0,0,0,0,0,0,0,0
131465,2,1,1988,0,0,0,0,25,0,0,0,18,15
131467,0,1,1988,0,0,0,0,0,0,0,0,0,0
131467,1,1,1988,0,0,0,0,0,0,0,0,0,0
131468,0,1,1988,20,0,17,0,31,9,12,0,0,0
131468,1,1,1988,0,0,0,0,0,0,0,0,0,0
131469,0,1,1988,0,0,0,0,0,0,0,0,0,0
131469,1,1,1988,0,0,0,0,0,0,0,0,0,0
131470,0,1,1988,0,0,0,0,0,0,0,0,0,0
131470,1,1,1988,0,0,0,0,0,0,0,0,0,0
131471,0,1,1988,0,0,0,0,0,0,0,0,0,0
131471,1,1,1988,0,0,0,0,0,0,0,0,0,0
131472,1,1,1988,0,0,0,0,0,0,0,0,0,0
131473,0,1,1988,27,21,0,0,17,0,0,33,8,0
131473,1,1,1988,0,22,0,31,0,0,0,18,15,21
131474,1,1,1988,19,19,19,19,19,19,19,19,19,19
131475,1,1,1988,0,0,0,0,0,27,0,0,0,0
131475,2,1,1988,0,0,0,0,0,0,0,0,0,18
131476,1,1,1988,18,18,18,18,18,18,18,18,18,18
131476,2,1,1988,0,0,0,0,0,0,0,0,0,0
131477,1,1,1988,0,17,14,0,0,0,0,17,16,0