ST_CASE,VEH_NO,PER_NO,YEAR,P1,P2,P3,P4,P5,P6,P7,P8,P9,P10
131477,2,1,1988,0,0,0,0,17,0,0,0,0,0
131478,1,1,1988,0,0,0,0,7,0,19,14,13,5
131479,0,1,1988,0,0,0,0,0,0,0,0,0,0
131479,0,2,1988,0,0,0,0,0,0,0,0,0,0
131479,1,1,1988,0,0,12,0,0,0,0,0,0,0
131480,1,1,1988,13,0,21,0,6,0,15,0,9,21
131481,1,1,1988,11,11,3,16,0,17,12,25,0,0
131482,1,1,1988,0,0,0,0,0,0,0,0,0,0
131483,1,1,1988,0,0,0,0,0,0,0,0,0,0
131483,2,1,1988,0,0,0,0,0,0,0,0,0,0
131484,1,1,1988,0,0,0,0,0,0,0,0,0,0
131485,1,1,1988,0,0,0,0,0,0,0,0,0,0
131485,2,1,1988,0,0,0,0,0,0,0,0,0,0
131486,1,1,1988,0,0,0,0,0,0,0,0,0,0
131486,2,1,1988,0,0,0,0,0,0,0,0,0,0
131487,1,1,1988,0,0,0,0,0,0,0,0,0,0
131488,0,1,1988,0,0,0,0,0,0,14,0,0,23
131488,1,1,1988,2,2,2,2,2,2,2,2,2,2
131489,1,1,1988,21,21,21,21,21,21,21,21,21,21
131490,1,1,1988,0,0,0,0,0,0,0,0,0,0
131490,2,1,1988,0,0,0,0,0,0,0,0,0,0
131491,1,1,1988,0,0,0,0,0,0,0,0,0,0
131492,1,1,1988,21,21,21,21,21,21,21,21,21,21
131493,1,1,1988,0,0,0,0,0,0,0,0,0,0
131493,2,1,1988,0,0,0,0,0,0,0,0,0,0
131493,3,1,1988,0,0,0,0,0,0,0,0,0,0
131494,1,1,1988,0,0,0,0,19,20,7,17,0,17
131495,1,1,1988,34,34,34,34,34,34,34,34,34,34
131495,2,1,1988,24,0,37,3,0,0,10,12,0,16
131496,0,1,1988,0,0,0,0,0,0,0,0,0,0
131496,1,1,1988,0,7,0,0,4,0,0,4,0,0
131497,1,1,1988,18,18,18,18,18,18,18,18,18,18
131498,1,1,1988,0,0,0,6,0,7,11,0,0,8
131499,1,1,1988,7,7,7,7,7,7,7,7,7,7
131500,1,1,1988,0,0,0,0,0,0,0,0,0,0
131500,2,1,1988,0,0,0,0,0,0,15,0,0,0
131501,1,1,1988,0,0,0,0,0,0,0,0,0,7
131501,2,1,1988,0,10,0,0,0,0,0,0,0,0
131502,1,1,1988,0,0,0,0,0,0,0,0,0,0
131503,1,1,1988,17,17,17,17,17,17,17,17,17,17
131505,1,1,1988,32,16,18,18,33,0,15,28,12,13
131506,1,1,1988,0,0,0,0,0,0,0,0,0,0
131506,2,1,1988,12,5,14,10,0,0,0,19,23,15
131507,0,1,1988,34,34,34,34,34,34,34,34,34,34
131507,1,1,1988,6,0,0,11,0,0,15,18,0,0
131508,0,1,1988,0,0,0,0,0,0,0,0,0,0
131508,1,1,1988,0,0,0,0,0,0,0,0,0,0
131509,0,1,1988,0,0,0,0,0,0,0,0,0,0
131509,1,1,1988,0,0,0,0,0,0,0,0,0,0
131510,1,1,1988,0,0,0,0,0,0,0,0,17,0
131511,1,1,1988,0,0,0,0,0,0,0,0,0,0
131511,2,1,1988,0,0,0,0,0,0,0,0,0,0
131512,1,1,1988,0,0,0,0,0,0,0,0,9,0
131512,2,1,1988,0,0,0,0,29,0,0,11,0,0
131513,0,1,1988,30,30,30,30,30,30,30,30,30,30
131513,1,1,1988,0,8,13,10,0,0,1,28,5,8
131514,1,1,1988,0,0,0,0,0,0,0,0,0,0
131514,2,1,1988,0,0,0,3,0,20,0,0,0,0
131515,0,1,1988,0,0,0,0,0,0,0,0,0,0
131515,1,1,1988,0,0,0,0,0,0,0,15,0,0
131516,0,1,1988,13,13,13,13,13,13,13,13,13,13
131516,1,1,1988,25,25,25,25,25,25,25,25,25,25
131517,1,1,1988,18,18,18,18,18,18,18,18,18,18
131517,2,1,1988,23,23,23,23,23,23,23,23,23,23
131518,1,1,1988,0,0,0,0,0,0,0,0,0,0
131518,2,1,1988,0,0,0,0,0,0,0,0,0,0
131519,1,1,1988,0,0,0,0,0,0,0,0,0,0
131519,2,1,1988,10,0,0,0,0,0,0,0,0,5
131519,3,1,1988,0,0,0,0,0,0,0,0,0,7
131520,1,1,1988,0,0,0,0,0,0,0,0,0,0
131521,1,1,1988,0,0,20,0,0,0,0,0,0,0
131521,2,1,1988,0,0,0,0,0,0,0,0,0,0
131521,3,1,1988,0,0,0,0,0,0,0,0,0,0
131522,1,1,1988,21,21,21,21,21,21,21,21,21,21
131523,1,1,1988,0,0,0,2,0,0,17,0,0,0
131523,2,1,1988,1,1,1,1,1,1,1,1,1,1
131524,1,1,1988,0,0,16,0,0,0,0,0,0,0
131524,2,1,1988,0,0,0,0,0,0,0,0,0,0
131525,1,1,1988,0,0,0,0,0,0,0,0,0,0
131525,2,1,1988,0,0,0,0,0,0,20,0,0,0
131526,1,1,1988,0,0,0,0,0,0,0,0,0,0
131527,0,1,1988,5,0,0,0,0,20,0,0,0,0
131527,1,1,1988,0,0,0,0,0,0,0,0,0,0
131528,1,1,1988,0,0,0,0,0,0,0,0,0,0
131528,2,1,1988,0,0,0,0,0,0,0,0,0,0
131529,1,1,1988,0,0,0,0,0,0,0,0,0,0
131529,2,1,1988,0,0,0,0,0,0,0,0,0,0
131532,1,1,1988,13,13,13,13,13,13,13,13,13,13
131533,0,1,1988,0,0,6,0,0,0,0,0,0,0
131533,1,1,1988,0,0,0,18,0,18,0,18,0,0
131534,1,1,1988,0,0,0,0,0,0,0,0,0,0
131534,2,1,1988,0,0,0,0,0,0,0,0,0,0
131535,1,1,1988,0,0,0,0,0,0,0,0,14,0
131535,2,1,1988,0,0,0,4,0,0,0,0,0,0
131536,1,1,1988,11,0,0,0,0,13,0,0,0,0
131536,2,1,1988,0,0,0,0,0,0,0,4,0,0
131537,1,1,1988,0,0,0,0,0,0,0,0,0,0
131537,2,1,1988,0,0,0,0,0,0,0,0,0,0
131537,3,1,1988,0,0,0,0,0,0,0,0,0,0
150001,0,1,1988,0,0,0,0,0,0,0,0,0,0
150001,1,1,1988,0,12,0,0,4,20,0,0,0,0
150002,0,1,1988,6,6,6,6,6,6,6,6,6,6
150002,1,1,1988,0,6,0,0,0,0,0,0,0,0
150003,1,1,1988,0,0,0,0,0,0,0,0,0,0
150003,2,1,1988,0,0,0,0,0,23,0,0,0,0
150004,0,1,1988,0,0,0,0,0,0,0,0,0,0
150004,1,1,1988,6,0,0,0,0,0,0,0,0,12
150005,1,1,1988,0,0,0,0,0,0,0,0,0,0
150006,0,1,1988,0,0,0,0,0,0,0,0,0,0
150006,1,1,1988,0,0,0,0,0,0,0,0,0,0
150007,0,1,1988,26,26,26,26,26,26,26,26,26,26
150007,1,1,1988,0,9,24,0,0,14,6,0,21,5
150008,1,1,1988,0,0,0,0,0,0,0,0,0,0
150009,1,1,1988,16,16,16,16,16,16,16,16,16,16
150010,1,1,1988,22,22,22,22,22,22,22,22,22,22
150010,2,1,1988,7,0,0,8,12,0,14,21,10,15
150010,3,1,1988,9,9,9,9,9,9,9,9,9,9
150011,1,1,1988,0,0,0,0,0,0,0,0,0,0
150011,2,1,1988,0,0,0,0,0,0,0,0,0,0
150012,1,1,1988,18,18,18,18,18,18,18,18,18,18
150013,1,1,1988,17,17,17,17,17,17,17,17,17,17
150014,1,1,1988,0,0,0,0,0,0,0,0,0,6
150014,2,1,1988,0,0,10,0,0,0,0,0,0,0
150015,1,1,1988,3,3,3,3,3,3,3,3,3,3
150015,2,1,1988,0,0,0,0,0,0,0,0,0,0
150016,1,1,1988,25,25,25,25,25,25,25,25,25,25
150017,1,1,1988,12,12,12,12,12,12,12,12,12,12
150017,2,1,1988,0,0,0,0,0,0,0,0,0,0
150018,1,1,1988,0,0,14,0,0,0,0,0,0,9
150019,1,1,1988,0,0,0,0,0,0,0,0,0,0
150019,2,1,1988,0,0,0,0,0,0,0,0,0,0
150019,3,1,1988,0,0,0,2,0,0,9,0,0,0
150020,1,1,1988,1,1,1,1,1,1,1,1,1,1
150020,2,1,1988,0,0,0,0,0,0,0,0,0,0
150021,1,1,1988,21,21,21,21,21,21,21,21,21,21
150022,0,1,1988,0,0,0,0,0,0,0,0,0,0
150022,1,1,1988,0,0,0,0,0,0,0,0,0,0
150023,1,1,1988,0,0,0,0,0,0,0,0,0,0
150024,0,1,1988,22,22,22,22,22,22,22,22,22,22
150024,1,1,1988,0,0,0,9,0,0,0,0,0,0
150024,2,1,1988,0,0,0,0,19,0,0,0,0,9
150025,1,1,1988,0,0,0,0,0,0,0,0,0,0
150026,1,1,1988,0,0,0,0,0,0,0,0,0,0
150026,2,1,1988,0,0,0,0,0,0,0,0,0,0
150027,1,1,1988,0,0,0,0,0,0,0,0,0,0
150028,1,1,1988,11,11,11,11,11,11,11,11,11,11
150029,0,1,1988,30,30,30,30,30,30,30,30,30,30
150029,1,1,1988,8,23,24,0,0,0,0,0,6,8
150030,1,1,1988,0,0,0,0,0,0,0,0,0,0
150031,1,1,1988,16,16,16,16,16,16,16,16,16,16
150032,1,1,1988,16,16,16,16,16,16,16,16,16,16
150032,2,1,1988,4,4,4,4,4,4,4,4,4,4
150032,3,1,1988,0,0,0,0,0,0,0,0,0,0
150033,1,1,1988,22,22,22,22,22,22,22,22,22,22
150033,2,1,1988,0,0,12,0,0,0,0,0,0,0
150034,1,1,1988,27,27,27,27,27,27,27,27,27,27
150034,2,1,1988,2,2,2,2,2,2,2,2,2,2
150035,1,1,1988,19,19,19,19,19,19,19,19,19,19
150036,1,1,1988,28,28,28,28,28,28,28,28,28,28
150037,0,1,1988,0,0,0,0,0,0,0,0,0,0
150037,0,2,1988,0,0,0,0,0,0,0,0,0,0
150037,1,1,1988,0,0,17,0,0,0,0,0,0,0
150038,1,1,1988,12,12,12,12,12,12,12,12,12,12
150039,1,1,1988,10,10,10,10,10,10,10,10,10,10
150040,1,1,1988,0,0,0,0,0,0,0,0,0,0
150040,2,1,1988,0,0,0,0,0,0,0,0,0,0
150041,0,1,1988,0,0,0,0,0,0,0,0,0,0
150041,1,1,1988,14,14,14,14,14,14,14,14,14,14
150042,1,1,1988,17,17,17,17,17,17,17,17,17,17
150042,2,1,1988,0,0,0,0,0,0,0,0,0,0
150043,0,1,1988,0,0,0,0,0,0,0,0,0,0
150043,1,1,1988,0,0,0,0,0,0,0,0,0,0
150044,1,1,1988,0,0,0,0,0,0,0,16,0,0
150044,2,1,1988,0,0,0,0,0,0,0,0,0,0
150044,3,1,1988,0,0,0,0,0,0,0,0,0,0
150045,1,1,1988,18,18,18,18,18,18,18,18,18,18
150046,1,1,1988,14,14,14,14,14,14,14,14,14,14
150047,1,1,1988,21,21,21,21,21,21,21,21,21,21
150049,1,1,1988,0,0,10,0,0,6,0,0,0,0
150050,1,1,1988,24,24,24,24,24,24,24,24,24,24
150051,1,1,1988,7,7,7,7,7,7,7,7,7,7
150052,0,1,1988,0,0,0,0,0,0,0,0,0,0
150052,1,1,1988,0,0,0,0,0,0,0,0,0,0
150053,1,1,1988,12,12,12,12,12,12,12,12,12,12
150054,0,1,1988,0,0,0,0,0,0,0,0,0,0
150054,1,1,1988,18,0,0,5,25,0,9,0,19,17
150055,1,1,1988,7,7,7,7,7,7,7,7,7,7
150056,1,1,1988,15,15,15,15,15,15,15,15,15,15
150057,1,1,1988,19,19,19,19,19,19,19,19,19,19
150057,2,1,1988,0,0,0,0,0,0,0,0,0,0
150058,1,1,1988,19,19,19,19,19,19,19,19,19,19
150059,0,1,1988,0,0,0,0,0,0,0,0,0,0
150059,1,1,1988,0,0,0,0,0,0,0,0,0,0
150061,1,1,1988,0,0,0,0,0,0,0,0,0,0
150061,2,1,1988,0,0,0,0,0,0,0,0,0,0
150062,1,1,1988,19,19,19,19,19,19,19,19,19,19
150062,2,1,1988,0,0,0,0,0,0,0,0,0,0
150063,1,1,1988,0,0,0,0,0,0,0,0,0,0
150064,1,1,1988,23,23,23,23,23,23,23,23,23,23
150064,2,1,1988,0,0,0,0,0,0,0,0,0,0
150065,0,1,1988,0,0,0,0,0,0,0,0,0,0
150065,1,1,1988,0,0,0,0,0,17,0,0,0,0
150065,2,1,1988,0,0,0,0,0,0,0,0,0,0
150066,0,1,1988,0,0,0,0,0,0,0,0,0,0
150066,1,1,1988,10,11,18,15,17,0,4,7,0,27
150067,1,1,1988,11,11,11,11,11,11,11,11,11,11
150068,0,1,1988,0,0,0,0,0,0,0,0,0,0
150068,1,1,1988,0,0,6,0,0,0,0,0,0,0
150069,0,1,1988,0,0,0,0,0,0,0,0,0,0
150069,1,1,1988,0,0,0,0,0,0,0,0,0,0
150070,1,1,1988,0,0,0,12,0,0,4,14,22,7
150070,2,1,1988,0,0,0,0,0,0,0,0,0,0
150070,3,1,1988,0,0,0,0,0,0,0,0,0,0
150071,0,1,1988,0,0,0,0,0,0,0,0,0,0
150071,1,1,1988,0,0,0,0,0,0,0,0,0,0
150072,1,1,1988,0,0,0,0,0,0,0,0,0,0
150072,2,1,1988,0,0,0,0,0,0,0,0,0,0
150073,1,1,1988,0,0,0,0,0,0,0,0,0,0
150073,2,1,1988,0,0,0,0,0,0,0,0,0,0
150074,1,1,1988,0,0,0,0,0,0,0,0,0,0
150075,1,1,1988,0,0,0,0,0,0,0,0,0,0
150075,2,1,1988,0,0,0,0,0,0,0,0,0,0
150076,1,1,1988,0,0,0,0,0,0,0,0,0,0
150077,1,1,1988,39,39,39,39,39,39,39,39,39,39
150077,2,1,1988,2,2,2,2,2,2,2,2,2,2
150078,1,1,1988,10,18,10,17,9,14,10,12,13,0
150079,1,1,1988,5,5,5,5,5,5,5,5,5,5
150080,1,1,1988,0,0,0,0,0,0,0,10,0,0
150080,2,1,1988,0,0,2,0,0,0,0,0,0,0
150081,1,1,1988,9,9,9,9,9,9,9,9,9,9
150082,1,1,1988,0,0,0,0,0,0,0,0,0,0
150083,1,1,1988,10,10,10,10,10,10,10,10,10,10
150084,1,1,1988,18,18,18,18,18,18,18,18,18,18
150085,1,1,1988,17,17,17,17,17,17,17,17,17,17
150085,2,1,1988,0,0,0,0,0,0,0,0,0,0
150086,0,1,1988,0,0,0,0,0,0,0,0,0,0
150086,1,1,1988,0,0,0,0,0,0,0,0,0,0
150087,1,1,1988,0,0,0,0,0,0,0,0,0,0
150087,2,1,1988,0,9,0,9,0,15,0,0,0,0
150087,3,1,1988,7,17,0,19,0,0,12,0,0,7
150088,0,1,1988,0,0,0,0,0,0,0,0,0,0
150088,1,1,1988,8,8,8,8,8,8,8,8,8,8
150089,0,1,1988,12,12,12,12,12,12,12,12,12,12
150089,1,1,1988,0,0,0,0,0,0,0,0,0,0
150090,1,1,1988,29,29,29,29,29,29,29,29,29,29
150090,2,1,1988,3,3,3,3,3,3,3,3,3,3
150091,0,1,1988,28,9,48,19,12,22,12,13,28,5
150091,1,1,1988,0,9,0,0,0,44,8,11,22,0
150092,0,1,1988,0,0,0,0,0,0,0,0,0,0
150092,1,1,1988,13,13,13,13,13,13,13,13,13,13
150093,1,1,1988,0,0,0,0,0,0,0,0,0,0
150093,2,1,1988,0,0,0,0,0,0,0,0,0,0
150094,0,1,1988,0,0,0,0,0,0,0,0,0,0
150094,1,1,1988,0,0,0,0,0,0,0,0,0,0
150095,1,1,1988,20,14,18,11,15,0,2,6,5,21
150096,1,1,1988,22,26,25,10,5,26,41,19,18,13
150096,2,1,1988,0,0,0,0,0,0,0,0,0,0
150097,1,1,1988,0,0,0,0,0,0,0,0,0,0
150097,2,1,1988,0,0,0,0,0,0,0,0,0,0
150098,1,1,1988,0,0,0,0,0,0,0,0,0,0
150099,1,1,1988,18,18,18,18,18,18,18,18,18,18
150100,0,1,1988,24,24,24,24,24,24,24,24,24,24
150100,1,1,1988,0,0,0,0,0,0,0,0,0,0
150101,1,1,1988,15,15,15,15,15,15,15,15,15,15
150102,1,1,1988,0,0,0,0,0,0,0,0,0,0
150102,2,1,1988,0,0,0,0,0,0,0,0,0,0
150103,1,1,1988,38,38,38,38,38,38,38,38,38,38
150104,1,1,1988,18,18,18,18,18,18,18,18,18,18
150105,1,1,1988,23,23,23,23,23,23,23,23,23,23
150106,1,1,1988,16,16,16,16,16,16,16,16,16,16
150107,1,1,1988,0,0,0,0,0,0,0,0,0,0
150107,2,1,1988,1,1,1,1,1,1,1,1,1,1
150109,1,1,1988,0,0,0,0,0,0,0,0,0,0
150109,2,1,1988,0,0,0,0,0,0,0,0,0,0
150110,1,1,1988,0,0,0,0,0,0,0,0,0,0
150110,2,1,1988,0,0,0,0,0,0,0,0,0,0
150110,3,1,1988,0,0,0,0,0,0,0,0,0,0
150111,0,1,1988,0,0,0,0,0,0,0,0,0,0
150111,1,1,1988,0,0,0,0,0,0,0,0,0,0
150112,1,1,1988,0,0,0,0,0,0,0,0,0,0
150112,2,1,1988,0,0,0,0,0,0,0,0,7,0
150112,3,1,1988,0,0,0,0,0,0,0,0,0,0
150112,4,1,1988,0,0,0,0,0,0,0,0,0,0
150112,5,1,1988,0,0,28,11,0,0,0,0,0,0
150113,1,1,1988,13,13,13,13,13,13,13,13,13,13
150113,2,1,1988,0,0,0,0,0,0,0,0,0,0
150113,3,1,1988,0,15,0,0,0,0,0,0,0,0
150114,1,1,1988,0,17,0,28,0,0,11,19,13,15
150115,0,1,1988,0,0,0,0,0,0,0,0,0,0
150115,1,1,1988,0,0,0,15,0,0,0,0,0,0
150116,0,1,1988,8,8,8,8,8,8,8,8,8,8
150116,1,1,1988,18,18,18,18,18,18,18,18,18,18
150117,1,1,1988,0,0,0,0,0,0,0,0,0,0
150118,1,1,1988,0,0,0,0,0,0,0,0,0,0
150118,2,1,1988,0,0,0,0,0,0,0,0,0,0
150119,0,1,1988,0,0,0,0,0,0,0,0,0,0
150119,1,1,1988,10,10,10,10,10,10,10,10,10,10
150120,0,1,1988,0,0,0,0,0,0,0,0,0,0
150120,1,1,1988,0,0,0,0,0,0,0,0,0,0
150121,1,1,1988,0,0,0,0,0,0,0,0,0,0
150122,1,1,1988,21,21,21,21,21,21,21,21,21,21
150123,1,1,1988,0,0,0,0,0,0,0,0,0,0
150123,2,1,1988,0,0,0,0,0,7,0,0,0,0
150124,1,1,1988,0,0,0,0,0,0,0,0,0,0
150125,0,1,1988,0,0,0,0,0,0,0,0,0,0
150125,1,1,1988,0,0,0,0,0,0,0,0,0,0
150126,1,1,1988,17,17,17,17,17,17,17,17,17,17
150127,0,1,1988,0,0,0,0,0,0,0,0,0,0
150127,1,1,1988,19,19,19,19,19,19,19,19,19,19
150128,1,1,1988,0,0,0,0,0,0,0,16,0,0
150128,2,1,1988,0,0,0,0,0,0,0,0,0,0
150129,1,1,1988,0,0,0,0,0,0,0,0,0,0
150129,2,1,1988,0,0,0,0,5,0,0,0,0,0
150130,1,1,1988,22,22,22,22,22,22,22,22,22,22
150130,2,1,1988,0,0,0,0,0,0,0,0,0,0
150131,1,1,1988,0,0,0,0,0,0,0,0,0,0
160001,0,1,1988,0,0,0,0,0,0,0,0,0,0
160001,1,1,1988,0,0,0,0,0,0,0,0,0,0
160002,1,1,1988,0,0,0,0,0,0,0,0,0,0
160002,2,1,1988,0,0,0,0,0,0,0,0,19,0
160002,3,1,1988,0,0,0,0,0,0,0,0,0,0
160003,1,1,1988,0,0,0,0,17,0,0,0,0,16
160003,2,1,1988,0,0,0,0,0,0,0,0,0,0
160004,1,1,1988,0,0,0,22,12,0,0,0,15,0
160005,1,1,1988,0,0,0,0,0,0,0,0,0,0
160006,1,1,1988,0,0,0,0,0,0,0,0,0,0
160006,2,1,1988,0,0,0,0,0,0,0,0,0,0
160008,0,1,1988,0,0,0,0,0,0,0,0,0,0
160008,1,1,1988,0,23,0,0,0,0,0,0,0,0
160009,1,1,1988,0,0,28,0,0,20,0,0,11,0
160009,2,1,1988,0,0,0,0,20,0,21,0,8,0
160009,3,1,1988,0,0,0,20,4,0,29,20,0,9
160010,1,1,1988,2,2,2,2,2,2,2,2,2,2
160011,1,1,1988,2,2,2,2,2,2,2,2,2,2
160012,1,1,1988,0,0,0,7,9,10,10,0,13,0
160013,1,1,1988,0,0,0,0,0,0,0,0,0,0
160014,1,1,1988,21,21,21,21,21,21,21,21,21,21
160015,1,1,1988,26,26,26,26,26,26,26,26,26,26
160015,2,1,1988,0,0,0,0,0,0,0,0,0,0
160016,1,1,1988,0,0,0,0,0,0,0,0,0,0
160017,1,1,1988,0,8,21,7,22,18,0,20,22,16
160018,1,1,1988,0,0,0,0,0,0,0,0,0,0
160018,2,1,1988,0,0,24,0,0,0,14,0,17,0
160019,1,1,1988,0,0,0,0,0,0,0,0,0,0
160020,1,1,1988,0,0,0,0,0,0,0,0,0,0
160020,2,1,1988,0,0,0,0,0,9,0,0,0,0
160021,1,1,1988,11,11,11,11,11,11,11,11,11,11
160022,0,1,1988,0,0,0,0,0,0,0,0,0,0
160022,1,1,1988,0,0,0,0,0,0,0,0,0,0
160023,1,1,1988,0,0,0,0,0,0,0,0,0,0
160024,1,1,1988,0,0,0,0,0,0,0,0,0,0
160024,2,1,1988,0,0,0,0,0,0,0,0,0,0
160025,1,1,1988,18,18,18,18,18,18,18,18,18,18
160026,1,1,1988,0,0,0,0,0,0,0,0,0,0
160027,1,1,1988,14,14,14,14,14,14,14,14,14,14
160028,1,1,1988,11,11,11,11,11,11,11,11,11,11
160029,1,1,1988,0,0,0,0,0,0,0,0,0,0
160030,1,1,1988,15,15,15,15,15,15,15,15,15,15
160031,1,1,1988,0,0,0,0,0,0,0,0,0,0
160032,1,1,1988,0,0,9,0,12,0,8,0,0,5
160033,0,1,1988,0,0,0,0,0,0,0,0,0,0
160033,1,1,1988,12,12,12,12,12,12,12,12,12,12
160034,1,1,1988,20,20,20,20,20,20,20,20,20,20
160035,0,1,1988,0,0,0,0,0,0,0,0,0,0
160035,1,1,1988,0,0,0,0,0,0,0,0,0,0
160036,1,1,1988,0,0,0,0,0,0,0,0,0,0
160036,2,1,1988,0,0,0,0,0,0,0,0,0,0
160037,1,1,1988,0,0,0,0,11,0,0,0,0,0
160037,2,1,1988,0,0,0,0,0,0,0,0,0,0
160037,3,1,1988,0,0,0,0,0,0,0,0,0,0
160038,1,1,1988,0,0,0,0,0,0,0,0,0,0
160038,2,1,1988,0,0,0,0,0,0,0,0,0,0
160039,1,1,1988,0,0,0,0,0,0,0,0,0,0
160039,2,1,1988,0,0,0,0,0,0,0,0,0,0
160040,1,1,1988,0,0,0,0,0,0,0,0,0,0
160040,2,1,1988,6,0,0,0,0,0,0,0,0,0
160041,1,1,1988,0,0,0,0,0,0,0,0,0,0
160041,2,1,1988,0,0,0,0,0,0,0,0,0,0
160042,1,1,1988,9,6,0,0,0,0,0,0,0,0
160042,2,1,1988,0,0,0,0,0,0,0,0,0,0
160043,1,1,1988,23,23,23,23,23,23,23,23,23,23
160045,0,1,1988,26,26,26,26,26,26,26,26,26,26
160045,1,1,1988,0,0,0,0,0,0,0,6,0,0
160045,2,1,1988,0,0,0,0,0,0,0,0,0,0
160046,1,1,1988,0,0,0,0,0,0,0,0,0,0
160047,1,1,1988,0,0,0,0,0,0,0,0,0,0
160048,1,1,1988,0,0,0,0,0,0,0,0,0,0
160049,1,1,1988,41,19,15,16,23,14,27,27,37,28
160050,1,1,1988,5,5,5,5,5,5,5,5,5,5
160051,1,1,1988,16,16,16,16,16,16,16,16,16,16
160052,1,1,1988,25,0,18,14,19,11,38,9,0,8
160052,2,1,1988,0,0,26,6,0,0,11,16,0,10
160053,1,1,1988,11,11,11,11,11,11,11,11,11,11
160054,1,1,1988,0,14,4,25,0,0,0,6,0,21
160055,1,1,1988,6,6,6,6,6,6,6,6,6,6
160056,1,1,1988,0,14,2,16,15,0,0,0,14,0
160057,1,1,1988,0,0,0,0,0,0,0,0,0,0
160057,2,1,1988,0,0,0,0,0,15,0,0,0,0
160059,1,1,1988,0,0,9,0,0,0,0,0,0,0
160059,2,1,1988,0,0,0,0,0,0,0,0,0,0
160059,3,1,1988,0,0,0,0,0,0,0,0,0,12
160060,1,1,1988,0,0,0,0,27,0,28,0,12,0
160061,1,1,1988,0,0,0,0,0,0,0,0,0,0
160061,2,1,1988,0,0,0,0,0,0,0,0,0,0
160062,1,1,1988,0,0,0,0,0,0,6,0,0,0
160062,2,1,1988,0,0,0,0,0,0,0,0,0,0
160063,1,1,1988,0,7,0,21,0,0,12,23,24,6
160064,0,1,1988,0,0,0,0,0,0,0,0,0,0
160064,1,1,1988,0,0,0,15,0,0,0,0,0,0
160065,1,1,1988,12,0,0,31,0,17,6,0,0,0
160065,2,1,1988,12,7,0,11,9,0,0,0,19,14
160066,1,1,1988,15,15,15,15,15,15,15,15,15,15
160067,1,1,1988,29,0,0,0,13,58,0,13,0,11
160067,2,1,1988,0,0,0,0,0,0,0,0,0,0
160068,1,1,1988,28,28,28,28,28,28,28,28,28,28
160069,1,1,1988,23,25,20,30,0,0,0,0,0,0
160069,2,1,1988,0,12,0,0,0,0,19,0,15,5
160070,1,1,1988,0,16,0,0,12,18,0,9,0,0
160071,1,1,1988,0,0,0,0,0,0,0,0,0,0
160071,2,1,1988,0,0,0,0,0,0,0,0,0,0
160072,1,1,1988,27,27,27,27,27,27,27,27,27,27
160073,1,1,1988,0,0,0,0,0,0,0,0,0,0
160073,2,1,1988,0,0,0,0,0,0,0,0,0,0
160074,1,1,1988,0,0,0,0,0,0,0,0,0,0
160075,1,1,1988,0,0,0,0,0,18,0,0,0,0
160076,1,1,1988,5,5,5,5,5,5,5,5,5,5
160077,1,1,1988,0,0,0,0,0,0,0,0,0,0
160078,0,1,1988,0,0,0,0,0,0,0,0,0,0
160078,1,1,1988,0,0,0,0,0,0,0,0,0,0
160079,0,1,1988,0,0,0,0,0,0,0,0,0,0
160079,1,1,1988,0,0,0,0,0,0,0,0,0,0
160081,1,1,1988,4,4,4,4,4,4,4,4,4,4
160081,2,1,1988,10,12,5,8,22,10,15,10,10,23
160082,0,1,1988,19,19,19,19,19,19,19,19,19,19
160082,1,1,1988,15,0,0,0,0,0,17,0,0,0
160083,1,1,1988,0,0,0,0,0,0,0,0,0,0
160084,1,1,1988,0,0,0,0,0,8,0,0,0,12
160084,2,1,1988,16,0,0,0,23,7,0,0,0,0
160085,1,1,1988,0,0,0,0,0,0,0,0,0,0
160085,2,1,1988,20,22,0,19,0,17,8,0,0,15
160086,1,1,1988,0,14,0,0,6,22,0,0,0,0
160087,1,1,1988,24,15,21,9,19,7,7,6,7,17
160088,0,1,1988,0,0,0,0,0,0,0,0,0,0
160088,1,1,1988,8,0,17,0,0,0,0,0,25,12
160089,1,1,1988,0,0,0,0,0,0,0,0,0,0
160090,1,1,1988,0,13,22,0,25,21,17,0,14,9
160091,1,1,1988,21,21,21,21,21,21,21,21,21,21
160092,1,1,1988,0,0,5,0,0,0,0,0,0,0
160093,1,1,1988,10,18,10,10,22,0,0,18,30,18
160094,0,1,1988,0,0,0,0,0,0,0,0,0,0
160094,1,1,1988,18,18,18,18,18,18,18,18,18,18
160095,1,1,1988,0,0,0,5,0,0,0,0,0,6
160096,1,1,1988,0,0,0,0,0,0,0,0,0,0
160097,1,1,1988,2,0,0,0,24,0,0,0,0,0
160097,2,1,1988,0,0,13,15,24,8,11,7,0,0
160098,1,1,1988,0,0,0,0,0,0,0,0,0,0
160098,2,1,1988,0,0,20,0,2,0,0,0,7,0
160099,1,1,1988,0,0,0,0,0,0,0,0,0,0
160100,1,1,1988,11,11,11,11,11,11,11,11,11,11
160101,1,1,1988,10,16,0,0,0,31,0,0,0,9
160102,1,1,1988,20,20,20,20,20,20,20,20,20,20
160103,1,1,1988,0,6,0,0,11,0,0,0,0,9
160104,1,1,1988,21,0,7,9,0,0,0,0,0,0
160104,2,1,1988,0,0,0,0,0,0,0,9,0,0
160105,1,1,1988,0,0,0,0,0,0,0,0,0,0