ST_CASE,VEH_NO,PER_NO,YEAR,P1,P2,P3,P4,P5,P6,P7,P8,P9,P10
170169,1,1,1988,0,0,0,0,0,0,0,0,0,13
170170,1,1,1988,18,0,0,13,5,12,14,0,9,0
170170,2,1,1988,0,0,0,0,0,0,0,0,0,0
170171,1,1,1988,16,16,16,16,16,16,16,16,16,16
170172,1,1,1988,0,5,18,35,0,21,15,16,24,0
170173,0,1,1988,0,0,0,0,0,0,0,0,0,0
170173,1,1,1988,18,4,0,18,0,21,19,14,7,22
170173,2,1,1988,0,0,0,0,0,0,0,0,0,0
170174,1,1,1988,0,16,0,26,0,0,0,10,0,0
170175,0,1,1988,0,0,0,0,0,0,0,0,0,0
170175,1,1,1988,0,0,0,0,0,0,0,0,0,0
170176,1,1,1988,0,0,0,0,0,0,0,17,0,0
170176,2,1,1988,0,0,0,0,0,0,0,0,0,0
170177,1,1,1988,24,24,24,24,24,24,24,24,24,24
170178,1,1,1988,0,0,0,0,0,0,0,0,0,0
170179,1,1,1988,0,0,0,0,0,0,0,0,0,0
170179,2,1,1988,0,0,0,0,0,0,0,0,0,0
170180,0,1,1988,17,17,17,17,17,17,17,17,17,17
170180,1,1,1988,0,0,0,0,0,0,12,0,0,0
170181,1,1,1988,14,14,14,14,14,14,14,14,14,14
170182,0,1,1988,0,0,0,0,0,0,0,0,0,0
170182,1,1,1988,0,0,0,0,0,0,0,0,0,0
170183,0,1,1988,16,16,16,16,16,16,16,16,16,16
170183,1,1,1988,0,0,0,0,0,0,0,0,0,0
170184,1,1,1988,0,0,0,0,0,0,0,0,0,0
170184,2,1,1988,0,0,0,0,0,0,0,0,0,0
170185,0,1,1988,0,0,0,0,0,0,0,0,0,0
170185,1,1,1988,12,0,0,0,0,0,12,0,0,7
170186,1,1,1988,0,0,0,0,15,0,6,0,16,0
170186,2,1,1988,11,11,11,11,11,11,11,11,11,11
170186,3,1,1988,0,0,23,0,0,0,0,0,0,0
170187,1,1,1988,0,0,0,0,0,0,0,0,0,0
170188,0,1,1988,5,5,5,5,5,5,5,5,5,5
170188,1,1,1988,10,15,0,16,19,3,15,5,0,19
170189,1,1,1988,0,0,0,0,0,0,0,0,0,0
170189,2,1,1988,0,4,0,0,0,0,0,4,0,0
170190,1,1,1988,16,16,16,16,16,16,16,16,16,16
170190,2,1,1988,0,9,18,10,0,0,0,27,0,0
170191,1,1,1988,0,0,0,0,0,0,0,0,0,0
170191,2,1,1988,0,0,0,0,0,0,0,0,0,0
170192,0,1,1988,0,0,0,0,0,0,0,0,0,0
170192,1,1,1988,26,44,18,23,8,0,9,19,15,24
170193,1,1,1988,8,8,8,8,8,8,8,8,8,8
170193,2,1,1988,0,0,0,0,0,0,0,8,0,0
170194,0,1,1988,14,14,14,14,14,14,14,14,14,14
170194,1,1,1988,0,7,0,0,0,10,14,0,0,0
170195,1,1,1988,2,2,2,2,2,2,2,2,2,2
170195,2,1,1988,0,0,0,0,0,0,0,0,0,0
170196,1,1,1988,0,0,0,0,0,0,0,0,0,0
170197,0,1,1988,17,17,17,17,17,17,17,17,17,17
170197,1,1,1988,18,10,5,0,3,15,0,4,19,2
170198,0,1,1988,16,16,16,16,16,16,16,16,16,16
170198,1,1,1988,0,0,0,0,0,0,0,0,0,0
170200,1,1,1988,0,0,0,0,0,0,0,0,0,0
170201,1,1,1988,13,13,13,13,13,13,13,13,13,13
170201,2,1,1988,0,0,0,0,0,0,0,0,0,0
170202,1,1,1988,0,0,0,0,0,0,0,0,0,0
170202,2,1,1988,0,0,0,0,0,0,0,0,0,0
170203,1,1,1988,5,5,5,5,5,5,5,5,5,5
170203,2,1,1988,0,0,0,0,0,0,0,0,0,0
170204,1,1,1988,22,22,22,22,22,22,22,22,22,22
170205,1,1,1988,17,17,17,17,17,17,17,17,17,17
170206,1,1,1988,0,0,0,0,0,0,0,0,0,0
170206,2,1,1988,0,0,0,0,0,0,0,0,0,0
170206,3,1,1988,0,0,0,0,0,0,0,0,0,0
170207,1,1,1988,0,0,0,0,0,0,0,0,0,0
170207,2,1,1988,0,0,0,0,0,0,0,0,0,0
170207,3,1,1988,0,0,0,0,0,0,0,0,0,0
170208,1,1,1988,0,0,0,0,0,0,0,0,0,0
170208,2,1,1988,0,0,0,0,0,0,0,0,0,0
170209,1,1,1988,0,0,0,0,0,0,12,0,0,0
170209,2,1,1988,0,0,0,0,0,0,0,0,0,0
170209,3,1,1988,12,12,12,12,12,12,12,12,12,12
170210,0,1,1988,0,13,13,10,0,13,11,0,0,0
170210,1,1,1988,0,0,0,0,0,8,0,0,0,0
170211,1,1,1988,0,0,0,0,0,0,0,0,0,0
170211,2,1,1988,0,0,0,16,0,0,0,0,0,0
170212,0,1,1988,0,0,0,0,0,0,0,0,0,0
170212,1,1,1988,15,15,15,15,15,15,15,15,15,15
170213,1,1,1988,20,20,20,20,20,20,20,20,20,20
170214,1,1,1988,0,0,0,0,0,0,0,0,0,0
170215,1,1,1988,13,13,13,13,13,13,13,13,13,13
170215,2,1,1988,4,0,0,10,3,0,0,0,8,0
170216,1,1,1988,0,0,0,0,0,0,0,0,0,0
170217,0,1,1988,0,0,0,0,0,0,0,16,0,17
170217,1,1,1988,0,0,0,0,0,0,14,0,0,0
170217,2,1,1988,0,0,0,0,0,0,0,0,0,0
170218,1,1,1988,18,18,18,18,18,18,18,18,18,18
170219,1,1,1988,26,26,26,26,26,26,26,26,26,26
170220,0,1,1988,0,0,0,0,0,0,0,0,0,0
170220,1,1,1988,0,0,0,0,0,8,0,8,0,0
170221,1,1,1988,0,0,0,0,0,0,0,0,0,0
170221,2,1,1988,13,7,22,20,0,15,10,32,19,24
170222,1,1,1988,0,0,0,6,0,0,0,0,0,0
170222,2,1,1988,0,0,0,0,0,0,0,0,0,0
170223,1,1,1988,9,9,9,9,9,9,9,9,9,9
170224,1,1,1988,0,0,0,0,0,0,0,0,0,0
170225,1,1,1988,0,0,0,0,0,0,0,0,0,0
170226,1,1,1988,4,4,4,4,4,4,4,4,4,4
170226,2,1,1988,0,0,16,0,0,0,0,0,0,0
170227,1,1,1988,4,4,4,4,4,4,4,4,4,4
170228,1,1,1988,0,0,0,0,0,0,0,0,0,0
170228,2,1,1988,0,0,0,0,0,0,0,0,0,0
170229,0,1,1988,0,0,0,0,0,0,0,0,0,0
170229,1,1,1988,0,0,0,0,0,0,0,0,0,0
170229,2,1,1988,0,0,0,0,0,0,0,0,0,0
170229,3,1,1988,0,0,11,0,0,0,0,0,0,0
170230,1,1,1988,0,0,0,0,0,0,0,0,0,0
170230,2,1,1988,0,0,0,0,0,0,0,0,0,0
170230,3,1,1988,16,0,0,0,0,0,0,10,0,0
170231,1,1,1988,23,23,23,23,23,23,23,23,23,23
170232,0,1,1988,0,0,0,0,0,0,0,0,0,0
170232,1,1,1988,0,0,0,0,0,0,0,0,0,0
170233,1,1,1988,0,0,0,0,0,0,0,0,0,0
170234,1,1,1988,0,0,0,0,0,0,0,0,0,0
170234,2,1,1988,0,0,0,0,0,0,0,0,0,0
170235,1,1,1988,0,17,0,0,0,0,7,18,0,0
170236,1,1,1988,17,17,17,17,17,17,17,17,17,17
170237,1,1,1988,15,15,15,15,15,15,15,15,15,15
170238,1,1,1988,0,0,0,0,0,0,0,0,0,0
170238,2,1,1988,0,0,0,0,0,0,0,0,0,0
170239,1,1,1988,16,16,16,16,16,16,16,16,16,16
170240,1,1,1988,15,15,15,15,15,15,15,15,15,15
170241,1,1,1988,0,0,0,0,0,0,0,0,0,0
170241,2,1,1988,0,0,0,0,0,0,0,0,0,0
170241,3,1,1988,0,0,0,0,0,0,0,0,0,0
170242,0,1,1988,0,0,0,0,0,0,0,0,0,0
170242,1,1,1988,0,0,0,0,0,0,0,0,0,0
170243,1,1,1988,0,0,0,0,0,0,0,0,0,0
170243,2,1,1988,0,0,0,0,0,0,0,0,0,0
170244,1,1,1988,0,0,0,24,0,0,0,0,0,0
170244,2,1,1988,10,0,23,0,0,11,0,0,0,15
170244,3,1,1988,0,0,0,0,0,0,0,0,0,0
170245,1,1,1988,0,0,0,0,0,0,0,0,0,0
170245,2,1,1988,0,0,0,0,0,0,0,0,0,0
170245,3,1,1988,0,0,0,19,0,0,0,0,0,0
170246,1,1,1988,23,23,23,23,23,23,23,23,23,23
170247,1,1,1988,30,30,30,30,30,30,30,30,30,30
170247,2,1,1988,7,7,7,7,7,7,7,7,7,7
170248,1,1,1988,0,0,0,0,0,0,0,0,0,0
170248,2,1,1988,0,0,0,0,0,0,0,0,0,0
170248,3,1,1988,0,0,0,0,0,0,0,0,0,0
170249,1,1,1988,0,0,0,0,0,0,0,0,0,0
170250,1,1,1988,0,0,0,7,0,0,0,0,13,24
170251,1,1,1988,0,0,0,0,0,0,0,0,0,0
170252,1,1,1988,0,0,0,0,0,0,0,0,0,0
170252,2,1,1988,0,0,0,0,0,0,0,0,0,0
170253,1,1,1988,25,25,25,25,25,25,25,25,25,25
170254,1,1,1988,13,13,13,13,13,13,13,13,13,13
170254,2,1,1988,0,0,0,0,0,0,0,0,0,0
170254,3,1,1988,0,0,0,0,0,0,0,0,0,0
170254,4,1,1988,0,0,0,0,0,0,0,0,0,0
170255,0,1,1988,16,20,25,7,18,0,0,0,0,0
170255,1,1,1988,0,0,0,20,8,0,0,0,0,0
170256,1,1,1988,0,0,0,0,0,0,0,0,0,0
170257,1,1,1988,7,7,7,7,7,7,7,7,7,7
170258,1,1,1988,21,21,21,21,21,21,21,21,21,21
170259,1,1,1988,26,26,26,26,26,26,26,26,26,26
170260,1,1,1988,0,13,25,19,21,11,12,5,10,16
170261,1,1,1988,15,15,15,15,15,15,15,15,15,15
170262,1,1,1988,19,19,19,19,19,19,19,19,19,19
170262,2,1,1988,0,0,0,0,0,0,0,0,0,0
170263,0,1,1988,0,0,0,0,0,0,0,0,0,0
170263,1,1,1988,0,0,0,0,0,0,0,0,0,0
170264,1,1,1988,0,0,0,0,0,0,0,0,0,0
170264,2,1,1988,0,0,0,0,0,0,0,0,0,0
170264,3,1,1988,0,0,0,0,0,0,0,0,0,0
170265,1,1,1988,0,0,0,0,0,24,0,0,0,0
170266,1,1,1988,0,14,23,0,0,0,0,0,6,0
170266,2,1,1988,0,0,0,0,0,0,0,0,0,0
170267,0,1,1988,2,2,2,2,2,2,2,2,2,2
170267,1,1,1988,15,0,0,0,0,0,0,0,16,0
170268,1,1,1988,0,0,0,0,0,0,0,0,0,0
170269,1,1,1988,15,15,15,15,15,15,15,15,15,15
170270,1,1,1988,27,27,27,27,27,27,27,27,27,27
170270,2,1,1988,0,0,0,0,0,0,0,0,11,0
170271,1,1,1988,16,16,16,16,16,16,16,16,16,16
170272,1,1,1988,33,33,33,33,33,33,33,33,33,33
170273,0,1,1988,0,0,0,0,0,0,0,0,0,0
170273,1,1,1988,0,0,0,0,0,0,0,0,0,0
170274,0,1,1988,0,0,0,0,0,0,0,0,0,0
170274,1,1,1988,0,0,0,0,0,0,0,0,0,0
170275,1,1,1988,0,0,0,0,0,0,0,0,0,0
170275,2,1,1988,0,0,0,0,0,0,0,0,0,0
170276,0,1,1988,0,0,0,0,0,0,0,0,0,0
170276,1,1,1988,0,0,0,0,0,0,0,0,0,0
170277,1,1,1988,0,0,0,0,18,0,0,18,7,0
170277,2,1,1988,0,0,11,19,22,6,10,0,16,6
170278,1,1,1988,28,28,28,28,28,28,28,28,28,28
170278,2,1,1988,0,0,0,0,0,0,0,0,10,0
170279,0,1,1988,0,0,0,0,0,0,0,0,0,0
170279,1,1,1988,0,13,19,0,0,0,0,0,0,0
170280,1,1,1988,14,14,14,14,14,14,14,14,14,14
170281,1,1,1988,30,28,26,17,0,6,0,0,30,16
170282,1,1,1988,0,0,0,0,0,0,0,0,0,0
170282,2,1,1988,0,0,0,0,0,0,0,0,0,0
170283,0,1,1988,0,0,0,0,0,0,0,0,0,0
170283,1,1,1988,0,0,0,0,0,0,0,0,0,0
170283,2,1,1988,0,0,0,0,0,0,0,0,0,0
170284,1,1,1988,0,0,0,0,0,0,0,0,0,0
170284,2,1,1988,0,0,0,0,0,0,0,0,0,0
170285,0,1,1988,14,13,12,20,0,26,15,22,15,29
170285,1,1,1988,0,17,0,0,0,0,0,0,0,0
170286,0,1,1988,0,22,10,0,8,19,0,7,30,20
170286,1,1,1988,2,2,2,2,2,2,2,2,2,2
170287,1,1,1988,27,27,27,27,27,27,27,27,27,27
170288,1,1,1988,27,27,27,27,27,27,27,27,27,27
170289,1,1,1988,0,0,0,0,0,0,0,0,0,0
170289,2,1,1988,0,0,0,0,0,0,0,0,0,0
170290,1,1,1988,0,0,0,0,0,0,0,0,0,0
170290,2,1,1988,0,16,0,0,0,0,0,0,0,0
170291,1,1,1988,0,0,0,0,0,0,0,0,0,0
170292,1,1,1988,18,18,18,18,18,18,18,18,18,18
170292,2,1,1988,0,0,0,0,0,0,0,0,0,0
170293,1,1,1988,8,0,0,10,0,0,0,0,0,4
170293,2,1,1988,12,0,4,0,0,17,0,0,0,0
170294,1,1,1988,0,0,0,0,0,0,0,0,0,0
170294,2,1,1988,0,0,0,0,0,0,0,0,0,0
170294,3,1,1988,0,0,0,0,0,0,0,0,0,0
170295,0,1,1988,0,0,0,0,0,0,0,0,0,0
170295,1,1,1988,0,0,0,0,0,0,0,0,0,0
170296,1,1,1988,0,0,0,0,0,0,0,0,0,0
170296,2,1,1988,0,0,0,0,0,0,0,0,0,0
170297,0,1,1988,0,0,0,0,0,0,0,0,0,0
170297,1,1,1988,0,0,0,0,0,0,0,0,0,0
170298,1,1,1988,0,0,0,0,0,0,0,0,0,0
170298,2,1,1988,0,0,0,0,0,0,0,0,0,0
170299,1,1,1988,0,0,18,0,0,0,0,0,0,0
170299,2,1,1988,0,0,0,0,0,0,0,0,0,0
170300,1,1,1988,0,0,0,0,0,0,0,0,0,0
170300,2,1,1988,0,0,0,0,0,0,0,0,0,0
170301,1,1,1988,21,21,21,21,21,21,21,21,21,21
170301,2,1,1988,0,0,0,0,0,0,0,0,0,0
170302,0,1,1988,12,12,12,12,12,12,12,12,12,12
170302,1,1,1988,0,0,0,0,0,0,0,0,0,0
170303,1,1,1988,0,0,0,0,0,0,0,0,0,0
170303,2,1,1988,15,15,15,15,15,15,15,15,15,15
170304,1,1,1988,18,18,18,18,18,18,18,18,18,18
170304,2,1,1988,14,14,14,14,14,14,14,14,14,14
170306,1,1,1988,25,25,25,25,25,25,25,25,25,25
170307,1,1,1988,11,11,11,11,11,11,11,11,11,11
170308,1,1,1988,0,0,0,0,0,0,0,0,0,0
170308,2,1,1988,7,7,7,7,7,7,7,7,7,7
170308,3,1,1988,0,0,11,0,0,0,0,0,0,0
170309,0,1,1988,22,22,22,22,22,22,22,22,22,22
170309,1,1,1988,0,0,0,0,0,0,0,0,0,0
170310,1,1,1988,20,10,0,0,26,14,0,0,0,8
170311,1,1,1988,8,0,19,6,16,22,20,16,10,11
170312,1,1,1988,25,25,25,25,25,25,25,25,25,25
170313,1,1,1988,21,0,0,23,0,17,12,0,21,0
170314,1,1,1988,18,18,18,18,18,18,18,18,18,18
170315,1,1,1988,6,6,6,6,6,6,6,6,6,6
170315,2,1,1988,0,0,0,0,0,0,0,22,0,0
170315,3,1,1988,0,0,0,0,0,0,12,0,0,0
170316,1,1,1988,0,0,0,0,0,0,0,0,0,0
170316,2,1,1988,0,0,0,0,0,0,0,0,0,0
170316,3,1,1988,0,0,0,0,0,0,0,15,0,0
170316,4,1,1988,0,0,0,0,0,0,0,0,0,0
170317,1,1,1988,21,21,21,21,21,21,21,21,21,21
170317,2,1,1988,0,0,0,0,0,0,0,0,0,0
170318,1,1,1988,12,12,12,12,12,12,12,12,12,12
170319,0,1,1988,0,0,0,0,0,0,0,0,0,0
170319,1,1,1988,0,0,0,0,0,0,0,0,0,0
170320,0,1,1988,0,0,0,0,0,0,0,0,0,0
170320,1,1,1988,0,0,0,0,0,0,0,0,0,0
170321,1,1,1988,1,1,1,1,1,1,1,1,1,1
170321,2,1,1988,11,0,0,0,0,0,0,0,0,0
170322,0,1,1988,0,0,0,0,0,0,0,0,0,0
170322,0,2,1988,0,0,0,0,0,0,0,0,0,0
170322,1,1,1988,0,5,0,0,0,0,0,9,0,0
170323,0,1,1988,0,0,0,0,0,0,0,0,0,0
170323,1,1,1988,0,0,0,0,0,0,0,0,0,0
170324,1,1,1988,0,0,0,0,0,0,0,0,0,0
170325,0,1,1988,2,2,2,2,2,2,2,2,2,2
170325,1,1,1988,0,0,0,0,0,0,0,0,0,0
170326,1,1,1988,0,0,0,0,0,0,0,0,0,0
170327,0,1,1988,0,0,0,0,0,0,0,0,0,0
170327,1,1,1988,0,0,12,0,0,0,0,0,0,0
170328,0,1,1988,19,19,19,19,19,19,19,19,19,19
170328,1,1,1988,0,0,0,0,0,0,0,0,0,0
170329,1,1,1988,0,0,0,0,0,0,0,0,0,0
170329,2,1,1988,0,0,0,0,0,0,0,0,0,0
170330,0,1,1988,0,0,0,0,0,0,0,0,0,0
170330,1,1,1988,0,0,0,0,0,0,0,0,0,0
170331,1,1,1988,15,15,15,15,15,15,15,15,15,15
170331,2,1,1988,0,11,0,0,0,0,0,0,16,0
170332,0,1,1988,0,0,0,0,0,0,0,0,0,0
170332,1,1,1988,0,0,0,0,0,0,0,0,0,0
170333,1,1,1988,16,13,18,28,0,21,13,18,4,0
170333,2,1,1988,0,0,0,6,0,0,0,0,0,0
170333,3,1,1988,0,0,0,0,0,0,0,0,0,0
170333,4,1,1988,0,0,0,0,0,0,0,0,0,0
170334,0,1,1988,0,0,0,0,0,0,0,0,0,0
170334,0,2,1988,0,0,0,0,0,0,0,0,0,0
170334,1,1,1988,21,21,21,21,21,21,21,21,21,21
170335,1,1,1988,16,16,16,16,16,16,16,16,16,16
170336,1,1,1988,0,0,0,0,0,0,0,0,0,0
170336,2,1,1988,0,0,0,0,0,0,0,0,0,0
170337,1,1,1988,15,15,15,15,15,15,15,15,15,15
170337,2,1,1988,15,15,15,15,15,15,15,15,15,15
170338,1,1,1988,0,0,0,0,0,0,0,0,0,0
170338,2,1,1988,14,0,0,0,0,0,0,0,0,0
170339,1,1,1988,3,3,3,3,3,3,3,3,3,3
170340,1,1,1988,13,13,13,13,13,13,13,13,13,13
170341,1,1,1988,0,0,0,0,0,0,0,0,0,0
170342,1,1,1988,0,0,16,11,0,0,0,13,2,14
170343,1,1,1988,0,0,0,0,0,0,0,0,0,0
170343,2,1,1988,0,0,0,0,0,0,0,0,0,0
170344,1,1,1988,0,31,24,0,14,15,0,9,33,21
170345,0,1,1988,0,0,0,0,0,0,0,0,0,0
170345,0,2,1988,0,24,18,14,0,13,0,26,19,7
170345,1,1,1988,13,13,13,13,13,13,13,13,13,13
170346,1,1,1988,0,0,0,0,0,0,0,0,0,0
170347,1,1,1988,18,18,18,18,18,18,18,18,18,18
170348,0,1,1988,0,0,0,0,0,0,0,0,0,0
170348,1,1,1988,0,0,0,0,0,0,0,0,0,0
170349,1,1,1988,0,0,0,0,0,0,0,0,0,0
170349,2,1,1988,0,0,0,0,0,0,0,0,0,0
170350,1,1,1988,0,0,23,6,0,0,0,0,0,0
170350,2,1,1988,0,0,0,0,0,0,0,0,0,0
170351,0,1,1988,8,0,0,0,0,0,0,0,22,0
170351,1,1,1988,0,0,0,0,0,0,0,0,0,0
170352,1,1,1988,33,33,33,33,33,33,33,33,33,33
170353,1,1,1988,0,0,0,0,0,0,0,0,0,0
170353,2,1,1988,0,0,11,12,0,0,0,0,0,0
170354,1,1,1988,0,0,0,0,0,0,0,0,0,0
170354,2,1,1988,6,0,0,0,0,0,0,0,0,0
170355,0,1,1988,0,0,0,14,28,18,0,7,0,0
170355,1,1,1988,0,0,0,0,11,0,0,4,0,0
170356,1,1,1988,0,0,0,0,0,0,0,0,0,0
170356,2,1,1988,0,0,15,0,0,0,0,0,0,0
170357,1,1,1988,0,0,0,0,0,0,0,0,0,0
170358,1,1,1988,0,0,0,0,0,0,0,0,0,0
170359,1,1,1988,3,3,3,3,3,3,3,3,3,3
170359,2,1,1988,0,0,0,0,0,0,0,0,0,0
170360,0,1,1988,0,0,0,0,0,0,0,0,0,0
170360,1,1,1988,0,0,9,0,0,0,0,0,0,0
170361,1,1,1988,0,0,0,0,0,0,0,0,0,0
170361,2,1,1988,0,0,0,0,0,0,0,0,0,0
170364,1,1,1988,0,0,0,0,0,0,0,0,0,0
170365,1,1,1988,0,0,0,12,0,0,0,0,0,0
170366,1,1,1988,0,0,0,0,0,0,0,0,0,0
170367,1,1,1988,18,18,18,18,18,18,18,18,18,18
170368,1,1,1988,0,0,0,0,0,0,0,0,0,0
170369,1,1,1988,0,0,0,0,0,0,0,0,0,0
170370,1,1,1988,0,0,0,0,0,0,0,0,0,0
170370,2,1,1988,0,0,0,0,0,0,0,0,0,0
170370,3,1,1988,0,0,0,0,0,0,0,0,0,0
170371,1,1,1988,26,26,26,26,26,26,26,26,26,26
170372,1,1,1988,0,0,0,12,10,0,0,0,0,0
170372,2,1,1988,0,0,0,0,0,0,0,0,0,0
170372,3,1,1988,0,0,0,0,0,0,0,0,0,0
170373,1,1,1988,28,14,6,22,9,3,20,18,23,17
170373,2,1,1988,3,3,3,3,3,3,3,3,3,3
170374,1,1,1988,16,16,16,16,16,16,16,16,16,16
170375,1,1,1988,0,0,0,0,0,0,0,0,0,0
170376,1,1,1988,25,25,25,25,25,25,25,25,25,25
170377,0,1,1988,35,35,35,35,35,35,35,35,35,35
170377,1,1,1988,7,21,15,0,0,0,8,17,15,31
170378,1,1,1988,28,28,28,28,28,28,28,28,28,28
170379,1,1,1988,15,10,16,12,13,24,6,7,19,8
170379,2,1,1988,0,0,0,0,29,0,0,0,0,0
170379,3,1,1988,0,0,0,9,0,0,0,0,0,0
170380,1,1,1988,15,15,15,15,15,15,15,15,15,15
170380,2,1,1988,0,0,30,0,19,17,0,0,0,19
170381,1,1,1988,21,21,21,21,21,21,21,21,21,21
170381,2,1,1988,0,0,0,0,0,0,0,0,0,0
170381,3,1,1988,0,0,0,0,0,0,0,0,0,0
170382,1,1,1988,24,24,24,24,24,24,24,24,24,24
170382,2,1,1988,0,0,2,0,0,0,0,0,0,0
170383,1,1,1988,22,22,22,22,22,22,22,22,22,22
170383,2,1,1988,0,0,0,0,0,0,0,0,0,0
170384,0,1,1988,9,9,9,9,9,9,9,9,9,9
170384,1,1,1988,0,0,0,0,0,0,11,18,22,24
170385,1,1,1988,0,0,0,0,0,0,0,0,0,0
170385,2,1,1988,0,0,0,0,0,0,0,0,0,0
170386,0,1,1988,18,18,18,18,18,18,18,18,18,18
170386,1,1,1988,0,12,0,7,18,0,0,20,20,0
170387,1,1,1988,22,22,22,22,22,22,22,22,22,22
170388,1,1,1988,0,0,0,0,0,0,0,0,0,0
170388,2,1,1988,0,0,0,0,0,0,0,0,0,0
170389,1,1,1988,0,0,0,15,0,0,0,0,12,0
170389,2,1,1988,0,0,0,0,0,0,0,0,0,0
170389,3,1,1988,0,0,0,0,0,0,0,0,0,0
170389,4,1,1988,0,0,0,0,0,0,0,0,0,0
170390,1,1,1988,10,10,9,18,5,0,22,7,3,5
170390,2,1,1988,0,0,0,0,0,0,0,0,0,0
170391,1,1,1988,0,0,0,0,0,0,0,0,0,0
170392,1,1,1988,13,13,13,13,13,13,13,13,13,13
170393,1,1,1988,0,0,0,0,0,0,0,0,0,36
170393,2,1,1988,0,0,0,0,0,0,0,0,0,0
170394,1,1,1988,0,0,0,0,0,0,0,0,0,0
170394,2,1,1988,0,0,0,0,0,0,0,0,0,0
170395,1,1,1988,0,0,0,0,0,0,0,0,0,0
170395,2,1,1988,0,0,0,0,0,0,0,0,0,0
170396,0,1,1988,0,0,0,0,0,0,0,0,0,0
170396,0,2,1988,0,0,0,0,0,0,0,0,0,0
170396,0,3,1988,0,0,0,0,0,0,0,0,0,0
170396,0,4,1988,0,0,0,0,0,0,0,0,0,0
170396,0,5,1988,0,0,0,0,0,0,0,0,0,0
170396,0,6,1988,0,0,0,0,0,0,0,0,0,0
170396,0,7,1988,0,0,0,0,0,0,0,0,0,0
170396,0,8,1988,25,0,0,0,0,0,0,0,0,0
170396,0,9,1988,0,0,0,0,0,0,0,0,0,0
170396,0,10,1988,0,0,0,0,0,0,0,0,0,0
170396,1,1,1988,0,0,0,0,0,0,0,0,0,0
170397,1,1,1988,0,0,0,0,0,0,0,0,0,0
170398,1,1,1988,0,0,0,0,0,0,0,0,0,0
170399,1,1,1988,0,0,0,0,0,0,0,0,0,0
170399,2,1,1988,0,0,0,0,0,0,0,0,0,0
170400,1,1,1988,0,0,0,0,0,0,0,0,0,0
170400,2,1,1988,0,0,0,0,23,9,0,0,14,0
170401,1,1,1988,13,13,13,13,13,13,13,13,13,13
170402,1,1,1988,0,0,0,0,0,0,0,0,0,0
170403,1,1,1988,0,0,0,0,0,10,0,0,0,0
170403,2,1,1988,0,0,0,23,0,0,0,0,0,0
170404,1,1,1988,15,15,15,15,15,15,15,15,15,15
170405,1,1,1988,4,4,4,4,4,4,4,4,4,4
170406,1,1,1988,20,20,20,20,20,20,20,20,20,20
170407,0,1,1988,0,0,0,0,0,0,0,0,0,0
170407,1,1,1988,0,0,0,0,24,0,16,0,0,0
170408,1,1,1988,0,0,0,0,0,0,0,0,0,0
170409,1,1,1988,0,0,0,0,0,0,0,0,0,0
170409,2,1,1988,11,11,11,11,11,11,11,11,11,11
170410,1,1,1988,23,23,23,23,23,23,23,23,23,23
170410,2,1,1988,0,0,0,15,0,0,19,0,0,0
170410,3,1,1988,0,0,0,0,0,0,0,0,0,0
170411,1,1,1988,0,12,0,17,0,0,0,0,14,0
170411,2,1,1988,8,8,8,8,8,8,8,8,8,8
170412,1,1,1988,7,18,14,11,11,14,13,17,0,20
170412,2,1,1988,10,0,0,8,8,0,0,0,0,0
170413,1,1,1988,9,9,9,9,9,9,9,9,9,9
170414,1,1,1988,0,0,0,0,0,0,0,0,7,0
170414,2,1,1988,0,0,0,0,4,0,0,0,24,0
170415,1,1,1988,23,23,23,23,23,23,23,23,23,23
170415,2,1,1988,19,20,23,26,20,22,23,8,14,17
170416,1,1,1988,0,0,0,0,0,0,0,0,0,0
170417,1,1,1988,0,0,0,0,0,0,13,0,0,0
170417,2,1,1988,0,0,0,0,0,0,0,0,0,14
170417,3,1,1988,0,0,8,0,0,0,0,0,0,0
170417,4,1,1988,0,0,0,0,0,0,0,0,0,0
170418,1,1,1988,16,16,16,16,16,16,16,16,16,16
170418,2,1,1988,0,0,0,0,0,0,0,0,0,0
170419,0,1,1988,0,0,0,0,0,0,0,0,0,0
170419,1,1,1988,0,0,0,0,0,0,0,0,0,0
170420,1,1,1988,12,0,0,0,0,0,0,0,0,0
170420,2,1,1988,0,0,0,0,0,0,0,0,0,0
170420,3,1,1988,0,0,0,0,0,0,0,0,0,0
170421,1,1,1988,0,0,0,0,0,0,0,0,0,0
170422,1,1,1988,27,27,27,27,27,27,27,27,27,27
170423,1,1,1988,0,0,21,22,42,0,0,0,0,0
170423,2,1,1988,0,0,0,0,0,0,0,0,0,0
170424,1,1,1988,0,10,18,32,19,20,14,28,14,16
170425,1,1,1988,0,0,0,0,0,0,0,0,3,0
170425,2,1,1988,0,0,0,0,0,0,0,0,0,0
170426,0,1,1988,31,31,31,31,31,31,31,31,31,31
170426,1,1,1988,0,0,0,0,0,0,0,13,0,0
170427,1,1,1988,22,22,22,22,22,22,22,22,22,22
170428,1,1,1988,0,0,0,0,0,0,0,0,0,0
170428,2,1,1988,0,0,0,0,0,0,0,0,0,0
170429,1,1,1988,0,0,0,0,0,0,0,0,0,0
170429,2,1,1988,0,0,0,0,4,0,0,0,0,0
170430,0,1,1988,0,0,0,0,0,0,0,0,0,0
170430,1,1,1988,0,0,0,0,0,0,0,13,0,0
170431,1,1,1988,0,3,0,14,12,7,5,11,31,2