ST_CASE,VEH_NO,PER_NO,YEAR,P1,P2,P3,P4,P5,P6,P7,P8,P9,P10
170431,2,1,1988,0,6,0,11,12,4,2,2,19,1
170431,3,1,1988,0,0,0,0,8,0,0,0,0,0
170432,1,1,1988,1,1,1,1,1,1,1,1,1,1
170432,2,1,1988,0,15,0,0,0,0,0,23,0,18
170433,1,1,1988,16,16,16,16,16,16,16,16,16,16
170433,2,1,1988,23,13,18,5,33,16,3,22,24,17
170434,1,1,1988,0,0,0,0,0,0,0,0,0,0
170434,2,1,1988,0,0,0,0,0,0,0,33,0,0
170434,3,1,1988,0,0,0,0,0,0,0,0,0,0
170435,1,1,1988,0,0,0,0,0,0,0,0,0,0
170436,0,1,1988,0,0,0,0,0,0,0,0,0,0
170436,1,1,1988,0,0,0,0,0,0,0,17,0,0
170437,1,1,1988,0,0,0,0,0,0,0,0,0,0
170437,2,1,1988,0,0,0,0,0,0,0,0,0,0
170438,1,1,1988,0,0,0,0,0,0,0,0,0,0
170438,2,1,1988,0,0,0,0,0,0,0,0,0,0
170439,1,1,1988,0,0,0,0,0,0,0,0,0,0
170439,2,1,1988,0,0,0,0,0,0,0,0,0,0
170440,1,1,1988,17,0,0,9,11,0,35,19,0,19
170440,2,1,1988,0,0,0,0,0,0,0,0,0,0
170440,3,1,1988,0,0,0,0,0,0,0,0,0,0
170440,4,1,1988,0,8,6,0,21,0,0,0,0,0
170441,0,1,1988,0,0,0,0,0,0,0,0,0,0
170441,1,1,1988,0,0,0,0,0,0,0,0,0,0
170442,1,1,1988,18,18,18,18,18,18,18,18,18,18
170443,1,1,1988,0,0,0,0,0,0,0,0,0,0
170444,1,1,1988,0,0,0,0,0,0,0,16,0,0
170444,2,1,1988,0,0,0,0,0,0,0,0,0,0
170445,1,1,1988,15,15,15,15,15,15,15,15,15,15
170445,2,1,1988,0,0,0,0,0,0,0,0,0,0
170446,1,1,1988,20,20,20,20,20,20,20,20,20,20
170446,2,1,1988,0,0,0,0,0,0,0,0,0,0
170447,1,1,1988,20,20,20,20,20,20,20,20,20,20
170447,2,1,1988,27,27,27,27,27,27,27,27,27,27
170448,1,1,1988,11,11,11,11,11,11,11,11,11,11
170449,1,1,1988,29,29,29,29,29,29,29,29,29,29
170450,0,1,1988,0,0,0,0,0,0,0,0,0,0
170450,1,1,1988,0,0,0,0,0,0,0,0,0,0
170451,0,1,1988,0,22,7,13,11,0,26,9,6,17
170451,1,1,1988,20,15,0,0,0,0,9,0,0,0
170452,1,1,1988,27,27,27,27,27,27,27,27,27,27
170452,2,1,1988,0,0,0,0,0,0,0,0,0,0
170453,1,1,1988,0,0,0,0,0,0,0,0,0,0
170453,2,1,1988,0,0,0,0,0,0,0,0,0,0
170454,1,1,1988,0,0,0,0,0,0,0,0,0,0
170454,2,1,1988,0,0,0,0,0,0,0,0,0,0
170455,1,1,1988,0,0,0,0,0,0,0,25,0,0
170456,1,1,1988,0,0,0,0,0,0,0,0,0,0
170457,1,1,1988,0,0,0,8,0,0,0,0,0,0
170457,2,1,1988,0,0,0,0,12,0,0,0,0,0
170458,1,1,1988,13,13,13,13,13,13,13,13,13,13
170459,0,1,1988,14,14,14,14,14,14,14,14,14,14
170459,1,1,1988,0,0,5,8,0,0,0,0,20,0
170460,0,1,1988,0,0,0,0,0,0,0,0,0,0
170460,1,1,1988,6,6,6,6,6,6,6,6,6,6
170461,1,1,1988,0,0,0,0,19,0,0,4,0,22
170461,2,1,1988,0,0,0,0,0,0,0,0,0,0
170461,3,1,1988,0,0,0,0,0,0,0,0,0,0
170463,0,1,1988,0,0,0,0,0,4,0,0,3,0
170463,0,2,1988,0,0,0,0,0,0,0,0,0,0
170463,1,1,1988,0,0,0,0,0,0,0,0,0,0
170464,1,1,1988,0,0,0,0,0,0,0,0,0,0
170464,2,1,1988,0,0,0,0,0,0,0,0,0,0
170465,1,1,1988,15,15,15,15,15,15,15,15,15,15
170465,2,1,1988,0,0,0,0,0,0,0,0,0,0
170466,1,1,1988,0,0,0,0,0,0,0,0,0,0
170466,2,1,1988,1,1,1,1,1,1,1,1,1,1
170467,1,1,1988,15,4,20,2,0,12,15,6,18,15
170467,2,1,1988,0,0,7,0,0,22,0,12,0,0
170468,0,1,1988,0,12,4,0,0,0,46,25,13,0
170468,1,1,1988,0,0,18,11,0,0,0,0,15,0
170468,2,1,1988,0,0,0,0,0,0,0,0,0,19
170468,3,1,1988,0,0,0,0,0,0,0,0,0,0
170469,1,1,1988,0,0,0,0,0,0,0,0,0,0
170470,1,1,1988,2,2,2,2,2,2,2,2,2,2
170471,1,1,1988,0,0,0,10,0,0,0,0,0,6
170472,1,1,1988,0,0,0,0,0,0,0,0,0,0
170472,2,1,1988,0,0,0,0,0,0,0,0,0,0
170473,0,1,1988,0,0,0,0,0,0,0,0,0,0
170473,1,1,1988,21,21,21,21,21,21,21,21,21,21
170474,1,1,1988,24,24,24,24,24,24,24,24,24,24
170475,1,1,1988,0,0,0,0,0,0,0,0,0,0
170475,2,1,1988,0,0,0,0,0,0,0,0,0,0
170476,1,1,1988,0,0,0,0,0,0,0,0,0,0
170476,2,1,1988,0,0,0,0,0,0,0,0,0,0
170477,0,1,1988,0,0,0,0,0,0,0,0,0,0
170477,0,2,1988,26,0,0,0,0,0,0,0,0,3
170477,0,3,1988,7,0,0,0,0,0,0,0,0,16
170477,1,1,1988,0,0,0,0,0,0,0,0,0,0
170478,0,1,1988,33,33,33,33,33,33,33,33,33,33
170478,1,1,1988,0,0,0,0,0,0,0,0,0,0
170479,1,1,1988,0,0,0,0,0,0,0,0,0,0
170480,1,1,1988,15,15,15,15,15,15,15,15,15,15
170481,1,1,1988,0,0,0,0,0,29,0,0,0,0
170482,1,1,1988,16,16,16,16,16,16,16,16,16,16
170483,1,1,1988,15,15,15,15,15,15,15,15,15,15
170484,1,1,1988,0,0,0,0,0,0,0,0,0,0
170485,0,1,1988,0,0,0,0,0,0,0,0,0,0
170485,1,1,1988,0,0,0,0,0,0,0,0,0,0
170486,1,1,1988,22,22,22,22,22,22,22,22,22,22
170487,1,1,1988,0,0,0,0,0,0,0,0,0,0
170487,2,1,1988,0,0,0,0,0,0,0,0,0,0
170487,3,1,1988,7,7,7,7,7,7,7,7,7,7
170488,0,1,1988,0,0,0,0,0,0,0,0,0,0
170488,1,1,1988,0,0,0,0,0,0,0,0,0,0
170489,1,1,1988,0,0,0,0,0,0,0,0,0,0
170490,0,1,1988,1,1,1,1,1,1,1,1,1,1
170490,1,1,1988,0,0,0,23,12,0,0,0,21,0
170491,1,1,1988,29,29,29,29,29,29,29,29,29,29
170491,2,1,1988,12,12,12,12,12,12,12,12,12,12
170493,1,1,1988,0,0,0,0,0,0,0,0,0,0
170494,1,1,1988,0,0,0,0,0,0,0,0,0,0
170494,2,1,1988,0,0,0,0,0,0,0,0,0,0
170495,0,3,1988,20,29,0,11,12,17,0,8,5,0
170495,1,1,1988,0,0,0,0,0,0,0,0,0,0
170496,1,1,1988,0,13,6,0,0,45,0,13,0,0
170497,1,1,1988,0,0,0,0,0,0,0,0,0,0
170498,0,1,1988,11,11,11,11,11,11,11,11,11,11
170498,1,1,1988,0,10,13,25,15,4,28,3,24,5
170499,1,1,1988,15,0,0,0,0,0,0,0,0,0
170499,2,1,1988,0,0,0,0,0,0,0,0,0,0
170500,1,1,1988,0,0,0,0,0,0,0,0,0,0
170500,2,1,1988,0,0,0,0,0,0,0,0,0,0
170501,1,1,1988,0,19,0,21,0,0,11,0,0,10
170501,2,1,1988,0,0,0,10,0,0,0,0,0,0
170502,1,1,1988,0,0,0,0,0,0,0,0,0,0
170502,2,1,1988,0,0,0,0,0,0,0,0,0,0
170503,1,1,1988,20,20,20,20,20,20,20,20,20,20
170503,2,1,1988,0,0,0,0,0,0,0,6,0,0
170504,1,1,1988,18,18,18,18,18,18,18,18,18,18
170505,1,1,1988,0,0,0,0,0,0,0,0,0,0
170505,2,1,1988,0,8,0,0,0,0,7,0,0,0
170505,3,1,1988,0,0,0,0,0,0,0,0,0,0
170505,4,1,1988,0,0,0,0,0,0,0,0,0,0
170506,0,1,1988,0,6,35,0,0,24,12,16,11,0
170506,0,2,1988,11,0,17,0,0,0,12,23,18,8
170506,0,3,1988,44,0,34,17,11,2,11,0,15,0
170506,1,1,1988,23,23,23,23,23,23,23,23,23,23
170507,1,1,1988,0,0,0,0,0,0,0,0,0,0
170507,2,1,1988,0,0,0,0,0,0,0,0,0,0
170508,1,1,1988,5,5,5,5,5,5,5,5,5,5
170508,2,1,1988,0,0,0,0,0,0,0,0,0,0
170508,3,1,1988,0,0,0,0,0,0,0,0,0,0
170509,1,1,1988,0,0,0,0,0,0,0,0,0,0
170510,1,1,1988,0,14,0,0,0,0,0,0,11,0
170511,1,1,1988,22,22,22,22,22,22,22,22,22,22
170512,1,1,1988,16,16,16,16,16,16,16,16,16,16
170512,2,1,1988,0,0,0,0,0,0,0,0,0,0
170513,1,1,1988,3,3,3,3,3,3,3,3,3,3
170513,2,1,1988,0,0,0,0,0,0,0,0,0,0
170514,1,1,1988,12,12,12,12,12,12,12,12,12,12
170514,2,1,1988,0,0,0,0,0,0,0,0,0,0
170514,3,1,1988,0,0,0,0,0,0,0,0,0,0
170515,1,1,1988,16,16,16,16,16,16,16,16,16,16
170516,1,1,1988,0,0,0,0,0,0,0,0,0,0
170516,2,1,1988,0,14,0,0,0,0,0,0,0,0
170517,1,1,1988,0,0,0,0,0,0,0,0,0,10
170517,2,1,1988,13,7,26,5,0,0,0,12,0,0
170518,1,1,1988,0,0,0,0,0,0,0,0,0,0
170519,1,1,1988,9,9,9,9,9,9,9,9,9,9
170520,1,1,1988,0,0,0,0,0,0,0,0,0,0
170521,1,1,1988,0,0,0,0,0,0,0,0,0,0
170521,2,1,1988,0,0,0,0,0,0,0,0,0,0
170522,1,1,1988,18,18,18,18,18,18,18,18,18,18
170522,2,1,1988,0,0,0,0,0,0,0,0,19,0
170523,0,1,1988,0,0,0,0,0,0,0,0,0,0
170523,1,1,1988,8,8,8,8,8,8,8,8,8,8
170524,1,1,1988,22,22,22,22,22,22,22,22,22,22
170525,1,1,1988,0,0,0,0,0,20,0,0,0,0
170525,2,1,1988,18,18,18,18,18,18,18,18,18,18
170526,1,1,1988,0,0,0,0,0,0,0,0,0,0
170527,1,1,1988,23,17,26,9,11,16,14,19,18,22
170528,1,1,1988,18,8,14,3,11,26,9,13,0,12
170529,1,1,1988,0,0,0,0,23,0,0,6,4,22
170530,1,1,1988,0,0,0,0,16,29,0,0,0,0
170531,1,1,1988,0,0,16,0,0,0,0,0,0,0
170532,0,1,1988,0,0,0,0,0,0,0,0,0,0
170532,1,1,1988,9,0,0,0,0,0,0,0,0,0
170533,1,1,1988,10,10,10,10,10,10,10,10,10,10
170533,2,1,1988,0,0,0,0,0,0,0,0,0,0
170534,1,1,1988,0,0,0,0,0,0,0,0,0,0
170535,1,1,1988,18,0,12,0,0,0,10,0,21,0
170536,0,1,1988,0,0,0,0,0,0,0,0,0,0
170536,1,1,1988,0,0,0,0,0,0,0,5,0,0
170537,1,1,1988,8,0,0,0,0,0,0,0,0,0
170537,2,1,1988,0,0,0,0,0,0,0,0,0,0
170538,1,1,1988,0,0,0,0,0,0,0,0,0,0
170538,2,1,1988,0,0,0,0,0,0,0,8,0,0
170539,1,1,1988,0,0,0,0,0,0,0,0,0,0
170539,2,1,1988,0,0,0,0,0,0,0,6,0,0
170540,1,1,1988,0,0,0,0,0,0,0,0,0,0
170540,2,1,1988,0,8,0,0,0,0,0,0,0,0
170541,0,1,1988,0,0,0,0,0,0,0,0,0,0
170541,1,1,1988,0,0,0,0,0,0,0,0,0,0
170542,1,1,1988,37,37,37,37,37,37,37,37,37,37
170543,1,1,1988,8,8,8,8,8,8,8,8,8,8
170543,2,1,1988,9,9,9,9,9,9,9,9,9,9
170544,1,1,1988,0,0,0,0,0,0,0,0,0,0
170544,2,1,1988,7,12,0,0,0,0,14,0,0,0
170545,1,1,1988,19,19,19,19,19,19,19,19,19,19
170546,1,1,1988,0,0,0,0,0,0,0,0,0,0
170547,0,1,1988,11,11,11,11,11,11,11,11,11,11
170547,1,1,1988,0,0,6,0,0,0,0,0,0,0
170548,1,1,1988,9,8,0,8,0,0,13,7,8,4
170548,2,1,1988,0,0,0,0,0,0,0,0,0,0
170548,3,1,1988,0,0,0,0,0,0,0,12,0,0
170549,1,1,1988,9,9,14,15,30,10,5,0,16,9
170550,1,1,1988,16,16,16,16,16,16,16,16,16,16
170551,1,1,1988,23,23,23,23,23,23,23,23,23,23
170552,1,1,1988,0,0,0,0,0,0,0,0,0,0
170552,2,1,1988,0,0,0,0,0,0,0,0,0,0
170552,3,1,1988,0,0,0,0,0,0,0,0,0,0
170553,1,1,1988,0,0,0,0,0,0,0,0,0,0
170554,1,1,1988,0,0,0,0,0,0,0,0,0,0
170555,1,1,1988,0,9,5,20,10,8,13,14,5,26
170555,2,1,1988,0,0,0,0,0,0,0,0,0,0
170556,0,1,1988,0,0,20,34,0,0,21,21,0,27
170556,0,2,1988,0,0,0,0,0,0,0,0,0,0
170556,1,1,1988,0,0,0,0,0,11,13,0,0,0
170557,1,1,1988,19,19,19,19,19,19,19,19,19,19
170558,1,1,1988,0,0,0,0,0,0,0,0,0,0
170559,1,1,1988,8,8,8,8,8,8,8,8,8,8
170560,0,1,1988,0,0,0,0,0,0,0,0,0,0
170560,1,1,1988,0,0,0,0,0,9,0,0,26,0
170561,1,1,1988,25,25,25,25,25,25,25,25,25,25
170561,2,1,1988,0,0,0,0,0,0,0,0,0,0
170562,1,1,1988,0,0,0,0,0,0,0,0,0,0
170562,2,1,1988,0,0,0,0,0,0,0,0,0,0
170563,0,1,1988,0,0,0,0,0,0,0,0,0,0
170563,1,1,1988,0,0,0,0,0,0,0,0,0,0
170564,1,1,1988,23,23,23,23,23,23,23,23,23,23
170565,0,1,1988,0,0,0,0,0,0,0,0,0,0
170565,1,1,1988,0,0,0,0,0,0,0,0,0,0
170566,1,1,1988,15,15,15,15,15,15,15,15,15,15
170567,1,1,1988,0,0,0,0,0,0,0,0,0,0
170567,2,1,1988,0,0,17,0,0,0,0,0,0,0
170568,1,1,1988,0,0,0,0,0,0,0,0,0,0
170569,1,1,1988,0,0,0,0,0,0,0,0,0,0
170569,2,1,1988,0,0,0,0,0,0,0,0,0,0
170570,1,1,1988,0,0,0,0,0,0,11,0,0,0
170571,1,1,1988,0,0,0,0,22,0,0,0,0,0
170572,1,1,1988,23,23,23,23,23,23,23,23,23,23
170573,1,1,1988,32,32,32,32,32,32,32,32,32,32
170574,1,1,1988,0,0,0,0,0,0,0,0,0,0
170574,2,1,1988,0,0,0,0,0,0,0,0,0,0
170575,1,1,1988,0,0,0,0,0,0,0,0,0,0
170575,2,1,1988,0,0,0,0,0,0,0,0,0,0
170576,1,1,1988,9,9,9,9,9,9,9,9,9,9
170576,2,1,1988,0,0,18,0,0,0,0,0,0,0
170578,1,1,1988,0,0,0,0,4,0,0,0,0,0
170578,2,1,1988,0,0,0,0,0,0,0,0,0,0
170579,1,1,1988,25,25,25,25,25,25,25,25,25,25
170580,1,1,1988,23,23,23,23,23,23,23,23,23,23
170581,1,1,1988,0,16,21,0,0,0,0,12,0,12
170582,1,1,1988,12,12,12,12,12,12,12,12,12,12
170583,1,1,1988,13,13,13,13,13,13,13,13,13,13
170583,2,1,1988,0,0,0,0,0,0,0,0,0,0
170584,1,1,1988,4,4,4,4,4,4,4,4,4,4
170585,1,1,1988,18,18,18,18,18,18,18,18,18,18
170587,1,1,1988,0,0,0,0,0,0,0,0,0,0
170588,1,1,1988,0,0,0,0,0,0,0,0,0,0
170588,2,1,1988,0,0,0,0,0,0,0,0,0,0
170588,3,1,1988,0,0,0,0,0,0,0,0,0,0
170588,4,1,1988,0,0,0,0,0,0,0,0,0,0
170588,5,1,1988,0,0,0,0,0,0,0,0,0,0
170590,1,1,1988,24,8,11,16,22,9,21,18,6,10
170591,1,1,1988,0,0,0,0,0,0,0,0,0,0
170592,1,1,1988,0,0,0,0,0,0,0,0,0,0
170593,0,1,1988,0,0,0,0,0,0,0,0,0,0
170593,1,1,1988,0,0,0,0,0,0,0,0,0,0
170594,1,1,1988,0,0,24,0,0,14,0,0,0,0
170595,1,1,1988,23,9,31,0,0,0,25,7,23,12
170596,0,1,1988,0,0,0,0,0,0,0,0,0,0
170596,1,1,1988,0,0,0,0,0,0,0,0,10,0
170597,1,1,1988,32,22,26,9,1,20,18,10,24,25
170598,1,1,1988,9,7,13,0,0,0,0,0,0,0
170598,2,1,1988,0,0,0,0,0,19,0,0,23,12
170598,3,1,1988,18,0,0,0,0,0,2,8,0,0
170599,1,1,1988,0,21,0,0,0,0,0,0,0,0
170599,2,1,1988,0,0,0,0,0,0,0,0,0,0
170599,3,1,1988,0,0,0,0,0,0,0,0,0,0
170600,1,1,1988,15,0,19,42,0,0,17,0,0,0
170600,2,1,1988,0,0,0,0,0,0,0,0,0,0
170600,3,1,1988,0,0,0,0,0,0,0,0,0,0
170601,1,1,1988,27,27,27,27,27,27,27,27,27,27
170602,1,1,1988,0,0,0,0,0,0,0,0,0,0
170603,1,1,1988,31,31,31,31,31,31,31,31,31,31
170603,2,1,1988,0,0,0,0,0,0,0,0,0,0
170604,1,1,1988,0,0,0,0,0,0,0,0,0,0
170605,1,1,1988,28,0,23,13,12,11,16,0,17,25
170606,1,1,1988,0,0,0,0,0,0,0,0,0,0
170606,2,1,1988,0,0,0,0,0,0,0,0,0,0
170607,1,1,1988,0,0,0,0,0,0,0,0,0,0
170607,2,1,1988,0,0,0,0,0,0,0,0,0,0
170607,3,1,1988,0,20,0,0,0,0,0,0,0,0
170608,1,1,1988,14,14,14,14,14,14,14,14,14,14
170609,1,1,1988,0,0,0,0,0,0,0,0,0,0
170609,2,1,1988,0,0,0,0,0,0,0,0,0,0
170610,1,1,1988,29,29,29,29,29,29,29,29,29,29
170611,1,1,1988,10,24,15,10,8,16,20,10,27,10
170611,2,1,1988,0,0,0,0,0,0,0,0,0,0
170611,3,1,1988,0,0,0,0,0,0,0,0,0,0
170612,1,1,1988,21,21,21,21,21,21,21,21,21,21
170613,1,1,1988,10,10,10,10,10,10,10,10,10,10
170613,2,1,1988,4,4,4,4,4,4,4,4,4,4
170614,1,1,1988,21,21,21,21,21,21,21,21,21,21
170614,2,1,1988,0,0,0,0,0,0,0,0,0,0
170615,1,1,1988,0,0,0,0,0,0,0,0,0,0
170615,2,1,1988,0,0,0,0,0,0,0,0,0,0
170616,1,1,1988,25,25,25,25,25,25,25,25,25,25
170617,0,1,1988,4,4,4,4,4,4,4,4,4,4
170617,1,1,1988,0,0,0,0,0,0,0,0,0,0
170619,1,1,1988,0,0,0,0,0,0,0,0,0,0
170620,0,1,1988,0,0,0,22,3,0,0,0,0,0
170620,1,1,1988,21,13,0,0,0,0,12,40,0,0
170621,1,1,1988,0,0,0,0,0,0,0,0,0,0
170622,0,1,1988,0,0,0,0,0,0,0,0,0,0
170622,1,1,1988,25,25,25,25,25,25,25,25,25,25
170622,2,1,1988,0,0,0,0,0,0,0,12,18,0
170623,1,1,1988,18,18,18,18,18,18,18,18,18,18
170623,2,1,1988,0,0,0,0,0,0,0,0,0,0
170623,3,1,1988,11,11,11,11,11,11,11,11,11,11
170624,1,1,1988,21,21,21,21,21,21,21,21,21,21
170625,1,1,1988,0,0,0,0,0,0,0,0,0,0
170625,2,1,1988,0,0,0,0,0,0,0,0,0,0
170626,1,1,1988,0,0,0,0,0,0,0,0,0,0
170628,1,1,1988,0,0,0,0,0,0,0,0,0,0
170629,1,1,1988,0,0,0,0,0,0,0,0,0,0
170630,1,1,1988,13,13,13,13,13,13,13,13,13,13
170631,1,1,1988,0,0,0,0,0,0,0,0,0,0
170631,2,1,1988,0,0,0,0,0,0,0,0,0,0
170632,1,1,1988,0,0,0,0,0,0,0,0,0,0
170634,0,1,1988,0,0,0,0,0,0,0,0,0,0
170634,1,1,1988,0,0,0,0,0,0,0,0,0,0
170635,0,1,1988,0,0,0,0,0,0,0,0,0,0
170635,1,1,1988,0,0,0,0,0,0,0,0,0,0
170636,1,1,1988,0,0,0,0,0,0,0,0,0,0
170636,2,1,1988,0,0,0,0,0,0,0,0,0,0
170637,1,1,1988,0,0,0,0,0,0,0,0,0,0
170637,2,1,1988,0,0,0,0,0,0,0,0,0,0
170638,1,1,1988,15,15,15,15,15,15,15,15,15,15
170639,1,1,1988,0,0,0,0,0,0,0,0,0,0
170640,1,1,1988,0,0,0,0,0,0,0,0,0,0
170640,2,1,1988,0,0,0,0,0,0,0,0,0,0
170641,0,1,1988,0,0,0,0,0,0,0,0,0,0
170641,1,1,1988,0,18,3,10,8,14,9,0,0,16
170642,1,1,1988,0,0,0,0,0,0,0,0,0,0
170642,2,1,1988,0,0,0,0,0,0,0,0,0,0
170643,1,1,1988,23,0,14,7,21,0,6,9,0,8
170643,2,1,1988,0,0,0,0,0,0,0,0,0,0
170644,1,1,1988,0,0,0,0,0,0,0,0,0,0
170644,2,1,1988,0,0,0,0,0,0,0,0,0,0
170645,1,1,1988,0,11,15,13,18,7,0,4,13,23
170645,2,1,1988,0,0,0,0,0,0,0,0,0,0
170646,1,1,1988,0,0,0,0,0,0,0,0,0,0
170646,2,1,1988,0,0,0,0,0,0,0,0,0,0
170647,1,1,1988,0,0,14,0,0,0,29,0,0,10
170647,2,1,1988,0,0,0,0,12,0,0,6,13,0
170648,1,1,1988,0,0,0,0,0,0,0,0,0,0
170648,2,1,1988,0,0,0,0,0,0,17,0,0,0
170649,1,1,1988,0,0,0,0,0,0,0,0,0,0
170649,2,1,1988,0,0,0,0,0,0,0,0,0,0
170650,1,1,1988,0,12,17,12,0,26,16,15,0,4
170651,0,1,1988,19,19,19,19,19,19,19,19,19,19
170651,1,1,1988,0,0,0,0,0,0,0,0,0,0
170652,1,1,1988,0,26,21,11,0,0,0,15,0,0
170652,2,1,1988,6,6,6,6,6,6,6,6,6,6
170653,0,1,1988,0,0,0,0,0,0,0,0,0,0
170653,1,1,1988,0,0,0,0,0,0,0,0,0,0
170653,2,1,1988,0,0,0,0,0,0,0,0,0,0
170654,0,1,1988,0,0,0,0,0,0,0,0,0,0
170654,0,2,1988,0,0,0,0,0,0,0,0,0,0
170654,0,3,1988,0,0,0,0,0,0,0,0,0,0
170654,0,4,1988,0,0,0,0,0,0,0,0,0,0
170654,1,1,1988,11,0,0,4,12,22,0,41,0,0
170655,0,1,1988,16,15,0,0,0,0,0,0,0,0
170655,1,1,1988,0,0,0,0,0,0,0,0,0,0
170656,1,1,1988,12,12,12,12,12,12,12,12,12,12
170656,2,1,1988,0,0,0,0,0,0,0,0,0,0
170657,1,1,1988,0,0,0,0,0,0,0,0,0,0
170657,2,1,1988,0,0,0,0,0,0,0,0,0,0
170658,1,1,1988,0,0,20,0,0,2,6,26,0,0
170659,1,1,1988,0,0,0,0,0,0,0,0,0,0
170660,1,1,1988,11,11,11,11,11,11,11,11,11,11
170660,2,1,1988,0,4,6,0,0,0,0,10,16,12
170661,1,1,1988,10,0,26,0,0,24,17,0,37,4
170662,1,1,1988,0,0,0,0,0,0,0,0,0,0
170662,2,1,1988,0,0,0,0,0,0,0,0,0,6
170663,1,1,1988,0,0,0,0,0,0,0,0,0,0
170663,2,1,1988,0,0,0,0,0,0,0,0,0,0
170664,1,1,1988,0,0,0,0,0,0,0,0,0,0
170664,2,1,1988,0,19,0,8,0,0,5,0,0,0
170665,1,1,1988,17,17,17,17,17,17,17,17,17,17
170666,1,1,1988,0,0,0,0,0,0,0,0,0,0
170667,1,1,1988,0,0,0,0,0,0,0,0,0,0
170667,2,1,1988,0,0,0,0,0,0,0,0,0,0
170668,1,1,1988,21,21,21,21,21,21,21,21,21,21
170669,0,1,1988,25,25,25,25,25,25,25,25,25,25
170669,1,1,1988,0,0,0,0,0,10,0,0,0,0
170670,1,1,1988,17,17,17,17,17,17,17,17,17,17
170671,0,1,1988,0,0,0,0,0,0,0,0,0,0
170671,0,2,1988,0,0,31,0,0,18,27,16,29,10
170671,1,1,1988,0,0,0,15,0,0,0,0,0,0
170672,1,1,1988,9,9,9,9,9,9,9,9,9,9
170673,1,1,1988,13,13,13,13,13,13,13,13,13,13
170674,1,1,1988,21,21,21,21,21,21,21,21,21,21
170675,1,1,1988,13,0,0,13,28,1,9,0,20,0
170675,2,1,1988,0,0,0,0,0,0,0,0,0,0
170676,1,1,1988,0,0,0,0,0,0,0,0,0,0
170677,1,1,1988,22,22,22,22,22,22,22,22,22,22
170677,2,1,1988,0,0,0,0,18,0,0,0,8,0
170678,1,1,1988,12,12,12,12,12,12,12,12,12,12
170679,1,1,1988,0,0,0,0,0,0,0,11,0,0
170679,2,1,1988,0,0,0,0,0,0,0,0,0,0
170680,0,1,1988,0,0,0,0,0,0,0,0,0,0
170680,1,1,1988,0,0,0,0,0,0,0,0,0,0
170682,0,1,1988,9,9,9,9,9,9,9,9,9,9
170682,1,1,1988,9,13,22,15,25,2,15,0,13,15
170682,2,1,1988,8,13,10,20,20,18,5,6,14,11
170683,1,1,1988,0,0,0,0,0,0,0,0,0,0
170683,2,1,1988,0,0,0,0,0,0,0,0,0,0
170684,1,1,1988,18,18,18,18,18,18,18,18,18,18
170685,1,1,1988,0,0,0,0,0,0,0,0,0,0
170685,2,1,1988,0,14,0,0,0,0,0,0,10,0
170685,3,1,1988,0,0,0,0,0,0,0,0,0,0
170686,1,1,1988,0,0,0,0,0,0,0,0,0,0
170686,2,1,1988,0,0,0,0,0,0,0,20,0,0
170687,1,1,1988,22,22,22,22,22,22,22,22,22,22
170688,0,1,1988,26,16,0,0,0,25,28,20,0,12
170688,1,1,1988,0,0,0,0,0,0,0,0,0,0
170689,1,1,1988,24,24,24,24,24,24,24,24,24,24
170690,1,1,1988,12,12,12,12,12,12,12,12,12,12
170691,1,1,1988,0,0,0,0,0,0,0,0,0,0
170691,2,1,1988,0,0,0,0,0,0,0,0,17,0
170692,1,1,1988,21,21,21,21,21,21,21,21,21,21
170693,1,1,1988,8,8,8,8,8,8,8,8,8,8
170694,1,1,1988,0,19,0,7,0,0,0,11,10,7
170695,0,1,1988,0,0,0,0,0,0,0,0,0,0
170695,1,1,1988,15,15,0,0,0,0,0,0,0,0
170696,1,1,1988,0,0,0,0,0,0,0,0,0,0
170697,1,1,1988,26,0,5,22,0,0,14,22,0,0
170698,1,1,1988,0,0,0,0,0,0,0,0,0,0
170698,2,1,1988,0,0,0,0,0,0,0,0,0,0
170698,3,1,1988,0,0,0,0,0,0,0,0,0,0
170699,1,1,1988,0,0,0,0,0,0,0,0,0,0
170699,2,1,1988,0,0,0,0,0,0,0,0,0,0
170699,3,1,1988,0,0,0,0,0,0,0,0,0,0
170700,1,1,1988,15,15,15,15,15,15,15,15,15,15
170700,2,1,1988,0,0,0,0,0,0,0,0,0,0
170702,1,1,1988,0,19,11,7,0,7,0,0,0,0
170702,2,1,1988,0,0,0,0,0,0,0,0,0,0
170703,1,1,1988,0,0,0,0,0,0,0,0,0,0
170704,1,1,1988,16,16,16,16,16,16,16,16,16,16
170704,2,1,1988,10,0,0,0,0,0,0,0,0,0
170705,1,1,1988,0,0,0,0,0,0,0,0,0,0
170706,0,1,1988,0,0,0,0,0,0,0,0,0,0
170706,1,1,1988,0,0,0,0,0,0,0,0,0,0
170707,1,1,1988,15,15,15,15,15,15,15,15,15,15
170708,0,1,1988,0,0,0,0,0,0,0,0,0,0
170708,1,1,1988,0,0,0,0,0,0,0,0,0,0
170709,1,1,1988,0,0,0,0,0,10,0,0,0,0
170709,2,1,1988,0,0,0,0,0,0,0,16,0,0
170710,1,1,1988,1,1,1,1,1,1,1,1,1,1
170711,0,1,1988,0,0,0,0,0,0,0,0,0,0
170711,1,1,1988,0,0,0,0,0,9,0,0,0,0
170712,1,1,1988,0,0,0,0,0,0,0,0,0,0