ST_CASE,VEH_NO,PER_NO,YEAR,P1,P2,P3,P4,P5,P6,P7,P8,P9,P10
170982,1,1,1988,0,0,0,0,0,0,0,0,0,0
170982,2,1,1988,0,0,0,0,0,0,0,0,0,0
170983,1,1,1988,19,19,19,19,19,19,19,19,19,19
170984,1,1,1988,0,0,8,0,0,0,0,0,0,0
170984,2,1,1988,0,0,0,0,0,0,0,0,0,0
170985,1,1,1988,0,0,0,0,0,0,0,0,0,3
170986,1,1,1988,26,0,0,0,0,0,0,0,0,0
170986,2,1,1988,0,0,0,0,0,0,0,0,0,0
170987,1,1,1988,16,23,27,9,15,18,17,18,23,10
170988,1,1,1988,2,2,2,2,2,2,2,2,2,2
170988,2,1,1988,0,0,0,0,0,0,0,0,0,0
170989,1,1,1988,0,0,0,0,0,0,0,0,0,0
170990,1,1,1988,0,0,0,0,0,0,0,0,0,0
170991,1,1,1988,18,18,18,18,18,18,18,18,18,18
170992,1,1,1988,0,0,0,0,0,0,0,0,0,0
170992,2,1,1988,0,0,0,0,0,0,0,0,0,0
170993,1,1,1988,6,22,13,15,9,5,23,37,11,30
170994,1,1,1988,16,16,16,16,16,16,16,16,16,16
170994,2,1,1988,0,0,0,0,0,0,0,0,0,0
170995,0,1,1988,0,0,0,0,0,0,0,0,0,0
170995,1,1,1988,0,0,0,0,10,0,0,0,0,0
170996,1,1,1988,25,25,25,25,25,25,25,25,25,25
170997,1,1,1988,0,0,0,0,0,0,0,0,0,0
170998,1,1,1988,29,29,29,29,29,29,29,29,29,29
170999,1,1,1988,0,0,0,0,0,0,0,0,0,0
170999,2,1,1988,0,0,0,0,0,0,0,0,0,0
171000,1,1,1988,0,0,0,0,0,0,0,0,0,0
171000,2,1,1988,0,0,0,0,0,0,0,0,0,0
171000,3,1,1988,0,0,0,0,0,0,0,0,0,0
171000,4,1,1988,0,0,0,0,0,0,0,0,0,0
171000,5,1,1988,0,0,0,0,0,0,0,0,16,0
171000,6,1,1988,0,0,0,0,0,0,0,0,0,0
171001,1,1,1988,7,0,7,0,0,0,11,0,13,11
171002,1,1,1988,0,0,0,0,0,0,0,0,0,0
171002,2,1,1988,0,0,0,0,0,0,0,0,0,0
171003,1,1,1988,7,7,7,7,7,7,7,7,7,7
171003,2,1,1988,0,0,0,0,0,0,0,0,0,0
171004,1,1,1988,23,23,23,23,23,23,23,23,23,23
171005,0,1,1988,10,20,7,0,20,35,37,10,15,0
171005,1,1,1988,11,0,0,0,3,0,0,0,0,29
171006,0,1,1988,0,0,0,33,0,0,0,0,0,24
171006,1,1,1988,0,0,0,0,0,0,0,0,0,0
171006,2,1,1988,0,0,0,0,0,0,0,0,0,0
171007,1,1,1988,0,0,0,0,0,0,0,0,0,0
171008,1,1,1988,24,24,24,24,24,24,24,24,24,24
171009,1,1,1988,0,0,0,0,0,0,0,0,0,0
171009,2,1,1988,0,0,0,0,0,0,0,0,0,0
171010,1,1,1988,8,0,0,18,14,30,0,42,12,0
171011,1,1,1988,0,18,10,0,22,0,14,0,0,21
171012,1,1,1988,21,21,21,21,21,21,21,21,21,21
171013,1,1,1988,19,19,19,19,19,19,19,19,19,19
171014,1,1,1988,5,5,5,5,5,5,5,5,5,5
171015,1,1,1988,0,0,0,0,0,0,0,0,0,0
171016,1,1,1988,0,0,0,0,0,0,0,0,0,0
171017,1,1,1988,13,13,13,13,13,13,13,13,13,13
171017,2,1,1988,9,9,9,9,9,9,9,9,9,9
171018,1,1,1988,11,11,11,11,11,11,11,11,11,11
171018,2,1,1988,0,0,0,7,0,25,0,0,0,0
171019,1,1,1988,27,27,27,27,27,27,27,27,27,27
171020,1,1,1988,12,12,12,12,12,12,12,12,12,12
171021,1,1,1988,11,11,11,11,11,11,11,11,11,11
171022,1,1,1988,27,27,27,27,27,27,27,27,27,27
171023,1,1,1988,0,0,0,0,0,0,0,0,0,0
171024,1,1,1988,17,17,17,17,17,17,17,17,17,17
171025,0,1,1988,0,0,0,0,0,0,0,0,0,0
171025,1,1,1988,0,0,0,0,0,14,0,10,22,0
171026,1,1,1988,27,27,27,27,27,27,27,27,27,27
171027,1,1,1988,27,27,27,27,27,27,27,27,27,27
171028,1,1,1988,17,17,17,17,17,17,17,17,17,17
171029,1,1,1988,10,10,10,10,10,10,10,10,10,10
171029,2,1,1988,0,0,0,0,0,0,0,0,0,0
171030,0,1,1988,24,0,0,0,0,9,24,18,11,0
171030,1,1,1988,0,0,0,0,0,0,0,0,0,0
171031,0,1,1988,0,0,0,0,0,0,0,0,0,0
171031,0,2,1988,14,0,0,17,0,0,10,13,11,0
171031,1,1,1988,21,0,22,38,0,0,0,8,0,16
171031,2,1,1988,0,0,0,0,0,0,0,0,0,0
171032,0,1,1988,0,0,0,0,0,0,0,0,0,0
171032,1,1,1988,0,0,0,0,0,0,0,0,0,0
171033,1,1,1988,17,17,17,17,17,17,17,17,17,17
171034,1,1,1988,10,10,10,10,10,10,10,10,10,10
171036,0,1,1988,0,0,0,0,0,0,0,0,0,0
171036,1,1,1988,0,0,0,0,0,0,0,0,0,0
171037,0,1,1988,0,0,0,0,0,0,0,0,0,0
171037,1,1,1988,0,0,0,0,0,0,0,0,0,0
171038,1,1,1988,0,0,0,0,0,0,0,0,0,0
171038,2,1,1988,0,0,0,0,0,0,0,0,15,0
171038,3,1,1988,0,0,0,0,0,0,0,0,0,0
171038,4,1,1988,0,0,0,0,0,0,0,0,0,0
171039,1,1,1988,16,16,16,16,16,16,16,16,16,16
171040,0,1,1988,14,14,14,14,14,14,14,14,14,14
171040,1,1,1988,7,11,15,9,11,14,15,18,20,7
171041,1,1,1988,11,11,11,11,11,11,11,11,11,11
171042,0,1,1988,35,35,35,35,35,35,35,35,35,35
171042,1,1,1988,33,21,11,0,5,0,0,15,0,8
171043,1,1,1988,9,9,9,9,9,9,9,9,9,9
171043,2,1,1988,0,0,0,0,0,0,7,9,0,0
171044,1,1,1988,15,12,5,17,18,6,13,18,5,11
171044,2,1,1988,8,8,8,8,8,8,8,8,8,8
171045,1,1,1988,19,19,19,19,19,19,19,19,19,19
171045,2,1,1988,0,0,0,0,0,0,0,0,0,0
171046,1,1,1988,22,22,22,22,22,22,22,22,22,22
171047,1,1,1988,0,0,0,0,0,0,0,0,0,0
171047,2,1,1988,0,12,0,0,0,13,0,0,16,21
171048,1,1,1988,0,0,12,0,0,0,0,5,0,12
171048,2,1,1988,0,0,0,0,0,0,0,0,0,0
171049,1,1,1988,21,21,21,21,21,21,21,21,21,21
171050,1,1,1988,0,0,0,0,0,0,0,0,0,0
171050,2,1,1988,0,0,0,0,0,0,0,0,0,0
171050,3,1,1988,0,0,0,0,0,0,0,0,0,0
171052,0,1,1988,16,16,16,16,16,16,16,16,16,16
171052,0,2,1988,0,15,38,24,38,28,14,25,24,10
171052,1,1,1988,16,25,0,20,7,0,0,17,0,23
171053,1,1,1988,9,9,9,9,9,9,9,9,9,9
171054,1,1,1988,0,0,0,0,0,10,0,0,0,0
171055,1,1,1988,11,25,22,9,4,4,10,18,26,13
171056,1,1,1988,10,0,22,2,0,0,0,15,0,9
171056,2,1,1988,0,0,0,0,0,0,0,0,0,0
171056,3,1,1988,0,0,0,0,0,0,0,0,0,0
171056,4,1,1988,0,16,0,0,24,0,0,0,0,0
171057,1,1,1988,7,14,14,15,25,0,20,19,13,4
171057,2,1,1988,0,0,0,0,0,0,0,0,0,0
171058,1,1,1988,30,9,16,9,17,21,27,19,12,24
171059,1,1,1988,0,0,0,0,0,0,12,8,0,0
171059,2,1,1988,0,0,0,0,0,0,0,0,0,0
171060,1,1,1988,0,0,0,0,0,0,0,0,0,0
171060,2,1,1988,0,0,0,0,0,0,0,0,0,0
171061,1,1,1988,0,0,0,0,0,0,0,0,0,0
171061,2,1,1988,0,0,0,0,0,0,0,0,0,0
171062,1,1,1988,3,3,3,3,3,3,3,3,3,3
171063,1,1,1988,0,0,0,0,0,0,0,22,0,0
171063,2,1,1988,0,0,0,0,0,0,0,0,0,0
171064,1,1,1988,2,2,2,2,2,2,2,2,2,2
171064,2,1,1988,0,0,0,0,0,0,0,0,0,0
171064,3,1,1988,0,0,0,0,0,0,0,0,0,0
171065,1,1,1988,0,0,8,0,30,24,0,0,0,0
171065,2,1,1988,0,0,0,0,0,0,0,0,0,0
171066,1,1,1988,0,0,0,0,0,0,0,0,0,0
171067,1,1,1988,0,0,0,0,0,0,0,0,0,0
171067,2,1,1988,0,0,0,0,0,0,0,0,0,0
171068,1,1,1988,0,0,0,0,0,0,0,14,0,0
171068,2,1,1988,0,0,0,0,0,0,0,0,0,0
171068,3,1,1988,12,0,0,0,0,0,0,21,0,0
171068,4,1,1988,0,0,0,0,0,15,0,28,0,11
171069,1,1,1988,0,0,0,0,0,0,0,0,0,19
171069,2,1,1988,0,4,0,0,0,0,0,0,0,0
171070,1,1,1988,0,0,0,0,0,0,0,0,0,0
171070,2,1,1988,0,0,0,0,0,0,0,0,0,0
171070,3,1,1988,0,0,0,0,24,0,0,0,0,0
171071,0,1,1988,20,20,20,20,20,20,20,20,20,20
171072,1,1,1988,0,0,0,0,0,0,0,0,0,0
171072,2,1,1988,0,0,0,0,0,0,0,0,0,0
171073,1,1,1988,24,24,24,24,24,24,24,24,24,24
171074,1,1,1988,0,0,0,0,0,0,0,0,0,0
171074,2,1,1988,0,0,0,0,0,0,0,0,0,0
171075,1,1,1988,0,2,0,0,0,0,0,0,0,0
171075,2,1,1988,0,0,0,0,0,0,0,0,0,0
171076,1,1,1988,15,15,15,15,15,15,15,15,15,15
171077,1,1,1988,29,29,29,29,29,29,29,29,29,29
171078,0,1,1988,27,27,27,27,27,27,27,27,27,27
171078,1,1,1988,16,16,16,16,16,16,16,16,16,16
171079,1,1,1988,0,27,0,0,6,0,18,0,0,0
171079,2,1,1988,0,0,0,0,0,0,0,0,0,0
171079,3,1,1988,0,0,0,0,0,0,5,0,0,0
171079,4,1,1988,0,0,0,0,0,0,0,0,0,0
171079,5,1,1988,0,0,0,0,0,0,0,0,0,0
171080,1,1,1988,0,0,0,0,0,0,0,0,0,0
171080,2,1,1988,0,0,0,0,0,0,0,0,0,0
171081,1,1,1988,21,21,21,21,21,21,21,21,21,21
171082,1,1,1988,0,0,0,0,0,0,0,0,0,0
171082,2,1,1988,14,14,14,14,14,14,14,14,14,14
171082,3,1,1988,0,0,0,0,0,0,0,0,0,0
171083,0,1,1988,0,0,0,0,0,0,0,0,0,0
171083,1,1,1988,0,0,0,0,0,0,0,0,0,0
171084,1,1,1988,18,18,18,18,18,18,18,18,18,18
171084,2,1,1988,0,0,0,0,19,0,0,20,13,0
171085,1,1,1988,0,0,0,0,0,0,0,0,0,0
171085,2,1,1988,0,0,0,0,0,0,0,0,0,0
171085,3,1,1988,0,0,0,0,0,0,0,0,0,0
171086,0,1,1988,0,0,0,0,0,0,0,0,0,0
171086,1,1,1988,20,15,15,19,0,0,8,4,12,0
171087,1,1,1988,0,0,22,0,0,7,0,0,0,0
171087,2,1,1988,0,0,0,0,0,0,0,0,0,0
171088,1,1,1988,12,12,12,12,12,12,12,12,12,12
171089,1,1,1988,11,0,12,0,0,0,0,8,0,14
171089,2,1,1988,0,0,0,0,0,0,0,0,0,0
171089,3,1,1988,0,0,16,14,14,0,0,0,0,0
171089,4,1,1988,0,0,0,0,0,0,20,0,0,0
171090,1,1,1988,36,36,36,36,36,36,36,36,36,36
171090,2,1,1988,14,14,14,14,14,14,14,14,14,14
171091,1,1,1988,0,9,0,0,19,0,9,0,1,0
171091,2,1,1988,0,0,0,0,0,0,0,0,0,0
171092,0,1,1988,0,0,0,0,0,0,0,0,0,0
171092,1,1,1988,0,0,0,0,0,0,0,0,0,0
171093,1,1,1988,29,29,29,29,29,29,29,29,29,29
171094,1,1,1988,0,0,0,0,0,0,0,0,0,0
171094,2,1,1988,0,0,0,0,0,0,0,0,0,0
171094,3,1,1988,0,0,0,0,0,0,0,0,0,0
171095,1,1,1988,0,0,0,0,0,0,0,0,0,0
171096,1,1,1988,26,26,26,26,26,26,26,26,26,26
171097,1,1,1988,12,12,12,12,12,12,12,12,12,12
171097,2,1,1988,18,18,18,18,18,18,18,18,18,18
171098,1,1,1988,12,12,12,12,12,12,12,12,12,12
171099,0,1,1988,13,0,0,0,0,8,0,0,32,33
171099,0,2,1988,0,17,7,0,0,0,0,15,17,16
171099,1,1,1988,14,0,26,0,0,0,0,35,0,0
171100,1,1,1988,10,10,10,10,10,10,10,10,10,10
171101,1,1,1988,0,0,0,0,0,0,0,0,0,0
171101,2,1,1988,0,0,0,0,0,0,0,0,0,0
171102,1,1,1988,0,0,0,0,0,0,0,0,0,0
171102,2,1,1988,0,0,0,0,0,0,0,0,0,0
171103,1,1,1988,24,24,24,24,24,24,24,24,24,24
171104,0,1,1988,41,41,41,41,41,41,41,41,41,41
171104,1,1,1988,0,0,0,22,0,0,12,0,16,0
171105,0,1,1988,1,1,1,1,1,1,1,1,1,1
171105,1,1,1988,0,0,0,0,0,0,0,0,0,0
171106,1,1,1988,22,22,22,22,22,22,22,22,22,22
171107,0,1,1988,0,0,0,0,0,0,0,0,0,0
171107,1,1,1988,0,0,0,0,0,0,0,0,0,0
171108,1,1,1988,14,14,14,14,14,14,14,14,14,14
171108,2,1,1988,5,5,5,5,5,5,5,5,5,5
171109,1,1,1988,0,0,0,0,0,0,0,0,0,0
171110,1,1,1988,12,6,8,6,8,16,14,25,18,13
171110,2,1,1988,0,22,0,0,0,0,0,0,0,0
171111,1,1,1988,0,0,0,0,0,0,0,0,0,0
171111,2,1,1988,0,0,0,0,0,0,0,0,0,0
171111,3,1,1988,0,0,0,0,0,0,0,0,0,0
171112,1,1,1988,0,0,0,0,0,0,0,0,0,0
171113,1,1,1988,17,17,17,17,17,17,17,17,17,17
171113,2,1,1988,4,4,4,4,4,4,4,4,4,4
171114,1,1,1988,0,0,0,0,0,0,0,0,0,0
171114,2,1,1988,0,0,0,0,0,0,0,0,0,0
171116,0,1,1988,0,0,0,0,0,0,0,0,0,0
171116,1,1,1988,0,0,0,0,0,0,0,0,0,0
171117,1,1,1988,11,11,11,11,11,11,11,11,11,11
171118,1,1,1988,0,0,0,0,0,0,0,0,0,0
171119,1,1,1988,31,31,31,31,31,31,31,31,31,31
171120,0,1,1988,1,1,1,1,1,1,1,1,1,1
171120,1,1,1988,0,0,0,0,0,0,0,0,0,0
171121,1,1,1988,10,0,0,0,0,0,0,0,0,0
171122,1,1,1988,0,0,0,0,0,0,0,0,0,0
171122,2,1,1988,0,0,0,0,0,0,0,10,0,0
171123,1,1,1988,0,0,0,21,0,0,23,12,0,0
171123,2,1,1988,18,0,0,0,0,26,0,20,25,0
171124,1,1,1988,0,0,0,0,0,0,0,0,0,0
171124,2,1,1988,0,0,0,0,0,0,0,0,0,0
171124,3,1,1988,0,0,0,0,0,0,0,0,0,0
171125,1,1,1988,21,21,21,21,21,21,21,21,21,21
171126,1,1,1988,10,10,27,22,17,19,6,28,15,0
171127,0,1,1988,1,1,1,1,1,1,1,1,1,1
171127,1,1,1988,0,0,0,0,0,0,0,0,0,0
171128,1,1,1988,0,0,0,0,0,0,0,0,0,0
171128,2,1,1988,0,0,0,0,0,0,0,0,0,0
171129,1,1,1988,0,0,0,0,0,0,0,0,0,0
171129,2,1,1988,6,5,22,0,0,0,3,13,0,0
171130,1,1,1988,0,0,0,0,0,0,0,0,0,0
171131,0,1,1988,0,0,0,0,0,0,0,0,0,0
171131,1,1,1988,0,0,3,0,5,0,0,0,0,0
171132,1,1,1988,0,0,0,0,0,0,0,0,0,0
171132,2,1,1988,0,22,21,0,0,0,0,0,0,0
171133,1,1,1988,32,32,32,32,32,32,32,32,32,32
171133,2,1,1988,0,0,0,0,0,0,0,0,0,0
171133,3,1,1988,0,0,0,0,0,0,0,0,0,0
171134,1,1,1988,0,0,0,0,0,0,0,0,0,0
171134,2,1,1988,0,7,0,0,12,0,0,0,0,23
171135,1,1,1988,28,28,28,28,28,28,28,28,28,28
171135,2,1,1988,0,0,0,0,0,0,12,0,0,0
171136,1,1,1988,18,18,18,18,18,18,18,18,18,18
171136,2,1,1988,0,0,0,0,9,0,0,0,0,0
171137,1,1,1988,20,20,20,20,20,20,20,20,20,20
171138,1,1,1988,0,0,0,0,0,0,0,0,0,0
171138,2,1,1988,0,0,0,0,0,0,0,0,0,0
171139,1,1,1988,1,1,1,1,1,1,1,1,1,1
171139,2,1,1988,15,15,15,15,15,15,15,15,15,15
171140,1,1,1988,0,0,0,0,0,0,0,0,0,0
171141,0,1,1988,0,0,0,0,0,0,0,0,0,0
171141,1,1,1988,0,0,0,0,0,0,0,0,0,0
171142,1,1,1988,22,38,16,16,12,24,28,4,19,15
171142,2,1,1988,0,0,0,0,0,0,0,0,0,0
171143,1,1,1988,17,17,17,17,17,17,17,17,17,17
171144,1,1,1988,0,0,0,0,0,0,0,0,0,0
171144,2,1,1988,0,0,0,0,0,0,0,7,0,0
171144,3,1,1988,0,0,0,0,0,0,0,0,0,0
171145,1,1,1988,28,28,28,28,28,28,28,28,28,28
171146,1,1,1988,0,0,0,0,0,0,0,0,0,0
171147,1,1,1988,20,20,20,20,20,20,20,20,20,20
171148,1,1,1988,0,0,0,0,0,0,0,0,0,0
171148,2,1,1988,0,0,0,0,0,0,0,0,0,0
171148,3,1,1988,0,0,0,8,0,0,0,0,0,0
171149,1,1,1988,13,13,13,13,13,13,13,13,13,13
171149,2,1,1988,0,0,0,0,0,0,6,0,0,0
171150,1,1,1988,22,22,22,22,22,22,22,22,22,22
171151,1,1,1988,0,0,0,0,0,0,0,0,0,0
171151,2,1,1988,0,0,0,0,0,0,0,0,0,0
171152,1,1,1988,0,0,0,0,0,0,0,0,0,0
171153,1,1,1988,0,0,0,0,0,0,0,0,0,0
171153,2,1,1988,0,0,0,0,0,0,0,0,0,0
171153,3,1,1988,0,0,0,0,0,0,0,0,0,0
171153,4,1,1988,0,0,0,0,0,0,0,0,0,0
171153,5,1,1988,0,0,0,0,0,0,0,0,0,0
171154,1,1,1988,0,0,0,0,0,0,0,0,0,0
171154,2,1,1988,0,0,0,0,0,0,0,0,0,0
171154,3,1,1988,0,0,0,0,0,0,0,0,0,0
171155,1,1,1988,9,23,0,13,10,20,26,22,0,32
171156,0,1,1988,0,0,0,0,0,0,0,0,0,0
171156,1,1,1988,0,0,0,0,0,0,0,0,0,17
171157,1,1,1988,30,30,30,30,30,30,30,30,30,30
171158,1,1,1988,0,0,0,0,0,16,0,0,0,17
171158,2,1,1988,0,0,0,0,30,0,0,0,0,0
171158,3,1,1988,0,0,0,0,0,19,0,14,0,0
171159,1,1,1988,0,0,0,0,0,0,0,0,0,0
171159,2,1,1988,0,0,0,0,0,0,0,0,0,0
171159,3,1,1988,0,0,0,0,0,0,0,0,0,0
171160,1,1,1988,0,0,0,0,0,0,0,0,0,0
171160,2,1,1988,0,0,0,0,0,0,0,0,0,0
171160,3,1,1988,0,0,0,0,0,0,0,0,0,0
171160,4,1,1988,0,0,0,0,0,0,0,0,0,0
171160,5,1,1988,0,0,0,0,0,0,0,0,0,0
171160,6,1,1988,0,0,0,0,0,0,0,0,0,0
171161,0,1,1988,0,0,0,0,0,0,0,0,0,0
171161,1,1,1988,0,0,0,0,0,0,0,0,0,0
171161,2,1,1988,0,0,0,0,0,0,0,0,0,0
171162,1,1,1988,0,0,0,0,0,0,0,0,0,0
171162,2,1,1988,0,0,0,0,21,0,0,27,0,0
171162,3,1,1988,0,0,0,0,0,0,0,0,0,0
171163,1,1,1988,27,27,27,27,27,27,27,27,27,27
171164,1,1,1988,27,27,27,27,27,27,27,27,27,27
171164,2,1,1988,0,0,0,0,0,0,0,0,0,0
171165,0,1,1988,0,0,0,0,0,0,0,0,0,0
171165,1,1,1988,0,0,0,0,0,0,0,0,0,0
171166,1,1,1988,0,0,21,0,0,0,11,0,0,0
171166,2,1,1988,0,0,0,0,0,0,0,0,0,0
171167,1,1,1988,0,0,16,11,0,9,0,0,6,0
171167,2,1,1988,0,0,0,0,0,0,0,0,0,0
171168,0,1,1988,5,5,5,5,5,5,5,5,5,5
171168,1,1,1988,0,0,0,0,0,0,0,0,0,0
171168,2,1,1988,21,7,9,26,7,0,10,20,10,19
171169,1,1,1988,11,11,11,11,11,11,11,11,11,11
171170,0,1,1988,0,0,0,0,0,0,0,0,0,0
171170,1,1,1988,0,0,0,0,26,0,0,0,0,0
171171,1,1,1988,0,0,0,0,0,0,0,0,0,0
171171,2,1,1988,0,0,0,0,10,0,0,0,0,0
171172,0,1,1988,10,10,10,10,10,10,10,10,10,10
171172,1,1,1988,4,4,4,4,4,4,4,4,4,4
171173,1,1,1988,17,17,17,17,17,17,17,17,17,17
171174,1,1,1988,0,0,0,0,0,0,0,0,0,0
171175,1,1,1988,24,16,9,28,26,16,0,20,0,20
171176,1,1,1988,28,28,28,28,28,28,28,28,28,28
171176,2,1,1988,0,0,0,0,0,0,0,0,0,0
171177,1,1,1988,1,1,1,1,1,1,1,1,1,1
171178,1,1,1988,0,0,0,0,0,0,0,0,0,0
171178,2,1,1988,0,0,0,15,0,0,0,0,0,0
171179,1,1,1988,44,18,14,29,32,16,19,26,22,34
171180,1,1,1988,19,19,19,19,19,19,19,19,19,19
171181,0,1,1988,19,34,0,0,16,37,18,21,31,0
171181,1,1,1988,0,9,0,0,0,0,0,0,15,0
171182,1,1,1988,0,0,0,0,0,0,0,0,0,0
171182,2,1,1988,0,0,0,0,0,0,0,0,0,0
171183,1,1,1988,0,0,0,0,0,0,0,0,0,0
171183,2,1,1988,0,0,0,0,0,0,0,0,0,0
171184,1,1,1988,0,0,0,0,0,0,0,0,0,0
171184,2,1,1988,0,0,0,0,0,0,0,0,0,0
171185,1,1,1988,2,2,2,2,2,2,2,2,2,2
171186,1,1,1988,0,0,0,0,0,8,0,10,0,0
171186,2,1,1988,0,0,0,0,0,0,0,0,0,0
171186,3,1,1988,0,0,0,0,0,0,0,0,0,0
171186,4,1,1988,0,0,9,0,0,30,0,0,0,0
171187,1,1,1988,0,0,0,0,0,0,0,0,0,0
171187,2,1,1988,0,0,0,0,0,0,0,0,0,0
171187,3,1,1988,0,0,0,0,0,0,0,0,0,0
171187,4,1,1988,0,0,0,0,0,0,0,0,0,0
171188,1,1,1988,23,23,23,23,23,23,23,23,23,23
171189,1,1,1988,0,0,0,0,0,0,0,0,0,0
171190,0,1,1988,0,0,0,0,0,0,0,0,0,0
171190,1,1,1988,0,0,0,0,0,0,0,0,10,0
171191,0,1,1988,0,0,0,0,0,0,0,0,0,0
171191,1,1,1988,0,0,0,0,0,0,0,0,0,0
171192,1,1,1988,0,0,0,0,0,0,0,0,0,0
171192,2,1,1988,0,0,0,0,0,0,0,0,0,0
171193,1,1,1988,0,0,0,0,0,0,0,0,0,0
171193,2,1,1988,0,10,0,0,0,0,0,0,0,0
171194,0,1,1988,0,0,0,0,0,0,0,0,0,0
171194,1,1,1988,0,0,0,0,0,0,0,0,0,0
171195,1,1,1988,19,19,19,19,19,19,19,19,19,19
171195,2,1,1988,0,0,0,0,0,0,0,0,0,0
171196,0,1,1988,0,0,0,0,0,0,0,0,0,0
171196,1,1,1988,0,0,0,0,0,0,0,0,0,0
171196,2,1,1988,0,0,0,0,0,0,0,0,0,0
171197,1,1,1988,0,0,0,0,0,0,0,0,0,0
171197,2,1,1988,0,0,0,0,0,0,0,0,0,0
171197,3,1,1988,0,0,0,0,0,0,0,17,0,0
171198,1,1,1988,0,0,0,0,0,0,0,0,0,0
171198,2,1,1988,0,0,0,0,0,0,0,0,0,0
171198,3,1,1988,0,0,0,0,0,0,0,0,0,0
171199,1,1,1988,25,25,25,25,25,25,25,25,25,25
171199,2,1,1988,9,30,0,5,0,0,8,8,8,7
171199,3,1,1988,16,16,16,16,16,16,16,16,16,16
171200,1,1,1988,3,3,3,3,3,3,3,3,3,3
171200,2,1,1988,0,0,0,0,0,0,0,0,0,0
171201,0,1,1988,0,0,0,0,0,0,0,0,0,0
171201,1,1,1988,0,0,0,4,0,0,0,0,0,0
171202,1,1,1988,8,12,15,8,0,15,13,16,6,9
171203,1,1,1988,0,0,0,18,0,0,0,12,0,0
171203,2,1,1988,12,12,12,12,12,12,12,12,12,12
171205,1,1,1988,24,24,24,24,24,24,24,24,24,24
171206,1,1,1988,20,20,20,20,20,20,20,20,20,20
171207,1,1,1988,21,21,21,21,21,21,21,21,21,21
171208,1,1,1988,12,0,13,15,19,13,5,24,9,11
171209,1,1,1988,0,0,0,0,0,0,0,0,0,0
171210,1,1,1988,11,11,11,11,11,11,11,11,11,11
171210,2,1,1988,12,12,12,12,12,12,12,12,12,12
171211,0,1,1988,0,0,0,0,0,0,0,0,0,0
171211,1,1,1988,0,0,0,0,0,0,0,0,0,0
171212,1,1,1988,16,16,16,16,16,16,16,16,16,16
171212,2,1,1988,0,0,0,0,0,0,0,0,0,0
171213,1,1,1988,0,0,0,0,0,0,0,0,0,0
171213,2,1,1988,0,0,0,0,0,0,0,0,0,0
171214,1,1,1988,8,8,8,8,8,8,8,8,8,8
171215,1,1,1988,10,11,20,18,20,34,21,6,7,7
171216,1,1,1988,26,26,26,26,26,26,26,26,26,26
171216,2,1,1988,0,0,15,0,0,0,0,0,0,27
171217,1,1,1988,0,0,0,0,0,0,0,0,0,0
171217,2,1,1988,0,0,0,0,0,0,0,0,0,0
171218,1,1,1988,0,0,0,0,0,0,0,0,0,0
171219,1,1,1988,0,0,0,0,0,0,0,0,0,0
171219,2,1,1988,0,0,0,0,0,0,0,0,0,0
171220,0,1,1988,0,0,0,0,0,0,0,0,0,0
171220,1,1,1988,0,10,0,0,0,0,0,0,0,0
171220,2,1,1988,0,0,0,0,0,0,0,0,0,0
171221,1,1,1988,13,13,13,13,13,13,13,13,13,13
171222,1,1,1988,0,0,0,0,0,0,0,0,0,0
171222,2,1,1988,0,0,0,0,0,0,10,0,0,0
171223,1,1,1988,18,18,18,18,18,18,18,18,18,18
171224,1,1,1988,0,0,0,0,0,0,0,0,0,0
171225,1,1,1988,0,0,0,0,0,0,0,0,0,0
171226,0,1,1988,17,17,17,17,17,17,17,17,17,17
171226,1,1,1988,0,0,11,14,0,20,14,0,22,12
171227,1,1,1988,17,17,17,17,17,17,17,17,17,17
171227,2,1,1988,0,0,0,0,0,0,0,0,0,0
171228,1,1,1988,20,0,14,10,26,5,29,36,7,23
171228,2,1,1988,23,17,0,20,0,17,0,26,0,50
171229,1,1,1988,0,0,0,0,0,0,0,0,0,0
171229,2,1,1988,0,0,0,0,0,0,0,0,8,0
171230,1,1,1988,0,0,0,0,0,0,0,0,0,0
171230,2,1,1988,0,0,0,0,0,0,0,0,0,0
171231,1,1,1988,22,22,22,22,22,22,22,22,22,22
171232,1,1,1988,11,11,11,11,11,11,11,11,11,11
171232,2,1,1988,0,0,0,0,0,0,0,0,0,0
171233,1,1,1988,0,0,0,0,0,0,0,0,0,0
171233,2,1,1988,0,0,0,0,0,0,0,0,0,0
171234,1,1,1988,10,10,10,10,10,10,10,10,10,10
171235,1,1,1988,24,24,24,24,24,24,24,24,24,24
171236,1,1,1988,0,0,0,0,0,0,0,0,0,0
171236,2,1,1988,0,0,0,0,0,0,0,0,0,0
171236,3,1,1988,4,0,0,0,0,0,0,0,0,0
171237,0,1,1988,0,0,0,0,0,0,0,0,0,0
171237,1,1,1988,0,0,0,0,0,0,0,0,0,0
171237,2,1,1988,0,0,0,0,11,0,0,0,0,0
171237,3,1,1988,0,0,0,0,0,0,0,0,0,0
171238,1,1,1988,4,0,21,0,0,16,7,18,0,0
171239,1,1,1988,0,0,0,0,0,0,0,0,0,0
171239,2,1,1988,0,0,0,0,0,0,0,0,0,0