ST_CASE,VEH_NO,PER_NO,YEAR,P1,P2,P3,P4,P5,P6,P7,P8,P9,P10
171526,1,1,1988,16,16,16,16,16,16,16,16,16,16
171526,2,1,1988,0,0,0,0,0,0,0,0,0,0
171527,0,1,1988,0,0,0,0,0,0,0,0,0,0
171527,1,1,1988,0,0,0,0,0,0,0,0,0,0
171528,1,1,1988,25,25,25,25,25,25,25,25,25,25
171529,0,1,1988,0,7,19,11,0,21,0,0,24,0
171529,1,1,1988,0,0,0,0,0,0,0,0,0,0
171530,1,1,1988,0,18,16,0,26,15,21,14,0,22
171530,2,1,1988,38,12,13,0,35,0,0,0,0,0
171530,3,1,1988,0,0,0,0,0,0,0,0,0,0
171531,1,1,1988,13,13,13,13,13,13,13,13,13,13
171531,2,1,1988,0,0,0,0,0,0,0,0,0,0
171532,1,1,1988,0,0,0,0,0,0,0,0,0,0
171532,2,1,1988,0,0,0,0,0,0,0,0,0,14
171533,1,1,1988,12,12,12,12,12,12,12,12,12,12
171534,1,1,1988,21,21,21,21,21,21,21,21,21,21
171535,1,1,1988,0,0,0,0,0,0,0,0,0,0
171535,2,1,1988,13,13,13,13,13,13,13,13,13,13
171536,0,1,1988,0,0,0,0,0,0,0,0,0,0
171536,1,1,1988,0,0,0,0,0,0,0,0,0,0
171537,0,1,1988,0,0,0,0,0,0,0,0,0,0
171537,1,1,1988,0,0,0,0,0,0,0,0,0,13
171539,1,1,1988,0,0,0,0,0,0,0,0,0,0
171540,1,1,1988,14,14,14,14,14,14,14,14,14,14
171541,1,1,1988,0,0,0,0,0,0,0,0,0,0
171541,2,1,1988,0,0,0,0,0,0,0,0,0,0
171542,1,1,1988,0,0,0,0,0,0,0,0,0,0
171543,1,1,1988,0,0,0,0,0,0,0,0,0,0
171544,1,1,1988,31,31,31,31,31,31,31,31,31,31
171545,1,1,1988,19,19,19,19,19,19,19,19,19,19
171545,2,1,1988,0,0,0,0,0,0,0,0,0,0
171546,0,1,1988,0,0,0,0,0,0,0,0,0,0
171546,1,1,1988,6,23,9,22,31,15,0,0,7,11
171547,0,1,1988,0,0,0,0,0,0,0,0,0,0
171547,1,1,1988,0,0,0,0,0,0,0,0,19,0
171548,1,1,1988,17,17,17,17,17,17,17,17,17,17
171549,1,1,1988,0,0,0,0,0,0,0,0,0,0
171550,1,1,1988,0,0,0,0,0,0,0,0,0,0
171551,1,1,1988,16,16,16,16,16,16,16,16,16,16
171552,1,1,1988,0,0,0,0,0,0,0,0,0,0
171553,0,1,1988,0,0,0,0,0,0,0,0,0,0
171553,0,2,1988,0,31,10,0,0,0,0,0,0,0
171553,1,1,1988,0,0,0,0,0,0,0,0,0,11
171553,4,1,1988,0,0,0,0,0,0,0,0,0,0
171554,1,1,1988,16,16,16,16,16,16,16,16,16,16
171554,2,1,1988,16,16,16,16,16,16,16,16,16,16
171554,3,1,1988,0,0,17,0,16,0,0,0,0,0
171555,1,1,1988,20,20,20,20,20,20,20,20,20,20
171556,0,1,1988,6,0,0,0,0,0,0,0,0,0
171556,1,1,1988,2,0,8,19,22,0,18,7,13,15
171557,1,1,1988,21,21,21,21,21,21,21,21,21,21
171558,1,1,1988,0,0,0,0,0,0,0,0,0,0
171559,1,1,1988,14,14,14,14,14,14,14,14,14,14
171560,1,1,1988,40,40,40,40,40,40,40,40,40,40
171560,2,1,1988,21,0,0,12,0,0,0,0,0,0
171560,3,1,1988,0,0,0,0,0,0,0,0,13,0
171561,1,1,1988,0,0,0,0,0,9,0,12,0,15
171561,2,1,1988,0,0,0,0,0,0,0,24,0,0
171561,3,1,1988,0,0,0,0,0,0,0,0,0,0
171562,1,1,1988,15,15,15,15,15,15,15,15,15,15
171563,1,1,1988,1,1,1,1,1,1,1,1,1,1
171564,1,1,1988,24,24,24,24,24,24,24,24,24,24
171565,0,1,1988,0,0,0,0,0,0,0,0,0,0
171565,1,1,1988,0,0,0,0,0,0,0,0,0,0
171566,1,1,1988,0,0,0,0,0,0,0,0,0,0
171566,2,1,1988,0,0,0,0,0,0,0,0,0,0
171567,1,1,1988,16,16,16,16,16,16,16,16,16,16
171568,1,1,1988,0,0,0,0,0,0,0,0,0,0
171568,2,1,1988,0,0,0,0,0,0,0,0,0,0
171569,1,1,1988,0,0,0,0,0,0,0,0,0,0
171569,2,1,1988,0,0,0,0,0,0,0,0,0,0
171570,1,1,1988,0,0,0,0,0,0,0,0,0,0
171570,2,1,1988,0,0,0,0,0,0,0,0,0,0
171571,1,1,1988,0,28,0,0,0,0,0,0,0,0
171572,1,1,1988,0,0,0,0,0,0,0,0,0,0
171573,1,1,1988,0,0,0,0,0,0,0,0,0,0
171574,1,1,1988,0,0,0,0,0,0,0,0,0,0
171575,1,1,1988,0,0,0,0,0,0,0,0,0,0
171576,1,1,1988,0,0,0,0,0,0,0,0,0,0
171577,1,1,1988,0,0,0,0,0,0,0,0,0,0
171578,1,1,1988,0,0,0,0,0,0,0,0,0,0
171578,2,1,1988,0,0,0,0,0,0,0,0,0,0
171579,1,1,1988,0,0,16,0,0,0,0,0,0,0
171579,2,1,1988,4,4,4,4,4,4,4,4,4,4
171580,0,1,1988,0,0,8,0,0,0,0,0,0,0
171580,1,1,1988,0,0,0,0,0,0,0,0,0,0
171581,1,1,1988,0,4,0,0,0,0,0,6,0,13
171581,2,1,1988,0,0,6,0,0,0,0,0,0,0
171582,1,1,1988,24,24,24,24,24,24,24,24,24,24
171582,2,1,1988,0,0,0,0,0,0,0,0,0,0
171582,3,1,1988,0,0,0,0,0,0,0,0,0,0
171583,1,1,1988,0,0,0,0,0,0,0,0,0,0
171583,2,1,1988,0,0,0,0,0,0,0,0,0,0
171584,1,1,1988,0,0,0,0,0,0,0,0,0,0
171585,0,1,1988,0,0,0,0,0,0,0,0,0,0
171585,1,1,1988,0,0,0,0,0,0,0,0,0,0
171586,0,1,1988,0,0,0,22,0,9,0,13,25,10
171586,0,2,1988,0,0,0,0,0,0,0,0,0,0
171586,1,1,1988,0,0,0,0,0,0,0,0,0,0
171587,1,1,1988,18,18,18,18,18,18,18,18,18,18
171587,2,1,1988,24,24,24,24,24,24,24,24,24,24
171588,0,1,1988,0,0,0,0,0,0,0,0,0,0
171588,1,1,1988,0,0,0,0,0,0,8,0,16,0
171589,1,1,1988,27,27,27,27,27,27,27,27,27,27
171590,1,1,1988,0,0,0,0,0,0,0,0,0,0
171591,1,1,1988,0,0,0,0,0,0,0,0,0,0
171592,1,1,1988,18,18,18,18,18,18,18,18,18,18
171593,1,1,1988,0,0,0,0,0,0,0,0,0,0
171594,0,1,1988,1,1,1,1,1,1,1,1,1,1
171594,0,2,1988,1,1,1,1,1,1,1,1,1,1
171594,1,1,1988,0,29,0,0,0,0,0,0,0,0
171595,1,1,1988,5,5,5,5,5,5,5,5,5,5
171596,1,1,1988,7,7,7,7,7,7,7,7,7,7
171597,1,1,1988,17,14,0,6,0,19,0,14,7,0
171598,0,1,1988,25,25,25,25,25,25,25,25,25,25
171598,1,1,1988,5,34,21,12,15,34,10,9,15,12
171599,1,1,1988,0,0,0,0,0,0,0,0,0,0
171600,1,1,1988,10,10,10,10,10,10,10,10,10,10
171601,0,1,1988,0,0,0,0,0,0,0,0,0,0
171601,1,1,1988,22,0,0,0,0,0,0,0,0,0
171602,0,1,1988,0,0,0,0,0,0,0,0,0,0
171602,1,1,1988,0,0,0,0,0,0,0,0,0,0
171603,1,1,1988,0,0,0,0,36,0,0,0,0,0
171603,2,1,1988,0,0,0,0,0,0,0,0,0,0
171604,1,1,1988,0,0,0,0,0,0,0,0,0,0
171605,0,1,1988,0,0,0,10,22,0,0,0,13,20
171605,1,1,1988,0,0,0,0,16,0,0,0,24,0
171606,1,1,1988,17,17,17,17,17,17,17,17,17,17
171607,1,1,1988,0,0,0,0,0,0,0,0,0,0
171607,2,1,1988,0,0,0,0,0,0,0,0,0,0
171608,1,1,1988,0,0,0,0,0,0,0,0,0,0
171608,2,1,1988,0,0,0,0,0,0,0,0,0,0
171609,1,1,1988,0,0,0,0,0,0,0,0,0,0
171609,2,1,1988,0,0,0,0,0,0,0,0,0,0
171610,1,1,1988,15,15,15,15,15,15,15,15,15,15
171611,1,1,1988,0,0,0,0,0,0,0,0,0,0
171611,2,1,1988,0,0,0,0,0,0,0,0,0,0
171612,1,1,1988,0,0,0,0,0,0,20,0,0,0
171612,2,1,1988,0,0,0,0,0,0,0,0,0,0
171613,1,1,1988,33,33,33,33,33,33,33,33,33,33
171614,0,1,1988,0,0,0,0,0,0,0,0,0,0
171614,1,1,1988,0,0,0,0,0,0,0,0,0,0
171615,1,1,1988,16,16,16,16,16,16,16,16,16,16
171616,1,1,1988,18,18,18,18,18,18,18,18,18,18
171616,2,1,1988,0,0,0,0,0,0,0,0,0,0
171618,0,1,1988,0,0,0,0,0,0,0,0,0,0
171618,1,1,1988,17,5,0,5,4,0,14,21,10,14
171619,0,1,1988,31,31,31,31,31,31,31,31,31,31
171619,1,1,1988,20,20,20,20,20,20,20,20,20,20
171620,0,1,1988,27,27,27,27,27,27,27,27,27,27
171620,1,1,1988,12,0,0,0,0,0,0,0,0,0
171621,1,1,1988,22,22,22,22,22,22,22,22,22,22
171621,2,1,1988,0,0,0,0,0,0,0,0,0,0
171622,1,1,1988,29,29,29,29,29,29,29,29,29,29
171623,1,1,1988,0,0,0,0,0,0,0,0,0,0
171624,1,1,1988,0,0,0,0,0,0,0,0,6,0
171624,2,1,1988,0,0,0,0,0,0,0,0,0,0
171625,1,1,1988,15,15,15,15,15,15,15,15,15,15
171626,1,1,1988,0,0,0,0,0,0,0,0,0,0
171626,2,1,1988,0,0,0,0,0,0,0,0,0,0
171627,1,1,1988,0,0,0,0,0,0,0,0,0,0
171627,2,1,1988,0,0,0,0,3,0,0,0,0,0
171628,1,1,1988,5,5,5,5,5,5,5,5,5,5
171628,2,1,1988,5,5,5,5,5,5,5,5,5,5
171628,3,1,1988,0,0,0,0,0,0,0,0,0,0
171629,1,1,1988,0,0,0,0,0,0,0,0,0,0
171630,1,1,1988,0,0,0,0,0,0,0,0,0,0
171630,2,1,1988,0,0,0,0,0,0,0,0,0,0
171631,1,1,1988,14,0,0,0,0,0,0,0,0,0
171631,2,1,1988,0,0,0,0,0,0,0,0,0,0
171632,1,1,1988,0,0,0,0,0,0,0,0,0,0
171632,2,1,1988,0,0,0,0,0,0,0,0,0,0
171633,1,1,1988,0,10,0,2,0,0,0,0,0,0
171633,2,1,1988,0,0,0,0,0,0,0,0,0,0
171634,1,1,1988,0,0,0,0,0,0,0,0,0,0
171634,2,1,1988,0,0,0,0,0,0,0,0,0,0
171635,1,1,1988,6,6,6,6,6,6,6,6,6,6
171635,2,1,1988,0,0,0,0,0,0,0,0,0,0
171636,1,1,1988,0,0,0,0,0,0,0,0,0,0
171637,1,1,1988,0,0,0,0,0,0,0,0,0,0
171637,2,1,1988,0,0,0,0,16,0,0,0,0,0
171638,1,1,1988,0,0,0,0,0,28,0,0,24,0
171638,2,1,1988,0,0,0,0,0,0,0,0,0,0
171638,3,1,1988,0,0,0,0,0,0,0,0,0,0
171638,4,1,1988,0,0,0,0,0,0,0,0,0,0
171638,5,1,1988,0,0,0,0,0,0,0,0,0,0
171638,6,1,1988,0,0,0,0,0,0,0,0,0,0
171638,7,1,1988,0,0,0,0,0,0,0,0,21,0
171638,8,1,1988,0,0,0,0,11,0,0,0,0,8
171639,0,1,1988,0,0,0,0,0,0,0,0,0,0
171639,1,1,1988,0,0,0,0,0,0,0,0,0,0
171640,1,1,1988,8,8,8,8,8,8,8,8,8,8
171640,2,1,1988,0,0,0,0,0,0,0,0,0,0
171641,1,1,1988,16,16,16,16,16,16,16,16,16,16
171642,1,1,1988,28,28,28,28,28,28,28,28,28,28
171643,1,1,1988,0,0,0,0,0,0,0,0,21,0
171644,1,1,1988,40,0,32,0,13,17,18,28,0,21
171645,0,1,1988,23,23,23,23,23,23,23,23,23,23
171645,1,1,1988,0,0,0,0,0,0,0,0,0,0
171646,0,1,1988,0,0,0,0,0,0,0,0,0,0
171646,1,1,1988,0,0,0,24,0,0,0,0,0,9
171647,1,1,1988,13,0,0,3,23,0,0,0,25,0
171648,1,1,1988,0,0,0,0,0,0,0,0,0,0
171648,2,1,1988,0,0,0,0,0,0,0,0,0,0
171648,3,1,1988,0,0,0,0,0,0,0,0,0,0
171648,4,1,1988,0,0,0,0,0,0,0,0,0,0
171648,5,1,1988,0,0,0,16,0,21,0,0,0,0
171648,6,1,1988,0,0,0,0,0,0,0,0,0,0
171648,7,1,1988,0,0,0,19,0,0,0,0,0,0
171648,8,1,1988,0,0,0,0,0,0,0,15,0,0
171648,9,1,1988,0,0,0,0,0,0,0,0,0,0
171648,10,1,1988,0,0,0,0,0,0,0,0,0,0
171649,1,1,1988,0,0,0,0,0,0,0,0,0,0
171649,2,1,1988,0,0,0,0,0,0,0,0,0,0
171650,1,1,1988,0,0,0,0,0,0,0,0,0,0
171651,0,1,1988,0,12,26,19,17,0,30,10,27,36
171651,0,2,1988,51,14,21,17,24,16,22,0,25,9
171651,0,3,1988,13,10,30,0,0,30,38,18,0,21
171651,1,1,1988,6,8,13,7,8,12,9,21,6,6
171652,1,1,1988,20,20,20,20,20,20,20,20,20,20
171652,2,1,1988,0,20,0,0,0,0,0,0,0,0
171653,1,1,1988,18,18,18,18,18,18,18,18,18,18
171653,2,1,1988,6,12,0,10,0,0,15,0,0,0
171654,1,1,1988,0,0,0,0,0,0,0,0,0,0
171654,2,1,1988,0,0,0,0,0,0,0,0,0,0
171655,1,1,1988,9,9,9,9,9,9,9,9,9,9
171655,2,1,1988,23,15,16,31,5,8,10,8,0,8
171656,0,1,1988,29,29,29,29,29,29,29,29,29,29
171656,1,1,1988,0,0,0,0,0,0,0,0,0,0
171657,1,1,1988,0,0,0,0,0,0,0,0,0,0
171658,0,1,1988,19,0,0,23,0,47,0,26,0,24
171658,1,1,1988,0,0,0,9,16,0,0,19,0,0
171659,0,1,1988,35,35,35,35,35,35,35,35,35,35
171659,1,1,1988,0,0,0,0,0,0,0,0,0,0
171660,0,1,1988,10,0,0,0,0,0,0,18,9,0
171660,1,1,1988,25,25,25,25,25,25,25,25,25,25
171661,0,1,1988,0,0,0,0,0,0,0,0,0,0
171661,1,1,1988,15,0,0,14,0,0,0,0,0,0
171662,1,1,1988,28,28,28,28,28,28,28,28,28,28
171662,2,1,1988,0,0,0,0,0,0,0,0,0,0
171663,0,1,1988,14,14,14,14,14,14,14,14,14,14
171663,1,1,1988,0,0,0,3,0,0,0,0,0,0
171664,1,1,1988,0,0,0,0,0,0,0,0,0,0
171664,2,1,1988,0,0,22,0,0,0,0,0,0,0
171664,3,1,1988,0,0,0,0,0,0,0,0,0,0
171664,4,1,1988,0,0,0,0,0,0,0,0,0,0
171665,1,1,1988,0,0,0,0,0,0,0,0,0,0
171666,1,1,1988,0,0,0,0,0,0,0,0,0,0
171667,1,1,1988,12,12,12,12,12,12,12,12,12,12
171667,2,1,1988,0,0,0,0,0,0,0,0,0,0
171668,1,1,1988,8,23,19,16,12,14,0,16,9,28
171669,0,1,1988,0,0,0,0,0,0,20,0,23,0
171669,1,1,1988,0,0,4,0,0,0,0,0,0,0
171670,1,1,1988,10,10,10,10,10,10,10,10,10,10
171670,2,1,1988,0,0,0,0,0,0,0,0,0,0
171671,0,1,1988,3,0,0,0,0,14,0,0,22,16
171671,1,1,1988,0,0,0,0,0,0,0,0,0,0
171672,1,1,1988,16,0,26,0,9,23,8,0,0,0
171672,2,1,1988,0,0,0,0,0,0,0,0,0,0
171673,1,1,1988,40,40,40,40,40,40,40,40,40,40
171673,2,1,1988,0,0,0,0,0,0,0,0,0,0
171674,1,1,1988,0,0,0,0,0,0,0,0,0,0
171674,2,1,1988,0,0,0,0,0,0,0,0,0,0
171675,1,1,1988,18,16,29,22,35,18,13,17,18,21
171676,1,1,1988,22,22,22,22,22,22,22,22,22,22
171676,2,1,1988,0,0,0,0,0,0,0,0,0,0
171677,1,1,1988,0,0,0,0,0,0,0,0,0,0
171677,2,1,1988,15,0,0,0,0,0,0,0,0,0
171678,1,1,1988,0,0,0,0,0,0,0,0,0,0
171678,2,1,1988,0,0,0,0,0,0,3,0,0,0
171679,1,1,1988,0,0,0,0,0,0,0,0,0,0
171680,1,1,1988,21,21,21,21,21,21,21,21,21,21
171681,1,1,1988,20,20,20,20,20,20,20,20,20,20
171682,1,1,1988,42,0,0,0,0,0,0,0,11,0
171682,2,1,1988,0,0,0,0,0,0,0,0,0,0
171683,1,1,1988,0,8,0,0,0,0,0,0,0,0
171683,2,1,1988,0,0,0,0,0,0,0,0,0,0
171684,1,1,1988,0,0,0,0,0,0,0,0,0,0
171684,2,1,1988,0,0,0,0,0,0,0,0,0,0
171685,1,1,1988,14,14,14,14,14,14,14,14,14,14
171685,2,1,1988,4,4,4,4,4,4,4,4,4,4
171686,1,1,1988,0,0,0,0,0,0,0,0,0,0
171687,1,1,1988,0,0,0,0,0,0,0,0,17,0
171688,1,1,1988,17,17,17,17,17,17,17,17,17,17
171688,2,1,1988,0,0,21,0,0,0,0,0,0,21
171689,1,1,1988,18,17,32,22,26,33,0,36,30,36
171690,1,1,1988,0,0,0,0,0,0,0,0,0,0
171691,1,1,1988,0,0,0,0,0,0,0,0,0,0
171691,2,1,1988,0,0,0,0,0,0,0,0,0,0
171691,3,1,1988,0,0,6,0,0,0,0,0,0,0
171691,4,1,1988,0,0,0,0,0,0,0,0,0,0
171691,5,1,1988,0,0,0,0,0,0,0,0,0,0
171692,1,1,1988,17,17,17,17,17,17,17,17,17,17
171693,1,1,1988,0,0,0,0,0,0,0,0,0,0
171694,1,1,1988,0,0,0,0,0,0,0,0,0,0
171697,0,1,1988,0,0,0,0,0,0,0,0,0,0
171697,1,1,1988,0,0,0,0,0,0,0,0,0,0
171698,1,1,1988,0,0,0,0,0,0,0,0,0,0
171698,2,1,1988,0,0,0,0,0,0,0,0,0,0
180001,1,1,1988,0,0,0,0,0,0,0,0,0,0
180002,1,1,1988,24,24,24,24,24,24,24,24,24,24
180003,1,1,1988,0,0,0,0,0,0,0,0,0,0
180003,2,1,1988,33,33,33,33,33,33,33,33,33,33
180005,0,1,1988,46,0,0,0,0,0,0,0,0,0
180005,2,1,1988,16,6,15,14,0,12,11,17,17,0
180006,1,1,1988,8,8,8,8,8,8,8,8,8,8
180006,2,1,1988,0,0,0,0,0,0,0,0,0,0
180007,0,1,1988,0,0,0,0,0,0,0,0,0,0
180007,1,1,1988,0,0,0,0,0,0,0,0,0,0
180007,2,1,1988,6,6,6,6,6,6,6,6,6,6
180008,1,1,1988,8,8,8,8,8,8,8,8,8,8
180009,1,1,1988,0,0,0,19,0,0,0,0,0,0
180009,2,1,1988,10,10,10,10,10,10,10,10,10,10
180010,1,1,1988,21,21,21,21,21,21,21,21,21,21
180010,2,1,1988,0,0,0,0,0,0,0,0,0,0
180011,1,1,1988,0,0,0,0,0,0,0,0,0,0
180011,2,1,1988,22,22,22,22,22,22,22,22,22,22
180012,1,1,1988,19,19,19,19,19,19,19,19,19,19
180013,1,1,1988,38,38,38,38,38,38,38,38,38,38
180013,2,1,1988,0,0,0,0,0,0,0,0,0,0
180014,1,1,1988,0,0,0,0,0,0,0,0,0,0
180014,2,1,1988,0,0,0,0,0,0,0,0,0,0
180014,3,1,1988,0,0,0,0,0,0,0,0,0,0
180014,4,1,1988,0,0,0,0,0,0,0,0,0,0
180015,1,1,1988,0,0,0,0,0,0,0,0,0,0
180016,1,1,1988,0,0,0,0,0,0,0,0,0,0
180016,2,1,1988,0,0,0,0,0,0,0,0,0,0
180017,1,1,1988,14,14,14,14,14,14,14,14,14,14
180017,2,1,1988,0,0,0,0,0,0,0,0,0,0
180018,0,1,1988,0,0,0,0,0,0,0,0,0,0
180018,1,1,1988,0,0,0,0,0,0,0,0,0,0
180019,1,1,1988,8,8,8,8,8,8,8,8,8,8
180020,1,1,1988,20,3,0,41,28,26,22,19,9,15
180021,1,1,1988,14,14,14,14,14,14,14,14,14,14
180022,1,1,1988,27,27,27,27,27,27,27,27,27,27
180023,1,1,1988,0,0,0,0,0,0,0,0,0,0
180024,1,1,1988,17,0,0,0,0,0,0,0,0,0
180024,2,1,1988,0,0,0,0,0,0,0,0,0,0
180025,1,1,1988,0,0,0,0,0,0,0,0,0,0
180026,1,1,1988,0,0,0,0,0,0,0,0,0,0
180027,1,1,1988,0,0,0,0,0,0,0,0,0,0
180027,2,1,1988,0,0,0,0,0,0,0,0,0,0
180028,1,1,1988,16,16,16,16,16,16,16,16,16,16
180029,0,1,1988,0,0,0,0,0,0,0,0,0,0
180029,1,1,1988,0,0,0,0,0,0,0,0,0,0
180030,1,1,1988,0,0,0,0,0,0,0,0,0,0
180030,2,1,1988,0,0,0,0,0,0,0,0,0,0
180031,1,1,1988,0,0,0,0,0,0,0,0,0,0
180032,0,1,1988,0,7,0,0,0,0,0,0,0,17
180032,1,1,1988,0,0,0,0,0,0,0,0,0,0
180033,1,1,1988,0,0,0,0,0,0,0,0,0,0
180033,2,1,1988,0,0,0,0,0,0,0,0,0,0
180035,1,1,1988,0,0,0,0,0,0,0,0,0,0
180035,2,1,1988,0,0,0,0,0,0,0,0,0,0
180036,1,1,1988,0,0,0,0,0,0,0,0,0,0
180036,2,1,1988,0,0,0,0,0,0,0,0,0,0
180038,1,1,1988,0,0,0,0,0,0,0,11,0,0
180038,2,1,1988,0,0,0,0,0,0,0,0,0,0
180039,1,1,1988,0,0,0,0,0,0,0,0,0,0
180039,2,1,1988,0,0,0,0,0,0,0,0,0,0
180039,3,1,1988,0,0,0,0,0,0,0,0,0,0
180040,1,1,1988,12,12,12,12,12,12,12,12,12,12
180041,1,1,1988,20,20,20,20,20,20,20,20,20,20
180042,1,1,1988,0,0,0,0,0,0,0,0,0,0
180042,2,1,1988,0,0,0,0,0,0,0,0,0,0
180043,1,1,1988,0,0,0,0,0,0,0,0,0,0
180044,1,1,1988,0,0,0,0,0,0,0,0,0,0
180044,2,1,1988,13,13,13,13,13,13,13,13,13,13
180045,1,1,1988,0,0,0,0,0,0,0,0,0,0
180046,1,1,1988,0,10,0,0,0,0,0,0,0,0
180046,2,1,1988,0,0,0,0,0,0,0,0,0,0
180047,1,1,1988,0,0,0,0,0,0,0,0,0,0
180047,2,1,1988,0,0,0,0,0,0,0,0,0,0
180048,1,1,1988,18,18,18,18,18,18,18,18,18,18
180049,1,1,1988,0,0,0,0,0,0,0,0,0,0
180049,2,1,1988,0,0,0,0,0,0,0,0,0,0
180050,1,1,1988,21,21,21,21,21,21,21,21,21,21
180051,1,1,1988,0,0,0,0,0,0,0,0,0,0
180052,1,1,1988,0,0,0,0,0,0,0,0,0,0
180053,1,1,1988,6,6,6,6,6,6,6,6,6,6
180054,1,1,1988,1,1,1,1,1,1,1,1,1,1
180054,2,1,1988,0,0,0,0,0,0,0,0,0,0
180055,1,1,1988,0,0,0,0,0,0,0,0,0,0
180056,0,1,1988,20,20,20,20,20,20,20,20,20,20
180056,1,1,1988,0,0,0,5,0,0,0,0,0,0
180058,0,1,1988,0,0,0,0,0,0,0,0,0,0
180058,1,1,1988,0,0,0,0,0,0,0,0,0,0
180059,1,1,1988,6,6,6,6,6,6,6,6,6,6
180060,1,1,1988,19,19,19,19,19,19,19,19,19,19
180061,1,1,1988,0,0,0,0,0,0,17,0,0,0
180061,2,1,1988,0,0,0,0,0,0,0,0,0,0
180062,1,1,1988,0,0,0,0,0,0,0,0,0,0
180062,2,1,1988,0,0,0,0,0,0,0,0,0,0
180065,1,1,1988,0,0,0,0,0,0,0,0,0,0
180065,2,1,1988,0,0,0,0,0,0,0,0,0,0
180066,1,1,1988,0,0,0,0,0,0,0,0,0,0
180067,1,1,1988,12,0,0,0,22,18,0,0,0,0
180067,2,1,1988,0,0,0,0,0,0,0,0,0,17
180067,3,1,1988,4,0,20,0,0,0,0,0,0,0
180068,1,1,1988,0,0,0,0,0,0,0,0,0,0
180069,1,1,1988,25,25,25,25,25,25,25,25,25,25
180070,1,1,1988,0,0,0,0,0,0,0,0,0,0
180070,2,1,1988,0,0,0,0,0,0,0,0,0,0
180071,1,1,1988,1,1,1,1,1,1,1,1,1,1
180071,2,1,1988,0,0,0,0,0,0,0,0,0,0
180072,1,1,1988,13,13,13,13,13,13,13,13,13,13
180073,1,1,1988,0,0,0,0,0,0,0,0,0,0
180073,2,1,1988,0,0,0,0,0,0,0,0,0,0
180074,1,1,1988,0,0,0,0,0,0,0,0,0,0
180075,1,1,1988,0,0,0,0,0,0,0,0,0,0
180076,0,1,1988,0,0,0,0,0,0,0,0,0,0
180076,1,1,1988,0,0,0,0,0,0,0,0,0,0
180076,2,1,1988,0,22,0,0,29,10,0,0,0,26
180077,0,1,1988,0,0,0,0,0,0,0,0,0,0
180077,1,1,1988,0,0,0,0,0,0,0,0,0,0
180078,1,1,1988,0,0,0,0,0,0,0,0,0,0
180078,2,1,1988,14,0,0,4,0,0,0,0,0,0
180079,1,1,1988,0,0,0,0,0,0,0,0,0,0
180079,2,1,1988,0,0,0,0,0,0,0,0,0,0
180080,1,1,1988,0,0,0,0,0,0,0,0,0,0
180080,2,1,1988,0,0,0,0,0,0,0,0,0,0
180081,1,1,1988,13,13,13,13,13,13,13,13,13,13
180082,1,1,1988,23,23,23,23,23,23,23,23,23,23
180083,1,1,1988,0,0,0,0,0,0,0,0,0,0
180083,2,1,1988,5,5,5,5,5,5,5,5,5,5
180084,1,1,1988,15,15,15,15,15,15,15,15,15,15
180084,2,1,1988,0,0,0,0,0,0,0,0,0,0
180085,1,1,1988,0,0,0,0,0,0,0,0,0,0
180085,2,1,1988,0,0,0,0,0,0,0,0,0,0
180086,1,1,1988,7,32,13,21,17,19,0,12,16,27
180087,1,1,1988,0,0,0,0,0,0,0,0,0,0
180088,1,1,1988,0,0,0,0,0,0,0,0,0,0
180088,2,1,1988,0,0,0,0,0,0,0,0,0,0
180089,1,1,1988,0,0,0,0,0,0,0,15,7,0
180089,2,1,1988,0,15,0,0,0,21,0,0,0,0
180089,3,1,1988,0,0,0,0,0,0,0,0,0,0
180090,1,1,1988,0,0,0,0,0,0,0,0,0,0
180090,2,1,1988,0,0,0,0,0,0,0,0,0,0
180091,1,1,1988,14,14,14,14,14,14,14,14,14,14
180092,1,1,1988,13,13,13,13,13,13,13,13,13,13
180094,1,1,1988,22,22,22,22,22,22,22,22,22,22
180095,1,1,1988,0,0,0,0,0,0,0,0,0,0
180095,2,1,1988,0,0,0,0,0,0,0,0,0,0
180096,1,1,1988,0,0,0,0,0,0,0,0,0,0
180097,1,1,1988,24,24,24,24,24,24,24,24,24,24
180098,1,1,1988,0,0,0,0,0,0,0,0,0,0
180098,2,1,1988,0,0,0,0,0,0,0,0,0,0
180099,1,1,1988,0,0,0,0,0,0,0,0,0,0
180099,2,1,1988,0,0,0,0,0,0,0,0,0,0
180100,1,1,1988,2,2,2,2,2,2,2,2,2,2
180101,1,1,1988,12,12,12,12,12,12,12,12,12,12
180102,0,1,1988,0,0,0,0,0,0,0,0,0,0
180102,1,1,1988,0,0,0,0,0,0,0,0,0,0
180103,1,1,1988,0,0,0,0,0,0,0,0,0,0
180104,1,1,1988,30,30,30,30,30,30,30,30,30,30
180104,2,1,1988,0,0,14,0,0,0,0,0,0,0
180105,1,1,1988,21,21,21,21,21,21,21,21,21,21
180105,2,1,1988,0,0,0,0,0,0,0,0,0,0
180106,1,1,1988,24,24,24,24,24,24,24,24,24,24
180107,1,1,1988,0,0,0,0,0,0,0,0,0,0
180107,2,1,1988,0,0,0,16,0,0,0,0,0,0
180108,1,1,1988,17,17,17,17,17,17,17,17,17,17
180108,2,1,1988,0,0,0,0,0,0,0,0,0,0
180109,1,1,1988,5,5,5,5,5,5,5,5,5,5
180110,1,1,1988,15,0,19,0,0,10,12,25,13,3
180110,2,1,1988,22,22,22,22,22,22,22,22,22,22