ST_CASE,VEH_NO,PER_NO,YEAR,P1,P2,P3,P4,P5,P6,P7,P8,P9,P10
180111,1,1,1988,13,13,13,13,13,13,13,13,13,13
180112,1,1,1988,0,0,0,0,0,0,0,0,0,0
180112,2,1,1988,0,0,0,0,0,0,0,0,0,0
180112,3,1,1988,0,0,0,0,0,0,0,0,0,0
180113,1,1,1988,19,19,19,19,19,19,19,19,19,19
180114,1,1,1988,3,3,3,3,3,3,3,3,3,3
180114,2,1,1988,0,0,0,0,0,0,0,0,0,0
180115,1,1,1988,0,0,0,0,0,0,0,0,0,0
180115,2,1,1988,0,0,0,0,0,0,0,0,0,0
180116,1,1,1988,0,0,0,0,0,0,0,0,0,0
180118,0,1,1988,0,0,0,0,0,0,0,0,0,0
180118,1,1,1988,0,0,0,0,0,0,0,0,0,0
180119,1,1,1988,0,0,0,0,0,0,0,0,0,0
180121,1,1,1988,0,0,0,0,0,0,0,0,0,0
180121,2,1,1988,0,0,0,0,0,0,0,12,0,0
180122,1,1,1988,23,23,23,23,23,23,23,23,23,23
180124,1,1,1988,0,0,0,0,0,0,0,0,0,0
180124,2,1,1988,0,0,0,0,0,0,0,0,0,0
180125,1,1,1988,0,0,0,0,0,0,0,0,0,0
180128,1,1,1988,0,0,0,0,0,0,0,0,0,0
180128,2,1,1988,0,0,0,0,0,0,0,0,0,0
180129,1,1,1988,0,0,0,0,0,0,0,0,0,0
180129,2,1,1988,0,0,0,0,0,0,0,0,0,0
180131,1,1,1988,0,0,0,0,0,0,0,0,0,0
180132,1,1,1988,0,0,0,0,0,0,0,0,0,0
180132,2,1,1988,0,0,0,0,0,0,0,0,0,0
180133,1,1,1988,2,2,2,2,2,2,2,2,2,2
180133,2,1,1988,0,0,0,0,0,0,0,0,0,0
180134,1,1,1988,0,0,0,0,0,0,0,0,0,0
180134,2,1,1988,0,0,0,0,0,0,0,0,0,0
180135,1,1,1988,0,0,0,0,0,0,0,0,0,0
180135,2,1,1988,21,21,21,21,21,21,21,21,21,21
180136,1,1,1988,0,0,0,0,0,0,0,0,0,0
180136,2,1,1988,18,18,18,18,18,18,18,18,18,18
180137,1,1,1988,0,0,0,0,0,0,0,0,0,0
180137,2,1,1988,0,0,0,0,0,0,0,0,0,0
180138,1,1,1988,0,0,25,0,12,17,0,17,9,0
180138,2,1,1988,0,0,0,0,0,0,0,0,0,0
180139,1,1,1988,0,0,0,0,0,0,0,0,0,0
180139,2,1,1988,0,0,0,0,0,0,0,0,0,0
180139,3,1,1988,0,0,0,0,0,0,0,0,0,0
180140,1,1,1988,0,0,0,0,0,0,0,0,0,0
180140,2,1,1988,0,0,0,0,0,0,0,0,0,0
180141,1,1,1988,0,0,0,0,0,0,0,0,0,0
180141,2,1,1988,0,0,0,0,0,0,0,0,0,0
180142,1,2,1988,9,9,9,9,9,9,9,9,9,9
180142,2,1,1988,0,0,0,0,0,0,0,0,0,0
180143,1,1,1988,24,24,24,24,24,24,24,24,24,24
180143,2,1,1988,13,13,13,13,13,13,13,13,13,13
180144,0,1,1988,25,25,25,25,25,25,25,25,25,25
180144,1,1,1988,10,13,13,17,34,0,0,8,15,13
180145,1,1,1988,0,0,0,0,0,0,0,0,0,0
180146,1,1,1988,0,0,0,0,0,0,0,0,0,0
180146,2,1,1988,0,0,0,0,0,0,0,0,0,0
180147,1,1,1988,16,16,16,16,16,16,16,16,16,16
180148,1,1,1988,0,0,0,0,0,0,0,0,0,0
180148,2,1,1988,0,0,0,0,0,0,0,0,0,0
180151,1,1,1988,0,0,0,0,0,0,0,0,0,0
180151,2,1,1988,0,0,0,0,0,0,0,0,0,10
180152,1,1,1988,0,0,0,0,0,0,0,0,0,0
180152,2,1,1988,0,0,0,0,0,0,0,0,0,0
180153,1,1,1988,0,0,0,0,0,0,0,0,0,0
180153,2,1,1988,8,8,8,8,8,8,8,8,8,8
180153,3,1,1988,27,0,0,0,0,5,0,0,0,0
180154,1,1,1988,16,16,16,16,16,16,16,16,16,16
180155,0,1,1988,0,0,0,5,30,16,10,0,0,0
180155,1,1,1988,0,0,0,0,0,0,0,0,0,0
180156,1,1,1988,0,0,0,0,0,0,0,0,0,0
180156,2,1,1988,0,0,0,0,0,0,0,0,0,0
180157,1,1,1988,0,0,0,0,0,0,0,0,0,0
180157,2,1,1988,0,0,0,0,0,0,0,0,0,0
180158,1,1,1988,24,24,24,24,24,24,24,24,24,24
180158,2,1,1988,0,0,0,0,0,0,0,0,0,0
180159,1,1,1988,0,0,0,0,0,0,0,0,0,0
180159,2,1,1988,0,0,5,0,0,0,0,0,0,0
180159,3,1,1988,0,0,0,0,0,0,0,35,0,0
180160,1,1,1988,10,10,10,10,10,10,10,10,10,10
180161,1,1,1988,22,22,22,22,22,22,22,22,22,22
180161,2,1,1988,0,0,0,0,0,0,0,0,0,0
180162,1,1,1988,26,26,26,26,26,26,26,26,26,26
180163,1,1,1988,0,0,0,0,0,0,0,0,0,0
180163,2,1,1988,0,0,0,0,0,0,0,0,0,0
180164,0,1,1988,33,33,33,33,33,33,33,33,33,33
180164,1,1,1988,0,0,0,0,0,0,0,0,0,0
180165,1,1,1988,23,23,23,23,23,23,23,23,23,23
180166,1,1,1988,29,29,29,29,29,29,29,29,29,29
180166,2,1,1988,0,0,0,0,0,0,0,0,0,0
180167,1,1,1988,0,0,0,0,0,0,0,0,0,0
180168,1,1,1988,0,0,0,0,0,0,0,0,0,0
180168,2,1,1988,8,8,8,8,8,8,8,8,8,8
180169,1,1,1988,0,0,0,0,0,0,0,0,0,0
180170,1,1,1988,23,23,23,23,23,23,23,23,23,23
180171,0,1,1988,0,0,0,0,0,0,0,0,0,0
180171,1,1,1988,0,0,0,0,0,0,0,0,0,0
180172,1,1,1988,0,0,0,0,0,0,0,0,0,0
180172,2,1,1988,0,0,0,0,0,0,0,0,0,0
180173,0,1,1988,0,20,29,0,30,5,15,0,0,31
180173,1,1,1988,0,0,0,0,0,0,0,0,0,0
180175,1,1,1988,0,0,0,0,0,0,0,0,0,0
180176,1,1,1988,0,0,0,0,0,0,0,0,0,0
180176,2,1,1988,19,19,19,19,19,19,19,19,19,19
180177,0,1,1988,0,0,0,0,0,0,0,0,0,0
180177,1,1,1988,14,14,14,14,14,14,14,14,14,14
180178,1,1,1988,0,0,0,0,0,0,0,0,0,0
180178,2,1,1988,0,0,0,0,0,0,0,0,0,0
180179,1,1,1988,18,18,18,18,18,18,18,18,18,18
180180,1,1,1988,0,0,0,0,0,0,0,0,0,0
180180,2,1,1988,0,0,0,0,0,0,10,0,0,0
180181,1,1,1988,0,0,0,0,0,0,0,0,0,0
180181,2,1,1988,0,0,0,0,0,0,0,0,0,0
180182,1,1,1988,0,0,0,0,0,0,0,0,0,0
180183,1,1,1988,17,17,17,17,17,17,17,17,17,17
180183,2,1,1988,6,6,6,6,6,6,6,6,6,6
180184,1,1,1988,8,22,11,30,0,0,8,25,14,20
180185,1,1,1988,0,17,0,0,0,18,0,0,0,0
180186,1,1,1988,0,0,0,0,0,0,0,0,0,0
180186,2,1,1988,23,0,0,0,0,0,0,0,0,0
180187,1,1,1988,8,0,0,6,0,10,0,0,0,25
180188,0,1,1988,29,29,29,29,29,29,29,29,29,29
180188,1,1,1988,0,0,0,0,0,0,0,0,0,0
180189,1,1,1988,0,0,0,0,0,0,0,0,0,0
180189,2,1,1988,20,20,20,20,20,20,20,20,20,20
180190,0,1,1988,0,0,0,0,0,0,0,0,0,0
180190,1,1,1988,27,9,5,19,23,11,7,12,6,11
180191,1,1,1988,0,0,0,0,0,0,0,0,0,0
180191,2,1,1988,0,0,0,0,0,0,0,0,0,0
180192,1,1,1988,0,0,0,0,0,0,0,0,0,0
180193,1,1,1988,0,0,18,0,15,0,0,0,0,0
180194,1,1,1988,26,26,26,26,26,26,26,26,26,26
180196,1,1,1988,0,0,0,0,0,0,0,0,0,0
180196,2,1,1988,0,0,0,0,0,0,0,0,0,0
180197,1,1,1988,43,43,43,43,43,43,43,43,43,43
180198,1,1,1988,0,0,0,0,0,0,0,0,0,0
180199,0,1,1988,0,0,0,0,0,0,0,0,0,0
180199,1,1,1988,0,0,0,0,0,0,0,0,0,0
180200,1,1,1988,15,15,15,15,15,15,15,15,15,15
180200,2,1,1988,0,0,0,0,0,0,0,0,0,0
180201,1,1,1988,13,13,13,13,13,13,13,13,13,13
180202,1,1,1988,0,0,0,0,0,0,0,0,0,0
180202,2,1,1988,0,0,0,0,0,0,0,0,0,0
180203,1,1,1988,16,16,16,16,16,16,16,16,16,16
180204,1,1,1988,0,0,0,0,0,0,0,0,0,0
180205,1,1,1988,0,0,0,0,0,0,0,0,0,0
180206,1,1,1988,0,0,0,0,0,0,0,0,0,0
180206,2,1,1988,0,0,0,0,0,0,0,0,0,0
180207,1,1,1988,0,0,0,0,0,0,0,0,0,0
180208,1,1,1988,15,15,15,15,15,15,15,15,15,15
180209,1,1,1988,15,15,15,15,15,15,15,15,15,15
180209,2,1,1988,0,0,0,0,0,0,0,0,0,4
180210,1,1,1988,16,18,0,19,9,0,0,18,13,0
180211,1,1,1988,29,29,29,29,29,29,29,29,29,29
180213,0,1,1988,15,15,15,15,15,15,15,15,15,15
180213,1,1,1988,0,0,0,0,0,0,0,13,0,0
180213,2,1,1988,19,0,0,0,0,10,0,0,0,0
180214,1,1,1988,0,0,0,0,0,0,0,0,0,0
180215,1,1,1988,0,0,0,0,0,0,0,0,0,0
180215,2,1,1988,0,0,0,0,0,0,0,0,0,0
180216,1,1,1988,0,0,0,0,0,0,0,0,0,0
180216,2,1,1988,0,0,0,0,0,0,0,0,0,0
180217,1,1,1988,10,10,10,10,10,10,10,10,10,10
180217,2,1,1988,0,0,0,0,0,0,0,0,0,0
180218,1,1,1988,0,0,0,0,0,0,0,0,0,0
180219,1,1,1988,0,0,0,0,0,0,0,0,0,0
180221,1,1,1988,0,0,0,0,0,0,0,0,0,0
180221,2,1,1988,0,0,0,0,0,0,0,0,0,0
180222,1,1,1988,0,0,0,0,0,0,0,0,0,0
180222,2,1,1988,0,0,0,0,0,0,0,0,0,0
180223,1,1,1988,27,27,27,27,27,27,27,27,27,27
180224,1,1,1988,0,0,0,0,0,0,0,0,0,0
180224,2,1,1988,0,0,0,0,0,0,0,0,0,0
180225,1,1,1988,0,0,0,0,0,0,0,0,0,0
180226,1,1,1988,0,0,0,0,0,0,0,0,0,0
180226,2,1,1988,17,17,17,17,17,17,17,17,17,17
180227,1,1,1988,0,0,0,0,0,0,0,0,0,0
180227,2,1,1988,0,0,0,0,0,0,0,0,0,0
180228,1,1,1988,0,22,17,0,0,35,0,0,0,0
180228,2,1,1988,0,0,0,0,0,0,0,0,0,0
180229,1,1,1988,18,18,18,18,18,18,18,18,18,18
180230,1,1,1988,16,16,16,16,16,16,16,16,16,16
180231,0,1,1988,0,0,0,0,0,0,0,0,0,0
180231,1,1,1988,0,0,0,0,0,0,0,0,0,0
180232,1,1,1988,0,0,0,0,9,0,0,0,0,0
180232,2,1,1988,0,0,0,0,0,0,0,0,0,0
180233,1,1,1988,10,10,10,10,10,10,10,10,10,10
180233,2,1,1988,0,0,0,0,0,0,0,0,0,0
180234,0,1,1988,0,0,0,0,0,0,0,0,0,0
180234,1,1,1988,0,0,0,0,0,0,0,0,0,0
180235,1,1,1988,10,10,10,10,10,10,10,10,10,10
180235,2,1,1988,6,6,6,6,6,6,6,6,6,6
180236,1,1,1988,0,0,0,0,0,0,0,0,0,0
180236,2,1,1988,0,0,0,0,0,0,0,0,0,0
180237,1,1,1988,0,0,0,0,0,0,0,0,0,0
180238,1,1,1988,0,0,0,0,0,0,0,0,0,0
180238,2,1,1988,0,0,0,0,0,0,0,0,0,0
180239,1,1,1988,8,8,8,8,8,8,8,8,8,8
180240,1,1,1988,23,23,23,23,23,23,23,23,23,23
180240,2,1,1988,13,13,13,13,13,13,13,13,13,13
180241,1,1,1988,0,0,0,0,0,0,0,0,0,0
180241,2,1,1988,0,0,0,0,0,0,0,0,0,0
180242,1,1,1988,0,0,0,0,0,0,0,0,0,0
180242,2,1,1988,0,0,0,0,0,0,0,0,0,0
180243,0,1,1988,23,23,23,23,23,23,23,23,23,23
180243,1,1,1988,0,0,0,0,0,0,0,0,0,0
180244,1,1,1988,0,0,0,0,0,0,0,0,0,0
180244,2,1,1988,0,0,0,12,12,30,10,20,10,0
180245,1,1,1988,9,9,9,9,9,9,9,9,9,9
180246,1,1,1988,12,12,12,12,12,12,12,12,12,12
180247,1,1,1988,28,28,28,28,28,28,28,28,28,28
180248,1,1,1988,12,0,10,0,0,0,0,0,0,0
180248,2,1,1988,0,0,0,11,0,0,0,17,0,12
180249,1,1,1988,0,0,0,0,0,0,0,0,0,0
180249,2,1,1988,0,0,0,0,0,0,0,0,0,0
180249,3,1,1988,0,0,0,0,0,0,0,0,0,7
180250,1,1,1988,27,27,27,27,27,27,27,27,27,27
180251,1,1,1988,27,27,18,27,15,18,26,17,14,13
180253,0,1,1988,0,0,0,0,0,0,0,0,0,0
180253,1,1,1988,1,1,1,1,1,1,1,1,1,1
180254,1,1,1988,14,14,14,14,14,14,14,14,14,14
180255,1,1,1988,15,15,15,15,15,15,15,15,15,15
180256,1,1,1988,12,12,12,12,12,12,12,12,12,12
180257,1,1,1988,10,10,10,10,10,10,10,10,10,10
180258,1,1,1988,0,0,0,0,0,0,0,0,0,0
180258,2,1,1988,0,0,0,0,0,0,0,0,0,0
180259,1,1,1988,15,15,15,15,15,15,15,15,15,15
180259,2,1,1988,0,0,0,0,0,0,0,0,0,0
180260,1,1,1988,12,12,12,12,12,12,12,12,12,12
180260,2,1,1988,0,0,0,0,0,0,0,0,0,0
180261,1,1,1988,0,0,0,0,0,0,0,0,0,0
180261,2,1,1988,0,0,0,0,0,0,0,0,0,0
180261,3,1,1988,0,0,0,0,0,0,0,0,0,0
180262,0,1,1988,0,0,0,0,0,0,0,0,0,0
180262,1,1,1988,0,0,0,10,0,0,0,0,0,0
180263,1,1,1988,0,0,0,0,0,0,0,0,0,0
180263,2,1,1988,0,0,0,0,0,0,0,0,0,0
180263,3,1,1988,0,0,0,0,0,0,0,0,0,0
180264,1,1,1988,0,0,0,0,0,0,0,0,0,0
180264,2,1,1988,0,0,0,0,0,0,0,0,0,0
180265,0,1,1988,0,0,0,0,0,0,0,0,0,0
180265,0,2,1988,0,0,0,13,14,0,0,12,0,32
180265,1,1,1988,0,0,0,0,0,0,0,0,0,0
180266,1,1,1988,12,12,12,12,12,12,12,12,12,12
180267,1,1,1988,21,21,21,21,21,21,21,21,21,21
180269,1,1,1988,0,0,8,0,0,2,7,0,0,0
180269,2,1,1988,0,0,0,0,11,0,20,0,0,0
180270,1,1,1988,16,16,16,16,16,16,16,16,16,16
180270,2,1,1988,10,10,10,10,10,10,10,10,10,10
180271,1,1,1988,20,20,20,20,20,20,20,20,20,20
180272,1,1,1988,20,20,20,20,20,20,20,20,20,20
180273,1,1,1988,0,0,0,0,0,0,0,0,0,0
180274,1,1,1988,0,0,0,0,0,0,0,0,0,0
180275,1,1,1988,0,0,0,0,0,0,0,0,0,0
180275,2,1,1988,0,0,0,0,0,0,0,0,0,0
180276,1,1,1988,9,9,9,9,9,9,9,9,9,9
180277,1,1,1988,0,0,0,0,0,0,0,0,0,0
180278,1,1,1988,0,0,0,0,14,0,0,0,0,0
180278,2,1,1988,0,0,0,0,0,0,0,0,0,0
180279,1,1,1988,0,0,0,0,0,0,0,0,0,0
180280,0,1,1988,0,0,17,0,0,0,21,21,16,31
180280,1,1,1988,16,16,16,16,16,16,16,16,16,16
180281,1,1,1988,0,0,0,0,0,0,0,0,0,0
180281,2,1,1988,6,6,6,6,6,6,6,6,6,6
180282,1,1,1988,0,0,0,0,0,0,0,0,0,0
180282,2,1,1988,0,0,0,0,0,0,0,0,6,36
180283,1,1,1988,0,0,0,0,0,0,0,0,0,0
180285,1,1,1988,9,4,14,0,27,0,13,9,11,0
180285,2,1,1988,0,0,0,0,0,0,17,26,0,0
180286,1,1,1988,0,20,0,15,0,22,0,16,0,0
180286,2,1,1988,0,0,0,0,0,0,0,0,0,2
180287,1,1,1988,20,11,17,12,0,12,20,8,27,21
180288,1,1,1988,0,0,0,0,0,0,0,0,0,0
180289,1,1,1988,26,26,26,26,26,26,26,26,26,26
180289,2,1,1988,10,22,27,9,0,18,22,18,0,14
180291,0,1,1988,0,0,0,0,0,0,0,0,0,0
180291,1,1,1988,0,0,0,0,0,0,0,0,0,0
180292,1,1,1988,20,20,20,20,20,20,20,20,20,20
180293,1,1,1988,24,24,24,24,24,24,24,24,24,24
180294,1,1,1988,0,0,0,0,0,0,0,0,0,0
180294,2,1,1988,0,0,0,0,0,0,0,0,0,0
180295,1,1,1988,0,0,0,0,0,0,0,0,0,0
180295,2,1,1988,0,0,0,0,0,0,0,0,0,0
180296,1,1,1988,32,32,32,32,32,32,32,32,32,32
180297,1,1,1988,0,0,17,0,0,0,0,0,0,0
180299,1,1,1988,24,24,24,24,24,24,24,24,24,24
180300,0,1,1988,15,15,15,15,15,15,15,15,15,15
180300,1,1,1988,0,0,0,0,0,0,0,0,0,0
180301,1,1,1988,0,0,0,0,0,0,0,0,0,0
180301,2,1,1988,0,0,0,0,0,0,0,0,0,0
180302,1,1,1988,0,0,0,0,0,0,0,0,0,0
180303,1,1,1988,0,0,0,0,0,0,0,0,0,0
180303,2,1,1988,0,0,0,0,0,0,0,0,0,0
180304,1,1,1988,22,22,22,22,22,22,22,22,22,22
180304,2,1,1988,20,20,20,20,20,20,20,20,20,20
180305,1,1,1988,0,0,0,0,0,0,0,0,0,0
180305,2,1,1988,0,0,3,0,0,0,0,0,0,0
180305,3,1,1988,0,0,0,0,7,0,0,0,0,0
180306,1,1,1988,23,23,23,23,23,23,23,23,23,23
180307,0,1,1988,18,18,18,18,18,18,18,18,18,18
180307,1,1,1988,0,0,3,22,0,0,0,0,12,8
180308,1,1,1988,0,0,0,0,0,0,0,0,0,0
180308,2,1,1988,5,0,0,0,0,0,23,0,0,0
180310,0,1,1988,13,13,13,13,13,13,13,13,13,13
180310,1,1,1988,0,0,10,0,0,0,0,0,0,0
180311,1,1,1988,25,25,25,25,25,25,25,25,25,25
180313,1,1,1988,0,0,0,0,0,0,0,9,0,0
180313,2,1,1988,4,0,0,0,0,0,0,0,0,0
180314,1,1,1988,0,0,0,0,0,0,0,0,0,0
180314,2,1,1988,0,0,0,0,0,0,0,0,0,0
180315,1,1,1988,0,0,0,9,12,0,0,0,0,0
180315,2,1,1988,0,20,0,11,0,7,0,24,5,0
180316,0,1,1988,0,0,0,0,0,0,0,0,0,0
180316,1,1,1988,0,0,0,0,0,0,0,0,0,0
180317,1,1,1988,0,0,0,0,0,0,0,0,0,0
180317,2,1,1988,0,0,0,0,0,0,0,0,0,0
180317,3,1,1988,0,0,0,0,0,0,0,0,0,0
180318,1,1,1988,0,0,0,0,0,0,0,0,0,0
180319,1,1,1988,20,4,11,32,23,15,33,20,19,15
180320,1,1,1988,20,20,20,20,20,20,20,20,20,20
180322,1,1,1988,8,0,16,0,9,0,0,0,0,0
180322,2,1,1988,0,0,0,0,0,0,0,0,0,0
180323,1,1,1988,25,25,25,25,25,25,25,25,25,25
180323,2,1,1988,0,7,4,0,0,0,0,0,0,0
180323,3,1,1988,0,0,0,17,0,0,0,13,0,0
180324,1,1,1988,27,27,27,27,27,27,27,27,27,27
180324,2,1,1988,2,2,2,2,2,2,2,2,2,2
180325,1,1,1988,27,27,27,27,27,27,27,27,27,27
180325,2,1,1988,19,19,19,19,19,19,19,19,19,19
180326,1,1,1988,15,15,15,15,15,15,15,15,15,15
180327,1,1,1988,0,0,0,0,13,0,0,0,0,0
180327,2,1,1988,0,0,0,0,0,0,0,0,9,0
180328,0,1,1988,0,0,0,0,0,0,0,0,0,0
180328,1,1,1988,0,0,0,0,0,0,0,0,0,0
180329,1,1,1988,0,0,17,0,13,0,17,0,0,0
180330,1,1,1988,0,0,0,0,0,0,0,0,0,0
180330,2,1,1988,0,0,0,0,0,0,0,0,0,0
180331,1,1,1988,23,23,23,23,23,23,23,23,23,23
180331,2,1,1988,3,3,3,3,3,3,3,3,3,3
180332,1,1,1988,0,0,0,0,0,0,0,0,0,0
180332,2,1,1988,0,0,0,0,0,0,0,0,0,0
180333,0,1,1988,0,0,0,0,0,0,0,0,0,0
180333,1,1,1988,3,3,3,3,3,3,3,3,3,3
180334,1,1,1988,0,0,0,0,0,0,0,0,0,0
180334,2,1,1988,0,0,0,0,0,0,0,0,0,0
180335,1,1,1988,0,11,7,0,5,0,0,0,16,0
180336,1,1,1988,12,12,12,12,12,12,12,12,12,12
180337,1,1,1988,0,0,0,0,0,0,0,0,0,0
180337,2,1,1988,0,0,0,0,0,0,0,0,0,0
180338,1,1,1988,0,0,0,0,0,0,0,0,0,0
180338,2,1,1988,0,0,0,0,0,0,0,0,0,0
180339,1,1,1988,0,0,0,0,0,0,0,0,0,0
180339,2,1,1988,0,0,0,0,0,0,0,0,0,0
180340,0,1,1988,21,21,21,21,21,21,21,21,21,21
180340,1,1,1988,0,10,21,0,0,0,0,14,0,0
180341,1,1,1988,20,0,0,0,0,0,0,0,0,0
180341,2,1,1988,0,0,0,0,0,0,0,0,0,0
180344,1,1,1988,30,30,30,30,30,30,30,30,30,30
180345,1,1,1988,31,31,31,31,31,31,31,31,31,31
180346,1,1,1988,0,0,0,0,0,0,0,0,0,0
180346,2,1,1988,0,0,0,0,0,0,0,0,0,0
180347,1,1,1988,0,0,0,0,0,0,0,0,0,0
180347,2,1,1988,0,0,0,0,0,0,0,0,0,0
180347,3,1,1988,0,0,0,0,0,0,0,0,0,0
180348,1,1,1988,0,0,0,0,0,0,0,0,0,0
180348,2,1,1988,0,0,0,0,0,0,0,0,0,0
180349,1,1,1988,0,0,0,0,0,0,0,0,0,0
180349,2,1,1988,0,0,0,0,0,0,0,0,0,0
180351,1,1,1988,19,19,19,19,19,19,19,19,19,19
180352,1,1,1988,0,0,0,0,0,0,0,0,0,0
180352,2,1,1988,0,0,0,0,0,0,0,0,0,0
180353,1,1,1988,17,17,17,17,17,17,17,17,17,17
180355,0,1,1988,19,19,19,19,19,19,19,19,19,19
180355,1,1,1988,21,2,0,0,0,16,3,0,0,0
180356,1,1,1988,0,0,0,0,0,0,0,0,0,0
180356,2,1,1988,0,0,0,0,0,0,0,0,0,0
180357,1,1,1988,0,0,0,0,0,0,0,0,0,0
180358,1,1,1988,16,16,16,16,16,16,16,16,16,16
180359,0,1,1988,0,0,0,0,0,0,0,0,0,0
180359,1,1,1988,0,0,0,0,0,0,0,0,0,0
180360,1,1,1988,0,0,0,0,0,0,0,0,0,0
180361,0,1,1988,0,32,13,30,21,0,21,0,0,0
180361,1,1,1988,0,0,0,0,0,35,0,0,0,0
180362,0,1,1988,0,0,0,0,0,0,0,0,0,0
180362,1,1,1988,0,0,0,0,0,0,0,0,0,0
180363,1,1,1988,0,0,0,0,0,0,0,0,0,0
180363,2,1,1988,1,1,1,1,1,1,1,1,1,1
180363,3,1,1988,0,0,0,0,0,0,0,0,0,0
180364,1,1,1988,0,0,0,0,0,0,0,0,0,0
180364,2,1,1988,0,0,0,0,0,0,0,0,0,0
180365,1,1,1988,0,0,0,0,0,0,0,0,0,0
180366,1,1,1988,0,0,0,0,0,0,0,0,0,0
180366,2,1,1988,0,0,13,0,0,0,7,0,0,0
180367,1,1,1988,0,0,0,0,0,0,0,0,0,0
180367,2,1,1988,0,0,0,0,0,0,0,0,0,0
180368,0,1,1988,0,0,0,0,0,0,0,0,0,0
180368,1,1,1988,0,0,0,0,0,0,0,0,0,0
180369,1,1,1988,13,13,13,13,13,13,13,13,13,13
180369,2,1,1988,0,0,0,0,0,0,0,0,0,0
180370,1,1,1988,0,0,0,0,0,0,0,0,0,0
180370,2,1,1988,25,25,25,25,25,25,25,25,25,25
180371,1,1,1988,0,0,0,0,0,0,0,0,0,0
180371,2,1,1988,9,9,9,9,9,9,9,9,9,9
180372,0,1,1988,0,0,0,0,0,0,0,33,0,0
180372,1,1,1988,0,0,0,0,0,0,0,0,0,0
180373,1,1,1988,0,0,0,0,0,0,0,0,0,0
180374,1,1,1988,0,0,0,0,0,0,0,0,0,0
180374,2,1,1988,39,0,19,0,0,0,31,0,0,0
180374,3,1,1988,0,0,0,0,16,0,12,0,0,0
180374,4,1,1988,0,0,0,0,0,0,0,0,0,0
180374,5,1,1988,0,0,0,0,0,0,0,0,0,0
180375,1,1,1988,21,21,21,21,21,21,21,21,21,21
180376,1,1,1988,0,0,0,0,0,0,0,0,0,0
180376,2,1,1988,0,0,0,0,0,0,0,0,0,0
180377,1,1,1988,0,0,0,0,0,0,0,0,0,0
180377,2,1,1988,0,0,0,0,0,0,0,0,0,0
180378,1,1,1988,0,0,0,0,0,0,0,0,0,0
180378,2,1,1988,16,16,16,16,16,16,16,16,16,16
180379,1,1,1988,0,0,0,0,0,0,0,0,0,0
180380,1,1,1988,6,6,6,6,6,6,6,6,6,6
180380,2,1,1988,0,0,0,0,0,0,0,0,0,0
180381,1,1,1988,0,0,0,0,0,0,0,0,0,0
180381,2,1,1988,0,0,0,0,0,0,0,0,0,0
180382,1,1,1988,13,13,13,13,13,13,13,13,13,13
180382,2,1,1988,0,0,0,0,0,0,0,0,0,0
180382,3,1,1988,1,1,1,1,1,1,1,1,1,1
180383,1,1,1988,26,26,26,26,26,26,26,26,26,26
180384,1,1,1988,5,0,0,0,0,0,0,0,0,0
180384,2,1,1988,0,0,0,0,0,0,0,0,0,0
180385,1,1,1988,0,0,0,0,0,0,0,0,0,0
180386,1,1,1988,0,0,0,0,0,0,0,0,0,0
180387,1,1,1988,10,10,10,10,10,10,10,10,10,10
180388,1,1,1988,0,0,0,0,0,0,0,0,0,0
180389,1,1,1988,0,0,0,0,0,0,0,0,0,0
180389,2,1,1988,0,0,0,0,0,0,0,0,0,0
180391,1,1,1988,0,0,0,0,0,0,0,0,0,0
180392,1,1,1988,0,0,0,0,0,0,0,0,0,0
180392,2,1,1988,0,0,0,0,0,0,0,0,0,0
180393,0,1,1988,20,0,13,19,25,23,19,25,16,0
180393,1,1,1988,12,12,12,12,12,12,12,12,12,12
180393,2,1,1988,0,0,0,0,0,0,31,0,0,0
180394,1,1,1988,3,3,3,3,3,3,3,3,3,3
180395,1,1,1988,28,28,28,28,28,28,28,28,28,28
180395,2,1,1988,0,0,0,0,0,0,0,0,0,0
180396,1,1,1988,0,0,0,24,0,10,0,0,0,0
180396,2,1,1988,0,0,0,0,0,0,0,0,0,0
180396,3,1,1988,0,0,0,0,0,0,0,0,0,0
180397,1,1,1988,0,0,0,0,0,0,0,0,0,0
180397,2,1,1988,16,16,16,16,16,16,16,16,16,16
180398,0,1,1988,0,0,0,0,0,0,0,0,0,0
180398,1,1,1988,0,0,0,0,0,0,0,0,0,0
180399,1,1,1988,6,6,6,6,6,6,6,6,6,6
180399,2,1,1988,0,0,0,0,0,0,0,0,0,0
180400,0,1,1988,0,0,0,0,0,0,0,0,0,0
180400,1,1,1988,21,21,21,21,21,21,21,21,21,21
180401,1,1,1988,0,0,0,0,0,0,0,0,0,0
180401,2,1,1988,0,0,0,0,10,8,0,0,11,18
180402,1,1,1988,18,18,18,18,18,18,18,18,18,18
180402,2,1,1988,0,0,0,0,0,0,0,0,0,0
180403,0,1,1988,0,0,0,0,0,0,0,0,0,0
180403,1,1,1988,0,0,0,0,0,0,0,0,0,0
180404,1,1,1988,27,27,27,27,27,27,27,27,27,27
180405,1,1,1988,0,25,0,0,0,0,0,0,0,0
180406,0,1,1988,0,0,0,0,0,0,0,0,0,0
180406,1,1,1988,0,0,0,0,0,0,0,0,0,0
180408,1,1,1988,0,0,0,0,0,0,0,0,0,0
180408,2,1,1988,0,0,0,0,0,0,0,0,0,0
180409,1,1,1988,0,0,0,0,0,3,0,0,0,0