ST_CASE,VEH_NO,PER_NO,YEAR,P1,P2,P3,P4,P5,P6,P7,P8,P9,P10
180410,1,1,1988,31,31,31,31,31,31,31,31,31,31
180412,1,1,1988,0,0,0,0,0,0,0,0,0,0
180412,2,1,1988,0,0,0,0,0,0,0,0,0,0
180414,0,1,1988,0,0,0,0,0,0,0,0,0,0
180414,1,1,1988,0,0,0,0,0,0,0,0,0,0
180415,1,1,1988,15,14,0,0,0,0,0,0,0,0
180415,2,1,1988,0,0,0,0,0,0,0,0,0,0
180416,1,1,1988,17,17,17,17,17,17,17,17,17,17
180417,1,1,1988,8,8,8,8,8,8,8,8,8,8
180418,1,1,1988,0,0,0,0,0,0,0,0,0,0
180418,2,1,1988,0,0,0,0,0,0,0,0,0,0
180419,1,1,1988,0,0,0,0,0,0,0,0,0,0
180419,2,1,1988,0,0,0,0,0,0,0,0,0,0
180421,1,1,1988,0,0,0,0,0,0,0,0,0,9
180421,2,1,1988,0,0,0,0,0,0,0,0,0,0
180422,1,1,1988,11,11,11,11,11,11,11,11,11,11
180422,2,1,1988,0,0,0,0,0,0,0,0,0,0
180423,1,1,1988,0,18,20,0,0,0,7,0,0,0
180424,1,2,1988,21,21,21,21,21,21,21,21,21,21
180425,1,1,1988,40,40,40,40,40,40,40,40,40,40
180425,2,1,1988,18,17,0,8,0,0,0,0,17,0
180426,1,1,1988,0,0,0,0,0,0,0,15,0,0
180427,1,1,1988,30,30,30,30,30,30,30,30,30,30
180428,1,1,1988,0,0,0,0,0,0,0,0,0,0
180429,1,1,1988,0,0,5,0,0,0,0,31,0,17
180430,0,1,1988,0,0,0,0,0,0,0,0,0,0
180430,1,1,1988,26,0,5,0,12,0,0,0,0,0
180431,0,1,1988,12,12,12,12,12,12,12,12,12,12
180431,1,1,1988,0,0,0,0,0,0,0,0,0,0
180432,1,1,1988,0,30,0,0,0,16,0,0,0,0
180433,1,1,1988,14,0,9,0,0,0,10,0,0,0
180434,0,1,1988,5,0,19,0,14,0,0,0,0,27
180434,1,1,1988,0,0,0,0,0,0,0,0,0,0
180435,1,1,1988,16,16,16,16,16,16,16,16,16,16
180435,2,1,1988,0,0,0,0,0,0,0,0,0,0
180436,0,1,1988,18,18,18,18,18,18,18,18,18,18
180436,1,1,1988,0,0,0,0,0,0,0,0,0,0
180437,1,1,1988,0,0,0,0,0,0,0,0,0,0
180437,2,1,1988,0,0,0,0,0,0,0,0,0,0
180438,1,1,1988,0,0,0,0,0,0,0,0,0,0
180438,2,1,1988,0,0,0,0,0,0,0,0,0,0
180439,1,1,1988,11,11,11,11,11,11,11,11,11,11
180439,2,1,1988,14,14,14,14,14,14,14,14,14,14
180439,3,1,1988,12,0,0,0,7,0,25,14,0,17
180440,1,1,1988,0,0,0,0,0,0,0,0,0,0
180440,2,1,1988,0,0,0,0,0,0,0,0,0,0
180441,1,1,1988,0,10,13,8,0,0,34,29,21,0
180442,1,1,1988,22,22,22,22,22,22,22,22,22,22
180443,1,1,1988,0,0,0,0,0,0,0,0,0,0
180443,2,1,1988,16,16,16,16,16,16,16,16,16,16
180444,1,1,1988,0,23,0,0,4,4,0,0,6,0
180444,2,1,1988,0,5,0,0,0,0,0,0,0,0
180445,0,1,1988,13,0,6,15,15,17,0,0,30,0
180445,1,1,1988,0,0,0,0,0,0,0,0,0,0
180446,1,1,1988,0,0,0,0,0,0,0,0,0,0
180447,0,1,1988,0,0,0,0,0,0,0,0,0,0
180447,1,1,1988,0,0,0,0,0,0,0,0,0,0
180449,0,1,1988,0,0,0,0,0,0,0,0,0,0
180449,1,1,1988,0,0,0,0,0,0,0,0,0,0
180450,1,1,1988,0,0,10,7,9,0,13,15,0,0
180450,2,1,1988,1,1,1,1,1,1,1,1,1,1
180451,1,1,1988,29,0,20,0,9,24,0,12,0,31
180452,1,1,1988,0,0,0,0,0,0,0,0,0,0
180453,1,1,1988,24,24,24,24,24,24,24,24,24,24
180454,1,1,1988,4,4,4,4,4,4,4,4,4,4
180454,2,1,1988,0,0,0,0,0,0,0,0,0,0
180455,1,1,1988,0,0,0,0,0,0,0,0,0,0
180455,2,1,1988,0,0,0,0,0,0,0,0,0,0
180456,1,1,1988,21,10,12,9,16,12,11,10,15,25
180457,1,1,1988,0,0,0,0,0,0,0,0,0,0
180457,2,1,1988,0,0,0,0,0,0,0,0,0,0
180458,1,1,1988,9,9,9,9,9,9,9,9,9,9
180459,1,1,1988,0,0,0,0,0,0,0,0,0,0
180460,1,1,1988,11,11,11,11,11,11,11,11,11,11
180461,1,1,1988,0,0,0,0,0,0,0,0,0,0
180461,2,1,1988,0,0,0,0,0,0,0,0,0,0
180462,1,1,1988,32,0,18,12,37,13,23,10,0,14
180463,0,1,1988,0,0,0,0,0,0,0,0,0,0
180463,1,1,1988,0,0,0,0,0,0,0,0,0,0
180464,0,1,1988,0,0,0,0,0,0,0,0,0,0
180464,0,2,1988,10,21,13,24,0,0,33,16,21,22
180464,1,1,1988,14,14,14,14,14,14,14,14,14,14
180466,1,1,1988,0,0,0,0,0,0,0,0,0,0
180467,1,1,1988,0,0,0,0,0,0,0,0,0,0
180467,2,1,1988,10,10,10,10,10,10,10,10,10,10
180467,3,1,1988,13,0,0,0,30,0,18,22,0,23
180468,1,1,1988,17,17,17,17,17,17,17,17,17,17
180469,1,1,1988,0,0,0,0,0,0,0,0,0,0
180470,1,1,1988,0,0,0,0,0,0,0,0,0,0
180470,2,1,1988,8,8,8,8,8,8,8,8,8,8
180471,1,1,1988,0,0,0,0,0,0,0,0,0,0
180472,1,1,1988,18,18,18,18,18,18,18,18,18,18
180473,1,1,1988,15,15,15,15,15,15,15,15,15,15
180474,1,1,1988,0,0,0,0,0,0,0,0,0,0
180474,2,1,1988,0,0,0,0,0,0,0,0,0,0
180475,1,1,1988,0,0,0,0,0,0,0,0,0,0
180476,1,1,1988,0,0,0,6,17,0,0,0,0,0
180476,2,1,1988,12,12,12,12,12,12,12,12,12,12
180477,1,1,1988,28,28,28,28,28,28,28,28,28,28
180478,1,1,1988,0,0,0,0,0,10,0,0,0,0
180478,2,1,1988,0,0,0,0,0,0,0,0,0,0
180479,1,1,1988,22,22,22,22,22,22,22,22,22,22
180480,1,1,1988,20,20,20,20,20,20,20,20,20,20
180481,1,1,1988,12,12,12,12,12,12,12,12,12,12
180482,0,1,1988,7,7,7,7,7,7,7,7,7,7
180482,1,1,1988,0,0,0,12,0,0,2,0,13,3
180483,1,1,1988,17,17,17,17,17,17,17,17,17,17
180483,2,1,1988,0,0,0,0,0,0,0,0,0,0
180484,1,1,1988,0,0,0,0,0,0,0,0,0,0
180485,1,1,1988,0,0,0,0,0,0,0,0,0,0
180485,2,1,1988,0,0,0,0,0,0,0,0,0,0
180486,1,1,1988,0,0,0,0,0,0,0,0,0,0
180486,2,1,1988,0,0,0,29,11,16,8,0,0,0
180487,1,1,1988,0,0,0,0,0,0,0,0,0,0
180487,2,1,1988,0,0,0,0,0,0,0,0,0,0
180488,1,1,1988,0,0,0,0,0,0,0,0,0,0
180488,2,1,1988,0,0,0,0,0,0,0,0,0,0
180488,3,1,1988,0,0,0,0,0,0,0,0,0,0
180489,1,1,1988,0,0,0,0,0,0,0,0,0,0
180489,2,1,1988,0,0,0,0,0,0,0,0,0,0
180490,1,1,1988,0,0,0,0,0,0,0,0,0,0
180490,2,1,1988,0,0,0,0,0,0,0,0,0,0
180491,1,1,1988,20,20,20,20,20,20,20,20,20,20
180492,1,1,1988,0,0,0,0,0,0,0,0,0,0
180493,1,1,1988,0,0,0,0,0,0,0,0,0,0
180494,1,1,1988,21,21,21,21,21,21,21,21,21,21
180494,2,1,1988,5,5,5,5,5,5,5,5,5,5
180495,1,1,1988,10,0,27,0,8,7,0,0,10,15
180496,1,1,1988,26,26,26,26,26,26,26,26,26,26
180496,2,1,1988,0,0,4,0,0,0,0,0,0,6
180497,1,1,1988,19,19,19,19,19,19,19,19,19,19
180498,1,1,1988,12,12,12,12,12,12,12,12,12,12
180499,1,1,1988,0,0,0,0,0,0,0,0,0,0
180499,2,1,1988,0,0,0,0,0,0,0,0,0,0
180500,1,1,1988,7,7,7,7,7,7,7,7,7,7
180502,1,1,1988,0,0,0,0,0,0,0,0,0,0
180502,2,1,1988,0,0,0,0,0,0,0,0,0,0
180503,1,1,1988,24,24,24,24,24,24,24,24,24,24
180504,1,1,1988,22,22,22,22,22,22,22,22,22,22
180505,1,1,1988,0,0,0,0,0,0,0,0,0,0
180506,1,1,1988,0,0,0,0,0,0,0,0,0,0
180506,2,1,1988,0,0,0,0,0,0,0,0,0,0
180506,3,1,1988,0,0,0,0,14,0,0,0,0,0
180506,4,1,1988,0,0,0,0,0,0,0,0,0,0
180507,1,1,1988,8,8,8,8,8,8,8,8,8,8
180508,1,1,1988,0,0,7,0,0,0,0,0,0,0
180508,2,1,1988,0,0,0,0,0,0,0,0,0,0
180509,1,1,1988,19,19,19,19,19,19,19,19,19,19
180509,2,1,1988,0,0,0,0,0,0,0,0,0,0
180510,1,1,1988,36,36,36,36,36,36,36,36,36,36
180511,1,1,1988,13,0,0,0,0,26,15,0,18,0
180512,1,1,1988,0,0,0,0,0,0,0,0,0,0
180513,0,1,1988,18,18,18,18,18,18,18,18,18,18
180513,1,1,1988,0,0,15,9,13,0,13,15,11,17
180514,1,1,1988,18,14,0,0,0,0,0,0,0,10
180515,1,1,1988,0,0,0,0,0,0,0,0,0,0
180515,2,1,1988,0,0,0,0,0,0,0,0,0,0
180516,1,1,1988,0,0,0,0,0,0,0,0,0,0
180516,2,1,1988,11,0,0,0,0,0,0,0,0,0
180517,1,1,1988,0,0,0,0,0,0,0,0,0,0
180517,2,1,1988,0,0,0,0,0,0,0,0,0,0
180518,1,1,1988,0,0,0,0,0,0,0,0,0,0
180518,2,1,1988,0,0,0,0,0,0,0,0,0,0
180519,1,1,1988,16,16,16,16,16,16,16,16,16,16
180520,1,1,1988,15,0,0,0,0,0,0,0,0,0
180521,1,1,1988,8,5,7,0,8,0,28,9,13,23
180523,1,1,1988,0,12,0,0,33,0,23,0,10,10
180523,2,1,1988,0,0,4,23,0,0,0,0,0,33
180524,1,1,1988,22,22,22,22,22,22,22,22,22,22
180525,1,1,1988,0,0,0,0,0,0,0,0,0,0
180526,1,1,1988,0,0,0,0,0,0,0,0,0,0
180527,1,1,1988,5,5,5,5,5,5,5,5,5,5
180528,1,1,1988,23,23,23,23,23,23,23,23,23,23
180529,1,1,1988,0,0,0,0,0,0,0,0,0,18
180530,1,1,1988,0,0,0,0,0,0,0,0,0,0
180530,2,1,1988,0,0,0,0,0,0,0,0,0,0
180531,1,1,1988,0,0,0,0,0,0,0,0,0,0
180532,1,1,1988,0,0,0,0,0,0,0,0,0,0
180533,1,1,1988,12,12,12,12,12,12,12,12,12,12
180534,1,1,1988,28,28,28,28,28,28,28,28,28,28
180535,1,1,1988,20,20,20,20,20,20,20,20,20,20
180536,1,1,1988,0,0,0,0,0,0,0,0,0,0
180537,1,1,1988,14,14,14,14,14,14,14,14,14,14
180538,1,1,1988,0,0,0,0,0,0,0,0,0,0
180539,1,1,1988,14,14,14,14,14,14,14,14,14,14
180540,1,1,1988,36,36,36,36,36,36,36,36,36,36
180541,0,1,1988,0,0,0,0,0,0,0,0,0,0
180542,1,1,1988,7,7,7,7,7,7,7,7,7,7
180543,1,1,1988,0,0,0,0,0,0,0,0,0,0
180543,2,1,1988,0,0,0,0,0,0,0,0,0,0
180544,1,1,1988,0,0,0,0,0,8,30,0,0,5
180544,2,1,1988,0,0,0,0,0,0,0,0,0,0
180545,1,1,1988,0,0,0,0,6,0,0,0,0,0
180545,2,1,1988,21,0,0,0,0,0,0,0,0,0
180546,1,1,1988,0,18,14,0,20,0,0,0,0,0
180546,2,1,1988,0,0,0,0,0,0,0,0,0,0
180547,1,1,1988,0,0,0,0,0,13,0,0,0,0
180547,2,1,1988,0,0,0,0,0,0,0,0,0,0
180548,1,1,1988,0,0,0,0,0,0,0,0,0,0
180548,2,1,1988,0,0,0,0,0,0,0,24,0,0
180549,1,1,1988,0,5,0,0,0,0,0,6,0,0
180549,2,1,1988,11,0,0,0,0,0,0,0,0,0
180550,1,1,1988,0,16,25,0,0,19,31,0,0,8
180551,0,1,1988,0,0,0,0,0,0,0,0,0,0
180551,1,1,1988,0,0,0,0,0,0,0,0,0,0
180552,1,1,1988,0,0,0,25,0,0,0,20,0,0
180553,1,1,1988,0,0,0,0,0,0,0,0,0,0
180554,1,1,1988,25,25,25,25,25,25,25,25,25,25
180555,1,1,1988,0,0,0,0,0,0,0,0,0,0
180555,2,1,1988,0,0,0,0,0,0,11,0,0,0
180555,3,1,1988,0,0,0,0,0,0,0,0,0,0
180556,1,1,1988,20,20,20,20,20,20,20,20,20,20
180557,1,1,1988,25,0,34,0,0,29,0,29,0,0
180558,1,1,1988,14,14,14,14,14,14,14,14,14,14
180559,1,1,1988,0,0,0,0,0,0,0,0,0,0
180560,1,1,1988,0,0,0,0,0,0,0,0,0,0
180561,1,1,1988,14,14,14,14,14,14,14,14,14,14
180562,1,1,1988,0,0,0,21,24,0,0,0,0,0
180562,2,1,1988,0,0,0,0,0,0,0,0,0,0
180563,1,1,1988,19,19,19,19,19,19,19,19,19,19
180563,2,1,1988,0,0,0,0,0,0,0,0,0,8
180564,1,1,1988,21,7,26,19,22,8,8,24,14,12
180565,1,1,1988,0,0,0,0,0,13,0,0,0,0
180565,2,1,1988,0,0,0,0,0,0,0,0,0,0
180566,1,1,1988,0,0,0,0,0,0,0,0,0,0
180566,2,1,1988,0,0,0,0,0,0,0,0,0,0
180567,1,1,1988,0,0,0,0,0,0,0,0,0,0
180567,2,1,1988,9,9,9,9,9,9,9,9,9,9
180568,1,1,1988,27,27,27,27,27,27,27,27,27,27
180568,2,1,1988,0,0,0,0,0,0,0,0,0,0
180569,1,1,1988,0,0,0,0,0,0,0,0,0,0
180569,2,1,1988,0,0,0,0,0,0,0,0,0,0
180569,3,1,1988,11,8,23,24,18,12,0,17,0,27
180569,4,1,1988,17,17,17,17,17,17,17,17,17,17
180571,1,1,1988,0,0,0,0,0,0,0,0,0,0
180571,2,1,1988,1,1,1,1,1,1,1,1,1,1
180572,1,1,1988,0,0,0,0,0,0,0,0,0,0
180572,2,1,1988,8,8,8,8,8,8,8,8,8,8
180573,1,1,1988,22,10,41,0,0,22,29,38,28,15
180573,2,1,1988,0,0,0,0,0,0,0,0,0,0
180574,1,1,1988,0,0,0,0,0,24,0,0,0,0
180574,2,1,1988,9,0,0,0,0,0,6,6,16,0
180574,3,1,1988,0,0,0,0,0,0,0,0,0,0
180574,4,1,1988,0,0,0,0,0,0,0,0,0,0
180575,1,1,1988,0,0,0,0,0,0,0,0,0,0
180575,2,1,1988,0,0,0,0,0,0,0,0,0,0
180576,1,1,1988,0,0,0,0,0,0,0,0,0,0
180576,2,1,1988,0,0,0,0,0,0,0,0,0,0
180577,1,1,1988,24,24,24,24,24,24,24,24,24,24
180577,2,1,1988,0,0,0,0,0,0,0,0,0,0
180577,3,1,1988,0,0,6,13,0,0,0,0,8,0
180578,0,1,1988,0,0,0,0,0,0,0,0,0,0
180578,1,1,1988,11,11,11,11,11,11,11,11,11,11
180579,1,1,1988,14,14,14,14,14,14,14,14,14,14
180580,1,1,1988,17,17,17,17,17,17,17,17,17,17
180581,1,1,1988,10,0,16,16,19,21,12,0,14,6
180582,1,1,1988,0,0,0,0,0,0,0,0,0,0
180583,1,1,1988,14,14,14,14,14,14,14,14,14,14
180584,1,1,1988,0,0,0,0,0,0,0,0,0,0
180585,1,1,1988,0,0,0,0,0,0,0,0,0,0
180586,1,1,1988,19,19,19,19,19,19,19,19,19,19
180587,0,1,1988,0,0,0,0,0,0,0,0,0,0
180587,1,1,1988,0,0,0,0,0,0,0,0,0,0
180589,0,1,1988,0,0,0,0,0,0,0,0,0,0
180589,1,1,1988,0,0,0,0,0,0,0,0,0,0
180590,1,1,1988,32,32,32,32,32,32,32,32,32,32
180591,1,1,1988,0,0,13,0,0,0,4,0,19,10
180592,1,1,1988,0,0,0,0,0,0,0,0,0,0
180594,1,1,1988,0,0,0,0,0,0,0,0,0,0
180595,1,1,1988,0,10,0,0,0,0,0,0,0,13
180596,0,1,1988,0,0,0,0,0,0,0,0,0,0
180596,1,1,1988,0,0,0,0,0,0,0,0,0,0
180597,0,1,1988,0,0,0,0,0,0,0,0,0,0
180597,1,1,1988,0,0,0,0,0,0,0,0,0,0
180599,1,1,1988,0,0,0,0,0,0,0,0,0,0
180600,1,1,1988,0,0,0,0,0,0,0,0,0,0
180602,0,1,1988,0,22,0,0,9,0,18,0,22,6
180602,3,1,1988,0,0,0,0,0,0,0,0,0,0
180603,1,1,1988,0,0,0,0,0,0,0,0,0,0
180603,2,1,1988,0,0,0,0,0,0,0,0,0,0
180604,1,1,1988,0,0,0,0,0,0,0,0,0,0
180604,2,1,1988,0,0,0,0,0,0,0,18,0,0
180605,1,1,1988,0,0,0,0,0,0,0,0,0,0
180605,2,1,1988,14,14,14,14,14,14,14,14,14,14
180606,1,1,1988,17,17,17,17,17,17,17,17,17,17
180606,2,1,1988,0,0,0,0,0,0,0,0,0,0
180607,1,1,1988,23,0,16,24,3,0,28,24,17,22
180607,2,1,1988,0,0,0,0,0,0,0,0,0,0
180608,1,1,1988,0,22,0,0,0,0,0,0,24,0
180608,2,1,1988,3,3,3,3,3,3,3,3,3,3
180609,1,1,1988,0,0,0,27,0,0,0,0,0,0
180609,2,1,1988,0,0,0,0,0,0,0,0,0,0
180610,1,1,1988,0,0,0,0,0,0,0,0,0,0
180610,2,1,1988,9,0,0,7,0,0,0,0,15,0
180613,1,1,1988,18,9,6,0,0,0,0,0,0,8
180613,2,1,1988,0,0,0,0,0,0,0,0,0,0
180614,1,1,1988,0,0,0,0,0,0,0,0,0,19
180614,2,1,1988,0,0,0,0,0,0,0,0,0,0
180615,1,1,1988,16,16,16,16,16,16,16,16,16,16
180616,1,1,1988,0,0,0,0,0,0,0,0,11,0
180616,2,1,1988,0,0,0,0,0,0,0,0,0,0
180617,1,1,1988,0,0,0,0,0,0,0,0,0,0
180617,2,1,1988,0,0,0,0,0,0,0,0,0,0
180619,1,1,1988,17,17,17,17,17,17,17,17,17,17
180619,2,1,1988,0,0,0,0,0,0,0,0,0,0
180620,1,1,1988,0,0,0,0,0,0,0,0,0,0
180620,2,1,1988,0,0,0,0,0,0,0,0,0,0
180621,1,1,1988,0,0,0,0,0,0,0,0,0,0
180622,1,1,1988,9,11,11,4,10,0,0,0,10,8
180623,1,1,1988,0,0,0,0,0,0,0,0,0,0
180623,2,1,1988,0,0,0,0,0,0,0,0,0,0
180624,1,1,1988,0,0,0,0,0,0,0,0,0,0
180624,2,1,1988,0,0,0,0,0,0,0,0,0,0
180625,1,1,1988,3,0,0,0,7,0,0,0,0,0
180625,2,1,1988,5,10,13,0,0,13,14,16,15,9
180626,1,1,1988,16,11,0,0,0,0,0,0,0,0
180626,2,1,1988,15,15,15,15,15,15,15,15,15,15
180627,1,1,1988,14,0,11,0,0,0,0,0,0,0
180628,1,1,1988,23,13,8,0,0,0,0,0,0,0
180628,2,1,1988,0,0,0,0,0,0,0,0,0,0
180629,1,1,1988,22,22,22,22,22,22,22,22,22,22
180630,0,1,1988,18,14,7,18,0,17,13,0,0,0
180630,1,1,1988,4,4,4,4,4,4,4,4,4,4
180631,1,1,1988,0,0,0,0,0,0,0,0,0,0
180632,1,1,1988,0,7,0,0,0,0,0,0,5,0
180632,2,1,1988,0,0,14,14,0,0,0,28,0,0
180633,1,1,1988,0,0,0,0,0,0,0,0,0,0
180633,2,1,1988,0,0,0,0,0,0,0,0,0,0
180634,0,1,1988,0,0,0,0,0,0,0,0,0,0
180634,1,1,1988,0,0,0,0,0,0,0,0,0,0
180635,1,1,1988,0,0,0,0,0,0,0,0,0,0
180635,2,1,1988,19,19,19,19,19,19,19,19,19,19
180636,0,1,1988,0,10,42,0,0,23,0,0,18,0
180636,1,1,1988,11,11,11,11,11,11,11,11,11,11
180637,0,1,1988,0,0,0,0,0,0,0,0,0,0
180637,1,1,1988,0,0,0,0,0,0,0,0,0,13
180638,1,1,1988,0,0,0,0,0,0,0,0,0,0
180638,2,1,1988,1,1,1,1,1,1,1,1,1,1
180639,1,1,1988,0,0,0,0,0,0,0,0,0,0
180639,2,1,1988,0,0,0,0,0,0,0,0,0,0
180640,1,1,1988,0,0,0,0,0,0,0,0,4,0
180640,2,1,1988,0,0,0,0,0,0,16,0,0,0
180641,1,1,1988,5,5,5,5,5,5,5,5,5,5
180642,1,1,1988,0,0,0,0,0,0,0,0,26,0
180642,2,1,1988,0,0,0,22,0,0,0,0,0,12
180643,1,1,1988,0,0,11,0,0,0,0,0,11,0
180643,2,1,1988,0,0,0,0,0,0,0,0,9,0
180643,3,1,1988,0,0,0,0,0,0,0,0,0,0
180644,1,1,1988,0,0,0,0,0,0,0,0,0,0
180644,2,1,1988,0,0,0,0,0,0,0,0,0,0
180645,0,1,1988,0,0,0,0,0,0,0,0,0,0
180645,1,1,1988,0,0,0,0,0,0,0,0,0,0
180646,0,1,1988,0,0,0,0,0,0,0,0,0,10
180646,1,1,1988,0,0,6,0,7,0,0,0,0,0
180647,1,1,1988,10,10,10,10,10,10,10,10,10,10
180648,1,1,1988,29,29,29,29,29,29,29,29,29,29
180649,1,1,1988,13,13,13,13,13,13,13,13,13,13
180650,1,1,1988,16,16,16,16,16,16,16,16,16,16
180651,0,1,1988,0,0,0,0,0,14,0,0,0,0
180651,1,1,1988,0,0,0,0,0,0,0,0,0,0
180652,1,1,1988,23,23,23,23,23,23,23,23,23,23
180653,1,1,1988,18,18,18,18,18,18,18,18,18,18
180654,1,1,1988,18,18,18,18,18,18,18,18,18,18
180655,1,1,1988,31,31,31,31,31,31,31,31,31,31
180656,1,1,1988,0,0,0,0,0,0,0,0,0,0
180657,1,1,1988,34,34,34,34,34,34,34,34,34,34
180658,1,1,1988,5,5,5,5,5,5,5,5,5,5
180659,1,1,1988,0,0,0,0,0,0,0,0,0,0
180659,2,1,1988,6,6,6,6,6,6,6,6,6,6
180659,3,1,1988,0,0,0,0,0,0,0,0,0,0
180660,1,1,1988,0,0,0,0,0,0,0,0,0,0
180660,2,1,1988,0,0,0,0,0,0,0,0,0,0
180661,1,1,1988,9,9,9,9,9,9,9,9,9,9
180662,0,1,1988,0,0,0,0,0,0,0,0,0,0
180662,1,1,1988,0,19,20,0,0,0,25,0,0,20
180663,1,1,1988,0,0,0,0,0,0,0,0,0,0
180663,2,1,1988,0,0,0,0,0,0,0,0,0,0
180664,1,1,1988,0,0,0,0,0,0,0,0,0,0
180665,1,1,1988,31,31,31,31,31,31,31,31,31,31
180666,1,1,1988,0,0,0,0,0,0,0,0,0,0
180666,2,1,1988,0,0,0,0,0,0,0,0,0,0
180667,0,1,1988,18,18,18,18,18,18,18,18,18,18
180667,1,1,1988,0,23,2,20,0,16,13,7,0,0
180669,1,1,1988,0,0,0,0,0,0,0,0,0,0
180670,0,1,1988,13,13,13,13,13,13,13,13,13,13
180670,1,1,1988,0,0,0,0,0,0,0,0,0,0
180671,1,1,1988,12,12,12,12,12,12,12,12,12,12
180671,2,1,1988,0,0,0,11,0,0,0,0,0,0
180672,1,1,1988,3,3,3,3,3,3,3,3,3,3
180673,0,1,1988,0,0,0,0,0,0,0,0,0,0
180673,1,1,1988,0,0,0,0,0,0,0,0,0,0
180674,0,1,1988,23,23,23,23,23,23,23,23,23,23
180674,1,1,1988,0,0,0,0,0,0,0,0,0,0
180675,1,1,1988,15,15,15,15,15,15,15,15,15,15
180676,0,1,1988,21,0,0,0,0,12,0,0,0,0
180676,1,1,1988,0,0,0,0,0,0,0,0,0,0
180677,0,1,1988,0,0,0,0,0,0,0,0,0,0
180677,1,1,1988,0,0,0,0,0,0,0,0,0,0
180678,1,1,1988,29,29,29,29,29,29,29,29,29,29
180679,0,1,1988,0,0,0,0,0,0,0,17,18,0
180679,1,1,1988,0,0,0,0,0,0,0,0,0,0
180680,0,1,1988,7,0,0,0,0,14,0,0,0,0
180680,1,1,1988,0,0,0,0,0,0,0,0,0,0
180681,1,1,1988,27,27,27,27,27,27,27,27,27,27
180682,1,1,1988,19,19,19,19,19,19,19,19,19,19
180683,1,1,1988,0,0,0,0,0,0,23,0,0,0
180684,1,1,1988,29,26,12,8,39,37,6,0,19,9
180685,1,1,1988,9,6,0,0,0,0,0,0,0,0
180687,1,1,1988,0,0,0,0,0,0,0,0,0,0
180688,0,1,1988,0,0,0,10,0,16,21,0,0,0
180688,1,1,1988,0,0,0,0,0,0,14,0,10,0
180689,1,1,1988,27,27,27,27,27,27,27,27,27,27
180689,2,1,1988,0,0,0,0,0,0,0,0,0,0
180690,1,1,1988,0,0,12,0,0,0,0,0,0,0
180690,2,1,1988,0,0,0,13,0,0,0,0,0,0
180690,3,1,1988,0,0,0,0,0,12,0,0,0,19
180691,1,1,1988,0,0,0,0,0,0,0,0,0,0
180691,2,1,1988,0,0,0,0,0,0,0,0,0,0
180692,0,1,1988,0,0,0,0,0,0,0,0,0,0
180692,0,2,1988,0,0,0,11,0,4,0,0,16,0
180692,1,1,1988,0,0,0,0,0,0,0,0,0,0
180693,1,1,1988,20,20,20,20,20,20,20,20,20,20
180693,2,1,1988,0,0,0,0,0,0,0,0,0,0
180694,1,1,1988,0,0,0,0,0,0,0,0,0,0
180695,1,1,1988,19,19,19,19,19,19,19,19,19,19
180696,1,1,1988,14,14,14,14,14,14,14,14,14,14
180696,2,1,1988,0,0,0,0,0,0,0,0,0,0
180697,1,1,1988,0,0,0,0,0,0,0,0,0,0
180697,2,1,1988,0,0,0,0,0,0,0,0,0,0
180698,1,1,1988,0,0,0,0,0,0,0,0,0,0
180698,2,1,1988,0,0,0,0,0,0,0,0,0,0
180699,1,1,1988,0,0,0,0,0,0,0,0,0,0
180699,2,1,1988,0,0,0,0,0,0,0,0,0,0
180704,1,1,1988,0,0,0,0,0,0,0,0,0,0
180704,2,1,1988,0,0,0,0,0,0,0,0,0,0
180705,1,1,1988,0,0,0,0,0,0,0,0,0,0
180706,1,1,1988,0,11,26,41,23,6,24,29,18,18
180707,1,1,1988,0,0,0,0,0,0,0,0,0,0
180707,2,1,1988,0,0,0,0,0,0,0,0,0,0
180708,1,1,1988,0,0,0,0,0,0,0,0,0,0
180708,2,1,1988,0,0,0,0,16,0,0,9,0,0
180709,1,1,1988,0,0,7,0,7,0,0,0,0,0
180709,2,1,1988,0,0,0,0,0,0,0,0,16,0
180710,1,1,1988,28,28,28,28,28,28,28,28,28,28
180710,2,1,1988,5,5,5,5,5,5,5,5,5,5
180711,1,1,1988,0,0,0,0,0,0,0,0,0,0
180711,2,1,1988,0,25,0,0,0,0,0,38,28,15
180712,1,1,1988,17,17,17,17,17,17,17,17,17,17
180713,1,1,1988,8,8,8,8,8,8,8,8,8,8
180713,2,1,1988,0,0,0,0,0,0,0,0,0,0
180714,1,1,1988,6,6,6,6,6,6,6,6,6,6
180715,1,1,1988,0,0,14,0,27,0,0,0,0,10
180715,2,1,1988,0,0,0,0,0,0,0,0,0,0
180716,1,1,1988,0,0,0,0,0,0,0,0,0,0
180716,2,1,1988,0,0,0,0,0,0,0,0,12,0
180717,1,1,1988,8,8,8,8,8,8,8,8,8,8
180717,2,1,1988,0,0,0,0,0,0,0,0,0,0
180719,1,1,1988,18,18,18,18,18,18,18,18,18,18
180719,2,1,1988,0,0,0,0,0,0,0,0,0,0
180720,1,1,1988,0,0,0,0,0,0,0,0,0,0
180720,2,1,1988,0,0,0,0,0,0,0,0,0,0
180720,3,1,1988,0,0,0,0,0,0,0,0,0,0
180721,1,1,1988,5,10,23,0,0,19,25,15,15,0
180722,0,1,1988,0,0,0,0,0,0,0,0,0,0
180722,1,1,1988,0,0,0,0,0,0,0,0,0,0