ST_CASE,VEH_NO,PER_NO,YEAR,P1,P2,P3,P4,P5,P6,P7,P8,P9,P10
180724,1,1,1988,20,20,20,20,20,20,20,20,20,20
180725,1,1,1988,0,0,0,0,0,0,0,0,0,0
180726,1,1,1988,0,0,0,0,0,0,0,0,0,0
180726,2,1,1988,0,0,0,0,0,0,0,0,0,0
180727,1,1,1988,38,38,38,38,38,38,38,38,38,38
180728,1,1,1988,23,23,23,23,23,23,23,23,23,23
180729,1,1,1988,0,0,0,0,0,0,0,0,0,0
180729,2,1,1988,14,14,14,14,14,14,14,14,14,14
180729,3,1,1988,0,0,5,0,5,11,0,0,0,0
180729,4,1,1988,0,0,0,0,6,0,0,0,0,0
180730,1,1,1988,0,0,0,0,0,0,0,0,0,0
180730,2,1,1988,0,0,0,0,0,0,0,0,0,0
180731,1,1,1988,0,0,0,0,0,0,0,0,0,0
180731,2,1,1988,0,0,0,0,0,0,0,0,0,0
180731,3,1,1988,0,0,0,0,0,0,0,0,0,0
180732,1,1,1988,0,0,0,0,0,0,0,0,0,0
180732,2,1,1988,22,22,22,22,22,22,22,22,22,22
180733,1,1,1988,0,0,0,0,0,0,0,16,0,0
180733,2,1,1988,0,0,0,0,0,0,0,0,0,0
180734,1,1,1988,0,0,0,0,0,0,0,0,0,0
180735,1,1,1988,0,0,0,0,0,0,0,0,0,0
180735,2,1,1988,0,0,0,0,0,0,0,0,0,0
180735,3,1,1988,0,0,0,0,0,0,0,0,0,0
180736,1,1,1988,36,19,0,0,0,0,22,13,0,14
180736,2,1,1988,17,24,0,8,0,0,10,0,0,0
180737,1,1,1988,29,29,29,29,29,29,29,29,29,29
180738,1,1,1988,0,0,0,0,19,0,0,0,0,0
180738,2,1,1988,5,27,0,0,0,0,0,0,0,8
180739,1,1,1988,29,29,29,29,29,29,29,29,29,29
180740,1,1,1988,10,10,10,10,10,10,10,10,10,10
180741,1,1,1988,0,0,0,0,0,0,0,0,0,0
180742,1,1,1988,0,0,0,0,0,0,0,0,0,0
180743,1,1,1988,29,29,29,29,29,29,29,29,29,29
180745,1,1,1988,0,0,0,0,0,0,0,0,0,0
180745,2,1,1988,0,0,0,0,0,0,11,0,0,0
180746,1,1,1988,17,0,0,0,0,0,0,16,18,0
180747,1,1,1988,0,0,0,0,0,0,0,0,0,0
180747,2,1,1988,0,0,0,0,0,0,0,0,0,0
180748,1,1,1988,0,0,0,0,0,0,0,0,0,0
180748,2,1,1988,0,0,0,0,0,0,0,0,0,0
180749,1,1,1988,14,14,14,14,14,14,14,14,14,14
180750,1,1,1988,0,4,0,0,0,0,18,0,0,0
180750,2,1,1988,0,0,0,0,0,0,0,0,0,0
180751,1,1,1988,0,0,0,29,0,32,0,39,0,0
180751,2,1,1988,0,0,0,0,0,0,0,0,0,0
180752,1,1,1988,0,0,0,0,0,0,0,0,0,0
180752,2,1,1988,0,0,0,0,0,0,0,0,0,0
180753,1,1,1988,0,0,0,0,0,0,0,0,0,0
180753,2,1,1988,0,0,0,0,0,16,0,10,0,0
180753,3,1,1988,0,0,0,0,0,0,0,0,0,0
180754,1,1,1988,23,23,23,23,23,23,23,23,23,23
180754,2,1,1988,7,0,0,26,0,0,20,22,17,22
180755,1,1,1988,20,20,20,20,20,20,20,20,20,20
180755,2,1,1988,0,0,0,0,0,0,0,0,0,0
180756,1,1,1988,1,1,1,1,1,1,1,1,1,1
180757,1,1,1988,0,0,0,0,0,0,0,0,0,0
180758,1,1,1988,0,0,0,0,0,0,0,0,0,0
180759,1,1,1988,16,0,16,0,21,0,0,0,0,0
180759,2,1,1988,0,0,16,0,0,0,0,0,0,0
180760,1,1,1988,0,0,0,0,0,0,0,0,0,0
180760,2,1,1988,0,0,0,11,0,0,0,0,0,0
180761,0,1,1988,0,0,0,0,0,0,0,12,0,14
180761,0,2,1988,0,0,0,4,13,0,10,29,11,27
180761,1,1,1988,0,15,25,0,0,7,0,0,17,13
180762,1,1,1988,18,18,18,18,18,18,18,18,18,18
180762,2,1,1988,0,0,0,0,0,0,0,0,0,0
180762,3,1,1988,22,0,0,18,21,0,0,5,0,9
180763,1,1,1988,0,0,0,0,0,7,0,0,0,22
180763,2,1,1988,0,0,0,0,0,0,0,0,0,0
180763,3,1,1988,14,14,14,14,14,14,14,14,14,14
180764,1,1,1988,0,0,0,0,0,0,0,0,0,0
180764,2,1,1988,0,0,0,0,0,0,0,0,0,0
180765,1,1,1988,0,0,0,0,0,0,0,0,0,0
180765,2,1,1988,0,0,0,0,0,0,0,0,0,0
180766,1,1,1988,0,10,0,0,0,0,0,0,0,0
180766,2,1,1988,0,0,0,0,0,0,0,0,0,0
180767,1,1,1988,22,22,22,22,22,22,22,22,22,22
180767,2,1,1988,0,0,0,0,0,0,0,0,0,0
180768,1,1,1988,9,9,9,9,9,9,9,9,9,9
180768,2,1,1988,0,0,0,0,0,0,0,0,0,0
180769,1,1,1988,18,18,18,18,18,18,18,18,18,18
180769,2,1,1988,12,12,12,12,12,12,12,12,12,12
180770,1,1,1988,26,26,26,26,26,26,26,26,26,26
180771,1,1,1988,38,38,38,38,38,38,38,38,38,38
180772,1,1,1988,26,26,26,26,26,26,26,26,26,26
180773,1,1,1988,13,0,13,13,12,14,27,0,22,14
180773,2,1,1988,0,0,0,0,0,0,0,0,0,0
180773,3,1,1988,0,12,13,0,7,0,0,0,26,14
180774,1,1,1988,14,19,7,0,0,49,7,16,25,16
180775,0,1,1988,15,15,15,15,15,15,15,15,15,15
180775,1,1,1988,0,0,0,0,0,0,0,0,0,0
180775,2,1,1988,0,0,0,0,0,6,5,6,0,0
180776,1,1,1988,0,0,0,0,0,0,0,0,11,0
180776,2,1,1988,0,0,0,0,0,0,0,0,0,0
180777,1,1,1988,0,0,0,0,0,0,0,0,0,0
180777,2,1,1988,0,0,0,0,0,0,0,0,0,0
180778,1,1,1988,0,0,27,7,0,0,0,0,0,20
180778,2,1,1988,0,0,0,0,0,0,0,0,0,0
180779,1,1,1988,28,28,28,28,28,28,28,28,28,28
180779,2,1,1988,0,0,0,0,0,0,0,0,0,0
180780,1,1,1988,0,0,14,0,0,0,0,0,0,0
180780,2,1,1988,0,17,17,0,0,12,0,0,0,0
180782,1,1,1988,12,12,12,12,12,12,12,12,12,12
180782,2,1,1988,0,0,0,0,0,0,0,15,0,0
180783,1,1,1988,0,0,0,0,0,0,0,0,0,0
180784,1,1,1988,0,0,0,0,0,0,0,17,0,0
180784,2,1,1988,20,20,20,20,20,20,20,20,20,20
180785,1,1,1988,0,23,21,0,15,0,0,20,18,18
180786,1,1,1988,0,0,0,0,0,0,0,0,0,0
180787,0,1,1988,16,0,0,0,0,35,0,0,0,0
180787,1,1,1988,0,0,0,0,0,17,0,0,0,0
180788,1,1,1988,0,0,0,0,0,0,0,0,0,0
180788,2,1,1988,0,0,0,0,0,0,0,0,0,0
180789,1,1,1988,0,0,0,0,0,7,0,0,0,0
180789,2,1,1988,0,0,0,0,0,0,0,0,0,0
180790,1,1,1988,0,0,0,0,0,0,0,0,0,0
180790,2,1,1988,0,0,0,0,0,0,0,0,0,0
180791,1,1,1988,0,0,0,0,0,0,0,0,0,0
180791,2,1,1988,0,0,0,0,0,0,0,0,0,0
180793,1,1,1988,24,24,24,24,24,24,24,24,24,24
180794,0,1,1988,0,0,0,0,0,11,10,4,22,10
180794,0,2,1988,0,0,0,0,0,0,0,0,0,0
180794,1,1,1988,0,0,0,0,0,0,0,0,16,0
180795,1,1,1988,33,33,33,33,33,33,33,33,33,33
180796,1,1,1988,0,0,0,0,0,0,0,0,0,0
180797,0,1,1988,5,5,5,5,5,5,5,5,5,5
180797,1,1,1988,0,0,0,0,0,0,0,0,0,0
180798,1,1,1988,0,0,0,0,0,0,0,0,0,0
180798,2,1,1988,1,1,1,1,1,1,1,1,1,1
180799,1,1,1988,0,0,0,0,0,0,0,0,0,0
180800,1,1,1988,0,0,0,0,0,0,0,0,0,21
180800,2,1,1988,0,0,0,0,0,0,0,0,5,0
180801,1,1,1988,3,3,3,3,3,3,3,3,3,3
180801,2,1,1988,0,0,0,0,0,0,0,0,0,0
180802,1,1,1988,0,0,0,0,0,0,0,0,0,0
180802,2,1,1988,0,0,0,0,0,0,0,0,0,0
180803,0,1,1988,0,0,0,0,0,0,0,0,0,0
180803,1,1,1988,0,0,12,0,0,0,4,0,0,0
180803,2,1,1988,0,0,0,0,4,0,0,0,0,0
180804,0,1,1988,0,15,0,0,0,18,0,10,0,0
180804,0,2,1988,0,0,0,0,0,0,0,28,0,0
180804,1,1,1988,42,42,42,42,42,42,42,42,42,42
180805,1,1,1988,0,0,0,0,0,0,0,0,0,0
180806,1,1,1988,18,18,18,18,18,18,18,18,18,18
180807,1,1,1988,18,18,18,18,18,18,18,18,18,18
180809,1,1,1988,18,18,18,18,18,18,18,18,18,18
180809,2,1,1988,0,0,0,0,0,0,0,0,0,0
180810,1,1,1988,15,15,15,15,15,15,15,15,15,15
180811,1,1,1988,15,15,15,15,15,15,15,15,15,15
180812,1,1,1988,28,28,28,28,28,28,28,28,28,28
180813,1,1,1988,0,0,0,0,0,0,0,0,0,0
180814,1,1,1988,0,0,0,0,0,0,0,0,0,0
180815,1,1,1988,0,0,0,0,0,0,0,0,0,0
180815,2,1,1988,5,21,7,5,9,16,0,14,0,0
180816,1,1,1988,0,0,0,0,0,0,0,0,0,0
180816,2,1,1988,0,0,0,0,0,0,0,0,0,0
180817,1,1,1988,22,22,22,22,22,22,22,22,22,22
180818,1,1,1988,0,0,0,22,0,0,0,26,6,0
180819,1,1,1988,0,0,0,0,0,0,0,0,0,0
180820,0,1,1988,34,34,34,34,34,34,34,34,34,34
180820,1,1,1988,23,23,23,23,23,23,23,23,23,23
180821,1,1,1988,0,0,0,0,0,18,0,0,0,0
180822,1,1,1988,12,0,0,0,0,0,0,0,0,0
180822,2,1,1988,0,0,0,0,0,0,0,0,0,0
180823,0,1,1988,0,0,0,0,0,0,0,4,32,14
180823,1,1,1988,0,0,0,0,0,0,0,2,0,0
180824,1,1,1988,0,0,0,0,0,0,0,0,0,0
180824,2,1,1988,0,0,0,0,0,0,0,0,0,0
180825,1,1,1988,20,20,20,20,20,20,20,20,20,20
180825,2,1,1988,0,0,0,7,0,0,0,0,0,0
180826,0,1,1988,0,0,0,0,0,0,0,0,0,0
180826,1,1,1988,0,0,0,11,0,0,9,0,0,8
180827,1,1,1988,0,0,0,0,0,0,0,0,0,0
180827,2,1,1988,7,7,7,7,7,7,7,7,7,7
180828,1,1,1988,0,25,0,0,0,0,0,0,0,0
180828,2,1,1988,0,0,0,0,0,0,0,0,0,0
180829,1,1,1988,0,14,0,54,25,0,0,0,17,0
180830,0,1,1988,0,0,0,0,0,0,0,0,0,0
180830,1,1,1988,0,0,0,0,0,0,0,0,0,0
180831,1,1,1988,0,0,0,0,0,0,0,0,0,0
180831,2,1,1988,23,23,23,23,23,23,23,23,23,23
180832,1,1,1988,0,0,0,0,0,0,0,0,0,0
180832,2,1,1988,0,0,0,0,0,0,0,0,0,0
180833,1,1,1988,25,25,25,25,25,25,25,25,25,25
180834,0,1,1988,25,0,13,0,0,13,6,18,0,0
180834,1,1,1988,5,0,0,0,0,0,0,0,0,0
180834,2,1,1988,0,0,0,0,0,0,0,0,0,0
180835,0,1,1988,22,33,16,20,0,17,0,21,0,0
180835,1,1,1988,0,0,0,0,8,0,0,0,0,23
180835,2,1,1988,0,0,0,0,0,0,0,0,0,0
180836,1,1,1988,0,0,0,0,0,0,0,0,0,0
180836,2,1,1988,14,0,0,0,0,4,0,0,0,0
180837,1,1,1988,0,0,0,0,0,0,0,0,0,0
180837,2,1,1988,14,0,0,0,0,0,0,0,0,0
180837,3,1,1988,0,0,0,0,0,0,0,0,0,0
180838,1,1,1988,31,31,31,31,31,31,31,31,31,31
180838,2,1,1988,26,20,0,0,14,4,0,0,0,7
180839,1,1,1988,0,0,0,0,0,0,0,0,0,0
180839,2,1,1988,0,0,0,0,0,0,0,0,0,0
180840,1,1,1988,0,0,0,0,0,0,0,0,0,0
180840,2,1,1988,0,0,0,0,0,0,0,0,0,0
180841,1,1,1988,0,0,0,0,0,0,0,0,0,0
180841,2,1,1988,0,0,0,0,0,0,0,0,0,0
180842,1,1,1988,0,0,0,0,0,0,0,0,0,0
180843,1,1,1988,20,20,20,20,20,20,20,20,20,20
180843,2,1,1988,0,0,0,0,0,0,0,0,0,0
180844,1,1,1988,16,0,0,18,11,15,16,12,10,0
180844,2,1,1988,0,0,0,0,0,0,0,0,0,0
180845,1,1,1988,0,0,0,0,0,0,0,0,0,0
180845,2,1,1988,0,0,0,0,0,0,0,0,0,0
180845,3,1,1988,10,0,0,0,0,0,0,0,0,0
180846,1,1,1988,0,0,0,0,0,25,12,12,0,0
180847,1,1,1988,0,0,0,0,0,0,0,0,0,0
180847,2,1,1988,0,0,0,0,0,0,0,0,0,0
180848,1,1,1988,10,10,10,10,10,10,10,10,10,10
180848,2,1,1988,0,0,0,0,0,0,0,0,0,0
180849,1,1,1988,0,0,0,0,0,0,0,0,0,0
180849,2,1,1988,0,0,0,0,0,0,0,0,0,0
180850,1,1,1988,0,0,0,0,0,0,0,0,0,0
180850,2,1,1988,6,6,6,6,6,6,6,6,6,6
180851,1,1,1988,0,0,0,0,0,0,0,0,0,0
180851,2,1,1988,1,1,1,1,1,1,1,1,1,1
180852,1,1,1988,0,0,0,0,0,0,0,0,0,0
180852,2,1,1988,0,0,0,0,0,0,0,0,10,0
180853,1,1,1988,0,0,0,0,0,0,0,0,0,0
180853,2,1,1988,0,0,0,0,0,0,0,0,0,0
180854,1,1,1988,4,14,0,0,0,0,0,0,8,9
180854,2,1,1988,0,0,0,11,17,0,0,0,18,0
180855,1,1,1988,11,32,20,0,14,16,18,18,19,10
180856,0,1,1988,0,0,0,0,0,0,0,0,0,0
180856,1,1,1988,0,0,0,0,0,0,0,0,0,0
180857,1,1,1988,23,23,23,23,23,23,23,23,23,23
180857,2,1,1988,0,26,15,4,9,0,0,24,0,0
180858,1,1,1988,14,14,14,14,14,14,14,14,14,14
180859,1,1,1988,0,0,0,0,0,0,0,0,0,0
180859,2,1,1988,0,0,0,0,0,0,0,0,0,0
180860,1,1,1988,10,13,16,20,32,11,5,8,22,27
180861,1,1,1988,0,0,0,0,0,0,0,0,0,0
180861,2,1,1988,0,0,0,0,0,0,0,0,0,0
180862,1,1,1988,12,12,12,12,12,12,12,12,12,12
180863,1,1,1988,0,0,0,0,0,0,0,0,0,0
180863,2,1,1988,0,0,0,0,0,0,0,0,0,0
180864,1,1,1988,40,40,40,40,40,40,40,40,40,40
180864,2,1,1988,0,0,0,0,0,0,0,0,0,0
180865,1,1,1988,17,17,17,17,17,17,17,17,17,17
180866,1,1,1988,34,34,34,34,34,34,34,34,34,34
180867,1,1,1988,7,0,11,12,10,11,21,22,9,11
180867,2,1,1988,0,0,0,0,7,0,0,6,0,0
180868,0,1,1988,21,21,21,21,21,21,21,21,21,21
180868,0,2,1988,9,18,7,0,34,4,18,25,40,39
180868,1,1,1988,0,12,8,0,0,13,0,0,9,0
180869,1,1,1988,4,4,4,4,4,4,4,4,4,4
180869,2,1,1988,0,0,0,0,0,0,0,0,0,0
180870,1,1,1988,0,0,0,0,0,0,0,0,0,0
180871,1,1,1988,0,0,0,0,0,0,0,0,0,0
180871,2,1,1988,0,0,27,29,10,0,6,0,0,0
180872,0,1,1988,12,12,12,12,12,12,12,12,12,12
180872,1,1,1988,0,0,0,0,0,0,0,0,0,0
180873,1,1,1988,21,21,21,21,21,21,21,21,21,21
180873,2,1,1988,0,0,0,0,0,0,0,0,0,0
180874,1,1,1988,29,29,29,29,29,29,29,29,29,29
180875,1,1,1988,0,0,0,0,0,0,0,0,0,0
180876,0,1,1988,0,0,0,0,0,0,9,0,0,0
180876,1,1,1988,0,0,0,0,0,0,0,0,0,0
180877,1,1,1988,16,16,16,16,16,16,16,16,16,16
180878,1,1,1988,0,0,0,0,14,0,0,0,0,10
180878,2,1,1988,0,17,4,0,0,0,0,28,13,0
180879,1,1,1988,0,0,0,0,0,0,0,0,0,0
180879,2,1,1988,0,0,0,0,0,0,0,0,0,0
180880,0,1,1988,0,29,0,0,0,0,15,0,0,0
180880,1,1,1988,0,0,0,0,0,0,0,0,0,0
180881,0,1,1988,0,30,11,0,0,0,0,0,0,0
180881,1,1,1988,0,0,0,0,0,0,0,0,0,0
180882,1,1,1988,0,0,0,0,0,0,0,0,0,0
180882,2,1,1988,0,0,0,0,0,0,0,0,0,0
180883,1,1,1988,0,0,0,0,0,0,0,0,0,0
180884,1,1,1988,0,0,0,0,0,0,0,0,0,0
180885,1,1,1988,0,0,0,0,0,0,0,0,0,0
180885,2,1,1988,0,0,0,0,0,0,0,0,0,0
180886,0,1,1988,35,35,35,35,35,35,35,35,35,35
180886,1,1,1988,18,18,18,18,18,18,18,18,18,18
180887,1,1,1988,19,19,19,19,19,19,19,19,19,19
180888,1,1,1988,7,7,7,7,7,7,7,7,7,7
180889,1,1,1988,0,0,0,0,0,0,0,0,0,0
180889,2,1,1988,0,0,0,0,0,0,0,0,0,0
180890,1,1,1988,0,0,0,0,0,0,0,0,0,0
180891,0,1,1988,15,0,0,26,0,0,0,33,0,0
180891,1,1,1988,0,0,0,0,0,0,0,0,0,16
180892,0,1,1988,0,0,0,0,34,0,19,13,0,0
180892,1,1,1988,27,27,27,27,27,27,27,27,27,27
180893,1,1,1988,22,22,22,22,22,22,22,22,22,22
180894,1,1,1988,0,0,0,0,0,0,0,0,0,0
180894,2,1,1988,0,0,0,0,0,0,0,0,0,0
180895,1,1,1988,23,23,23,23,23,23,23,23,23,23
180896,0,1,1988,0,28,0,0,0,18,0,34,42,0
180896,1,1,1988,0,0,0,0,0,0,0,0,0,0
180897,1,1,1988,17,17,17,17,17,17,17,17,17,17
180898,1,1,1988,18,18,18,18,18,18,18,18,18,18
180898,2,1,1988,15,13,27,0,0,40,20,12,0,0
180899,1,1,1988,0,0,0,0,0,0,0,0,0,0
180900,1,1,1988,0,0,0,0,0,0,0,0,0,0
180900,2,1,1988,0,0,0,0,0,0,0,0,0,0
180901,1,1,1988,10,10,10,10,10,10,10,10,10,10
180902,1,1,1988,0,0,0,0,0,0,0,0,0,0
180902,2,1,1988,0,0,0,0,0,0,0,0,0,0
180902,3,1,1988,0,0,0,0,0,0,0,0,0,0
180902,4,1,1988,0,0,0,0,0,0,0,0,0,0
180903,1,1,1988,0,0,11,0,16,0,4,0,19,6
180904,0,1,1988,0,0,0,0,0,0,0,0,0,0
180904,1,1,1988,0,0,0,0,0,0,0,0,0,0
180905,1,1,1988,0,0,0,0,0,0,0,0,0,0
180905,2,1,1988,0,0,0,0,0,0,0,0,0,0
180906,1,1,1988,20,8,28,23,11,0,0,25,26,29
180907,1,1,1988,0,0,0,0,0,0,0,0,0,0
180907,2,1,1988,0,0,0,0,0,0,0,0,0,0
180908,1,1,1988,13,13,13,13,13,13,13,13,13,13
180908,2,1,1988,0,0,0,0,0,0,0,0,0,0
180909,1,1,1988,0,6,0,0,0,0,0,0,0,0
180911,1,1,1988,0,0,0,0,0,0,0,0,0,0
180912,1,1,1988,0,0,0,0,0,0,0,0,0,0
180912,2,1,1988,0,0,0,0,0,0,0,0,0,0
180912,3,1,1988,0,0,0,0,0,0,0,0,0,0
180913,1,1,1988,17,17,17,17,17,17,17,17,17,17
180913,2,1,1988,0,0,8,0,0,8,0,0,0,0
180913,3,1,1988,0,0,16,0,0,0,0,0,0,0
180913,4,1,1988,0,0,16,0,0,0,0,0,0,13
180914,1,1,1988,27,27,27,27,27,27,27,27,27,27
180915,1,1,1988,20,20,20,20,20,20,20,20,20,20
180916,1,1,1988,18,18,18,18,18,18,18,18,18,18
180917,0,1,1988,0,0,0,0,0,0,0,0,0,0
180917,1,1,1988,0,0,0,0,0,0,0,0,0,0
180918,1,1,1988,0,0,16,0,0,0,19,0,0,0
180918,2,1,1988,0,0,0,0,0,0,0,0,0,0
180919,1,1,1988,0,0,0,0,0,0,0,0,0,0
180919,2,1,1988,0,0,0,0,22,0,0,0,6,0
180920,1,1,1988,0,0,0,0,0,0,0,0,0,0
180921,1,1,1988,0,0,0,0,0,0,0,0,0,0
180921,2,1,1988,0,0,0,0,0,0,0,0,0,0
180922,1,1,1988,6,6,6,6,6,6,6,6,6,6
180923,1,1,1988,18,18,18,18,18,18,18,18,18,18
180923,2,1,1988,0,0,0,0,0,0,0,0,0,0
180923,3,1,1988,0,0,0,0,0,0,0,0,0,0
180924,1,1,1988,15,15,15,15,15,15,15,15,15,15
180925,0,1,1988,11,11,11,11,11,11,11,11,11,11
180925,1,1,1988,2,2,2,2,2,2,2,2,2,2
180926,1,1,1988,0,0,0,0,0,0,0,0,0,0
180926,2,1,1988,9,0,0,0,0,0,0,0,0,0
180928,1,1,1988,25,25,25,25,25,25,25,25,25,25
180929,1,1,1988,23,19,9,11,15,30,5,15,16,0
180930,1,1,1988,0,0,0,0,0,0,0,0,0,0
180930,2,1,1988,0,0,0,0,0,0,0,0,0,0
180930,3,1,1988,0,0,0,17,16,19,0,0,5,0
180931,1,1,1988,0,0,12,0,0,17,0,0,28,0
180931,2,1,1988,20,0,0,24,0,0,0,0,0,15
180932,1,1,1988,17,17,17,17,17,17,17,17,17,17
180933,1,1,1988,15,15,15,15,15,15,15,15,15,15
180934,1,1,1988,21,21,21,21,21,21,21,21,21,21
180934,2,1,1988,0,0,0,0,0,0,0,0,0,0
180935,1,1,1988,6,6,6,6,6,6,6,6,6,6
180935,2,1,1988,0,0,12,0,0,0,15,0,0,6
180936,1,1,1988,0,0,0,0,0,0,0,0,8,0
180936,2,1,1988,0,0,0,0,0,0,0,0,0,0
180937,1,1,1988,0,0,0,0,0,0,0,0,0,0
180938,0,1,1988,0,0,19,0,21,0,23,0,0,0
180938,1,1,1988,1,1,1,1,1,1,1,1,1,1
180939,1,1,1988,17,17,17,17,17,17,17,17,17,17
180940,1,1,1988,0,0,0,0,0,0,0,14,0,0
180940,2,1,1988,12,12,12,12,12,12,12,12,12,12
180941,1,1,1988,27,27,27,27,27,27,27,27,27,27
180942,1,1,1988,0,0,0,0,28,0,0,0,0,0
180942,2,1,1988,0,0,0,0,0,0,0,0,0,0
180943,1,1,1988,38,38,38,38,38,38,38,38,38,38
180943,2,1,1988,0,0,0,0,0,0,0,0,0,0
180943,3,1,1988,25,7,0,25,19,0,0,0,0,0
180944,1,1,1988,0,18,0,0,38,0,0,0,0,29
180945,1,1,1988,27,27,27,27,27,27,27,27,27,27
180945,2,1,1988,2,2,2,2,2,2,2,2,2,2
180946,1,1,1988,7,7,7,7,7,7,7,7,7,7
180947,1,1,1988,0,0,0,0,0,0,0,7,0,0
180948,0,1,1988,0,0,0,0,0,0,0,0,0,0
180948,1,1,1988,0,0,0,0,0,0,0,0,0,0
180949,1,1,1988,0,0,0,0,0,0,0,0,0,0
180950,1,1,1988,23,23,23,23,23,23,23,23,23,23
180950,2,1,1988,0,0,0,0,0,0,9,0,24,2
180951,1,1,1988,0,0,0,0,0,0,0,0,0,0
180951,2,1,1988,0,0,0,0,0,0,0,0,0,0
180952,1,1,1988,0,0,0,0,0,0,0,0,0,0
180952,2,1,1988,0,0,0,0,0,0,0,0,0,0
180953,1,1,1988,26,26,26,26,26,26,26,26,26,26
180954,1,1,1988,0,4,0,16,0,13,14,22,14,0
180955,0,1,1988,26,26,26,26,26,26,26,26,26,26
180955,1,1,1988,0,0,0,0,0,0,0,0,0,24
180956,1,1,1988,0,0,23,0,0,17,24,0,15,10
180957,1,1,1988,0,0,0,0,0,0,0,0,0,0
180957,2,1,1988,0,0,0,0,0,0,0,0,0,0
180958,1,1,1988,9,9,9,9,9,9,9,9,9,9
180959,1,1,1988,23,23,23,23,23,23,23,23,23,23
180959,2,1,1988,0,0,0,0,0,0,0,0,0,0
180961,1,1,1988,0,0,0,0,0,0,0,0,0,0
180962,1,1,1988,5,5,5,5,5,5,5,5,5,5
180963,0,1,1988,18,18,18,18,18,18,18,18,18,18
180963,1,1,1988,4,4,4,4,4,4,4,4,4,4
180964,1,1,1988,0,0,0,0,0,0,0,0,0,0
180965,1,1,1988,28,28,28,28,28,28,28,28,28,28
180966,1,1,1988,0,0,0,0,0,0,0,0,0,0
180966,2,1,1988,0,0,0,0,0,0,0,0,0,0
180967,0,1,1988,0,0,0,0,0,0,0,0,0,0
180967,1,1,1988,0,0,0,0,0,0,0,0,0,0
180968,1,1,1988,22,22,22,22,22,22,22,22,22,22
180968,2,1,1988,0,0,0,0,0,28,0,0,3,0
180968,3,1,1988,0,0,0,0,0,0,0,0,0,0
180969,1,1,1988,0,0,0,0,0,0,0,0,0,0
180969,2,1,1988,0,0,0,0,0,0,0,0,0,0
180970,0,1,1988,0,0,0,0,0,0,0,0,0,0
180970,1,1,1988,0,0,0,0,0,0,0,0,0,0
180971,1,1,1988,0,0,0,0,0,0,0,0,0,0
180971,2,1,1988,0,0,0,0,0,0,0,0,0,0
180972,1,1,1988,0,0,0,0,0,0,0,0,0,0
180973,1,1,1988,20,20,20,20,20,20,20,20,20,20
180974,1,1,1988,0,0,0,0,11,0,0,25,0,0
180975,1,1,1988,12,12,12,12,12,12,12,12,12,12
180975,2,1,1988,0,0,15,0,0,0,0,0,0,0
180976,1,1,1988,0,0,0,0,0,0,0,0,0,0
180976,2,1,1988,0,0,6,24,0,0,0,0,14,0
180976,3,1,1988,0,0,0,0,0,0,0,0,0,0
180977,0,1,1988,0,0,0,0,0,0,0,0,0,0
180977,1,1,1988,0,0,0,8,0,0,16,9,0,0
180978,1,1,1988,17,0,16,6,0,0,10,12,0,0
180979,1,1,1988,28,28,28,28,28,28,28,28,28,28
180979,2,1,1988,15,0,6,13,8,15,0,15,27,17
180980,1,1,1988,0,13,0,0,3,0,0,0,0,7
180980,2,1,1988,0,0,0,13,0,0,0,0,0,0
180981,1,1,1988,0,0,0,0,0,0,0,0,0,0
180981,2,1,1988,0,0,0,0,0,0,0,0,0,0
180982,1,1,1988,0,0,0,0,19,0,0,10,16,0
180982,2,1,1988,0,16,16,0,0,0,8,0,0,0
180983,1,1,1988,18,18,18,18,18,18,18,18,18,18
180984,1,1,1988,0,0,0,0,0,0,0,0,0,0
180984,2,1,1988,0,0,0,0,0,0,0,0,0,0
180985,0,1,1988,0,0,0,0,0,0,0,0,0,0
180985,1,1,1988,0,0,0,0,0,0,0,0,0,0
180986,1,1,1988,5,5,5,5,5,5,5,5,5,5
180986,2,1,1988,0,0,0,0,0,0,0,0,0,0
180987,1,1,1988,0,0,0,0,0,0,0,0,0,0
180987,2,1,1988,0,0,0,0,0,0,0,0,0,0
180988,1,1,1988,0,0,0,0,0,0,0,0,0,0
180988,2,1,1988,0,0,0,0,0,0,0,0,0,0
180989,1,1,1988,0,0,0,0,0,0,0,0,0,0
180989,2,1,1988,0,0,5,0,0,0,0,7,0,0
180990,1,1,1988,0,0,0,0,0,0,7,0,0,0
180990,2,1,1988,0,0,0,0,0,0,0,0,0,0
180991,1,1,1988,0,0,0,0,0,0,0,0,0,0
180991,2,1,1988,0,0,0,0,0,0,0,0,0,0
180992,1,1,1988,0,0,0,0,0,0,0,0,0,0
180992,2,1,1988,0,0,0,0,0,0,0,0,0,0
180993,1,1,1988,21,21,21,21,21,21,21,21,21,21
180994,1,1,1988,0,0,0,0,0,0,0,0,0,0
180994,2,1,1988,0,0,0,0,0,0,0,0,0,0
180995,1,1,1988,15,15,15,15,15,15,15,15,15,15
180996,1,1,1988,0,0,0,0,0,0,0,0,0,0
180996,2,1,1988,9,0,20,0,0,10,0,0,16,0
180997,0,1,1988,0,0,0,0,0,0,0,0,0,0
180997,1,1,1988,0,0,0,0,0,0,0,0,0,0
180998,0,1,1988,0,0,0,0,0,0,0,0,0,0