ST_CASE,VEH_NO,PER_NO,YEAR,P1,P2,P3,P4,P5,P6,P7,P8,P9,P10
180998,1,1,1988,0,0,0,0,0,0,0,0,0,0
180998,2,1,1988,0,0,0,12,0,0,0,0,0,0
180999,1,1,1988,13,13,13,13,13,13,13,13,13,13
181000,1,1,1988,0,0,0,0,0,0,0,0,0,0
181000,2,1,1988,0,0,0,0,0,0,0,0,0,0
181000,3,1,1988,0,0,0,0,0,0,0,0,0,0
181001,1,1,1988,0,0,0,0,0,0,0,0,0,0
181002,1,1,1988,0,0,0,0,0,0,0,0,0,0
181003,1,1,1988,3,3,3,3,3,3,3,3,3,3
181004,1,1,1988,13,13,13,13,13,13,13,13,13,13
181005,1,1,1988,0,0,0,0,10,0,0,0,0,0
181005,2,1,1988,0,0,0,0,0,0,0,0,0,0
181005,3,1,1988,11,23,0,0,0,0,0,0,0,0
181005,4,1,1988,0,0,0,0,0,0,0,0,8,0
181006,1,1,1988,11,11,11,11,11,11,11,11,11,11
181007,1,1,1988,0,0,0,0,0,0,0,0,0,0
181007,2,1,1988,0,0,22,0,0,0,0,0,0,0
181008,1,1,1988,30,30,30,30,30,30,30,30,30,30
181008,2,1,1988,0,0,0,0,0,0,0,0,0,0
181008,3,1,1988,18,0,0,0,0,0,0,0,0,0
181008,4,1,1988,0,0,0,0,0,0,0,0,0,0
181009,1,1,1988,0,0,0,0,0,0,0,0,0,0
181009,2,1,1988,0,7,0,14,0,0,0,0,0,0
181010,1,1,1988,0,0,0,0,0,0,0,0,0,0
181010,2,1,1988,0,0,0,0,0,0,0,0,0,0
181011,1,1,1988,0,0,0,0,17,0,0,0,28,0
181011,2,1,1988,0,0,0,0,0,0,0,0,0,0
181011,3,1,1988,2,0,0,0,0,0,0,0,19,20
181012,1,1,1988,35,18,18,18,29,16,11,12,34,0
181013,1,1,1988,0,0,0,0,0,0,0,0,0,0
181013,2,1,1988,0,0,0,0,0,0,0,0,0,0
181013,3,1,1988,0,0,0,0,0,0,0,0,0,0
181014,1,1,1988,7,0,8,5,0,0,0,0,13,0
181015,1,1,1988,1,1,1,1,1,1,1,1,1,1
181015,2,1,1988,0,0,0,0,0,0,0,0,0,0
181015,3,1,1988,0,0,0,0,0,0,0,0,0,0
181015,4,1,1988,0,0,0,0,0,0,0,0,0,0
181015,5,1,1988,13,13,13,13,13,13,13,13,13,13
181016,1,1,1988,18,15,15,20,16,0,0,19,0,7
181016,2,1,1988,0,0,0,0,0,0,0,0,0,0
181017,1,1,1988,0,0,0,0,0,0,0,0,0,0
181018,1,1,1988,4,4,4,4,4,4,4,4,4,4
181019,0,1,1988,8,8,8,8,8,8,8,8,8,8
181019,1,1,1988,29,10,0,0,10,10,12,16,15,25
181020,1,1,1988,18,18,18,18,18,18,18,18,18,18
181020,2,1,1988,0,0,0,0,0,0,0,0,0,0
190001,0,1,1988,0,0,0,0,0,0,0,0,0,0
190001,1,1,1988,0,0,0,0,0,0,0,0,0,14
190002,1,1,1988,21,21,21,21,21,21,21,21,21,21
190003,1,1,1988,0,0,0,0,0,0,0,0,0,0
190003,2,1,1988,0,0,0,0,0,0,0,0,0,0
190004,1,1,1988,0,0,0,0,0,0,0,0,0,0
190004,2,1,1988,0,0,0,0,0,0,0,0,0,0
190004,3,1,1988,0,0,0,0,0,0,0,0,0,0
190005,1,1,1988,0,0,0,0,0,0,0,0,0,0
190005,2,1,1988,0,0,0,0,0,0,0,0,0,0
190006,1,1,1988,0,0,7,12,0,29,20,0,0,0
190007,1,1,1988,6,6,6,6,6,6,6,6,6,6
190008,1,1,1988,26,26,26,26,26,26,26,26,26,26
190009,1,1,1988,0,0,0,0,0,0,0,0,0,0
190009,2,1,1988,0,0,0,0,0,0,0,0,0,0
190010,1,1,1988,22,22,22,22,22,22,22,22,22,22
190011,1,1,1988,14,14,14,14,14,14,14,14,14,14
190012,1,1,1988,0,0,0,0,0,0,0,0,0,0
190013,1,1,1988,0,0,0,0,0,0,0,0,0,0
190013,2,1,1988,0,0,0,0,0,0,0,0,0,0
190014,1,1,1988,0,0,0,0,0,0,0,0,0,0
190014,2,1,1988,0,0,0,10,0,0,0,0,0,0
190014,3,1,1988,7,0,0,0,0,0,0,0,0,0
190015,1,1,1988,0,0,0,0,0,0,0,0,0,10
190015,2,1,1988,0,0,0,0,0,0,0,0,0,0
190016,1,1,1988,0,0,0,0,0,0,0,0,0,0
190016,2,1,1988,0,0,0,0,0,0,0,0,0,0
190017,1,1,1988,0,0,0,0,0,0,0,0,0,0
190017,2,1,1988,0,0,0,0,0,0,0,0,0,0
190018,1,1,1988,0,0,0,0,0,0,0,0,0,0
190018,2,1,1988,0,0,0,0,0,0,0,0,0,0
190019,1,1,1988,0,0,0,0,0,0,0,0,0,0
190019,2,1,1988,0,0,0,0,0,0,0,21,0,0
190019,3,1,1988,0,0,0,0,0,0,0,0,0,0
190019,4,1,1988,0,0,0,0,0,0,0,0,0,0
190020,1,1,1988,0,0,0,0,0,0,0,0,0,0
190020,2,1,1988,0,0,0,0,0,0,0,0,0,0
190021,1,1,1988,0,0,0,0,0,0,0,0,0,23
190021,2,1,1988,0,0,0,0,0,0,0,0,0,0
190021,3,1,1988,0,8,0,0,0,0,0,0,0,0
190022,1,1,1988,15,15,15,15,15,15,15,15,15,15
190022,2,1,1988,0,0,13,0,0,0,4,0,0,0
190023,1,1,1988,0,0,0,0,0,0,0,0,0,0
190023,2,1,1988,0,0,0,0,0,0,0,0,0,0
190024,1,1,1988,0,0,0,0,0,0,0,0,0,5
190024,2,1,1988,0,0,0,0,0,0,0,0,0,0
190024,3,1,1988,0,0,23,0,0,0,0,0,0,0
190025,0,1,1988,7,0,0,19,25,0,0,18,11,0
190025,1,1,1988,0,0,0,0,0,0,0,0,0,0
190026,1,1,1988,0,0,0,0,0,0,0,0,0,0
190027,1,1,1988,0,0,0,0,0,0,0,0,0,0
190027,2,1,1988,0,0,0,0,0,0,0,0,0,0
190027,3,1,1988,0,0,0,0,0,0,0,0,0,0
190028,1,1,1988,27,27,27,27,27,27,27,27,27,27
190028,2,1,1988,0,0,0,0,0,15,0,0,0,0
190029,1,1,1988,0,0,0,0,0,0,0,0,0,0
190029,2,1,1988,0,0,8,0,0,0,0,0,0,0
190030,1,1,1988,0,0,0,0,0,0,0,9,0,0
190030,2,1,1988,0,0,0,0,0,0,0,0,0,0
190030,3,1,1988,0,15,0,0,0,0,0,0,0,0
190032,1,1,1988,16,14,12,22,13,22,5,24,12,18
190032,2,1,1988,0,0,0,0,0,0,0,0,0,0
190032,3,1,1988,0,13,0,0,0,9,0,0,0,0
190033,1,1,1988,0,0,0,0,0,0,0,0,0,0
190033,2,1,1988,0,0,0,0,0,0,0,0,0,0
190033,3,1,1988,0,0,0,0,0,0,0,24,0,0
190034,1,1,1988,0,0,0,0,0,0,0,0,0,0
190035,1,1,1988,12,12,12,12,12,12,12,12,12,12
190036,1,1,1988,0,0,0,0,0,0,0,0,0,0
190036,2,1,1988,3,3,3,3,3,3,3,3,3,3
190037,1,1,1988,0,0,0,0,0,0,0,0,0,0
190037,2,1,1988,0,0,0,0,16,0,0,0,0,0
190038,1,1,1988,17,17,17,17,17,17,17,17,17,17
190039,1,1,1988,12,12,12,12,12,12,12,12,12,12
190040,1,1,1988,0,0,0,0,0,0,0,0,0,0
190041,1,1,1988,0,0,0,0,0,0,0,0,0,0
190044,1,1,1988,27,27,27,27,27,27,27,27,27,27
190045,1,1,1988,0,0,0,0,7,3,0,20,0,0
190046,1,1,1988,14,17,23,19,37,0,0,0,15,11
190047,0,1,1988,0,0,0,0,0,0,0,0,0,0
190047,1,1,1988,0,0,0,0,0,0,0,0,0,0
190048,1,1,1988,4,0,4,0,6,26,20,16,17,6
190048,2,1,1988,0,0,0,0,0,0,0,0,0,0
190049,1,1,1988,3,3,3,3,3,3,3,3,3,3
190049,2,1,1988,28,28,28,28,28,28,28,28,28,28
190050,1,1,1988,31,31,31,31,31,31,31,31,31,31
190051,1,1,1988,21,21,21,21,21,21,21,21,21,21
190052,1,1,1988,0,0,0,0,0,0,0,0,0,0
190052,2,1,1988,0,0,0,0,0,0,0,0,0,0
190053,1,1,1988,0,15,15,0,0,11,0,8,0,0
190053,2,1,1988,21,0,15,3,27,4,13,12,11,19
190054,1,1,1988,18,18,18,18,18,18,18,18,18,18
190055,0,1,1988,0,0,0,0,0,0,0,0,0,0
190055,1,1,1988,0,0,0,0,0,0,0,0,0,0
190056,1,1,1988,1,1,1,1,1,1,1,1,1,1
190056,2,1,1988,1,1,1,1,1,1,1,1,1,1
190057,1,1,1988,0,0,0,0,0,0,0,0,0,0
190058,1,1,1988,15,15,15,15,15,15,15,15,15,15
190059,1,1,1988,14,14,14,14,14,14,14,14,14,14
190060,1,1,1988,16,16,16,16,16,16,16,16,16,16
190060,2,1,1988,0,0,0,0,0,0,0,0,0,0
190061,1,1,1988,18,18,18,18,18,18,18,18,18,18
190062,1,1,1988,12,12,12,12,12,12,12,12,12,12
190063,1,1,1988,15,15,15,15,15,15,15,15,15,15
190063,2,1,1988,0,0,0,0,0,0,0,0,0,0
190064,1,1,1988,0,0,0,0,0,0,0,0,0,0
190065,1,1,1988,24,24,24,24,24,24,24,24,24,24
190066,1,1,1988,14,14,14,14,14,14,14,14,14,14
190067,1,1,1988,35,35,35,35,35,35,35,35,35,35
190068,1,1,1988,0,0,0,0,0,0,0,0,0,0
190068,2,1,1988,0,0,0,0,0,4,0,0,6,21
190069,1,1,1988,0,0,0,0,0,0,0,0,0,0
190069,2,1,1988,0,0,0,0,0,0,0,0,0,0
190070,1,1,1988,14,14,14,14,14,14,14,14,14,14
190071,1,1,1988,39,39,39,39,39,39,39,39,39,39
190072,1,1,1988,9,9,9,9,9,9,9,9,9,9
190073,1,1,1988,0,0,0,0,0,0,0,0,0,0
190074,1,1,1988,0,0,0,0,0,0,0,0,0,0
190074,2,1,1988,0,0,0,0,0,0,0,0,0,0
190074,3,1,1988,0,0,0,0,0,0,0,0,0,0
190075,1,1,1988,16,16,16,16,16,16,16,16,16,16
190075,2,1,1988,0,0,0,0,0,0,0,0,0,0
190076,0,1,1988,0,0,25,0,17,0,0,0,0,0
190076,1,1,1988,0,0,0,0,0,0,0,0,0,0
190077,1,1,1988,0,0,0,0,0,0,0,0,0,0
190077,2,1,1988,7,0,39,10,17,0,0,0,0,21
190078,0,1,1988,0,0,0,0,0,0,0,0,0,0
190078,1,1,1988,0,0,0,0,0,0,0,0,0,0
190079,1,1,1988,30,30,30,30,30,30,30,30,30,30
190080,1,1,1988,0,0,0,0,0,0,0,0,0,0
190080,2,1,1988,0,0,0,0,0,0,0,0,0,0
190081,1,1,1988,0,0,0,0,0,20,0,0,0,0
190082,1,1,1988,17,17,17,17,17,17,17,17,17,17
190083,1,1,1988,18,18,18,18,18,18,18,18,18,18
190084,1,1,1988,21,21,21,21,21,21,21,21,21,21
190085,1,1,1988,0,0,0,0,0,0,0,0,0,0
190085,2,1,1988,0,0,0,0,0,0,0,0,0,0
190086,1,1,1988,0,0,0,0,0,0,0,0,0,0
190087,1,1,1988,0,0,0,0,0,0,0,0,0,0
190087,2,1,1988,0,0,0,0,0,0,0,0,0,0
190088,1,1,1988,0,0,0,0,0,0,0,0,0,0
190088,2,1,1988,0,0,0,0,0,0,0,0,0,0
190089,1,1,1988,21,21,21,21,21,21,21,21,21,21
190090,1,1,1988,0,0,0,0,0,12,0,15,0,0
190091,1,1,1988,0,0,0,0,0,0,0,0,0,0
190092,1,1,1988,22,22,22,22,22,22,22,22,22,22
190093,1,1,1988,0,0,0,0,0,0,0,0,0,0
190093,2,1,1988,0,0,0,0,0,0,0,0,0,0
190094,1,1,1988,21,21,21,21,21,21,21,21,21,21
190095,1,1,1988,26,26,26,26,26,26,26,26,26,26
190096,1,1,1988,0,0,0,0,9,0,0,0,0,0
190096,2,1,1988,0,15,0,0,0,0,0,0,0,0
190097,1,1,1988,23,23,23,23,23,23,23,23,23,23
190098,1,1,1988,0,16,0,0,0,12,0,0,0,0
190099,0,1,1988,23,23,0,0,18,16,15,0,0,0
190099,1,1,1988,0,0,0,0,0,0,0,0,0,0
190100,1,1,1988,0,0,0,0,0,0,0,0,0,0
190100,2,1,1988,0,0,0,0,0,0,0,0,0,0
190101,1,1,1988,0,0,0,0,0,0,0,0,0,0
190101,2,1,1988,0,0,0,0,0,0,0,0,0,0
190102,1,1,1988,0,0,0,0,0,0,0,0,0,0
190102,2,1,1988,0,0,0,0,0,0,0,0,0,0
190103,1,1,1988,20,20,20,20,20,20,20,20,20,20
190104,1,1,1988,0,0,0,0,0,0,0,0,0,0
190104,2,1,1988,0,0,0,0,0,0,0,0,0,0
190105,1,1,1988,0,0,0,0,0,0,0,0,0,12
190106,1,1,1988,30,4,7,11,24,0,0,16,23,4
190107,1,1,1988,0,0,0,0,0,0,0,14,0,0
190108,1,1,1988,18,18,18,18,18,18,18,18,18,18
190108,2,1,1988,0,0,0,0,0,0,0,0,0,0
190109,1,1,1988,0,0,0,0,0,0,0,0,0,0
190109,2,1,1988,0,0,0,0,0,0,0,0,0,0
190110,1,1,1988,0,0,10,0,0,0,0,0,0,0
190110,2,1,1988,0,0,0,0,0,0,0,0,0,0
190111,1,1,1988,0,0,0,0,0,0,0,0,0,0
190111,2,1,1988,12,4,0,0,0,26,0,9,0,0
190112,1,1,1988,12,12,12,12,12,12,12,12,12,12
190113,0,1,1988,0,0,0,0,0,0,0,0,0,0
190113,1,1,1988,17,17,17,17,17,17,17,17,17,17
190114,1,1,1988,0,0,0,0,0,0,0,0,0,0
190115,1,1,1988,37,37,37,37,37,37,37,37,37,37
190116,1,1,1988,0,0,24,0,0,0,0,0,0,0
190116,2,1,1988,21,21,21,21,21,21,21,21,21,21
190117,1,1,1988,0,0,0,0,0,0,0,0,0,0
190117,2,1,1988,0,0,0,0,0,0,15,0,0,0
190118,1,1,1988,0,0,0,0,32,0,0,0,0,0
190118,2,1,1988,0,0,0,0,0,0,0,0,0,0
190118,3,1,1988,0,0,0,0,0,0,0,0,0,0
190119,1,1,1988,0,0,0,0,0,0,0,0,0,0
190119,2,1,1988,0,0,0,0,0,6,0,0,0,0
190120,1,1,1988,0,0,0,0,0,0,0,0,0,0
190121,1,1,1988,0,0,0,0,0,0,0,0,0,0
190122,1,1,1988,0,0,0,0,0,0,0,0,0,0
190123,0,1,1988,15,0,0,0,0,0,0,0,0,0
190123,1,1,1988,0,0,0,0,0,0,0,0,0,0
190124,1,1,1988,0,0,0,0,0,0,0,0,0,0
190124,2,1,1988,0,0,0,0,0,0,0,0,0,0
190125,1,1,1988,0,0,0,0,0,0,0,0,0,0
190125,2,1,1988,0,0,0,0,0,0,0,0,0,0
190126,1,1,1988,5,5,5,5,5,5,5,5,5,5
190127,1,1,1988,3,3,3,3,3,3,3,3,3,3
190127,2,1,1988,0,0,0,0,0,0,0,0,0,0
190128,1,1,1988,12,12,12,12,12,12,12,12,12,12
190129,1,1,1988,0,0,0,0,0,0,0,0,0,0
190130,1,1,1988,2,2,2,2,2,2,2,2,2,2
190131,1,1,1988,0,0,0,0,0,0,0,0,0,0
190131,2,1,1988,0,0,0,0,0,0,0,0,0,0
190132,1,1,1988,0,0,17,0,0,0,0,0,0,0
190133,1,1,1988,0,0,0,0,0,2,0,0,0,0
190133,2,1,1988,0,0,0,0,0,0,0,0,0,0
190134,1,1,1988,13,13,13,13,13,13,13,13,13,13
190135,1,1,1988,33,33,33,33,33,33,33,33,33,33
190135,2,1,1988,0,0,0,0,0,0,0,0,0,0
190136,1,1,1988,0,0,0,0,0,17,0,0,0,0
190136,2,1,1988,0,0,0,0,0,0,0,0,0,0
190137,1,1,1988,0,0,0,0,6,0,0,0,0,0
190138,1,1,1988,14,14,14,14,14,14,14,14,14,14
190139,1,1,1988,25,25,25,25,25,25,25,25,25,25
190140,1,1,1988,0,0,0,0,0,0,0,0,0,0
190140,2,1,1988,0,0,0,0,0,0,0,0,0,0
190141,1,1,1988,0,0,0,0,0,0,0,0,0,0
190142,1,1,1988,0,0,0,0,0,0,0,0,0,0
190142,2,1,1988,19,19,19,19,19,19,19,19,19,19
190143,1,1,1988,16,16,16,16,16,16,16,16,16,16
190144,1,1,1988,0,12,0,0,0,0,0,0,2,0
190144,2,1,1988,0,0,0,0,0,0,0,0,0,0
190145,1,1,1988,20,20,20,20,20,20,20,20,20,20
190146,1,1,1988,7,7,7,7,7,7,7,7,7,7
190146,2,1,1988,0,0,0,0,0,0,0,0,0,0
190147,0,1,1988,23,23,23,23,23,23,23,23,23,23
190147,1,1,1988,0,0,0,0,0,0,0,0,0,0
190147,2,1,1988,0,22,0,0,0,20,0,0,0,0
190147,3,1,1988,0,0,0,12,0,0,0,16,0,0
190148,1,1,1988,12,12,12,12,12,12,12,12,12,12
190149,1,1,1988,16,16,16,16,16,16,16,16,16,16
190150,1,1,1988,0,0,0,0,0,13,0,0,0,0
190151,1,1,1988,11,0,0,0,0,0,0,0,0,0
190151,2,1,1988,21,21,21,21,21,21,21,21,21,21
190152,1,1,1988,8,8,8,8,8,8,8,8,8,8
190153,1,1,1988,0,0,0,0,0,0,0,0,0,0
190153,2,1,1988,0,0,0,0,0,0,0,0,0,0
190154,1,1,1988,0,0,0,0,0,0,0,0,0,0
190154,2,1,1988,0,0,0,0,0,0,0,0,0,0
190155,1,1,1988,21,0,0,0,0,0,0,0,0,23
190156,1,1,1988,18,18,18,18,18,18,18,18,18,18
190157,1,1,1988,0,0,0,0,0,0,0,0,0,0
190157,2,1,1988,0,0,0,0,0,0,0,0,0,0
190158,1,1,1988,17,17,17,17,17,17,17,17,17,17
190159,1,1,1988,0,0,0,0,0,0,0,0,0,0
190160,1,1,1988,0,0,0,0,0,0,0,0,0,0
190160,2,1,1988,0,0,0,0,0,0,0,0,0,0
190161,1,1,1988,0,0,0,0,10,0,0,0,0,0
190162,0,1,1988,19,19,19,19,19,19,19,19,19,19
190162,1,1,1988,0,0,0,0,0,0,0,9,0,0
190162,2,1,1988,0,0,0,0,0,0,0,0,0,0
190163,0,1,1988,0,0,0,0,0,0,0,0,0,0
190163,1,1,1988,0,0,0,0,0,0,0,0,0,9
190164,1,1,1988,0,0,0,0,0,0,3,0,0,0
190164,2,1,1988,0,0,0,0,0,0,0,0,0,0
190165,1,1,1988,0,0,0,0,0,0,0,0,0,0
190165,2,1,1988,0,0,0,0,0,16,0,0,8,0
190167,1,1,1988,0,0,0,0,0,0,11,0,0,0
190167,2,1,1988,0,0,0,0,0,0,0,0,0,0
190167,3,1,1988,0,0,0,0,0,0,0,0,0,0
190168,1,2,1988,17,17,17,17,17,17,17,17,17,17
190169,1,1,1988,9,9,9,9,9,9,9,9,9,9
190170,0,1,1988,0,0,0,0,0,0,0,0,0,0
190170,1,1,1988,0,0,0,0,0,0,0,0,0,0
190171,1,1,1988,0,0,0,0,0,0,0,0,0,0
190171,2,1,1988,0,0,0,0,0,0,0,4,0,0
190172,1,1,1988,0,0,0,0,0,0,0,0,0,0
190172,2,1,1988,0,0,0,0,0,0,0,0,0,0
190173,1,1,1988,20,20,20,20,20,20,20,20,20,20
190174,1,1,1988,0,0,0,0,0,0,0,0,0,0
190174,2,1,1988,0,0,0,0,0,0,0,0,0,0
190175,1,1,1988,0,0,0,0,0,0,0,0,0,0
190175,2,1,1988,0,3,0,9,0,17,0,0,0,34
190176,1,1,1988,1,1,1,1,1,1,1,1,1,1
190176,2,1,1988,0,0,0,0,0,0,0,0,0,0
190177,1,1,1988,17,17,17,17,17,17,17,17,17,17
190177,2,1,1988,0,0,0,0,0,0,0,0,0,0
190178,0,1,1988,0,0,0,0,0,0,0,0,0,0
190178,1,1,1988,0,0,0,0,0,0,0,0,0,0
190179,0,1,1988,0,0,0,0,0,0,0,0,0,0
190179,1,1,1988,9,0,16,13,9,25,11,20,21,23
190180,1,1,1988,0,0,0,0,0,0,0,0,0,0
190180,2,1,1988,0,0,1,0,0,0,0,0,0,0
190181,1,1,1988,0,0,0,12,0,0,0,0,0,0
190181,2,1,1988,20,0,0,0,0,0,0,0,18,0
190182,1,1,1988,18,18,18,18,18,18,18,18,18,18
190183,1,1,1988,1,1,1,1,1,1,1,1,1,1
190184,1,1,1988,0,0,0,0,0,0,0,0,0,0
190185,1,1,1988,0,0,0,0,0,0,0,0,0,0
190185,2,1,1988,0,0,0,0,0,0,0,0,0,0
190186,0,1,1988,18,18,18,18,18,18,18,18,18,18
190186,1,1,1988,23,0,16,9,0,16,0,12,0,20
190187,1,1,1988,0,0,0,0,0,0,0,0,0,0
190188,1,1,1988,12,0,0,0,0,0,0,0,0,0
190188,2,1,1988,0,0,0,0,0,0,0,0,41,0
190189,1,1,1988,0,0,0,0,0,0,0,0,0,0
190189,2,1,1988,17,17,17,17,17,17,17,17,17,17
190190,1,1,1988,17,0,0,0,0,0,0,6,0,0
190191,0,1,1988,0,0,0,0,0,0,0,0,0,0
190191,1,1,1988,0,0,0,0,0,0,0,0,0,0
190192,1,1,1988,23,25,0,22,0,10,13,38,0,17
190193,0,1,1988,18,18,18,18,18,18,18,18,18,18
190193,1,1,1988,15,15,15,15,15,15,15,15,15,15
190194,1,1,1988,9,9,9,9,9,9,9,9,9,9
190194,2,1,1988,0,0,0,0,0,0,0,0,0,0
190195,1,1,1988,15,10,28,0,0,0,20,9,27,16
190196,1,1,1988,0,0,0,0,0,0,0,0,0,0
190196,2,1,1988,0,0,0,0,0,0,0,0,0,0
190197,1,1,1988,13,13,13,13,13,13,13,13,13,13
190197,2,1,1988,0,0,0,0,0,0,0,10,0,0
190198,1,1,1988,0,0,0,0,13,0,0,0,0,0
190198,2,1,1988,0,0,0,0,0,0,0,0,0,0
190199,1,1,1988,0,0,0,0,0,0,0,0,0,0
190199,2,1,1988,0,0,0,0,0,0,0,0,0,0
190200,1,1,1988,13,13,13,13,13,13,13,13,13,13
190201,1,1,1988,19,19,19,19,19,19,19,19,19,19
190201,2,1,1988,0,0,0,0,0,0,0,0,0,0
190202,1,1,1988,17,17,17,17,17,17,17,17,17,17
190202,2,1,1988,0,0,0,0,0,0,0,0,0,0
190203,1,1,1988,16,16,16,16,16,16,16,16,16,16
190204,1,1,1988,21,21,21,21,21,21,21,21,21,21
190204,2,1,1988,0,0,0,0,0,0,0,0,0,0
190205,1,1,1988,0,0,0,0,0,0,0,0,0,0
190205,2,1,1988,0,0,0,0,0,0,0,0,0,0
190206,1,1,1988,0,0,0,0,0,0,0,0,0,0
190206,2,1,1988,0,0,0,0,0,0,0,0,0,0
190206,3,1,1988,0,0,0,0,0,0,0,0,0,0
190207,1,1,1988,0,0,0,0,0,0,0,0,0,0
190207,2,1,1988,0,0,0,0,0,10,0,0,0,0
190208,1,1,1988,9,9,9,9,9,9,9,9,9,9
190209,1,1,1988,22,22,22,22,22,22,22,22,22,22
190210,1,1,1988,14,14,14,14,14,14,14,14,14,14
190211,1,1,1988,0,8,0,0,0,0,0,0,0,0
190211,2,1,1988,1,1,1,1,1,1,1,1,1,1
190212,1,1,1988,16,16,16,16,16,16,16,16,16,16
190213,1,1,1988,0,0,0,0,0,0,0,0,0,0
190214,1,1,1988,0,0,0,0,0,0,0,0,0,0
190214,2,1,1988,0,0,0,0,0,0,0,0,0,0
190215,1,1,1988,12,12,12,12,12,12,12,12,12,12
190216,1,1,1988,0,0,0,0,0,0,0,0,0,0
190216,2,1,1988,0,0,0,0,0,0,0,0,0,0
190217,1,1,1988,16,16,16,16,16,16,16,16,16,16
190218,0,1,1988,0,0,0,0,0,0,0,0,0,0
190218,1,1,1988,0,0,0,0,0,0,0,0,0,0
190219,1,1,1988,21,21,21,21,21,21,21,21,21,21
190220,1,1,1988,12,12,12,12,12,12,12,12,12,12
190221,1,1,1988,0,0,0,0,0,0,0,0,0,0
190221,2,1,1988,3,3,3,3,3,3,3,3,3,3
190222,1,1,1988,0,0,0,0,0,0,0,0,0,0
190223,1,1,1988,0,22,0,0,0,0,0,0,0,0
190223,2,1,1988,6,0,0,0,0,0,0,0,0,0
190224,1,1,1988,0,0,0,0,0,0,0,0,0,0
190224,2,1,1988,2,2,2,2,2,2,2,2,2,2
190225,1,1,1988,19,19,19,19,19,19,19,19,19,19
190226,0,1,1988,3,3,3,3,3,3,3,3,3,3
190226,1,1,1988,0,0,0,0,0,0,0,0,0,0
190227,1,1,1988,10,10,10,10,10,10,10,10,10,10
190227,2,1,1988,25,0,19,0,0,9,0,10,6,4
190228,1,1,1988,31,31,31,31,31,31,31,31,31,31
190229,1,1,1988,17,17,17,17,17,17,17,17,17,17
190229,2,1,1988,0,0,0,0,0,0,0,0,0,0
190230,1,1,1988,0,0,0,0,0,0,0,0,0,0
190230,2,1,1988,0,0,0,0,0,0,0,0,0,0
190231,1,1,1988,0,0,0,0,0,0,0,0,0,0
190232,1,1,1988,0,0,0,0,0,0,0,0,0,0
190232,2,1,1988,0,0,0,0,0,0,0,0,0,0
190232,3,1,1988,0,0,0,0,0,0,0,0,0,0
190233,1,1,1988,33,33,33,33,33,33,33,33,33,33
190234,1,1,1988,17,17,17,17,17,17,17,17,17,17
190235,1,1,1988,0,0,0,0,0,0,0,0,0,0
190236,1,1,1988,0,0,0,0,0,0,0,0,0,0
190236,2,1,1988,0,0,0,0,0,0,0,0,0,0
190237,0,1,1988,0,0,0,0,0,0,0,0,0,0
190237,1,1,1988,3,3,3,3,3,3,3,3,3,3
190238,1,1,1988,0,0,0,12,0,6,0,0,17,20
190238,2,1,1988,0,0,0,0,0,0,0,0,0,0
190239,1,1,1988,0,0,0,0,0,0,0,0,0,0
190240,1,1,1988,0,0,0,0,0,0,0,0,0,0
190241,1,1,1988,21,21,21,21,21,21,21,21,21,21
190242,1,1,1988,2,2,2,2,2,2,2,2,2,2
190243,1,1,1988,19,16,12,15,18,15,18,15,7,17
190244,1,1,1988,0,0,0,0,0,0,0,0,0,0
190244,2,1,1988,0,0,0,0,0,0,0,0,0,0
190245,0,1,1988,0,0,0,0,0,0,0,0,0,0
190245,1,1,1988,0,0,0,0,0,0,0,0,0,0
190246,1,1,1988,17,17,17,17,17,17,17,17,17,17
190247,1,1,1988,30,30,30,30,30,30,30,30,30,30
190248,1,1,1988,0,0,0,0,0,0,0,0,0,0
190249,1,1,1988,16,16,16,16,16,16,16,16,16,16
190250,0,1,1988,17,30,0,22,16,0,0,0,6,0
190250,1,1,1988,0,17,0,0,0,21,0,0,0,0
190251,1,1,1988,0,0,0,0,0,0,0,16,0,0
190251,2,1,1988,0,0,0,0,0,0,0,0,0,0
190252,1,1,1988,0,0,0,0,0,0,0,0,0,0
190253,1,1,1988,25,0,0,20,15,8,0,22,21,22
190254,1,1,1988,19,19,19,19,19,19,19,19,19,19
190254,2,1,1988,0,0,0,0,0,0,0,0,0,0
190255,1,1,1988,0,0,0,2,0,0,0,0,0,0
190255,2,1,1988,0,0,0,0,0,0,0,0,0,0
190256,0,1,1988,0,0,0,0,0,0,0,0,0,0
190256,1,1,1988,0,0,0,0,0,0,0,0,0,0
190257,1,1,1988,0,0,0,0,0,29,0,0,0,0
190257,2,1,1988,10,0,0,0,0,0,0,0,0,0
190258,1,1,1988,29,29,29,29,29,29,29,29,29,29
190259,1,1,1988,0,0,0,0,0,0,0,0,0,0
190260,1,1,1988,0,0,0,0,0,0,0,0,0,0
190260,2,1,1988,0,0,0,0,0,0,0,0,0,0
190261,1,1,1988,0,0,0,0,0,0,0,0,0,0
190261,2,1,1988,0,0,0,0,0,0,0,0,0,0
190262,1,1,1988,0,0,0,0,0,0,0,0,0,0
190262,2,1,1988,0,0,0,0,0,0,0,0,0,0
190263,1,1,1988,0,0,0,0,0,0,0,0,0,0
190263,2,1,1988,0,0,0,0,0,0,0,0,0,0
190264,1,1,1988,0,0,0,0,0,0,0,0,0,0
190265,0,1,1988,37,22,19,0,0,0,78,0,0,0