ST_CASE,VEH_NO,PER_NO,YEAR,P1,P2,P3,P4,P5,P6,P7,P8,P9,P10
200371,2,1,1988,11,11,11,11,11,11,11,11,11,11
200372,0,1,1988,5,0,0,0,20,0,0,0,0,0
200372,1,1,1988,0,0,0,0,0,0,0,0,0,0
200373,0,1,1988,7,17,14,8,16,11,10,15,0,26
200373,1,1,1988,0,0,0,0,0,0,0,0,0,0
200374,0,1,1988,0,0,0,0,0,0,0,0,0,0
200374,1,1,1988,0,0,0,0,0,0,0,0,0,0
200375,1,1,1988,26,26,26,26,26,26,26,26,26,26
200376,0,1,1988,0,0,0,0,0,0,0,0,0,0
200377,1,1,1988,0,0,0,0,0,0,0,0,0,0
200378,1,1,1988,19,22,21,12,10,14,24,5,21,23
200379,1,1,1988,16,16,16,16,16,16,16,16,16,16
200380,1,1,1988,0,0,0,0,0,0,0,0,0,0
200380,2,1,1988,0,0,0,0,0,0,0,0,0,0
200381,1,1,1988,12,12,12,12,12,12,12,12,12,12
200382,1,1,1988,26,0,0,0,0,0,0,11,15,4
200382,2,1,1988,0,0,0,0,0,0,0,0,0,0
200382,3,1,1988,0,0,0,0,0,0,0,0,28,0
200383,1,1,1988,11,11,11,11,11,11,11,11,11,11
200384,1,1,1988,14,14,14,14,14,14,14,14,14,14
200385,1,1,1988,36,20,0,14,18,0,0,0,0,9
200386,1,1,1988,5,21,37,0,26,39,0,19,19,36
200387,1,1,1988,40,40,40,40,40,40,40,40,40,40
200387,2,1,1988,0,0,0,0,0,0,0,0,0,0
200388,1,1,1988,0,0,0,0,0,0,0,0,0,0
200388,2,1,1988,0,0,0,0,0,0,0,0,0,0
200388,3,1,1988,0,0,0,0,0,0,0,0,0,22
200389,1,1,1988,0,0,0,0,0,0,0,0,0,0
200389,2,1,1988,0,9,13,16,0,0,0,0,0,0
200390,1,1,1988,0,8,0,0,0,0,0,0,0,0
200391,1,1,1988,0,0,0,0,0,0,0,0,0,0
200391,2,1,1988,0,0,0,0,0,0,0,0,0,0
200392,1,1,1988,0,5,14,0,4,0,0,6,12,0
200393,2,1,1988,0,0,0,0,0,0,0,0,0,27
200394,1,1,1988,0,0,0,0,0,0,0,0,0,0
200394,2,1,1988,19,19,19,19,19,19,19,19,19,19
200395,1,1,1988,0,0,0,0,0,0,0,0,0,0
200395,2,1,1988,0,0,0,0,0,0,0,0,0,0
200396,1,1,1988,0,0,0,0,0,0,0,0,0,0
200396,2,1,1988,12,18,9,0,19,0,22,12,6,11
200397,1,1,1988,0,0,0,0,0,0,0,0,0,0
200397,2,1,1988,0,0,0,0,0,0,0,0,0,0
200398,1,1,1988,19,19,19,19,19,19,19,19,19,19
200399,1,1,1988,10,0,0,0,0,20,0,18,0,0
200400,1,1,1988,12,12,12,12,12,12,12,12,12,12
200400,2,1,1988,0,0,0,0,0,0,0,0,0,0
200401,0,1,1988,0,0,0,0,0,0,0,0,0,0
200401,1,1,1988,0,0,0,0,0,7,0,0,0,0
200402,1,1,1988,0,0,0,0,0,0,0,0,0,0
200402,2,1,1988,0,0,0,0,0,0,0,0,0,0
200403,1,1,1988,0,0,0,0,0,0,0,0,0,0
200404,1,1,1988,0,0,0,0,0,0,0,0,0,34
200405,1,1,1988,24,9,0,8,21,0,15,0,9,6
200405,2,1,1988,0,0,0,0,0,0,0,0,0,0
200406,0,1,1988,0,0,0,0,0,0,0,0,0,0
200406,1,1,1988,0,0,0,0,0,0,0,0,0,0
200407,1,1,1988,6,0,0,0,0,0,0,0,0,0
200407,2,1,1988,0,0,0,0,0,0,0,0,0,0
200408,1,1,1988,25,25,25,25,25,25,25,25,25,25
200409,1,1,1988,0,0,0,0,0,0,12,0,0,0
200409,2,1,1988,21,21,21,21,21,21,21,21,21,21
200410,1,1,1988,31,31,31,31,31,31,31,31,31,31
200411,1,1,1988,10,10,10,10,10,10,10,10,10,10
200412,1,1,1988,22,22,22,22,22,22,22,22,22,22
200413,0,1,1988,21,21,21,21,21,21,21,21,21,21
200413,1,1,1988,0,0,0,0,0,0,0,0,0,0
200413,2,1,1988,0,0,0,0,0,0,0,11,0,0
200414,1,1,1988,25,39,27,39,24,9,16,31,40,48
200415,1,1,1988,25,25,25,25,25,25,25,25,25,25
200415,2,1,1988,22,22,22,22,22,22,22,22,22,22
200416,1,1,1988,0,18,27,0,17,0,0,0,17,0
200418,1,1,1988,11,0,13,0,32,17,11,14,23,14
200419,1,1,1988,0,0,0,0,0,0,0,0,0,0
200420,1,1,1988,10,10,10,10,10,10,10,10,10,10
200420,2,1,1988,0,0,0,0,0,0,0,0,0,0
200421,1,1,1988,0,12,0,0,13,18,16,39,11,0
200422,1,1,1988,0,0,0,0,0,0,0,0,0,0
200422,2,1,1988,21,21,21,21,21,21,21,21,21,21
210001,1,1,1988,0,0,0,0,0,0,0,0,0,0
210002,1,1,1988,0,0,0,0,0,0,0,0,0,0
210003,0,1,1988,13,13,13,13,13,13,13,13,13,13
210003,1,1,1988,0,0,0,0,0,0,0,0,0,0
210004,1,1,1988,0,0,0,0,0,0,0,0,0,0
210004,2,1,1988,0,0,0,0,0,0,0,0,0,0
210005,1,1,1988,0,0,0,0,0,0,0,0,0,0
210006,1,1,1988,10,0,0,0,12,0,0,7,0,0
210007,1,1,1988,0,0,0,0,0,0,0,0,0,0
210007,2,1,1988,0,0,0,0,0,0,0,0,0,0
210008,1,1,1988,0,0,0,0,0,0,0,0,0,0
210008,2,1,1988,0,0,0,0,0,0,0,0,0,0
210009,1,1,1988,27,27,27,27,27,27,27,27,27,27
210010,1,1,1988,0,0,0,0,0,0,0,0,0,0
210010,2,1,1988,0,0,0,0,0,0,0,0,0,0
210011,1,1,1988,22,22,22,22,22,22,22,22,22,22
210012,1,1,1988,17,17,17,17,17,17,17,17,17,17
210013,1,1,1988,21,21,21,21,21,21,21,21,21,21
210014,1,1,1988,0,0,0,0,0,5,0,0,0,0
210014,2,1,1988,0,0,0,0,0,0,0,0,0,0
210015,1,1,1988,0,0,0,0,0,0,0,0,0,0
210015,2,1,1988,0,0,0,0,0,0,0,0,0,0
210015,3,1,1988,18,0,0,0,0,0,0,0,0,0
210016,1,1,1988,0,0,0,0,0,0,0,0,0,0
210016,2,1,1988,0,0,0,0,0,0,0,0,0,14
210017,1,1,1988,0,0,0,0,0,0,0,0,0,0
210018,1,1,1988,0,0,0,0,0,0,0,0,0,0
210019,1,1,1988,22,17,12,13,3,14,4,12,13,6
210020,1,1,1988,0,0,0,0,0,0,0,0,0,0
210020,2,1,1988,0,0,0,0,0,0,0,0,0,0
210021,1,1,1988,23,23,23,23,23,23,23,23,23,23
210022,1,1,1988,8,26,18,19,17,6,8,16,15,13
210023,1,1,1988,29,29,29,29,29,29,29,29,29,29
210023,2,1,1988,0,0,0,19,0,0,0,0,0,0
210024,0,1,1988,0,0,0,0,0,0,0,0,0,0
210024,1,1,1988,20,0,0,0,0,0,0,0,0,0
210025,1,1,1988,0,0,0,0,0,0,0,0,0,0
210025,2,1,1988,6,6,6,6,6,6,6,6,6,6
210026,1,1,1988,0,0,0,0,0,6,0,0,0,0
210026,2,1,1988,0,0,0,0,0,0,0,0,0,0
210027,1,1,1988,0,0,0,0,0,0,0,0,0,0
210028,1,1,1988,0,0,0,0,0,0,0,0,0,0
210028,2,1,1988,0,0,0,0,0,0,0,0,0,0
210029,1,1,1988,0,0,0,0,0,0,0,0,0,0
210029,2,1,1988,0,0,0,0,0,20,0,0,0,0
210030,1,1,1988,12,12,12,12,12,12,12,12,12,12
210030,2,1,1988,0,0,0,0,0,0,0,0,0,0
210031,1,1,1988,23,23,23,23,23,23,23,23,23,23
210032,1,1,1988,20,20,20,20,20,20,20,20,20,20
210033,1,1,1988,27,27,27,27,27,27,27,27,27,27
210034,1,1,1988,0,0,0,0,0,0,0,0,0,0
210035,1,1,1988,9,0,0,12,16,16,28,35,0,0
210036,1,1,1988,20,20,20,20,20,20,20,20,20,20
210037,1,1,1988,0,0,0,0,0,0,0,0,0,0
210037,2,1,1988,0,0,0,0,0,0,0,0,0,0
210037,3,1,1988,0,0,0,0,0,0,0,0,0,0
210038,1,1,1988,0,0,0,0,0,0,0,0,0,0
210038,2,1,1988,0,0,0,0,0,0,0,0,0,0
210039,1,1,1988,24,0,15,17,13,18,0,3,0,18
210040,1,1,1988,9,9,9,9,9,9,9,9,9,9
210040,2,1,1988,0,0,0,0,0,0,0,0,0,0
210041,0,1,1988,0,0,0,0,0,0,0,0,0,35
210041,1,1,1988,11,11,11,11,11,11,11,11,11,11
210042,1,1,1988,0,0,0,0,0,0,0,0,0,0
210042,2,1,1988,0,0,0,0,0,0,0,0,0,0
210043,1,1,1988,13,13,13,13,13,13,13,13,13,13
210044,1,1,1988,0,0,0,0,0,0,0,0,0,0
210045,1,1,1988,0,0,0,0,0,0,0,0,0,0
210045,2,1,1988,0,0,0,0,0,0,0,0,0,0
210046,0,1,1988,0,0,0,0,0,0,0,0,0,0
210046,1,1,1988,7,0,0,0,0,0,0,30,0,0
210046,2,1,1988,0,0,0,0,0,0,0,17,0,0
210047,1,1,1988,12,12,12,12,12,12,12,12,12,12
210048,0,1,1988,0,0,0,0,0,0,0,0,0,0
210048,1,1,1988,0,0,0,0,0,0,0,0,0,0
210049,0,1,1988,0,0,0,0,0,0,0,0,0,14
210049,1,1,1988,0,0,0,0,0,0,0,0,0,0
210050,1,1,1988,5,5,5,5,5,5,5,5,5,5
210051,1,1,1988,0,0,0,0,0,0,0,0,0,0
210052,1,1,1988,23,23,23,23,23,23,23,23,23,23
210054,1,1,1988,14,14,14,14,14,14,14,14,14,14
210054,2,1,1988,16,0,0,0,0,0,0,0,0,0
210055,1,1,1988,13,13,13,13,13,13,13,13,13,13
210056,1,1,1988,0,0,0,0,0,0,0,0,0,0
210056,2,1,1988,0,0,0,0,0,0,0,0,0,0
210057,0,1,1988,0,0,0,0,0,0,0,0,0,0
210057,1,1,1988,0,7,0,0,0,0,0,0,0,0
210058,1,1,1988,22,22,22,22,22,22,22,22,22,22
210059,1,1,1988,0,0,0,0,0,0,0,0,0,0
210059,2,1,1988,11,11,11,11,11,11,11,11,11,11
210060,0,1,1988,0,0,0,0,0,0,0,0,0,0
210060,1,1,1988,22,9,15,11,27,22,8,19,0,12
210061,1,1,1988,0,0,0,0,16,0,0,0,0,0
210061,2,1,1988,0,0,0,0,0,0,0,0,0,0
210062,1,1,1988,0,0,0,0,0,0,0,0,0,0
210062,2,1,1988,0,0,0,0,0,0,0,0,0,0
210063,1,1,1988,0,0,0,0,0,0,0,0,0,0
210063,2,1,1988,3,0,0,0,0,0,0,0,0,0
210064,0,1,1988,0,0,0,0,0,0,0,0,0,0
210064,1,1,1988,1,1,1,1,1,1,1,1,1,1
210065,1,1,1988,0,0,0,0,0,0,0,0,0,0
210065,2,1,1988,0,0,0,0,0,0,0,0,0,0
210065,3,1,1988,0,0,0,0,0,0,0,0,0,0
210066,1,1,1988,12,12,12,12,12,12,12,12,12,12
210067,1,1,1988,14,14,14,14,14,14,14,14,14,14
210068,1,1,1988,21,21,21,21,21,21,21,21,21,21
210069,1,1,1988,0,0,0,0,0,0,0,0,0,0
210070,1,1,1988,0,0,11,0,0,0,0,0,0,0
210070,2,1,1988,0,0,0,0,0,0,0,0,0,0
210071,1,1,1988,0,0,0,0,0,0,0,0,0,0
210071,2,1,1988,0,0,0,0,0,0,0,0,0,0
210073,1,1,1988,0,0,0,0,0,0,0,0,0,0
210073,2,1,1988,0,0,0,0,0,0,0,0,0,0
210074,1,1,1988,0,0,0,0,0,0,0,0,0,0
210074,2,1,1988,0,0,0,0,0,0,0,0,0,0
210075,1,1,1988,0,0,0,0,0,0,0,0,0,0
210076,1,1,1988,0,0,0,0,0,0,0,0,0,0
210077,1,1,1988,13,13,13,13,13,13,13,13,13,13
210077,2,1,1988,0,0,0,0,0,0,0,0,0,0
210078,1,1,1988,6,6,6,6,6,6,6,6,6,6
210079,1,1,1988,22,22,22,22,22,22,22,22,22,22
210079,2,1,1988,3,3,3,3,3,3,3,3,3,3
210080,1,1,1988,21,21,21,21,21,21,21,21,21,21
210081,1,1,1988,20,20,20,20,20,20,20,20,20,20
210082,1,1,1988,0,0,0,0,0,0,0,0,0,0
210083,1,1,1988,0,0,0,7,0,0,0,0,0,0
210083,2,1,1988,0,0,0,0,0,0,0,0,0,0
210085,1,1,1988,20,20,20,20,20,20,20,20,20,20
210085,2,1,1988,8,0,0,0,0,0,0,0,0,0
210085,3,1,1988,0,0,0,0,0,6,0,0,0,0
210086,1,1,1988,0,0,0,0,0,0,0,0,0,0
210087,1,1,1988,14,14,14,14,14,14,14,14,14,14
210089,1,1,1988,0,0,0,0,0,0,0,0,0,0
210089,2,1,1988,0,0,0,0,0,0,0,0,0,14
210090,0,1,1988,38,38,38,38,38,38,38,38,38,38
210090,1,1,1988,0,0,0,0,11,0,0,0,0,0
210091,1,1,1988,10,0,0,0,0,0,12,0,0,0
210092,1,1,1988,22,22,22,22,22,22,22,22,22,22
210093,1,1,1988,25,25,25,25,25,25,25,25,25,25
210094,1,1,1988,0,0,0,0,0,0,0,0,0,0
210095,1,1,1988,0,0,0,0,0,0,0,0,0,0
210096,0,1,1988,28,22,15,32,33,20,30,32,36,34
210096,1,1,1988,0,0,0,0,0,0,0,0,0,0
210097,1,1,1988,0,0,0,0,0,0,0,0,0,0
210099,1,1,1988,2,2,2,2,2,2,2,2,2,2
210100,1,1,1988,0,0,0,0,0,0,0,0,0,0
210100,2,1,1988,0,0,0,0,0,0,0,0,0,0
210101,1,1,1988,0,0,0,0,0,0,0,0,0,0
210102,1,1,1988,0,0,0,0,0,0,0,0,0,0
210102,2,1,1988,6,6,6,6,6,6,6,6,6,6
210104,1,1,1988,0,0,0,0,0,0,0,0,0,0
210105,1,1,1988,9,9,9,9,9,9,9,9,9,9
210105,2,1,1988,0,0,0,0,0,0,0,0,0,0
210106,1,1,1988,0,0,0,26,14,0,13,0,0,0
210106,2,1,1988,0,0,0,0,0,14,0,0,0,0
210107,1,1,1988,19,0,0,0,0,0,0,0,0,12
210108,1,1,1988,0,0,0,0,0,0,0,23,0,0
210109,1,1,1988,0,0,0,0,0,0,0,0,0,0
210110,1,1,1988,3,3,3,3,3,3,3,3,3,3
210111,0,1,1988,0,0,28,18,18,14,0,0,12,7
210111,1,1,1988,0,0,0,0,0,0,0,0,0,0
210112,1,1,1988,0,0,0,0,0,0,0,0,0,0
210112,2,1,1988,1,1,1,1,1,1,1,1,1,1
210113,1,1,1988,2,2,2,2,2,2,2,2,2,2
210113,2,1,1988,0,0,0,0,0,0,0,0,0,0
210114,0,1,1988,19,19,19,19,19,19,19,19,19,19
210114,1,1,1988,0,0,0,0,0,0,0,0,0,0
210115,1,1,1988,9,9,9,9,9,9,9,9,9,9
210116,1,1,1988,21,21,21,21,21,21,21,21,21,21
210116,2,1,1988,0,0,0,0,0,0,0,0,0,0
210117,1,1,1988,11,11,11,11,11,11,11,11,11,11
210118,0,1,1988,0,0,0,0,0,0,0,0,0,0
210118,0,2,1988,0,0,0,0,0,0,0,0,0,0
210118,1,1,1988,0,0,0,0,0,0,0,0,0,0
210119,0,1,1988,29,29,29,29,29,29,29,29,29,29
210119,1,1,1988,0,0,0,0,0,0,4,0,0,0
210120,1,1,1988,14,4,0,29,25,17,12,20,7,6
210121,1,1,1988,0,0,0,0,0,0,0,0,0,0
210122,1,1,1988,0,0,0,0,0,0,0,0,0,0
210122,2,1,1988,0,0,0,0,0,0,0,0,0,0
210123,1,1,1988,0,0,0,0,0,0,0,0,0,0
210124,1,1,1988,0,0,0,0,0,0,0,0,0,0
210125,1,1,1988,26,26,26,26,26,26,26,26,26,26
210125,2,1,1988,0,0,0,0,0,0,0,0,0,0
210126,1,1,1988,24,23,25,17,13,20,12,25,21,14
210127,1,1,1988,16,16,16,16,16,16,16,16,16,16
210128,1,1,1988,0,0,0,0,0,0,0,0,0,0
210128,2,1,1988,0,0,0,0,31,0,0,0,0,0
210129,1,1,1988,0,0,0,0,0,0,0,0,0,0
210130,1,1,1988,0,0,0,0,0,0,0,0,0,0
210130,2,1,1988,0,0,0,0,0,0,0,0,0,0
210131,1,1,1988,0,0,0,0,0,0,0,0,0,0
210131,2,1,1988,0,0,0,0,0,0,0,0,0,0
210132,1,1,1988,6,6,6,6,6,6,6,6,6,6
210132,2,1,1988,0,0,0,0,0,0,0,0,0,0
210132,3,1,1988,0,0,0,0,0,0,0,4,0,0
210133,1,1,1988,23,23,23,23,23,23,23,23,23,23
210134,1,1,1988,19,19,19,19,19,19,19,19,19,19
210134,2,1,1988,1,1,1,1,1,1,1,1,1,1
210135,1,1,1988,0,0,4,17,0,0,0,0,0,0
210135,2,1,1988,0,0,0,0,0,0,0,0,0,0
210136,1,1,1988,19,19,19,19,19,19,19,19,19,19
210137,1,1,1988,0,0,0,0,0,0,0,0,0,0
210138,1,1,1988,0,0,0,0,0,0,0,0,0,0
210138,2,1,1988,0,0,0,0,0,0,0,0,0,0
210138,3,1,1988,0,0,0,0,0,0,0,0,0,0
210138,4,1,1988,0,0,0,0,0,20,0,0,0,0
210138,5,1,1988,0,20,0,0,0,0,19,0,0,0
210138,6,1,1988,0,0,0,0,0,0,0,24,0,0
210138,7,1,1988,0,0,0,0,0,0,0,0,0,0
210138,8,1,1988,0,0,0,0,0,29,0,0,0,0
210138,9,1,1988,0,0,0,0,0,0,0,0,0,0
210139,1,1,1988,0,0,0,0,0,0,0,0,0,0
210140,1,1,1988,0,0,0,0,0,0,0,0,0,0
210140,2,1,1988,0,0,0,0,0,0,0,0,0,0
210141,1,1,1988,0,0,0,0,0,0,0,0,0,0
210141,2,1,1988,0,0,0,0,0,0,0,0,0,0
210142,1,1,1988,0,0,0,0,0,0,0,0,0,0
210142,2,1,1988,1,1,1,1,1,1,1,1,1,1
210143,1,1,1988,2,2,2,2,2,2,2,2,2,2
210143,2,1,1988,18,18,18,18,18,18,18,18,18,18
210144,1,1,1988,0,0,0,0,0,0,0,0,0,0
210144,2,1,1988,0,0,0,0,0,0,0,0,0,0
210145,1,1,1988,0,0,0,0,0,0,0,0,0,0
210146,1,1,1988,0,0,0,0,0,0,0,0,0,0
210146,2,1,1988,0,0,0,0,0,0,0,0,0,0
210147,1,1,1988,0,0,0,0,0,0,0,0,0,0
210147,2,1,1988,0,0,0,0,0,0,0,0,0,0
210148,1,1,1988,20,20,20,20,20,20,20,20,20,20
210149,1,1,1988,0,0,0,0,0,0,0,0,0,0
210149,2,1,1988,0,0,0,0,0,0,0,0,0,0
210150,1,1,1988,0,0,0,0,0,0,0,0,0,0
210151,1,1,1988,6,6,6,6,6,6,6,6,6,6
210152,1,1,1988,14,14,14,14,14,14,14,14,14,14
210153,1,1,1988,11,11,11,11,11,11,11,11,11,11
210154,1,1,1988,0,0,0,0,0,0,0,0,0,0
210155,0,1,1988,21,21,21,21,21,21,21,21,21,21
210155,1,1,1988,0,0,0,0,0,0,0,13,0,0
210156,1,1,1988,0,0,0,12,0,11,8,0,0,0
210157,1,1,1988,0,0,0,0,0,0,0,0,0,0
210157,2,1,1988,28,28,28,28,28,28,28,28,28,28
210158,1,1,1988,22,22,22,22,22,22,22,22,22,22
210159,1,1,1988,0,0,0,0,0,0,0,0,0,0
210160,1,1,1988,0,0,0,0,0,0,0,0,0,0
210160,2,1,1988,0,0,0,0,0,0,0,0,0,0
210160,3,1,1988,0,0,0,0,0,0,0,0,0,0
210161,1,1,1988,16,16,16,16,16,16,16,16,16,16
210161,2,1,1988,0,0,0,0,0,0,0,0,0,0
210162,1,1,1988,0,0,0,0,0,20,16,0,0,0
210163,1,1,1988,0,11,0,0,0,0,0,0,0,0
210163,2,1,1988,6,6,6,6,6,6,6,6,6,6
210163,3,1,1988,0,0,0,0,0,0,0,0,0,0
210164,1,1,1988,0,0,0,0,0,0,0,0,0,0
210165,1,1,1988,1,1,1,1,1,1,1,1,1,1
210166,1,1,1988,29,29,29,29,29,29,29,29,29,29
210166,2,1,1988,0,0,0,0,0,0,0,0,0,0
210167,1,1,1988,29,29,29,29,29,29,29,29,29,29
210168,1,1,1988,0,0,0,0,0,0,0,0,0,0
210168,2,1,1988,0,0,0,0,0,0,0,0,0,0
210169,1,1,1988,0,13,0,0,0,0,0,0,0,0
210169,2,1,1988,0,0,0,0,0,0,0,0,0,0
210170,0,1,1988,7,7,7,7,7,7,7,7,7,7
210170,1,1,1988,0,0,0,0,0,0,0,0,0,0
210171,1,1,1988,22,22,22,22,22,22,22,22,22,22
210171,2,1,1988,0,0,0,0,0,0,0,0,0,0
210172,1,1,1988,0,0,0,0,0,0,0,0,0,0
210173,1,1,1988,23,23,23,23,23,23,23,23,23,23
210173,2,1,1988,0,0,0,0,0,0,0,0,0,0
210174,1,1,1988,0,0,0,0,0,0,0,0,0,0
210174,2,1,1988,0,0,0,0,0,0,17,0,0,0
210175,1,1,1988,0,0,0,0,0,0,0,0,0,0
210175,2,1,1988,0,0,0,0,0,0,0,0,0,0
210176,1,1,1988,18,18,18,18,18,18,18,18,18,18
210176,2,1,1988,0,0,0,0,8,0,14,19,17,0
210177,0,1,1988,19,19,19,19,19,19,19,19,19,19
210177,1,1,1988,0,0,0,0,0,0,0,0,0,0
210178,1,1,1988,0,0,0,0,0,0,0,0,0,0
210178,2,1,1988,0,0,0,0,0,0,0,0,0,0
210179,1,1,1988,13,13,13,13,13,13,13,13,13,13
210180,1,1,1988,0,0,0,0,0,0,0,0,0,0
210181,1,1,1988,29,29,29,29,29,29,29,29,29,29
210181,2,1,1988,0,0,0,0,0,0,0,0,0,0
210182,1,1,1988,0,0,0,0,0,0,0,0,0,0
210182,2,1,1988,0,0,0,0,0,0,0,0,0,0
210183,1,1,1988,0,0,0,0,0,0,0,0,0,0
210183,2,1,1988,0,25,0,8,16,0,6,19,13,15
210184,1,1,1988,13,13,13,13,13,13,13,13,13,13
210185,1,1,1988,0,0,0,0,0,0,0,0,0,0
210186,1,1,1988,20,20,20,20,20,20,20,20,20,20
210187,1,1,1988,0,0,0,0,0,0,0,0,0,0
210188,1,1,1988,22,22,22,22,22,22,22,22,22,22
210189,1,1,1988,0,0,0,0,0,0,0,0,0,0
210189,2,1,1988,0,0,0,0,0,0,0,0,0,0
210189,3,1,1988,0,0,0,0,0,0,0,0,0,0
210190,1,1,1988,0,0,0,0,0,0,0,0,0,0
210190,2,1,1988,0,0,0,0,0,0,0,0,0,0
210191,1,1,1988,0,0,0,0,0,0,0,0,0,0
210191,2,1,1988,0,0,0,0,0,0,0,0,0,0
210192,1,1,1988,33,33,33,33,33,33,33,33,33,33
210193,1,1,1988,0,0,0,0,0,0,0,0,0,0
210194,1,1,1988,19,19,19,19,19,19,19,19,19,19
210195,1,1,1988,0,0,0,0,0,0,0,0,0,0
210195,2,1,1988,0,0,0,0,0,0,0,0,0,0
210195,3,1,1988,0,0,0,0,0,0,0,0,0,0
210196,1,1,1988,0,0,0,0,0,0,0,0,0,0
210196,2,1,1988,0,0,0,0,0,0,0,0,0,0
210197,1,1,1988,0,0,0,0,0,0,0,0,0,0
210198,0,1,1988,20,20,20,20,20,20,20,20,20,20
210198,0,2,1988,0,0,0,20,0,0,0,0,23,0
210198,1,1,1988,0,0,19,0,0,0,0,0,0,0
210199,1,1,1988,21,21,21,21,21,21,21,21,21,21
210200,1,1,1988,0,0,11,0,18,16,0,29,13,21
210201,1,1,1988,0,0,0,0,0,0,0,0,0,0
210201,2,1,1988,0,0,0,0,0,0,0,0,0,0
210202,1,1,1988,0,0,0,0,0,0,0,0,0,0
210203,1,1,1988,0,0,0,0,0,0,0,0,0,0
210203,2,1,1988,0,0,0,0,0,0,0,0,0,0
210203,3,1,1988,0,0,0,0,0,0,0,15,0,0
210203,4,1,1988,0,0,0,0,0,0,0,0,0,0
210204,1,1,1988,0,0,0,0,0,0,0,0,0,0
210205,1,1,1988,0,0,0,0,0,0,0,0,0,0
210205,2,1,1988,0,0,0,0,0,0,0,0,0,0
210206,1,1,1988,6,6,6,6,6,6,6,6,6,6
210207,1,1,1988,0,0,0,0,0,0,0,0,0,0
210208,0,1,1988,0,0,0,0,0,0,0,0,0,0
210208,1,1,1988,0,0,0,0,0,0,0,0,0,0
210209,1,1,1988,13,13,13,13,13,13,13,13,13,13
210210,1,1,1988,20,20,20,20,20,20,20,20,20,20
210211,1,1,1988,21,21,21,21,21,21,21,21,21,21
210214,1,1,1988,0,0,0,0,0,0,0,0,0,0
210214,2,1,1988,0,0,0,0,0,0,0,0,0,0
210215,1,1,1988,15,15,15,15,15,15,15,15,15,15
210218,1,1,1988,0,0,0,0,0,0,0,0,0,0
210218,2,1,1988,0,0,0,0,0,0,0,0,0,0
210219,1,1,1988,0,0,0,0,0,0,0,0,0,0
210219,2,1,1988,0,0,0,0,0,0,0,0,0,0
210220,1,1,1988,13,13,13,13,13,13,13,13,13,13
210221,1,1,1988,20,20,20,20,20,20,20,20,20,20
210221,2,1,1988,0,0,0,0,0,0,0,0,0,0
210222,1,1,1988,5,5,5,5,5,5,5,5,5,5
210223,1,1,1988,0,0,0,0,0,0,0,0,0,0
210223,2,1,1988,0,0,0,0,0,0,0,0,0,0
210224,1,1,1988,0,0,0,13,0,0,0,0,0,0
210225,1,1,1988,0,0,0,0,0,0,0,0,0,0
210225,2,1,1988,0,0,0,0,0,0,0,0,0,0
210226,1,1,1988,14,14,14,14,14,14,14,14,14,14
210227,1,1,1988,0,0,0,0,0,0,0,0,0,0
210227,2,1,1988,0,0,0,0,0,0,0,0,0,0
210228,1,1,1988,1,1,1,1,1,1,1,1,1,1
210229,1,1,1988,0,0,0,0,0,0,0,0,0,0
210229,2,1,1988,0,0,0,0,0,0,0,0,0,0
210230,1,1,1988,12,12,12,12,12,12,12,12,12,12
210231,1,1,1988,27,27,27,27,27,27,27,27,27,27
210232,1,1,1988,16,16,16,16,16,16,16,16,16,16
210233,1,1,1988,0,0,0,0,0,0,0,0,0,0
210234,1,1,1988,0,0,0,0,0,0,0,0,0,0
210234,2,1,1988,0,0,0,0,0,0,0,0,0,0
210235,1,1,1988,0,0,0,0,0,0,0,0,0,0
210236,1,1,1988,12,12,12,12,12,12,12,12,12,12
210236,2,1,1988,0,0,0,0,0,0,0,0,0,0
210237,1,1,1988,0,0,0,0,0,0,0,0,0,0
210238,1,1,1988,29,29,29,29,29,29,29,29,29,29
210239,1,1,1988,20,20,20,20,20,20,20,20,20,20
210240,1,1,1988,18,18,18,18,18,18,18,18,18,18
210241,1,1,1988,10,10,10,10,10,10,10,10,10,10
210242,1,1,1988,15,15,15,15,15,15,15,15,15,15
210243,1,1,1988,0,0,0,0,0,0,0,0,0,0
210243,2,1,1988,0,0,0,0,0,0,0,0,4,0
210244,1,1,1988,0,0,0,0,0,0,0,0,0,0
210245,1,1,1988,27,27,27,27,27,27,27,27,27,27
210246,1,1,1988,20,20,20,20,20,20,20,20,20,20
210248,1,1,1988,0,0,0,0,0,0,0,0,0,0
210248,2,1,1988,0,0,0,0,0,0,0,0,0,0
210249,1,1,1988,10,0,9,0,13,16,7,10,7,26
210250,1,1,1988,0,20,0,0,0,0,0,0,0,0
210250,2,1,1988,0,0,0,0,0,0,0,0,0,0
210251,1,1,1988,0,0,0,0,0,0,0,0,0,0
210251,2,1,1988,0,0,0,0,0,0,0,0,0,0
210252,1,1,1988,26,26,26,26,26,26,26,26,26,26
210253,1,1,1988,17,17,17,17,17,17,17,17,17,17
210254,1,1,1988,27,27,27,27,27,27,27,27,27,27
210254,2,1,1988,0,0,0,0,0,0,0,0,0,0
210255,0,1,1988,18,18,0,0,0,0,0,0,0,0
210255,1,1,1988,0,0,0,0,0,0,0,0,0,0
210256,1,1,1988,16,16,16,16,16,16,16,16,16,16