ST_CASE,VEH_NO,PER_NO,YEAR,P1,P2,P3,P4,P5,P6,P7,P8,P9,P10
210257,1,1,1988,0,0,0,0,0,0,0,0,0,0
210257,2,1,1988,0,0,0,0,0,0,0,0,0,0
210258,1,1,1988,0,0,0,0,0,0,0,0,0,0
210258,2,1,1988,0,0,0,0,0,0,0,0,0,0
210259,1,1,1988,17,17,17,17,17,17,17,17,17,17
210259,2,1,1988,0,0,0,0,0,0,0,0,0,0
210260,1,1,1988,17,17,17,17,17,17,17,17,17,17
210261,1,1,1988,8,8,8,8,8,8,8,8,8,8
210261,2,1,1988,0,0,0,0,0,0,0,0,0,0
210261,3,2,1988,0,0,10,0,0,0,0,0,0,0
210262,1,1,1988,0,0,0,0,0,0,0,0,0,0
210262,2,1,1988,0,0,0,0,0,0,0,0,0,0
210263,1,1,1988,12,0,0,0,0,0,0,0,0,24
210263,2,1,1988,0,0,0,0,0,0,0,0,0,0
210264,1,1,1988,0,0,0,0,0,0,0,0,0,0
210265,1,1,1988,0,0,0,0,0,0,0,0,0,0
210266,1,1,1988,0,0,0,0,0,0,0,0,0,0
210267,1,1,1988,16,20,27,27,23,26,5,14,13,22
210268,0,1,1988,0,0,0,0,0,0,0,0,0,0
210268,1,1,1988,0,0,0,0,19,0,0,0,0,0
210269,1,1,1988,14,14,14,14,14,14,14,14,14,14
210269,2,1,1988,0,0,0,0,0,0,0,0,0,0
210270,1,1,1988,0,0,0,0,0,0,0,0,0,0
210270,2,1,1988,10,10,10,10,10,10,10,10,10,10
210271,1,1,1988,34,34,34,34,34,34,34,34,34,34
210271,2,1,1988,0,0,0,0,0,0,0,0,0,0
210272,1,1,1988,0,0,0,0,0,0,0,0,0,0
210273,1,1,1988,20,20,20,20,20,20,20,20,20,20
210274,1,1,1988,9,9,9,9,9,9,9,9,9,9
210274,2,1,1988,0,0,0,0,0,0,0,0,0,0
210275,1,1,1988,8,8,8,8,8,8,8,8,8,8
210276,0,1,1988,17,33,21,20,32,8,20,24,13,18
210276,1,1,1988,2,29,9,11,14,25,8,5,13,7
210277,1,1,1988,0,0,0,0,0,0,0,0,0,0
210278,1,1,1988,0,0,0,0,0,0,0,0,0,0
210278,2,1,1988,0,0,0,0,0,0,0,0,0,0
210279,1,1,1988,22,22,22,22,22,22,22,22,22,22
210280,1,1,1988,0,0,0,0,0,0,0,0,0,0
210280,2,1,1988,0,0,0,0,0,0,0,0,0,0
210280,3,1,1988,0,8,0,0,0,0,0,0,0,0
210281,1,1,1988,0,0,0,0,0,0,0,0,0,0
210281,2,1,1988,0,0,0,0,0,0,0,0,0,0
210282,1,1,1988,0,0,0,0,0,0,0,0,0,0
210282,2,1,1988,0,0,0,0,0,9,0,0,0,0
210282,3,1,1988,0,0,0,0,0,0,0,0,0,0
210283,1,1,1988,0,0,0,0,0,0,0,0,0,0
210284,1,1,1988,0,0,0,0,0,0,0,0,0,0
210285,1,1,1988,0,0,0,0,0,0,0,0,0,0
210286,0,1,1988,24,24,24,24,24,24,24,24,24,24
210286,1,1,1988,7,13,4,20,0,24,13,0,7,5
210287,1,1,1988,0,0,0,0,0,0,0,0,0,0
210287,2,1,1988,0,0,0,0,0,0,0,0,0,0
210288,1,1,1988,22,22,22,22,22,22,22,22,22,22
210288,2,1,1988,0,0,0,0,0,0,0,0,0,0
210289,1,1,1988,15,15,15,15,15,15,15,15,15,15
210290,1,1,1988,12,12,12,12,12,12,12,12,12,12
210291,1,1,1988,29,29,29,29,29,29,29,29,29,29
210292,1,1,1988,14,3,15,23,7,35,2,18,17,14
210293,1,1,1988,25,25,25,25,25,25,25,25,25,25
210294,1,1,1988,15,15,15,15,15,15,15,15,15,15
210295,1,1,1988,0,0,0,0,0,0,0,0,0,0
210295,2,1,1988,0,0,0,0,0,0,0,0,0,0
210296,1,1,1988,0,0,0,0,0,0,0,0,0,0
210296,2,1,1988,0,0,0,0,0,0,0,0,0,0
210297,1,1,1988,17,17,17,17,17,17,17,17,17,17
210298,1,1,1988,0,0,0,0,0,0,0,0,0,0
210299,0,1,1988,0,0,0,0,0,0,0,0,0,0
210299,1,1,1988,28,28,28,28,28,28,28,28,28,28
210300,1,1,1988,18,18,18,18,18,18,18,18,18,18
210301,1,1,1988,0,0,0,0,0,0,0,0,0,0
210301,2,1,1988,0,0,0,0,0,0,0,0,0,0
210302,1,1,1988,0,0,0,0,0,0,0,0,0,0
210302,2,1,1988,0,0,0,0,0,0,0,0,0,8
210303,1,1,1988,0,0,7,0,0,0,18,0,0,23
210304,1,1,1988,40,18,0,0,0,0,0,34,0,0
210305,1,1,1988,24,24,24,24,24,24,24,24,24,24
210306,1,1,1988,0,0,0,0,0,0,0,0,0,0
210306,2,1,1988,0,0,0,0,0,0,0,0,0,0
210307,1,1,1988,0,0,0,0,0,0,0,0,0,0
210307,2,1,1988,0,0,0,0,0,0,0,0,0,0
210308,1,1,1988,0,0,0,0,0,0,0,0,0,0
210309,1,1,1988,0,0,0,0,0,0,0,0,0,0
210309,2,1,1988,0,0,0,0,0,0,0,0,0,0
210310,1,1,1988,13,13,13,13,13,13,13,13,13,13
210310,2,1,1988,0,0,0,0,0,0,0,0,0,0
210311,0,1,1988,0,0,0,0,0,0,0,0,0,0
210311,1,1,1988,0,0,0,0,0,0,0,0,0,0
210312,0,1,1988,0,0,0,0,0,0,0,0,0,0
210312,1,1,1988,0,0,0,0,0,0,0,0,0,0
210313,1,1,1988,0,0,0,0,0,0,0,0,0,0
210313,2,1,1988,0,0,0,0,0,0,0,0,0,0
210314,0,1,1988,24,24,24,24,24,24,24,24,24,24
210314,1,1,1988,0,0,0,0,0,0,0,0,0,0
210315,1,1,1988,0,0,0,0,0,0,0,0,0,0
210315,2,1,1988,20,20,20,20,20,20,20,20,20,20
210316,1,1,1988,20,20,20,20,20,20,20,20,20,20
210317,1,1,1988,5,5,5,5,5,5,5,5,5,5
210318,1,1,1988,0,0,0,0,0,0,0,0,0,0
210318,2,1,1988,0,0,0,0,0,0,0,0,0,0
210319,1,1,1988,0,0,0,0,0,0,0,0,0,0
210320,1,1,1988,16,16,16,16,16,16,16,16,16,16
210321,1,1,1988,0,0,0,0,0,0,0,0,0,0
210321,2,1,1988,11,0,0,0,0,0,0,12,0,0
210322,1,1,1988,5,5,5,5,5,5,5,5,5,5
210323,1,1,1988,0,0,0,0,0,0,0,0,0,0
210324,1,1,1988,6,6,6,6,6,6,6,6,6,6
210325,1,1,1988,0,0,0,0,0,0,0,0,0,0
210325,2,1,1988,0,0,0,0,0,0,0,0,0,0
210326,1,1,1988,24,24,24,24,24,24,24,24,24,24
210326,2,1,1988,0,0,0,0,0,0,0,0,0,0
210326,3,1,1988,0,0,0,0,0,0,29,0,0,0
210328,0,1,1988,0,0,0,0,3,0,0,0,0,0
210328,1,1,1988,0,0,10,0,0,0,0,0,0,0
210329,1,1,1988,0,0,0,0,0,0,0,0,0,0
210330,1,1,1988,18,18,18,18,18,18,18,18,18,18
210331,1,1,1988,23,23,23,23,23,23,23,23,23,23
210332,1,1,1988,0,0,0,0,0,0,0,0,0,0
210332,2,1,1988,0,0,0,0,0,0,0,0,0,0
210333,1,1,1988,0,0,20,0,0,0,0,0,0,0
210334,1,1,1988,0,0,0,0,0,0,0,0,0,0
210334,2,1,1988,0,0,0,0,0,0,0,0,0,0
210335,1,1,1988,19,19,19,19,19,19,19,19,19,19
210336,1,1,1988,0,0,0,0,0,0,0,0,0,0
210336,2,1,1988,0,0,0,0,0,0,0,0,0,0
210337,0,1,1988,1,1,1,1,1,1,1,1,1,1
210337,1,1,1988,0,0,0,0,0,0,0,0,0,0
210338,1,1,1988,7,7,7,7,7,7,7,7,7,7
210339,1,1,1988,19,19,19,19,19,19,19,19,19,19
210339,2,1,1988,0,0,0,0,0,0,0,0,0,0
210340,1,1,1988,9,8,4,10,16,0,6,17,2,0
210341,1,1,1988,0,0,0,0,0,0,0,0,0,0
210342,1,1,1988,0,0,0,0,0,0,0,0,0,0
210342,2,1,1988,0,0,0,0,0,0,0,0,0,0
210343,1,1,1988,0,0,0,0,0,0,0,0,0,0
210343,2,1,1988,0,0,0,9,0,0,4,0,2,0
210344,1,1,1988,0,0,0,0,0,0,0,0,0,0
210344,2,1,1988,15,0,0,0,0,0,0,0,0,0
210345,1,1,1988,0,20,0,0,0,0,0,0,0,16
210345,2,1,1988,0,0,0,0,0,0,0,0,0,0
210346,1,1,1988,0,0,0,0,0,0,0,0,0,0
210347,1,1,1988,0,0,0,0,0,0,0,0,0,0
210348,1,1,1988,11,11,11,11,11,11,11,11,11,11
210349,1,1,1988,26,13,13,4,3,5,8,14,14,17
210350,0,1,1988,0,0,0,0,0,0,0,0,0,0
210350,1,1,1988,0,0,0,0,0,0,0,0,0,0
210351,1,1,1988,0,0,0,12,0,0,0,0,0,0
210352,0,1,1988,12,12,12,12,12,12,12,12,12,12
210352,1,1,1988,7,7,7,7,7,7,7,7,7,7
210353,1,1,1988,0,14,0,7,16,8,38,0,9,14
210354,1,1,1988,28,28,28,28,28,28,28,28,28,28
210355,1,1,1988,1,1,1,1,1,1,1,1,1,1
210356,1,1,1988,0,0,0,0,0,0,0,0,0,0
210357,1,1,1988,23,23,23,23,23,23,23,23,23,23
210358,1,1,1988,0,0,21,13,0,0,0,0,0,0
210359,1,1,1988,0,8,0,0,0,0,0,0,0,0
210359,2,1,1988,0,0,30,0,0,0,0,0,0,0
210360,1,1,1988,0,0,0,0,0,0,0,0,0,0
210361,1,1,1988,0,11,0,0,0,0,0,0,0,0
210361,2,1,1988,0,0,11,0,0,0,0,0,0,0
210362,0,1,1988,19,19,19,19,19,19,19,19,19,19
210362,1,1,1988,0,0,0,0,0,0,0,0,0,0
210363,1,1,1988,0,0,0,0,0,19,0,0,9,0
210364,1,1,1988,14,14,14,14,14,14,14,14,14,14
210365,1,1,1988,7,7,7,7,7,7,7,7,7,7
210365,2,1,1988,0,0,0,0,0,0,0,0,0,0
210366,1,1,1988,0,10,12,15,17,11,4,20,12,39
210367,1,1,1988,25,25,25,25,25,25,25,25,25,25
210368,1,1,1988,0,0,0,0,0,0,0,0,0,0
210368,2,1,1988,0,0,0,0,0,0,0,0,0,0
210369,1,1,1988,0,0,0,0,0,0,0,0,0,0
210370,0,1,1988,0,0,0,0,0,0,0,0,0,0
210370,1,1,1988,13,13,13,13,13,13,13,13,13,13
210371,1,1,1988,0,0,0,0,0,0,0,10,0,0
210371,2,1,1988,0,0,0,0,0,0,0,0,0,0
210372,0,1,1988,0,0,0,0,0,0,0,0,0,0
210372,1,1,1988,0,0,0,0,0,0,0,0,0,0
210373,1,1,1988,0,0,0,0,0,0,0,0,0,0
210373,2,1,1988,0,0,0,0,0,0,0,0,0,0
210374,1,1,1988,13,13,13,13,13,13,13,13,13,13
210374,2,1,1988,0,0,0,0,0,0,0,0,0,0
210375,0,1,1988,0,0,0,0,0,0,0,0,0,0
210375,1,1,1988,0,0,0,0,0,0,0,0,0,0
210376,1,1,1988,17,17,17,17,17,17,17,17,17,17
210377,1,1,1988,0,0,0,0,0,0,0,0,0,0
210377,2,1,1988,0,0,0,0,0,0,0,0,0,0
210378,0,1,1988,0,0,0,0,0,0,28,0,0,0
210378,1,1,1988,0,0,13,0,0,0,0,0,0,0
210379,0,1,1988,0,0,0,0,0,0,0,0,0,0
210379,1,1,1988,0,0,0,0,0,0,0,0,0,0
210380,1,1,1988,0,0,11,0,0,0,0,0,0,0
210381,1,1,1988,0,0,0,0,0,0,0,0,0,0
210381,2,1,1988,0,0,0,0,0,0,0,0,0,0
210382,1,1,1988,0,0,0,0,0,0,0,0,0,0
210383,1,1,1988,0,0,0,0,0,0,0,0,0,0
210384,1,1,1988,0,0,0,0,0,0,0,0,0,0
210385,1,1,1988,17,17,17,17,17,17,17,17,17,17
210386,1,1,1988,14,14,14,14,14,14,14,14,14,14
210387,1,1,1988,13,18,19,36,18,7,24,21,13,11
210388,1,1,1988,22,22,22,22,22,22,22,22,22,22
210388,2,1,1988,0,0,0,0,0,0,0,0,0,0
210388,3,1,1988,0,0,16,0,0,0,0,0,0,0
210388,4,1,1988,0,0,0,0,0,0,0,0,0,0
210389,1,1,1988,1,1,1,1,1,1,1,1,1,1
210389,2,1,1988,10,10,10,10,10,10,10,10,10,10
210389,3,1,1988,0,0,0,0,0,0,0,0,0,0
210390,1,1,1988,10,10,10,10,10,10,10,10,10,10
210391,1,1,1988,0,0,0,0,0,0,0,0,0,0
210392,0,1,1988,0,0,0,0,0,0,0,0,0,0
210392,1,1,1988,0,0,0,0,0,0,0,0,0,0
210393,0,1,1988,0,0,0,0,0,0,0,0,0,0
210393,0,2,1988,6,0,0,0,0,0,19,0,9,18
210393,1,1,1988,0,0,0,0,0,0,0,0,0,0
210394,0,1,1988,0,0,8,0,0,0,0,0,0,0
210394,1,1,1988,0,0,0,0,0,0,0,0,0,0
210395,1,1,1988,9,9,9,9,9,9,9,9,9,9
210395,2,1,1988,0,0,0,0,0,0,0,0,0,0
210396,1,1,1988,0,0,0,0,0,0,0,0,0,0
210396,2,1,1988,0,0,0,0,0,0,0,0,0,0
210397,1,1,1988,0,0,0,0,0,0,0,0,0,0
210398,1,1,1988,7,7,7,7,7,7,7,7,7,7
210399,1,1,1988,18,18,18,18,18,18,18,18,18,18
210400,0,1,1988,0,0,0,0,0,0,0,0,0,0
210400,1,1,1988,0,0,0,0,0,0,0,0,0,0
210401,1,1,1988,0,0,0,0,0,11,0,0,0,0
210402,1,1,1988,0,0,0,0,0,0,0,0,0,0
210403,1,1,1988,30,30,30,30,30,30,30,30,30,30
210404,1,1,1988,0,0,0,0,0,0,0,0,0,0
210404,2,1,1988,0,17,8,0,0,0,0,0,0,0
210405,1,1,1988,0,0,0,0,0,0,0,0,0,0
210405,2,1,1988,0,0,0,0,0,0,8,0,0,0
210406,1,1,1988,0,0,0,0,0,0,0,0,0,0
210407,1,1,1988,24,24,24,24,24,24,24,24,24,24
210409,1,1,1988,0,0,0,0,0,0,0,0,0,0
210409,2,1,1988,0,0,0,0,0,0,0,0,0,0
210410,1,1,1988,0,0,0,0,0,0,0,0,0,0
210410,2,1,1988,0,0,0,0,0,0,13,0,31,0
210411,1,1,1988,24,24,24,24,24,24,24,24,24,24
210412,1,1,1988,6,6,6,6,6,6,6,6,6,6
210413,1,1,1988,0,0,0,0,0,0,0,0,0,0
210413,2,1,1988,0,0,0,0,0,0,0,0,0,0
210414,1,1,1988,0,0,0,0,0,0,0,0,0,0
210414,2,1,1988,0,0,0,0,0,0,0,0,0,0
210415,1,1,1988,17,17,17,17,17,17,17,17,17,17
210416,0,1,1988,26,26,26,26,26,26,26,26,26,26
210416,1,1,1988,0,0,0,0,0,0,0,0,0,0
210417,1,1,1988,3,3,3,3,3,3,3,3,3,3
210417,2,1,1988,0,0,0,0,0,0,0,0,0,0
210418,1,1,1988,30,30,30,30,30,30,30,30,30,30
210418,2,1,1988,1,1,1,1,1,1,1,1,1,1
210419,1,1,1988,0,0,0,0,0,0,0,0,0,0
210419,2,1,1988,0,0,18,0,0,0,19,0,0,0
210420,1,1,1988,5,5,5,5,5,5,5,5,5,5
210421,1,1,1988,1,1,1,1,1,1,1,1,1,1
210421,2,1,1988,0,0,0,0,10,0,0,0,0,0
210422,1,1,1988,0,0,0,0,0,0,0,0,0,0
210423,1,1,1988,11,11,11,11,11,11,11,11,11,11
210424,1,1,1988,18,18,18,18,18,18,18,18,18,18
210425,1,1,1988,13,13,13,13,13,13,13,13,13,13
210426,1,1,1988,0,0,0,0,0,0,0,0,0,0
210426,2,1,1988,0,0,0,0,0,0,0,0,0,0
210427,1,1,1988,0,0,0,0,0,0,0,0,0,0
210427,2,1,1988,0,0,0,0,0,0,0,0,0,0
210428,1,1,1988,0,0,0,0,0,0,0,0,0,0
210428,2,1,1988,0,0,0,0,0,0,0,0,0,0
210429,1,1,1988,0,0,0,0,0,0,0,0,0,0
210429,2,1,1988,5,5,5,5,5,5,5,5,5,5
210430,0,1,1988,0,0,28,0,0,8,0,21,0,23
210430,1,1,1988,0,0,0,0,0,0,0,0,0,0
210430,2,1,1988,0,0,0,0,0,0,0,0,0,0
210430,3,1,1988,0,0,0,0,0,0,0,0,0,0
210431,1,1,1988,13,13,13,13,13,13,13,13,13,13
210432,1,1,1988,27,27,27,27,27,27,27,27,27,27
210433,1,1,1988,13,36,31,25,22,12,22,10,13,14
210433,2,1,1988,0,0,0,0,0,0,0,0,0,0
210434,1,1,1988,21,21,21,21,21,21,21,21,21,21
210435,1,1,1988,0,0,0,0,0,0,0,0,0,0
210436,0,1,1988,0,0,0,0,0,0,0,0,0,0
210436,1,1,1988,0,0,0,0,0,0,0,0,0,0
210437,0,1,1988,0,0,0,0,0,0,0,0,0,0
210437,1,1,1988,0,0,0,0,0,0,0,0,0,0
210437,2,1,1988,0,0,0,0,0,0,0,0,0,0
210438,1,1,1988,0,0,0,0,0,0,0,0,0,0
210439,1,1,1988,13,13,13,13,13,13,13,13,13,13
210440,1,1,1988,30,30,30,30,30,30,30,30,30,30
210440,2,1,1988,12,12,12,12,12,12,12,12,12,12
210441,1,1,1988,0,0,0,0,0,0,0,0,0,0
210442,1,1,1988,0,0,0,0,0,0,0,0,0,0
210443,1,1,1988,0,0,0,0,0,0,0,0,0,0
210443,2,1,1988,0,0,0,0,14,0,0,0,0,0
210443,3,1,1988,0,0,0,0,0,0,0,0,0,0
210444,1,1,1988,0,0,0,0,0,0,0,0,0,0
210445,1,1,1988,0,0,0,0,0,0,0,0,0,0
210445,2,1,1988,0,0,0,0,20,0,0,0,0,0
210445,3,1,1988,0,0,0,0,0,0,0,0,0,0
210446,0,1,1988,26,26,26,26,26,26,26,26,26,26
210446,1,1,1988,16,18,0,0,9,0,0,0,0,0
210447,1,1,1988,0,0,0,0,0,0,0,0,0,0
210447,2,1,1988,0,0,0,0,0,0,0,0,0,0
210448,0,1,1988,0,0,0,0,0,0,0,0,0,0
210448,1,1,1988,0,0,0,0,0,0,0,0,0,0
210449,1,1,1988,0,0,0,0,0,0,0,0,0,0
210449,2,1,1988,0,0,0,0,0,0,0,0,0,0
210450,1,1,1988,46,46,46,46,46,46,46,46,46,46
210451,1,1,1988,46,46,46,46,46,46,46,46,46,46
210453,1,1,1988,0,0,0,0,0,0,7,0,0,0
210453,2,1,1988,0,0,0,0,0,0,0,0,0,0
210454,0,1,1988,0,0,0,0,0,0,0,0,0,0
210454,1,1,1988,0,0,0,0,0,0,0,0,0,0
210455,1,1,1988,20,20,20,20,20,20,20,20,20,20
210455,2,1,1988,0,0,0,0,0,5,0,0,0,14
210456,1,1,1988,0,0,0,0,0,0,0,0,0,0
210456,2,1,1988,0,0,0,0,0,0,0,0,0,0
210457,1,1,1988,0,0,0,0,0,0,0,0,0,0
210458,1,1,1988,31,31,31,31,31,31,31,31,31,31
210458,2,1,1988,0,0,0,0,0,0,0,0,0,0
210459,1,1,1988,23,23,23,23,23,23,23,23,23,23
210460,0,1,1988,0,0,0,0,0,0,0,0,0,0
210460,1,1,1988,0,0,0,0,0,0,0,0,0,0
210461,1,1,1988,0,0,0,0,0,0,0,0,0,0
210461,2,1,1988,0,0,0,0,0,0,0,0,0,0
210462,1,1,1988,0,0,0,0,12,0,0,0,0,0
210462,2,1,1988,0,0,0,0,0,0,0,0,0,0
210463,1,1,1988,14,14,14,14,14,14,14,14,14,14
210463,2,1,1988,0,0,0,0,0,0,0,0,0,0
210464,0,1,1988,12,12,12,12,12,12,12,12,12,12
210464,1,1,1988,0,0,0,0,0,0,0,0,0,0
210465,1,1,1988,17,17,17,17,17,17,17,17,17,17
210466,1,1,1988,13,13,13,13,13,13,13,13,13,13
210467,1,1,1988,0,0,0,0,0,0,0,0,0,0
210467,2,1,1988,0,0,0,0,0,0,0,0,0,0
210468,1,1,1988,0,0,0,0,0,0,0,14,0,0
210468,2,1,1988,0,0,0,0,0,0,0,0,0,0
210469,1,1,1988,0,0,0,0,0,0,0,0,0,0
210469,2,1,1988,0,0,0,0,0,0,0,0,0,0
210470,1,1,1988,10,0,0,0,0,0,0,0,0,9
210471,1,1,1988,0,0,0,0,0,0,0,0,0,0
210471,2,1,1988,0,0,0,0,0,0,0,0,0,0
210472,1,1,1988,0,0,0,0,0,0,0,0,0,0
210472,2,1,1988,5,5,5,5,5,5,5,5,5,5
210473,1,1,1988,0,0,0,0,0,0,0,0,0,13
210474,1,1,1988,0,0,0,0,0,0,0,0,0,0
210474,2,1,1988,0,0,0,0,0,0,5,0,0,0
210474,3,1,1988,0,0,13,0,0,0,0,0,0,0
210475,1,1,1988,25,25,25,25,25,25,25,25,25,25
210476,1,1,1988,0,0,0,0,0,0,0,0,0,0
210476,2,1,1988,0,0,0,0,0,0,0,0,0,0
210477,1,1,1988,13,13,13,13,13,13,13,13,13,13
210478,1,1,1988,0,0,0,0,0,0,0,0,0,0
210479,1,1,1988,21,21,21,21,21,21,21,21,21,21
210480,1,1,1988,0,0,0,0,0,0,0,0,0,0
210481,1,1,1988,28,28,28,28,28,28,28,28,28,28
210482,1,1,1988,10,10,10,10,10,10,10,10,10,10
210483,0,1,1988,0,0,10,0,0,0,0,0,25,0
210483,0,2,1988,0,0,0,0,0,0,0,0,0,0
210483,1,1,1988,13,13,6,11,19,14,11,16,8,10
210484,1,1,1988,9,9,9,9,9,9,9,9,9,9
210485,0,1,1988,0,0,0,0,0,0,0,0,0,0
210485,1,1,1988,0,0,0,10,8,0,0,0,2,0
210486,1,1,1988,21,27,34,0,22,23,15,28,21,30
210487,1,1,1988,19,19,19,19,19,19,19,19,19,19
210488,0,1,1988,0,0,0,0,0,0,0,0,0,0
210488,1,1,1988,0,0,0,0,0,0,0,0,0,0
210489,1,1,1988,0,0,0,0,0,0,0,0,0,0
210489,2,1,1988,0,0,0,0,0,0,0,0,0,0
210490,1,1,1988,38,38,38,38,38,38,38,38,38,38
210491,1,1,1988,0,0,0,0,0,0,0,18,0,0
210492,1,1,1988,19,19,19,19,19,19,19,19,19,19
210492,2,1,1988,0,0,0,22,0,0,0,0,0,13
210493,1,1,1988,3,3,3,3,3,3,3,3,3,3
210494,1,1,1988,16,16,16,16,16,16,16,16,16,16
210495,1,1,1988,17,17,17,17,17,17,17,17,17,17
210496,1,1,1988,0,0,0,0,0,0,0,0,0,0
210496,2,1,1988,0,0,0,0,0,0,0,0,0,0
210497,1,1,1988,9,0,0,0,0,0,0,0,0,0
210497,2,1,1988,0,0,0,0,0,0,0,0,0,0
210498,1,1,1988,26,26,26,26,26,26,26,26,26,26
210499,1,1,1988,21,21,21,21,21,21,21,21,21,21
210500,1,1,1988,0,0,0,0,0,0,0,0,0,0
210500,2,1,1988,8,8,8,8,8,8,8,8,8,8
210500,3,1,1988,0,0,0,0,0,0,0,0,0,0
210501,1,1,1988,24,24,24,24,24,24,24,24,24,24
210501,2,1,1988,0,0,0,0,0,0,0,0,0,0
210502,1,1,1988,12,12,12,12,12,12,12,12,12,12
210502,2,1,1988,22,0,0,14,0,26,0,0,23,18
210503,1,1,1988,0,0,0,0,0,0,0,0,0,0
210503,2,1,1988,0,0,0,0,0,0,0,0,0,0
210504,1,1,1988,11,11,11,11,11,11,11,11,11,11
210505,1,1,1988,0,0,0,0,0,0,0,0,0,0
210506,1,1,1988,26,26,26,26,26,26,26,26,26,26
210506,2,1,1988,3,3,3,3,3,3,3,3,3,3
210507,1,1,1988,0,0,0,0,0,0,0,0,0,0
210507,2,1,1988,0,0,0,0,0,0,0,0,0,0
210508,1,1,1988,17,17,17,17,17,17,17,17,17,17
210509,1,1,1988,17,17,17,17,17,17,17,17,17,17
210510,1,1,1988,0,0,0,0,0,0,0,0,0,0
210511,1,1,1988,17,17,17,17,17,17,17,17,17,17
210512,1,1,1988,0,0,0,0,0,0,0,0,0,0
210512,2,1,1988,0,0,0,0,0,0,0,0,0,0
210513,0,1,1988,0,0,0,0,0,0,0,0,0,0
210513,1,1,1988,0,0,0,0,0,0,0,0,0,0
210515,1,1,1988,18,18,18,18,18,18,18,18,18,18
210516,1,1,1988,0,0,0,0,0,0,0,0,0,0
210516,2,1,1988,0,0,0,0,0,0,0,0,0,0
210517,1,1,1988,0,0,0,0,0,0,0,0,0,0
210517,2,1,1988,0,0,0,0,0,0,0,0,0,0
210517,3,1,1988,0,0,0,0,0,31,0,0,0,0
210518,1,1,1988,0,0,0,0,0,0,0,0,0,0
210519,1,1,1988,10,10,10,10,10,10,10,10,10,10
210519,2,1,1988,0,0,0,16,0,0,0,0,21,0
210520,1,1,1988,0,0,0,0,0,0,0,0,0,0
210521,1,1,1988,21,21,21,21,21,21,21,21,21,21
210522,1,1,1988,0,0,0,0,0,0,0,0,0,0
210523,1,1,1988,16,16,16,16,16,16,16,16,16,16
210524,1,1,1988,0,0,0,0,0,0,0,0,0,0
210524,2,1,1988,0,0,0,0,0,0,0,0,0,0
210525,1,1,1988,18,18,18,18,18,18,18,18,18,18
210525,2,1,1988,16,0,26,29,28,20,16,5,13,9
210526,0,1,1988,0,0,0,0,0,0,0,0,0,0
210526,1,1,1988,0,0,0,0,0,0,0,0,0,0
210527,1,1,1988,0,4,0,0,0,0,0,0,0,0
210527,2,1,1988,0,0,0,0,0,0,0,0,0,0
210528,0,1,1988,0,0,0,0,0,0,0,0,0,0
210528,1,1,1988,0,0,0,0,0,0,0,0,0,0
210529,1,1,1988,0,0,0,0,0,0,0,0,0,0
210530,1,1,1988,10,10,10,10,10,10,10,10,10,10
210531,1,1,1988,0,0,0,0,0,0,0,0,0,0
210533,1,1,1988,0,0,0,0,0,0,0,0,0,0
210533,2,1,1988,0,0,0,0,0,0,0,0,0,0
210534,1,1,1988,0,0,10,0,0,18,0,0,0,0
210535,1,1,1988,0,0,0,0,0,0,0,0,0,0
210536,1,1,1988,7,7,7,7,7,7,7,7,7,7
210537,1,1,1988,10,13,11,25,19,0,0,0,0,0
210537,2,1,1988,0,0,0,0,0,0,0,0,0,0
210538,1,1,1988,0,0,0,0,0,0,0,0,0,0
210539,1,1,1988,0,0,0,0,0,0,0,0,0,0
210539,2,1,1988,0,0,0,0,0,0,0,0,0,0
210540,1,1,1988,0,0,0,0,0,0,0,0,0,0
210540,2,1,1988,0,0,0,0,0,0,0,0,0,0
210541,1,1,1988,0,0,0,0,0,0,0,0,0,0
210541,2,1,1988,0,0,0,19,0,0,0,0,0,0
210542,1,1,1988,17,17,17,17,17,17,17,17,17,17
210543,1,1,1988,0,0,0,0,0,0,0,0,0,0
210543,2,1,1988,0,10,0,0,0,0,0,0,0,0
210544,1,1,1988,0,0,0,0,0,0,0,0,0,0
210544,2,1,1988,0,0,0,0,0,0,0,0,0,0
210545,2,1,1988,0,0,0,0,0,0,0,0,0,0
210545,3,1,1988,0,0,0,0,0,0,0,0,0,0
210546,1,1,1988,17,17,17,17,17,17,17,17,17,17
210546,2,1,1988,0,0,0,0,0,0,0,0,0,0
210547,1,1,1988,0,0,0,0,0,0,0,0,0,0
210547,2,1,1988,0,0,0,0,0,0,0,0,0,0
210548,1,1,1988,3,3,3,3,3,3,3,3,3,3
210549,1,1,1988,13,13,13,13,13,13,13,13,13,13
210550,1,1,1988,10,21,48,5,13,7,29,21,15,11
210551,1,1,1988,17,17,17,17,17,17,17,17,17,17
210552,1,1,1988,9,9,9,9,9,9,9,9,9,9
210553,1,1,1988,16,16,16,16,16,16,16,16,16,16
210554,1,1,1988,24,24,24,24,24,24,24,24,24,24
210555,1,1,1988,20,20,20,20,20,20,20,20,20,20
210556,0,1,1988,0,0,0,0,0,0,0,0,0,0
210556,1,1,1988,0,0,0,0,0,0,0,0,0,0
210557,1,1,1988,24,24,24,24,24,24,24,24,24,24
210557,2,1,1988,0,0,0,0,0,0,0,0,0,0
210558,1,1,1988,17,17,17,17,17,17,17,17,17,17