ST_CASE,VEH_NO,PER_NO,YEAR,P1,P2,P3,P4,P5,P6,P7,P8,P9,P10
210559,1,1,1988,20,2,12,16,19,9,11,22,10,23
210560,1,1,1988,0,0,0,0,0,0,0,0,0,0
210561,0,1,1988,0,0,0,0,0,0,0,0,0,0
210561,1,1,1988,0,0,0,0,0,0,0,0,0,0
210562,1,1,1988,0,0,0,0,0,0,0,0,0,0
210562,2,1,1988,11,0,0,0,0,0,0,0,0,0
210563,1,1,1988,0,11,0,23,6,12,0,17,19,0
210564,1,1,1988,0,0,0,0,0,0,0,0,0,0
210565,1,1,1988,0,0,0,0,0,0,0,0,0,13
210565,2,1,1988,19,19,19,19,19,19,19,19,19,19
210566,1,1,1988,0,0,0,0,0,0,0,0,0,0
210566,2,1,1988,0,0,6,0,0,0,15,0,0,0
210567,1,1,1988,0,0,0,0,0,0,0,0,0,0
210568,1,1,1988,24,24,24,24,24,24,24,24,24,24
210569,0,1,1988,0,0,0,0,0,0,0,0,0,0
210569,1,1,1988,0,0,0,0,0,0,0,0,0,0
210570,1,1,1988,0,0,0,0,0,0,0,0,0,0
210571,1,1,1988,9,9,9,9,9,9,9,9,9,9
210572,1,1,1988,0,0,0,0,0,0,0,0,0,0
210572,2,1,1988,0,0,0,0,0,0,0,0,0,0
210573,1,1,1988,0,0,0,0,0,0,0,0,0,0
210574,1,1,1988,14,21,16,16,23,21,32,21,13,8
210575,1,1,1988,0,0,0,0,0,0,0,0,0,0
210575,2,1,1988,0,0,0,0,0,0,0,0,0,0
210576,0,1,1988,0,0,0,0,0,0,0,0,0,0
210576,1,1,1988,0,0,0,0,0,0,0,0,0,0
210577,1,1,1988,21,21,21,21,21,21,21,21,21,21
210578,1,1,1988,17,17,17,17,17,17,17,17,17,17
210578,2,1,1988,0,0,0,0,16,0,0,0,0,0
210579,1,1,1988,0,0,0,0,0,0,0,0,0,0
210580,1,1,1988,0,0,0,0,0,0,0,0,0,0
210580,2,1,1988,29,18,21,0,32,23,10,17,23,20
210581,1,1,1988,10,10,10,10,10,10,10,10,10,10
210582,1,1,1988,0,0,0,0,0,0,0,0,19,0
210582,2,1,1988,0,0,0,0,0,0,0,0,0,0
210583,1,1,1988,17,17,17,17,17,17,17,17,17,17
210584,1,1,1988,0,0,0,0,0,0,0,0,0,0
210584,2,1,1988,0,0,0,0,0,0,0,0,0,0
210585,1,1,1988,0,0,0,0,0,0,0,0,0,0
210585,2,1,1988,0,0,0,0,0,0,0,0,0,0
210586,1,1,1988,17,17,17,17,17,17,17,17,17,17
210586,2,1,1988,0,0,0,0,0,0,0,0,0,0
210587,1,1,1988,6,6,6,6,6,6,6,6,6,6
210588,1,1,1988,0,0,0,0,0,0,0,0,0,0
210588,2,1,1988,0,0,0,0,0,0,0,0,0,0
210589,1,1,1988,5,5,5,5,5,5,5,5,5,5
210589,2,1,1988,0,0,0,0,0,0,0,0,0,0
210590,1,1,1988,26,26,26,26,26,26,26,26,26,26
210590,2,1,1988,0,0,0,0,0,0,0,19,0,0
210591,1,1,1988,0,0,0,0,0,0,0,0,0,0
210591,2,1,1988,0,0,0,0,0,0,0,5,0,0
210592,1,1,1988,15,15,15,15,15,15,15,15,15,15
210593,1,1,1988,10,10,10,10,10,10,10,10,10,10
210594,1,1,1988,8,0,6,12,17,17,15,13,11,11
210594,2,1,1988,0,0,0,0,0,0,0,0,0,0
210595,0,1,1988,25,25,25,25,25,25,25,25,25,25
210595,1,1,1988,0,0,0,0,0,0,0,0,0,0
210596,1,1,1988,0,0,0,0,0,0,0,0,0,0
210597,1,1,1988,9,0,0,0,0,0,8,11,0,0
210597,2,1,1988,0,0,0,0,0,0,0,0,0,0
210598,1,1,1988,15,15,15,15,15,15,15,15,15,15
210599,1,1,1988,0,0,0,0,0,0,0,0,0,0
210599,2,1,1988,0,11,0,0,0,0,0,0,0,0
210600,1,1,1988,0,0,0,0,0,0,0,0,0,0
210600,2,1,1988,0,0,0,0,0,0,0,0,0,0
210601,1,1,1988,16,16,16,16,16,16,16,16,16,16
210601,2,1,1988,0,0,0,0,0,0,0,0,0,0
210602,0,1,1988,0,0,0,0,0,0,0,0,0,0
210602,1,1,1988,0,0,0,0,0,0,3,0,0,21
210603,1,1,1988,0,0,0,0,0,0,0,0,0,0
210603,2,1,1988,0,0,0,0,0,0,0,0,0,0
210604,1,1,1988,0,0,0,0,0,0,0,0,0,0
210605,1,1,1988,0,18,14,28,0,17,0,0,0,0
210606,1,1,1988,13,13,13,13,13,13,13,13,13,13
210606,2,1,1988,0,0,0,0,0,0,0,0,0,0
210607,1,1,1988,16,16,16,16,16,16,16,16,16,16
210608,1,1,1988,10,10,10,10,10,10,10,10,10,10
210608,2,1,1988,12,0,16,0,0,0,0,0,0,23
210609,1,1,1988,0,0,0,0,0,0,0,0,0,0
210609,2,1,1988,0,0,0,20,0,0,0,0,0,0
210610,1,1,1988,28,28,28,28,28,28,28,28,28,28
210611,1,1,1988,0,0,0,0,0,0,0,0,0,0
210611,2,1,1988,0,0,0,0,0,0,0,0,0,0
210612,1,1,1988,0,0,0,0,0,0,0,0,0,0
210613,1,1,1988,0,0,0,0,0,0,0,0,0,0
210614,0,1,1988,30,30,30,30,30,30,30,30,30,30
210614,1,1,1988,0,0,0,0,8,0,0,0,0,0
210615,1,1,1988,24,24,24,24,24,24,24,24,24,24
210616,1,1,1988,0,0,0,0,0,0,0,0,0,0
210616,2,1,1988,25,0,13,0,5,0,14,0,0,0
210617,1,1,1988,0,0,0,0,0,0,0,0,0,0
210617,2,1,1988,0,0,0,0,0,0,0,0,0,0
210618,1,1,1988,3,3,3,3,3,3,3,3,3,3
210619,0,1,1988,0,0,0,0,0,0,0,0,0,0
210619,1,1,1988,0,0,0,0,0,0,0,0,0,0
210620,0,1,1988,35,35,35,35,35,35,35,35,35,35
210620,1,1,1988,0,0,0,0,0,0,0,0,0,0
210621,1,1,1988,0,0,0,0,0,0,0,0,0,0
210621,2,1,1988,0,0,0,0,0,0,0,0,0,11
210622,1,1,1988,12,12,12,12,12,12,12,12,12,12
210622,2,1,1988,0,0,0,0,0,0,0,0,0,0
210623,1,1,1988,0,0,0,0,0,0,0,0,0,0
210623,2,1,1988,0,0,0,0,0,0,0,0,0,0
210624,1,1,1988,0,0,0,0,0,0,0,0,0,0
210624,2,1,1988,0,0,0,0,0,0,0,0,0,0
210625,1,1,1988,26,8,26,12,22,11,14,20,15,18
210626,1,1,1988,0,0,0,0,0,0,0,0,0,0
210627,1,1,1988,12,12,12,12,12,12,12,12,12,12
210627,2,1,1988,0,0,0,0,0,0,0,0,0,0
210628,1,1,1988,5,5,5,5,5,5,5,5,5,5
210628,2,1,1988,10,10,10,10,10,10,10,10,10,10
210629,1,1,1988,0,0,0,0,0,0,0,0,0,0
210629,2,1,1988,0,0,0,6,0,0,0,0,0,0
210630,1,1,1988,25,25,25,25,25,25,25,25,25,25
210631,1,1,1988,13,13,13,13,13,13,13,13,13,13
210632,0,1,1988,0,0,0,0,0,0,0,0,0,0
210632,1,1,1988,0,0,0,0,0,0,0,0,0,0
210633,1,1,1988,16,16,16,16,16,16,16,16,16,16
210634,1,1,1988,0,0,0,0,0,0,0,0,0,0
210635,0,1,1988,0,0,0,0,0,0,0,0,0,0
210635,1,1,1988,0,0,0,0,0,0,0,0,0,0
210636,1,1,1988,0,0,0,0,0,0,0,0,0,0
210636,2,1,1988,0,0,0,0,0,0,0,0,0,0
210637,1,1,1988,20,20,20,20,20,20,20,20,20,20
210638,1,1,1988,0,0,0,0,0,0,0,0,0,0
210638,2,1,1988,0,0,0,0,0,0,0,0,0,0
210638,3,1,1988,0,0,0,0,0,0,0,0,0,0
210639,1,1,1988,7,7,7,7,7,7,7,7,7,7
210640,1,1,1988,0,0,0,0,0,0,0,0,0,0
210640,2,1,1988,0,0,0,0,0,0,0,0,0,0
210641,1,1,1988,0,0,0,0,0,0,0,0,0,0
210642,1,1,1988,0,0,0,0,0,0,0,0,0,0
210643,1,1,1988,0,0,0,0,0,0,0,0,0,0
210644,1,1,1988,0,0,0,0,0,0,0,0,0,0
210644,2,1,1988,0,0,0,0,0,0,0,0,0,0
210645,0,1,1988,15,15,15,15,15,15,15,15,15,15
210645,1,1,1988,19,19,19,19,19,19,19,19,19,19
210646,1,1,1988,0,0,0,0,0,0,0,0,0,0
210647,1,1,1988,0,0,0,0,0,0,0,0,0,0
210647,2,1,1988,0,0,0,0,0,0,0,0,0,0
210648,1,1,1988,0,0,0,0,0,0,0,5,0,0
210649,1,1,1988,0,0,0,0,0,0,0,0,0,0
210649,2,1,1988,0,0,0,0,0,0,0,0,0,0
210650,1,1,1988,0,0,0,0,0,0,0,0,0,0
210651,1,1,1988,0,0,0,0,0,0,0,0,0,0
210652,1,1,1988,0,0,0,0,0,0,0,0,0,0
210653,1,1,1988,16,16,16,16,16,16,16,16,16,16
210654,2,1,1988,0,0,0,0,0,0,0,0,0,0
210654,3,1,1988,0,0,0,0,0,0,0,0,0,0
210655,0,1,1988,0,0,0,0,0,0,0,0,0,0
210655,1,1,1988,0,0,0,0,0,0,0,0,0,0
210656,1,1,1988,0,0,0,0,0,0,0,0,0,0
210656,2,1,1988,0,0,0,0,0,0,6,0,0,0
210657,1,1,1988,16,16,16,16,16,16,16,16,16,16
210658,0,1,1988,23,0,16,36,13,37,0,11,0,0
210658,0,2,1988,0,0,0,7,0,0,0,0,0,29
210658,1,1,1988,19,19,19,19,19,19,19,19,19,19
210659,1,1,1988,19,19,19,19,19,19,19,19,19,19
210660,1,1,1988,0,0,0,0,0,0,0,26,11,0
210660,2,1,1988,0,19,0,0,0,0,0,0,0,0
210661,1,1,1988,0,0,0,9,0,0,0,0,0,0
210662,1,1,1988,0,0,0,0,0,0,0,0,0,0
210663,1,1,1988,10,10,10,10,10,10,10,10,10,10
210663,2,1,1988,0,0,0,0,0,0,0,0,0,0
210664,1,1,1988,0,0,0,0,0,0,0,0,0,0
210664,2,1,1988,0,0,0,0,0,0,0,0,0,0
210676,1,1,1988,0,0,0,0,0,0,0,0,0,0
210677,1,1,1988,0,0,0,0,0,0,0,0,0,0
210677,2,1,1988,0,0,0,0,0,0,0,0,0,0
210678,1,1,1988,0,0,0,0,0,0,0,0,0,0
210678,2,1,1988,0,0,0,0,0,0,0,0,0,0
210679,1,1,1988,9,9,9,9,9,9,9,9,9,9
210680,1,1,1988,0,0,0,0,0,0,0,0,0,0
210681,1,1,1988,31,12,20,16,5,19,15,17,12,4
210682,1,1,1988,17,17,17,17,17,17,17,17,17,17
210683,1,1,1988,0,0,0,0,0,0,0,0,0,0
210683,2,1,1988,0,0,0,0,0,0,0,0,0,0
210684,1,1,1988,0,0,0,0,0,0,0,0,0,0
210685,1,1,1988,0,0,0,0,0,0,0,17,0,0
210686,1,1,1988,18,18,18,18,18,18,18,18,18,18
210687,1,1,1988,0,0,0,0,0,0,0,0,0,0
210687,2,1,1988,0,0,0,0,0,0,0,0,0,0
210688,1,1,1988,0,0,0,0,0,0,0,0,0,0
210688,2,1,1988,0,0,0,0,0,0,0,0,0,0
210689,1,1,1988,18,18,18,18,18,18,18,18,18,18
210690,1,1,1988,0,0,0,0,0,0,0,0,0,0
210690,2,1,1988,0,0,0,0,0,0,0,0,0,0
210691,0,1,1988,24,24,24,24,24,24,24,24,24,24
210691,1,1,1988,0,0,0,0,0,0,0,0,0,0
210692,1,1,1988,0,0,0,0,0,0,0,0,0,0
210692,2,1,1988,0,0,0,0,0,0,0,0,0,0
210693,0,1,1988,0,0,0,0,0,0,0,0,0,0
210693,1,1,1988,0,0,0,0,0,0,0,15,0,0
210694,1,1,1988,26,26,26,26,26,26,26,26,26,26
210694,2,1,1988,0,0,0,0,0,0,0,0,0,0
210695,0,1,1988,26,16,17,14,6,14,20,0,17,16
210695,1,1,1988,12,12,12,12,12,12,12,12,12,12
210696,1,1,1988,27,27,27,27,27,27,27,27,27,27
210697,1,1,1988,0,0,0,0,0,0,0,0,0,0
210697,2,1,1988,0,27,20,13,24,11,16,0,14,22
210698,1,1,1988,0,15,18,0,0,0,14,0,0,0
210698,2,1,1988,0,9,0,0,0,0,0,0,0,0
210699,1,1,1988,0,0,0,0,0,0,0,0,0,0
210699,2,1,1988,0,0,0,0,0,0,0,0,0,0
210700,1,1,1988,0,0,0,0,0,0,0,0,0,0
210701,1,1,1988,0,0,0,0,0,0,0,0,0,0
210701,2,1,1988,0,0,0,0,0,0,0,0,0,0
210702,1,1,1988,17,17,17,17,17,17,17,17,17,17
210703,1,1,1988,1,1,1,1,1,1,1,1,1,1
210704,1,1,1988,0,0,0,0,0,0,0,0,0,0
210704,2,1,1988,0,0,0,0,0,0,0,0,0,0
210705,0,1,1988,0,11,0,0,0,0,18,0,20,0
210705,1,1,1988,0,0,0,0,0,0,0,0,0,0
210706,0,1,1988,0,0,0,0,0,30,28,0,22,0
210706,1,1,1988,0,0,0,0,0,0,0,0,0,0
210707,1,1,1988,0,0,0,0,0,0,0,0,0,0
210708,0,1,1988,29,5,38,15,14,41,0,3,0,15
210708,1,1,1988,0,0,0,0,0,0,0,0,0,7
210709,1,1,1988,32,32,32,32,32,32,32,32,32,32
210710,1,1,1988,2,2,2,2,2,2,2,2,2,2
210711,1,1,1988,14,14,14,14,14,14,14,14,14,14
210712,1,1,1988,0,0,0,0,0,0,0,0,0,0
210712,2,1,1988,0,0,0,0,0,0,0,0,0,0
210713,1,1,1988,0,0,0,0,0,0,0,0,0,0
210714,1,1,1988,22,22,22,22,22,22,22,22,22,22
210715,1,1,1988,17,17,17,17,17,17,17,17,17,17
210716,1,1,1988,0,0,0,0,0,0,0,0,0,0
210717,1,1,1988,0,0,0,0,0,0,0,0,0,0
210717,2,1,1988,0,0,0,0,0,0,0,0,0,0
210718,1,1,1988,18,18,18,18,18,18,18,18,18,18
210719,1,1,1988,4,4,4,4,4,4,4,4,4,4
210720,1,1,1988,0,0,0,0,0,0,0,0,0,0
210720,2,1,1988,0,0,0,0,0,0,0,0,0,0
210721,1,1,1988,0,0,0,0,0,0,0,12,28,15
210722,1,1,1988,0,28,0,36,0,0,9,0,0,0
210723,0,1,1988,0,0,0,0,0,0,0,0,0,0
210724,1,1,1988,7,7,7,7,7,7,7,7,7,7
210724,2,1,1988,0,0,0,0,0,0,0,0,0,0
210725,1,1,1988,0,0,0,0,0,0,0,0,0,0
210725,2,1,1988,0,0,0,0,0,0,0,0,0,0
210726,1,1,1988,12,12,12,12,12,12,12,12,12,12
210727,1,1,1988,0,0,0,0,0,0,0,0,0,0
210727,2,1,1988,0,0,0,6,0,0,0,0,0,0
210728,1,1,1988,0,0,0,0,4,8,0,20,0,0
210729,1,1,1988,26,26,26,26,26,26,26,26,26,26
210730,1,1,1988,6,6,6,6,6,6,6,6,6,6
210730,2,1,1988,0,0,0,0,0,0,0,0,0,0
210731,1,1,1988,0,0,0,0,0,0,0,0,0,0
210731,2,1,1988,0,0,0,0,0,0,0,0,0,0
210732,1,1,1988,0,0,0,0,0,0,0,0,0,0
210732,2,1,1988,0,0,0,0,0,0,0,0,0,0
210733,1,1,1988,1,1,1,1,1,1,1,1,1,1
210733,2,1,1988,0,0,0,0,0,0,0,0,0,0
210734,0,1,1988,0,0,0,0,0,0,0,0,0,0
210734,1,1,1988,6,6,6,6,6,6,6,6,6,6
210735,1,1,1988,0,0,0,0,0,0,0,0,0,0
210735,2,1,1988,0,0,0,0,0,0,0,0,0,0
210736,0,1,1988,25,30,0,17,0,0,0,19,28,11
210736,1,1,1988,0,0,0,0,0,0,0,0,0,0
210737,1,1,1988,20,20,20,20,20,20,20,20,20,20
210738,1,1,1988,0,0,0,0,0,0,0,19,0,0
210738,2,1,1988,0,0,0,0,0,0,0,0,0,22
210739,1,1,1988,10,10,10,10,10,10,10,10,10,10
210740,1,1,1988,12,12,12,12,12,12,12,12,12,12
210741,1,1,1988,0,0,0,0,0,0,0,0,0,0
210743,1,1,1988,0,0,0,0,0,0,0,0,0,0
210743,2,1,1988,0,0,0,0,0,0,0,0,0,0
210744,1,1,1988,0,0,0,0,0,0,0,0,0,0
210745,1,1,1988,17,17,17,17,17,17,17,17,17,17
220001,1,1,1988,16,16,16,16,16,16,16,16,16,16
220002,0,1,1988,0,0,0,0,0,0,0,0,0,0
220002,1,1,1988,14,0,0,0,0,0,0,0,0,0
220005,0,1,1988,0,0,0,0,0,0,0,0,0,0
220005,1,1,1988,0,0,0,0,0,0,0,0,0,0
220006,1,1,1988,19,19,19,19,19,19,19,19,19,19
220006,2,1,1988,19,19,19,19,19,19,19,19,19,19
220007,1,1,1988,0,0,0,0,0,0,0,0,9,0
220007,2,1,1988,0,0,15,8,19,0,14,27,13,0
220008,1,1,1988,25,25,25,25,25,25,25,25,25,25
220008,2,1,1988,0,0,0,0,0,0,0,0,0,0
220009,1,1,1988,0,0,0,0,0,0,0,0,0,0
220010,1,1,1988,0,0,0,0,0,0,13,0,0,0
220010,2,1,1988,12,0,0,0,11,0,0,0,0,0
220010,3,1,1988,0,0,0,0,0,0,0,0,0,0
220012,1,1,1988,0,0,20,6,0,0,0,0,0,0
220012,2,1,1988,0,0,0,0,0,0,0,0,0,0
220013,1,1,1988,27,27,27,27,27,27,27,27,27,27
220013,2,1,1988,0,0,0,0,0,0,0,0,0,0
220014,1,1,1988,0,0,0,0,0,0,0,0,0,0
220015,1,1,1988,0,0,0,0,0,0,0,0,0,0
220015,2,1,1988,0,0,0,0,0,0,0,0,0,0
220015,3,1,1988,0,0,0,0,0,0,0,0,0,0
220016,1,1,1988,0,0,0,0,0,0,0,5,0,0
220016,2,1,1988,0,0,0,0,0,0,0,0,15,0
220017,1,1,1988,0,0,0,0,0,3,0,0,0,0
220018,1,1,1988,0,0,0,0,0,0,0,0,0,0
220018,2,1,1988,0,0,2,0,20,0,0,0,21,38
220019,0,1,1988,0,0,0,0,0,0,0,14,0,0
220019,1,1,1988,0,0,0,0,0,0,29,0,0,0
220020,1,1,1988,0,0,0,0,0,0,0,0,0,0
220020,2,1,1988,0,0,0,0,0,0,0,0,0,0
220021,1,1,1988,0,0,0,0,0,0,0,0,0,0
220021,2,1,1988,0,0,0,0,0,0,0,0,0,0
220022,1,1,1988,11,11,11,11,11,11,11,11,11,11
220023,1,1,1988,0,0,0,0,0,0,0,0,0,0
220024,0,1,1988,38,38,38,38,38,38,38,38,38,38
220024,1,1,1988,15,18,14,9,31,23,6,0,28,13
220025,1,1,1988,0,0,0,0,0,0,0,0,0,0
220026,1,1,1988,5,0,10,29,0,18,0,15,24,25
220027,1,1,1988,0,0,0,0,0,0,0,0,0,0
220028,1,1,1988,38,21,8,28,28,11,18,19,19,0
220029,1,1,1988,0,0,0,0,0,0,0,0,0,0
220031,0,1,1988,17,17,17,17,17,17,17,17,17,17
220031,1,1,1988,0,0,0,0,0,0,0,0,0,0
220032,1,1,1988,17,18,14,3,31,1,13,27,21,0
220033,1,1,1988,0,0,0,0,0,0,0,0,0,0
220033,2,1,1988,0,0,0,0,0,0,0,0,0,0
220033,3,1,1988,0,19,0,0,0,0,0,0,0,0
220034,0,1,1988,0,0,0,0,0,0,0,0,0,0
220034,1,1,1988,0,0,0,0,0,0,0,0,0,0
220035,0,1,1988,0,0,0,0,0,0,0,0,0,0
220035,1,1,1988,0,0,0,0,0,0,0,0,0,0
220036,1,1,1988,12,29,15,19,23,15,14,13,0,0
220037,0,1,1988,0,0,0,0,0,0,0,0,0,0
220037,1,1,1988,0,0,0,0,0,0,0,0,0,0
220038,1,1,1988,0,0,30,0,13,0,0,0,0,0
220038,2,1,1988,4,0,0,0,0,0,0,0,0,0
220039,1,1,1988,10,0,30,0,0,0,0,31,0,12
220040,0,1,1988,22,22,22,22,22,22,22,22,22,22
220040,1,1,1988,8,8,8,8,8,8,8,8,8,8
220040,2,1,1988,0,0,0,0,0,0,0,0,0,0
220041,1,1,1988,3,3,3,3,3,3,3,3,3,3
220041,2,1,1988,0,0,0,0,0,0,0,0,0,0
220042,1,1,1988,0,0,0,0,0,0,0,0,0,0
220043,1,1,1988,7,21,0,5,3,0,0,0,9,14
220044,1,1,1988,20,20,20,20,20,20,20,20,20,20
220044,2,1,1988,0,0,0,10,28,13,19,0,37,0
220045,1,1,1988,5,12,0,2,10,21,0,9,0,0
220045,2,1,1988,0,0,0,21,0,14,19,0,0,0
220046,1,1,1988,3,9,0,12,15,0,0,9,0,0
220047,1,1,1988,0,0,0,0,19,16,0,27,0,0
220047,2,1,1988,0,0,0,0,0,0,0,0,0,0
220048,1,1,1988,0,0,0,0,0,0,0,0,6,0
220049,1,1,1988,0,12,0,17,0,0,4,0,13,0
220049,2,1,1988,0,0,0,0,0,0,0,0,0,0
220050,1,1,1988,0,0,0,15,0,0,0,0,0,0
220050,2,1,1988,0,0,0,0,0,0,0,0,0,0
220051,1,1,1988,0,0,0,0,0,0,0,0,0,0
220053,1,1,1988,0,0,0,0,0,0,0,0,0,0
220053,2,1,1988,20,0,0,0,0,0,0,0,0,0
220054,1,1,1988,0,0,0,0,0,0,0,0,0,0
220054,2,1,1988,0,0,0,0,0,0,0,0,0,0
220054,3,1,1988,0,0,0,0,0,0,0,0,0,0
220055,0,1,1988,0,0,0,0,0,0,0,0,0,0
220055,1,1,1988,0,0,0,0,0,0,0,0,0,0
220056,0,1,1988,26,0,0,17,0,0,0,0,0,33
220056,1,1,1988,0,0,0,0,0,0,0,0,0,0
220057,1,1,1988,19,19,19,19,19,19,19,19,19,19
220057,2,1,1988,0,0,0,0,0,0,0,0,0,0
220058,1,1,1988,21,21,0,0,8,18,21,15,3,23
220059,0,1,1988,0,0,0,0,0,0,0,0,0,0
220059,1,1,1988,0,0,0,0,0,0,0,0,0,0
220060,1,1,1988,18,9,18,12,20,0,0,19,19,11
220061,1,1,1988,0,0,0,0,0,0,0,0,0,0
220061,2,1,1988,0,0,0,0,0,0,0,0,0,0
220062,1,1,1988,0,0,0,0,0,0,0,0,0,0
220062,2,1,1988,0,0,0,0,0,0,0,0,0,0
220063,1,1,1988,0,0,0,0,0,0,0,0,0,0
220063,2,1,1988,0,0,0,0,0,0,0,0,0,0
220064,1,1,1988,21,21,21,21,21,21,21,21,21,21
220065,1,1,1988,21,21,21,21,21,21,21,21,21,21
220066,0,1,1988,21,21,21,21,21,21,21,21,21,21
220066,1,1,1988,0,8,0,6,0,0,0,17,0,16
220067,1,1,1988,0,0,0,0,0,0,0,0,0,0
220067,2,1,1988,0,24,0,0,0,31,0,0,0,0
220068,0,1,1988,24,0,0,0,0,0,0,0,0,0
220068,1,1,1988,0,0,0,9,0,0,0,0,0,0
220069,1,1,1988,0,0,0,0,0,0,15,26,0,13
220069,2,1,1988,16,0,39,0,31,0,0,0,0,0
220070,1,1,1988,0,0,18,24,0,37,0,0,0,12
220070,2,1,1988,10,10,10,10,10,10,10,10,10,10
220071,1,1,1988,0,11,0,0,0,25,0,14,17,40
220071,2,1,1988,0,0,0,0,0,0,0,0,0,0
220072,1,1,1988,15,15,15,15,15,15,15,15,15,15
220073,0,1,1988,15,18,13,0,15,32,30,34,7,0
220073,1,1,1988,0,0,0,0,0,0,0,0,0,0
220074,1,1,1988,0,0,0,0,0,0,0,0,0,0
220075,0,1,1988,13,28,13,0,18,22,11,0,15,18
220075,1,1,1988,11,14,18,13,15,0,22,19,31,14
220076,1,1,1988,0,0,0,0,0,0,0,0,0,0
220076,2,1,1988,0,0,0,0,0,0,0,0,0,0
220077,0,1,1988,0,0,0,0,0,0,0,0,0,0
220077,1,1,1988,0,0,0,17,0,4,0,37,18,0
220078,1,1,1988,13,0,18,0,0,0,0,0,0,0
220079,1,1,1988,0,0,0,0,0,0,0,0,0,0
220079,2,1,1988,20,0,0,3,0,0,0,0,0,0
220080,1,1,1988,0,0,0,0,0,0,0,0,0,0
220080,2,1,1988,0,26,9,19,0,0,24,0,0,0
220081,1,1,1988,8,8,8,8,8,8,8,8,8,8
220082,1,1,1988,0,0,0,10,0,0,0,0,0,0
220083,1,1,1988,0,0,0,0,0,0,0,0,0,0
220083,2,1,1988,0,0,0,0,0,0,0,0,0,0
220084,1,1,1988,0,0,0,0,0,0,0,0,0,0
220084,2,1,1988,0,0,0,0,0,0,0,0,0,0
220085,1,1,1988,22,22,22,22,22,22,22,22,22,22
220085,2,1,1988,0,0,0,0,0,0,0,0,0,0
220086,0,1,1988,23,23,23,23,23,23,23,23,23,23
220086,1,1,1988,0,0,0,0,0,0,0,0,0,0
220087,1,1,1988,8,0,14,16,14,14,0,0,0,0
220087,2,1,1988,0,0,31,0,9,23,0,28,20,0
220088,1,1,1988,0,0,0,0,0,0,0,0,0,0
220088,2,1,1988,0,0,0,0,0,0,0,0,0,0
220089,1,1,1988,0,0,0,0,0,0,0,0,0,0
220089,2,1,1988,13,0,0,0,0,0,20,0,0,0
220090,0,1,1988,0,0,0,0,0,0,0,6,0,0
220090,1,1,1988,0,0,0,0,0,0,0,0,0,0
220091,0,1,1988,0,0,0,0,0,0,0,0,0,0
220091,1,1,1988,0,0,25,0,0,0,0,19,0,0
220092,1,1,1988,0,0,0,0,0,0,0,0,0,0
220092,2,1,1988,9,9,9,9,9,9,9,9,9,9
220093,0,1,1988,30,0,23,0,0,0,0,0,24,0
220093,1,1,1988,0,0,0,0,0,0,0,0,0,0
220094,1,1,1988,13,13,13,13,13,13,13,13,13,13
220095,1,1,1988,0,0,0,0,0,0,0,0,0,0
220096,1,1,1988,15,15,15,15,15,15,15,15,15,15
220096,2,1,1988,0,0,0,0,0,0,0,0,0,0
220097,1,1,1988,0,6,0,22,9,21,0,36,11,0
220098,1,1,1988,0,0,0,0,0,0,0,0,0,0
220099,0,1,1988,1,1,1,1,1,1,1,1,1,1
220099,2,1,1988,0,0,0,0,0,0,0,0,0,0
220100,1,1,1988,0,16,28,0,0,22,25,21,28,16
220100,2,1,1988,0,0,0,0,0,0,0,0,0,0
220101,0,1,1988,11,11,11,11,11,11,11,11,11,11
220101,1,1,1988,1,1,1,1,1,1,1,1,1,1
220102,1,1,1988,14,14,14,14,14,14,14,14,14,14
220103,1,1,1988,17,18,24,21,0,10,19,21,4,21
220104,1,1,1988,20,30,37,13,8,7,0,12,0,11
220104,2,1,1988,35,3,33,0,7,50,22,13,6,7
220105,1,1,1988,0,0,0,0,0,0,0,0,0,0
220105,2,1,1988,3,3,3,3,3,3,3,3,3,3
220106,1,1,1988,8,8,8,8,8,8,8,8,8,8
220106,2,1,1988,6,6,6,6,6,6,6,6,6,6
220107,0,1,1988,13,13,13,13,13,13,13,13,13,13
220107,1,1,1988,13,13,13,13,13,13,13,13,13,13
220108,0,1,1988,34,34,34,34,34,34,34,34,34,34
220108,1,1,1988,0,0,0,0,0,0,0,0,0,0
220109,0,1,1988,31,31,31,31,31,31,31,31,31,31
220109,1,1,1988,0,5,0,0,24,17,0,0,0,0
220110,1,1,1988,22,43,14,23,22,37,20,24,26,18
220112,1,1,1988,0,0,14,0,0,0,0,16,0,0
220113,0,1,1988,14,20,0,0,0,0,0,0,0,0
220113,1,1,1988,0,0,0,0,0,0,0,0,0,23
220114,1,1,1988,20,20,20,20,20,20,20,20,20,20
220114,2,1,1988,0,0,0,0,17,0,0,14,0,0
220115,1,1,1988,9,9,9,9,9,9,9,9,9,9
220116,0,1,1988,34,39,28,0,19,0,22,0,0,0
220116,1,1,1988,11,11,11,11,11,11,11,11,11,11
220116,2,1,1988,0,22,13,0,0,16,0,9,0,8
220117,1,1,1988,0,0,0,0,0,0,0,0,0,0
220117,2,1,1988,0,0,0,0,0,0,0,0,0,0
220118,1,1,1988,18,18,18,18,18,18,18,18,18,18
220118,2,1,1988,0,0,0,0,0,0,0,0,0,0
220119,1,1,1988,0,10,3,0,31,41,9,0,0,0
220119,2,1,1988,0,0,0,0,0,0,0,0,0,0
220120,1,1,1988,0,0,0,13,0,0,8,13,8,0