ST_CASE,VEH_NO,PER_NO,YEAR,P1,P2,P3,P4,P5,P6,P7,P8,P9,P10
220120,2,1,1988,14,0,0,0,0,0,0,29,0,0
220121,1,1,1988,8,14,0,10,0,12,0,0,14,0
220121,2,1,1988,12,15,0,0,4,0,0,4,13,15
220122,1,1,1988,5,5,5,5,5,5,5,5,5,5
220122,2,1,1988,0,0,0,0,0,0,0,0,0,0
220123,1,1,1988,0,0,0,0,0,5,0,0,0,0
220123,2,1,1988,0,0,0,0,0,0,0,0,0,0
220123,3,1,1988,0,0,0,0,0,0,0,0,0,0
220124,0,1,1988,0,0,0,0,0,0,0,0,0,0
220124,1,1,1988,0,0,0,0,0,0,0,0,0,0
220125,1,1,1988,8,8,8,8,8,8,8,8,8,8
220126,1,1,1988,0,0,0,0,4,0,0,0,0,0
220126,2,1,1988,0,0,0,0,0,0,0,0,0,0
220127,1,1,1988,0,0,15,26,17,0,0,11,0,24
220128,1,1,1988,0,0,0,0,0,0,0,0,0,0
220128,2,1,1988,0,0,0,0,0,0,0,0,0,0
220129,1,1,1988,8,8,8,8,8,8,8,8,8,8
220130,1,1,1988,21,21,21,21,21,21,21,21,21,21
220131,1,1,1988,18,22,18,13,26,38,13,22,11,19
220132,1,1,1988,27,27,27,27,27,27,27,27,27,27
220132,2,1,1988,0,0,0,0,0,0,0,0,0,0
220133,1,1,1988,22,22,22,22,22,22,22,22,22,22
220134,1,1,1988,22,16,0,0,23,0,20,0,0,25
220135,1,1,1988,0,0,0,0,0,0,0,0,0,0
220135,2,1,1988,0,9,16,21,17,9,20,17,0,9
220136,1,1,1988,9,9,9,9,9,9,9,9,9,9
220136,2,1,1988,14,0,0,0,12,0,0,9,0,10
220138,1,1,1988,0,0,0,0,0,8,19,0,5,0
220139,1,1,1988,0,11,0,0,0,16,0,0,0,0
220139,2,1,1988,29,29,29,29,29,29,29,29,29,29
220140,0,1,1988,0,0,0,0,9,0,0,0,0,0
220140,1,1,1988,0,0,0,0,0,0,0,0,0,0
220141,1,1,1988,0,0,0,0,0,0,0,12,0,0
220141,2,1,1988,0,0,0,0,0,0,0,0,0,24
220142,1,1,1988,15,0,0,0,0,0,0,0,0,0
220142,2,1,1988,0,0,0,0,0,0,0,0,0,0
220143,1,1,1988,20,20,20,20,20,20,20,20,20,20
220144,1,1,1988,21,21,21,21,21,21,21,21,21,21
220145,0,1,1988,0,0,0,0,0,0,0,0,0,0
220145,1,1,1988,0,0,0,0,0,0,0,0,0,0
220146,1,1,1988,0,0,0,0,0,0,0,0,0,5
220147,1,1,1988,9,0,0,0,0,0,21,23,27,12
220148,1,1,1988,11,11,11,11,11,11,11,11,11,11
220149,1,1,1988,0,0,23,8,0,0,0,0,0,0
220149,2,1,1988,0,0,0,0,0,0,0,0,0,0
220150,1,1,1988,22,22,26,0,18,0,0,13,0,30
220151,1,1,1988,11,11,11,11,11,11,11,11,11,11
220152,0,1,1988,20,8,31,0,17,0,27,20,0,22
220152,1,1,1988,0,0,0,0,0,0,0,3,0,0
220153,1,1,1988,0,0,10,0,0,18,0,0,0,0
220154,1,1,1988,0,0,0,0,0,17,0,0,0,18
220155,1,1,1988,0,0,0,0,0,0,0,0,0,0
220156,0,1,1988,0,0,16,23,49,0,37,12,0,30
220156,1,1,1988,0,0,0,0,0,0,0,0,0,0
220156,2,1,1988,0,0,0,0,0,0,0,0,0,0
220157,1,1,1988,0,0,0,0,0,0,0,0,0,0
220157,2,1,1988,0,0,0,0,23,0,0,0,0,0
220157,3,1,1988,0,0,0,0,0,0,0,0,0,0
220158,1,1,1988,0,20,0,0,29,0,0,0,0,0
220158,2,1,1988,0,0,0,0,0,0,0,0,0,0
220159,0,1,1988,16,16,16,16,16,16,16,16,16,16
220159,1,1,1988,0,0,0,0,0,0,0,0,0,0
220160,1,1,1988,0,0,13,26,0,0,0,6,0,0
220161,1,1,1988,24,24,24,24,24,24,24,24,24,24
220162,1,1,1988,13,13,13,13,13,13,13,13,13,13
220163,1,1,1988,2,2,2,2,2,2,2,2,2,2
220163,2,1,1988,0,0,0,0,0,0,0,0,0,0
220164,1,1,1988,8,8,8,8,8,8,8,8,8,8
220164,2,1,1988,0,0,0,0,0,0,0,0,0,0
220164,3,1,1988,0,0,12,0,0,0,0,0,0,0
220165,1,1,1988,0,0,0,0,0,0,0,0,0,0
220165,2,1,1988,0,0,0,0,0,0,0,0,10,0
220166,1,1,1988,12,12,12,12,12,12,12,12,12,12
220166,2,1,1988,0,0,0,0,0,0,0,0,0,0
220167,1,1,1988,0,0,0,0,0,0,0,0,0,0
220167,2,1,1988,0,0,0,0,0,0,0,0,0,0
220168,0,1,1988,22,9,0,13,27,0,37,8,6,17
220168,1,1,1988,13,0,0,0,0,0,0,0,0,0
220169,1,1,1988,0,0,17,12,0,19,0,15,0,25
220169,2,1,1988,0,14,21,9,14,29,0,0,35,8
220170,1,1,1988,14,14,14,14,14,14,14,14,14,14
220170,2,1,1988,0,0,0,0,0,0,0,0,0,0
220171,1,1,1988,0,0,0,0,0,0,0,0,0,0
220172,1,1,1988,42,24,6,0,0,26,16,8,24,25
220173,0,1,1988,0,0,0,0,0,0,0,0,0,0
220173,1,1,1988,0,0,0,0,0,0,0,0,0,0
220174,1,1,1988,9,0,7,17,0,23,3,36,14,0
220175,1,1,1988,0,0,0,0,0,0,0,0,0,0
220176,1,1,1988,0,0,0,0,0,0,0,0,0,0
220176,2,1,1988,1,1,1,1,1,1,1,1,1,1
220176,3,1,1988,0,0,0,0,0,0,0,0,0,0
220176,4,1,1988,0,0,10,10,0,0,0,0,0,0
220177,1,1,1988,0,0,0,0,0,0,0,0,0,0
220178,1,1,1988,0,0,0,0,0,0,0,0,0,0
220178,2,1,1988,0,0,0,0,0,0,0,0,0,0
220179,1,1,1988,15,15,15,15,15,15,15,15,15,15
220180,0,1,1988,0,0,0,0,0,0,0,0,0,0
220180,1,1,1988,0,0,0,0,0,0,0,0,0,0
220181,1,1,1988,0,0,0,0,0,0,0,0,0,0
220181,2,1,1988,0,0,0,0,0,0,0,0,0,0
220182,1,1,1988,0,27,17,0,0,0,0,11,0,12
220182,2,1,1988,0,0,0,0,4,0,0,0,0,0
220183,1,1,1988,18,18,12,44,14,8,32,19,10,21
220184,1,1,1988,10,22,20,0,24,0,15,13,42,17
220185,1,1,1988,0,0,0,30,20,0,0,30,0,22
220185,2,1,1988,0,0,0,0,0,0,0,0,15,0
220186,1,1,1988,0,0,0,0,0,0,0,0,0,0
220186,2,1,1988,0,0,0,0,0,0,0,0,0,0
220186,3,1,1988,0,0,0,0,0,0,0,0,0,0
220187,1,1,1988,13,13,13,13,13,13,13,13,13,13
220188,1,1,1988,4,4,4,4,4,4,4,4,4,4
220189,1,1,1988,18,2,8,31,14,0,12,13,19,15
220190,1,1,1988,0,0,0,0,0,0,0,0,0,0
220190,2,1,1988,4,0,0,0,0,0,0,0,0,0
220191,0,1,1988,0,0,0,0,0,0,0,0,0,0
220191,1,1,1988,4,0,0,0,0,0,5,21,0,2
220192,1,1,1988,23,23,23,23,23,23,23,23,23,23
220193,1,1,1988,16,16,16,16,16,16,16,16,16,16
220193,2,1,1988,0,0,0,0,0,0,0,0,4,14
220194,1,1,1988,0,0,0,0,0,0,0,0,0,0
220194,2,1,1988,0,0,0,0,0,0,0,0,0,0
220195,1,1,1988,26,39,20,26,26,7,17,10,0,38
220197,1,1,1988,1,1,1,1,1,1,1,1,1,1
220198,1,1,1988,5,5,5,5,5,5,5,5,5,5
220199,1,1,1988,19,8,0,14,0,21,19,14,3,0
220199,2,1,1988,0,0,0,0,0,0,0,0,0,0
220200,0,1,1988,0,0,31,10,0,0,0,24,0,0
220200,1,1,1988,0,0,0,0,0,0,0,17,0,0
220201,2,1,1988,2,2,2,2,2,2,2,2,2,2
220202,0,1,1988,0,0,0,0,0,0,0,0,0,0
220202,1,1,1988,0,0,0,0,0,0,0,0,0,0
220203,1,1,1988,0,0,0,0,0,0,0,0,0,0
220204,1,1,1988,0,22,0,0,0,0,0,13,0,0
220205,1,1,1988,14,18,24,0,20,15,14,27,20,21
220206,1,1,1988,0,0,0,0,0,0,0,0,0,0
220207,1,1,1988,4,4,4,4,4,4,4,4,4,4
220207,2,1,1988,3,3,3,3,3,3,3,3,3,3
220208,1,1,1988,0,0,0,0,0,0,0,0,0,0
220208,2,1,1988,22,11,0,0,0,0,0,0,0,0
220209,1,1,1988,23,23,23,23,23,23,23,23,23,23
220210,1,1,1988,0,0,0,0,0,0,0,0,0,0
220211,1,1,1988,20,19,0,0,0,15,0,0,0,0
220212,1,1,1988,19,19,19,19,19,19,19,19,19,19
220213,1,1,1988,21,21,21,21,21,21,21,21,21,21
220213,2,1,1988,9,9,9,9,9,9,9,9,9,9
220214,1,1,1988,7,7,7,7,7,7,7,7,7,7
220214,2,1,1988,0,0,0,0,0,0,0,0,0,0
220215,1,1,1988,0,0,0,0,0,0,0,0,0,0
220215,2,1,1988,0,0,0,0,0,0,0,0,0,0
220216,1,1,1988,19,19,19,19,19,19,19,19,19,19
220216,2,1,1988,5,5,5,5,5,5,5,5,5,5
220216,3,1,1988,0,0,0,0,0,0,0,0,0,0
220217,1,1,1988,19,19,19,19,19,19,19,19,19,19
220217,2,1,1988,0,0,0,0,0,0,0,0,0,0
220218,1,1,1988,0,0,0,0,0,0,0,0,0,0
220219,1,1,1988,19,19,19,19,19,19,19,19,19,19
220220,1,1,1988,17,17,17,17,17,17,17,17,17,17
220221,1,1,1988,18,18,18,18,18,18,18,18,18,18
220222,1,1,1988,20,26,21,23,26,10,20,15,8,21
220223,1,1,1988,0,0,0,0,0,0,0,0,0,0
220223,2,1,1988,0,0,0,0,0,0,0,0,0,0
220224,1,1,1988,24,24,24,24,24,24,24,24,24,24
220225,1,1,1988,14,14,14,14,14,14,14,14,14,14
220226,1,1,1988,0,0,0,0,0,0,0,0,0,0
220226,2,1,1988,0,0,0,0,0,0,0,0,0,0
220227,0,1,1988,0,0,29,0,0,0,0,26,0,0
220227,1,1,1988,13,13,13,13,13,13,13,13,13,13
220228,1,1,1988,0,0,0,0,0,0,0,0,0,0
220228,2,1,1988,0,0,0,0,0,0,0,0,0,0
220229,1,1,1988,0,0,0,0,0,0,0,0,0,0
220229,2,1,1988,1,1,1,1,1,1,1,1,1,1
220230,1,1,1988,0,0,0,19,0,0,0,0,0,0
220230,2,1,1988,0,0,23,9,9,0,13,16,15,13
220231,1,1,1988,0,0,0,0,0,0,0,0,0,0
220231,2,1,1988,0,0,0,0,0,0,0,0,0,0
220232,0,1,1988,0,0,0,0,0,0,0,0,0,0
220232,1,1,1988,0,0,0,0,0,0,0,0,0,0
220233,1,1,1988,0,8,9,0,0,19,0,0,12,0
220234,1,1,1988,0,19,0,4,19,0,4,0,0,16
220235,1,1,1988,17,0,0,0,0,16,0,0,0,11
220236,1,1,1988,0,21,0,0,0,21,0,0,0,0
220237,1,1,1988,0,0,0,0,11,0,8,0,0,0
220237,2,1,1988,0,0,0,0,10,0,0,23,0,0
220238,1,1,1988,0,0,0,0,15,7,0,16,0,0
220238,2,1,1988,0,0,0,0,0,13,0,0,0,0
220239,1,1,1988,0,0,0,0,0,0,0,0,0,0
220239,2,1,1988,0,0,0,0,0,0,0,0,0,0
220239,3,1,1988,0,0,0,0,0,0,19,0,22,0
220240,1,1,1988,0,13,0,0,0,21,0,0,8,11
220240,2,1,1988,0,13,0,0,0,0,0,0,0,0
220241,1,1,1988,10,6,12,0,12,14,12,7,0,9
220241,2,1,1988,8,7,0,33,0,6,0,12,4,9
220242,1,1,1988,13,14,12,17,19,0,26,10,25,25
220243,0,1,1988,0,0,0,0,0,0,0,0,0,0
220243,1,1,1988,0,12,2,16,12,8,5,0,30,8
220244,0,1,1988,0,0,0,0,0,0,0,0,0,0
220244,1,1,1988,0,0,0,0,0,0,0,0,0,0
220245,1,1,1988,23,11,7,13,14,15,0,17,16,15
220246,1,1,1988,0,0,0,0,0,0,0,0,0,0
220247,1,1,1988,0,0,0,0,0,0,0,25,0,12
220247,2,1,1988,0,0,0,0,0,0,0,0,0,0
220247,3,1,1988,0,0,0,0,0,15,0,0,0,0
220249,1,1,1988,0,0,0,0,0,0,0,0,0,0
220249,2,1,1988,0,0,0,0,0,0,0,0,0,0
220249,3,1,1988,0,0,0,0,0,0,0,0,0,0
220250,1,1,1988,0,0,9,0,0,0,0,0,0,0
220251,1,1,1988,0,0,28,18,0,15,15,18,6,8
220252,1,1,1988,12,12,12,12,12,12,12,12,12,12
220253,1,1,1988,7,7,7,7,7,7,7,7,7,7
220253,2,1,1988,4,0,3,17,11,0,0,0,5,3
220254,1,1,1988,6,6,6,6,6,6,6,6,6,6
220255,1,1,1988,0,0,10,25,0,0,0,0,0,19
220255,2,1,1988,0,0,0,0,0,0,0,0,0,0
220256,1,1,1988,16,16,16,16,16,16,16,16,16,16
220258,1,1,1988,23,23,23,23,23,23,23,23,23,23
220260,1,1,1988,0,7,0,19,4,9,0,18,32,12
220261,1,1,1988,0,0,0,0,0,0,0,0,0,0
220261,2,1,1988,0,0,0,0,0,0,0,0,0,0
220263,1,1,1988,22,8,18,4,0,9,9,8,7,19
220263,2,1,1988,0,0,0,0,0,0,0,15,0,0
220264,1,1,1988,18,12,9,0,0,19,22,6,0,24
220265,1,1,1988,20,0,13,19,4,23,0,10,13,0
220266,0,1,1988,11,0,10,31,0,0,0,0,23,0
220266,1,1,1988,0,0,0,0,0,0,0,0,0,0
220268,1,1,1988,22,15,14,23,29,32,19,43,19,16
220269,1,1,1988,0,0,29,0,0,0,0,0,0,0
220269,2,1,1988,0,0,0,0,0,0,0,0,0,0
220270,1,1,1988,0,0,0,25,49,4,0,7,30,18
220270,2,1,1988,2,2,2,2,2,2,2,2,2,2
220271,1,1,1988,0,0,0,0,0,0,0,20,0,0
220271,2,1,1988,0,0,0,0,0,0,0,0,0,0
220272,1,1,1988,14,14,14,14,14,14,14,14,14,14
220274,1,1,1988,23,0,0,0,0,5,0,0,21,0
220274,2,1,1988,0,17,0,0,14,0,0,38,0,36
220275,1,1,1988,0,0,0,0,0,0,0,0,0,0
220275,2,1,1988,0,0,0,0,0,0,0,0,0,0
220276,1,1,1988,15,0,0,0,0,0,0,0,0,0
220277,1,1,1988,4,4,4,4,4,4,4,4,4,4
220278,1,1,1988,0,0,0,26,16,0,0,0,0,38
220279,1,1,1988,4,4,4,4,4,4,4,4,4,4
220280,1,1,1988,0,22,0,28,0,0,0,27,0,0
220280,2,1,1988,17,16,21,0,14,11,0,20,0,16
220280,3,1,1988,0,0,0,0,0,0,0,0,0,0
220281,1,1,1988,0,0,0,0,0,0,0,0,0,0
220282,1,1,1988,15,15,15,15,15,15,15,15,15,15
220282,2,1,1988,0,0,0,0,0,0,0,0,0,0
220283,1,1,1988,0,0,0,0,0,0,0,0,37,0
220284,1,1,1988,0,0,0,0,0,0,0,0,16,0
220284,2,1,1988,0,0,0,0,0,0,0,0,0,0
220285,1,1,1988,0,0,0,0,0,0,0,0,0,0
220286,1,1,1988,8,8,8,8,8,8,8,8,8,8
220287,1,1,1988,5,5,5,5,5,5,5,5,5,5
220287,2,1,1988,0,0,0,14,0,0,18,0,0,0
220288,1,1,1988,0,0,0,0,0,0,0,0,0,0
220288,2,1,1988,0,0,0,0,0,0,0,0,0,0
220289,1,1,1988,0,0,0,0,0,0,0,0,20,0
220289,2,1,1988,0,0,0,0,0,0,0,0,0,0
220290,1,1,1988,0,0,0,0,0,0,0,0,0,0
220291,1,1,1988,0,0,0,0,0,0,0,0,0,0
220291,2,1,1988,0,0,0,4,17,21,10,9,0,22
220292,1,1,1988,0,0,0,0,0,0,0,0,0,0
220292,2,1,1988,0,0,0,0,0,0,0,0,0,0
220293,1,1,1988,17,9,0,0,16,0,0,12,19,0
220294,1,1,1988,0,14,22,13,20,23,28,37,8,0
220294,2,1,1988,0,0,9,0,0,0,0,0,0,0
220295,1,1,1988,21,21,21,21,21,21,21,21,21,21
220296,1,1,1988,7,7,7,7,7,7,7,7,7,7
220297,1,1,1988,35,35,35,35,35,35,35,35,35,35
220298,0,1,1988,0,0,0,0,0,0,0,0,0,0
220298,0,2,1988,0,0,0,0,0,24,0,14,5,0
220298,1,1,1988,0,0,0,0,0,0,0,0,0,0
220298,2,1,1988,0,0,0,0,0,0,0,0,0,0
220299,1,1,1988,12,12,12,12,12,12,12,12,12,12
220299,2,1,1988,9,9,9,9,9,9,9,9,9,9
220300,1,1,1988,0,0,0,7,0,0,0,0,0,0
220300,2,1,1988,10,13,0,0,14,0,0,2,0,0
220301,1,1,1988,0,16,30,13,27,10,10,38,17,18
220302,1,1,1988,0,0,0,0,0,0,0,0,0,0
220303,1,1,1988,0,0,0,0,0,0,0,0,0,0
220303,2,1,1988,0,0,0,0,0,0,0,0,0,0
220304,1,1,1988,0,0,0,0,0,0,0,0,0,24
220305,1,1,1988,0,0,10,0,15,16,0,0,0,0
220305,2,1,1988,0,14,0,24,0,0,0,24,25,0
220306,1,1,1988,0,0,0,0,0,0,0,0,0,0
220306,2,1,1988,0,0,0,0,0,0,0,0,0,0
220307,1,1,1988,13,13,13,13,13,13,13,13,13,13
220308,1,1,1988,0,0,0,0,0,0,0,0,0,0
220308,2,1,1988,0,0,0,0,0,0,0,0,0,0
220309,0,1,1988,0,0,0,0,0,0,0,0,0,0
220309,1,1,1988,0,0,0,0,0,0,0,0,0,0
220310,1,1,1988,0,21,22,17,13,11,0,15,0,13
220311,1,1,1988,0,0,0,0,0,0,0,0,0,0
220311,2,1,1988,12,0,0,0,0,0,43,0,0,0
220312,1,1,1988,21,21,21,21,21,21,21,21,21,21
220313,1,1,1988,12,12,12,12,12,12,12,12,12,12
220314,0,1,1988,0,0,0,0,0,0,0,0,0,0
220314,1,1,1988,0,0,0,0,0,0,0,0,0,0
220315,1,1,1988,0,0,0,0,0,0,0,0,0,0
220315,2,1,1988,1,1,1,1,1,1,1,1,1,1
220316,0,1,1988,0,0,0,0,0,0,0,0,0,0
220316,1,1,1988,0,0,0,0,0,0,0,0,0,0
220318,1,1,1988,25,25,25,25,25,25,25,25,25,25
220319,1,1,1988,14,14,14,14,14,14,14,14,14,14
220320,1,1,1988,17,0,6,0,13,21,9,0,16,0
220321,0,1,1988,0,15,0,23,13,0,0,9,17,12
220321,1,1,1988,0,32,0,0,0,0,0,0,0,0
220322,1,1,1988,0,0,0,18,0,0,0,0,0,13
220322,2,1,1988,0,0,0,0,0,0,0,0,0,0
220323,1,1,1988,4,4,4,4,4,4,4,4,4,4
220324,1,1,1988,0,0,0,0,0,0,0,0,0,0
220324,2,1,1988,6,6,6,6,6,6,6,6,6,6
220325,0,1,1988,0,16,35,0,0,23,0,29,23,0
220325,1,1,1988,0,0,3,6,0,0,15,0,22,3
220326,1,1,1988,0,0,0,0,0,0,0,0,0,0
220326,2,1,1988,0,0,0,0,0,0,0,0,0,0
220327,0,1,1988,0,0,0,0,0,0,0,0,0,0
220327,1,1,1988,0,0,0,0,0,0,0,0,0,0
220328,1,1,1988,0,13,0,0,29,0,21,0,12,0
220328,2,1,1988,0,0,0,0,0,0,0,11,0,0
220329,1,1,1988,8,8,8,8,8,8,8,8,8,8
220330,0,1,1988,0,0,0,0,0,0,0,0,0,0
220330,1,1,1988,24,0,6,0,0,0,0,0,0,0
220331,1,1,1988,0,0,0,0,0,0,0,25,0,0
220331,2,1,1988,0,19,0,0,0,0,13,0,0,0
220332,1,1,1988,12,12,12,12,12,12,12,12,12,12
220333,1,1,1988,0,0,0,0,0,0,0,0,0,0
220333,2,1,1988,0,0,0,0,0,0,0,0,0,0
220334,1,1,1988,22,28,16,23,24,27,15,16,25,13
220335,1,1,1988,20,20,20,20,20,20,20,20,20,20
220336,1,1,1988,40,40,40,40,40,40,40,40,40,40
220337,1,1,1988,0,0,19,0,14,24,18,0,0,0
220337,2,1,1988,0,0,20,0,0,0,0,0,0,0
220338,0,1,1988,39,39,39,39,39,39,39,39,39,39
220338,1,1,1988,9,13,27,4,0,25,7,7,28,11
220339,1,1,1988,0,0,0,0,0,0,0,0,0,0
220340,0,1,1988,5,5,5,5,5,5,5,5,5,5
220340,1,1,1988,0,0,0,0,0,31,0,0,0,0
220341,1,1,1988,8,8,8,8,8,8,8,8,8,8
220341,2,1,1988,15,15,15,15,15,15,15,15,15,15
220341,5,1,1988,0,0,0,0,0,0,0,0,0,0
220342,0,1,1988,0,0,0,0,0,43,0,5,0,0
220342,1,1,1988,0,0,0,0,0,0,0,0,0,0
220343,0,1,1988,26,0,0,6,0,15,24,8,24,0
220343,1,1,1988,3,15,0,0,0,0,4,2,0,4
220344,0,1,1988,0,0,0,0,0,0,0,0,0,0
220344,1,1,1988,0,0,0,0,0,0,0,0,0,0
220344,2,1,1988,0,0,0,0,0,0,0,0,0,0
220345,0,1,1988,0,0,0,0,0,0,0,0,0,0
220345,1,1,1988,0,0,0,0,0,0,0,0,0,0
220346,1,1,1988,0,0,0,0,0,0,0,0,0,0
220347,1,1,1988,0,0,0,0,0,0,0,0,0,0
220348,1,1,1988,0,31,0,28,0,12,32,0,20,0
220349,1,1,1988,7,7,7,7,7,7,7,7,7,7
220349,2,1,1988,0,0,0,0,0,0,0,0,0,0
220350,1,1,1988,0,18,12,8,6,0,0,16,14,0
220351,1,1,1988,19,19,19,19,19,19,19,19,19,19
220352,1,1,1988,8,30,17,0,0,13,13,28,0,26
220352,2,1,1988,0,0,0,0,0,0,0,0,0,0
220353,1,1,1988,18,18,18,18,18,18,18,18,18,18
220354,1,1,1988,8,8,8,8,8,8,8,8,8,8
220355,1,1,1988,1,1,1,1,1,1,1,1,1,1
220355,2,1,1988,0,0,0,0,0,0,0,0,0,0
220356,1,1,1988,0,0,0,0,0,0,0,0,0,0
220356,2,1,1988,0,0,0,0,0,0,0,0,0,0
220357,1,1,1988,0,0,0,0,0,0,0,0,0,0
220357,2,1,1988,0,0,0,0,0,0,0,0,0,0
220357,3,1,1988,0,0,0,0,0,0,0,0,0,0
220358,1,1,1988,0,10,0,0,0,7,0,23,10,0
220359,1,1,1988,0,0,0,0,0,0,0,0,0,0
220359,2,1,1988,0,0,0,0,0,0,0,0,0,0
220360,1,1,1988,0,0,0,0,0,0,11,0,0,0
220360,2,1,1988,35,0,0,0,0,26,0,0,7,0
220360,3,1,1988,0,0,0,0,0,0,0,0,0,0
220361,1,1,1988,0,0,0,0,0,0,0,0,0,0
220361,2,1,1988,0,0,0,0,0,0,0,0,0,0
220362,1,1,1988,19,19,19,19,19,19,19,19,19,19
220363,1,1,1988,7,7,7,7,7,7,7,7,7,7
220364,1,1,1988,20,20,20,20,20,20,20,20,20,20
220365,1,1,1988,10,10,10,10,10,10,10,10,10,10
220366,1,1,1988,9,0,0,0,17,0,0,0,0,0
220366,2,1,1988,0,7,0,0,0,0,5,0,0,0
220367,1,1,1988,20,20,20,20,20,20,20,20,20,20
220367,2,1,1988,0,0,0,0,0,0,0,0,0,0
220368,1,1,1988,21,0,0,22,10,0,0,0,0,0
220369,0,1,1988,0,0,14,45,0,0,0,0,0,0
220369,1,1,1988,0,0,0,0,0,0,0,0,0,0
220370,1,1,1988,26,20,15,18,18,12,13,22,14,7
220371,1,1,1988,19,19,19,19,19,19,19,19,19,19
220372,1,1,1988,21,21,21,21,21,21,21,21,21,21
220372,2,1,1988,0,0,0,0,0,0,0,0,0,0
220373,1,1,1988,33,18,0,35,23,19,28,31,21,11
220374,1,1,1988,16,16,16,16,16,16,16,16,16,16
220375,1,1,1988,4,4,4,4,4,4,4,4,4,4
220375,2,1,1988,0,0,0,0,0,0,0,0,0,0
220376,0,1,1988,0,0,15,0,19,0,0,0,15,16
220376,1,1,1988,0,0,0,0,0,0,0,0,0,0
220377,1,1,1988,0,0,0,0,0,0,0,0,0,0
220377,2,1,1988,0,0,0,0,0,0,0,0,0,0
220377,3,1,1988,0,0,0,0,0,0,0,0,0,0
220378,1,1,1988,0,0,0,0,0,0,0,0,0,0
220378,2,1,1988,0,0,0,0,0,0,0,0,0,0
220379,1,1,1988,0,0,0,0,0,11,0,0,0,0
220380,1,1,1988,27,27,27,27,27,27,27,27,27,27
220380,2,1,1988,0,0,0,0,0,0,0,0,0,0
220381,1,1,1988,17,17,17,17,17,17,17,17,17,17
220382,0,1,1988,0,0,0,0,0,0,0,0,0,0
220382,1,1,1988,0,0,0,0,0,0,0,0,0,0
220383,1,1,1988,0,0,0,0,0,0,0,0,0,0
220384,0,1,1988,0,0,0,0,0,0,0,0,0,0
220384,1,1,1988,0,0,0,0,0,0,0,0,0,0
220384,2,1,1988,0,0,0,0,0,0,0,0,0,0
220385,1,1,1988,19,19,19,19,19,19,19,19,19,19
220386,1,1,1988,0,19,24,0,18,8,0,0,0,0
220387,0,1,1988,31,31,31,31,31,31,31,31,31,31
220387,1,1,1988,13,13,13,13,13,13,13,13,13,13
220388,1,1,1988,16,10,18,26,14,0,0,0,8,0
220388,2,1,1988,0,0,6,14,0,0,13,22,11,0
220389,1,1,1988,11,27,0,0,23,0,0,31,0,0
220389,2,1,1988,0,0,0,0,0,0,0,0,0,0
220390,1,1,1988,0,0,0,0,0,0,0,0,0,0
220391,1,1,1988,16,9,17,0,0,31,0,35,0,0
220392,1,1,1988,0,0,0,0,0,0,0,0,0,0
220393,1,1,1988,14,14,14,14,14,14,14,14,14,14
220394,1,1,1988,0,0,0,0,0,0,0,0,0,0
220395,1,1,1988,0,0,20,0,0,0,0,0,0,0
220396,1,1,1988,0,21,18,0,0,0,0,19,0,0
220397,1,1,1988,0,7,16,0,8,0,0,14,4,0
220397,2,1,1988,0,0,0,0,0,0,0,0,0,0
220399,0,1,1988,0,0,0,0,13,0,0,0,0,0
220399,1,1,1988,0,0,0,0,0,11,0,0,0,0
220400,1,1,1988,0,0,0,0,0,0,0,0,0,0
220400,2,1,1988,0,0,0,0,0,0,0,0,0,0
220401,1,1,1988,0,0,0,0,0,0,0,0,0,0
220401,2,1,1988,0,0,0,0,0,0,0,0,0,0
220402,1,1,1988,0,0,0,0,0,13,0,0,0,9
220403,1,1,1988,11,11,11,11,11,11,11,11,11,11
220403,2,1,1988,0,0,0,0,0,0,0,0,0,0
220404,1,1,1988,0,0,0,0,0,0,0,0,0,0
220404,2,1,1988,0,0,14,8,0,0,0,10,0,0
220405,1,1,1988,3,3,3,3,3,3,3,3,3,3
220405,2,1,1988,15,15,15,15,15,15,15,15,15,15
220406,1,1,1988,15,15,15,15,15,15,15,15,15,15
220407,1,1,1988,0,0,0,0,0,0,0,0,0,0
220408,1,1,1988,3,0,0,0,0,0,0,0,5,0
220409,0,1,1988,0,0,0,0,0,0,0,0,0,0
220409,1,1,1988,0,0,0,0,0,0,0,0,0,0
220410,1,1,1988,0,0,0,0,0,0,0,0,0,0
220410,2,1,1988,0,0,0,0,0,0,0,0,0,0
220411,1,1,1988,0,0,0,0,0,0,0,0,0,0
220412,1,1,1988,0,13,0,0,0,0,0,0,0,0
220412,2,1,1988,0,0,0,0,0,0,0,0,0,0
220413,1,1,1988,28,28,28,28,28,28,28,28,28,28
220414,1,1,1988,13,13,13,13,13,13,13,13,13,13
220415,0,1,1988,0,0,0,0,0,0,0,0,0,0
220415,1,1,1988,0,0,0,0,0,0,0,0,0,0
220416,1,1,1988,13,13,13,13,13,13,13,13,13,13
220416,2,1,1988,15,0,17,0,19,0,32,0,18,0
220417,1,1,1988,0,0,0,20,15,28,0,16,35,12
220417,2,1,1988,0,38,0,20,0,0,0,15,0,0
220418,1,1,1988,25,0,34,17,0,22,0,0,0,18
220418,2,1,1988,0,0,0,13,12,0,0,0,0,0
220419,1,1,1988,3,5,0,9,0,14,0,0,4,0
220419,2,1,1988,9,0,10,0,22,24,12,18,14,24
220420,1,1,1988,1,1,1,1,1,1,1,1,1,1