ST_CASE,VEH_NO,PER_NO,YEAR,P1,P2,P3,P4,P5,P6,P7,P8,P9,P10
240467,2,1,1988,0,0,0,0,0,0,0,0,0,0
240469,1,1,1988,22,12,7,15,2,12,9,15,14,4
240469,2,1,1988,18,22,5,19,24,13,18,20,0,11
240470,1,1,1988,29,23,33,26,41,20,31,28,12,25
240471,0,1,1988,0,0,0,0,0,0,0,0,0,0
240471,1,1,1988,0,0,0,0,0,0,0,0,0,0
240472,0,1,1988,0,0,0,0,0,0,0,0,0,0
240472,1,1,1988,0,0,0,0,0,0,0,0,0,10
240473,0,1,1988,0,0,0,0,0,0,0,0,0,0
240473,1,1,1988,0,0,0,17,0,0,2,0,5,29
240474,0,1,1988,0,0,0,0,0,0,0,0,0,0
240474,1,1,1988,10,8,0,0,14,0,20,27,16,8
240475,1,1,1988,6,6,6,6,6,6,6,6,6,6
240475,2,1,1988,0,0,0,0,0,0,0,0,10,0
240476,0,1,1988,0,0,0,0,0,0,0,0,0,0
240476,1,1,1988,0,0,0,0,0,0,0,0,0,0
240477,1,1,1988,7,14,0,0,0,13,0,11,0,0
240477,2,1,1988,0,0,0,0,0,0,0,0,0,0
240478,1,1,1988,0,0,0,0,0,0,0,0,0,0
240479,1,1,1988,5,5,5,5,5,5,5,5,5,5
240480,1,1,1988,26,6,0,0,0,4,0,0,0,0
240480,2,1,1988,0,0,0,0,0,0,0,0,0,0
240481,1,1,1988,28,28,28,28,28,28,28,28,28,28
240482,1,1,1988,0,0,38,0,0,0,0,31,0,15
240483,1,1,1988,4,24,0,10,9,24,17,0,7,0
240483,2,1,1988,0,0,0,0,0,0,0,0,0,0
240483,3,1,1988,0,0,0,0,0,0,0,0,0,0
240485,1,1,1988,0,0,0,12,0,0,0,0,12,0
240486,1,1,1988,0,0,0,0,0,0,0,0,0,0
240486,2,1,1988,0,0,24,0,0,3,0,8,0,0
240487,1,1,1988,0,0,0,0,0,0,0,0,0,0
240488,1,1,1988,0,0,0,0,0,0,0,0,0,0
240488,2,1,1988,0,0,0,0,0,0,0,0,0,0
240489,1,1,1988,13,13,13,13,13,13,13,13,13,13
240489,2,1,1988,0,0,0,0,0,0,0,0,0,0
240490,1,1,1988,18,18,18,18,18,18,18,18,18,18
240491,1,1,1988,0,0,0,0,0,0,0,0,0,0
240491,2,1,1988,2,2,2,2,2,2,2,2,2,2
240492,1,1,1988,11,0,0,0,0,0,0,0,0,0
240492,2,1,1988,10,10,10,10,10,10,10,10,10,10
240493,0,1,1988,25,25,25,25,25,25,25,25,25,25
240493,1,1,1988,15,15,15,15,15,15,15,15,15,15
240494,1,1,1988,0,0,0,0,0,0,0,0,0,0
240494,2,1,1988,0,0,0,0,0,24,0,0,0,0
240495,0,1,1988,0,0,0,0,0,0,0,0,0,0
240495,1,1,1988,0,0,0,0,0,0,0,0,0,0
240496,1,1,1988,22,13,24,31,14,19,16,12,12,13
240497,1,1,1988,39,10,16,9,0,13,0,12,0,13
240498,1,1,1988,15,15,15,15,15,15,15,15,15,15
240499,1,1,1988,5,0,7,34,9,0,8,11,0,9
240500,1,1,1988,0,0,0,0,0,0,0,0,0,0
240500,2,1,1988,0,0,0,0,0,0,0,0,0,0
240501,1,1,1988,59,59,59,59,59,59,59,59,59,59
240502,1,1,1988,0,0,0,0,0,0,0,0,0,0
240502,2,1,1988,0,0,0,0,0,0,0,0,0,0
240504,1,1,1988,0,23,0,9,0,13,20,22,13,16
240504,2,1,1988,0,16,0,0,0,0,0,0,0,0
240505,1,1,1988,0,0,0,0,0,0,0,0,0,0
240506,1,1,1988,17,17,17,17,17,17,17,17,17,17
240507,1,1,1988,7,7,7,7,7,7,7,7,7,7
240508,1,1,1988,0,0,0,0,0,0,0,0,0,0
240508,2,1,1988,0,0,0,0,0,0,0,0,0,0
240509,0,1,1988,17,17,17,17,17,17,17,17,17,17
240509,1,1,1988,21,21,21,21,21,21,21,21,21,21
240510,1,1,1988,0,0,0,0,0,0,0,0,0,0
240511,0,1,1988,0,0,0,0,0,0,0,0,0,0
240511,1,1,1988,3,3,5,24,14,2,0,10,17,0
240512,0,1,1988,0,0,0,0,0,0,0,0,0,0
240512,1,1,1988,0,0,0,0,0,0,0,0,18,0
240513,0,1,1988,21,21,21,21,21,21,21,21,21,21
240513,1,1,1988,13,0,7,0,0,16,0,5,2,0
240514,1,1,1988,0,0,0,0,0,0,0,0,0,0
240515,1,1,1988,0,0,0,0,6,0,0,0,0,0
240516,1,1,1988,18,18,18,18,18,18,18,18,18,18
240517,1,1,1988,0,0,0,0,0,20,0,0,0,0
240519,1,1,1988,0,0,0,0,0,0,0,0,0,0
240520,1,1,1988,0,0,0,0,0,0,0,0,0,0
240520,2,1,1988,12,0,0,0,0,0,0,0,0,0
240521,1,1,1988,1,1,1,1,1,1,1,1,1,1
240521,2,1,1988,0,0,0,0,0,0,0,0,0,0
240521,3,1,1988,0,0,0,0,0,0,0,0,0,0
240521,4,1,1988,0,0,0,0,0,0,0,0,0,0
240522,1,1,1988,0,0,0,0,0,0,0,0,0,0
240522,2,1,1988,0,0,0,0,0,0,0,0,0,0
240523,1,1,1988,0,0,0,0,0,0,0,0,0,0
240524,1,1,1988,0,0,0,0,0,0,0,0,0,0
240524,2,1,1988,0,0,0,0,0,0,0,0,0,0
240524,3,1,1988,0,0,0,0,0,0,0,0,0,0
240525,1,1,1988,0,0,0,0,0,0,0,0,0,0
240526,1,1,1988,0,0,0,0,0,0,0,0,0,0
240526,2,1,1988,0,0,0,0,0,0,0,0,0,0
240527,1,1,1988,3,16,14,14,5,5,29,14,10,15
240527,2,1,1988,0,0,0,9,0,9,0,0,0,0
240529,1,1,1988,24,24,24,24,24,24,24,24,24,24
240531,0,1,1988,0,0,0,0,0,0,0,0,0,0
240531,1,1,1988,0,0,0,0,0,0,0,0,0,0
240532,1,1,1988,19,0,0,0,12,15,0,0,0,0
240533,1,1,1988,0,0,15,0,0,0,0,0,0,0
240533,2,1,1988,0,0,0,0,0,0,0,0,11,0
240533,3,1,1988,0,0,0,9,0,0,0,0,0,0
240533,4,1,1988,0,0,0,0,0,0,0,0,0,0
240533,5,1,1988,0,0,0,0,0,0,0,0,0,0
240534,1,1,1988,0,0,0,0,0,0,0,0,0,0
240534,2,1,1988,6,6,6,6,6,6,6,6,6,6
240535,1,1,1988,7,0,0,0,0,0,0,0,0,0
240535,2,1,1988,0,0,0,0,0,0,0,0,0,0
240536,1,1,1988,0,25,0,0,15,0,0,15,0,0
240537,1,1,1988,0,0,0,0,0,0,0,0,0,0
240537,2,1,1988,0,0,0,0,0,0,0,0,0,0
240538,1,1,1988,0,0,0,0,0,0,0,0,0,0
240539,0,1,1988,18,18,18,18,18,18,18,18,18,18
240539,1,1,1988,0,0,0,0,0,0,0,0,0,0
240540,1,1,1988,0,0,0,0,0,0,0,0,0,0
240540,2,1,1988,0,0,0,0,0,0,0,0,0,0
240541,1,1,1988,0,0,0,0,0,0,0,0,0,0
240541,2,1,1988,0,0,0,0,0,0,0,0,0,0
240542,1,1,1988,0,0,0,0,0,0,0,0,0,0
240542,2,1,1988,0,0,0,0,0,0,0,0,0,0
240544,1,1,1988,0,0,0,0,15,0,0,0,0,0
240544,2,1,1988,0,0,0,0,0,0,0,0,0,0
240544,3,1,1988,0,0,0,0,0,0,0,0,0,0
240545,1,1,1988,12,2,12,23,16,15,12,11,13,15
240545,2,1,1988,0,0,0,0,0,0,0,0,0,0
240546,1,1,1988,0,0,0,0,0,0,0,0,0,0
240546,2,1,1988,0,0,0,0,0,0,0,0,0,0
240547,0,1,1988,0,0,0,0,0,0,0,0,0,0
240547,1,1,1988,0,0,0,0,0,0,0,0,0,0
240548,1,1,1988,0,0,0,0,0,0,0,0,0,0
240548,2,1,1988,22,14,21,22,29,17,12,12,22,13
240549,1,1,1988,0,0,0,0,0,0,0,0,0,0
240550,1,1,1988,0,0,0,0,0,0,0,0,0,0
240551,1,1,1988,13,13,13,13,13,13,13,13,13,13
240552,1,1,1988,0,0,0,0,0,0,0,0,0,0
240552,2,1,1988,0,0,0,0,0,0,0,0,0,0
240553,0,1,1988,0,0,0,0,0,0,0,0,0,0
240553,1,1,1988,0,0,0,0,0,0,0,0,0,0
240553,2,1,1988,0,0,0,0,0,0,0,0,0,0
240554,1,1,1988,0,0,0,0,0,0,0,0,0,0
240554,2,1,1988,0,0,0,0,0,0,0,0,0,0
240555,1,1,1988,0,0,0,0,0,0,0,0,0,0
240555,2,1,1988,0,0,0,0,0,0,0,0,0,0
240555,3,1,1988,0,0,0,0,0,0,0,0,0,0
240555,4,1,1988,0,0,0,0,0,0,0,0,0,0
240556,1,1,1988,0,0,0,0,0,0,0,0,0,0
240556,2,1,1988,0,0,0,0,0,10,0,0,0,0
240556,3,1,1988,0,0,0,0,0,0,0,0,0,0
240557,1,1,1988,15,22,0,17,15,23,8,11,9,13
240558,0,1,1988,0,0,0,0,0,0,0,0,0,0
240558,1,1,1988,0,0,0,0,0,0,0,0,0,0
240559,1,1,1988,17,17,17,17,17,17,17,17,17,17
240560,1,1,1988,0,0,0,0,4,0,0,0,0,0
240560,2,1,1988,0,0,0,0,0,0,18,10,0,25
240560,3,1,1988,0,0,0,0,0,0,0,0,0,0
240561,1,1,1988,25,25,25,25,25,25,25,25,25,25
240561,2,1,1988,0,0,0,0,0,0,0,0,0,0
240561,3,1,1988,11,0,0,0,0,0,0,0,3,9
240562,0,1,1988,0,0,0,0,0,0,0,0,0,0
240562,1,1,1988,0,8,0,0,0,0,0,0,0,0
240563,0,1,1988,0,0,0,0,0,0,0,0,0,0
240563,0,2,1988,0,0,0,0,0,0,0,0,0,0
240563,1,1,1988,0,10,0,0,0,6,0,0,0,0
240563,2,1,1988,0,0,0,0,0,0,0,0,0,0
240564,1,1,1988,0,0,0,0,0,0,0,0,0,0
240564,2,1,1988,0,0,0,0,0,0,0,0,0,0
240565,0,1,1988,15,33,13,22,26,36,12,5,16,25
240565,1,1,1988,0,0,0,0,0,0,0,0,0,0
240566,1,1,1988,0,0,0,0,0,0,0,0,0,0
240567,1,1,1988,0,0,0,0,0,0,0,0,0,0
240567,2,1,1988,0,0,0,0,0,0,16,0,0,0
240568,1,1,1988,0,0,0,0,0,0,0,0,0,0
240568,2,1,1988,9,7,15,7,0,8,0,16,22,6
240568,3,1,1988,0,0,0,0,0,0,0,0,0,0
240568,4,1,1988,0,0,0,0,0,5,0,0,0,0
240568,5,1,1988,0,0,0,0,0,0,0,0,0,0
240569,1,1,1988,15,15,15,15,15,15,15,15,15,15
240570,1,1,1988,15,0,22,0,21,0,4,0,0,17
240571,1,1,1988,18,18,18,18,18,18,18,18,18,18
240571,2,1,1988,4,4,4,4,4,4,4,4,4,4
240572,1,1,1988,0,0,0,0,0,0,0,0,0,0
240573,1,1,1988,24,24,24,24,24,24,24,24,24,24
240574,1,1,1988,21,21,21,21,21,21,21,21,21,21
240575,1,1,1988,0,0,0,0,0,0,0,0,0,0
240576,0,1,1988,0,0,0,0,0,0,0,0,0,0
240576,1,1,1988,0,0,0,0,0,0,0,0,0,0
240577,1,1,1988,28,28,28,28,28,28,28,28,28,28
240578,0,1,1988,0,0,0,0,0,0,0,0,0,0
240578,1,1,1988,0,0,0,0,0,0,0,0,0,0
240579,0,1,1988,0,0,0,0,0,0,0,0,0,0
240579,1,1,1988,0,0,0,0,0,0,0,0,0,0
240580,1,1,1988,14,12,17,14,26,0,23,24,24,43
240581,1,1,1988,21,21,21,21,21,21,21,21,21,21
240582,0,1,1988,0,0,0,0,0,0,0,0,0,0
240582,1,1,1988,0,0,0,0,0,0,0,0,0,0
240582,2,1,1988,0,0,0,0,0,0,0,0,0,0
240583,1,1,1988,27,19,15,5,7,28,15,24,5,9
240583,2,1,1988,0,0,0,0,0,0,0,0,0,0
240583,3,1,1988,0,0,0,17,0,0,0,0,0,0
240584,1,1,1988,0,0,0,0,0,0,0,0,0,0
240585,0,1,1988,0,0,0,0,0,0,0,0,0,0
240585,1,1,1988,0,0,0,0,0,0,26,0,0,0
240586,1,1,1988,15,27,22,18,0,5,14,32,14,26
240586,2,1,1988,0,0,0,0,0,0,0,0,0,0
240587,1,1,1988,20,20,20,20,20,20,20,20,20,20
240588,1,1,1988,5,23,0,15,9,12,7,0,17,10
240589,1,1,1988,12,12,12,12,12,12,12,12,12,12
240589,2,1,1988,0,20,0,0,0,0,0,0,0,0
240590,0,1,1988,13,21,16,0,0,29,0,19,18,22
240590,1,1,1988,0,24,0,16,0,15,6,11,9,0
240591,0,1,1988,20,0,0,0,0,0,0,27,26,0
240591,1,1,1988,0,0,0,0,0,0,0,0,0,0
240592,1,1,1988,18,18,18,18,18,18,18,18,18,18
240592,2,1,1988,0,0,0,0,0,0,0,0,0,0
240593,1,1,1988,15,15,15,15,15,15,15,15,15,15
240595,1,1,1988,0,0,0,0,0,0,0,0,0,0
240596,1,1,1988,0,0,0,0,0,0,0,0,0,0
240596,2,1,1988,0,0,0,0,0,0,0,0,0,0
240597,0,1,1988,14,14,14,14,14,14,14,14,14,14
240597,1,1,1988,0,0,0,12,0,0,0,0,0,0
240598,1,1,1988,0,0,0,0,0,0,0,25,0,0
240598,2,1,1988,0,0,0,0,0,0,0,0,0,0
240599,0,1,1988,0,0,0,0,0,0,0,0,0,0
240599,1,1,1988,0,0,0,0,0,0,0,0,0,0
240600,0,1,1988,0,0,0,0,0,0,0,0,0,0
240600,1,1,1988,0,0,0,0,0,15,0,0,0,0
240601,0,1,1988,0,0,0,23,0,0,0,0,0,0
240601,1,1,1988,0,0,0,0,0,0,0,0,0,0
240601,2,1,1988,0,0,0,0,0,0,0,0,0,0
240602,1,1,1988,0,0,0,0,0,0,0,0,0,0
240602,2,1,1988,0,0,0,0,0,0,0,0,0,0
240603,1,1,1988,0,0,0,0,0,0,0,0,0,0
240604,1,1,1988,0,5,25,13,23,9,4,10,4,8
240605,1,1,1988,15,15,15,15,15,15,15,15,15,15
240605,2,1,1988,25,25,25,25,25,25,25,25,25,25
240606,1,1,1988,7,13,11,12,5,13,21,9,2,7
240607,1,1,1988,0,0,0,0,0,0,0,0,0,0
240607,2,1,1988,0,0,0,0,0,0,0,0,0,0
240608,0,1,1988,9,9,9,9,9,9,9,9,9,9
240608,1,1,1988,0,16,0,9,4,0,0,0,0,0
240610,1,1,1988,0,0,0,0,0,0,0,0,0,0
240610,2,1,1988,0,0,0,0,0,0,0,0,0,0
240612,1,1,1988,0,0,0,0,0,0,0,0,0,0
240612,2,1,1988,0,0,0,0,0,9,0,0,0,0
240613,1,1,1988,0,0,0,0,0,0,0,0,0,0
240613,2,1,1988,0,0,0,0,0,0,0,0,0,0
240614,1,1,1988,0,0,0,0,0,15,0,0,0,13
240614,2,1,1988,0,12,0,0,0,0,0,0,0,9
240616,1,1,1988,16,16,16,16,16,16,16,16,16,16
240617,1,1,1988,0,0,0,0,0,0,0,0,0,0
240617,2,1,1988,0,0,0,0,0,0,0,0,0,0
240618,0,1,1988,24,24,24,24,24,24,24,24,24,24
240618,1,1,1988,0,0,0,0,0,0,0,0,0,0
240619,0,1,1988,0,0,0,0,0,0,0,0,0,0
240619,1,1,1988,0,0,0,0,0,0,0,0,0,0
240620,1,1,1988,0,0,0,0,0,0,0,0,0,0
240620,2,1,1988,0,0,0,0,0,0,0,0,0,0
240621,1,1,1988,0,0,0,0,0,0,4,0,0,0
240621,2,1,1988,0,0,0,0,0,0,0,0,0,0
240622,1,1,1988,0,0,0,0,0,0,0,0,0,0
240622,2,1,1988,0,0,0,0,0,0,0,0,0,0
240623,0,1,1988,0,0,0,0,0,0,0,0,0,0
240623,1,1,1988,0,0,0,0,0,0,0,0,0,0
240624,1,1,1988,23,23,23,23,23,23,23,23,23,23
240624,2,1,1988,11,11,11,11,11,11,11,11,11,11
240625,1,1,1988,0,0,0,0,0,0,0,0,0,0
240625,2,1,1988,0,0,0,0,0,0,0,0,0,19
240625,3,1,1988,0,0,0,0,0,0,0,0,0,0
240625,4,1,1988,0,0,0,0,0,0,0,0,0,0
240626,1,1,1988,24,24,24,24,24,24,24,24,24,24
240627,1,1,1988,0,0,0,0,0,0,0,0,0,0
240627,2,1,1988,0,0,0,0,0,0,0,0,0,0
240628,1,1,1988,0,0,0,0,0,0,0,0,0,0
240628,2,1,1988,0,0,0,0,0,0,0,0,0,0
240628,3,1,1988,0,0,0,0,0,0,0,0,0,0
240629,1,1,1988,0,0,0,0,0,0,0,0,0,0
240629,2,1,1988,0,0,0,0,0,0,0,0,0,0
240630,1,1,1988,0,0,0,0,0,0,0,0,0,0
240630,2,1,1988,0,0,0,0,0,0,0,0,0,0
240631,1,1,1988,0,0,0,0,0,0,0,0,0,0
240631,2,1,1988,0,0,0,0,0,0,0,0,0,0
240632,0,1,1988,18,18,18,18,18,18,18,18,18,18
240632,1,1,1988,0,6,0,0,0,0,0,0,0,11
240633,1,1,1988,0,0,0,0,0,0,0,0,0,0
240634,0,1,1988,0,0,0,0,0,0,0,0,0,0
240634,1,1,1988,0,0,0,0,0,0,0,0,0,0
240635,0,1,1988,0,0,0,0,0,0,0,0,0,0
240635,1,1,1988,0,0,11,0,5,0,0,0,0,0
240636,1,1,1988,0,0,0,0,0,0,0,0,0,0
240637,1,1,1988,0,0,0,0,7,0,0,0,0,0
240637,2,1,1988,3,3,3,3,3,3,3,3,3,3
240637,3,1,1988,0,0,0,0,0,0,3,0,0,0
240638,0,1,1988,9,9,9,9,9,9,9,9,9,9
240638,1,1,1988,9,23,16,4,16,9,0,6,0,12
240639,1,1,1988,10,10,10,10,10,10,10,10,10,10
240640,1,1,1988,0,15,0,0,0,0,0,0,0,12
240640,2,1,1988,0,0,0,0,0,0,0,0,0,0
240641,1,1,1988,26,26,26,26,26,26,26,26,26,26
240642,1,1,1988,0,0,0,0,0,0,0,0,0,0
240643,0,1,1988,0,0,0,0,0,0,0,0,0,0
240643,1,1,1988,0,0,0,10,5,8,0,0,0,0
240644,0,1,1988,0,0,0,16,0,0,0,0,0,0
240644,1,1,1988,0,0,0,0,0,0,0,0,0,0
240645,0,1,1988,49,49,49,49,49,49,49,49,49,49
240645,1,1,1988,0,0,0,0,0,0,0,0,0,0
240646,1,1,1988,0,0,0,0,0,0,0,0,0,0
240646,2,1,1988,0,0,0,0,0,0,0,0,0,0
240647,1,1,1988,16,16,16,16,16,16,16,16,16,16
240648,1,1,1988,0,0,0,0,0,0,0,0,0,0
240649,1,1,1988,0,0,0,0,0,0,0,0,0,0
240650,1,1,1988,0,0,0,0,0,0,0,0,0,0
240650,2,1,1988,0,0,0,0,0,0,0,0,0,0
240651,1,1,1988,0,0,0,0,0,0,0,0,0,0
240652,1,1,1988,0,24,23,10,26,0,0,19,20,16
240653,1,1,1988,0,0,0,0,0,0,0,0,0,37
240653,2,1,1988,5,5,5,5,5,5,5,5,5,5
240654,1,1,1988,0,0,0,0,0,0,0,0,0,0
240654,2,1,1988,3,3,3,3,3,3,3,3,3,3
240655,1,1,1988,0,0,0,0,0,26,0,0,0,0
240655,2,1,1988,0,0,0,0,0,0,0,0,0,0
240656,1,1,1988,19,19,19,19,19,19,19,19,19,19
240656,2,1,1988,0,0,0,0,4,0,0,21,0,0
240657,0,1,1988,0,0,0,0,0,0,0,0,0,0
240657,1,1,1988,0,0,0,0,0,0,0,0,0,0
240658,1,1,1988,0,15,0,17,23,0,0,0,0,0
240658,2,1,1988,16,9,0,6,0,0,0,19,0,0
240659,1,1,1988,0,0,0,0,0,0,0,0,0,0
240659,2,1,1988,0,0,0,0,0,0,0,0,0,0
240660,1,1,1988,0,0,0,0,0,0,0,0,0,0
240661,1,1,1988,0,0,0,0,0,0,0,0,0,0
240661,2,1,1988,0,0,0,0,0,0,0,0,0,0
240661,3,1,1988,0,0,0,0,0,0,0,0,0,0
240662,1,1,1988,0,0,0,0,0,0,0,0,0,0
240662,2,1,1988,0,0,0,14,0,0,0,0,0,0
240663,1,1,1988,16,20,21,12,14,17,17,39,25,21
240664,1,1,1988,27,27,27,27,27,27,27,27,27,27
240665,1,1,1988,10,10,10,10,10,10,10,10,10,10
240666,1,1,1988,24,24,24,24,24,24,24,24,24,24
240666,2,1,1988,0,0,0,0,0,0,0,0,0,0
240667,1,1,1988,8,13,11,16,6,14,6,3,8,6
240667,2,1,1988,0,0,0,0,0,0,0,0,0,0
240668,1,1,1988,0,0,0,0,0,0,0,0,0,0
240668,2,1,1988,0,0,0,0,0,0,0,0,0,0
240668,3,1,1988,0,0,0,0,0,0,0,0,0,0
240669,0,1,1988,30,30,30,30,30,30,30,30,30,30
240669,1,1,1988,0,0,0,0,0,0,0,0,0,0
240670,1,1,1988,0,0,0,0,0,0,0,0,0,0
240670,2,1,1988,0,0,0,17,0,0,0,0,0,0
240671,0,1,1988,0,0,0,0,0,0,0,0,0,0
240671,1,1,1988,17,17,17,17,17,17,17,17,17,17
240672,1,1,1988,18,29,9,0,12,20,14,13,18,13
240673,1,1,1988,7,7,7,7,7,7,7,7,7,7
240674,1,1,1988,0,0,0,0,0,0,0,0,0,0
240674,2,1,1988,0,0,0,0,0,0,0,0,0,0
240675,1,1,1988,0,0,0,0,0,0,0,0,0,0
240675,2,1,1988,0,0,0,0,0,0,0,0,0,0
240676,1,1,1988,0,0,0,0,0,0,0,0,0,0
240676,2,1,1988,0,0,0,0,0,0,0,0,0,0
240677,0,1,1988,30,30,30,30,30,30,30,30,30,30
240677,1,1,1988,0,0,0,0,0,0,0,0,0,19
240678,1,1,1988,9,9,9,9,9,9,9,9,9,9
240679,0,1,1988,0,0,0,0,0,0,0,0,0,0
240679,1,1,1988,0,0,0,0,0,8,0,0,0,0
240680,1,1,1988,0,0,0,11,0,0,0,0,0,0
240680,2,1,1988,0,0,0,0,13,0,0,0,0,0
240681,1,1,1988,0,0,0,0,0,0,0,0,0,0
240682,1,1,1988,0,0,0,0,0,0,0,0,0,0
240683,1,1,1988,0,0,0,0,0,0,0,0,0,0
240683,2,1,1988,0,0,0,0,0,0,0,0,0,0
240683,3,1,1988,0,0,0,0,0,0,0,0,0,0
240683,4,1,1988,0,0,0,0,0,0,0,0,0,0
240683,5,1,1988,0,0,0,0,0,0,0,0,0,0
240684,0,1,1988,0,0,0,0,0,0,0,0,0,0
240684,1,1,1988,0,9,0,0,0,0,0,0,0,0
240685,1,1,1988,2,0,15,13,6,21,12,28,9,14
240686,1,1,1988,24,24,24,24,24,24,24,24,24,24
240687,1,1,1988,18,18,18,18,18,18,18,18,18,18
240688,0,1,1988,0,0,0,0,0,0,0,0,0,0
240688,0,2,1988,4,0,0,0,0,0,0,0,11,0
240688,1,1,1988,0,0,0,0,0,0,0,0,0,0
240689,0,1,1988,0,0,0,0,0,0,0,0,0,0
240689,1,1,1988,0,0,0,0,0,0,0,0,0,0
240690,0,1,1988,14,14,14,14,14,14,14,14,14,14
240690,1,1,1988,0,12,8,0,0,0,0,0,5,3
240691,1,1,1988,0,0,0,0,0,0,0,0,0,0
240692,1,1,1988,15,15,15,15,15,15,15,15,15,15
240693,1,1,1988,5,0,0,0,0,0,0,0,0,0
240693,2,1,1988,0,0,0,0,0,0,0,0,0,0
240694,1,1,1988,17,17,17,17,17,17,17,17,17,17
240695,1,1,1988,0,0,0,0,0,0,0,0,0,0
240695,2,1,1988,13,13,13,13,13,13,13,13,13,13
240696,1,1,1988,22,22,22,22,22,22,22,22,22,22
240696,2,1,1988,0,0,15,0,0,0,0,0,0,0
240697,1,1,1988,0,0,0,0,0,0,0,0,0,0
240697,2,1,1988,0,5,0,0,0,0,0,0,0,0
240698,0,1,1988,0,0,0,0,0,0,0,0,0,0
240698,1,1,1988,0,0,0,0,0,9,0,0,0,0
240699,0,1,1988,6,6,6,6,6,6,6,6,6,6
240699,1,1,1988,0,0,0,0,0,0,0,19,0,0
240700,1,1,1988,12,27,21,22,28,27,5,16,15,43
240700,2,1,1988,0,0,0,0,0,0,0,0,0,0
240701,0,1,1988,19,19,19,19,19,19,19,19,19,19
240701,1,1,1988,9,9,9,9,9,9,9,9,9,9
240702,1,1,1988,0,0,0,0,0,0,0,0,0,0
240702,2,1,1988,0,0,0,0,0,0,0,0,0,0
240703,1,1,1988,0,0,0,0,0,0,0,0,0,0
240703,2,1,1988,0,0,0,0,0,0,0,0,0,0
240704,1,1,1988,0,0,0,0,0,0,0,0,0,0
240704,2,1,1988,0,0,0,0,0,0,0,0,0,0
240705,1,1,1988,0,0,0,0,0,0,9,0,0,0
240705,2,1,1988,0,0,0,0,0,0,0,5,0,0
240707,1,1,1988,24,24,24,24,24,24,24,24,24,24
240708,1,1,1988,12,12,12,12,12,12,12,12,12,12
240709,1,1,1988,22,0,4,3,0,9,11,29,0,0
240710,0,1,1988,0,0,0,0,0,0,0,0,0,0
240710,1,1,1988,0,0,0,0,0,0,0,0,0,0
240711,1,1,1988,12,0,0,0,0,17,0,0,0,0
240711,2,1,1988,0,0,0,0,0,0,0,0,0,0
240712,1,1,1988,17,17,17,17,17,17,17,17,17,17
240713,1,1,1988,18,18,18,18,18,18,18,18,18,18
240713,2,1,1988,14,12,19,6,16,8,6,21,12,13
240714,1,1,1988,24,24,24,24,24,24,24,24,24,24
240715,1,1,1988,3,0,16,19,0,0,0,13,0,18
240715,2,1,1988,0,0,0,0,0,0,0,0,0,0
240716,0,1,1988,0,0,0,0,0,0,0,0,0,0
240716,1,1,1988,0,0,0,0,0,0,0,0,0,0
240717,1,1,1988,0,0,0,0,0,0,0,0,0,0
240718,1,1,1988,0,0,0,0,0,0,0,0,0,0
240718,2,1,1988,0,0,0,0,0,0,0,0,0,0
240719,0,1,1988,0,0,0,0,0,0,0,0,0,0
240719,1,1,1988,0,0,0,0,0,0,0,0,0,0
240720,1,1,1988,0,0,0,0,0,0,0,0,0,0
240721,0,1,1988,18,18,18,18,18,18,18,18,18,18
240721,1,1,1988,0,0,0,0,0,0,0,0,0,0
240722,0,1,1988,0,0,0,0,0,0,0,0,0,0
240722,1,1,1988,0,0,0,0,0,0,0,0,0,0
240723,1,1,1988,7,37,17,0,32,0,19,30,0,21
240724,1,1,1988,0,0,0,0,0,0,0,0,0,0
240725,1,1,1988,0,0,0,0,0,0,0,0,0,0
240725,2,1,1988,0,0,0,0,0,0,0,0,0,0
240726,0,1,1988,0,0,0,0,0,0,15,13,0,2
240726,1,1,1988,8,0,0,0,0,0,0,0,0,0
240727,1,1,1988,0,0,0,0,0,0,0,0,10,0
240727,2,1,1988,0,0,0,0,0,0,0,0,0,0
240728,1,1,1988,0,0,0,0,0,0,0,0,0,0
240729,0,1,1988,22,27,8,21,24,21,26,20,23,11
240729,1,1,1988,0,0,0,0,0,0,0,0,0,0
240730,1,1,1988,2,2,2,2,2,2,2,2,2,2
240732,0,1,1988,0,0,0,0,0,0,0,0,0,0
240732,1,1,1988,0,0,0,0,0,0,0,0,0,0
240733,1,1,1988,8,14,53,0,24,25,32,29,15,25
240734,1,1,1988,16,16,16,16,16,16,16,16,16,16
240734,2,1,1988,0,8,0,0,0,0,24,0,0,0
240734,3,1,1988,0,0,0,0,0,0,0,0,0,0
240734,4,1,1988,0,0,0,0,12,0,0,0,0,0
250001,0,1,1988,9,9,9,9,9,9,9,9,9,9
250001,1,1,1988,13,15,37,0,22,16,14,11,13,7
250002,0,1,1988,0,0,0,0,0,0,0,0,0,0
250002,1,1,1988,7,21,16,18,0,13,14,17,23,10
250004,1,1,1988,8,8,8,8,8,8,8,8,8,8
250004,2,1,1988,20,20,20,20,20,20,20,20,20,20
250004,3,1,1988,0,20,27,11,0,8,26,11,3,0
250005,1,1,1988,7,7,7,7,7,7,7,7,7,7
250006,1,1,1988,0,0,0,0,0,0,0,0,0,0
250006,2,1,1988,23,15,10,6,16,0,8,14,31,16
250007,1,1,1988,0,0,0,0,0,0,0,0,0,0
250007,2,1,1988,3,0,0,0,0,16,0,0,0,6
250009,1,1,1988,14,17,17,10,20,16,12,14,0,20
250009,2,1,1988,0,0,10,0,0,14,13,0,10,0
250010,1,1,1988,19,19,19,19,19,19,19,19,19,19
250011,0,1,1988,2,2,2,2,2,2,2,2,2,2