ST_CASE,VEH_NO,PER_NO,YEAR,P1,P2,P3,P4,P5,P6,P7,P8,P9,P10
250011,1,1,1988,11,0,28,5,0,0,0,0,0,0
250012,0,1,1988,18,18,18,18,18,18,18,18,18,18
250012,1,1,1988,0,0,0,0,0,0,0,0,0,0
250013,0,1,1988,23,23,23,23,23,23,23,23,23,23
250013,1,1,1988,0,0,0,11,7,0,0,0,0,0
250014,1,1,1988,22,7,18,11,0,28,8,8,16,26
250014,2,1,1988,0,0,0,0,0,0,0,0,0,0
250015,1,1,1988,24,24,24,24,24,24,24,24,24,24
250015,2,1,1988,0,0,0,0,0,0,0,23,0,0
250016,1,1,1988,0,0,0,0,0,0,0,0,0,0
250017,1,1,1988,14,3,28,0,3,15,12,0,11,0
250017,2,1,1988,17,14,7,20,0,13,27,0,0,25
250018,1,1,1988,0,0,0,0,0,0,0,0,0,0
250018,2,1,1988,0,0,32,0,19,0,9,0,0,16
250019,0,1,1988,0,0,0,0,0,0,0,0,0,0
250019,1,1,1988,0,0,0,0,0,0,28,0,0,0
250020,0,1,1988,0,0,0,0,0,0,0,0,0,0
250020,1,1,1988,0,0,0,0,0,0,0,0,0,0
250021,0,1,1988,0,0,0,0,0,0,0,0,0,0
250021,1,1,1988,0,0,0,0,0,0,0,0,13,0
250022,0,1,1988,0,0,0,0,0,0,0,0,0,0
250022,1,1,1988,0,0,0,0,0,0,0,0,0,0
250023,1,1,1988,19,0,0,0,0,0,0,0,0,0
250023,2,1,1988,12,10,4,18,0,18,19,21,10,14
250023,3,1,1988,0,0,27,0,0,0,0,0,0,0
250024,0,1,1988,13,13,13,13,13,13,13,13,13,13
250024,1,1,1988,22,0,0,0,0,0,0,0,0,0
250025,1,1,1988,0,0,0,0,0,0,0,0,0,0
250026,0,1,1988,0,0,0,0,0,0,0,0,0,0
250026,1,1,1988,20,0,0,0,0,0,0,16,0,0
250027,1,1,1988,0,0,0,0,0,0,0,0,0,0
250028,1,1,1988,0,0,0,0,0,0,0,0,0,0
250028,2,1,1988,9,0,10,9,9,6,13,4,8,6
250029,1,1,1988,16,16,16,16,16,16,16,16,16,16
250030,1,1,1988,0,0,0,0,0,0,0,0,0,0
250030,2,1,1988,0,9,9,0,0,0,0,0,0,0
250031,1,1,1988,0,0,0,0,0,0,0,0,0,0
250031,2,1,1988,0,0,0,0,0,0,0,0,0,0
250032,0,1,1988,0,0,0,0,0,0,0,0,0,0
250032,1,1,1988,0,14,0,0,0,0,0,0,0,0
250033,1,1,1988,5,5,5,5,5,5,5,5,5,5
250033,2,1,1988,15,16,11,15,18,14,11,12,11,12
250034,0,1,1988,26,26,26,26,26,26,26,26,26,26
250034,1,1,1988,0,0,0,12,0,0,0,11,0,6
250035,1,1,1988,0,0,0,0,0,0,0,0,0,0
250035,2,1,1988,0,0,0,0,0,0,0,0,0,0
250036,1,1,1988,33,33,33,33,33,33,33,33,33,33
250037,1,1,1988,22,22,22,22,22,22,22,22,22,22
250037,2,1,1988,0,0,0,0,0,0,0,0,0,0
250038,1,1,1988,15,15,15,15,15,15,15,15,15,15
250039,0,1,1988,0,0,0,0,0,0,0,0,0,0
250039,1,1,1988,0,0,0,0,0,0,0,0,0,0
250040,1,1,1988,21,17,13,10,17,23,4,21,20,15
250040,2,1,1988,8,8,8,8,8,8,8,8,8,8
250041,1,1,1988,0,12,0,0,0,0,0,12,0,0
250041,2,1,1988,0,0,0,0,0,0,0,0,0,0
250042,1,1,1988,27,27,27,27,27,27,27,27,27,27
250043,1,1,1988,0,0,0,0,0,0,0,0,0,0
250044,1,1,1988,21,16,2,13,17,17,3,6,14,10
250045,1,1,1988,0,0,0,0,0,0,0,0,0,0
250045,2,1,1988,23,23,23,23,23,23,23,23,23,23
250045,3,1,1988,0,0,0,0,10,12,0,9,0,0
250046,0,1,1988,0,0,0,0,0,0,0,0,0,0
250046,1,1,1988,0,0,0,0,0,0,0,7,0,0
250047,1,1,1988,0,14,0,8,0,14,27,23,24,0
250048,1,1,1988,0,0,0,0,0,0,0,0,0,0
250049,1,1,1988,0,0,0,0,0,0,0,0,0,0
250050,1,1,1988,13,13,13,13,13,13,13,13,13,13
250051,1,1,1988,0,0,0,0,0,0,0,0,0,0
250052,1,1,1988,9,0,0,0,0,0,0,0,0,0
250053,1,1,1988,0,0,0,0,0,0,0,0,0,0
250054,0,1,1988,0,0,0,0,0,0,0,0,0,0
250054,1,1,1988,0,5,0,0,0,0,0,0,0,0
250055,1,1,1988,0,0,0,0,0,0,0,0,0,0
250056,1,1,1988,0,0,0,0,0,0,0,0,0,0
250056,2,1,1988,0,0,0,0,0,0,0,0,0,0
250057,1,1,1988,0,0,0,0,0,0,0,0,0,0
250058,1,1,1988,0,7,0,24,9,0,0,0,11,0
250058,2,1,1988,13,20,8,0,0,12,7,0,0,8
250059,1,1,1988,17,17,17,17,17,17,17,17,17,17
250060,1,1,1988,0,0,0,0,0,0,0,0,0,0
250061,0,1,1988,0,0,0,0,0,0,0,0,0,0
250061,1,1,1988,0,0,0,0,0,0,0,0,0,0
250062,1,1,1988,0,0,3,29,27,13,9,0,0,31
250062,2,1,1988,16,16,16,16,16,16,16,16,16,16
250064,0,1,1988,20,0,24,0,0,0,0,17,0,0
250064,1,1,1988,14,14,14,14,14,14,14,14,14,14
250065,0,1,1988,0,0,0,0,0,0,0,0,0,0
250065,1,1,1988,0,0,16,7,0,0,0,0,0,0
250066,1,1,1988,0,0,0,0,0,0,0,0,0,0
250067,1,1,1988,0,16,0,11,0,0,11,0,0,0
250068,1,1,1988,0,0,0,0,0,0,0,0,0,0
250068,2,1,1988,34,7,9,11,0,26,0,0,0,0
250070,0,1,1988,0,0,0,0,0,0,0,0,0,0
250070,1,1,1988,0,17,0,9,31,0,22,0,24,10
250071,1,1,1988,11,17,16,11,3,21,25,13,1,16
250072,1,1,1988,0,0,0,0,0,0,0,0,0,0
250072,2,1,1988,0,0,0,0,0,0,0,0,0,0
250074,1,1,1988,0,0,0,0,0,0,0,0,0,0
250075,1,1,1988,0,0,0,0,0,0,0,0,0,0
250075,2,1,1988,0,0,0,0,0,0,0,0,0,11
250075,3,1,1988,0,0,0,0,0,0,0,0,0,0
250075,4,1,1988,0,0,0,0,0,0,22,0,0,0
250076,0,1,1988,0,0,0,0,0,0,0,0,0,0
250076,1,1,1988,0,6,0,0,0,0,0,0,0,0
250077,1,1,1988,0,0,9,0,0,12,12,0,0,0
250077,2,1,1988,10,10,10,10,10,10,10,10,10,10
250078,1,1,1988,24,24,24,24,24,24,24,24,24,24
250079,1,1,1988,28,28,28,28,28,28,28,28,28,28
250080,1,1,1988,0,0,0,0,0,0,0,0,0,7
250080,2,1,1988,0,0,0,0,0,0,9,0,0,0
250080,3,1,1988,0,0,0,0,0,0,0,0,0,0
250081,1,1,1988,8,2,19,0,0,9,42,13,15,0
250081,2,1,1988,0,0,0,0,0,0,0,0,0,0
250082,1,1,1988,17,17,17,17,17,17,17,17,17,17
250083,1,1,1988,12,15,0,12,0,0,0,0,0,18
250083,2,1,1988,23,23,23,23,23,23,23,23,23,23
250084,1,1,1988,0,0,0,0,0,0,0,10,7,0
250084,2,1,1988,0,0,0,0,0,0,0,0,0,0
250084,3,1,1988,0,0,0,12,0,12,19,0,13,0
250085,1,1,1988,0,0,0,0,0,0,0,0,0,0
250085,2,1,1988,0,0,0,0,0,0,0,0,0,0
250086,1,1,1988,5,5,5,5,5,5,5,5,5,5
250086,2,1,1988,18,0,0,0,12,12,0,0,0,22
250087,1,1,1988,16,2,14,24,14,9,15,10,13,10
250088,1,1,1988,24,24,24,24,24,24,24,24,24,24
250089,1,1,1988,13,13,13,13,13,13,13,13,13,13
250089,2,1,1988,0,0,0,0,0,0,0,0,0,0
250090,1,1,1988,0,0,14,0,19,19,16,16,5,13
250091,1,1,1988,0,0,0,0,0,0,0,0,0,0
250091,2,1,1988,0,0,0,0,0,0,0,0,11,0
250092,1,1,1988,14,14,14,14,14,14,14,14,14,14
250093,1,1,1988,0,0,0,0,26,0,0,0,0,0
250094,0,1,1988,0,0,0,0,0,0,0,0,0,0
250094,1,1,1988,0,0,0,7,0,10,0,0,0,0
250095,1,1,1988,15,15,15,15,15,15,15,15,15,15
250095,2,1,1988,0,0,0,5,6,0,14,0,0,0
250097,1,1,1988,28,28,28,28,28,28,28,28,28,28
250098,1,1,1988,8,18,14,16,0,4,0,0,7,0
250098,2,1,1988,0,0,0,0,0,0,0,0,0,0
250099,1,1,1988,13,13,13,13,13,13,13,13,13,13
250100,1,1,1988,0,0,0,0,0,0,0,0,0,0
250101,0,1,1988,0,0,0,0,0,0,0,0,0,0
250101,1,1,1988,0,7,0,0,0,0,0,0,0,29
250102,1,1,1988,0,0,0,0,0,22,0,0,0,0
250102,2,1,1988,0,0,0,0,0,0,0,0,0,0
250103,1,1,1988,21,21,21,21,21,21,21,21,21,21
250105,1,1,1988,8,8,11,0,10,21,16,20,14,16
250106,1,1,1988,8,18,18,6,9,19,11,27,12,0
250106,2,1,1988,13,13,13,13,13,13,13,13,13,13
250107,1,1,1988,0,0,0,0,0,0,0,0,0,0
250108,1,1,1988,15,15,15,15,15,15,15,15,15,15
250109,1,1,1988,16,16,16,16,16,16,16,16,16,16
250110,1,1,1988,0,0,0,0,0,0,0,0,0,0
250111,1,1,1988,26,26,26,26,26,26,26,26,26,26
250112,0,1,1988,0,0,0,0,0,0,0,0,0,0
250112,1,1,1988,0,0,0,0,0,0,0,0,4,0
250113,1,1,1988,13,8,15,9,14,23,15,15,22,7
250114,1,1,1988,0,0,0,0,0,0,0,0,0,0
250115,1,1,1988,4,4,4,4,4,4,4,4,4,4
250116,1,1,1988,0,0,0,0,0,0,0,0,0,0
250117,0,1,1988,0,0,0,0,0,0,0,0,0,0
250117,1,1,1988,0,0,0,0,0,0,0,0,0,0
250118,0,1,1988,0,0,0,0,0,0,0,0,0,0
250118,1,1,1988,0,0,0,0,0,0,0,0,0,0
250119,1,1,1988,0,0,0,0,0,0,0,0,0,0
250119,2,1,1988,0,0,0,0,0,0,22,0,0,0
250120,0,1,1988,23,23,23,23,23,23,23,23,23,23
250120,1,1,1988,0,0,0,0,0,0,0,0,0,0
250121,1,1,1988,10,10,10,10,10,10,10,10,10,10
250121,2,1,1988,6,0,20,0,0,6,19,0,5,0
250122,1,1,1988,0,0,0,0,0,0,0,0,0,0
250123,0,1,1988,0,0,0,0,0,0,0,0,0,0
250123,1,1,1988,0,0,0,0,0,7,0,0,0,0
250124,1,1,1988,0,0,0,0,0,0,0,0,0,0
250124,2,1,1988,0,0,0,0,0,0,0,0,0,0
250125,0,1,1988,20,20,20,20,20,20,20,20,20,20
250125,1,1,1988,0,0,0,0,0,0,10,17,5,3
250126,0,1,1988,19,19,19,19,19,19,19,19,19,19
250126,1,1,1988,0,0,0,0,0,0,0,10,9,0
250127,1,1,1988,12,2,0,9,15,8,15,8,9,0
250128,1,1,1988,5,13,0,33,12,24,3,0,0,0
250129,1,1,1988,0,0,0,0,0,0,0,0,0,0
250130,1,1,1988,11,11,11,11,11,11,11,11,11,11
250131,1,1,1988,0,0,0,0,0,0,0,0,0,0
250131,2,1,1988,0,0,0,0,0,0,0,0,0,0
250132,1,1,1988,22,12,10,18,4,26,10,10,16,30
250132,2,1,1988,22,0,4,0,9,0,0,21,0,15
250133,1,1,1988,21,21,21,21,21,21,21,21,21,21
250134,1,1,1988,0,0,0,0,0,0,0,0,0,0
250134,2,1,1988,23,23,23,23,23,23,23,23,23,23
250135,1,1,1988,0,0,0,0,0,0,0,0,0,0
250136,1,1,1988,21,21,21,21,21,21,21,21,21,21
250137,0,1,1988,0,0,0,0,0,0,0,0,0,0
250137,1,1,1988,18,18,26,10,9,13,6,14,28,8
250138,1,1,1988,0,0,0,0,0,12,0,0,0,0
250138,2,1,1988,21,21,21,21,21,21,21,21,21,21
250139,1,1,1988,8,8,8,8,8,8,8,8,8,8
250140,1,1,1988,0,0,0,0,0,3,0,0,0,21
250141,1,1,1988,0,0,0,0,0,0,0,0,0,0
250141,2,1,1988,0,0,0,0,0,0,0,11,0,0
250142,1,1,1988,0,0,0,0,0,0,0,0,0,0
250142,2,1,1988,0,0,18,20,12,11,0,0,0,0
250143,1,1,1988,0,0,0,0,0,0,0,0,0,0
250144,1,1,1988,14,8,14,17,10,4,8,6,15,9
250145,1,1,1988,24,12,44,15,13,7,10,21,6,19
250146,1,1,1988,0,0,0,0,0,0,0,0,0,0
250146,2,1,1988,0,12,0,0,0,0,0,0,0,0
250147,1,1,1988,0,0,0,0,0,0,0,0,0,0
250148,0,1,1988,0,0,0,0,16,0,5,9,0,15
250148,1,1,1988,0,0,0,0,0,0,0,0,0,0
250149,1,1,1988,16,11,16,17,7,24,18,6,6,15
250150,0,1,1988,28,28,28,28,28,28,28,28,28,28
250150,1,1,1988,8,15,0,0,0,15,0,0,0,0
250151,0,1,1988,0,0,0,0,0,0,0,0,0,0
250151,1,1,1988,0,0,0,0,0,0,0,0,0,0
250152,1,1,1988,18,21,12,28,10,11,13,9,20,26
250153,1,1,1988,0,0,0,0,0,0,0,0,0,0
250153,2,1,1988,0,0,0,0,0,0,0,0,0,0
250154,0,1,1988,33,33,33,33,33,33,33,33,33,33
250154,1,1,1988,12,0,0,0,0,0,0,0,15,10
250155,1,1,1988,0,0,0,0,11,0,11,0,0,0
250155,2,1,1988,0,0,0,0,0,0,0,0,0,0
250156,1,1,1988,19,19,19,19,19,19,19,19,19,19
250157,1,1,1988,0,0,0,0,0,0,0,0,0,0
250158,1,1,1988,7,25,0,18,16,0,15,22,0,0
250159,1,1,1988,19,19,19,19,19,19,19,19,19,19
250160,0,1,1988,0,0,0,0,0,0,0,0,0,0
250160,1,1,1988,0,0,0,0,0,0,0,0,0,0
250161,1,1,1988,47,47,47,47,47,47,47,47,47,47
250162,1,1,1988,14,14,14,14,14,14,14,14,14,14
250163,0,1,1988,1,1,1,1,1,1,1,1,1,1
250163,1,1,1988,0,0,0,0,0,0,0,15,13,3
250164,0,1,1988,1,1,1,1,1,1,1,1,1,1
250164,1,1,1988,0,0,0,0,0,0,0,0,12,0
250165,1,1,1988,0,0,0,20,22,0,27,19,40,22
250166,1,1,1988,20,20,20,20,20,20,20,20,20,20
250167,1,1,1988,0,0,0,0,0,0,0,0,0,0
250167,2,1,1988,0,0,0,0,0,0,0,0,0,0
250168,1,1,1988,7,9,22,16,25,21,17,11,14,14
250169,0,1,1988,31,31,31,31,31,31,31,31,31,31
250169,1,1,1988,0,0,4,0,7,0,0,0,18,0
250170,1,1,1988,0,0,0,0,0,0,0,0,0,0
250171,1,1,1988,0,0,0,0,0,0,0,0,0,0
250172,1,1,1988,13,13,13,13,13,13,13,13,13,13
250173,1,1,1988,16,16,16,16,16,16,16,16,16,16
250174,1,1,1988,3,3,3,3,3,3,3,3,3,3
250175,1,1,1988,0,0,0,0,0,0,0,0,0,16
250176,0,1,1988,12,12,12,12,12,12,12,12,12,12
250176,1,1,1988,0,0,0,18,0,0,0,0,12,0
250177,1,1,1988,0,0,0,0,0,0,0,0,0,0
250177,2,1,1988,0,0,0,0,0,0,0,0,0,0
250178,1,1,1988,3,12,0,11,0,0,0,0,0,17
250178,2,1,1988,2,2,2,2,2,2,2,2,2,2
250179,1,1,1988,18,18,18,18,18,18,18,18,18,18
250179,2,1,1988,8,0,13,0,0,0,5,0,11,0
250180,1,1,1988,0,0,0,0,0,0,0,0,0,0
250181,0,1,1988,21,21,21,21,21,21,21,21,21,21
250181,1,1,1988,0,0,0,0,0,18,15,8,0,9
250182,1,1,1988,12,0,0,0,0,0,0,18,3,0
250183,1,1,1988,0,0,0,0,0,0,0,0,0,0
250183,2,1,1988,0,0,0,0,0,0,0,0,0,0
250184,1,1,1988,12,39,15,8,14,16,12,20,13,13
250185,1,1,1988,9,9,9,9,9,9,9,9,9,9
250186,1,1,1988,20,20,20,20,20,20,20,20,20,20
250187,0,1,1988,0,0,0,0,0,0,0,0,0,0
250187,1,1,1988,0,0,0,0,0,0,0,0,0,0
250188,1,1,1988,9,25,14,17,19,21,12,14,11,14
250188,2,1,1988,0,0,0,11,0,0,0,0,4,0
250189,1,1,1988,0,20,0,0,0,0,0,12,0,0
250189,2,1,1988,0,0,0,0,0,0,0,0,0,0
250190,1,1,1988,16,15,11,24,22,32,21,15,25,24
250191,1,1,1988,18,18,18,18,18,18,18,18,18,18
250192,0,1,1988,0,0,0,0,0,0,0,0,0,0
250192,1,1,1988,0,0,15,0,13,0,0,23,0,4
250193,1,1,1988,17,17,17,17,17,17,17,17,17,17
250195,1,1,1988,25,25,25,25,25,25,25,25,25,25
250196,1,1,1988,14,0,35,0,0,0,0,10,21,0
250196,2,1,1988,0,0,19,16,0,0,11,0,7,0
250196,3,1,1988,0,0,0,0,0,0,0,0,0,0
250197,1,1,1988,10,36,23,20,9,10,15,0,18,5
250197,2,1,1988,0,0,0,0,0,0,0,0,0,0
250198,1,1,1988,0,0,0,0,0,0,0,0,0,0
250198,2,1,1988,0,0,0,0,0,0,28,0,0,0
250198,3,1,1988,0,0,0,0,0,0,0,0,0,0
250198,4,1,1988,0,0,0,0,0,0,0,0,0,0
250198,5,1,1988,0,0,0,0,0,0,0,0,0,0
250198,6,1,1988,0,0,0,0,0,0,0,0,0,0
250199,1,1,1988,3,0,0,0,0,0,0,0,0,0
250199,2,1,1988,0,0,0,0,0,0,0,0,0,0
250200,1,1,1988,0,0,9,0,0,0,0,0,0,0
250200,2,1,1988,0,0,0,0,0,0,0,0,0,0
250201,0,1,1988,6,0,18,31,13,5,0,0,51,14
250201,1,1,1988,14,20,0,11,13,6,8,13,20,18
250202,1,1,1988,24,24,24,24,24,24,24,24,24,24
250203,1,1,1988,9,0,0,0,0,0,0,0,0,0
250203,2,1,1988,0,0,0,0,0,0,0,0,0,0
250204,1,1,1988,0,0,0,12,0,0,0,0,0,0
250204,2,1,1988,0,0,0,0,0,0,0,0,36,0
250205,1,1,1988,2,2,2,2,2,2,2,2,2,2
250205,2,1,1988,0,0,0,11,0,0,0,10,0,20
250206,0,1,1988,28,28,28,28,28,28,28,28,28,28
250206,1,1,1988,22,0,21,0,14,12,12,0,16,0
250207,1,1,1988,0,0,0,0,0,0,0,0,0,0
250208,1,1,1988,0,21,10,2,14,13,0,29,0,6
250209,1,1,1988,21,21,21,21,21,21,21,21,21,21
250209,2,1,1988,0,24,0,0,0,0,0,0,0,28
250210,1,1,1988,0,19,6,14,0,30,22,12,26,10
250211,1,1,1988,0,0,6,0,0,0,0,11,0,6
250211,2,1,1988,0,0,0,0,0,0,0,20,0,0
250212,1,1,1988,0,0,0,0,0,0,0,0,0,12
250212,2,1,1988,6,3,6,26,0,5,3,5,30,20
250213,1,1,1988,9,18,8,11,10,14,7,5,12,13
250214,1,1,1988,15,15,15,15,15,15,15,15,15,15
250215,1,1,1988,16,14,13,26,27,26,28,24,15,27
250216,1,1,1988,0,0,0,0,0,18,0,0,0,0
250216,2,1,1988,25,25,25,25,25,25,25,25,25,25
250217,1,1,1988,0,0,0,12,0,0,0,0,0,0
250217,2,1,1988,0,0,0,0,0,0,0,0,0,0
250218,1,1,1988,0,0,0,0,0,0,0,0,0,0
250218,2,1,1988,0,0,0,0,0,0,0,0,0,0
250219,1,1,1988,0,0,0,0,0,0,0,0,0,0
250219,2,1,1988,0,0,0,16,0,0,0,0,0,0
250220,1,1,1988,0,0,0,0,2,0,0,0,0,8
250220,2,1,1988,0,0,0,31,0,0,0,0,0,0
250220,3,1,1988,10,0,0,0,0,0,0,19,0,0
250221,1,1,1988,0,0,0,0,0,0,0,13,0,0
250221,2,1,1988,0,0,0,0,0,0,0,0,0,0
250222,1,1,1988,15,15,15,15,15,15,15,15,15,15
250222,2,1,1988,0,0,0,0,0,0,0,0,0,0
250223,1,1,1988,16,16,16,16,16,16,16,16,16,16
250224,0,1,1988,0,0,0,0,0,0,0,0,0,0
250224,1,1,1988,0,0,0,0,0,0,0,0,0,23
250224,2,1,1988,0,0,0,0,0,0,0,0,0,0
250225,0,1,1988,0,0,0,0,0,0,0,0,0,0
250225,1,1,1988,0,0,0,0,0,0,0,0,0,0
250226,1,1,1988,0,0,29,0,18,0,0,0,0,0
250226,2,1,1988,6,6,6,6,6,6,6,6,6,6
250227,1,1,1988,0,0,0,0,0,0,0,0,0,0
250227,2,1,1988,6,9,0,0,0,0,14,7,0,28
250228,1,1,1988,17,17,17,17,17,17,17,17,17,17
250229,1,1,1988,3,25,13,25,6,0,10,25,14,0
250230,0,1,1988,0,0,0,0,25,0,0,0,0,0
250230,1,1,1988,0,0,0,0,0,0,14,0,0,0
250231,1,1,1988,7,7,7,7,7,7,7,7,7,7
250232,1,1,1988,7,0,0,0,0,0,0,0,0,0
250232,2,1,1988,0,0,0,0,0,0,0,0,0,0
250233,1,1,1988,0,0,0,0,0,0,0,0,0,0
250233,2,1,1988,0,0,0,0,0,0,0,0,0,0
250234,1,1,1988,0,0,0,0,0,0,0,0,0,0
250235,1,1,1988,0,0,0,0,0,0,0,0,0,0
250235,2,1,1988,0,0,0,0,0,0,0,0,0,0
250236,0,1,1988,0,0,0,0,0,0,0,0,0,0
250236,1,1,1988,0,0,0,0,0,0,0,0,0,0
250237,1,1,1988,20,20,7,17,15,8,4,0,22,10
250237,2,1,1988,13,19,5,21,20,4,8,12,25,24
250238,1,1,1988,21,21,21,21,21,21,21,21,21,21
250239,1,1,1988,32,32,32,32,32,32,32,32,32,32
250240,0,1,1988,0,0,0,0,0,0,0,0,0,0
250240,1,1,1988,0,0,0,0,0,0,0,0,0,0
250241,1,1,1988,13,13,13,13,13,13,13,13,13,13
250242,1,1,1988,0,0,0,0,0,0,0,0,0,0
250243,0,1,1988,0,0,0,0,0,0,0,0,0,0
250243,1,1,1988,0,0,0,0,0,0,0,0,0,0
250244,1,1,1988,2,2,2,2,2,2,2,2,2,2
250245,1,1,1988,18,18,18,18,18,18,18,18,18,18
250246,1,1,1988,0,0,0,0,0,0,0,0,0,0
250246,2,1,1988,0,0,0,0,0,0,0,0,0,0
250247,1,1,1988,21,21,21,21,21,21,21,21,21,21
250248,1,1,1988,23,17,26,22,17,14,19,9,7,19
250248,2,1,1988,0,0,0,0,0,0,0,0,0,0
250250,1,1,1988,0,0,0,0,0,0,0,0,0,0
250251,1,1,1988,0,0,0,15,0,0,0,0,0,0
250251,2,1,1988,2,2,2,2,2,2,2,2,2,2
250252,1,1,1988,15,16,0,14,0,0,0,14,0,0
250253,1,1,1988,0,0,0,0,0,0,0,0,0,0
250253,2,1,1988,17,11,0,0,0,0,0,9,0,0
250253,3,1,1988,0,0,0,0,0,0,0,0,10,0
250254,1,1,1988,0,0,0,26,0,0,0,0,0,16
250254,2,1,1988,0,0,0,0,0,0,0,0,0,0
250255,1,1,1988,0,0,0,26,9,4,4,0,28,0
250255,2,1,1988,0,14,0,0,0,10,0,7,0,0
250256,1,1,1988,13,13,13,13,13,13,13,13,13,13
250257,1,1,1988,18,18,18,18,18,18,18,18,18,18
250258,0,1,1988,26,26,26,26,26,26,26,26,26,26
250258,1,1,1988,0,0,0,0,14,0,0,0,0,0
250259,1,1,1988,6,6,6,6,6,6,6,6,6,6
250260,1,1,1988,0,0,0,0,0,0,0,0,0,0
250260,2,1,1988,0,0,0,0,0,0,0,0,0,0
250262,1,1,1988,4,4,4,4,4,4,4,4,4,4
250263,1,1,1988,14,14,14,14,14,14,14,14,14,14
250264,1,1,1988,27,27,27,27,27,27,27,27,27,27
250265,1,1,1988,24,24,24,24,24,24,24,24,24,24
250266,1,1,1988,6,6,6,6,6,6,6,6,6,6
250267,1,1,1988,16,16,16,16,16,16,16,16,16,16
250268,1,1,1988,12,0,0,0,0,9,11,32,10,18
250269,1,1,1988,0,0,0,0,0,0,0,0,0,0
250270,1,1,1988,22,22,22,22,22,22,22,22,22,22
250271,1,1,1988,0,6,20,0,14,14,4,18,0,11
250271,2,1,1988,0,0,0,0,0,0,0,0,0,0
250272,1,1,1988,11,20,26,0,12,16,14,17,18,0
250273,1,1,1988,0,0,0,0,0,0,0,0,0,0
250273,2,1,1988,0,0,0,0,0,0,0,0,0,0
250274,1,1,1988,22,22,22,22,22,22,22,22,22,22
250275,1,1,1988,16,16,16,16,16,16,16,16,16,16
250276,1,1,1988,0,0,0,0,0,0,0,0,0,0
250277,1,1,1988,25,25,25,25,25,25,25,25,25,25
250278,1,1,1988,16,13,22,6,13,0,17,20,3,4
250279,1,1,1988,18,18,18,18,18,18,18,18,18,18
250280,1,1,1988,0,0,0,0,0,0,0,0,0,0
250280,2,1,1988,0,0,8,0,0,0,0,0,11,0
250281,1,1,1988,24,24,24,24,24,24,24,24,24,24
250282,1,1,1988,0,0,0,0,0,0,0,0,0,0
250283,1,1,1988,15,15,15,15,15,15,15,15,15,15
250284,1,1,1988,6,6,6,6,6,6,6,6,6,6
250285,1,1,1988,12,9,10,14,16,17,21,18,5,15
250285,2,1,1988,0,0,0,0,0,0,0,0,0,0
250286,1,1,1988,25,25,25,25,25,25,25,25,25,25
250287,0,1,1988,0,0,0,0,0,0,0,0,0,0
250287,1,1,1988,0,0,0,0,0,0,0,9,0,0
250288,1,1,1988,0,19,14,8,7,12,6,17,18,8
250289,1,1,1988,10,11,11,8,9,9,9,0,15,4
250290,1,1,1988,0,0,0,0,0,0,0,0,0,0
250290,2,1,1988,0,0,0,0,0,14,0,0,0,0
250291,1,1,1988,21,21,21,21,21,21,21,21,21,21
250292,1,1,1988,25,25,25,25,25,25,25,25,25,25
250293,0,1,1988,0,0,0,0,33,14,34,0,0,0
250293,1,1,1988,24,0,0,0,0,15,0,0,0,0
250294,1,1,1988,0,0,4,0,0,0,0,0,16,13
250294,2,1,1988,20,20,20,20,20,20,20,20,20,20
250295,0,1,1988,0,0,0,0,0,0,0,0,0,0
250295,0,2,1988,0,0,0,0,0,16,0,0,0,18
250295,1,1,1988,0,0,0,0,0,0,0,0,0,0
250296,1,1,1988,7,0,19,8,0,0,5,14,0,0
250297,1,1,1988,0,0,0,0,0,0,0,0,0,0
250298,1,1,1988,0,0,0,0,0,0,0,0,0,0
250299,1,1,1988,23,23,23,23,23,23,23,23,23,23
250300,1,1,1988,10,5,5,19,0,19,14,12,0,0
250301,1,1,1988,0,15,0,0,0,0,0,0,0,0
250301,2,1,1988,0,0,0,0,0,0,0,0,0,14
250301,3,1,1988,24,12,17,18,0,7,0,24,4,0
250302,1,1,1988,0,0,0,0,0,0,0,0,0,0
250302,2,1,1988,0,0,9,0,0,0,9,0,19,0
250303,1,1,1988,0,0,0,0,0,0,0,0,0,0
250304,0,1,1988,0,0,0,0,0,0,0,0,0,0
250304,1,1,1988,0,0,0,0,0,0,0,0,0,0
250305,0,1,1988,4,4,4,4,4,4,4,4,4,4
250305,1,1,1988,0,0,0,0,0,0,0,0,0,0
250306,1,1,1988,0,0,0,0,0,0,0,0,0,0
250306,2,1,1988,0,0,0,16,0,0,0,0,0,0
250306,3,1,1988,0,0,0,0,0,0,0,0,0,0
250307,1,1,1988,0,0,0,0,0,0,0,0,0,0
250308,1,1,1988,24,28,15,16,0,8,17,19,22,0
250309,1,1,1988,0,0,0,0,0,0,0,0,0,0
250310,1,1,1988,0,0,8,0,0,0,0,0,0,0
250310,2,1,1988,0,0,0,0,0,0,0,0,0,0
250311,1,1,1988,0,0,0,0,0,0,0,0,0,0
250311,2,1,1988,0,0,0,0,0,0,0,0,0,0