ST_CASE,VEH_NO,PER_NO,YEAR,P1,P2,P3,P4,P5,P6,P7,P8,P9,P10
250311,3,1,1988,3,0,0,0,0,0,0,28,0,0
250312,1,1,1988,0,0,0,0,0,0,0,0,0,0
250313,1,1,1988,33,33,33,33,33,33,33,33,33,33
250313,2,1,1988,0,0,0,0,9,0,8,10,0,0
250314,1,1,1988,3,3,3,3,3,3,3,3,3,3
250314,2,1,1988,22,0,7,0,0,0,0,10,27,0
250314,3,1,1988,0,3,11,0,0,21,3,24,12,0
250315,1,1,1988,11,11,11,11,11,11,11,11,11,11
250315,2,1,1988,0,0,0,0,23,0,0,0,0,7
250316,1,1,1988,9,9,9,9,9,9,9,9,9,9
250317,1,1,1988,1,1,1,1,1,1,1,1,1,1
250318,1,1,1988,7,7,7,7,7,7,7,7,7,7
250319,1,1,1988,0,3,0,0,20,0,0,0,0,0
250319,2,1,1988,0,0,0,0,0,0,0,0,15,0
250320,0,1,1988,38,38,38,38,38,38,38,38,38,38
250320,1,1,1988,0,10,14,5,18,14,7,9,14,13
250321,1,1,1988,0,0,0,0,0,0,0,0,0,0
250323,1,1,1988,0,0,0,0,0,0,0,0,7,2
250323,2,1,1988,0,0,0,0,0,0,0,0,0,0
250323,3,1,1988,1,1,1,1,1,1,1,1,1,1
250324,1,1,1988,14,14,14,14,14,14,14,14,14,14
250325,1,1,1988,0,0,0,0,0,0,0,0,0,0
250326,1,1,1988,13,15,18,5,21,1,17,14,15,13
250326,2,1,1988,8,0,0,0,0,0,12,22,0,0
250327,0,1,1988,0,0,0,0,0,0,0,0,0,0
250327,1,1,1988,0,18,0,0,0,0,0,0,16,0
250328,1,1,1988,0,0,0,0,0,0,0,0,0,0
250329,1,1,1988,17,0,15,0,0,0,12,20,0,0
250330,1,1,1988,13,13,13,13,13,13,13,13,13,13
250331,1,1,1988,14,14,14,14,14,14,14,14,14,14
250332,1,1,1988,22,31,12,0,10,7,0,0,0,14
250332,2,1,1988,3,15,4,0,16,30,6,20,15,13
250333,1,1,1988,15,24,8,13,7,21,23,11,0,8
250334,0,1,1988,24,24,24,24,24,24,24,24,24,24
250334,1,1,1988,10,10,10,10,10,10,10,10,10,10
250335,1,1,1988,3,3,3,3,3,3,3,3,3,3
250335,2,1,1988,0,0,15,11,0,0,20,11,0,13
250336,1,1,1988,23,23,23,23,23,23,23,23,23,23
250336,2,1,1988,0,0,0,0,0,0,0,0,0,0
250337,1,1,1988,5,5,5,5,5,5,5,5,5,5
250337,2,1,1988,7,9,12,13,7,16,5,11,0,11
250338,1,1,1988,29,0,0,0,0,0,0,0,0,0
250338,2,1,1988,0,0,0,0,0,0,0,0,0,0
250339,1,1,1988,24,24,24,24,24,24,24,24,24,24
250339,2,1,1988,12,0,0,0,0,0,24,15,0,10
250340,1,1,1988,11,11,11,14,9,14,6,0,9,0
250340,2,1,1988,22,22,22,22,22,22,22,22,22,22
250341,1,1,1988,19,0,9,0,14,16,0,8,15,0
250342,1,1,1988,22,22,22,22,22,22,22,22,22,22
250343,1,1,1988,0,0,15,0,0,0,0,0,10,0
250343,2,1,1988,0,0,0,0,0,0,0,0,0,0
250344,1,1,1988,3,15,0,0,0,0,0,0,7,0
250344,2,1,1988,8,8,8,8,8,8,8,8,8,8
250345,1,1,1988,0,0,0,0,0,0,0,0,0,0
250345,2,1,1988,0,0,0,0,0,0,0,0,0,0
250345,3,1,1988,0,0,0,0,0,0,0,0,0,0
250346,1,1,1988,14,0,0,0,11,0,0,0,0,0
250347,0,1,1988,17,17,17,17,17,17,17,17,17,17
250347,1,1,1988,0,0,0,0,0,0,0,0,0,0
250348,1,1,1988,0,0,0,0,0,6,0,0,4,0
250348,2,1,1988,0,0,0,0,0,0,0,0,0,0
250349,1,1,1988,22,22,22,22,22,22,22,22,22,22
250349,2,1,1988,31,7,0,25,8,0,0,0,0,18
250349,3,1,1988,24,9,8,11,13,4,0,23,22,0
250349,4,1,1988,15,0,9,6,25,0,0,0,0,0
250350,1,1,1988,0,0,0,0,0,0,0,0,0,0
250350,2,1,1988,0,0,0,0,0,0,0,5,13,0
250351,1,1,1988,14,14,14,14,14,14,14,14,14,14
250351,2,1,1988,0,11,5,0,0,0,0,0,18,0
250352,1,1,1988,0,0,0,0,0,0,0,0,0,0
250352,2,1,1988,0,0,0,0,0,0,0,0,0,0
250353,0,1,1988,0,0,0,0,0,0,0,0,0,0
250353,1,1,1988,0,0,0,0,0,0,0,0,0,0
250354,1,1,1988,0,0,0,0,0,0,0,0,0,0
250355,1,1,1988,0,12,17,21,21,27,27,13,18,0
250356,1,1,1988,0,0,0,0,0,0,0,0,0,0
250356,2,1,1988,12,12,12,12,12,12,12,12,12,12
250357,1,1,1988,15,15,15,15,15,15,15,15,15,15
250358,1,1,1988,0,0,0,0,0,0,0,0,0,0
250359,1,1,1988,0,0,0,0,0,0,0,0,0,0
250359,2,1,1988,0,0,0,0,0,0,0,0,0,0
250360,0,1,1988,23,23,23,23,23,23,23,23,23,23
250360,1,1,1988,0,0,0,0,0,0,0,0,0,14
250361,1,1,1988,13,13,13,13,13,13,13,13,13,13
250362,0,1,1988,9,19,0,0,15,9,0,0,14,12
250362,1,1,1988,0,0,0,0,0,14,0,0,0,0
250363,1,1,1988,8,11,20,11,4,0,15,5,0,0
250364,1,1,1988,22,22,22,22,22,22,22,22,22,22
250365,1,1,1988,12,10,15,22,19,15,24,12,22,26
250366,1,1,1988,13,7,13,19,4,18,15,5,9,19
250367,1,1,1988,13,0,0,0,0,0,0,0,0,12
250368,1,1,1988,0,0,0,0,0,0,0,0,0,0
250368,2,1,1988,0,0,0,0,4,0,0,0,0,0
250369,1,1,1988,0,0,11,20,0,0,8,22,0,0
250370,1,1,1988,11,11,11,11,11,11,11,11,11,11
250370,2,1,1988,18,22,22,0,0,0,0,0,0,34
250371,1,1,1988,31,31,31,31,31,31,31,31,31,31
250372,1,1,1988,11,11,11,11,11,11,11,11,11,11
250373,1,1,1988,43,43,43,43,43,43,43,43,43,43
250374,1,1,1988,0,0,0,0,0,0,0,0,13,0
250375,0,1,1988,0,7,0,0,0,0,0,0,22,0
250375,1,1,1988,0,0,0,0,0,0,0,0,0,0
250376,1,1,1988,31,31,31,31,31,31,31,31,31,31
250377,1,1,1988,0,0,0,0,0,0,0,0,0,0
250377,2,1,1988,0,0,0,0,0,0,0,0,0,0
250378,1,1,1988,15,15,15,15,15,15,15,15,15,15
250379,1,1,1988,0,0,0,0,0,0,0,0,0,0
250379,2,1,1988,0,0,0,0,0,0,0,0,0,0
250380,1,1,1988,24,24,24,24,24,24,24,24,24,24
250381,0,1,1988,6,6,6,6,6,6,6,6,6,6
250381,1,1,1988,0,0,0,20,0,0,0,0,0,0
250382,1,1,1988,0,0,0,0,0,0,0,0,0,0
250382,2,1,1988,0,0,0,0,0,0,0,0,0,0
250383,1,1,1988,24,24,24,24,24,24,24,24,24,24
250383,2,1,1988,0,17,0,25,12,0,9,0,0,0
250384,1,1,1988,0,0,0,0,0,0,0,0,0,0
250384,2,1,1988,8,8,8,8,8,8,8,8,8,8
250385,1,1,1988,25,25,25,25,25,25,25,25,25,25
250386,0,1,1988,0,0,0,0,0,0,0,0,0,0
250386,1,1,1988,0,0,0,0,0,0,0,0,0,0
250387,1,1,1988,0,21,0,0,0,16,0,0,0,0
250387,2,1,1988,0,0,0,0,0,0,0,0,0,0
250388,1,1,1988,0,0,0,0,0,0,0,0,0,0
250388,2,1,1988,0,0,0,0,0,0,0,0,0,0
250389,1,1,1988,0,0,0,0,0,0,0,0,0,0
250390,0,1,1988,0,0,0,0,0,0,0,0,0,0
250390,1,1,1988,0,0,0,0,0,0,0,0,0,0
250391,1,1,1988,15,15,15,15,15,15,15,15,15,15
250391,2,1,1988,8,8,8,8,8,8,8,8,8,8
250391,3,1,1988,0,4,12,16,14,0,0,12,7,5
250392,1,1,1988,0,0,11,0,0,0,0,0,0,0
250392,2,1,1988,15,22,0,0,0,0,0,0,10,8
250392,3,1,1988,0,0,0,0,0,0,0,0,0,0
250393,1,1,1988,28,28,28,28,28,28,28,28,28,28
250394,1,1,1988,13,13,13,13,13,13,13,13,13,13
250394,2,1,1988,24,17,19,19,8,20,10,14,9,31
250395,1,1,1988,7,29,8,9,0,13,4,10,0,9
250396,1,1,1988,10,0,14,0,0,23,12,9,0,0
250396,2,1,1988,14,14,14,14,14,14,14,14,14,14
250397,1,1,1988,1,1,1,1,1,1,1,1,1,1
250398,1,1,1988,5,5,5,5,5,5,5,5,5,5
250398,2,1,1988,0,0,0,0,0,0,0,0,0,0
250398,3,1,1988,0,0,0,0,0,0,0,0,0,0
250399,1,1,1988,16,24,11,9,5,0,22,7,11,7
250399,2,1,1988,0,6,0,4,11,10,0,4,0,0
250400,1,1,1988,9,16,13,6,16,0,0,40,0,5
250400,2,1,1988,0,0,0,0,0,0,15,0,0,0
250401,0,1,1988,0,0,0,0,14,0,0,0,0,0
250401,1,1,1988,0,0,0,0,0,0,0,0,0,0
250402,1,1,1988,0,8,17,0,0,0,0,0,0,5
250403,1,1,1988,0,0,0,21,0,11,0,0,0,0
250403,2,1,1988,0,0,0,0,0,0,0,0,0,0
250404,1,1,1988,0,0,0,0,0,0,0,0,0,0
250404,2,1,1988,24,5,0,0,0,0,0,0,0,0
250405,1,1,1988,0,0,5,0,0,8,0,11,0,0
250405,2,1,1988,0,11,0,5,0,0,0,0,0,0
250406,1,1,1988,0,0,0,0,0,0,0,0,0,0
250407,1,1,1988,25,0,0,27,14,0,0,0,0,0
250407,2,1,1988,11,11,11,11,11,11,11,11,11,11
250408,0,1,1988,0,0,0,0,0,0,0,0,0,0
250408,1,1,1988,0,0,0,0,0,0,0,0,0,0
250409,1,1,1988,19,19,19,19,19,19,19,19,19,19
250410,0,1,1988,2,2,2,2,2,2,2,2,2,2
250410,1,1,1988,0,0,0,0,0,0,0,24,30,8
250411,1,1,1988,0,0,0,0,0,0,0,0,0,0
250412,0,1,1988,14,0,0,15,0,32,0,0,19,0
250412,0,2,1988,27,32,8,21,0,22,15,29,16,17
250412,1,1,1988,0,9,0,0,12,0,46,0,0,0
250414,0,1,1988,0,0,0,0,0,0,0,0,0,0
250414,1,1,1988,0,0,0,0,0,0,0,0,0,0
250415,1,1,1988,18,18,18,18,18,18,18,18,18,18
250416,0,1,1988,0,0,0,0,0,0,0,0,0,0
250416,1,1,1988,14,0,0,0,0,0,0,0,0,0
250417,1,1,1988,0,0,0,0,0,0,0,0,0,0
250417,2,1,1988,0,0,0,0,9,0,0,0,0,0
250418,1,1,1988,22,22,22,22,22,22,22,22,22,22
250419,0,1,1988,0,0,0,0,0,0,0,0,0,0
250419,1,1,1988,0,23,13,9,0,0,0,0,0,0
250420,1,1,1988,15,0,0,19,20,10,11,0,0,0
250420,2,1,1988,0,0,0,0,0,0,0,0,0,0
250421,1,1,1988,5,5,5,5,5,5,5,5,5,5
250421,2,1,1988,0,0,0,0,0,0,0,0,0,0
250422,1,1,1988,0,0,0,0,6,9,0,0,0,0
250422,2,1,1988,1,1,1,1,1,1,1,1,1,1
250423,0,1,1988,22,22,22,22,22,22,22,22,22,22
250423,1,1,1988,0,0,0,8,0,0,0,6,0,22
250424,1,1,1988,16,0,0,23,8,21,0,0,0,0
250424,2,1,1988,0,0,0,0,0,0,0,0,16,10
250425,1,1,1988,14,14,14,14,14,14,14,14,14,14
250425,2,1,1988,15,16,0,12,0,0,6,0,0,31
250426,0,1,1988,8,0,31,28,0,0,23,19,18,24
250426,1,1,1988,18,10,12,9,7,0,11,13,12,0
250427,1,1,1988,12,19,5,13,14,32,13,9,0,0
250428,1,1,1988,12,12,12,12,12,12,12,12,12,12
250429,1,1,1988,0,0,0,0,0,0,0,0,0,0
250429,2,1,1988,0,0,0,0,7,0,0,0,0,9
250430,0,1,1988,27,27,27,27,27,27,27,27,27,27
250430,1,1,1988,0,0,0,0,0,11,0,0,0,0
250431,0,1,1988,36,16,12,7,0,13,0,27,21,24
250431,1,1,1988,16,13,8,0,17,19,0,0,11,0
250432,1,1,1988,16,0,0,5,0,0,0,0,0,0
250432,2,1,1988,0,0,13,0,6,0,0,0,0,0
250433,1,1,1988,0,0,0,0,0,0,0,0,0,0
250434,0,1,1988,0,0,0,0,0,0,0,0,0,0
250434,0,2,1988,32,0,24,0,0,42,0,12,16,26
250434,1,1,1988,0,0,0,0,0,39,0,19,20,0
250435,1,1,1988,0,0,0,0,0,0,0,0,0,0
250435,2,1,1988,0,0,0,0,0,0,0,0,0,0
250435,3,1,1988,0,0,11,0,0,0,0,0,0,0
250436,1,1,1988,2,2,2,2,2,2,2,2,2,2
250436,2,1,1988,0,0,0,0,0,0,0,17,0,0
250437,1,1,1988,22,22,22,22,22,22,22,22,22,22
250438,1,1,1988,0,0,0,0,0,0,0,0,0,0
250438,2,1,1988,0,11,25,0,0,17,0,0,12,0
250439,1,1,1988,0,0,0,0,0,0,0,0,0,0
250439,2,1,1988,13,0,19,0,0,0,0,0,0,0
250440,1,1,1988,19,19,19,19,19,19,19,19,19,19
250441,0,1,1988,0,0,0,0,0,0,0,0,0,0
250441,1,1,1988,0,0,0,0,0,0,0,0,0,0
250443,1,1,1988,18,12,8,19,15,11,12,21,20,6
250444,0,1,1988,0,0,0,0,0,0,0,0,0,0
250444,1,1,1988,0,0,0,0,0,0,0,0,0,0
250445,1,1,1988,23,23,23,23,23,23,23,23,23,23
250446,0,1,1988,0,0,0,0,0,0,0,0,0,0
250446,1,1,1988,25,0,0,0,0,0,0,18,0,0
250447,1,1,1988,5,5,5,5,5,5,5,5,5,5
250448,1,1,1988,0,0,0,0,0,0,0,0,0,0
250448,2,1,1988,16,0,0,0,0,15,25,0,0,0
250448,3,1,1988,0,0,0,0,5,0,14,0,0,0
250449,0,1,1988,0,0,20,0,0,0,0,0,0,0
250449,1,1,1988,0,0,0,0,0,0,0,0,10,0
250450,1,1,1988,0,0,0,0,0,0,0,0,0,0
250451,1,1,1988,0,0,0,23,24,0,0,0,0,22
250451,2,1,1988,15,15,15,15,15,15,15,15,15,15
250452,1,1,1988,0,10,12,12,14,0,17,6,0,4
250454,0,1,1988,20,0,0,14,0,22,0,22,18,0
250454,1,1,1988,15,15,15,15,15,15,15,15,15,15
250455,1,1,1988,8,14,15,9,26,0,15,14,16,16
250456,1,1,1988,20,20,20,20,20,20,20,20,20,20
250456,2,1,1988,0,0,19,0,0,0,0,20,7,0
250456,3,1,1988,0,11,0,0,5,0,0,7,0,0
250457,1,1,1988,0,14,19,0,14,6,14,15,11,9
250457,2,1,1988,13,13,13,13,13,13,13,13,13,13
250458,1,1,1988,0,0,0,0,0,0,0,0,0,0
250459,1,1,1988,9,9,9,9,9,9,9,9,9,9
250460,1,1,1988,19,0,8,8,9,24,11,0,13,14
250461,0,1,1988,0,0,0,0,0,0,0,0,0,0
250461,1,1,1988,11,0,13,16,0,0,0,0,0,0
250462,1,1,1988,0,17,18,14,0,17,0,5,0,14
250463,1,1,1988,10,10,10,10,10,10,10,10,10,10
250464,0,1,1988,0,0,0,0,0,0,0,0,0,0
250464,0,2,1988,0,0,0,0,0,0,0,0,0,0
250464,1,1,1988,0,0,0,0,0,0,0,0,0,0
250465,1,1,1988,8,0,25,35,8,20,31,15,22,14
250466,1,1,1988,0,0,0,0,0,0,0,0,0,0
250467,1,1,1988,27,9,9,9,5,17,15,11,6,8
250468,1,1,1988,14,14,14,14,14,14,14,14,14,14
250469,0,1,1988,25,25,25,25,25,25,25,25,25,25
250469,1,1,1988,0,0,18,0,0,16,0,0,0,0
250470,1,1,1988,14,0,42,13,0,0,0,0,11,0
250471,1,1,1988,0,0,0,0,0,0,0,16,0,14
250471,2,1,1988,0,0,0,0,0,0,0,0,0,0
250472,1,1,1988,9,24,7,21,10,16,27,11,5,15
250473,1,1,1988,0,0,0,10,0,0,9,13,5,0
250473,2,1,1988,0,0,0,15,0,0,0,0,0,0
250474,0,1,1988,0,0,0,0,0,0,0,0,0,0
250474,1,1,1988,0,0,0,0,0,0,0,0,0,0
250475,0,1,1988,1,1,1,1,1,1,1,1,1,1
250475,0,2,1988,31,22,28,22,0,24,0,20,0,20
250475,1,1,1988,13,24,30,15,24,24,13,8,6,15
250476,1,1,1988,0,0,0,0,0,0,0,0,0,0
250476,2,1,1988,0,0,0,0,0,0,0,0,4,0
250477,1,1,1988,23,23,23,23,23,23,23,23,23,23
250478,1,1,1988,0,0,0,0,0,0,0,0,0,0
250479,1,1,1988,0,0,0,0,0,0,0,0,0,0
250480,1,1,1988,0,0,0,0,0,0,0,0,0,0
250480,2,1,1988,0,0,0,0,0,0,0,0,0,0
250481,1,1,1988,15,4,0,0,0,0,15,0,28,15
250482,1,1,1988,0,0,17,0,0,0,0,0,0,0
250483,1,1,1988,17,0,13,0,0,0,0,8,0,20
250484,1,1,1988,8,0,11,0,26,22,0,7,3,0
250485,1,1,1988,0,0,0,0,0,0,0,0,0,0
250485,2,1,1988,0,0,0,0,0,0,0,0,0,0
250486,0,1,1988,0,0,0,0,0,0,0,0,0,0
250486,1,1,1988,0,14,0,0,0,13,0,0,0,0
250487,1,1,1988,0,0,0,0,0,0,0,0,0,0
250487,2,1,1988,0,0,0,11,7,0,26,0,0,10
250488,1,1,1988,0,0,0,0,0,0,0,0,0,0
250488,2,1,1988,0,0,0,0,0,0,0,0,0,0
250489,1,1,1988,0,0,0,0,0,0,0,0,0,0
250490,1,1,1988,0,0,0,0,0,0,0,0,0,0
250491,0,1,1988,28,28,28,28,28,28,28,28,28,28
250491,1,1,1988,0,0,39,11,18,0,32,0,21,0
250492,1,1,1988,0,0,0,17,0,0,0,0,0,0
250492,2,1,1988,0,0,0,27,0,0,0,0,0,0
250492,3,1,1988,0,0,0,0,0,0,0,0,0,0
250492,4,1,1988,0,0,0,0,0,0,6,0,0,0
250493,1,1,1988,24,24,24,24,24,24,24,24,24,24
250494,0,1,1988,5,0,0,0,0,0,0,0,0,0
250494,1,1,1988,0,0,0,0,0,0,0,0,0,0
250495,1,1,1988,17,17,17,17,17,17,17,17,17,17
250496,1,1,1988,5,12,4,19,14,14,13,3,14,8
250496,2,1,1988,0,0,0,0,0,0,22,0,0,0
250497,1,1,1988,3,0,12,7,4,0,0,4,5,15
250497,2,1,1988,3,3,3,3,3,3,3,3,3,3
250498,1,1,1988,0,0,0,0,0,0,10,0,0,0
250498,2,1,1988,0,0,0,0,0,0,0,0,0,0
250498,3,1,1988,0,0,0,0,0,10,0,0,19,0
250499,1,1,1988,0,0,0,0,0,0,0,0,0,3
250499,2,1,1988,10,10,10,10,10,10,10,10,10,10
250500,1,1,1988,0,0,0,0,0,0,0,0,0,0
250500,2,1,1988,0,2,0,14,0,0,10,0,5,32
250501,1,1,1988,7,0,0,0,0,0,0,0,0,0
250502,1,1,1988,12,12,12,12,12,12,12,12,12,12
250503,1,1,1988,0,0,0,0,0,0,0,0,0,0
250504,1,1,1988,2,0,18,0,0,0,0,15,0,12
250505,1,1,1988,0,21,0,0,0,0,8,0,17,5
250505,2,1,1988,18,18,18,18,18,18,18,18,18,18
250505,3,1,1988,0,14,0,16,15,12,6,15,29,20
250506,1,1,1988,15,15,15,15,15,15,15,15,15,15
250506,2,1,1988,0,0,6,0,18,0,3,0,0,0
250507,1,1,1988,0,0,9,18,13,23,21,14,9,15
250508,0,1,1988,0,0,0,0,0,0,0,0,0,0
250508,1,1,1988,0,0,0,0,0,0,0,0,0,0
250509,1,1,1988,9,15,0,13,14,0,0,36,0,7
250509,2,1,1988,0,0,0,0,0,0,0,0,0,0
250510,0,1,1988,5,5,5,5,5,5,5,5,5,5
250510,1,1,1988,0,0,0,0,0,0,12,0,0,10
250511,0,1,1988,0,0,0,0,0,0,0,0,0,0
250511,1,1,1988,12,0,0,0,0,0,0,15,0,0
250512,0,1,1988,0,0,0,0,0,0,0,0,0,0
250512,1,1,1988,0,0,0,0,0,0,0,0,0,0
250513,0,1,1988,0,0,0,0,0,0,0,0,0,0
250513,1,1,1988,0,0,0,0,8,0,0,0,0,0
250514,1,1,1988,2,0,9,0,11,10,10,23,12,11
250515,1,1,1988,0,0,0,0,0,0,0,0,0,0
250516,1,1,1988,0,0,0,0,0,0,0,0,0,0
250516,2,1,1988,0,0,0,0,0,0,0,0,0,0
250516,3,1,1988,0,0,0,0,0,0,0,0,25,0
250517,1,1,1988,0,0,0,0,0,0,0,0,0,0
250518,1,1,1988,19,19,19,19,19,19,19,19,19,19
250519,0,1,1988,0,0,0,0,0,0,0,0,0,0
250519,1,1,1988,0,0,0,0,0,0,0,0,0,0
250520,0,1,1988,0,0,0,0,0,0,0,0,0,0
250520,1,1,1988,0,0,17,0,0,22,0,0,0,0
250521,1,1,1988,0,0,0,0,0,0,0,0,0,0
250522,1,1,1988,0,29,23,0,24,0,24,0,31,17
250523,1,1,1988,17,17,17,17,17,17,17,17,17,17
250524,1,1,1988,0,0,13,0,0,0,0,0,0,0
250525,1,1,1988,0,0,0,0,7,0,0,0,0,0
250525,2,1,1988,1,1,1,1,1,1,1,1,1,1
250526,1,1,1988,0,0,0,0,0,0,0,0,0,0
250526,2,1,1988,0,0,0,0,0,0,0,0,0,0
250527,0,1,1988,0,0,0,0,0,0,0,0,0,0
250527,1,1,1988,0,0,0,17,0,0,0,0,0,13
250528,1,1,1988,31,31,31,31,31,31,31,31,31,31
250529,0,1,1988,0,0,0,0,0,0,0,0,30,0
250529,1,1,1988,0,0,0,0,0,0,0,7,0,0
250530,1,1,1988,0,0,0,0,0,0,0,0,0,0
250530,2,1,1988,0,0,0,0,0,0,26,20,0,0
250531,1,1,1988,9,9,9,9,9,9,9,9,9,9
250531,2,1,1988,0,3,0,0,0,0,0,0,0,0
250533,1,1,1988,0,9,0,0,0,0,0,0,0,0
250533,2,1,1988,0,0,0,0,0,0,0,0,0,0
250534,0,1,1988,26,26,26,26,26,26,26,26,26,26
250534,1,1,1988,15,15,15,15,15,15,15,15,15,15
250535,1,1,1988,0,0,0,0,0,0,0,0,0,0
250535,2,1,1988,14,0,0,6,9,0,0,20,0,0
250536,1,1,1988,0,0,0,0,0,0,0,0,0,0
250536,2,1,1988,6,0,0,0,0,2,0,0,0,9
250537,0,1,1988,0,0,0,0,0,0,0,0,0,0
250537,1,1,1988,0,20,6,8,0,17,23,0,8,0
250538,1,1,1988,16,16,16,16,16,16,16,16,16,16
250540,1,1,1988,27,27,27,27,27,27,27,27,27,27
250541,1,1,1988,0,0,0,0,0,0,0,0,0,0
250541,2,1,1988,0,0,0,0,0,0,0,0,0,0
250542,0,1,1988,0,0,0,35,0,20,21,0,34,0
250542,1,1,1988,0,0,0,19,0,0,0,0,0,0
250543,1,1,1988,0,15,21,10,13,11,11,6,22,40
250543,2,1,1988,0,0,0,0,11,0,5,0,0,0
250544,0,1,1988,0,0,0,0,0,0,0,0,0,0
250544,1,1,1988,0,0,0,0,0,0,0,0,0,0
250545,1,1,1988,18,18,18,18,18,18,18,18,18,18
250546,1,1,1988,0,0,0,0,0,0,0,0,0,0
250547,1,1,1988,37,37,37,37,37,37,37,37,37,37
250548,1,1,1988,0,0,0,0,0,0,0,0,0,0
250548,2,1,1988,0,0,0,0,0,0,0,0,0,0
250549,0,1,1988,0,0,0,0,0,0,0,0,0,0
250549,1,1,1988,0,0,0,0,0,0,0,0,14,0
250550,1,1,1988,0,0,0,0,7,0,0,0,16,0
250551,1,1,1988,0,0,0,0,0,0,0,0,0,0
250551,2,1,1988,0,0,0,0,0,0,0,0,0,0
250551,3,1,1988,0,0,0,15,0,0,0,0,0,0
250551,4,1,1988,0,0,0,0,0,0,2,0,0,0
250552,1,1,1988,0,0,0,0,0,0,0,0,0,0
250552,2,1,1988,0,10,0,0,0,5,0,0,0,0
250552,3,1,1988,0,0,7,0,0,0,0,0,0,10
250553,1,1,1988,0,0,0,0,0,0,0,0,0,0
250553,2,1,1988,0,0,0,0,0,0,0,0,0,0
250554,1,1,1988,0,9,0,13,0,0,0,0,0,0
250554,2,1,1988,0,15,0,7,10,29,23,6,24,0
250555,0,1,1988,0,0,0,0,0,0,0,0,0,0
250555,1,1,1988,0,0,0,0,0,0,0,0,0,0
250556,1,1,1988,0,0,0,0,0,0,0,0,0,0
250556,2,1,1988,10,3,14,9,9,8,5,9,6,14
250557,1,1,1988,0,0,0,19,0,0,0,0,0,0
250557,2,1,1988,22,0,0,0,3,0,0,0,0,0
250558,1,1,1988,0,3,20,33,13,20,8,0,0,16
250559,1,1,1988,26,26,26,26,26,26,26,26,26,26
250560,1,1,1988,25,25,25,25,25,25,25,25,25,25
250562,0,1,1988,0,0,0,0,0,0,0,0,0,0
250562,1,1,1988,0,0,0,0,0,0,0,0,0,0
250563,1,1,1988,20,8,0,14,0,0,13,0,0,14
250564,0,1,1988,16,16,16,16,16,16,16,16,16,16
250564,1,1,1988,0,0,0,0,0,0,0,0,0,0
250565,1,1,1988,24,19,12,10,8,20,6,25,14,8
250567,0,1,1988,23,23,23,23,23,23,23,23,23,23
250567,1,1,1988,0,0,6,0,0,0,0,0,0,0
250568,0,1,1988,30,30,30,30,30,30,30,30,30,30
250568,1,1,1988,0,0,0,0,0,14,21,0,9,0
250569,1,1,1988,25,10,35,21,0,12,9,0,24,5
250570,0,1,1988,8,8,8,8,8,8,8,8,8,8
250570,1,1,1988,11,0,8,13,0,15,20,0,0,0
250571,1,1,1988,23,23,23,23,23,23,23,23,23,23
250572,1,1,1988,27,27,27,27,27,27,27,27,27,27
250572,2,1,1988,11,12,0,23,12,0,15,10,0,0
250574,1,1,1988,8,0,0,0,13,0,0,0,0,0
250574,2,1,1988,0,0,0,0,0,0,0,0,0,0
250575,0,1,1988,12,12,12,12,12,12,12,12,12,12
250575,1,1,1988,0,0,0,0,0,0,0,0,0,0
250576,0,1,1988,23,23,23,23,23,23,23,23,23,23
250576,1,1,1988,0,0,0,0,0,0,0,14,0,0
250577,1,1,1988,0,18,23,0,28,0,24,15,13,20
250578,1,1,1988,0,0,0,0,0,0,0,0,0,0
250578,2,1,1988,0,0,0,0,0,0,4,0,0,0
250578,3,1,1988,0,0,0,0,0,0,0,0,0,23
250579,0,1,1988,0,0,0,0,0,0,0,0,0,0
250579,0,2,1988,12,28,0,4,0,13,10,0,0,0
250579,0,3,1988,0,0,0,14,5,15,6,14,8,0
250579,0,4,1988,0,0,0,0,0,31,0,0,24,0
250579,0,5,1988,0,11,13,0,0,7,0,0,12,6
250579,0,6,1988,13,0,0,0,0,20,0,6,0,12
250579,1,1,1988,0,0,0,0,0,0,0,0,0,0
250580,1,1,1988,1,1,1,1,1,1,1,1,1,1
250581,1,1,1988,0,0,0,0,0,0,0,0,11,0
250582,1,1,1988,0,0,0,0,0,0,0,0,0,0
250582,2,1,1988,2,2,2,2,2,2,2,2,2,2
250583,1,1,1988,0,14,0,0,31,0,0,0,4,9
250583,2,1,1988,0,0,0,0,0,0,0,0,0,0
250584,1,1,1988,20,20,20,20,20,20,20,20,20,20
250584,2,1,1988,7,7,7,7,7,7,7,7,7,7
250585,0,1,1988,0,0,0,0,0,0,0,0,0,0
250585,1,1,1988,0,0,0,0,0,0,0,0,0,0
250586,1,1,1988,0,0,0,0,0,0,0,0,0,0
250587,0,1,1988,5,5,5,5,5,5,5,5,5,5
250587,1,1,1988,0,11,0,0,0,0,0,2,0,0
250588,1,1,1988,18,18,18,18,18,18,18,18,18,18
250589,1,1,1988,0,27,16,29,0,0,24,30,9,15
250590,1,1,1988,17,24,15,16,10,17,26,37,18,5
250591,1,1,1988,0,0,0,0,8,0,0,17,0,15