ST_CASE,VEH_NO,PER_NO,YEAR,P1,P2,P3,P4,P5,P6,P7,P8,P9,P10
250591,2,1,1988,0,0,0,0,0,0,0,0,0,16
250592,0,1,1988,0,0,0,0,0,0,0,0,0,0
250592,1,1,1988,22,0,9,16,22,18,19,0,4,16
250593,1,1,1988,0,0,0,0,0,0,0,0,0,0
250593,2,1,1988,0,0,0,16,13,7,0,13,0,18
250593,3,1,1988,16,32,12,16,10,0,29,9,19,12
250594,1,1,1988,29,29,29,29,29,29,29,29,29,29
250595,0,1,1988,8,8,8,8,8,8,8,8,8,8
250595,1,1,1988,0,0,17,0,0,13,0,0,7,0
250596,1,1,1988,0,14,23,10,9,13,4,34,6,9
250597,1,1,1988,0,0,0,0,0,0,0,0,0,0
250597,2,1,1988,0,0,0,0,0,0,0,0,0,0
250598,1,1,1988,0,0,0,0,0,0,0,0,0,0
250599,0,1,1988,3,3,3,3,3,3,3,3,3,3
250599,1,1,1988,0,0,0,0,0,0,0,0,0,0
250600,1,1,1988,18,15,16,0,0,33,14,0,0,28
250601,0,1,1988,0,0,0,0,0,0,0,0,0,0
250601,1,1,1988,10,0,0,0,0,0,0,0,13,0
250602,0,1,1988,0,0,0,0,0,0,0,0,0,0
250602,1,1,1988,0,0,0,0,18,0,19,0,4,0
250603,1,1,1988,18,14,0,0,12,0,0,0,15,21
250604,1,1,1988,0,0,0,0,0,0,0,0,0,0
250604,2,1,1988,0,0,0,0,0,0,0,0,0,0
250605,1,1,1988,0,0,0,0,0,0,0,0,0,0
250605,2,1,1988,0,0,0,0,0,0,0,0,0,0
250606,1,1,1988,26,26,26,26,26,26,26,26,26,26
250606,2,1,1988,0,0,0,0,0,0,0,0,0,0
250606,3,1,1988,0,0,0,0,0,0,0,5,0,0
250607,1,1,1988,30,30,30,30,30,30,30,30,30,30
250608,0,1,1988,0,0,0,0,0,0,0,0,0,0
250608,1,1,1988,0,0,0,6,21,0,10,0,0,0
250609,1,1,1988,0,0,0,0,0,0,0,0,0,0
250609,2,1,1988,12,0,0,0,0,0,0,0,0,0
250610,1,1,1988,32,26,13,34,13,11,25,14,42,11
250611,0,1,1988,0,0,0,0,0,0,0,0,0,0
250611,1,1,1988,0,9,0,0,0,0,0,0,0,0
250612,1,1,1988,0,0,0,0,0,0,0,0,9,0
250613,0,1,1988,27,27,27,27,27,27,27,27,27,27
250613,1,1,1988,11,10,0,0,20,10,11,9,23,25
250614,1,1,1988,0,0,0,0,0,0,0,0,0,0
250615,1,1,1988,0,0,0,0,0,0,19,0,0,0
250615,2,1,1988,0,0,0,0,0,0,0,0,0,0
250616,0,1,1988,0,0,0,0,0,0,0,0,0,0
250616,1,1,1988,12,0,0,0,0,2,0,0,0,22
250617,1,1,1988,0,0,0,0,0,0,0,0,0,0
250617,2,1,1988,0,8,12,15,23,0,0,0,0,0
250618,1,1,1988,20,20,20,20,20,20,20,20,20,20
250619,1,1,1988,0,0,0,0,0,0,0,0,0,0
250619,2,1,1988,17,0,18,10,19,15,12,13,8,40
250620,0,1,1988,0,0,0,0,0,16,0,0,0,0
250620,1,1,1988,9,0,0,0,0,5,0,0,0,0
250621,1,1,1988,20,20,20,20,20,20,20,20,20,20
250622,1,1,1988,0,8,0,0,0,0,5,0,0,0
250623,1,1,1988,5,5,5,5,5,5,5,5,5,5
250624,1,1,1988,10,10,10,10,10,10,10,10,10,10
250625,1,1,1988,0,0,0,0,0,0,0,0,0,0
250625,2,1,1988,0,0,0,0,0,0,0,0,0,0
250626,1,1,1988,0,0,0,0,0,0,0,0,0,0
250626,2,1,1988,0,12,19,0,0,0,0,0,0,0
250626,3,1,1988,0,0,0,0,0,0,6,0,0,0
250627,1,1,1988,0,0,0,0,0,0,0,0,0,0
250627,2,1,1988,0,0,0,0,0,0,0,0,0,0
250628,0,1,1988,0,0,0,0,0,0,0,0,0,0
250628,1,1,1988,0,0,0,0,0,0,0,0,0,0
250629,0,1,1988,0,0,0,0,0,0,0,0,0,0
250629,1,1,1988,0,0,0,0,0,0,0,0,0,0
250630,1,1,1988,14,14,14,14,14,14,14,14,14,14
250631,0,1,1988,0,19,0,0,0,21,5,0,0,0
250631,1,1,1988,19,0,9,0,0,0,0,12,0,0
250632,0,1,1988,13,13,13,13,13,13,13,13,13,13
250632,1,1,1988,14,0,0,2,0,0,0,0,0,0
250633,1,1,1988,0,24,31,14,25,23,16,30,8,0
250634,0,1,1988,0,0,0,0,0,0,0,0,0,0
250634,1,1,1988,0,0,0,0,15,0,0,0,0,0
250635,0,1,1988,11,11,11,11,11,11,11,11,11,11
250635,1,1,1988,0,0,0,0,0,0,0,0,0,0
250636,1,1,1988,11,0,0,0,0,0,0,0,0,0
250637,1,1,1988,11,0,0,4,0,0,0,0,0,0
250638,0,1,1988,0,0,0,0,0,0,0,0,0,0
250638,1,1,1988,0,0,0,0,0,0,0,0,16,0
250639,1,1,1988,0,0,0,0,0,0,0,0,0,0
250639,2,1,1988,0,0,20,0,0,34,0,0,0,17
250639,3,1,1988,0,0,0,10,0,0,0,0,0,0
250641,1,1,1988,0,0,0,0,0,0,0,0,0,0
250641,2,1,1988,0,0,0,0,0,0,0,0,0,0
250642,1,1,1988,0,0,0,0,0,0,0,0,0,0
250642,2,1,1988,0,0,0,0,0,0,0,0,0,0
250644,1,1,1988,0,0,0,16,0,0,0,0,0,0
250645,1,1,1988,9,14,0,0,0,0,11,0,18,0
250645,2,1,1988,24,24,24,24,24,24,24,24,24,24
250646,1,1,1988,0,0,0,0,0,0,0,0,0,0
250647,0,1,1988,32,20,0,37,0,0,0,0,0,0
250647,1,1,1988,12,0,0,0,0,0,0,0,0,0
250648,0,1,1988,0,0,0,0,0,0,0,0,0,0
250648,1,1,1988,0,0,0,0,29,12,0,0,12,36
250649,1,1,1988,0,0,0,0,0,0,0,20,0,0
250650,1,1,1988,0,0,15,0,0,22,13,0,0,0
250650,2,1,1988,0,0,0,0,5,0,0,0,0,0
250651,1,1,1988,0,0,0,0,0,0,0,0,0,0
250651,2,1,1988,20,20,20,20,20,20,20,20,20,20
250652,1,1,1988,0,0,0,0,0,0,0,0,0,0
250652,2,1,1988,0,0,0,0,0,0,0,0,0,0
250653,1,1,1988,0,0,0,0,0,0,0,0,0,0
250653,2,1,1988,0,0,0,0,0,0,0,0,0,0
250654,0,1,1988,0,0,0,0,0,0,0,0,0,0
250654,1,1,1988,0,0,0,0,0,0,0,4,0,17
250655,1,1,1988,0,0,0,0,0,0,0,0,0,0
250656,0,1,1988,0,0,0,0,0,0,0,0,0,0
250656,1,1,1988,0,0,0,0,0,0,0,0,0,0
250657,0,1,1988,0,0,0,0,0,0,0,0,0,0
250657,1,1,1988,0,0,0,0,0,0,0,0,0,0
250668,1,1,1988,0,0,0,0,0,0,0,0,0,0
250669,0,1,1988,0,0,0,0,0,0,0,0,0,0
250669,1,1,1988,0,0,0,0,0,0,0,0,0,0
250670,1,1,1988,23,23,23,23,23,23,23,23,23,23
250671,1,1,1988,0,0,13,0,0,0,0,0,0,0
250672,0,1,1988,0,0,25,0,0,0,0,0,0,0
250672,1,1,1988,0,0,0,0,0,0,0,0,0,0
250673,0,1,1988,16,16,16,16,16,16,16,16,16,16
250673,1,1,1988,17,12,0,0,0,0,0,0,0,0
250674,0,1,1988,9,9,9,9,9,9,9,9,9,9
250674,1,1,1988,20,21,5,0,0,0,0,0,13,26
250675,1,1,1988,0,0,0,0,0,0,0,0,0,0
250676,0,1,1988,0,0,0,0,0,0,0,0,0,0
250676,1,1,1988,0,0,0,0,0,0,0,0,0,0
250677,0,1,1988,0,0,0,0,0,0,0,0,0,0
250677,1,1,1988,0,0,0,15,0,0,0,0,0,30
250678,0,1,1988,0,40,0,0,0,0,0,0,0,0
250678,1,1,1988,0,0,0,15,10,0,0,0,0,0
250679,1,1,1988,15,28,17,31,9,4,14,6,31,12
250680,0,1,1988,0,0,0,0,0,0,0,0,0,0
250680,1,1,1988,0,0,0,0,0,0,0,0,0,0
250681,1,1,1988,0,0,0,0,0,0,0,0,0,0
250682,1,1,1988,0,21,15,12,10,20,17,15,17,12
250682,2,1,1988,0,0,22,0,0,5,0,0,8,0
250682,3,1,1988,9,0,0,15,0,12,0,0,0,0
250682,4,1,1988,0,0,0,0,0,0,8,0,29,0
250683,1,1,1988,29,29,29,29,29,29,29,29,29,29
250683,2,1,1988,0,0,0,0,0,0,0,0,9,0
250683,3,1,1988,0,21,0,0,0,0,10,0,0,0
250683,4,1,1988,0,0,13,0,0,0,0,7,0,0
250684,0,1,1988,0,0,0,0,0,0,0,0,0,0
250684,1,1,1988,0,0,0,0,0,0,0,0,0,0
250685,0,1,1988,0,0,0,0,0,0,0,0,0,0
250685,1,1,1988,0,0,0,0,0,0,9,0,0,0
250686,1,1,1988,0,0,0,0,0,0,0,0,0,0
250686,2,1,1988,0,0,0,0,0,0,0,0,0,0
250687,1,1,1988,16,16,16,16,16,16,16,16,16,16
250688,1,1,1988,17,0,21,6,6,0,0,28,14,25
250688,2,1,1988,0,10,15,7,0,12,14,0,2,4
250689,1,1,1988,0,0,0,0,0,0,0,0,0,0
250690,0,1,1988,0,0,0,23,0,0,0,0,0,0
250690,1,1,1988,0,0,0,0,0,0,0,0,0,0
250691,1,1,1988,0,0,0,0,0,0,0,8,0,0
250691,2,1,1988,0,0,0,0,0,0,0,0,0,0
250692,1,1,1988,7,7,7,7,7,7,7,7,7,7
250693,0,1,1988,0,0,0,0,0,0,0,0,0,0
250693,1,1,1988,0,0,0,0,0,0,0,0,0,0
250694,1,1,1988,18,18,18,18,18,18,18,18,18,18
250695,0,1,1988,0,0,0,0,0,0,0,0,0,0
250695,0,2,1988,24,0,0,0,0,11,0,40,14,0
250695,1,1,1988,9,0,19,0,0,30,0,0,0,0
250696,1,1,1988,0,0,0,0,0,0,0,0,0,0
250697,1,1,1988,0,13,0,0,0,0,0,0,0,0
250697,2,1,1988,0,0,0,0,0,0,0,0,0,0
250698,0,1,1988,21,21,21,21,21,21,21,21,21,21
250698,1,1,1988,0,0,0,0,0,0,0,0,0,0
250699,1,1,1988,0,0,0,0,0,0,0,0,0,0
250699,2,1,1988,28,0,8,6,14,17,7,0,10,11
250700,1,1,1988,0,0,0,0,0,0,0,0,0,0
250700,2,1,1988,0,0,0,0,0,0,0,0,0,0
250701,1,1,1988,23,23,23,23,23,23,23,23,23,23
250702,1,1,1988,17,17,17,17,17,17,17,17,17,17
250703,1,1,1988,0,0,0,0,0,0,0,19,20,0
250703,2,1,1988,7,0,0,0,0,0,0,0,0,0
250704,1,1,1988,14,0,13,27,0,28,0,5,17,9
260001,0,1,1988,35,15,6,15,0,19,18,0,0,2
260001,0,2,1988,26,22,42,13,0,11,20,18,11,20
260001,1,1,1988,18,17,7,20,0,0,0,9,9,12
260002,0,1,1988,0,0,0,0,0,0,0,0,0,0
260002,1,1,1988,13,4,5,5,9,0,14,13,27,13
260002,2,1,1988,0,0,0,0,0,11,9,17,22,0
260004,1,1,1988,23,0,0,0,0,0,0,0,0,0
260004,2,1,1988,0,0,0,0,0,0,0,0,0,0
260005,1,1,1988,19,19,19,19,19,19,19,19,19,19
260006,1,1,1988,0,0,0,0,0,0,0,0,0,0
260006,2,1,1988,0,10,0,0,0,0,0,0,0,0
260007,0,1,1988,0,0,0,0,0,0,0,0,0,0
260007,1,1,1988,0,0,0,0,0,0,0,0,0,0
260008,0,1,1988,0,0,0,0,0,0,0,0,0,0
260008,1,1,1988,0,0,0,0,0,0,0,0,0,0
260009,0,1,1988,0,0,0,0,0,0,0,0,0,0
260009,0,2,1988,0,20,17,0,15,0,0,0,14,18
260009,1,1,1988,0,0,0,16,0,0,0,0,0,0
260010,1,1,1988,0,0,0,0,0,0,0,0,0,0
260010,2,1,1988,0,0,0,0,0,0,0,0,0,0
260011,1,1,1988,32,32,32,32,32,32,32,32,32,32
260011,2,1,1988,0,0,0,0,0,0,0,0,0,0
260011,3,1,1988,0,0,0,0,0,0,0,0,0,0
260012,1,1,1988,0,0,0,0,0,0,0,0,0,0
260013,1,1,1988,0,0,0,0,0,0,0,0,0,0
260013,2,1,1988,0,0,0,0,0,0,0,0,0,0
260014,1,1,1988,13,13,13,13,13,13,13,13,13,13
260015,0,1,1988,0,0,0,0,0,0,0,0,0,0
260015,1,1,1988,1,1,1,1,1,1,1,1,1,1
260016,0,1,1988,34,34,34,34,34,34,34,34,34,34
260016,1,1,1988,0,0,0,0,0,8,0,0,0,0
260017,1,1,1988,0,0,0,0,0,0,0,0,0,0
260017,2,1,1988,0,0,0,0,0,0,0,0,0,0
260018,1,1,1988,0,0,0,0,0,0,0,0,0,0
260019,1,1,1988,6,24,6,13,12,8,12,13,10,5
260020,0,1,1988,14,14,14,14,14,14,14,14,14,14
260020,1,1,1988,7,7,7,7,7,7,7,7,7,7
260020,2,1,1988,0,8,0,0,15,0,0,0,0,0
260021,1,1,1988,40,40,40,40,40,40,40,40,40,40
260022,1,1,1988,18,18,18,18,18,18,18,18,18,18
260023,1,1,1988,0,0,0,0,0,0,5,0,0,0
260024,1,1,1988,0,0,0,0,0,0,0,0,0,0
260024,2,1,1988,0,0,0,0,0,0,0,0,0,0
260025,1,1,1988,16,16,16,16,16,16,16,16,16,16
260026,1,1,1988,17,17,17,17,17,17,17,17,17,17
260026,2,1,1988,0,0,0,0,0,0,0,0,0,0
260027,1,1,1988,26,8,11,13,15,5,22,23,12,14
260027,2,1,1988,0,0,0,0,0,0,0,0,0,0
260028,0,1,1988,27,27,27,27,27,27,27,27,27,27
260028,1,1,1988,0,0,0,0,0,0,0,0,0,0
260028,2,1,1988,0,0,0,0,0,0,19,0,0,0
260029,1,1,1988,0,0,0,0,0,0,0,0,0,0
260029,2,1,1988,12,12,12,12,12,12,12,12,12,12
260029,3,1,1988,0,0,0,0,10,0,0,0,0,0
260030,1,1,1988,0,0,0,0,0,0,0,0,0,0
260030,2,1,1988,0,0,0,0,0,0,0,0,0,0
260031,1,1,1988,0,9,0,0,0,0,0,0,0,0
260031,2,1,1988,0,0,0,0,0,0,0,0,0,0
260032,1,1,1988,33,33,22,12,23,37,18,15,27,15
260033,1,1,1988,0,0,0,0,0,0,0,0,0,0
260034,1,1,1988,31,7,14,22,20,36,24,16,22,8
260035,1,1,1988,0,0,0,0,0,0,0,0,0,0
260035,2,1,1988,0,0,0,0,0,0,0,0,0,0
260036,0,1,1988,13,13,10,37,23,11,9,23,0,0
260036,1,1,1988,0,0,34,10,31,0,6,0,0,0
260037,1,1,1988,11,11,11,11,11,11,11,11,11,11
260038,1,1,1988,0,0,0,0,0,0,0,0,0,0
260038,2,1,1988,10,0,18,29,8,8,14,8,22,10
260039,1,1,1988,0,0,0,0,0,0,0,0,0,0
260039,2,1,1988,0,0,2,0,0,0,0,0,0,0
260040,1,1,1988,0,0,0,0,0,0,0,0,0,0
260040,2,1,1988,0,0,0,0,0,0,0,0,0,0
260041,1,1,1988,0,0,0,0,0,0,0,0,0,0
260041,2,1,1988,0,0,0,0,0,0,0,0,0,0
260042,1,1,1988,0,0,0,0,0,0,0,0,0,0
260042,2,1,1988,0,0,0,0,0,0,0,0,0,0
260043,1,1,1988,10,10,10,10,10,10,10,10,10,10
260044,1,1,1988,0,0,0,0,0,0,0,0,0,0
260044,2,1,1988,0,0,0,0,0,0,0,0,0,0
260044,3,1,1988,0,0,0,0,0,0,0,0,0,0
260045,1,1,1988,0,0,0,0,0,0,0,0,0,0
260046,0,1,1988,0,0,0,0,0,0,0,0,0,0
260046,1,1,1988,0,0,0,0,0,0,0,0,0,0
260047,0,1,1988,0,0,0,0,0,0,0,9,0,0
260047,1,1,1988,0,0,0,0,0,0,0,0,0,0
260048,0,1,1988,0,0,0,0,0,0,0,0,0,0
260048,1,1,1988,0,0,0,0,0,0,0,0,0,0
260049,1,1,1988,0,0,0,0,0,0,0,0,0,0
260049,2,1,1988,0,0,16,0,0,20,20,34,0,4
260050,1,1,1988,0,0,0,0,0,0,0,0,0,0
260050,2,1,1988,0,0,0,0,0,0,0,0,0,0
260051,1,1,1988,1,1,1,1,1,1,1,1,1,1
260051,2,1,1988,16,0,0,0,0,0,0,0,0,0
260052,1,1,1988,0,0,0,0,0,0,0,0,0,0
260052,2,1,1988,0,0,0,0,0,0,0,0,0,0
260053,1,1,1988,19,19,19,19,19,19,19,19,19,19
260054,1,1,1988,2,2,2,2,2,2,2,2,2,2
260055,1,1,1988,16,8,8,5,5,22,14,21,20,12
260055,2,1,1988,0,0,0,15,0,0,0,0,0,0
260056,1,1,1988,23,23,23,23,23,23,23,23,23,23
260057,1,1,1988,9,11,14,25,20,8,0,21,7,22
260057,2,1,1988,16,0,0,0,20,0,0,0,0,0
260058,1,1,1988,0,0,0,0,0,0,0,0,0,16
260058,2,1,1988,0,0,0,0,0,0,0,0,0,0
260059,1,1,1988,0,0,0,0,0,0,0,0,0,0
260059,2,1,1988,0,0,0,0,0,0,0,0,0,0
260060,1,1,1988,0,0,0,0,0,0,0,0,0,0
260060,2,1,1988,0,0,0,0,0,0,0,0,0,0
260061,1,1,1988,0,0,0,0,0,0,0,0,0,0
260061,2,1,1988,0,0,0,0,0,0,0,0,0,0
260062,0,1,1988,0,0,0,0,0,0,0,0,0,0
260062,1,1,1988,0,0,0,0,0,0,0,0,0,0
260063,1,1,1988,0,0,0,0,0,0,0,0,0,0
260063,2,1,1988,0,0,0,0,0,0,0,0,0,0
260064,1,1,1988,0,0,4,0,0,0,0,0,0,0
260064,2,1,1988,0,0,0,0,0,0,0,0,0,0
260064,3,1,1988,0,0,0,0,0,0,0,0,0,0
260065,1,1,1988,0,0,0,0,0,0,0,0,0,0
260066,1,1,1988,24,24,24,24,24,24,24,24,24,24
260067,0,1,1988,0,0,0,0,0,0,0,0,0,0
260067,1,1,1988,0,0,0,0,0,0,0,0,0,0
260068,1,1,1988,37,37,37,37,37,37,37,37,37,37
260069,0,1,1988,0,0,0,0,0,0,0,0,0,0
260069,1,1,1988,0,0,0,0,7,0,0,0,15,0
260070,1,1,1988,5,29,0,0,0,25,0,12,0,0
260071,1,1,1988,17,17,17,17,17,17,17,17,17,17
260072,1,1,1988,19,19,19,19,19,19,19,19,19,19
260072,2,1,1988,0,0,0,0,0,0,0,0,0,0
260072,3,1,1988,3,3,3,3,3,3,3,3,3,3
260073,1,1,1988,0,0,11,0,0,24,0,0,20,0
260073,2,1,1988,0,0,0,0,0,0,0,0,0,0
260074,1,1,1988,7,7,7,7,7,7,7,7,7,7
260074,2,1,1988,0,0,0,0,0,0,0,0,0,0
260074,3,1,1988,0,0,0,0,0,0,0,0,0,0
260075,1,1,1988,9,20,9,23,19,0,40,8,35,20
260076,1,1,1988,0,0,0,20,0,0,10,12,12,0
260076,2,1,1988,0,13,0,22,0,0,0,20,18,0
260077,0,1,1988,27,27,27,27,27,27,27,27,27,27
260077,1,1,1988,0,0,0,0,0,0,0,0,0,0
260078,1,1,1988,0,0,0,0,0,0,0,0,0,0
260078,2,1,1988,0,0,0,0,0,0,0,0,0,0
260079,1,1,1988,29,33,37,5,28,31,27,32,20,12
260080,0,1,1988,0,0,0,0,0,0,0,0,0,0
260080,1,1,1988,0,0,0,0,0,0,0,0,0,0
260081,1,1,1988,0,0,0,0,0,0,0,0,0,0
260082,0,1,1988,0,0,0,0,0,19,0,0,0,0
260082,1,1,1988,3,3,3,3,3,3,3,3,3,3
260082,2,1,1988,0,0,0,0,0,0,0,0,0,0
260083,1,1,1988,0,0,0,0,0,0,0,0,0,0
260083,2,1,1988,0,0,0,0,0,0,0,0,0,9
260084,1,1,1988,0,0,0,0,36,0,0,0,18,27
260084,2,1,1988,0,0,0,0,0,0,0,0,0,0
260085,0,1,1988,0,0,0,0,0,0,0,0,0,0
260085,1,1,1988,0,0,0,0,0,0,0,0,0,0
260086,0,1,1988,0,0,0,0,0,0,0,0,0,0
260086,1,1,1988,0,0,0,0,0,0,0,0,0,0
260087,0,1,1988,0,0,0,0,0,0,0,0,0,0
260087,1,1,1988,0,0,0,0,0,0,0,0,0,0
260088,1,1,1988,0,0,0,0,0,26,0,0,14,0
260089,0,1,1988,0,18,0,0,0,0,0,0,0,0
260089,0,2,1988,8,0,0,0,0,0,0,0,0,20
260089,0,3,1988,0,0,19,0,0,0,7,6,30,15
260089,0,4,1988,0,0,0,0,0,0,0,0,0,0
260089,1,1,1988,0,0,0,0,0,0,0,0,0,0
260089,2,1,1988,0,0,0,0,0,0,0,0,0,0
260090,1,1,1988,0,0,19,0,0,0,0,0,0,0
260091,0,1,1988,5,21,21,12,28,21,0,0,33,18
260091,1,1,1988,0,0,0,0,0,0,0,0,0,0
260092,0,1,1988,35,35,35,35,35,35,35,35,35,35
260092,1,1,1988,0,0,6,0,0,0,48,12,19,22
260093,1,1,1988,20,20,20,20,20,20,20,20,20,20
260093,2,1,1988,0,0,0,0,0,0,0,0,0,0
260094,1,1,1988,15,15,15,15,15,15,15,15,15,15
260095,0,1,1988,0,0,0,0,0,0,0,0,0,0
260095,1,1,1988,0,0,0,0,0,0,8,0,0,0
260096,1,1,1988,0,0,0,0,0,0,0,0,0,0
260096,2,1,1988,0,15,0,0,0,0,0,0,0,0
260097,1,1,1988,0,0,0,0,0,0,0,0,0,0
260098,1,1,1988,0,0,0,0,0,0,0,15,0,0
260098,2,1,1988,0,0,0,0,0,0,0,0,0,0
260098,3,1,1988,0,0,0,0,0,0,0,0,0,0
260099,1,1,1988,9,0,11,12,3,14,12,13,0,18
260099,2,1,1988,0,0,0,0,0,0,0,0,0,0
260100,0,1,1988,0,0,0,24,4,0,0,0,0,0
260100,1,1,1988,0,23,0,0,0,0,0,0,0,0
260101,1,1,1988,0,0,0,0,0,0,0,0,0,0
260101,2,1,1988,1,1,1,1,1,1,1,1,1,1
260102,1,1,1988,0,0,0,0,0,0,0,0,0,0
260102,2,1,1988,0,0,0,12,18,0,0,0,0,0
260103,1,1,1988,0,0,0,0,0,0,0,0,0,0
260104,1,1,1988,0,0,0,0,0,0,0,0,0,0
260104,2,1,1988,0,0,0,0,0,0,0,0,0,0
260105,1,1,1988,0,0,0,11,0,0,0,0,0,0
260106,0,1,1988,0,0,0,0,0,0,0,0,0,0
260106,0,2,1988,0,0,0,0,14,0,0,0,0,0
260106,2,1,1988,0,0,0,0,0,0,0,0,0,0
260107,1,1,1988,0,0,0,0,0,0,0,0,12,0
260108,1,1,1988,32,32,32,32,32,32,32,32,32,32
260109,1,1,1988,0,0,0,0,0,0,0,0,0,0
260110,0,1,1988,0,0,0,0,0,0,0,0,0,0
260110,1,1,1988,0,0,0,0,0,0,0,0,0,0
260111,1,1,1988,0,24,16,0,0,0,0,25,0,0
260111,2,1,1988,0,0,0,0,0,0,0,0,0,5
260111,3,1,1988,0,0,0,0,0,0,0,0,0,0
260112,0,1,1988,24,15,0,0,0,0,0,0,0,0
260112,1,1,1988,0,0,0,0,0,0,0,0,0,0
260113,1,1,1988,0,0,0,0,0,0,0,0,0,0
260114,1,1,1988,9,26,21,5,11,31,13,16,6,37
260114,2,1,1988,0,0,0,0,19,0,0,0,0,0
260115,1,1,1988,0,0,0,11,17,0,0,0,0,0
260115,2,1,1988,0,0,0,0,0,0,0,0,0,0
260116,1,1,1988,29,29,29,29,29,29,29,29,29,29
260117,0,1,1988,31,31,31,31,31,31,31,31,31,31
260117,1,1,1988,13,8,26,5,0,0,16,0,9,0
260117,2,1,1988,0,0,0,0,0,0,0,0,0,0
260118,1,1,1988,15,15,15,15,15,15,15,15,15,15
260119,1,1,1988,0,0,7,0,0,0,0,0,0,0
260119,2,1,1988,0,0,0,0,0,0,0,0,0,0
260120,1,1,1988,0,0,0,0,0,0,0,0,0,0
260120,2,1,1988,20,20,20,20,20,20,20,20,20,20
260121,1,1,1988,0,0,0,0,0,0,0,0,0,0
260121,2,1,1988,0,0,0,0,0,0,0,0,0,0
260122,1,1,1988,20,0,0,0,9,11,10,0,0,11
260122,2,1,1988,0,0,0,0,0,0,0,0,0,0
260123,1,1,1988,0,0,0,0,0,0,0,0,0,0
260123,2,1,1988,0,0,0,0,0,0,0,0,0,0
260124,0,1,1988,0,0,0,0,0,0,0,0,0,24
260124,0,2,1988,0,0,0,0,0,0,0,0,13,0
260124,1,1,1988,12,12,12,12,12,12,12,12,12,12
260124,2,1,1988,0,0,0,0,0,0,0,0,0,0
260125,1,1,1988,2,2,2,2,2,2,2,2,2,2
260125,2,1,1988,0,0,0,0,0,0,0,0,0,0
260126,1,1,1988,9,9,9,9,9,9,9,9,9,9
260126,2,1,1988,0,0,0,0,0,0,0,0,0,0
260127,1,1,1988,0,0,0,20,0,0,0,15,0,0
260127,2,1,1988,0,36,0,0,0,9,0,0,0,0
260128,1,1,1988,26,26,26,26,26,26,26,26,26,26
260129,1,1,1988,16,16,16,16,16,16,16,16,16,16
260130,1,1,1988,0,0,0,0,0,0,0,0,0,0
260130,2,1,1988,0,0,0,0,0,18,0,0,0,0
260131,1,1,1988,29,29,29,29,29,29,29,29,29,29
260131,2,1,1988,0,0,0,0,0,0,0,0,0,0
260132,1,1,1988,0,0,0,0,0,0,0,0,0,0
260132,2,1,1988,0,0,0,0,0,0,0,0,0,0
260133,1,1,1988,14,0,0,0,0,12,0,0,0,0
260133,2,1,1988,0,0,0,0,0,0,0,0,5,0
260134,0,1,1988,0,0,0,0,0,0,0,0,0,0
260134,1,1,1988,14,0,0,0,0,19,26,0,0,0
260134,2,1,1988,0,0,0,0,0,0,0,0,0,0
260135,1,1,1988,0,0,0,0,0,9,0,0,0,12
260135,2,1,1988,0,0,0,0,0,0,0,19,0,0
260136,1,1,1988,13,20,18,21,13,14,0,16,11,0
260136,2,1,1988,0,0,0,0,0,0,0,0,0,0
260138,1,1,1988,0,0,0,8,0,27,0,0,16,0
260138,2,1,1988,0,0,0,0,0,0,0,0,0,0
260138,3,1,1988,16,0,0,0,0,0,17,0,0,0
260139,1,1,1988,0,0,0,0,0,0,0,0,0,0
260140,0,1,1988,0,41,39,0,19,0,0,0,0,32
260140,1,1,1988,0,0,0,0,0,0,0,0,0,0
260140,2,1,1988,0,0,0,0,0,0,0,0,0,0
260141,1,1,1988,22,37,25,32,3,7,12,14,10,21
260141,2,1,1988,0,0,0,0,0,0,0,0,0,0
260142,1,1,1988,24,15,35,19,5,9,0,9,20,24
260143,1,1,1988,0,0,0,0,0,0,0,0,0,0
260144,1,1,1988,0,0,0,11,23,14,0,0,0,0
260144,2,1,1988,0,0,0,0,0,0,0,0,0,0
260145,1,1,1988,0,0,0,0,0,0,0,0,0,0
260145,2,1,1988,0,0,0,0,0,0,0,0,0,0
260146,1,1,1988,0,0,0,0,9,0,0,0,0,0
260146,2,1,1988,0,0,0,0,0,0,0,0,0,0
260147,1,1,1988,0,0,0,0,0,0,0,0,0,0
260147,2,1,1988,0,0,0,0,0,0,0,0,0,0
260148,1,1,1988,0,0,0,0,0,0,0,0,0,0
260149,0,1,1988,0,0,0,0,0,0,0,0,0,7
260149,1,1,1988,0,0,0,0,0,0,0,0,0,0
260150,1,1,1988,0,19,0,0,0,0,0,0,0,0
260150,2,1,1988,24,22,10,28,0,6,21,9,16,31
260151,0,1,1988,19,19,19,19,19,19,19,19,19,19
260151,1,1,1988,23,18,5,0,0,0,0,15,2,0
260152,1,1,1988,12,12,12,12,12,12,12,12,12,12
260152,2,1,1988,0,0,0,0,0,0,0,0,0,0
260153,1,1,1988,0,0,0,0,0,0,0,0,0,0
260153,2,1,1988,0,0,0,0,0,0,0,0,0,0
260154,1,1,1988,0,16,0,0,0,0,19,0,0,0
260155,0,1,1988,33,33,33,33,33,33,33,33,33,33
260155,1,1,1988,0,0,0,0,0,0,0,0,0,0
260156,1,1,1988,15,0,0,0,0,0,0,0,30,0
260156,2,1,1988,0,0,0,0,0,0,0,0,0,0
260157,1,1,1988,0,0,0,0,0,0,10,0,0,0
260157,2,1,1988,0,0,0,0,0,0,0,0,0,0
260158,0,1,1988,0,0,0,20,0,0,0,13,0,0
260158,1,1,1988,26,14,16,21,24,17,28,9,11,16
260159,1,1,1988,0,0,0,0,0,0,0,0,0,0
260159,2,1,1988,0,0,0,0,0,0,0,0,0,0