ST_CASE,VEH_NO,PER_NO,YEAR,P1,P2,P3,P4,P5,P6,P7,P8,P9,P10
260424,1,1,1988,18,18,18,18,18,18,18,18,18,18
260425,1,1,1988,28,28,28,28,28,28,28,28,28,28
260426,1,1,1988,0,0,0,0,0,0,0,0,0,0
260427,0,1,1988,0,0,0,0,0,0,0,0,0,0
260427,1,1,1988,0,0,0,0,0,0,0,0,0,0
260428,1,1,1988,20,16,23,0,0,7,0,17,0,0
260429,1,1,1988,0,0,0,0,0,0,0,0,0,0
260429,2,1,1988,0,0,0,0,0,0,0,0,0,0
260430,1,1,1988,0,0,0,0,0,6,0,0,0,0
260431,1,1,1988,0,0,0,0,0,0,0,0,0,0
260431,2,1,1988,0,0,0,0,0,0,0,0,0,0
260432,1,1,1988,0,0,0,0,0,0,0,28,0,0
260432,2,1,1988,13,13,13,13,13,13,13,13,13,13
260432,3,1,1988,0,0,0,0,0,0,0,0,0,0
260433,1,1,1988,23,23,23,23,23,23,23,23,23,23
260434,1,1,1988,0,0,0,0,0,13,0,0,0,0
260434,2,1,1988,0,0,0,0,0,0,0,0,0,0
260435,1,1,1988,32,32,32,32,32,32,32,32,32,32
260436,1,1,1988,0,0,0,0,0,0,0,0,0,0
260437,1,1,1988,21,21,21,21,21,21,21,21,21,21
260438,1,1,1988,29,27,14,19,12,14,20,7,44,12
260439,1,1,1988,22,22,9,11,16,24,24,24,24,19
260440,1,1,1988,0,24,8,0,0,0,0,0,14,43
260441,1,1,1988,12,12,12,12,12,12,12,12,12,12
260442,1,1,1988,22,22,22,22,22,22,22,22,22,22
260443,1,1,1988,0,0,0,0,0,0,0,0,0,0
260443,2,1,1988,0,0,0,0,0,0,0,0,0,0
260444,1,1,1988,18,18,18,18,18,18,18,18,18,18
260444,2,1,1988,0,0,0,0,0,0,0,0,0,15
260445,1,1,1988,24,24,24,24,24,24,24,24,24,24
260446,0,1,1988,0,0,0,0,0,0,0,0,0,0
260446,1,1,1988,0,0,0,0,0,0,0,0,0,0
260447,1,1,1988,0,0,0,0,0,0,0,0,0,0
260447,2,1,1988,0,0,0,0,0,0,0,0,0,0
260448,1,1,1988,5,5,5,5,5,5,5,5,5,5
260449,0,1,1988,31,31,31,31,31,31,31,31,31,31
260449,1,1,1988,16,0,0,0,0,0,0,0,0,0
260450,1,1,1988,0,0,0,0,0,0,0,0,0,0
260451,1,1,1988,0,0,0,4,0,0,0,0,0,0
260452,1,1,1988,0,0,0,0,0,0,0,0,0,0
260452,2,1,1988,0,0,0,0,0,0,0,0,0,0
260452,3,1,1988,0,0,0,0,0,0,0,0,0,0
260452,4,1,1988,0,0,0,0,0,0,0,0,0,0
260453,0,1,1988,0,0,0,0,0,0,0,0,0,0
260453,1,1,1988,0,0,0,0,0,0,0,0,0,0
260454,0,1,1988,24,24,24,24,24,24,24,24,24,24
260454,1,1,1988,0,0,0,0,0,0,0,0,0,0
260455,0,1,1988,0,0,0,0,0,0,0,0,0,0
260455,1,1,1988,0,0,0,0,0,0,0,0,0,0
260456,1,1,1988,0,0,0,0,0,27,0,0,0,0
260456,2,1,1988,0,0,0,0,0,0,0,0,0,0
260457,0,1,1988,34,24,0,4,14,50,19,23,9,28
260457,1,1,1988,7,7,7,7,7,7,7,7,7,7
260458,0,1,1988,18,18,18,18,18,18,18,18,18,18
260458,1,1,1988,0,0,0,0,0,0,0,0,0,0
260459,1,1,1988,13,0,0,0,6,0,0,0,0,0
260460,1,1,1988,24,24,24,24,24,24,24,24,24,24
260461,1,1,1988,19,19,19,19,19,19,19,19,19,19
260461,2,1,1988,2,2,2,2,2,2,2,2,2,2
260462,1,1,1988,0,0,17,0,16,0,0,0,0,0
260463,0,1,1988,0,0,0,0,0,0,0,0,0,0
260463,1,1,1988,0,0,0,0,0,0,0,0,0,0
260464,1,1,1988,12,12,12,12,12,12,12,12,12,12
260465,0,1,1988,0,0,9,0,0,0,0,0,0,0
260465,1,1,1988,0,0,5,0,0,0,0,0,0,0
260466,1,1,1988,0,0,0,0,0,0,0,0,0,0
260466,2,1,1988,0,0,0,0,0,0,0,0,0,36
260467,1,1,1988,19,9,23,6,12,12,22,18,25,20
260468,1,1,1988,24,24,24,24,24,24,24,24,24,24
260469,1,1,1988,0,0,9,0,0,0,0,0,0,0
260470,1,1,1988,0,0,0,0,0,0,0,0,0,0
260470,2,1,1988,0,0,0,0,0,0,0,0,0,0
260471,1,1,1988,20,20,20,20,20,20,20,20,20,20
260471,2,1,1988,0,0,0,0,0,0,0,0,0,0
260471,3,1,1988,0,0,0,0,0,0,3,0,0,0
260472,0,1,1988,14,0,0,0,0,0,0,0,0,0
260472,0,2,1988,0,0,22,0,0,0,0,0,0,0
260472,0,3,1988,0,38,0,0,18,0,0,0,0,17
260472,0,4,1988,0,0,0,0,0,0,0,8,9,0
260472,1,1,1988,0,0,0,0,0,0,0,0,0,0
260472,2,1,1988,0,0,0,0,0,0,0,0,0,0
260473,0,1,1988,0,0,0,0,0,0,0,0,0,0
260473,1,1,1988,0,0,0,0,0,0,0,0,0,0
260474,1,1,1988,1,1,1,1,1,1,1,1,1,1
260475,0,1,1988,10,7,16,14,14,17,32,0,8,12
260475,1,1,1988,0,0,0,0,0,0,0,0,0,0
260476,1,1,1988,0,0,0,0,0,0,0,0,0,0
260477,1,1,1988,0,0,0,0,0,0,0,0,0,0
260477,2,1,1988,0,0,0,0,0,0,0,0,0,0
260477,3,1,1988,0,0,0,0,0,0,0,0,0,0
260478,1,1,1988,6,6,6,6,6,6,6,6,6,6
260479,1,1,1988,0,0,0,0,0,0,0,0,0,0
260479,2,1,1988,0,0,0,0,0,0,0,0,0,0
260480,1,1,1988,21,21,21,21,21,21,21,21,21,21
260480,2,1,1988,0,0,0,0,0,0,0,0,0,0
260480,3,1,1988,0,0,0,0,0,0,0,0,0,0
260481,1,1,1988,0,0,0,0,0,9,0,0,0,0
260481,2,1,1988,0,0,0,0,0,0,0,0,0,0
260482,1,1,1988,20,20,20,20,20,20,20,20,20,20
260483,1,1,1988,0,0,0,0,0,0,0,0,0,0
260483,2,1,1988,0,0,0,0,0,0,0,16,28,20
260484,1,1,1988,7,7,7,7,7,7,7,7,7,7
260485,0,1,1988,1,1,1,1,1,1,1,1,1,1
260485,1,1,1988,0,0,0,0,0,0,0,0,0,0
260486,1,1,1988,15,15,15,15,15,15,15,15,15,15
260487,1,1,1988,0,0,0,0,0,0,0,0,0,0
260487,2,1,1988,3,3,3,3,3,3,3,3,3,3
260488,1,1,1988,0,0,0,0,0,0,0,0,0,0
260489,1,1,1988,0,0,0,0,16,0,0,40,0,0
260490,0,1,1988,0,0,0,0,0,0,11,12,0,6
260490,1,1,1988,22,22,22,22,22,22,22,22,22,22
260491,0,1,1988,0,0,0,0,0,0,0,0,0,0
260491,1,1,1988,0,0,0,0,0,0,0,0,0,0
260492,1,1,1988,20,20,20,20,20,20,20,20,20,20
260492,2,1,1988,28,24,25,13,9,12,10,29,13,18
260493,1,1,1988,22,22,22,22,22,22,22,22,22,22
260494,1,1,1988,0,0,0,0,0,0,0,9,0,9
260495,1,1,1988,0,0,0,0,0,10,17,0,0,0
260495,2,1,1988,0,0,0,0,0,0,0,0,0,0
260496,1,1,1988,1,1,1,1,1,1,1,1,1,1
260497,0,1,1988,0,0,0,0,0,0,0,0,0,0
260497,1,1,1988,0,0,0,0,0,0,0,0,0,0
260498,1,1,1988,0,0,0,0,0,0,0,0,0,0
260498,2,1,1988,0,0,0,0,0,0,0,0,0,0
260499,1,1,1988,0,0,0,0,0,0,0,0,0,0
260500,1,1,1988,0,0,0,0,0,0,0,0,0,0
260500,2,1,1988,0,6,0,0,0,0,0,0,0,0
260501,1,1,1988,0,0,9,22,28,0,14,8,9,0
260502,1,1,1988,7,10,11,25,19,11,9,8,30,15
260503,1,1,1988,0,0,0,0,0,0,0,18,0,0
260503,2,1,1988,16,17,26,11,14,22,12,20,17,18
260504,1,1,1988,0,0,0,0,0,0,0,0,0,0
260504,2,1,1988,0,0,0,0,0,0,0,0,0,0
260505,1,1,1988,0,0,0,0,0,0,0,0,0,0
260505,2,1,1988,0,0,0,0,0,0,0,0,0,0
260506,1,1,1988,0,0,0,0,0,20,0,0,0,0
260506,2,1,1988,0,0,0,0,0,0,0,0,0,0
260507,1,1,1988,17,17,17,17,17,17,17,17,17,17
260509,1,1,1988,0,0,0,0,0,0,0,0,0,0
260509,2,1,1988,0,16,0,16,12,0,0,10,0,0
260510,0,1,1988,0,0,0,0,0,0,0,2,0,0
260510,1,1,1988,0,0,0,0,0,0,0,0,0,0
260511,0,1,1988,0,0,0,0,0,0,0,0,0,0
260511,1,1,1988,0,0,0,0,0,0,0,0,0,0
260512,1,1,1988,4,4,4,4,4,4,4,4,4,4
260513,0,1,1988,0,0,0,0,0,0,0,0,0,0
260513,1,1,1988,0,0,0,0,0,0,0,0,0,0
260514,1,1,1988,3,3,3,3,3,3,3,3,3,3
260514,2,1,1988,0,10,0,0,0,0,0,0,0,0
260515,1,1,1988,14,6,27,13,13,19,13,29,10,7
260516,1,1,1988,0,0,18,0,0,0,0,9,0,0
260516,2,1,1988,0,0,0,0,0,14,0,0,0,0
260517,0,1,1988,0,0,0,0,0,0,0,0,0,0
260517,1,1,1988,0,0,0,0,0,0,0,0,0,0
260517,2,1,1988,0,0,0,0,0,0,0,0,0,0
260518,0,1,1988,26,26,26,26,26,26,26,26,26,26
260518,1,1,1988,0,0,0,0,0,0,0,0,0,0
260519,1,1,1988,11,15,8,0,9,20,21,8,26,13
260519,2,1,1988,0,0,0,0,0,0,0,0,0,0
260519,3,1,1988,32,0,0,0,0,0,0,0,14,12
260520,1,1,1988,0,0,0,0,0,0,0,0,0,0
260520,2,1,1988,0,6,0,14,32,0,13,0,0,17
260522,1,1,1988,29,29,29,29,29,29,29,29,29,29
260522,2,1,1988,0,0,0,0,0,0,0,0,0,0
260523,1,1,1988,0,0,18,0,0,0,0,16,0,9
260523,2,1,1988,0,0,0,0,0,12,0,0,0,0
260524,1,1,1988,0,0,0,0,0,0,0,0,0,0
260524,2,1,1988,0,10,0,0,0,0,0,0,0,0
260525,1,1,1988,24,24,24,24,24,24,24,24,24,24
260526,1,1,1988,18,18,18,18,18,18,18,18,18,18
260527,1,1,1988,0,0,0,0,0,0,0,0,0,0
260527,2,1,1988,0,0,0,0,0,0,0,0,0,0
260528,0,1,1988,0,0,0,0,0,0,0,0,0,0
260528,1,1,1988,13,13,13,13,13,13,13,13,13,13
260529,1,1,1988,7,7,7,7,7,7,7,7,7,7
260530,0,1,1988,14,14,14,14,14,14,14,14,14,14
260530,1,1,1988,0,0,0,0,0,0,21,0,0,0
260531,1,1,1988,39,39,39,39,39,39,39,39,39,39
260532,1,1,1988,4,4,4,4,4,4,4,4,4,4
260532,2,1,1988,0,0,0,0,0,0,0,0,0,0
260533,1,1,1988,26,26,26,26,26,26,26,26,26,26
260534,0,1,1988,0,0,0,0,0,0,0,0,0,0
260534,1,1,1988,0,0,0,0,0,0,0,0,0,0
260535,1,1,1988,17,19,15,11,22,23,37,22,0,28
260536,1,1,1988,0,0,0,0,0,0,0,0,0,0
260537,1,1,1988,17,17,17,17,17,17,17,17,17,17
260537,2,1,1988,0,0,0,0,0,0,0,0,0,0
260538,1,1,1988,0,0,0,0,0,0,0,0,0,0
260538,2,1,1988,0,0,0,0,0,0,0,0,0,0
260539,1,1,1988,0,0,0,0,0,0,0,0,0,0
260539,2,1,1988,0,0,0,0,0,0,0,0,0,0
260540,1,1,1988,0,0,0,0,0,0,9,0,0,0
260540,2,1,1988,0,0,0,0,0,0,0,0,0,0
260541,1,1,1988,10,6,22,17,16,32,14,31,29,10
260542,0,1,1988,39,39,39,39,39,39,39,39,39,39
260542,1,1,1988,23,23,23,23,23,23,23,23,23,23
260543,1,1,1988,8,20,7,18,35,13,12,12,10,29
260544,1,1,1988,11,11,11,11,11,11,11,11,11,11
260544,2,1,1988,0,0,0,0,0,0,0,0,0,0
260545,1,1,1988,18,18,18,18,18,18,18,18,18,18
260545,2,1,1988,0,0,0,0,0,0,0,0,0,0
260546,1,1,1988,16,0,11,2,11,18,18,18,28,11
260546,2,1,1988,0,0,0,0,0,0,0,0,0,0
260547,0,1,1988,0,0,0,0,0,0,0,0,0,0
260547,1,1,1988,0,0,0,0,0,0,0,0,0,0
260548,1,1,1988,0,0,0,0,0,0,0,0,0,0
260549,1,1,1988,0,0,0,0,0,0,0,0,0,0
260549,2,1,1988,0,9,0,0,0,0,0,0,0,0
260550,1,1,1988,13,13,13,13,13,13,13,13,13,13
260551,1,1,1988,0,0,0,0,0,0,0,0,0,0
260551,2,1,1988,0,0,0,0,0,0,0,0,0,0
260552,1,1,1988,0,0,0,9,0,0,0,12,0,0
260552,2,1,1988,0,0,0,0,0,0,0,0,0,0
260553,1,1,1988,0,0,0,0,0,0,0,0,0,0
260553,2,1,1988,0,0,0,0,0,23,0,0,0,0
260554,1,1,1988,0,0,0,0,0,0,0,0,0,0
260555,1,1,1988,38,31,16,31,0,16,46,18,30,0
260555,2,1,1988,0,28,7,0,0,0,0,0,0,0
260556,1,1,1988,0,0,0,0,0,0,0,0,0,0
260556,2,1,1988,0,0,0,0,0,0,0,0,0,0
260557,1,1,1988,0,0,0,0,0,0,0,0,0,0
260557,2,1,1988,1,1,1,1,1,1,1,1,1,1
260558,1,1,1988,1,1,1,1,1,1,1,1,1,1
260559,1,1,1988,0,0,0,0,0,0,0,0,0,0
260559,2,1,1988,0,0,0,0,0,0,0,0,0,0
260560,1,1,1988,0,0,0,0,0,0,0,0,0,0
260561,1,1,1988,15,15,15,15,15,15,15,15,15,15
260562,1,1,1988,24,24,24,24,24,24,24,24,24,24
260563,1,1,1988,0,0,0,0,0,0,8,0,13,19
260563,2,1,1988,0,0,0,0,0,0,0,0,0,0
260564,1,1,1988,0,0,0,0,0,0,0,0,0,0
260564,2,1,1988,0,0,0,0,0,0,0,0,0,0
260565,0,1,1988,0,0,0,0,0,0,0,0,0,0
260565,1,1,1988,0,0,0,0,17,0,0,0,0,0
260566,1,1,1988,0,10,0,0,0,0,0,0,0,0
260567,1,1,1988,0,0,0,0,0,0,0,0,0,0
260567,2,1,1988,0,0,0,0,0,0,0,0,0,0
260568,1,1,1988,3,3,3,3,3,3,3,3,3,3
260569,1,1,1988,0,0,0,0,0,0,0,0,0,0
260570,1,1,1988,0,0,0,0,0,0,0,0,0,0
260571,0,1,1988,0,0,0,0,0,0,0,0,0,0
260571,1,1,1988,0,0,0,0,0,0,0,0,0,0
260572,1,1,1988,10,10,10,10,10,10,10,10,10,10
260572,2,1,1988,13,13,13,13,13,13,13,13,13,13
260573,1,1,1988,0,0,0,0,0,0,0,0,0,0
260573,2,1,1988,0,0,0,0,0,0,0,0,0,0
260574,1,1,1988,0,0,0,0,0,0,0,0,0,0
260575,1,1,1988,31,31,31,31,31,31,31,31,31,31
260576,1,1,1988,0,0,0,0,0,0,0,0,0,0
260577,1,1,1988,0,0,0,0,0,0,0,17,0,0
260577,2,1,1988,0,0,0,0,0,0,0,0,0,0
260578,1,1,1988,0,0,0,0,0,0,0,0,0,0
260578,2,1,1988,0,0,0,0,0,0,0,0,0,0
260579,1,1,1988,0,0,0,0,0,0,0,24,0,0
260580,1,1,1988,10,10,10,10,10,10,10,10,10,10
260580,2,1,1988,0,0,0,0,0,0,0,0,0,0
260581,1,1,1988,0,0,0,0,0,0,0,0,0,0
260581,2,1,1988,22,12,9,22,0,13,0,15,0,0
260582,0,1,1988,0,0,0,0,0,0,0,0,0,0
260582,1,1,1988,0,0,0,0,0,0,0,0,0,0
260583,1,1,1988,7,0,10,11,17,12,9,5,0,0
260584,0,1,1988,0,0,0,0,0,0,0,0,0,0
260584,1,1,1988,0,0,0,0,0,0,0,0,0,0
260585,1,1,1988,0,0,0,0,0,0,0,0,0,0
260585,2,1,1988,0,0,0,0,0,0,0,0,0,0
260586,1,1,1988,20,20,20,20,20,20,20,20,20,20
260587,0,1,1988,0,0,0,0,0,0,0,0,0,0
260587,1,1,1988,0,0,0,0,0,0,0,0,0,0
260588,1,1,1988,0,0,0,0,0,0,0,19,0,0
260588,2,1,1988,0,15,0,0,0,0,0,0,0,0
260589,1,1,1988,0,0,0,0,0,0,0,0,0,0
260589,2,1,1988,0,0,0,0,0,0,0,0,0,0
260590,0,1,1988,0,0,0,0,0,0,0,0,0,0
260590,0,2,1988,0,0,0,0,0,0,0,0,22,0
260590,0,3,1988,0,0,0,0,0,0,0,0,0,0
260590,1,1,1988,0,0,0,0,0,0,0,0,0,0
260591,0,1,1988,0,18,13,8,0,0,17,22,16,21
260591,1,1,1988,0,0,0,0,0,0,0,0,0,0
260592,1,1,1988,22,32,0,25,0,0,15,15,23,0
260594,1,1,1988,0,0,0,0,0,0,0,0,0,0
260594,2,1,1988,0,0,0,0,0,0,0,0,0,0
260594,3,1,1988,0,0,0,0,12,0,0,0,0,0
260595,0,1,1988,5,0,31,23,27,26,23,27,23,19
260595,1,1,1988,0,0,0,5,0,10,0,0,8,0
260596,1,1,1988,0,0,0,0,0,0,0,0,3,0
260596,2,1,1988,0,0,0,0,8,0,0,0,0,0
260597,1,1,1988,20,20,20,20,20,20,20,20,20,20
260598,1,1,1988,16,16,16,16,16,16,16,16,16,16
260599,1,1,1988,21,21,21,21,21,21,21,21,21,21
260599,2,1,1988,0,0,0,0,0,0,0,0,0,0
260600,1,1,1988,0,20,18,0,0,0,10,0,0,16
260601,1,1,1988,0,0,0,0,0,0,0,0,0,0
260601,2,1,1988,0,0,0,0,0,0,0,0,0,0
260603,1,1,1988,18,18,18,18,18,18,18,18,18,18
260604,1,1,1988,0,0,0,0,0,0,0,0,0,0
260604,2,1,1988,0,0,0,0,0,0,0,0,0,0
260605,1,1,1988,0,0,0,0,0,0,0,0,0,0
260605,2,1,1988,0,0,0,0,0,0,0,0,0,0
260606,1,1,1988,25,25,25,25,25,25,25,25,25,25
260607,1,1,1988,25,25,25,25,25,25,25,25,25,25
260608,1,1,1988,0,0,0,0,0,0,0,0,0,0
260608,2,1,1988,0,0,0,0,0,0,0,0,0,0
260609,1,1,1988,0,0,0,0,20,9,0,0,0,0
260610,0,1,1988,0,0,0,0,0,0,0,0,0,0
260610,1,1,1988,0,0,0,0,10,0,0,0,0,0
260611,0,1,1988,28,28,28,28,28,28,28,28,28,28
260611,1,1,1988,0,3,0,0,0,12,4,11,0,18
260612,1,1,1988,22,0,0,0,27,19,0,16,11,0
260613,1,1,1988,14,14,14,14,14,14,14,14,14,14
260614,1,1,1988,2,2,2,2,2,2,2,2,2,2
260615,1,1,1988,21,21,21,21,21,21,21,21,21,21
260616,1,1,1988,0,0,0,23,0,0,0,0,0,0
260616,2,1,1988,0,0,0,0,0,0,0,0,0,0
260617,1,1,1988,0,0,0,0,0,0,0,0,0,0
260617,2,1,1988,0,0,0,0,0,0,0,0,0,0
260617,3,1,1988,0,0,0,0,0,0,0,0,0,0
260617,4,1,1988,0,0,0,0,0,12,0,0,0,0
260618,1,1,1988,1,1,1,1,1,1,1,1,1,1
260619,1,1,1988,11,17,19,0,14,23,15,11,22,7
260619,2,1,1988,0,0,0,0,0,0,0,0,0,0
260620,1,1,1988,0,0,0,0,0,0,0,0,0,0
260621,1,1,1988,0,0,0,0,0,0,0,0,0,0
260621,2,1,1988,0,0,0,0,0,0,0,0,0,0
260621,3,1,1988,0,0,0,0,0,0,0,0,0,0
260621,4,1,1988,0,0,0,0,0,0,0,0,10,0
260622,1,1,1988,0,0,0,0,0,0,0,0,0,0
260622,2,1,1988,0,0,0,0,0,0,0,0,0,0
260623,0,1,1988,0,0,0,0,0,0,0,0,0,0
260623,1,1,1988,0,0,0,0,0,0,0,0,0,0
260624,1,1,1988,3,3,3,3,3,3,3,3,3,3
260625,1,1,1988,0,15,0,0,0,0,0,7,0,0
260626,1,1,1988,0,0,0,0,0,0,0,0,0,0
260627,1,1,1988,17,17,17,17,17,17,17,17,17,17
260628,1,1,1988,0,0,0,0,0,18,0,0,0,4
260629,1,1,1988,18,18,18,18,18,18,18,18,18,18
260630,1,1,1988,9,0,17,11,0,0,0,0,0,0
260631,0,1,1988,0,0,0,0,0,0,0,0,0,0
260631,1,1,1988,0,0,0,0,0,0,0,0,0,0
260632,1,1,1988,18,18,18,18,18,18,18,18,18,18
260633,1,1,1988,0,0,0,0,0,0,0,0,0,0
260634,0,1,1988,0,0,0,0,0,0,0,0,0,0
260634,1,1,1988,0,0,0,0,0,0,0,0,0,0
260635,1,1,1988,0,0,18,0,0,0,0,0,0,0
260636,0,1,1988,0,0,0,0,0,0,0,0,0,0
260636,1,1,1988,0,0,0,0,0,0,0,0,0,0
260637,0,1,1988,0,0,0,0,0,0,0,0,0,0
260637,1,1,1988,12,0,27,22,18,0,0,0,13,29
260638,1,1,1988,24,24,24,24,24,24,24,24,24,24
260639,1,1,1988,27,27,27,27,27,27,27,27,27,27
260639,2,1,1988,0,0,0,0,0,0,0,0,0,0
260640,1,1,1988,26,26,26,26,26,26,26,26,26,26
260641,1,1,1988,0,0,0,0,0,0,0,0,0,0
260641,2,1,1988,0,0,0,0,0,0,0,0,0,0
260641,3,1,1988,0,0,0,0,0,0,0,0,0,0
260641,4,1,1988,0,0,0,0,0,0,0,0,0,0
260642,0,1,1988,0,0,0,0,0,0,0,0,0,0
260642,1,1,1988,0,0,0,0,0,0,0,0,0,0
260643,1,1,1988,0,0,0,0,0,0,0,0,0,0
260643,2,1,1988,0,0,0,0,0,0,0,0,0,0
260644,1,1,1988,0,0,0,0,0,0,0,0,0,0
260645,0,1,1988,0,0,0,0,0,0,0,0,0,0
260645,0,2,1988,0,6,7,0,0,0,0,14,0,0
260645,0,3,1988,0,0,0,8,0,0,0,0,0,0
260645,0,4,1988,0,0,0,0,0,0,0,0,0,0
260645,0,5,1988,0,0,0,0,0,0,0,0,0,17
260645,0,6,1988,0,0,0,0,0,0,0,0,5,0
260645,0,7,1988,0,30,0,0,0,0,0,0,24,0
260645,0,8,1988,9,0,0,0,0,0,0,0,0,0
260645,0,9,1988,0,0,4,0,0,0,0,0,0,0
260645,1,1,1988,11,11,11,11,11,11,11,11,11,11
260646,0,1,1988,0,0,0,0,0,0,0,0,0,0
260646,1,1,1988,0,0,0,0,0,0,0,0,0,0
260647,1,1,1988,0,0,0,0,0,0,0,0,0,21
260647,2,1,1988,0,0,0,0,0,0,0,0,0,0
260647,3,1,1988,0,0,0,0,0,10,0,0,0,0
260648,0,1,1988,13,13,13,13,13,13,13,13,13,13
260648,1,1,1988,13,13,13,13,13,13,13,13,13,13
260649,0,1,1988,0,0,0,20,13,0,0,9,30,0
260649,0,2,1988,6,0,12,15,5,0,0,15,34,18
260649,1,1,1988,0,0,0,19,0,0,14,0,0,19
260650,1,1,1988,0,0,0,11,0,0,0,0,0,0
260650,2,1,1988,0,0,0,0,0,0,0,0,0,0
260651,1,1,1988,11,34,6,27,21,16,17,0,18,18
260651,2,1,1988,0,0,0,0,0,0,0,0,0,0
260652,0,1,1988,0,0,0,0,0,0,0,0,0,0
260652,1,1,1988,15,20,10,15,30,20,30,6,8,8
260653,0,1,1988,0,0,0,0,0,0,0,0,0,0
260653,1,1,1988,0,0,0,0,6,0,0,0,0,0
260654,1,1,1988,0,0,12,0,0,0,0,0,0,0
260654,2,1,1988,0,0,0,0,0,0,0,0,0,0
260655,1,1,1988,13,13,13,13,13,13,13,13,13,13
260655,2,1,1988,0,0,0,0,0,16,7,0,0,0
260656,1,1,1988,7,7,7,7,7,7,7,7,7,7
260657,1,1,1988,0,0,0,25,0,0,0,0,0,0
260657,2,1,1988,0,0,0,0,0,0,0,0,0,0
260658,1,1,1988,0,0,0,0,0,0,0,0,0,0
260659,1,1,1988,0,0,0,0,0,0,0,0,0,0
260659,2,1,1988,0,0,0,0,0,0,0,0,0,0
260659,3,1,1988,13,0,0,0,0,0,0,0,0,0
260660,1,1,1988,0,0,0,0,0,0,0,0,0,0
260660,2,1,1988,0,0,0,0,0,0,0,0,0,0
260661,1,1,1988,0,0,0,0,0,0,0,0,0,0
260662,1,1,1988,30,30,30,30,30,30,30,30,30,30
260663,1,1,1988,10,10,10,15,9,34,0,11,19,15
260664,1,1,1988,11,11,11,11,11,11,11,11,11,11
260665,1,1,1988,0,0,0,0,0,0,0,0,0,0
260665,2,1,1988,0,0,0,0,0,0,0,0,0,0
260666,1,1,1988,22,22,22,22,22,22,22,22,22,22
260667,1,1,1988,18,18,18,18,18,18,18,18,18,18
260668,1,1,1988,13,13,13,13,13,13,13,13,13,13
260669,1,1,1988,0,0,0,0,0,0,0,0,0,0
260670,1,1,1988,0,0,0,0,0,0,15,5,0,0
260670,2,1,1988,0,0,0,0,0,0,0,0,0,0
260671,1,1,1988,0,0,0,0,0,0,0,0,0,0
260671,2,1,1988,0,0,0,0,0,0,0,0,0,0
260671,3,1,1988,0,0,0,0,0,0,0,0,0,0
260672,0,1,1988,0,25,23,12,5,25,37,0,11,11
260672,1,1,1988,5,0,16,25,0,0,20,0,12,6
260673,1,1,1988,12,12,12,12,12,12,12,12,12,12
260673,2,1,1988,0,0,0,0,0,0,0,0,0,0
260674,1,1,1988,0,0,0,0,0,0,0,0,0,0
260674,2,1,1988,0,0,0,0,0,0,0,0,0,0
260675,1,1,1988,0,0,0,0,0,0,0,0,0,0
260675,2,1,1988,0,0,0,0,0,0,0,0,0,0
260676,1,1,1988,6,21,0,7,9,18,0,0,0,12
260676,2,1,1988,0,0,0,0,0,0,0,0,0,0
260677,0,1,1988,30,30,30,30,30,30,30,30,30,30
260677,1,1,1988,0,0,0,0,0,9,9,0,9,0
260678,1,1,1988,21,21,21,21,21,21,21,21,21,21
260679,1,1,1988,0,0,0,0,0,0,0,0,0,0
260680,1,1,1988,0,0,0,0,0,0,0,0,0,0
260680,2,1,1988,0,0,0,0,0,0,0,0,0,0
260681,1,1,1988,0,0,0,0,0,0,0,0,0,0
260682,1,1,1988,0,0,0,0,0,0,0,0,0,0
260682,2,1,1988,0,0,0,0,0,0,0,0,0,0
260683,1,1,1988,0,0,0,0,0,0,0,0,0,0
260684,1,1,1988,9,0,0,0,0,0,6,0,0,0
260684,2,1,1988,0,0,0,0,0,0,0,0,0,0
260685,0,1,1988,0,0,0,11,0,0,0,0,0,0
260685,1,1,1988,22,22,22,22,22,22,22,22,22,22
260686,1,1,1988,18,18,18,18,18,18,18,18,18,18
260687,1,1,1988,0,0,0,0,0,0,0,0,0,0
260688,1,1,1988,19,20,39,19,35,30,19,17,20,16
260689,1,1,1988,16,16,16,16,16,16,16,16,16,16
260690,1,1,1988,7,7,7,7,7,7,7,7,7,7
260690,2,1,1988,0,0,0,11,0,27,0,0,11,0
260691,1,1,1988,10,10,10,10,10,10,10,10,10,10
260692,1,1,1988,27,27,27,27,27,27,27,27,27,27
260693,1,1,1988,6,13,25,17,16,16,18,17,13,17
260693,2,1,1988,0,0,0,0,0,0,0,0,0,0
260694,1,1,1988,0,0,0,0,0,0,0,0,0,8
260695,0,1,1988,0,0,0,0,0,0,0,0,0,0
260695,0,2,1988,0,0,0,0,0,0,0,0,0,0
260695,0,3,1988,0,0,0,0,0,0,0,0,0,0
260695,1,1,1988,0,0,0,0,0,0,16,0,0,0
260696,1,1,1988,0,0,0,0,14,0,0,0,0,0
260696,2,1,1988,0,0,0,0,0,0,0,0,0,0
260697,1,1,1988,0,0,0,0,0,0,0,0,0,0
260697,2,1,1988,0,0,0,0,0,0,0,0,0,0
260697,3,1,1988,0,0,0,0,0,0,0,0,0,0
260698,1,1,1988,0,0,0,0,0,0,0,0,0,0
260698,2,1,1988,0,0,0,0,0,0,0,0,0,0
260698,3,1,1988,0,0,0,0,0,0,0,0,0,0
260699,1,1,1988,0,0,0,22,0,0,0,0,0,20
260699,2,1,1988,0,0,26,0,0,0,0,21,0,9
260700,1,1,1988,9,16,12,33,18,8,10,15,12,9
260700,2,1,1988,0,0,0,0,0,0,0,0,0,0