ST_CASE,VEH_NO,PER_NO,YEAR,P1,P2,P3,P4,P5,P6,P7,P8,P9,P10
260701,1,1,1988,16,13,33,8,19,0,20,13,0,10
260701,2,1,1988,0,0,0,0,0,0,0,0,18,0
260702,1,1,1988,10,7,27,16,0,29,0,0,13,0
260703,1,1,1988,19,0,0,0,0,0,17,0,0,0
260703,2,1,1988,0,0,0,15,0,0,0,0,0,0
260704,1,1,1988,6,6,6,6,6,6,6,6,6,6
260705,1,1,1988,15,15,15,15,15,15,15,15,15,15
260706,1,1,1988,0,0,0,0,0,0,0,0,0,0
260707,1,1,1988,21,21,21,21,21,21,21,21,21,21
260708,0,1,1988,0,0,0,0,0,0,0,0,0,0
260708,1,1,1988,0,0,0,0,0,0,0,0,0,0
260709,0,1,1988,0,0,0,0,0,0,0,0,0,0
260709,1,1,1988,0,0,0,0,0,0,0,7,0,0
260710,1,1,1988,0,0,0,0,0,0,0,0,0,0
260710,2,1,1988,0,0,0,0,0,0,0,0,0,0
260711,1,1,1988,20,20,20,20,20,20,20,20,20,20
260711,2,1,1988,0,0,0,0,0,0,0,0,0,0
260712,1,1,1988,18,18,18,18,18,18,18,18,18,18
260712,2,1,1988,0,0,0,0,0,0,0,14,0,0
260713,1,1,1988,0,0,0,0,0,0,0,0,0,0
260714,1,1,1988,21,21,21,21,21,21,21,21,21,21
260714,2,1,1988,0,0,0,0,0,0,0,0,0,0
260715,1,1,1988,0,0,0,0,0,0,0,0,0,0
260715,2,1,1988,0,0,0,0,0,0,0,0,0,0
260716,1,1,1988,28,28,28,28,28,28,28,28,28,28
260716,2,1,1988,0,0,0,0,39,0,0,0,0,0
260717,1,1,1988,19,19,19,19,19,19,19,19,19,19
260717,2,1,1988,0,0,0,0,0,0,0,0,0,0
260718,1,1,1988,15,15,15,15,15,15,15,15,15,15
260718,2,1,1988,0,0,0,0,0,0,0,0,0,0
260719,1,1,1988,20,20,20,20,20,20,20,20,20,20
260720,0,1,1988,0,0,0,0,0,0,0,0,0,0
260720,1,1,1988,0,0,0,0,0,0,0,0,0,0
260721,0,1,1988,0,0,0,0,0,0,31,0,15,32
260721,1,1,1988,0,0,0,0,0,17,0,0,0,0
260722,1,1,1988,20,20,20,20,20,20,20,20,20,20
260722,2,1,1988,12,12,12,12,12,12,12,12,12,12
260723,1,1,1988,0,0,0,0,0,0,0,0,0,0
260723,2,1,1988,9,9,9,9,9,9,9,9,9,9
260724,0,1,1988,0,0,0,0,0,36,0,0,0,0
260724,1,1,1988,14,14,14,14,14,14,14,14,14,14
260725,1,1,1988,22,22,22,22,22,22,22,22,22,22
260725,2,1,1988,13,0,12,0,11,0,20,0,22,15
260726,1,1,1988,15,18,35,10,17,17,14,5,7,0
260727,1,1,1988,3,3,3,3,3,3,3,3,3,3
260728,0,1,1988,0,0,0,0,0,0,0,0,0,0
260728,1,1,1988,15,3,22,14,20,17,9,21,28,13
260729,0,1,1988,21,9,9,13,14,0,15,13,11,31
260729,1,1,1988,29,21,11,27,22,23,16,0,7,8
260730,1,1,1988,0,0,0,0,0,0,0,0,0,0
260730,2,1,1988,0,0,0,0,0,0,0,0,0,0
260731,1,1,1988,0,0,0,10,0,0,0,0,0,0
260732,0,1,1988,22,7,21,18,32,19,38,26,20,41
260732,1,1,1988,4,0,0,0,0,18,0,0,0,0
260733,1,1,1988,5,5,5,5,5,5,5,5,5,5
260733,2,1,1988,12,0,13,14,10,16,7,19,26,19
260734,1,1,1988,0,0,33,0,0,0,19,0,0,0
260734,2,1,1988,0,0,0,0,0,0,0,0,0,0
260735,1,1,1988,0,0,0,0,0,0,0,0,0,0
260735,2,1,1988,0,0,0,0,0,0,0,0,0,0
260735,3,1,1988,0,0,0,0,10,0,0,0,0,0
260735,4,1,1988,0,0,0,0,0,7,0,0,0,0
260736,1,1,1988,23,23,23,23,23,23,23,23,23,23
260737,0,1,1988,0,0,0,0,0,0,0,0,0,0
260737,1,1,1988,0,0,0,0,0,0,0,0,0,0
260738,1,1,1988,4,4,4,4,4,4,4,4,4,4
260741,1,1,1988,0,0,0,0,0,0,0,0,0,0
260741,2,1,1988,0,0,0,0,0,0,0,0,0,0
260742,1,1,1988,0,0,0,0,0,0,0,0,0,0
260742,2,1,1988,0,0,0,0,0,0,0,0,6,0
260743,1,1,1988,0,0,0,0,0,0,0,0,0,0
260743,2,1,1988,0,0,0,0,0,0,0,0,0,0
260743,3,1,1988,0,0,0,0,0,0,0,0,0,0
260743,4,1,1988,0,0,0,0,0,0,0,0,0,0
260743,5,1,1988,0,0,0,0,0,0,0,0,0,0
260743,6,1,1988,0,0,0,0,0,0,0,0,0,0
260744,1,1,1988,4,4,4,4,4,4,4,4,4,4
260745,1,1,1988,0,0,0,0,0,0,0,0,0,7
260746,1,1,1988,0,0,0,0,0,0,0,0,30,0
260746,2,1,1988,0,0,0,0,0,0,0,0,0,0
260747,1,1,1988,11,11,11,11,11,11,11,11,11,11
260748,1,1,1988,21,0,0,0,0,0,0,0,0,0
260749,1,1,1988,14,14,14,14,14,14,14,14,14,14
260750,1,1,1988,0,0,0,0,0,0,0,0,0,0
260751,1,1,1988,18,18,18,18,18,18,18,18,18,18
260751,2,1,1988,0,0,0,0,0,0,0,0,0,0
260752,1,1,1988,13,13,13,13,13,13,13,13,13,13
260753,1,1,1988,0,0,0,6,0,0,0,0,0,0
260753,2,1,1988,4,4,4,4,4,4,4,4,4,4
260754,1,1,1988,0,0,0,0,0,0,0,0,0,0
260754,2,1,1988,0,0,0,0,0,0,0,0,0,0
260755,1,1,1988,10,10,10,10,10,10,10,10,10,10
260756,1,1,1988,20,20,20,20,20,20,20,20,20,20
260757,0,1,1988,0,0,0,0,0,0,0,0,0,0
260757,1,1,1988,11,11,11,11,11,11,11,11,11,11
260758,1,1,1988,4,31,13,15,22,17,9,4,5,17
260759,1,1,1988,7,7,7,7,7,7,7,7,7,7
260759,2,1,1988,0,0,0,0,0,0,0,0,0,0
260760,1,1,1988,11,11,11,11,11,11,11,11,11,11
260760,2,1,1988,11,11,11,11,11,11,11,11,11,11
260761,1,1,1988,4,4,4,4,4,4,4,4,4,4
260761,2,1,1988,10,0,0,0,0,0,0,0,0,0
260762,1,1,1988,14,13,20,3,16,5,21,9,21,11
260763,1,1,1988,10,16,5,9,23,14,8,13,24,11
260764,1,1,1988,15,15,15,15,15,15,15,15,15,15
260764,2,1,1988,0,0,0,0,0,0,0,0,0,0
260765,1,1,1988,0,0,0,0,0,0,0,0,0,0
260766,1,1,1988,0,0,0,0,0,0,0,0,0,0
260766,2,1,1988,0,0,0,0,0,0,0,0,0,0
260767,1,1,1988,0,0,0,0,0,0,0,0,0,0
260768,1,1,1988,24,24,24,24,24,24,24,24,24,24
260768,2,1,1988,0,0,0,20,0,21,0,0,8,0
260768,3,1,1988,0,0,0,0,0,0,0,0,0,0
260769,0,1,1988,0,0,0,0,0,0,0,0,0,0
260769,1,1,1988,12,12,12,12,12,12,12,12,12,12
260770,1,1,1988,0,0,0,0,0,0,0,0,0,0
260770,2,1,1988,0,0,0,0,0,0,0,0,0,0
260771,1,1,1988,0,0,0,0,0,0,0,0,0,0
260772,1,1,1988,0,0,0,0,0,0,0,0,0,0
260772,2,1,1988,21,21,21,21,21,21,21,21,21,21
260773,0,1,1988,25,25,25,25,25,25,25,25,25,25
260773,1,1,1988,0,18,0,13,0,2,6,16,0,0
260774,1,1,1988,0,0,0,0,0,0,0,0,0,0
260774,2,1,1988,0,0,0,0,0,0,0,0,0,0
260775,1,1,1988,0,0,0,0,0,0,0,0,0,0
260776,0,1,1988,0,0,0,0,0,0,0,0,0,0
260776,1,1,1988,0,0,0,0,0,0,0,0,0,0
260777,1,1,1988,7,7,7,7,7,7,7,7,7,7
260778,1,1,1988,0,0,0,0,0,0,0,0,0,0
260778,2,1,1988,0,0,0,0,0,0,0,0,0,0
260779,1,1,1988,14,8,19,12,11,9,21,21,13,10
260779,2,1,1988,0,0,0,0,0,0,0,0,0,0
260780,1,1,1988,0,0,0,0,0,0,0,0,0,0
260781,0,1,1988,20,20,20,20,20,20,20,20,20,20
260781,1,1,1988,16,16,16,16,16,16,16,16,16,16
260782,1,1,1988,22,22,22,22,22,22,22,22,22,22
260783,1,1,1988,19,34,37,0,11,18,7,0,22,10
260784,1,1,1988,0,0,19,0,0,0,0,0,0,23
260785,1,1,1988,12,12,12,12,12,12,12,12,12,12
260785,2,1,1988,9,9,9,9,9,9,9,9,9,9
260786,1,1,1988,0,0,0,0,0,0,0,0,0,0
260786,2,1,1988,0,0,0,0,0,0,0,0,0,0
260787,1,1,1988,9,9,9,9,9,9,9,9,9,9
260788,1,1,1988,24,24,24,24,24,24,24,24,24,24
260789,1,1,1988,23,17,12,34,51,20,24,32,20,23
260790,1,1,1988,16,16,16,16,16,16,16,16,16,16
260790,2,1,1988,0,0,0,0,0,0,0,0,0,0
260791,1,1,1988,15,15,15,15,15,15,15,15,15,15
260792,1,1,1988,0,0,0,0,0,19,0,0,0,0
260793,1,1,1988,0,0,0,0,0,0,0,0,0,0
260793,2,1,1988,0,0,0,0,0,0,0,0,0,0
260794,1,1,1988,0,0,0,0,10,11,0,0,0,0
260794,2,1,1988,0,0,0,0,0,8,12,0,0,0
260795,1,1,1988,16,16,16,16,16,16,16,16,16,16
260796,1,1,1988,12,23,15,32,9,9,13,24,26,22
260797,0,1,1988,10,10,10,10,10,10,10,10,10,10
260797,1,1,1988,0,0,0,0,0,0,0,0,0,0
260798,1,1,1988,14,0,12,4,16,0,5,6,8,28
260798,2,1,1988,17,17,17,17,17,17,17,17,17,17
260799,1,1,1988,14,14,14,14,14,14,14,14,14,14
260800,1,1,1988,0,0,0,0,0,0,0,0,0,0
260801,0,1,1988,0,25,0,0,0,0,5,0,0,0
260801,1,1,1988,25,10,0,0,0,6,0,11,13,16
260802,0,1,1988,0,0,0,0,0,0,0,0,0,0
260802,1,1,1988,0,0,0,0,0,0,0,0,0,0
260803,1,1,1988,0,0,0,0,0,0,0,0,0,0
260803,2,1,1988,0,0,0,0,0,0,0,0,0,0
260803,3,1,1988,0,0,0,0,0,0,0,0,0,0
260804,1,1,1988,0,0,0,0,0,0,0,0,0,0
260804,2,1,1988,0,0,0,0,0,0,0,0,0,0
260804,3,1,1988,0,0,0,0,0,0,0,0,0,0
260805,0,1,1988,24,24,24,24,24,24,24,24,24,24
260805,1,1,1988,0,0,9,0,0,0,0,0,0,28
260806,0,1,1988,0,0,0,0,0,0,0,0,0,0
260806,1,1,1988,0,0,0,0,0,0,0,0,0,0
260807,0,1,1988,0,0,0,0,0,0,0,0,0,0
260807,1,1,1988,20,30,6,11,21,0,0,0,10,0
260808,1,1,1988,0,0,21,0,0,19,0,0,0,23
260809,1,1,1988,7,7,7,7,7,7,7,7,7,7
260810,0,1,1988,0,11,9,6,0,0,0,16,12,0
260810,1,1,1988,0,0,0,0,0,0,0,0,0,34
260811,1,1,1988,0,18,13,14,16,5,34,15,25,10
260811,2,1,1988,0,0,0,14,18,0,0,0,0,0
260812,1,1,1988,0,0,0,0,0,0,0,0,0,10
260813,1,1,1988,30,30,30,30,30,30,30,30,30,30
260814,1,1,1988,0,0,0,0,0,0,0,0,0,0
260815,1,1,1988,0,0,0,0,0,0,0,0,0,0
260816,1,1,1988,0,0,0,0,0,0,0,0,0,0
260816,2,1,1988,0,0,0,0,0,0,0,0,0,0
260816,3,1,1988,0,0,0,0,0,0,0,0,0,0
260816,4,1,1988,0,0,0,0,0,0,0,0,0,0
260817,1,1,1988,0,0,0,0,0,0,0,0,0,0
260818,0,1,1988,0,0,0,0,13,23,0,0,0,14
260818,1,1,1988,24,24,24,24,24,24,24,24,24,24
260819,1,1,1988,22,22,22,22,22,22,22,22,22,22
260820,1,1,1988,14,14,14,14,14,14,14,14,14,14
260821,1,1,1988,0,0,0,0,0,0,0,0,0,0
260821,2,1,1988,0,0,0,0,0,7,0,0,0,0
260822,1,1,1988,0,0,0,0,0,0,0,0,0,0
260822,2,1,1988,0,0,0,0,0,0,0,0,0,0
260822,3,1,1988,12,0,0,0,0,0,0,0,0,0
260823,1,1,1988,0,0,0,0,0,0,0,0,0,0
260823,2,1,1988,0,0,0,0,0,0,0,0,0,0
260824,1,1,1988,0,16,40,19,9,0,13,15,26,17
260825,1,1,1988,18,18,18,18,18,18,18,18,18,18
260826,1,1,1988,0,0,0,0,0,0,0,0,0,0
260826,2,1,1988,0,0,0,0,0,0,0,0,0,0
260827,1,1,1988,22,22,22,22,22,22,22,22,22,22
260827,2,1,1988,0,0,0,0,0,0,0,0,0,0
260828,1,1,1988,10,10,10,10,10,10,10,10,10,10
260829,1,1,1988,0,0,0,0,0,0,0,0,0,0
260829,2,1,1988,0,0,0,0,0,0,0,0,0,0
260830,1,1,1988,0,0,0,0,0,0,0,0,0,0
260830,2,1,1988,0,0,0,0,0,0,0,0,0,0
260830,3,1,1988,0,0,0,0,0,0,0,0,0,0
260831,1,1,1988,14,14,14,14,14,14,14,14,14,14
260831,2,1,1988,17,17,17,17,17,17,17,17,17,17
260832,0,1,1988,0,0,0,0,0,0,0,0,0,0
260832,1,1,1988,0,0,0,0,0,0,0,0,0,0
260833,0,1,1988,0,9,9,14,23,26,27,15,22,29
260833,1,1,1988,0,0,0,0,0,0,0,0,0,0
260834,0,1,1988,0,0,0,0,0,0,0,0,0,0
260834,1,1,1988,0,0,0,0,0,0,0,0,0,0
260835,1,1,1988,0,0,0,0,0,0,0,0,0,0
260835,2,1,1988,0,0,0,0,10,0,0,0,0,0
260836,1,1,1988,17,17,17,17,17,17,17,17,17,17
260837,1,1,1988,9,9,9,9,9,9,9,9,9,9
260838,1,1,1988,0,0,0,0,0,0,0,0,0,0
260838,2,1,1988,0,0,0,0,0,0,0,0,0,0
260839,1,1,1988,17,17,17,17,17,17,17,17,17,17
260840,1,1,1988,0,0,0,0,0,0,0,0,0,0
260840,2,1,1988,0,0,0,0,0,0,0,0,0,0
260841,1,1,1988,0,0,0,0,0,0,0,0,0,0
260841,2,1,1988,0,0,0,0,0,0,0,0,0,0
260841,3,1,1988,0,0,0,0,0,0,0,0,0,0
260841,4,1,1988,0,0,0,0,0,0,0,0,0,0
260841,5,1,1988,0,12,0,0,0,20,11,0,12,0
260841,6,1,1988,19,0,15,0,12,0,0,0,9,0
260842,1,1,1988,18,18,18,18,18,18,18,18,18,18
260842,2,1,1988,13,0,0,0,0,0,0,0,0,0
260843,1,1,1988,18,7,13,17,10,7,0,0,15,21
260843,2,1,1988,0,0,0,0,0,0,0,0,0,0
260844,1,1,1988,11,11,11,11,11,11,11,11,11,11
260845,1,1,1988,1,1,1,1,1,1,1,1,1,1
260846,1,1,1988,11,11,11,11,11,11,11,11,11,11
260846,2,1,1988,0,0,0,0,0,0,0,0,0,0
260847,1,1,1988,0,0,0,0,0,0,0,0,0,0
260847,2,1,1988,0,0,0,0,0,0,0,0,0,0
260848,1,1,1988,7,7,7,7,7,7,7,7,7,7
260849,0,1,1988,17,14,10,22,23,20,22,26,20,11
260849,1,1,1988,0,0,20,0,0,20,25,11,0,0
260850,1,1,1988,6,6,6,6,6,6,6,6,6,6
260851,1,1,1988,19,19,19,19,19,19,19,19,19,19
260852,1,1,1988,0,0,0,0,0,0,0,0,0,0
260852,2,1,1988,0,0,0,0,0,0,0,0,0,0
260853,1,1,1988,18,18,18,18,18,18,18,18,18,18
260853,2,1,1988,0,0,16,27,27,0,34,33,11,9
260854,1,1,1988,0,0,0,0,0,0,0,0,0,0
260854,2,1,1988,0,0,0,0,0,0,0,0,0,0
260855,0,1,1988,13,13,13,13,13,13,13,13,13,13
260855,1,1,1988,28,16,8,16,19,23,7,16,10,15
260856,1,1,1988,0,0,0,0,0,0,0,0,0,0
260857,1,1,1988,20,32,14,0,0,22,0,20,10,7
260857,2,1,1988,0,0,0,0,0,0,0,0,0,0
260858,0,1,1988,0,0,0,0,0,0,0,0,0,0
260858,1,1,1988,61,14,0,7,2,0,38,17,17,0
260859,1,1,1988,0,0,0,0,0,0,0,0,0,0
260859,2,1,1988,0,0,0,0,0,0,0,0,0,0
260860,1,1,1988,26,26,26,26,26,26,26,26,26,26
260861,1,1,1988,22,22,22,22,22,22,22,22,22,22
260861,2,1,1988,0,0,0,0,18,0,0,25,0,0
260862,1,1,1988,15,15,15,15,15,15,15,15,15,15
260863,1,1,1988,16,16,16,16,16,16,16,16,16,16
260863,2,1,1988,0,0,0,0,0,0,0,0,0,0
260864,1,1,1988,0,0,0,0,0,0,0,0,21,0
260865,1,1,1988,0,0,0,0,0,0,0,0,0,0
260865,2,1,1988,0,0,0,0,6,0,0,0,0,0
260866,0,1,1988,27,27,27,27,27,27,27,27,27,27
260866,1,1,1988,0,0,0,0,0,15,14,0,6,11
260866,2,1,1988,8,9,8,6,10,2,2,0,0,0
260867,1,1,1988,25,25,25,25,25,25,25,25,25,25
260867,2,1,1988,17,12,10,6,22,15,19,9,16,12
260868,1,1,1988,17,11,0,18,0,19,20,16,17,8
260869,1,1,1988,22,12,26,20,16,14,15,27,27,24
260870,1,1,1988,0,0,0,0,0,0,0,0,0,0
260870,2,1,1988,0,0,0,0,0,0,0,0,0,0
260871,1,1,1988,0,26,12,0,10,0,0,0,0,0
260872,1,1,1988,0,0,0,0,0,0,0,0,0,0
260872,2,1,1988,0,0,0,14,0,0,0,0,0,10
260872,3,1,1988,0,0,0,0,0,0,0,0,0,0
260873,0,1,1988,0,0,0,0,0,0,0,0,0,0
260873,1,1,1988,0,0,0,0,0,0,0,0,0,0
260874,1,1,1988,0,0,0,0,0,0,0,0,0,0
260875,1,1,1988,2,2,2,2,2,2,2,2,2,2
260877,1,1,1988,12,12,12,12,12,12,12,12,12,12
260877,2,1,1988,0,0,0,20,0,0,0,0,0,7
260878,1,1,1988,0,0,0,0,0,0,0,0,0,0
260878,2,1,1988,0,0,0,0,0,0,0,8,0,15
260879,1,1,1988,16,16,16,16,16,16,16,16,16,16
260880,1,1,1988,0,0,0,0,0,0,0,0,0,0
260881,1,1,1988,16,0,0,0,0,0,0,0,23,0
260881,2,1,1988,0,0,0,0,0,0,0,0,0,0
260882,1,1,1988,0,0,0,0,0,0,0,0,0,0
260882,2,1,1988,0,0,0,0,0,0,0,0,0,0
260883,1,1,1988,16,16,16,16,16,16,16,16,16,16
260884,1,1,1988,0,0,0,0,0,0,0,0,0,0
260884,2,1,1988,0,0,0,3,0,2,0,0,14,0
260885,1,1,1988,0,0,0,0,26,0,0,0,0,0
260885,2,1,1988,0,0,0,0,0,0,0,0,0,0
260886,1,1,1988,0,0,0,0,0,0,0,0,0,0
260887,1,1,1988,17,0,0,26,19,17,0,17,13,19
260888,1,1,1988,21,21,21,21,21,21,21,21,21,21
260889,1,1,1988,0,0,0,0,0,0,0,0,0,0
260889,2,1,1988,0,0,0,0,0,0,0,0,0,0
260890,0,1,1988,0,0,0,0,0,0,0,0,0,0
260890,0,2,1988,0,0,0,0,0,0,0,0,0,0
260890,0,3,1988,0,0,0,0,0,0,0,0,0,0
260890,1,1,1988,0,0,0,0,0,11,0,0,0,0
260891,1,1,1988,0,0,0,0,0,23,0,15,0,0
260891,2,1,1988,0,0,0,14,0,0,0,0,0,0
260891,3,1,1988,0,0,0,0,0,0,0,0,0,0
260892,1,1,1988,0,11,0,0,13,0,0,0,0,0
260892,2,1,1988,16,16,16,16,16,16,16,16,16,16
260893,1,1,1988,0,0,0,0,0,0,0,7,0,0
260893,2,1,1988,0,0,0,0,0,0,0,0,0,0
260894,1,1,1988,3,0,0,0,0,0,0,37,0,14
260895,2,1,1988,0,0,0,0,0,0,0,0,0,0
260896,1,1,1988,0,0,0,0,0,0,0,0,0,0
260896,2,1,1988,0,16,0,0,0,0,0,0,0,0
260897,1,1,1988,0,0,0,0,0,0,0,0,0,0
260897,2,1,1988,0,0,0,0,0,0,0,0,0,0
260898,1,1,1988,0,0,0,0,10,0,0,0,0,0
260898,2,1,1988,0,0,0,0,0,0,0,0,0,0
260899,1,1,1988,0,0,0,0,0,0,0,0,0,0
260900,1,1,1988,25,25,25,25,25,25,25,25,25,25
260900,2,1,1988,0,0,0,0,0,0,0,0,0,0
260901,1,1,1988,0,0,0,0,0,0,0,0,0,0
260901,2,1,1988,0,0,0,0,0,0,0,0,0,0
260902,1,1,1988,0,0,0,0,0,0,0,0,0,0
260903,1,1,1988,12,12,12,12,12,12,12,12,12,12
260904,0,1,1988,0,0,0,0,0,0,0,0,0,0
260904,1,1,1988,0,0,0,0,0,0,0,0,0,0
260905,0,1,1988,17,17,17,17,17,17,17,17,17,17
260905,1,1,1988,5,5,5,5,5,5,5,5,5,5
260906,1,1,1988,10,11,14,15,19,17,23,26,26,6
260907,1,1,1988,23,23,23,23,23,23,23,23,23,23
260908,1,1,1988,21,21,21,21,21,21,21,21,21,21
260909,1,1,1988,12,12,12,12,12,12,12,12,12,12
260909,2,1,1988,9,9,9,9,9,9,9,9,9,9
260910,1,1,1988,0,0,0,0,0,0,0,0,0,0
260911,1,1,1988,7,7,7,7,7,7,7,7,7,7
260911,2,1,1988,0,0,0,0,0,0,0,0,0,0
260912,1,1,1988,0,0,0,0,0,0,0,0,0,0
260912,2,1,1988,0,18,12,0,0,0,0,0,0,0
260913,0,1,1988,25,25,25,25,25,25,25,25,25,25
260913,1,1,1988,0,0,0,0,0,0,0,0,0,0
260914,1,1,1988,0,0,0,0,0,0,0,0,0,0
260914,2,1,1988,0,0,0,0,0,0,0,0,0,0
260915,1,1,1988,0,6,0,0,0,0,0,18,0,0
260916,1,1,1988,6,6,6,6,6,6,6,6,6,6
260916,2,1,1988,0,0,0,0,0,0,0,0,0,0
260917,1,1,1988,0,0,0,0,0,0,0,0,0,0
260917,2,1,1988,0,0,0,0,0,0,0,0,0,0
260918,1,1,1988,0,0,0,0,0,0,0,0,0,0
260919,0,1,1988,0,0,0,0,0,0,0,0,0,0
260919,1,1,1988,0,0,0,0,0,0,7,0,0,0
260920,1,1,1988,13,13,13,13,13,13,13,13,13,13
260921,0,1,1988,0,0,0,0,0,0,0,0,0,0
260921,1,1,1988,0,0,0,0,0,0,0,0,0,0
260922,0,1,1988,0,0,0,0,0,0,0,0,0,0
260922,1,1,1988,0,0,0,0,0,0,0,0,0,0
260923,1,1,1988,0,0,0,0,0,0,0,0,0,0
260924,0,1,1988,0,0,0,0,0,0,0,0,0,0
260924,1,1,1988,7,7,7,7,7,7,7,7,7,7
260925,1,1,1988,0,0,0,0,0,0,0,0,0,0
260925,2,1,1988,0,0,0,4,0,0,0,0,0,0
260925,3,1,1988,0,0,0,0,0,0,0,0,0,0
260926,1,1,1988,16,14,9,15,5,16,21,25,0,6
260926,2,1,1988,0,0,0,0,0,0,0,0,0,0
260927,0,1,1988,0,0,0,0,0,0,0,0,0,0
260927,1,1,1988,0,0,0,0,0,0,0,0,0,0
260928,0,1,1988,15,15,15,15,15,15,15,15,15,15
260928,1,1,1988,11,0,0,0,0,0,0,0,0,0
260929,1,1,1988,0,0,0,0,0,0,0,0,0,0
260929,2,1,1988,0,0,0,0,0,0,0,0,0,0
260930,1,1,1988,15,27,20,22,8,26,17,15,14,24
260932,1,1,1988,0,0,0,0,0,0,0,0,0,0
260932,2,1,1988,0,0,0,0,0,0,0,0,0,0
260933,1,1,1988,26,26,26,26,26,26,26,26,26,26
260934,1,1,1988,0,0,0,0,0,0,0,0,0,0
260934,2,1,1988,0,0,0,0,0,0,0,0,0,0
260935,0,1,1988,24,24,24,24,24,24,24,24,24,24
260935,1,1,1988,8,8,8,8,8,8,8,8,8,8
260936,1,1,1988,19,19,19,19,19,19,19,19,19,19
260936,2,1,1988,0,0,0,0,0,0,0,0,0,0
260937,1,1,1988,0,0,0,0,0,0,0,0,0,0
260937,2,1,1988,0,0,0,0,3,0,0,0,0,0
260938,1,1,1988,0,0,0,0,0,0,0,0,0,0
260939,1,1,1988,18,0,0,0,0,0,0,0,0,0
260939,2,1,1988,0,0,0,0,0,0,15,0,0,0
260940,1,1,1988,26,26,26,26,26,26,26,26,26,26
260941,1,1,1988,19,19,19,19,19,19,19,19,19,19
260942,1,1,1988,0,0,0,0,0,0,0,0,0,0
260942,2,1,1988,0,0,0,0,0,0,0,0,0,0
260942,3,1,1988,0,0,0,0,0,0,0,0,0,0
260943,0,1,1988,0,0,0,0,0,0,0,0,0,0
260943,1,1,1988,0,0,0,0,0,0,0,0,0,0
260944,1,1,1988,29,0,0,0,0,0,0,0,0,0
260944,2,1,1988,0,0,0,0,41,0,0,0,0,0
260945,1,1,1988,15,15,15,15,15,15,15,15,15,15
260946,1,1,1988,0,0,0,0,0,0,0,0,0,0
260947,1,1,1988,11,0,0,0,15,6,0,0,0,0
260948,1,1,1988,16,16,16,16,16,16,16,16,16,16
260949,1,1,1988,33,31,22,22,26,18,16,12,16,14
260949,2,1,1988,18,18,18,18,18,18,18,18,18,18
260950,1,1,1988,14,14,14,14,14,14,14,14,14,14
260951,1,1,1988,0,0,0,0,0,0,0,0,0,0
260952,1,1,1988,11,11,11,11,11,11,11,11,11,11
260953,1,1,1988,5,23,28,14,29,21,17,32,22,26
260954,1,1,1988,30,30,30,30,30,30,30,30,30,30
260955,0,1,1988,0,0,0,0,0,0,0,0,0,0
260955,1,1,1988,0,0,0,0,0,0,0,0,0,0
260956,1,1,1988,19,19,19,19,19,19,19,19,19,19
260956,2,1,1988,0,4,15,0,0,0,0,35,0,23
260957,0,1,1988,0,0,0,0,0,0,0,0,0,0
260957,1,1,1988,0,0,0,0,0,0,0,0,0,0
260958,0,1,1988,0,2,0,17,0,0,0,0,0,0
260958,1,1,1988,0,0,0,0,0,0,0,0,0,0
260959,1,1,1988,0,0,0,0,0,0,0,0,0,0
260960,1,1,1988,15,15,15,15,15,15,15,15,15,15
260961,1,1,1988,31,31,31,31,31,31,31,31,31,31
260963,0,1,1988,15,15,15,15,15,15,15,15,15,15
260963,1,1,1988,15,15,15,15,15,15,15,15,15,15
260964,0,1,1988,0,0,0,0,0,0,0,0,0,0
260964,1,1,1988,0,0,0,0,0,0,0,0,0,0
260965,0,1,1988,0,0,0,11,33,0,0,0,0,0
260965,1,1,1988,0,0,0,0,0,0,0,0,0,0
260966,1,1,1988,0,0,0,0,0,0,0,0,0,0
260966,2,1,1988,12,0,0,0,0,0,0,0,0,0
260967,1,1,1988,16,16,16,16,16,16,16,16,16,16
260968,1,1,1988,29,29,29,29,29,29,29,29,29,29
260968,2,1,1988,0,0,0,0,9,0,0,0,0,0
260968,3,1,1988,0,0,0,0,0,0,0,0,0,0
260969,1,1,1988,0,0,0,0,0,0,0,0,0,0
260969,2,1,1988,0,0,0,0,0,0,0,0,0,0
260970,1,1,1988,22,22,22,22,22,22,22,22,22,22
260972,1,1,1988,0,0,0,0,0,0,0,0,0,0
260972,2,1,1988,0,0,0,0,0,0,0,0,0,0
260973,1,1,1988,0,0,0,0,0,0,0,0,0,0
260974,1,1,1988,0,0,0,0,0,0,0,0,0,0
260974,2,1,1988,0,0,0,0,0,0,0,0,0,0
260974,3,1,1988,0,0,0,0,0,0,0,0,0,0
260975,0,1,1988,17,17,17,17,17,17,17,17,17,17
260975,1,1,1988,0,0,0,0,0,0,0,0,0,0
260976,1,1,1988,31,31,31,31,31,31,31,31,31,31
260977,1,1,1988,23,23,23,23,23,23,23,23,23,23
260977,2,1,1988,0,0,16,0,0,0,0,0,0,0
260978,1,1,1988,0,0,0,0,0,0,0,0,0,0
260979,0,1,1988,0,0,0,0,0,0,0,0,0,0