ST_CASE,VEH_NO,PER_NO,YEAR,P1,P2,P3,P4,P5,P6,P7,P8,P9,P10
260979,1,1,1988,7,7,7,7,7,7,7,7,7,7
260980,1,1,1988,18,18,18,18,18,18,18,18,18,18
260980,2,1,1988,0,0,0,0,0,0,0,0,0,0
260981,1,1,1988,16,16,16,16,16,16,16,16,16,16
260982,1,1,1988,22,22,22,22,22,22,22,22,22,22
260983,0,1,1988,13,13,13,13,13,13,13,13,13,13
260983,1,1,1988,0,0,0,0,0,0,0,0,0,0
260984,1,1,1988,0,0,0,0,0,0,0,0,0,0
260984,2,1,1988,18,18,18,18,18,18,18,18,18,18
260985,1,1,1988,27,27,27,27,27,27,27,27,27,27
260986,1,1,1988,0,18,0,0,10,0,23,0,0,0
260987,1,1,1988,0,0,0,0,0,0,0,0,0,0
260987,2,1,1988,0,0,0,0,0,0,0,0,0,0
260988,1,1,1988,0,0,0,0,0,0,0,0,19,0
260988,2,1,1988,0,0,0,0,0,0,0,0,0,0
260989,0,1,1988,0,0,0,21,0,0,0,0,0,0
260989,1,1,1988,0,0,0,0,0,0,0,0,0,0
260989,2,1,1988,0,0,0,0,0,0,0,0,0,0
260990,1,1,1988,8,8,8,8,8,8,8,8,8,8
260991,1,1,1988,20,20,20,20,20,20,20,20,20,20
260991,2,1,1988,0,0,0,0,0,0,23,8,0,0
260991,3,1,1988,0,0,0,0,0,0,0,0,0,0
260992,1,1,1988,0,0,0,0,0,0,0,0,0,0
260993,0,1,1988,0,0,0,0,0,0,0,0,0,0
260993,1,1,1988,0,0,0,0,0,0,0,0,0,0
260994,1,1,1988,0,0,0,0,0,0,0,0,0,0
260994,2,1,1988,0,0,0,0,0,0,0,0,0,0
260994,3,1,1988,0,0,0,0,0,0,0,0,0,0
260995,1,1,1988,20,20,20,20,20,20,20,20,20,20
260996,1,1,1988,0,0,0,0,0,0,0,0,0,0
260996,2,1,1988,27,27,27,27,27,27,27,27,27,27
260997,0,1,1988,23,23,23,23,23,23,23,23,23,23
260997,1,1,1988,11,11,11,11,11,11,11,11,11,11
260998,1,1,1988,0,0,0,0,0,0,0,0,0,0
260999,1,1,1988,0,0,0,0,0,0,0,0,0,0
260999,2,1,1988,0,0,0,0,0,0,0,0,0,0
260999,3,1,1988,0,0,0,0,0,0,0,0,0,0
261000,1,1,1988,0,0,0,0,0,0,0,0,0,0
261000,2,1,1988,0,0,0,0,0,0,0,0,0,0
261001,1,1,1988,0,0,0,0,0,0,0,5,0,0
261001,2,1,1988,0,0,0,0,0,0,0,0,0,0
261001,3,1,1988,0,0,0,0,0,0,0,0,0,0
261002,1,1,1988,17,17,17,17,17,17,17,17,17,17
261002,2,1,1988,23,23,23,23,23,23,23,23,23,23
261003,1,1,1988,59,59,59,59,59,59,59,59,59,59
261004,1,1,1988,0,0,0,0,0,0,0,0,0,0
261005,1,1,1988,0,0,0,0,0,0,0,0,0,0
261005,2,1,1988,0,0,0,0,0,0,0,0,0,0
261006,1,1,1988,17,17,17,17,17,17,17,17,17,17
261007,1,1,1988,8,8,8,8,8,8,8,8,8,8
261007,2,1,1988,0,0,0,0,0,0,0,0,0,0
261008,1,1,1988,14,14,14,14,14,14,14,14,14,14
261009,1,1,1988,0,0,0,0,0,0,0,0,0,0
261009,2,1,1988,30,0,19,12,0,13,0,14,19,14
261010,1,1,1988,44,44,44,44,44,44,44,44,44,44
261011,1,1,1988,22,22,22,22,22,22,22,22,22,22
261011,2,1,1988,0,12,0,0,11,0,0,12,0,0
261012,1,1,1988,26,26,26,26,26,26,26,26,26,26
261013,1,1,1988,0,0,0,0,0,0,0,0,0,0
261014,1,1,1988,0,0,0,0,0,0,0,0,0,0
261015,1,1,1988,0,0,0,0,0,0,0,0,0,0
261015,2,1,1988,0,0,0,0,0,0,0,0,0,0
261016,1,1,1988,0,0,0,0,0,0,0,0,0,0
261017,1,1,1988,0,0,0,0,0,0,0,0,0,0
261017,2,1,1988,0,0,0,0,0,0,0,0,0,0
261018,1,1,1988,12,22,15,22,0,0,23,25,27,15
261018,2,1,1988,0,6,0,0,0,0,0,0,0,0
261018,3,1,1988,0,0,0,0,0,0,0,0,0,0
261019,0,1,1988,13,13,13,13,13,13,13,13,13,13
261019,1,1,1988,0,0,0,0,0,0,0,0,0,0
261020,1,1,1988,0,0,0,15,0,0,0,0,0,0
261020,2,1,1988,12,12,12,12,12,12,12,12,12,12
261021,1,1,1988,22,22,22,22,22,22,22,22,22,22
261022,1,1,1988,0,0,0,0,0,0,0,0,0,0
261022,2,1,1988,0,0,0,0,0,0,0,0,0,0
261023,1,1,1988,10,10,10,10,10,10,10,10,10,10
261024,1,1,1988,0,0,0,0,0,0,0,0,0,0
261024,2,1,1988,0,0,0,0,0,0,0,0,0,0
261025,0,1,1988,0,0,16,0,0,0,0,0,0,0
261025,1,1,1988,0,0,0,0,0,0,0,0,0,0
261026,1,1,1988,9,9,9,9,9,9,9,9,9,9
261027,1,1,1988,0,0,0,0,0,0,0,0,0,0
261027,2,1,1988,0,0,0,0,0,0,0,0,0,0
261027,3,1,1988,0,0,0,0,0,0,0,0,0,0
261028,1,1,1988,23,23,23,23,23,23,23,23,23,23
261029,0,1,1988,0,0,0,0,0,0,0,0,0,0
261029,1,1,1988,0,0,0,0,0,0,0,0,0,0
261030,0,1,1988,0,0,0,0,0,0,15,0,0,0
261030,1,1,1988,8,0,0,18,0,0,15,0,3,0
261030,2,1,1988,0,13,21,0,9,0,11,27,0,0
261031,1,1,1988,0,0,0,0,0,0,0,0,0,0
261032,1,1,1988,20,20,20,20,20,20,20,20,20,20
261033,1,1,1988,10,17,0,0,0,15,0,0,0,0
261033,2,1,1988,0,10,0,0,0,0,0,13,0,0
261033,3,1,1988,0,0,0,0,0,0,0,0,0,0
261034,1,1,1988,0,0,0,0,0,0,0,0,0,0
261035,1,1,1988,19,19,19,19,19,19,19,19,19,19
261035,2,1,1988,0,0,0,0,0,0,0,0,0,0
261036,1,1,1988,22,22,22,22,22,22,22,22,22,22
261036,2,1,1988,0,0,0,0,0,0,3,0,12,0
261037,1,1,1988,18,22,12,9,14,15,25,35,38,9
261038,1,1,1988,5,5,5,5,5,5,5,5,5,5
261039,1,1,1988,0,6,16,0,8,13,0,15,24,14
261039,2,1,1988,14,14,14,14,14,14,14,14,14,14
261040,1,1,1988,17,0,0,0,0,0,0,0,0,0
261040,2,1,1988,0,0,0,0,0,0,9,0,0,0
261040,3,1,1988,0,0,10,0,0,0,0,0,0,0
261041,0,1,1988,25,14,0,33,11,12,17,29,18,23
261041,1,1,1988,11,11,11,11,11,11,11,11,11,11
261042,1,1,1988,27,27,27,27,27,27,27,27,27,27
261043,1,1,1988,12,12,12,12,12,12,12,12,12,12
261044,1,1,1988,0,0,0,0,0,0,3,0,0,0
261044,2,1,1988,4,4,4,4,4,4,4,4,4,4
261045,1,1,1988,5,15,0,0,0,10,0,14,0,0
261045,2,1,1988,0,0,0,0,21,0,0,0,0,0
261046,1,1,1988,0,0,0,0,0,0,0,0,0,0
261046,2,1,1988,0,0,0,0,0,0,0,0,0,0
261047,1,1,1988,0,0,0,0,0,0,0,0,0,0
261047,2,1,1988,0,0,0,0,0,0,0,0,24,0
261048,1,1,1988,0,0,0,0,0,0,0,0,0,17
261048,2,1,1988,0,0,0,0,0,0,0,0,0,0
261049,0,1,1988,0,0,0,0,0,0,0,0,0,0
261049,1,1,1988,0,0,0,0,0,0,0,0,0,0
261050,0,1,1988,12,32,19,20,10,29,27,10,16,12
261050,1,1,1988,10,10,10,10,10,10,10,10,10,10
261051,1,1,1988,0,20,18,24,30,6,26,13,14,20
261051,2,1,1988,0,0,0,0,0,0,0,0,0,0
261052,0,1,1988,0,33,0,17,0,0,0,0,0,0
261052,1,1,1988,0,0,0,9,21,0,0,0,15,0
261053,1,1,1988,0,18,0,15,0,0,0,0,33,32
261053,2,1,1988,0,0,0,0,0,0,0,0,0,0
261054,1,1,1988,0,0,0,0,0,0,0,0,0,0
261054,2,1,1988,0,0,0,0,0,0,0,0,0,0
261055,1,1,1988,0,0,0,0,0,0,0,0,0,0
261055,2,1,1988,0,0,0,0,20,0,0,0,0,0
261056,1,1,1988,15,15,15,15,15,15,15,15,15,15
261056,2,1,1988,4,4,4,4,4,4,4,4,4,4
261057,1,1,1988,20,20,0,21,0,12,0,0,0,0
261058,1,1,1988,18,18,18,18,18,18,18,18,18,18
261059,1,1,1988,14,14,14,14,14,14,14,14,14,14
261059,2,1,1988,0,0,0,0,0,0,0,0,0,0
261060,0,1,1988,14,18,33,27,28,9,20,20,21,29
261060,1,1,1988,0,0,0,0,0,0,0,0,0,0
261061,1,1,1988,4,4,4,4,4,4,4,4,4,4
261062,1,1,1988,6,6,6,6,6,6,6,6,6,6
261062,2,1,1988,0,0,0,0,0,0,0,0,0,0
261063,1,1,1988,0,0,0,19,0,13,0,22,11,0
261063,2,1,1988,20,20,20,20,20,20,20,20,20,20
261063,3,1,1988,13,9,28,15,14,10,8,15,9,9
261064,0,1,1988,0,0,0,0,7,0,27,0,10,0
261064,0,2,1988,0,0,0,0,0,0,0,0,0,0
261064,1,1,1988,0,0,0,0,0,0,0,0,0,0
261065,1,1,1988,0,0,0,0,0,0,0,0,0,0
261065,2,1,1988,0,0,0,0,0,0,0,0,0,0
261066,0,1,1988,30,30,30,30,30,30,30,30,30,30
261066,1,1,1988,1,1,1,1,1,1,1,1,1,1
261067,1,1,1988,0,0,0,0,0,0,0,0,0,0
261067,2,1,1988,0,0,0,0,0,0,0,0,0,0
261068,1,1,1988,0,0,0,0,0,0,0,0,0,0
261068,2,1,1988,0,0,0,0,0,0,0,0,0,0
261069,1,1,1988,0,0,0,0,0,0,0,0,0,0
261069,2,1,1988,0,0,0,0,0,0,0,0,0,0
261070,1,1,1988,0,0,0,0,0,0,0,0,0,0
261071,1,1,1988,10,10,10,10,10,10,10,10,10,10
261071,2,1,1988,9,11,17,14,6,30,24,13,13,25
261073,1,1,1988,0,22,0,36,0,0,0,0,30,15
261074,1,1,1988,0,0,0,0,0,0,0,0,0,0
261074,2,1,1988,0,0,0,0,0,0,0,0,0,0
261074,3,1,1988,0,0,0,0,0,0,0,0,0,0
261075,1,1,1988,0,0,0,0,0,0,0,0,0,0
261075,2,1,1988,0,0,0,0,0,17,0,0,0,0
261076,0,1,1988,0,0,0,0,0,0,0,0,0,0
261076,1,1,1988,0,0,0,0,0,0,0,0,0,0
261077,1,1,1988,0,0,0,0,0,0,0,0,0,0
261077,2,1,1988,7,7,7,7,7,7,7,7,7,7
261077,3,1,1988,0,0,0,0,0,0,0,0,0,0
261078,1,1,1988,8,8,8,8,8,8,8,8,8,8
261078,2,1,1988,0,0,0,0,0,0,0,0,0,0
261078,3,1,1988,0,0,0,0,0,0,0,0,0,0
261080,0,1,1988,0,0,0,0,0,0,0,0,0,0
261080,1,1,1988,0,0,19,0,0,0,0,0,0,0
261081,1,1,1988,19,19,19,19,19,19,19,19,19,19
261081,2,1,1988,0,0,0,0,0,0,0,0,0,0
261082,1,1,1988,0,0,0,0,0,0,0,0,0,0
261083,1,1,1988,10,10,10,10,10,10,10,10,10,10
261083,2,1,1988,0,0,0,0,0,0,0,0,0,0
261084,1,1,1988,19,19,19,19,19,19,19,19,19,19
261085,1,1,1988,0,0,0,0,0,0,0,0,0,0
261085,2,1,1988,0,0,0,0,0,0,0,0,0,0
261086,1,1,1988,0,0,0,0,0,0,0,0,0,0
261086,2,1,1988,0,0,0,0,0,0,0,0,0,0
261087,1,1,1988,0,3,0,0,0,0,0,0,0,0
261087,2,1,1988,6,6,6,6,6,6,6,6,6,6
261088,1,1,1988,0,24,15,18,24,25,10,25,0,15
261089,0,1,1988,4,4,4,4,4,4,4,4,4,4
261089,1,1,1988,0,0,24,0,0,0,18,3,0,0
261090,1,1,1988,0,0,0,0,0,0,0,0,0,0
261090,2,1,1988,0,0,0,0,0,0,0,0,0,0
261091,1,1,1988,0,0,0,0,0,0,0,0,0,0
261091,2,1,1988,0,0,0,0,0,0,0,0,0,0
261092,1,1,1988,4,14,19,6,0,21,11,4,17,19
261092,2,1,1988,19,8,12,8,3,17,0,20,0,0
261093,1,1,1988,34,34,34,34,34,34,34,34,34,34
261093,2,1,1988,18,0,0,0,0,0,16,0,0,0
261094,1,1,1988,0,0,0,0,0,0,0,0,0,0
261094,2,1,1988,0,0,0,0,0,0,0,0,0,0
261095,1,1,1988,0,0,0,0,0,0,0,0,0,0
261095,2,1,1988,0,0,0,0,0,0,0,0,0,0
261095,3,1,1988,0,4,0,0,0,0,0,14,0,0
261095,4,1,1988,0,0,0,0,0,8,0,0,0,0
261096,0,1,1988,0,0,0,0,0,0,0,0,0,0
261096,1,1,1988,0,0,0,0,0,0,0,0,0,0
261097,1,1,1988,0,0,0,0,0,0,0,0,0,0
261097,2,1,1988,0,0,0,0,0,0,0,0,0,0
261098,1,1,1988,34,12,10,9,16,17,22,18,7,8
261098,2,1,1988,22,8,12,18,0,0,0,10,9,0
261099,1,1,1988,15,15,15,15,15,15,15,15,15,15
261100,1,1,1988,14,14,14,14,14,14,14,14,14,14
261100,2,1,1988,0,0,0,0,0,0,0,0,0,0
261101,1,1,1988,0,25,17,12,4,31,12,41,16,9
261102,1,1,1988,23,25,10,0,30,26,7,22,12,34
261103,1,1,1988,0,0,0,0,0,0,0,0,0,0
261103,2,1,1988,0,0,0,0,0,0,0,0,0,0
261104,0,1,1988,0,0,0,0,0,0,0,0,0,0
261104,1,1,1988,0,0,0,0,0,0,0,0,0,0
261105,1,1,1988,6,6,6,6,6,6,6,6,6,6
261105,2,1,1988,25,25,25,25,25,25,25,25,25,25
261106,1,1,1988,0,0,0,0,0,0,0,0,0,0
261106,2,1,1988,0,0,0,0,0,0,0,0,0,0
261107,1,1,1988,0,0,0,0,0,0,0,0,0,0
261107,2,1,1988,0,0,0,0,0,0,0,0,0,0
261108,1,1,1988,12,12,12,12,12,12,12,12,12,12
261108,2,1,1988,0,0,0,0,0,0,0,0,0,0
261109,1,1,1988,0,0,0,0,0,0,0,0,0,0
261109,2,1,1988,2,2,2,2,2,2,2,2,2,2
261110,1,1,1988,0,0,0,0,0,0,0,0,0,0
261111,1,1,1988,1,1,1,1,1,1,1,1,1,1
261111,2,1,1988,2,2,2,2,2,2,2,2,2,2
261112,1,1,1988,14,14,14,14,14,14,14,14,14,14
261113,1,1,1988,0,0,0,0,0,0,0,0,0,0
261113,2,1,1988,0,0,0,0,0,0,0,0,0,0
261114,1,1,1988,17,27,19,17,26,29,20,29,16,20
261115,0,1,1988,23,0,26,23,18,11,13,11,19,14
261115,1,1,1988,12,13,5,0,0,6,11,13,3,0
261116,0,1,1988,16,20,33,30,25,0,10,0,21,21
261116,1,1,1988,0,6,15,11,18,10,11,0,9,8
261117,1,1,1988,0,0,0,0,0,0,0,0,0,0
261117,2,1,1988,18,18,18,18,18,18,18,18,18,18
261117,3,1,1988,14,8,12,0,17,5,27,9,10,19
261118,1,1,1988,0,0,0,0,0,0,0,0,0,0
261118,2,1,1988,0,0,0,0,0,0,0,0,0,0
261119,0,1,1988,44,0,0,25,30,17,42,0,15,0
261119,1,1,1988,0,20,8,0,0,4,10,17,31,0
261120,1,1,1988,11,0,0,0,0,0,0,0,0,0
261121,1,1,1988,0,0,26,0,0,0,0,0,10,0
261121,2,1,1988,0,0,14,0,29,0,0,12,0,20
261122,1,1,1988,19,19,19,19,19,19,19,19,19,19
261123,1,1,1988,19,19,19,19,19,19,19,19,19,19
261123,2,1,1988,0,0,0,0,0,0,0,0,0,0
261124,0,1,1988,13,13,13,13,13,13,13,13,13,13
261124,1,1,1988,13,13,13,13,13,13,13,13,13,13
261125,1,1,1988,23,28,22,15,19,17,24,11,20,11
261126,1,1,1988,0,0,0,0,0,0,0,0,0,0
261126,2,1,1988,0,0,0,0,0,0,0,0,0,0
261127,1,1,1988,9,9,9,9,9,9,9,9,9,9
261127,2,1,1988,0,0,0,0,0,0,0,0,0,0
261127,3,1,1988,0,0,0,0,0,0,0,0,0,0
261127,4,1,1988,0,0,0,19,0,0,0,0,0,0
261128,1,1,1988,0,0,0,0,0,0,0,0,0,0
261129,1,1,1988,24,24,24,24,24,24,24,24,24,24
261129,2,1,1988,0,0,0,0,0,0,0,0,0,0
261131,1,1,1988,0,0,0,0,0,0,0,0,0,0
261131,2,1,1988,0,0,0,0,7,0,0,0,0,0
261131,3,1,1988,0,0,0,0,0,12,0,0,0,0
261131,4,1,1988,0,0,0,0,0,0,0,0,0,0
261132,1,1,1988,0,12,0,0,4,0,0,0,0,0
261132,2,1,1988,0,0,0,0,0,0,0,0,0,0
261133,1,1,1988,0,0,0,0,0,0,0,0,0,0
261133,2,1,1988,0,0,0,0,0,0,0,0,0,0
261134,1,1,1988,16,16,16,16,16,16,16,16,16,16
261135,1,1,1988,20,17,15,30,17,19,13,20,28,22
261136,1,1,1988,0,0,17,0,0,0,0,0,0,0
261136,2,1,1988,0,4,0,0,0,0,0,0,0,0
261137,1,1,1988,13,13,13,13,13,13,13,13,13,13
261138,1,1,1988,27,27,27,27,27,27,27,27,27,27
261138,2,1,1988,0,0,0,0,0,0,0,0,0,0
261139,1,1,1988,0,0,0,0,0,0,0,0,0,0
261139,2,1,1988,0,0,0,0,0,0,0,0,0,0
261140,1,1,1988,36,36,36,36,36,36,36,36,36,36
261141,1,1,1988,25,25,25,25,25,25,25,25,25,25
261142,1,1,1988,0,0,0,0,0,0,0,0,0,0
261142,2,1,1988,0,0,0,0,0,0,0,0,0,0
261142,3,1,1988,0,0,0,0,0,0,0,0,0,0
261143,1,1,1988,8,8,8,8,8,8,8,8,8,8
261144,1,1,1988,28,28,28,28,28,28,28,28,28,28
261145,1,1,1988,11,11,11,11,11,11,11,11,11,11
261146,0,1,1988,0,0,0,38,0,0,0,0,0,0
261146,1,1,1988,0,0,0,0,0,0,0,0,0,0
261147,1,1,1988,29,29,29,29,29,29,29,29,29,29
261148,0,1,1988,0,0,0,2,0,0,0,0,0,0
261148,1,1,1988,0,0,0,0,0,0,0,0,0,0
261149,1,1,1988,0,0,0,0,0,0,0,0,0,0
261150,1,1,1988,0,0,0,0,0,0,0,0,0,0
261150,2,1,1988,0,0,0,0,0,0,0,0,0,0
261151,1,1,1988,0,0,0,0,6,0,0,0,0,0
261152,1,1,1988,0,0,0,0,0,0,0,0,0,0
261152,2,1,1988,0,0,0,0,0,0,0,0,0,0
261153,0,1,1988,0,33,25,0,0,43,9,29,0,0
261153,1,1,1988,20,20,20,20,20,20,20,20,20,20
261153,2,1,1988,14,17,24,20,17,13,10,10,0,6
261154,1,1,1988,14,19,9,21,15,8,15,3,22,32
261155,1,1,1988,1,1,1,1,1,1,1,1,1,1
261155,2,1,1988,0,0,0,0,0,0,0,0,0,0
261157,1,1,1988,0,0,0,0,0,0,0,0,0,0
261157,2,1,1988,0,0,0,0,0,0,0,0,0,0
261158,0,1,1988,7,7,7,7,7,7,7,7,7,7
261158,1,1,1988,21,9,0,16,24,14,14,7,25,13
261159,0,1,1988,37,4,0,12,12,7,19,4,32,11
261159,1,1,1988,0,0,0,0,0,0,0,0,0,0
261160,0,1,1988,0,0,0,0,0,0,0,0,0,0
261160,1,1,1988,0,5,0,0,0,0,0,0,0,18
261161,1,1,1988,6,6,6,6,6,6,6,6,6,6
261162,1,1,1988,10,10,10,10,10,10,10,10,10,10
261163,1,1,1988,6,0,0,25,11,14,9,9,12,23
261163,2,1,1988,0,0,0,0,0,0,0,0,0,0
261164,1,1,1988,14,0,0,0,0,0,0,0,0,0
261164,2,1,1988,8,0,10,9,6,9,16,0,8,4
261165,1,1,1988,18,0,7,12,6,23,12,4,7,17
261166,1,1,1988,0,0,0,0,0,4,0,0,0,0
261166,2,1,1988,0,0,0,0,0,28,0,0,0,0
261167,1,1,1988,0,0,0,0,0,0,0,0,0,0
261167,2,1,1988,0,15,0,0,0,0,0,0,0,0
261168,1,1,1988,0,0,0,0,0,0,0,0,0,0
261168,2,1,1988,0,0,0,0,0,0,0,0,0,0
261169,1,1,1988,0,0,0,0,0,0,0,0,0,0
261169,2,1,1988,0,0,0,0,0,0,0,0,0,0
261170,1,1,1988,0,0,0,0,10,0,0,0,0,0
261170,2,1,1988,0,0,0,0,0,0,0,0,0,0
261171,1,1,1988,0,0,0,0,9,0,0,0,0,33
261172,1,1,1988,0,0,0,0,0,0,0,0,0,0
261172,2,1,1988,0,0,0,0,0,0,0,0,0,0
261173,1,1,1988,0,0,0,5,0,12,0,31,0,0
261173,2,1,1988,0,0,0,0,0,0,0,0,0,0
261174,0,1,1988,0,0,0,0,0,0,0,0,0,0
261174,0,2,1988,0,0,0,0,0,0,0,0,0,0
261174,1,1,1988,0,0,0,0,3,0,0,0,0,0
261175,1,1,1988,0,0,0,0,0,0,0,0,0,0
261175,2,1,1988,0,0,0,0,0,0,0,0,0,0
261176,1,1,1988,17,17,17,17,17,17,17,17,17,17
261177,1,1,1988,15,0,36,0,0,0,14,20,21,0
261178,1,1,1988,0,0,0,0,0,0,0,0,0,0
261178,2,1,1988,0,0,0,0,8,20,6,0,0,0
261179,1,1,1988,0,0,0,0,0,0,0,0,0,0
261179,2,1,1988,0,0,0,0,0,0,0,0,0,0
261180,1,1,1988,0,0,0,0,0,0,0,0,0,0
261180,2,1,1988,0,0,0,0,0,0,0,0,0,0
261180,3,1,1988,0,0,0,0,0,0,0,0,0,0
261181,1,1,1988,20,20,20,20,20,20,20,20,20,20
261182,1,1,1988,0,0,0,7,0,0,0,0,0,0
261183,0,1,1988,0,0,0,0,0,0,0,0,0,0
261183,1,1,1988,0,11,0,7,32,0,0,18,17,0
261184,1,1,1988,0,0,0,0,0,0,0,0,0,0
261184,2,1,1988,0,0,0,0,0,0,0,0,0,5
261185,1,1,1988,22,22,22,22,22,22,22,22,22,22
261186,1,1,1988,26,26,26,26,26,26,26,26,26,26
261187,1,1,1988,2,2,2,2,2,2,2,2,2,2
261189,1,1,1988,18,18,16,7,10,11,10,14,15,9
261189,2,1,1988,8,18,14,42,30,17,4,0,24,3
261190,1,1,1988,0,0,0,0,0,16,0,0,0,0
261190,2,1,1988,0,0,0,0,0,0,0,0,0,0
261190,3,1,1988,0,0,0,0,0,0,0,0,0,0
261191,1,1,1988,0,0,0,0,0,0,0,0,0,0
261191,2,1,1988,0,31,0,0,0,0,0,0,0,0
261192,1,1,1988,0,0,28,28,0,0,18,28,0,0
261192,2,1,1988,0,0,0,0,0,0,0,0,0,0
261193,1,1,1988,0,20,0,0,0,0,0,0,0,0
261194,1,1,1988,0,0,0,0,0,0,0,0,0,0
261194,2,1,1988,0,0,0,0,0,0,0,0,0,0
261195,1,1,1988,0,0,0,0,0,0,0,0,0,0
261196,1,1,1988,0,0,0,0,0,0,0,0,0,0
261196,2,1,1988,0,0,0,0,0,0,0,0,0,0
261197,0,1,1988,13,13,13,13,13,13,13,13,13,13
261197,1,1,1988,16,16,16,16,16,16,16,16,16,16
261198,1,1,1988,0,0,0,0,0,0,0,0,0,0
261198,2,1,1988,0,0,0,0,0,0,0,0,10,0
261199,1,1,1988,0,0,0,0,0,0,0,0,0,0
261199,2,1,1988,0,0,0,0,0,0,0,0,0,0
261200,1,1,1988,0,0,0,0,0,0,0,0,0,0
261200,2,1,1988,0,0,0,0,0,0,0,0,0,0
261201,1,1,1988,18,18,18,18,18,18,18,18,18,18
261202,1,1,1988,21,21,21,21,21,21,21,21,21,21
261203,1,1,1988,0,0,0,0,0,0,0,0,0,0
261203,2,1,1988,0,0,0,0,0,0,0,0,0,0
261204,1,1,1988,0,0,0,0,0,0,0,0,0,0
261204,2,1,1988,0,0,0,0,0,0,0,0,0,0
261205,0,1,1988,39,6,21,0,17,12,18,0,34,15
261205,2,1,1988,20,9,22,14,16,10,12,20,13,0
261205,3,1,1988,0,0,0,0,0,0,0,0,0,0
261206,1,1,1988,0,0,0,0,0,0,0,0,0,0
261206,2,1,1988,0,0,0,0,0,0,0,0,0,0
261207,0,1,1988,0,0,0,0,10,0,0,0,24,0
261207,1,1,1988,0,0,25,0,0,0,0,0,0,0
261208,1,1,1988,8,8,8,8,8,8,8,8,8,8
261209,0,1,1988,0,0,0,0,0,0,0,0,0,0
261209,1,1,1988,5,0,0,0,0,0,0,3,0,0
261210,1,1,1988,25,25,25,25,25,25,25,25,25,25
261211,0,1,1988,0,0,0,0,0,0,0,0,0,0
261211,1,1,1988,0,0,0,0,0,0,0,0,0,0
261212,1,1,1988,24,24,24,24,24,24,24,24,24,24
261213,1,1,1988,20,0,0,0,0,0,0,0,0,0
261213,2,1,1988,0,0,0,0,0,18,0,0,0,0
261214,1,1,1988,0,0,0,7,0,0,17,0,0,0
261214,2,1,1988,0,0,0,0,0,0,0,0,0,0
261215,1,1,1988,0,0,0,0,0,0,18,0,0,0
261216,1,1,1988,0,0,0,0,0,0,0,0,0,0
261216,2,1,1988,0,0,0,0,0,0,0,0,0,0
261217,1,1,1988,12,12,12,12,12,12,12,12,12,12
261217,2,1,1988,10,20,14,7,11,4,8,12,15,10
261218,1,1,1988,15,15,15,15,15,15,15,15,15,15
261219,1,1,1988,9,9,9,9,9,9,9,9,9,9
261220,1,1,1988,0,0,0,0,0,0,0,0,0,0
261220,2,1,1988,0,0,0,0,0,0,0,0,0,0
261220,3,1,1988,0,0,0,0,0,0,0,0,0,0
261221,1,1,1988,19,19,19,19,19,19,19,19,19,19
261222,1,1,1988,0,0,0,0,0,0,0,0,0,0
261222,2,1,1988,0,0,0,0,0,0,0,0,0,0
261223,1,1,1988,14,14,14,14,14,14,14,14,14,14
261224,1,1,1988,0,0,0,0,0,9,0,0,0,0
261224,2,1,1988,0,0,0,0,0,0,0,0,0,0
261225,1,1,1988,0,0,0,0,0,0,0,0,0,0
261225,2,1,1988,0,0,0,0,0,0,0,0,0,0
261226,1,1,1988,0,0,0,0,0,0,0,0,0,0
261226,2,1,1988,0,0,0,0,0,0,0,0,0,0
261227,1,1,1988,0,0,0,4,0,0,0,0,0,22
261227,2,1,1988,0,0,0,0,0,0,0,0,0,0
261228,1,1,1988,0,0,0,0,0,0,0,0,0,0
261228,2,1,1988,0,0,0,0,0,0,0,0,0,0
261229,0,1,1988,0,0,0,0,0,0,0,0,0,0
261229,1,1,1988,0,0,7,14,0,0,0,16,4,3
261230,1,1,1988,0,0,0,0,0,0,0,0,0,0
261231,1,1,1988,0,0,0,0,0,0,0,0,0,0
261231,2,1,1988,0,0,0,0,0,0,0,0,0,0
261232,1,1,1988,0,0,0,0,0,0,0,0,0,0
261232,2,1,1988,0,0,0,0,0,0,0,0,0,18
261233,1,1,1988,15,15,15,15,15,15,15,15,15,15
261233,2,1,1988,8,19,8,12,15,5,23,5,15,10
261234,1,1,1988,0,0,0,0,0,0,0,0,0,0
261234,2,1,1988,2,2,2,2,2,2,2,2,2,2
261235,1,1,1988,0,0,0,0,0,0,0,0,0,0
261235,2,1,1988,0,0,0,0,0,0,0,0,0,0
261236,1,1,1988,0,0,0,0,0,0,0,0,0,0
261236,2,1,1988,0,0,0,0,0,0,0,0,0,0
261237,1,1,1988,0,0,0,0,0,0,0,0,0,0
261237,2,1,1988,24,24,24,24,24,24,24,24,24,24
261238,1,1,1988,0,0,0,0,0,0,0,0,0,0
261238,2,1,1988,0,0,0,0,0,0,0,0,0,0
261239,1,1,1988,0,0,0,0,0,0,0,0,0,0
261239,2,1,1988,0,0,0,0,0,0,0,0,0,0
261240,1,1,1988,16,16,16,16,16,16,16,16,16,16
261241,1,1,1988,27,27,27,27,27,27,27,27,27,27
261241,2,1,1988,0,0,0,0,0,0,0,0,0,0
261242,0,1,1988,0,0,0,0,0,0,0,0,0,0
261242,1,1,1988,0,0,0,0,0,0,0,0,0,0
261243,1,1,1988,0,0,0,0,0,0,0,0,0,0
261243,2,1,1988,0,0,0,0,0,0,0,0,0,0