ST_CASE,VEH_NO,PER_NO,YEAR,P1,P2,P3,P4,P5,P6,P7,P8,P9,P10
261244,1,1,1988,0,0,0,0,0,0,0,16,0,0
261245,1,1,1988,0,0,0,0,0,0,0,0,0,0
261245,2,1,1988,0,17,0,12,0,21,0,0,21,27
261246,1,1,1988,13,13,13,13,13,13,13,13,13,13
261247,1,1,1988,17,10,3,0,0,0,13,18,7,14
261248,1,1,1988,0,0,0,0,0,0,0,0,0,0
261249,1,1,1988,22,22,22,22,22,22,22,22,22,22
261250,0,1,1988,28,28,28,28,28,28,28,28,28,28
261250,1,1,1988,7,7,7,7,7,7,7,7,7,7
261251,1,1,1988,0,0,0,0,0,0,0,0,0,0
261252,1,1,1988,0,13,0,0,20,0,0,0,0,0
261253,1,1,1988,26,26,26,26,26,26,26,26,26,26
261253,2,1,1988,0,0,0,0,0,0,0,0,0,0
261254,1,1,1988,0,0,0,0,0,0,0,0,0,0
261254,2,1,1988,0,0,0,0,0,0,0,0,0,0
261255,0,1,1988,24,24,24,24,24,24,24,24,24,24
261255,1,1,1988,0,0,0,0,0,0,0,0,0,0
261256,1,1,1988,0,0,0,0,0,0,0,0,0,0
261257,0,1,1988,0,0,0,0,0,0,0,0,0,0
261257,1,1,1988,0,0,0,0,0,0,0,0,0,0
261258,1,1,1988,3,12,11,12,22,17,13,9,10,11
261258,2,1,1988,0,0,0,0,0,0,0,0,0,0
261259,1,1,1988,0,16,0,0,0,15,0,9,0,15
261260,1,1,1988,17,17,17,17,17,17,17,17,17,17
261260,2,1,1988,0,0,0,0,29,0,0,0,0,0
261261,1,1,1988,8,15,8,19,35,30,15,23,22,15
261262,1,1,1988,0,0,0,0,0,0,0,0,0,0
261262,2,1,1988,0,0,0,0,0,0,0,0,0,0
261263,0,1,1988,0,0,0,0,0,0,0,0,0,0
261263,1,1,1988,0,0,0,0,0,0,0,0,0,0
261264,1,1,1988,0,0,0,0,0,0,0,0,0,0
261264,2,1,1988,0,0,0,0,0,0,0,0,0,0
261265,1,1,1988,6,6,6,6,6,6,6,6,6,6
261266,1,1,1988,0,0,0,0,0,0,0,0,0,0
261266,2,1,1988,0,0,0,0,0,0,0,0,0,0
261266,3,1,1988,0,0,0,0,0,0,0,0,0,0
261267,1,1,1988,2,2,2,2,2,2,2,2,2,2
261268,1,1,1988,28,28,28,28,28,28,28,28,28,28
261268,2,1,1988,0,0,0,0,0,0,0,0,0,0
261269,1,1,1988,0,0,0,0,0,0,0,0,0,0
261269,2,1,1988,0,0,0,0,0,0,0,0,0,0
261270,1,1,1988,25,25,25,25,25,25,25,25,25,25
261271,1,1,1988,28,28,28,28,28,28,28,28,28,28
261272,1,1,1988,0,0,0,0,0,0,0,0,0,0
261272,2,1,1988,11,11,11,11,11,11,11,11,11,11
261273,1,1,1988,0,33,14,11,29,9,21,12,29,10
261274,1,1,1988,0,0,0,0,0,0,0,0,0,0
261274,2,1,1988,0,0,0,0,0,0,0,0,0,0
261275,1,1,1988,0,0,0,0,0,0,0,0,0,0
261275,2,1,1988,14,14,14,14,14,14,14,14,14,14
261276,0,1,1988,18,18,18,18,18,18,18,18,18,18
261276,1,1,1988,0,0,0,9,19,0,0,0,8,19
261277,1,1,1988,15,15,15,15,15,15,15,15,15,15
261278,1,1,1988,0,0,0,0,0,0,0,0,0,0
261279,1,1,1988,12,12,12,12,12,12,12,12,12,12
261279,2,1,1988,0,0,30,0,0,0,0,0,0,0
261279,3,1,1988,0,0,0,0,0,0,0,0,0,0
261280,1,1,1988,9,14,0,3,8,15,0,15,0,12
261280,2,1,1988,5,13,14,20,9,22,22,13,6,20
261281,1,1,1988,22,22,22,22,22,22,22,22,22,22
261282,1,1,1988,0,0,0,0,0,0,0,0,0,0
261283,1,1,1988,0,0,0,0,0,0,0,0,0,0
261283,2,1,1988,0,0,0,0,0,0,0,0,0,0
261284,1,1,1988,0,0,0,0,0,0,0,0,0,0
261284,2,1,1988,0,0,0,0,0,0,0,0,11,0
261285,1,1,1988,0,0,0,0,0,0,0,0,0,0
261285,2,1,1988,0,0,0,0,0,0,0,0,0,0
261286,1,1,1988,19,19,19,19,19,19,19,19,19,19
261287,1,1,1988,21,21,21,21,21,21,21,21,21,21
261288,1,1,1988,0,0,0,0,0,0,0,0,0,0
261288,2,1,1988,0,0,0,0,0,0,0,0,0,0
261289,1,1,1988,0,0,10,0,0,0,0,0,0,0
261289,2,1,1988,0,0,0,0,0,0,0,0,0,0
261290,1,1,1988,23,23,23,23,23,23,23,23,23,23
261290,2,1,1988,0,0,0,0,0,0,0,0,0,0
261290,3,1,1988,0,0,0,42,0,0,0,0,0,0
261291,1,1,1988,16,16,16,16,16,16,16,16,16,16
261292,1,1,1988,0,0,0,0,0,0,0,0,0,0
261292,2,1,1988,0,0,0,0,0,0,13,14,0,0
261293,1,1,1988,0,0,0,12,0,0,0,0,0,0
261293,2,1,1988,0,0,0,0,0,0,0,0,0,0
261294,0,1,1988,0,0,0,0,0,17,28,0,0,0
261294,1,1,1988,0,0,0,0,0,0,0,0,0,0
261295,1,1,1988,16,16,16,16,16,16,16,16,16,16
261295,2,1,1988,19,15,22,23,10,23,15,5,16,10
261296,1,1,1988,0,0,0,0,0,0,0,0,0,0
261296,2,1,1988,5,5,5,5,5,5,5,5,5,5
261296,3,1,1988,0,0,0,0,0,0,0,0,0,0
261297,1,1,1988,0,0,0,0,0,0,0,21,0,0
261297,2,1,1988,0,0,0,0,0,0,50,13,0,0
261298,1,1,1988,22,22,22,22,22,22,22,22,22,22
261298,2,1,1988,3,3,3,3,3,3,3,3,3,3
261299,1,1,1988,17,17,17,17,17,17,17,17,17,17
261299,2,1,1988,0,0,0,0,0,0,0,0,0,0
261300,1,1,1988,0,0,0,0,0,0,0,0,0,0
261300,2,1,1988,0,0,0,0,0,15,0,0,0,0
261301,1,1,1988,0,0,0,0,0,0,0,0,0,0
261302,1,1,1988,0,0,0,0,0,0,0,0,0,0
261302,2,1,1988,0,0,0,0,0,0,0,0,0,0
261302,3,1,1988,0,0,0,0,0,0,0,21,0,0
261303,0,1,1988,0,0,0,0,0,0,0,0,0,0
261303,1,1,1988,0,0,0,0,0,0,0,0,0,0
261304,1,1,1988,17,17,17,17,17,17,17,17,17,17
261305,1,1,1988,25,15,17,19,14,0,20,21,17,13
261306,1,1,1988,0,0,0,0,0,0,0,0,0,0
261306,2,1,1988,0,0,0,0,0,0,0,0,0,0
261307,1,1,1988,0,0,0,6,0,0,0,0,0,0
261307,2,1,1988,0,0,0,0,0,0,0,0,0,0
261308,1,1,1988,25,30,22,9,25,19,33,22,25,23
261309,1,1,1988,0,0,0,0,0,0,0,0,0,0
261310,1,1,1988,0,0,0,0,0,0,0,0,0,0
261310,2,1,1988,0,0,0,0,0,0,0,0,0,0
261311,1,1,1988,0,0,0,0,0,0,0,0,0,0
261311,2,1,1988,0,0,0,0,0,0,0,0,0,0
261312,1,1,1988,21,21,21,21,21,21,21,21,21,21
261313,1,1,1988,0,0,0,0,0,0,0,0,0,0
261313,2,1,1988,7,0,0,0,0,0,0,0,0,0
261314,1,1,1988,10,10,10,10,10,10,10,10,10,10
261314,2,1,1988,0,0,0,0,0,0,0,0,0,0
261316,1,1,1988,20,20,20,20,20,20,20,20,20,20
261317,1,1,1988,17,17,17,17,17,17,17,17,17,17
261318,0,1,1988,13,22,3,35,24,21,27,29,21,24
261318,1,1,1988,0,0,0,0,0,0,0,0,0,0
261318,2,1,1988,0,0,7,0,0,0,0,0,5,0
261319,1,1,1988,0,0,33,8,17,28,0,16,0,0
261319,2,1,1988,13,0,0,0,0,15,6,9,24,15
261320,0,1,1988,22,22,22,22,22,22,22,22,22,22
261320,1,1,1988,11,20,13,8,5,33,0,15,13,0
261321,1,1,1988,0,0,0,0,0,0,0,0,0,0
261321,2,1,1988,0,0,0,0,0,0,0,0,0,0
261322,1,1,1988,2,2,2,2,2,2,2,2,2,2
261322,2,1,1988,0,0,0,0,0,0,0,0,0,0
261323,0,1,1988,0,0,0,0,0,0,0,0,0,0
261323,1,1,1988,0,0,0,0,8,0,0,0,0,0
261324,1,1,1988,0,0,0,0,0,0,0,0,0,0
261324,2,1,1988,0,0,0,0,0,0,0,0,0,0
261324,3,1,1988,0,0,0,0,0,0,9,0,0,0
261325,1,1,1988,0,0,0,0,0,0,0,0,0,10
261325,2,1,1988,0,0,0,0,0,0,0,0,0,0
261326,1,1,1988,0,0,0,0,0,0,0,0,0,0
261327,1,1,1988,0,24,16,0,0,0,0,14,0,0
261327,2,1,1988,24,0,0,0,0,11,0,0,0,0
261327,3,1,1988,10,3,0,0,0,7,13,0,22,0
261328,1,1,1988,0,0,13,0,0,0,0,0,0,0
261328,2,1,1988,0,0,0,0,0,0,0,0,0,0
261329,1,1,1988,16,16,16,16,16,16,16,16,16,16
261329,2,1,1988,0,0,0,0,0,0,0,0,0,0
261331,1,1,1988,0,0,0,0,0,0,0,0,0,0
261332,1,1,1988,25,25,25,25,25,25,25,25,25,25
261333,1,1,1988,31,31,31,31,31,31,31,31,31,31
261334,1,1,1988,13,13,13,13,13,13,13,13,13,13
261334,2,1,1988,17,17,17,17,17,17,17,17,17,17
261335,1,1,1988,29,29,29,29,29,29,29,29,29,29
261336,0,1,1988,7,25,0,0,0,0,15,0,0,18
261336,1,1,1988,9,0,0,0,0,0,19,17,0,0
261337,1,1,1988,0,0,17,8,10,5,14,8,14,0
261338,1,1,1988,0,0,0,0,13,0,0,0,0,0
261338,2,1,1988,0,0,2,6,13,0,0,0,0,0
261339,1,1,1988,0,0,0,0,0,23,0,20,24,0
261339,2,1,1988,0,0,0,0,0,0,0,0,0,0
261340,1,1,1988,7,7,7,7,7,7,7,7,7,7
261341,0,1,1988,0,0,0,0,0,0,0,0,0,0
261341,1,1,1988,0,0,0,0,0,0,0,0,0,0
261342,0,1,1988,0,0,0,0,0,0,0,0,0,0
261342,1,1,1988,0,0,0,0,0,0,0,0,0,0
261343,1,1,1988,23,25,10,13,20,14,9,17,20,44
261343,2,1,1988,0,0,0,0,0,25,0,0,28,0
261344,1,1,1988,10,0,10,10,9,20,13,0,0,11
261344,2,1,1988,0,0,0,0,0,0,0,0,0,0
261345,1,1,1988,0,0,0,0,0,0,0,0,0,0
261345,2,1,1988,0,0,0,0,0,0,0,0,0,0
261346,0,1,1988,0,0,0,0,0,0,0,0,0,0
261346,1,1,1988,0,0,0,0,0,0,0,0,0,0
261347,1,1,1988,11,0,0,0,0,0,0,0,0,0
261348,1,1,1988,0,0,0,0,0,0,0,0,0,0
261348,2,1,1988,0,0,0,0,0,0,0,0,0,0
261349,0,1,1988,14,26,18,0,18,20,32,20,0,14
261349,1,1,1988,0,0,0,0,0,0,0,0,0,0
261350,0,1,1988,0,0,0,0,0,0,0,0,0,0
261350,1,1,1988,0,0,0,0,0,0,0,0,0,0
261351,0,1,1988,0,0,0,0,0,6,0,0,0,8
261351,1,1,1988,0,0,0,0,0,0,0,13,0,0
261352,1,1,1988,20,20,20,20,20,20,20,20,20,20
261352,2,1,1988,0,0,0,0,0,0,0,0,0,0
261353,1,1,1988,13,0,0,0,0,0,0,0,0,0
261353,2,1,1988,0,0,0,0,0,0,0,0,0,0
261354,1,1,1988,0,0,0,0,0,0,0,0,0,0
261354,2,1,1988,0,0,0,0,0,0,0,0,0,0
261355,0,1,1988,0,0,0,0,0,0,0,0,0,0
261355,1,1,1988,18,13,0,0,16,11,8,27,17,0
261356,1,1,1988,17,17,17,17,17,17,17,17,17,17
261356,2,1,1988,0,0,0,0,0,0,0,0,13,0
261357,1,1,1988,0,0,0,0,0,7,0,17,0,0
261357,2,1,1988,0,0,0,0,0,0,0,0,0,0
261358,1,1,1988,0,0,0,0,0,0,0,0,0,0
261358,2,1,1988,0,0,0,0,0,0,0,0,0,0
261359,1,1,1988,0,0,0,0,0,0,0,0,0,0
261359,2,1,1988,0,0,0,0,0,0,0,0,0,0
261360,1,1,1988,22,22,22,22,22,22,22,22,22,22
261361,0,1,1988,0,0,0,0,0,0,0,0,0,0
261361,1,1,1988,0,0,0,0,0,0,0,0,0,0
261362,1,1,1988,0,0,0,0,0,0,0,0,0,0
261362,2,1,1988,0,0,0,0,0,0,0,0,0,0
261363,0,1,1988,0,0,0,0,0,0,0,0,0,0
261363,1,1,1988,0,0,0,0,0,0,0,0,6,0
261364,1,1,1988,0,0,0,0,0,0,0,0,0,0
261364,2,1,1988,0,0,0,0,0,0,0,0,0,0
261365,1,1,1988,0,0,0,0,0,24,0,0,0,0
261365,2,1,1988,0,0,0,0,0,0,0,0,0,0
261366,1,1,1988,8,8,8,8,8,8,8,8,8,8
261366,2,1,1988,0,0,0,0,0,0,0,0,0,0
261366,3,1,1988,0,0,0,0,0,0,0,0,0,0
261367,0,1,1988,0,0,0,0,0,0,0,0,0,0
261367,1,1,1988,0,0,0,0,0,0,0,0,0,0
261368,1,1,1988,0,0,0,0,0,0,0,0,0,0
261368,2,1,1988,0,0,0,0,0,0,0,0,0,0
261369,1,1,1988,22,9,6,0,9,16,28,37,28,14
261369,2,1,1988,13,10,8,3,25,7,11,12,14,8
261370,1,1,1988,14,14,14,14,14,14,14,14,14,14
261370,2,1,1988,0,0,0,0,0,0,0,0,0,0
261371,1,1,1988,24,24,24,24,24,24,24,24,24,24
261372,1,1,1988,0,16,0,12,0,2,0,0,0,14
261372,2,1,1988,0,0,0,0,0,0,0,0,0,0
261373,0,1,1988,0,0,0,0,0,0,0,0,0,0
261373,1,1,1988,12,12,12,12,12,12,12,12,12,12
261374,1,1,1988,17,17,17,17,17,17,17,17,17,17
261374,2,1,1988,0,0,0,0,0,24,0,0,0,0
261375,1,1,1988,0,0,0,0,0,0,0,0,0,0
261376,1,1,1988,0,0,19,0,0,0,0,0,0,0
261377,0,1,1988,0,0,0,0,0,0,0,0,0,0
261377,1,1,1988,0,0,0,0,0,0,0,0,0,0
261378,1,1,1988,0,0,0,0,0,0,0,0,0,0
261379,1,1,1988,10,10,10,10,10,10,10,10,10,10
261379,2,1,1988,0,0,0,10,0,0,0,0,0,0
261380,1,1,1988,0,0,0,0,0,0,0,0,0,0
261380,2,1,1988,0,0,0,0,0,0,0,0,0,0
261381,1,1,1988,12,12,12,12,12,12,12,12,12,12
261381,2,1,1988,0,0,0,0,0,1,2,0,7,11
261382,1,1,1988,4,4,4,4,4,4,4,4,4,4
261383,1,1,1988,0,0,0,0,0,0,0,0,0,4
261383,2,1,1988,0,0,0,0,0,0,0,0,0,0
261384,1,1,1988,20,20,20,20,20,20,20,20,20,20
261384,2,1,1988,0,0,0,0,0,0,0,0,0,0
261385,1,1,1988,16,16,16,16,16,16,16,16,16,16
261386,1,1,1988,14,14,14,14,14,14,14,14,14,14
261386,2,1,1988,6,6,6,6,6,6,6,6,6,6
261387,1,1,1988,7,7,7,7,7,7,7,7,7,7
261388,1,1,1988,34,34,34,34,34,34,34,34,34,34
261389,1,1,1988,0,0,0,0,0,0,0,0,0,0
261389,2,1,1988,0,0,0,0,0,0,0,0,0,0
261390,0,1,1988,11,0,11,17,29,0,8,23,42,25
261390,1,1,1988,0,0,0,0,0,0,0,0,0,0
261391,0,1,1988,0,0,0,0,0,0,0,0,0,0
261391,1,1,1988,1,1,1,1,1,1,1,1,1,1
261392,0,1,1988,13,36,21,23,14,6,25,10,12,28
261392,1,1,1988,0,0,0,0,0,0,0,0,0,0
261393,1,1,1988,13,13,13,13,13,13,13,13,13,13
261394,1,1,1988,4,4,4,4,4,4,4,4,4,4
261394,2,1,1988,0,0,0,0,0,0,0,0,0,0
261395,1,1,1988,18,18,18,18,18,18,18,18,18,18
261396,0,1,1988,0,0,0,0,0,0,0,0,0,0
261396,1,1,1988,0,0,0,0,0,0,0,0,0,0
261396,2,1,1988,0,0,0,0,0,0,0,0,0,0
261397,1,1,1988,0,0,0,0,0,0,0,0,0,0
261398,1,1,1988,31,31,31,31,31,31,31,31,31,31
261398,2,1,1988,0,11,0,0,0,0,0,0,0,0
261399,1,1,1988,12,17,18,26,14,3,9,0,3,14
261399,2,1,1988,8,13,13,24,31,18,11,31,13,0
261400,1,1,1988,0,0,0,0,0,0,0,0,0,0
261401,1,1,1988,25,25,25,25,25,25,25,25,25,25
261401,2,1,1988,0,0,0,0,0,0,0,13,0,0
261402,1,1,1988,0,0,0,0,0,0,0,0,0,0
261402,2,1,1988,0,0,0,0,0,23,0,0,0,0
261403,1,1,1988,0,0,0,0,0,0,0,0,0,0
261404,1,1,1988,0,0,0,0,0,0,0,0,0,0
261405,0,1,1988,0,0,0,0,0,0,0,0,0,0
261405,1,1,1988,8,8,8,8,8,8,8,8,8,8
261406,1,1,1988,24,24,24,24,24,24,24,24,24,24
261407,1,1,1988,0,0,0,0,0,0,0,0,0,0
261407,2,1,1988,0,0,0,0,0,0,0,0,0,0
261408,1,1,1988,0,0,0,0,0,0,10,0,0,0
261408,2,1,1988,7,0,0,0,0,0,0,0,0,0
261409,1,1,1988,0,0,0,0,0,0,0,0,0,0
261409,2,1,1988,0,0,17,0,0,0,0,0,0,0
261410,1,1,1988,0,0,0,0,0,0,0,0,0,0
261411,0,1,1988,23,23,23,23,23,23,23,23,23,23
261411,1,1,1988,13,4,16,18,7,6,4,7,18,7
261412,1,1,1988,0,0,0,0,0,0,0,0,0,0
261413,1,1,1988,24,0,0,0,0,0,0,0,0,0
261413,2,1,1988,0,30,0,0,0,0,0,0,0,0
261413,3,1,1988,0,0,15,0,0,0,0,0,0,0
261414,1,1,1988,0,0,0,0,0,0,0,0,0,0
261415,1,1,1988,0,0,0,0,0,0,0,0,0,0
261415,2,1,1988,0,0,0,0,0,0,0,0,0,0
261416,1,1,1988,0,0,0,0,0,0,0,0,0,0
261416,2,1,1988,0,0,0,0,0,0,0,0,0,0
261416,3,1,1988,25,0,0,0,0,0,0,0,0,6
261417,1,1,1988,32,31,8,11,12,9,8,6,16,11
261417,2,1,1988,0,24,0,14,0,0,0,0,0,0
261418,1,1,1988,0,0,0,0,0,0,0,0,0,0
261418,2,1,1988,0,0,0,0,0,0,0,0,0,0
261419,0,1,1988,0,0,0,0,0,0,0,0,0,0
261419,1,1,1988,0,0,0,0,0,0,0,0,0,0
261420,1,1,1988,14,14,14,14,14,14,14,14,14,14
261420,2,1,1988,0,0,0,0,0,0,0,0,0,0
261421,0,1,1988,11,11,11,11,11,11,11,11,11,11
261421,1,1,1988,0,0,0,0,0,0,0,0,0,0
261422,0,1,1988,0,0,0,0,0,0,0,0,0,0
261422,1,1,1988,0,0,0,0,0,0,0,0,0,0
261423,1,1,1988,23,23,23,23,23,23,23,23,23,23
261424,0,1,1988,33,33,33,33,33,33,33,33,33,33
261424,1,1,1988,6,6,6,6,6,6,6,6,6,6
261425,1,1,1988,20,20,20,20,20,20,20,20,20,20
261426,1,1,1988,0,0,0,0,0,0,0,0,0,0
261426,2,1,1988,0,0,0,0,0,0,0,0,0,0
261427,1,1,1988,0,0,0,0,0,0,0,0,0,0
261427,2,1,1988,0,0,0,0,0,0,0,0,0,0
261428,1,1,1988,0,0,0,0,0,0,0,0,0,0
261428,2,1,1988,0,0,0,0,0,0,0,0,0,0
261429,0,1,1988,0,0,0,0,0,0,0,0,0,0
261429,1,1,1988,0,0,0,0,0,0,0,0,0,0
261430,1,1,1988,0,0,4,0,0,25,0,0,0,0
261431,1,1,1988,20,20,20,20,20,20,20,20,20,20
261432,1,1,1988,0,0,0,0,0,0,0,0,0,0
261432,2,1,1988,0,0,0,0,0,0,0,0,0,0
261432,3,1,1988,0,0,0,0,0,0,0,0,0,0
261432,4,1,1988,0,0,0,0,0,0,0,0,0,0
261433,1,1,1988,11,11,11,11,11,11,11,11,11,11
261433,2,1,1988,0,0,0,0,0,0,0,0,0,0
261434,1,1,1988,25,25,25,25,25,25,25,25,25,25
261434,2,1,1988,6,6,6,6,6,6,6,6,6,6
261435,1,1,1988,0,0,0,0,0,0,0,0,0,0
261435,2,1,1988,0,0,0,0,0,0,0,0,0,0
261435,3,1,1988,0,0,0,0,0,0,0,0,0,0
261436,1,1,1988,0,0,0,0,0,0,0,0,0,0
261436,2,1,1988,0,0,0,0,0,0,0,0,0,0
261437,1,1,1988,0,0,0,0,0,0,0,0,0,0
261437,2,1,1988,0,12,0,0,0,0,0,0,0,0
261437,3,1,1988,0,0,0,8,0,0,0,0,0,0
261438,1,1,1988,21,13,7,6,35,21,15,14,11,10
261439,0,1,1988,0,0,0,0,0,0,0,0,0,0
261439,1,1,1988,0,0,0,0,0,0,0,0,0,0
261441,1,1,1988,37,37,37,37,37,37,37,37,37,37
261442,1,1,1988,0,0,0,0,0,26,0,13,0,0
261443,1,1,1988,0,0,0,0,0,0,0,0,0,0
261443,2,1,1988,0,0,0,0,0,0,0,0,0,0
261444,1,1,1988,3,3,3,3,3,3,3,3,3,3
261446,0,1,1988,0,0,0,0,0,0,0,0,0,0
261446,1,1,1988,0,0,0,0,0,0,0,0,0,0
261447,1,1,1988,0,0,0,0,0,0,0,0,0,0
261447,2,1,1988,0,0,0,0,0,0,0,0,0,0
261448,1,1,1988,21,21,21,21,21,21,21,21,21,21
261449,1,1,1988,18,18,13,23,33,31,32,29,23,22
261450,1,1,1988,0,0,0,0,0,0,0,0,0,9
261450,2,1,1988,0,0,14,0,0,0,0,0,0,0
261451,1,1,1988,0,0,0,0,0,0,0,0,13,0
261451,2,1,1988,0,0,0,0,0,0,0,0,0,0
261452,1,1,1988,18,18,18,18,18,18,18,18,18,18
261452,2,1,1988,0,16,2,8,12,9,8,25,4,7
261453,0,1,1988,20,10,13,21,30,25,31,12,32,20
261453,1,1,1988,0,0,0,0,0,0,0,0,0,0
261454,0,1,1988,0,0,0,0,0,0,0,0,0,0
261454,1,1,1988,0,0,0,0,0,0,0,0,0,0
261455,1,1,1988,0,0,0,0,0,0,0,0,0,0
261455,2,1,1988,13,0,0,0,0,0,4,0,0,0
261455,3,1,1988,0,0,0,0,0,17,0,0,0,0
261456,1,1,1988,11,11,11,11,11,11,11,11,11,11
261456,2,1,1988,0,0,0,0,0,0,0,0,0,0
261457,1,1,1988,5,5,5,5,5,5,5,5,5,5
261457,2,1,1988,0,0,0,0,0,0,0,0,0,0
261458,1,1,1988,23,23,23,23,23,23,23,23,23,23
261459,1,1,1988,9,11,17,32,22,9,24,17,17,12
261460,1,1,1988,0,0,0,0,0,0,0,0,0,0
261460,2,1,1988,0,9,0,0,0,0,0,0,0,0
261461,1,1,1988,12,26,0,0,0,0,0,0,0,0
261462,1,1,1988,0,0,0,0,0,0,0,0,0,0
261463,1,1,1988,0,0,15,0,0,13,0,0,0,0
261463,2,1,1988,0,0,0,0,0,0,0,0,0,0
261464,1,1,1988,0,0,0,0,0,0,0,0,0,0
261464,2,1,1988,0,0,0,0,0,0,0,0,0,0
261465,1,1,1988,24,24,24,24,24,24,24,24,24,24
261466,1,1,1988,20,20,20,20,20,20,20,20,20,20
261466,2,1,1988,2,2,2,2,2,2,2,2,2,2
261467,1,1,1988,41,25,0,15,18,8,0,0,38,0
261468,1,1,1988,0,0,0,0,0,0,0,0,0,0
261468,2,1,1988,0,0,0,0,0,0,0,0,0,0
261469,1,1,1988,13,0,0,20,0,0,0,0,0,0
261469,2,1,1988,11,17,8,12,23,16,6,9,10,19
261470,1,1,1988,0,0,0,0,0,0,0,0,0,0
261470,2,1,1988,0,0,0,0,0,0,0,0,0,0
261471,1,1,1988,13,13,13,13,13,13,13,13,13,13
261471,2,1,1988,0,0,0,0,0,0,0,0,0,0
261472,0,1,1988,15,15,15,15,15,15,15,15,15,15
261472,1,1,1988,15,15,15,15,15,15,15,15,15,15
261472,2,1,1988,0,0,0,0,0,0,0,0,0,0
261473,1,1,1988,0,0,0,0,0,0,0,0,0,0
261473,2,1,1988,0,0,0,0,0,0,0,0,0,0
261474,0,1,1988,0,0,0,0,0,0,0,0,0,0
261474,1,1,1988,0,0,0,0,0,0,0,0,0,0
261475,1,1,1988,0,0,0,0,0,0,0,0,0,0
261475,2,1,1988,0,0,0,0,0,0,0,0,0,0
261476,0,1,1988,0,0,24,0,0,0,0,0,24,0
261476,1,1,1988,0,0,0,0,0,0,0,0,0,0
261477,0,1,1988,0,0,0,0,0,0,0,0,0,0
261477,1,1,1988,0,0,0,0,0,0,0,0,0,0
261478,0,1,1988,0,0,0,0,0,0,0,0,0,0
261478,1,1,1988,0,12,16,0,0,19,0,8,0,0
261479,1,1,1988,0,0,0,0,0,0,0,0,0,0
261480,1,1,1988,26,34,29,9,35,22,8,30,26,21
261481,1,1,1988,0,0,0,0,0,0,0,0,0,0
261481,2,1,1988,0,0,0,0,0,0,0,0,0,0
261482,0,1,1988,25,25,25,25,25,25,25,25,25,25
261482,1,1,1988,0,13,0,13,0,0,20,0,6,0
261483,1,1,1988,19,9,7,8,14,17,17,7,8,20
261484,1,1,1988,0,0,0,0,0,0,0,0,0,0
261484,2,1,1988,0,0,0,14,0,0,0,18,0,0
261485,0,1,1988,29,29,29,29,29,29,29,29,29,29
261485,1,1,1988,16,15,4,22,0,15,27,25,20,12
261486,1,1,1988,0,0,0,0,0,0,0,0,0,0
261486,2,1,1988,0,0,0,0,0,0,0,0,0,0
261487,1,1,1988,1,1,1,1,1,1,1,1,1,1
261487,2,1,1988,0,0,0,0,0,9,0,0,0,13
261488,1,1,1988,0,0,0,0,0,0,0,0,0,0
261488,2,1,1988,0,0,0,0,0,0,0,0,0,0
261489,0,1,1988,6,6,6,6,6,6,6,6,6,6
261489,1,1,1988,0,0,0,0,0,0,0,0,0,0
261490,0,1,1988,0,0,0,0,0,0,0,0,0,0
261490,1,1,1988,0,0,0,0,0,0,0,0,0,0
261491,1,1,1988,0,0,0,0,0,0,0,0,0,0
261491,2,1,1988,0,0,0,0,0,0,0,0,0,0
261492,0,1,1988,0,0,0,0,0,0,0,0,0,0
261492,1,1,1988,0,0,0,0,0,0,0,0,0,0
261493,0,1,1988,0,0,0,0,0,0,0,0,0,0
261493,1,1,1988,0,0,0,0,0,0,0,0,0,0
261494,1,1,1988,0,0,0,0,0,3,28,0,0,0
261495,1,1,1988,7,7,7,7,7,7,7,7,7,7
261495,2,1,1988,0,0,0,0,0,0,0,0,0,0
261496,1,1,1988,0,0,0,0,0,0,0,0,0,0
261496,2,1,1988,0,0,0,0,0,0,0,0,0,0
261497,2,1,1988,12,12,12,12,12,12,12,12,12,12
261498,1,1,1988,0,0,0,0,0,0,0,0,0,0
261498,2,1,1988,0,0,0,0,0,0,0,0,0,0
261499,1,1,1988,0,0,0,0,0,0,0,0,0,0
261499,2,1,1988,0,0,0,0,0,0,0,0,0,0
261500,1,1,1988,15,15,15,15,15,15,15,15,15,15
261500,2,1,1988,10,5,0,0,2,7,11,13,12,0
261501,0,1,1988,25,0,0,0,0,0,0,0,0,0
261501,1,1,1988,4,4,4,4,4,4,4,4,4,4
261502,1,1,1988,0,0,0,0,0,0,0,0,0,0
261502,2,1,1988,0,0,0,0,0,0,0,0,0,0
261503,1,1,1988,18,18,18,18,18,18,18,18,18,18
261504,1,1,1988,30,30,30,30,30,30,30,30,30,30
261504,2,1,1988,0,0,0,0,0,0,0,0,0,0
261505,1,1,1988,14,17,3,11,20,9,18,25,19,15
261505,2,1,1988,15,13,28,20,5,20,14,12,18,10
261506,0,1,1988,17,0,0,42,11,24,30,0,0,22
261506,1,1,1988,0,0,13,0,0,0,23,0,51,0
261507,1,1,1988,26,0,0,24,0,0,24,0,0,3
261507,2,1,1988,15,0,0,0,0,0,0,0,0,0
261508,1,1,1988,10,10,10,10,10,10,10,10,10,10
261508,2,1,1988,0,0,0,0,0,0,0,0,0,0
261509,0,1,1988,0,0,0,0,32,0,0,0,0,0
261509,1,1,1988,13,15,22,12,14,20,9,12,8,9
261509,3,1,1988,0,0,0,0,0,0,0,0,0,0
261510,0,1,1988,22,22,22,22,22,22,22,22,22,22