ST_CASE,VEH_NO,PER_NO,YEAR,P1,P2,P3,P4,P5,P6,P7,P8,P9,P10
261510,1,1,1988,5,5,5,5,5,5,5,5,5,5
261511,1,1,1988,0,0,0,0,0,0,0,0,0,0
261511,2,1,1988,0,0,0,0,0,0,0,0,0,0
261512,1,1,1988,18,18,18,18,18,18,18,18,18,18
261513,1,1,1988,16,16,16,16,16,16,16,16,16,16
261514,1,1,1988,0,0,0,0,0,25,0,0,0,0
261514,2,1,1988,0,0,0,0,0,0,0,0,0,0
261515,1,1,1988,11,11,11,11,11,11,11,11,11,11
261516,1,1,1988,0,0,0,0,0,0,0,0,0,0
261516,2,1,1988,0,0,0,0,0,0,0,0,0,0
261517,0,1,1988,0,0,0,0,0,0,0,0,0,0
261517,1,1,1988,14,20,0,0,0,0,0,0,0,0
261518,1,1,1988,0,0,0,0,0,0,0,25,0,0
261518,2,1,1988,21,18,0,13,0,0,6,0,0,0
261518,3,1,1988,0,0,0,20,12,0,0,0,0,0
261519,1,1,1988,21,28,30,17,39,23,14,26,17,17
261520,1,1,1988,0,0,0,0,0,0,0,0,0,0
261520,2,1,1988,15,15,15,15,15,15,15,15,15,15
261521,1,1,1988,16,0,0,0,21,0,0,0,0,2
261521,2,1,1988,0,0,0,0,0,0,0,0,0,0
261522,1,1,1988,0,0,0,0,0,0,0,0,0,0
261522,2,1,1988,0,0,0,0,0,0,0,0,0,0
261522,3,1,1988,0,0,0,0,0,0,0,0,0,0
261523,1,1,1988,0,0,0,0,0,0,0,0,0,21
261523,2,1,1988,0,0,0,0,0,0,0,0,0,0
261524,1,1,1988,0,0,0,0,0,0,0,0,0,0
261524,2,1,1988,0,0,0,0,0,0,0,0,0,0
261525,0,1,1988,35,35,35,35,35,35,35,35,35,35
261525,1,1,1988,11,11,11,11,11,11,11,11,11,11
261526,0,1,1988,0,7,0,31,24,45,13,0,21,12
261526,1,1,1988,0,0,0,0,0,0,0,0,0,0
261527,0,1,1988,0,0,0,0,0,0,0,0,0,0
261527,1,1,1988,0,0,0,0,0,0,0,0,0,0
261528,1,1,1988,3,14,15,8,13,23,10,11,15,9
261529,1,1,1988,18,12,19,16,13,0,18,9,10,0
261529,2,1,1988,7,7,7,7,7,7,7,7,7,7
261530,1,1,1988,24,21,31,16,10,16,16,10,0,17
261531,1,1,1988,0,0,0,0,0,0,0,0,0,0
261531,2,1,1988,0,0,0,0,0,0,0,0,0,0
261531,3,1,1988,0,0,0,10,0,0,0,0,0,0
261531,4,1,1988,0,0,0,0,0,0,0,0,0,0
261532,1,1,1988,22,22,22,22,22,22,22,22,22,22
261532,2,1,1988,0,24,19,20,13,29,12,22,7,10
261533,1,1,1988,9,9,9,9,9,9,9,9,9,9
261534,1,1,1988,0,0,0,0,0,0,0,0,0,0
261535,1,1,1988,24,19,0,10,14,3,23,23,15,21
261535,2,1,1988,13,18,30,23,25,33,22,33,22,12
261536,1,1,1988,0,0,0,0,0,0,0,0,0,0
261536,2,1,1988,0,0,19,0,0,0,0,0,0,0
261537,1,1,1988,0,0,0,0,0,0,0,0,0,0
261537,2,1,1988,0,0,0,0,0,0,0,0,0,0
261537,3,1,1988,0,0,0,0,0,0,0,0,0,0
261538,1,1,1988,0,0,0,0,0,0,0,0,0,0
261538,2,1,1988,0,0,0,0,0,0,0,0,0,0
261539,1,1,1988,0,0,0,0,0,0,0,0,0,0
261539,2,1,1988,0,0,0,0,0,0,0,21,0,0
261540,1,1,1988,0,0,0,22,0,0,0,0,9,0
261541,1,1,1988,0,0,0,0,0,0,0,0,0,0
261541,2,1,1988,0,0,0,0,0,0,0,0,0,0
261542,1,1,1988,0,0,0,0,0,0,0,0,0,0
261542,2,1,1988,0,26,0,0,9,0,0,0,0,0
261543,1,1,1988,0,0,0,0,0,0,0,0,0,0
261543,2,1,1988,0,0,0,0,0,0,0,0,0,0
261543,3,1,1988,0,0,0,0,0,0,0,0,0,0
261543,4,1,1988,0,0,0,0,0,0,0,0,0,0
261544,0,1,1988,21,21,21,21,21,21,21,21,21,21
261544,1,1,1988,18,0,2,32,27,6,20,24,5,11
261545,0,1,1988,30,30,30,30,30,30,30,30,30,30
261545,1,1,1988,0,0,0,0,20,0,14,16,0,25
261546,0,1,1988,14,0,22,0,16,0,4,6,0,0
261546,0,2,1988,0,12,23,11,35,0,13,17,12,5
261546,1,1,1988,0,0,0,0,0,0,0,0,0,0
261547,0,1,1988,23,15,11,10,23,19,41,11,0,30
261547,1,1,1988,0,0,0,0,10,6,13,10,0,12
261548,1,1,1988,0,0,7,0,0,0,0,0,0,26
261548,2,1,1988,0,0,0,0,0,0,0,0,0,0
261549,1,1,1988,36,0,0,0,0,0,0,0,0,0
261549,2,1,1988,0,0,0,0,0,0,0,0,0,0
261550,1,1,1988,0,0,0,0,0,0,0,0,0,0
261550,2,1,1988,0,0,0,0,0,0,0,0,0,0
261551,1,1,1988,0,0,0,0,0,0,0,0,0,0
270001,1,1,1988,0,0,0,9,0,0,0,0,0,0
270001,2,1,1988,23,23,23,23,23,23,23,23,23,23
270002,1,1,1988,0,0,0,0,0,0,0,0,0,0
270002,2,1,1988,0,0,0,0,0,0,0,0,0,0
270010,1,1,1988,0,0,0,0,0,0,0,0,0,0
270010,2,1,1988,0,0,0,0,0,0,0,7,0,16
270011,0,1,1988,38,38,38,38,38,38,38,38,38,38
270011,1,1,1988,0,0,0,0,0,0,0,0,0,0
270012,1,1,1988,17,17,17,17,17,17,17,17,17,17
270012,2,1,1988,20,20,20,20,20,20,20,20,20,20
270013,1,1,1988,0,0,0,0,0,0,0,0,0,0
270013,2,1,1988,0,0,0,0,0,0,0,0,0,0
270014,1,1,1988,0,0,0,0,0,0,0,0,0,0
270014,2,1,1988,0,0,0,0,0,0,16,0,12,0
270015,1,1,1988,0,0,0,0,0,0,0,0,0,0
270016,1,1,1988,21,21,21,21,21,21,21,21,21,21
270017,1,1,1988,0,0,0,0,0,0,0,0,0,0
270017,2,1,1988,0,0,0,0,20,0,0,0,0,0
270018,0,1,1988,23,23,23,23,23,23,23,23,23,23
270018,1,1,1988,0,0,0,0,0,0,0,0,0,0
270019,1,1,1988,17,17,17,17,17,17,17,17,17,17
270019,2,1,1988,11,11,11,11,11,11,11,11,11,11
270020,1,1,1988,0,0,0,0,0,0,0,0,0,0
270020,2,1,1988,0,0,0,11,0,0,0,0,0,0
270021,1,1,1988,0,0,0,0,0,0,0,15,0,0
270021,2,1,1988,0,12,0,16,14,0,0,0,0,0
270021,3,1,1988,0,0,0,0,0,0,0,0,0,0
270023,1,1,1988,0,0,0,0,0,0,0,0,0,0
270023,2,1,1988,0,0,0,0,0,0,0,0,0,0
270024,1,1,1988,4,4,4,4,4,4,4,4,4,4
270024,2,1,1988,6,6,6,6,6,6,6,6,6,6
270025,0,1,1988,0,0,0,0,0,0,0,0,0,10
270025,0,2,1988,27,5,0,0,0,0,0,23,18,0
270025,0,3,1988,0,0,0,0,0,0,0,0,0,0
270025,4,1,1988,0,0,0,0,0,0,0,0,0,0
270025,5,1,1988,0,0,0,0,0,0,0,0,0,0
270026,1,1,1988,0,0,0,0,0,0,0,0,0,0
270026,2,1,1988,0,0,0,0,0,0,0,0,0,0
270027,0,1,1988,20,13,0,0,0,0,0,14,21,0
270027,0,2,1988,0,0,0,13,32,0,33,0,0,0
270027,0,3,1988,14,0,0,0,0,10,0,4,12,0
270027,1,1,1988,0,0,0,0,0,0,0,0,0,0
270028,1,1,1988,0,0,0,0,0,0,0,0,0,0
270028,2,1,1988,0,0,0,0,0,0,0,0,0,0
270029,1,1,1988,0,22,0,0,0,0,0,4,0,0
270029,2,1,1988,0,0,0,6,0,18,0,0,0,0
270029,3,1,1988,0,0,0,0,0,0,0,0,0,0
270029,4,1,1988,0,0,25,0,0,0,0,0,0,0
270030,1,1,1988,22,22,22,22,22,22,22,22,22,22
270031,1,1,1988,0,0,0,0,0,0,0,0,0,0
270031,2,1,1988,0,0,0,0,0,0,0,0,0,0
270032,1,1,1988,0,0,0,12,0,0,0,0,0,0
270032,2,1,1988,14,0,0,10,0,0,0,0,0,0
270033,1,1,1988,0,0,0,0,0,0,0,0,0,0
270035,0,1,1988,0,0,0,0,0,0,0,0,0,0
270035,1,1,1988,0,0,0,0,0,0,0,0,0,0
270036,1,1,1988,0,0,0,0,0,0,0,0,0,0
270037,1,1,1988,0,0,0,0,0,0,0,0,0,0
270038,1,1,1988,0,0,0,0,0,0,0,0,0,0
270038,2,1,1988,14,14,14,14,14,14,14,14,14,14
270039,1,1,1988,6,6,6,6,6,6,6,6,6,6
270039,2,1,1988,0,0,0,0,0,0,0,0,0,0
270040,1,1,1988,0,0,0,0,0,0,0,0,0,0
270040,2,1,1988,0,0,0,0,0,0,0,0,0,0
270041,1,1,1988,0,0,0,0,0,0,0,0,0,0
270041,2,1,1988,0,0,0,0,0,0,0,0,0,0
270042,1,1,1988,0,0,0,0,0,0,0,0,0,0
270042,2,1,1988,0,0,0,0,0,0,0,0,0,0
270043,1,1,1988,0,0,0,0,0,0,0,0,0,0
270043,2,1,1988,0,0,0,0,0,0,0,0,0,0
270044,0,1,1988,0,10,0,0,0,0,16,0,0,0
270044,1,1,1988,0,0,0,0,0,0,0,0,0,0
270045,1,1,1988,0,0,0,0,0,0,0,0,0,0
270045,2,1,1988,0,0,0,0,23,0,0,0,0,13
270046,1,1,1988,0,0,0,0,0,0,0,0,0,0
270047,1,1,1988,0,0,0,0,0,0,0,0,0,0
270047,2,1,1988,0,0,0,0,0,0,0,0,0,0
270048,1,1,1988,12,12,9,5,25,12,11,18,7,12
270049,1,1,1988,0,0,0,0,0,0,0,0,0,0
270049,2,1,1988,0,0,0,0,0,0,0,0,0,0
270050,1,1,1988,0,0,0,0,0,0,0,0,0,0
270051,1,1,1988,16,16,16,16,16,16,16,16,16,16
270052,1,1,1988,17,17,17,17,17,17,17,17,17,17
270053,1,2,1988,9,0,24,11,0,0,7,26,10,0
270054,0,1,1988,0,0,0,0,0,0,0,0,0,0
270054,1,1,1988,0,0,0,0,0,0,21,0,0,0
270055,1,1,1988,0,0,0,0,0,0,0,0,0,0
270055,2,1,1988,0,0,0,0,0,0,0,0,0,0
270056,1,1,1988,0,0,0,0,0,0,0,0,0,0
270056,2,1,1988,0,0,0,0,0,0,0,0,0,0
270056,3,1,1988,0,0,0,0,0,0,0,0,0,0
270058,0,1,1988,0,0,0,0,15,0,0,30,0,0
270058,1,1,1988,0,0,0,0,0,0,0,0,0,0
270059,1,1,1988,0,0,0,0,0,0,0,0,0,0
270059,2,1,1988,18,0,0,0,0,19,0,31,0,0
270060,1,1,1988,0,0,0,0,0,0,0,0,0,0
270060,2,1,1988,0,0,0,0,0,0,0,0,0,0
270061,0,1,1988,0,0,0,0,0,0,0,0,0,0
270061,1,1,1988,0,0,0,0,0,0,0,0,0,0
270062,1,1,1988,0,0,18,0,0,0,23,0,0,0
270062,2,1,1988,0,0,0,0,0,0,0,0,0,0
270063,1,1,1988,0,0,0,0,0,0,0,0,0,0
270063,2,1,1988,0,0,0,0,0,0,0,0,0,0
270064,1,1,1988,0,0,0,0,0,0,0,0,0,0
270065,1,1,1988,0,0,0,0,0,0,0,0,0,0
270065,2,1,1988,0,0,0,0,0,0,0,0,0,0
270066,1,1,1988,0,0,0,0,0,0,0,0,0,0
270066,2,1,1988,0,0,0,0,0,0,0,0,0,0
270067,1,1,1988,0,0,0,0,0,0,0,0,0,0
270067,2,1,1988,0,0,0,0,0,0,0,0,0,0
270068,1,1,1988,9,9,9,9,9,9,9,9,9,9
270069,0,1,1988,35,35,35,35,35,35,35,35,35,35
270069,1,1,1988,0,0,0,0,0,0,0,0,0,0
270070,1,1,1988,23,0,0,0,0,0,0,0,0,0
270070,2,1,1988,0,0,0,0,0,0,0,0,0,0
270071,1,1,1988,0,0,0,0,0,0,0,0,0,0
270071,2,1,1988,0,0,0,0,0,0,0,0,0,0
270073,1,1,1988,0,0,0,0,0,0,0,0,0,0
270073,2,1,1988,0,0,0,0,0,0,0,0,0,0
270074,1,1,1988,12,12,12,12,12,12,12,12,12,12
270075,1,1,1988,19,19,19,19,19,19,19,19,19,19
270076,1,1,1988,22,22,22,22,22,22,22,22,22,22
270077,1,1,1988,0,0,0,0,0,0,0,0,0,0
270077,2,1,1988,0,0,0,0,0,0,0,0,0,0
270078,1,1,1988,19,0,0,0,0,0,0,0,0,0
270079,1,1,1988,1,1,1,1,1,1,1,1,1,1
270080,1,1,1988,0,0,0,0,0,0,0,0,0,0
270080,2,1,1988,0,0,0,0,0,0,0,0,0,0
270081,1,1,1988,0,0,0,0,0,0,0,0,0,0
270081,2,1,1988,0,0,0,0,0,0,0,0,0,0
270082,1,1,1988,18,18,18,18,18,18,18,18,18,18
270082,2,1,1988,0,0,0,0,0,0,0,0,0,0
270083,1,1,1988,24,24,24,24,24,24,24,24,24,24
270083,2,1,1988,3,3,3,3,3,3,3,3,3,3
270084,1,1,1988,0,0,0,0,0,0,0,0,0,0
270084,2,1,1988,0,0,0,0,0,0,0,0,0,0
270085,0,1,1988,0,0,0,0,0,0,0,0,0,0
270085,0,2,1988,7,0,0,0,0,25,0,0,24,0
270085,1,1,1988,0,0,0,0,0,0,0,0,0,0
270086,1,1,1988,13,13,13,13,13,13,13,13,13,13
270087,0,1,1988,0,0,0,0,0,0,0,0,0,0
270087,1,1,1988,0,0,0,0,0,0,0,0,0,0
270088,1,1,1988,0,0,0,0,0,0,0,0,0,0
270088,2,1,1988,0,0,0,0,0,0,0,0,0,0
270089,1,1,1988,0,0,0,0,0,0,0,0,0,0
270089,2,1,1988,0,0,0,0,0,0,0,0,0,0
270090,0,1,1988,11,11,11,11,11,11,11,11,11,11
270090,1,1,1988,0,0,0,0,0,0,0,0,0,0
270091,0,1,1988,0,0,0,0,0,0,0,0,0,0
270091,1,1,1988,0,0,0,0,0,0,0,0,0,0
270092,1,1,1988,0,0,13,0,0,0,0,0,0,0
270092,2,1,1988,18,0,0,0,0,0,0,0,0,0
270093,1,1,1988,0,0,0,0,0,0,0,0,0,0
270093,2,1,1988,0,0,0,0,0,0,0,0,0,0
270094,1,1,1988,11,11,11,11,11,11,11,11,11,11
270095,1,1,1988,6,6,6,6,6,6,6,6,6,6
270095,2,1,1988,9,19,26,15,0,18,16,19,19,29
270096,1,2,1988,7,4,12,0,7,8,21,13,0,6
270097,1,1,1988,0,0,0,0,0,0,0,0,0,0
270097,2,1,1988,0,0,0,0,0,0,0,0,0,0
270098,1,1,1988,0,0,0,0,0,0,0,0,0,0
270099,1,1,1988,0,0,0,0,0,0,0,0,0,0
270100,1,1,1988,0,10,0,19,0,41,27,24,23,0
270101,1,1,1988,0,0,0,0,0,0,0,0,0,0
270101,2,1,1988,0,0,0,0,0,0,0,0,0,0
270102,1,1,1988,13,13,13,13,13,13,13,13,13,13
270103,1,1,1988,0,0,0,0,0,0,0,0,0,0
270104,1,1,1988,18,18,18,18,18,18,18,18,18,18
270105,1,1,1988,12,3,19,15,8,17,11,6,11,28
270106,1,1,1988,0,0,0,0,0,0,0,0,0,0
270107,1,1,1988,22,22,22,22,22,22,22,22,22,22
270108,0,1,1988,0,0,0,0,0,0,0,0,0,0
270108,1,1,1988,4,4,4,4,4,4,4,4,4,4
270109,1,1,1988,0,0,0,0,0,0,0,0,0,0
270109,2,1,1988,24,24,24,24,24,24,24,24,24,24
270110,0,1,1988,0,0,14,21,24,9,0,4,8,21
270111,1,1,1988,0,0,0,0,0,0,0,0,0,0
270111,2,1,1988,0,0,0,0,0,0,0,0,0,0
270112,1,1,1988,0,0,0,0,0,0,0,0,0,0
270113,1,1,1988,0,0,0,0,0,0,0,0,0,0
270113,2,1,1988,9,9,9,9,9,9,9,9,9,9
270114,1,1,1988,9,9,9,9,9,9,9,9,9,9
270115,1,1,1988,0,0,0,0,0,0,0,0,0,0
270116,1,1,1988,0,0,0,0,0,0,0,0,0,0
270116,2,1,1988,0,0,0,0,0,0,0,0,0,0
270117,1,1,1988,29,29,29,29,29,29,29,29,29,29
270118,0,1,1988,20,20,20,20,20,20,20,20,20,20
270118,1,1,1988,6,6,6,6,6,6,6,6,6,6
270119,1,1,1988,17,36,27,12,32,27,18,26,25,28
270120,1,1,1988,22,22,22,22,22,22,22,22,22,22
270121,1,1,1988,0,0,0,0,0,0,0,0,0,0
270121,2,1,1988,0,0,0,0,0,0,0,0,0,0
270122,1,1,1988,12,12,12,12,12,12,12,12,12,12
270122,2,1,1988,9,9,9,9,9,9,9,9,9,9
270123,1,1,1988,0,0,0,0,0,0,0,0,0,0
270123,2,1,1988,0,0,0,0,0,0,0,0,0,0
270124,1,1,1988,14,14,14,14,14,14,14,14,14,14
270124,2,1,1988,0,0,0,0,0,0,0,0,0,0
270125,0,1,1988,0,0,0,0,0,0,0,0,0,0
270125,1,1,1988,0,0,0,0,0,0,0,0,0,0
270126,1,1,1988,12,12,12,12,12,12,12,12,12,12
270127,1,1,1988,0,0,0,0,0,0,0,0,0,0
270127,2,1,1988,0,0,0,0,0,0,0,0,0,0
270128,0,1,1988,0,0,0,0,0,0,0,0,0,0
270128,1,1,1988,0,0,0,0,0,0,0,0,0,0
270129,1,2,1988,0,0,0,0,0,0,0,0,0,0
270129,2,1,1988,0,0,0,0,0,0,0,0,0,0
270130,1,1,1988,0,0,0,0,0,0,0,0,0,0
270130,2,1,1988,0,0,0,0,0,0,0,0,0,0
270131,1,1,1988,10,10,10,10,10,10,10,10,10,10
270132,1,1,1988,22,22,22,22,22,22,22,22,22,22
270133,1,1,1988,19,19,19,19,19,19,19,19,19,19
270134,1,1,1988,9,9,9,9,9,9,9,9,9,9
270134,2,1,1988,16,16,16,16,16,16,16,16,16,16
270135,0,1,1988,0,0,0,0,0,0,0,0,0,16
270135,1,1,1988,0,0,0,0,0,0,0,0,0,0
270136,1,1,1988,0,0,0,0,0,0,0,0,0,0
270137,1,1,1988,1,1,1,1,1,1,1,1,1,1
270138,1,1,1988,17,17,17,17,17,17,17,17,17,17
270139,1,1,1988,16,16,16,16,16,16,16,16,16,16
270139,2,1,1988,0,0,0,0,0,0,33,9,0,0
270140,1,1,1988,16,16,16,16,16,16,16,16,16,16
270140,2,1,1988,0,0,0,0,0,0,0,0,0,0
270141,1,1,1988,17,17,17,17,17,17,17,17,17,17
270142,1,1,1988,0,0,0,0,0,0,0,0,0,0
270142,2,1,1988,7,7,7,7,7,7,7,7,7,7
270143,1,1,1988,0,0,0,0,0,0,0,0,0,0
270143,2,1,1988,0,0,0,0,0,0,0,0,0,0
270144,1,1,1988,11,11,11,11,11,11,11,11,11,11
270144,2,1,1988,0,0,0,0,0,0,0,0,0,0
270145,1,1,1988,13,13,13,13,13,13,13,13,13,13
270146,1,1,1988,21,21,21,21,21,21,21,21,21,21
270146,2,1,1988,0,0,0,0,0,0,0,0,0,0
270147,1,1,1988,10,10,10,10,10,10,10,10,10,10
270148,1,1,1988,23,23,23,23,23,23,23,23,23,23
270149,1,1,1988,0,0,0,0,0,15,0,0,0,0
270149,2,1,1988,0,0,0,0,0,0,0,0,0,0
270150,1,1,1988,0,9,10,8,17,0,12,11,8,13
270151,1,1,1988,0,0,0,0,0,0,0,0,0,0
270152,1,1,1988,25,25,25,25,25,25,25,25,25,25
270153,1,1,1988,16,16,16,16,16,16,16,16,16,16
270153,2,1,1988,0,0,0,0,0,0,0,0,0,0
270154,1,1,1988,26,26,26,26,26,26,26,26,26,26
270155,1,1,1988,0,0,0,0,0,0,0,0,0,0
270155,2,1,1988,0,0,0,0,0,0,20,0,0,0
270156,1,1,1988,23,23,23,23,23,23,23,23,23,23
270156,2,1,1988,3,3,3,3,3,3,3,3,3,3
270157,0,1,1988,0,0,0,0,0,0,0,0,0,0
270157,1,1,1988,0,0,0,0,0,0,0,0,0,0
270158,0,1,1988,0,0,0,0,0,0,0,0,0,0
270158,1,1,1988,0,0,0,0,0,0,0,0,0,0
270159,0,1,1988,7,7,7,7,7,7,7,7,7,7
270159,1,1,1988,7,7,7,7,7,7,7,7,7,7
270160,1,1,1988,3,3,3,3,3,3,3,3,3,3
270160,2,1,1988,9,9,9,9,9,9,9,9,9,9
270161,1,1,1988,16,0,13,10,17,3,22,6,9,14
270162,1,1,1988,0,0,0,0,0,0,0,0,0,0
270162,2,1,1988,0,0,0,0,0,0,0,0,0,0
270163,0,1,1988,0,0,0,0,0,0,0,0,0,0
270163,1,1,1988,0,0,0,0,0,0,0,0,0,0
270164,1,1,1988,19,19,19,19,19,19,19,19,19,19
270165,0,1,1988,0,0,0,0,0,0,0,0,0,0
270165,1,1,1988,0,0,0,0,0,0,0,0,0,0
270166,1,1,1988,19,19,19,19,19,19,19,19,19,19
270166,2,1,1988,0,0,0,0,0,0,0,0,0,0
270167,1,1,1988,4,4,4,4,4,4,4,4,4,4
270167,2,1,1988,0,0,0,0,0,0,0,0,0,0
270168,1,1,1988,0,0,0,0,0,0,0,0,0,0
270169,1,1,1988,0,0,0,0,0,0,0,0,0,0
270169,2,1,1988,0,0,0,0,0,0,0,0,0,0
270170,1,1,1988,12,12,12,12,12,12,12,12,12,12
270171,1,1,1988,22,21,21,12,29,12,18,19,21,27
270171,2,1,1988,0,0,0,0,0,0,0,0,0,0
270172,1,1,1988,0,0,0,4,0,0,0,0,0,0
270172,2,1,1988,0,0,0,0,0,0,0,0,0,0
270173,1,1,1988,0,0,0,0,0,0,0,0,0,0
270174,1,1,1988,19,19,19,19,19,19,19,19,19,19
270175,1,1,1988,26,26,26,26,26,26,26,26,26,26
270176,1,1,1988,11,24,7,8,0,18,0,20,2,17
270176,2,1,1988,0,0,0,0,0,17,0,0,0,9
270177,1,1,1988,0,0,0,0,0,0,0,0,0,24
270177,2,1,1988,0,0,0,0,0,0,0,0,0,0
270178,1,1,1988,0,0,0,0,0,0,0,0,0,0
270178,2,1,1988,0,0,0,0,0,0,9,0,0,0
270179,1,1,1988,0,0,0,0,0,0,0,0,0,0
270179,2,1,1988,0,0,0,0,0,0,0,0,0,0
270180,0,1,1988,0,0,0,0,0,0,0,0,0,0
270180,1,1,1988,0,0,0,0,0,0,0,0,0,0
270180,2,1,1988,3,0,0,0,9,0,0,0,0,0
270181,1,1,1988,0,0,0,0,0,0,0,0,0,0
270181,2,1,1988,0,0,0,0,0,0,0,0,0,0
270182,1,1,1988,16,26,15,27,23,21,12,11,13,23
270183,1,1,1988,0,0,0,0,0,0,0,0,0,0
270184,1,1,1988,0,0,0,0,0,0,0,0,0,0
270185,1,1,1988,0,0,0,0,0,0,0,0,0,0
270185,2,1,1988,0,0,0,0,10,0,0,0,0,13
270186,1,1,1988,0,0,0,0,0,0,0,0,0,0
270186,2,1,1988,0,0,0,0,0,0,0,0,0,0
270187,1,1,1988,0,0,0,0,0,0,0,0,0,0
270188,1,1,1988,0,0,0,0,0,0,0,0,0,0
270188,2,1,1988,0,0,0,0,0,0,0,0,0,0
270189,1,1,1988,0,0,15,22,0,9,30,20,11,19
270190,1,1,1988,8,8,8,8,8,8,8,8,8,8
270190,2,1,1988,0,0,0,0,0,0,0,0,0,0
270191,1,1,1988,13,0,20,17,18,20,16,16,10,29
270192,0,1,1988,0,0,0,0,0,0,0,0,0,0
270192,1,1,1988,0,0,0,0,0,0,0,0,0,0
270193,1,1,1988,10,10,10,10,10,10,10,10,10,10
270194,1,1,1988,0,0,0,0,0,0,0,0,0,0
270194,2,1,1988,0,0,0,0,0,0,0,0,0,0
270195,1,1,1988,0,0,0,0,0,0,0,0,0,0
270196,1,1,1988,0,0,0,0,0,0,0,0,0,0
270196,2,1,1988,4,0,0,0,0,0,6,0,0,0
270198,1,1,1988,8,8,8,8,8,8,8,8,8,8
270199,1,1,1988,0,0,22,0,9,0,8,0,0,0
270200,1,1,1988,0,0,0,0,0,0,0,0,0,0
270200,2,1,1988,0,0,0,0,0,0,0,0,0,0
270201,1,1,1988,0,0,22,0,0,0,0,0,0,0
270201,2,1,1988,0,0,0,0,0,0,0,0,0,0
270202,1,1,1988,4,32,10,0,19,0,0,24,0,0
270203,0,1,1988,0,0,0,0,0,0,0,0,0,0
270203,0,2,1988,11,0,0,0,0,24,5,23,0,0
270203,1,1,1988,4,4,4,4,4,4,4,4,4,4
270204,1,1,1988,0,0,0,0,0,0,0,0,0,0
270204,2,1,1988,9,9,9,9,9,9,9,9,9,9
270205,1,1,1988,0,0,0,0,0,0,0,0,0,0
270205,2,1,1988,0,0,0,0,0,0,0,0,0,0
270205,3,1,1988,0,0,0,0,0,0,0,0,0,0
270206,1,1,1988,22,22,22,22,22,22,22,22,22,22
270206,2,1,1988,1,1,1,1,1,1,1,1,1,1
270207,1,1,1988,0,0,0,0,0,0,0,0,0,0
270207,2,1,1988,0,0,0,0,0,0,0,0,0,0
270208,0,1,1988,0,0,0,0,0,0,0,0,0,0
270208,1,1,1988,0,0,0,0,0,0,0,0,0,0
270209,1,1,1988,0,0,0,0,0,0,0,0,0,0
270209,2,1,1988,0,0,0,0,0,0,0,0,0,0
270209,3,1,1988,0,0,0,0,0,0,0,0,0,0
270210,1,1,1988,8,8,8,8,8,8,8,8,8,8
270211,1,1,1988,6,6,6,6,6,6,6,6,6,6
270212,1,1,1988,22,22,22,22,22,22,22,22,22,22
270213,1,1,1988,16,16,16,16,16,16,16,16,16,16
270214,1,1,1988,13,20,16,25,14,28,0,9,29,14
270215,1,1,1988,0,0,0,0,0,0,0,0,0,0
270216,1,1,1988,15,15,15,15,15,15,15,15,15,15
270217,1,1,1988,0,0,0,0,0,0,0,0,0,0
270217,2,1,1988,0,0,0,0,0,0,0,0,0,0
270218,0,1,1988,0,0,0,0,0,0,0,0,0,0
270218,1,1,1988,4,4,4,4,4,4,4,4,4,4
270219,1,1,1988,0,0,0,0,0,0,0,0,0,0
270219,2,1,1988,0,0,0,0,0,0,0,0,0,0
270220,1,1,1988,0,0,0,0,0,0,0,0,0,0
270220,2,1,1988,0,0,0,0,0,0,0,0,0,0
270221,1,1,1988,9,9,12,5,20,24,11,9,16,8
270221,2,1,1988,18,18,18,18,18,18,18,18,18,18
270222,1,1,1988,24,24,24,24,24,24,24,24,24,24
270222,2,1,1988,12,12,12,12,12,12,12,12,12,12
270223,1,1,1988,0,0,0,0,0,0,0,0,0,0
270223,2,1,1988,0,0,0,0,0,0,0,0,0,0
270224,1,1,1988,2,2,2,2,2,2,2,2,2,2
270224,2,1,1988,0,0,0,0,0,0,0,0,0,0
270225,1,1,1988,11,11,11,11,11,11,11,11,11,11
270226,1,1,1988,0,0,0,0,0,0,0,0,0,0
270226,2,1,1988,0,0,0,0,0,0,0,0,0,0
270226,3,1,1988,0,0,0,0,0,0,0,0,0,0
270227,1,1,1988,0,0,0,0,0,0,0,0,0,0
270228,1,1,1988,0,0,0,0,0,0,0,0,0,0
270228,2,1,1988,0,0,0,0,0,0,0,0,0,0
270229,1,1,1988,0,0,0,0,0,0,0,0,0,0
270229,2,1,1988,0,0,0,0,0,0,0,0,0,0
270230,0,1,1988,0,0,0,0,0,0,0,0,0,0
270230,1,1,1988,0,0,0,0,0,0,0,0,0,0
270231,1,1,1988,20,20,20,20,20,20,20,20,20,20
270232,1,1,1988,0,0,0,0,0,0,0,0,0,0
270233,1,1,1988,0,0,0,0,0,0,0,0,0,0
270233,2,1,1988,0,0,0,0,0,0,0,0,0,0
270235,1,1,1988,2,2,2,2,2,2,2,2,2,2
270235,2,1,1988,0,0,0,0,0,0,0,0,0,0
270236,1,1,1988,0,0,0,19,0,0,21,0,0,0
270236,2,1,1988,0,0,0,0,0,13,0,0,0,0
270237,1,1,1988,0,0,0,0,0,0,0,0,0,0
270237,2,1,1988,0,0,0,0,0,0,0,0,0,0
270237,3,1,1988,45,26,22,11,30,28,13,12,5,0
270238,1,1,1988,22,22,22,22,22,22,22,22,22,22
270238,2,1,1988,17,17,17,17,17,17,17,17,17,17
270239,1,1,1988,22,22,22,22,22,22,22,22,22,22
270240,1,1,1988,0,0,0,0,0,0,0,0,0,0
270240,2,1,1988,20,20,20,20,20,20,20,20,20,20