ST_CASE,VEH_NO,PER_NO,YEAR,P1,P2,P3,P4,P5,P6,P7,P8,P9,P10
270241,1,1,1988,0,0,0,0,0,0,0,0,0,0
270241,2,1,1988,0,10,0,0,10,0,0,0,0,0
270242,1,1,1988,0,21,0,0,0,0,0,0,0,0
270243,1,1,1988,19,19,19,19,19,19,19,19,19,19
270244,0,1,1988,9,9,9,9,9,9,9,9,9,9
270244,1,1,1988,0,0,0,14,0,0,0,0,0,0
270245,1,1,1988,0,0,0,0,0,0,0,0,0,0
270246,0,1,1988,0,0,0,0,0,0,0,0,0,0
270246,1,1,1988,27,27,27,27,27,27,27,27,27,27
270247,1,1,1988,0,0,0,0,0,0,0,0,0,0
270247,2,1,1988,1,1,1,1,1,1,1,1,1,1
270248,1,1,1988,0,0,0,0,0,0,0,0,0,0
270248,2,1,1988,0,0,0,0,0,0,0,0,0,0
270250,0,1,1988,0,0,22,0,0,0,0,0,6,6
270250,1,1,1988,0,0,0,0,0,0,0,0,0,0
270251,0,1,1988,26,26,26,26,26,26,26,26,26,26
270251,1,1,1988,0,0,0,0,0,0,0,0,0,0
270252,1,1,1988,11,11,11,11,11,11,11,11,11,11
270253,1,1,1988,0,0,0,0,0,0,0,0,0,0
270253,2,1,1988,0,0,0,0,0,0,0,0,0,0
270254,1,1,1988,0,0,0,0,0,0,0,0,0,0
270255,1,1,1988,0,0,0,0,0,0,0,0,0,0
270255,2,1,1988,0,0,0,0,0,0,0,0,0,0
270256,1,1,1988,0,0,0,0,0,0,0,0,0,0
270256,2,1,1988,0,0,0,0,0,0,0,0,0,0
270257,1,1,1988,0,0,0,0,0,0,0,0,0,0
270257,2,1,1988,0,0,0,0,0,0,0,0,0,0
270258,1,1,1988,26,0,25,34,27,24,30,20,18,0
270259,1,1,1988,0,0,18,0,20,17,23,14,0,0
270260,1,1,1988,0,0,0,0,0,0,0,0,0,0
270261,1,1,1988,0,0,0,0,0,0,0,0,0,0
270261,2,1,1988,0,0,0,0,0,0,0,0,12,18
270261,3,1,1988,0,0,0,0,0,0,0,0,0,0
270262,1,1,1988,0,0,0,0,0,0,0,0,0,0
270263,1,1,1988,0,0,0,0,0,0,0,0,0,0
270264,1,1,1988,0,0,0,0,0,0,0,0,0,0
270264,2,1,1988,0,0,0,0,0,0,0,0,0,0
270265,1,1,1988,12,12,12,12,12,12,12,12,12,12
270266,1,1,1988,0,0,0,0,0,0,0,0,0,0
270266,2,1,1988,0,0,0,0,0,0,0,0,0,0
270267,1,1,1988,18,18,18,18,18,18,18,18,18,18
270268,1,1,1988,13,13,13,13,13,13,13,13,13,13
270269,1,1,1988,18,18,18,18,18,18,18,18,18,18
270270,1,1,1988,0,0,0,0,0,0,0,0,0,0
270270,2,1,1988,18,18,18,18,18,18,18,18,18,18
270271,1,1,1988,6,6,6,6,6,6,6,6,6,6
270272,1,1,1988,12,12,12,12,12,12,12,12,12,12
270273,1,1,1988,7,7,7,7,7,7,7,7,7,7
270274,1,1,1988,0,0,0,0,0,0,0,0,0,0
270274,2,1,1988,0,0,0,0,0,0,0,0,0,0
270275,1,1,1988,0,0,0,0,0,0,0,0,0,0
270276,1,1,1988,15,15,15,15,15,15,15,15,15,15
270277,1,1,1988,23,23,23,23,23,23,23,23,23,23
270278,0,1,1988,29,29,29,29,29,29,29,29,29,29
270278,1,1,1988,0,0,0,0,0,0,0,0,0,0
270279,1,1,1988,0,0,0,0,0,0,0,0,0,0
270279,2,1,1988,7,7,7,7,7,7,7,7,7,7
270280,1,1,1988,16,16,16,16,16,16,16,16,16,16
270281,1,1,1988,0,0,0,0,0,0,0,0,0,0
270282,1,1,1988,13,13,13,13,13,13,13,13,13,13
270283,1,1,1988,19,19,19,19,19,19,19,19,19,19
270284,1,1,1988,21,21,21,21,21,21,21,21,21,21
270285,1,1,1988,0,0,0,0,0,0,0,0,0,0
270285,2,1,1988,0,0,0,0,0,0,0,0,0,0
270286,1,1,1988,0,0,0,0,0,0,0,0,0,0
270286,2,1,1988,0,0,0,0,0,0,0,0,0,0
270287,1,1,1988,19,19,19,19,19,19,19,19,19,19
270287,2,1,1988,0,0,0,0,0,0,0,0,0,0
270288,1,1,1988,25,25,25,25,25,25,25,25,25,25
270288,2,1,1988,0,0,0,0,0,0,0,0,0,0
270289,1,1,1988,13,13,13,13,13,13,13,13,13,13
270291,1,1,1988,17,17,17,17,17,17,17,17,17,17
270292,1,1,1988,29,29,29,29,29,29,29,29,29,29
270293,1,1,1988,3,3,3,3,3,3,3,3,3,3
270294,1,1,1988,0,0,0,0,0,0,0,0,0,0
270294,2,1,1988,0,0,0,0,0,0,0,0,0,0
270295,1,1,1988,0,0,0,0,0,0,0,0,0,0
270296,1,1,1988,0,0,0,0,0,0,0,0,0,0
270296,2,1,1988,0,0,0,0,0,0,0,0,0,0
270297,1,1,1988,16,16,16,16,16,16,16,16,16,16
270298,1,1,1988,6,6,6,6,6,6,6,6,6,6
270299,1,1,1988,0,0,14,0,0,5,31,0,0,0
270299,2,1,1988,0,0,0,0,0,0,0,0,0,0
270300,1,1,1988,0,0,0,0,0,0,0,0,0,15
270301,1,1,1988,0,6,0,17,14,0,0,12,23,0
270301,2,1,1988,3,3,3,3,3,3,3,3,3,3
270302,1,1,1988,0,0,0,0,0,0,0,0,0,0
270302,2,1,1988,0,0,0,0,0,0,0,0,0,0
270302,3,1,1988,0,0,0,0,0,0,0,0,0,0
270303,1,1,1988,27,27,27,27,27,27,27,27,27,27
270304,0,1,1988,11,8,20,0,20,36,14,0,21,21
270304,1,1,1988,25,0,11,0,13,0,0,7,22,10
270305,0,1,1988,0,0,0,0,0,0,0,0,0,0
270305,1,1,1988,0,0,0,0,0,0,0,0,0,0
270306,1,1,1988,13,7,16,10,0,23,7,15,6,3
270307,1,1,1988,0,0,0,0,0,0,0,33,8,0
270307,2,1,1988,13,13,13,13,13,13,13,13,13,13
270308,1,1,1988,25,25,25,25,25,25,25,25,25,25
270309,1,1,1988,7,7,7,7,7,7,7,7,7,7
270310,1,1,1988,0,0,0,0,0,0,0,0,0,0
270310,2,1,1988,0,0,0,0,0,0,0,0,0,0
270311,1,1,1988,0,3,0,0,0,0,0,11,0,0
270313,1,1,1988,0,0,0,0,0,0,0,0,0,0
270313,2,1,1988,0,0,0,0,0,0,0,0,0,0
270314,1,1,1988,0,0,0,0,0,0,0,0,0,0
270315,0,1,1988,11,11,11,11,11,11,11,11,11,11
270315,1,1,1988,0,0,0,22,0,0,0,0,14,0
270316,1,1,1988,8,8,8,8,8,8,8,8,8,8
270316,2,1,1988,17,17,17,17,17,17,17,17,17,17
270317,1,1,1988,8,8,8,8,8,8,8,8,8,8
270318,1,1,1988,0,0,0,0,0,0,0,0,0,0
270318,2,1,1988,0,0,0,0,0,0,0,0,0,0
270319,1,1,1988,3,3,3,3,3,3,3,3,3,3
270320,1,1,1988,0,0,0,0,0,0,0,0,0,0
270320,2,1,1988,0,0,0,0,0,0,0,0,0,0
270321,1,1,1988,27,27,27,27,27,27,27,27,27,27
270321,2,1,1988,0,0,0,0,0,0,0,0,0,0
270321,3,1,1988,0,0,0,0,0,0,0,0,0,0
270322,0,1,1988,28,28,28,28,28,28,28,28,28,28
270322,1,1,1988,0,0,0,0,0,0,14,0,0,0
270323,1,1,1988,0,0,0,0,0,0,0,0,0,0
270323,2,1,1988,3,3,3,3,3,3,3,3,3,3
270324,1,1,1988,0,0,0,0,22,0,0,0,0,0
270324,2,1,1988,0,0,0,0,0,0,0,0,0,0
270328,0,1,1988,0,0,0,0,0,0,0,0,0,0
270328,1,1,1988,0,0,0,0,0,0,0,0,0,0
270329,1,1,1988,10,10,10,10,10,10,10,10,10,10
270330,1,1,1988,13,13,13,13,13,13,13,13,13,13
270331,0,1,1988,0,0,0,0,0,0,0,0,0,0
270331,1,1,1988,0,0,0,0,0,0,0,0,0,0
270332,1,1,1988,0,0,0,0,0,0,0,0,0,0
270332,2,1,1988,0,0,0,0,0,0,0,0,0,0
270333,1,1,1988,0,0,0,0,0,0,0,0,0,0
270333,2,1,1988,0,0,0,0,0,0,0,0,0,0
270334,1,1,1988,9,9,9,9,9,9,9,9,9,9
270334,2,1,1988,4,4,4,4,4,4,4,4,4,4
270335,1,1,1988,0,0,0,0,0,0,0,0,0,0
270335,2,1,1988,0,0,0,0,0,0,0,0,0,0
270337,1,1,1988,5,5,5,5,5,5,5,5,5,5
270337,2,1,1988,0,0,0,0,0,0,0,0,0,0
270338,1,1,1988,28,28,28,28,28,28,28,28,28,28
270339,1,1,1988,0,8,12,16,6,0,0,0,13,8
270339,2,1,1988,0,16,0,0,0,0,0,0,0,0
270340,0,1,1988,0,0,0,0,0,0,0,0,0,0
270340,1,1,1988,0,0,0,0,0,0,0,0,0,0
270341,1,1,1988,0,0,0,0,0,0,0,0,22,0
270341,2,1,1988,1,1,1,1,1,1,1,1,1,1
270343,1,1,1988,0,0,0,0,0,0,0,0,0,0
270343,2,1,1988,0,0,0,0,0,0,0,0,0,0
270344,1,1,1988,0,0,0,0,0,0,0,0,0,0
270344,2,1,1988,0,0,10,0,0,0,0,0,23,0
270345,1,1,1988,0,0,0,0,0,0,0,0,0,0
270346,1,1,1988,0,0,0,0,0,0,0,0,0,0
270346,2,1,1988,0,0,0,0,0,0,0,0,0,0
270346,3,1,1988,0,0,0,0,0,0,0,0,0,0
270347,1,1,1988,0,0,0,0,0,0,0,0,0,0
270347,2,1,1988,20,20,20,20,20,20,20,20,20,20
270348,1,1,1988,4,4,4,4,4,4,4,4,4,4
270348,2,1,1988,0,0,0,0,0,0,0,0,0,0
270349,1,1,1988,0,0,0,0,0,0,0,0,0,0
270349,2,1,1988,8,4,29,20,0,13,0,18,16,20
270350,1,1,1988,0,0,0,0,0,0,0,0,0,0
270351,1,1,1988,12,12,12,12,12,12,12,12,12,12
270351,2,1,1988,0,0,0,0,0,0,0,4,0,0
270352,1,1,1988,23,23,9,19,21,13,9,22,14,0
270352,2,1,1988,0,0,0,0,0,0,0,0,0,0
270353,0,1,1988,0,0,0,0,0,0,0,0,0,0
270353,1,1,1988,0,0,0,0,0,0,0,0,0,0
270354,1,1,1988,20,20,20,20,20,20,20,20,20,20
270354,2,1,1988,0,0,0,0,0,0,0,0,0,0
270355,1,1,1988,0,0,0,0,0,0,0,10,0,0
270355,2,1,1988,0,0,0,0,0,0,0,0,0,0
270356,1,1,1988,17,17,17,17,17,17,17,17,17,17
270357,1,1,1988,0,0,0,0,0,0,0,0,0,0
270357,2,1,1988,13,13,13,13,13,13,13,13,13,13
270358,1,1,1988,12,20,15,13,5,4,13,9,5,20
270359,1,1,1988,19,19,19,19,19,19,19,19,19,19
270360,1,1,1988,7,7,7,7,7,7,7,7,7,7
270361,1,1,1988,3,3,3,3,3,3,3,3,3,3
270362,1,1,1988,0,0,0,0,0,0,0,17,0,0
270362,2,1,1988,0,0,0,0,0,0,0,14,0,0
270363,0,1,1988,0,0,0,0,0,0,0,0,0,0
270363,1,1,1988,0,0,0,0,0,0,0,0,0,0
270364,1,1,1988,0,0,0,0,0,24,16,10,0,0
270365,1,1,1988,22,26,21,11,12,21,21,6,19,15
270366,1,1,1988,0,0,0,0,0,0,0,0,0,0
270366,2,1,1988,0,0,0,0,0,0,0,0,0,0
270367,1,1,1988,20,20,20,20,20,20,20,20,20,20
270368,1,1,1988,31,31,31,31,31,31,31,31,31,31
270369,1,1,1988,0,0,0,0,0,0,0,0,0,0
270369,2,1,1988,0,0,0,0,0,0,0,0,0,0
270370,1,1,1988,37,0,0,0,0,0,0,0,0,0
270371,1,1,1988,0,0,0,0,0,0,0,0,0,0
270372,0,1,1988,23,23,23,23,23,23,23,23,23,23
270372,1,1,1988,0,0,0,0,0,0,0,0,0,0
270373,1,1,1988,23,23,23,23,23,23,23,23,23,23
270374,1,1,1988,8,8,8,8,8,8,8,8,8,8
270375,1,1,1988,0,0,0,31,0,4,0,12,19,0
270376,1,1,1988,0,0,0,0,7,0,0,0,0,0
270376,2,1,1988,0,0,0,0,0,0,0,0,0,0
270377,0,1,1988,17,17,17,17,17,17,17,17,17,17
270377,1,1,1988,0,13,5,13,0,0,0,7,4,0
270378,1,1,1988,20,20,20,20,20,20,20,20,20,20
270378,2,1,1988,12,12,12,12,12,12,12,12,12,12
270379,0,1,1988,21,21,21,21,21,21,21,21,21,21
270379,1,1,1988,0,0,0,0,0,3,0,0,0,0
270380,0,1,1988,0,0,0,0,0,0,0,0,0,0
270380,1,1,1988,0,0,0,0,0,0,0,0,0,0
270381,0,1,1988,0,0,0,0,0,0,0,0,0,0
270381,1,1,1988,0,0,0,0,0,0,0,0,0,0
270382,1,1,1988,6,6,6,6,6,6,6,6,6,6
270383,1,1,1988,8,8,8,8,8,8,8,8,8,8
270384,1,1,1988,10,10,10,10,10,10,10,10,10,10
270385,0,1,1988,0,0,0,0,0,0,0,0,0,0
270385,1,1,1988,0,0,0,0,0,0,0,0,0,0
270386,1,1,1988,0,0,0,0,0,0,0,0,0,0
270386,2,1,1988,0,0,0,0,0,0,0,0,0,0
270387,1,1,1988,0,0,0,0,0,0,0,0,0,0
270387,2,1,1988,0,0,0,0,0,0,0,0,0,0
270388,1,1,1988,28,28,28,28,28,28,28,28,28,28
270388,2,1,1988,0,0,0,0,0,0,0,0,0,0
270388,3,1,1988,0,0,0,0,0,0,0,0,0,0
270388,4,1,1988,21,0,18,11,8,9,4,22,14,0
270389,1,1,1988,21,21,21,21,21,21,21,21,21,21
270390,1,1,1988,10,10,10,10,10,10,10,10,10,10
270390,2,1,1988,0,0,0,0,0,0,0,0,0,0
270391,1,1,1988,0,0,0,0,0,0,0,0,0,0
270391,2,1,1988,0,0,0,0,0,0,0,0,0,0
270392,1,1,1988,0,0,0,0,0,0,0,0,0,0
270392,2,1,1988,0,0,0,0,0,0,0,0,0,0
270393,1,1,1988,0,0,0,0,0,0,0,0,0,0
270393,2,1,1988,0,0,0,0,0,0,0,0,0,0
270394,1,1,1988,0,0,0,0,0,0,0,0,0,0
270394,2,1,1988,0,0,0,0,0,0,0,0,0,0
270395,1,1,1988,16,16,16,16,16,16,16,16,16,16
270396,1,1,1988,19,10,13,7,15,33,27,18,20,8
270397,0,1,1988,0,0,0,0,0,0,0,0,0,0
270397,1,1,1988,0,0,0,0,0,0,0,0,0,0
270398,1,1,1988,25,25,25,25,25,25,25,25,25,25
270399,1,1,1988,14,14,14,14,14,14,14,14,14,14
270400,1,1,1988,13,13,13,13,13,13,13,13,13,13
270401,1,1,1988,0,0,0,0,0,0,0,0,0,0
270401,2,1,1988,0,0,0,0,0,0,0,0,0,0
270402,0,1,1988,46,0,0,7,0,0,0,0,42,25
270402,1,1,1988,0,0,0,0,0,0,0,0,0,0
270403,1,1,1988,31,31,31,31,31,31,31,31,31,31
270404,1,1,1988,0,0,0,0,0,0,0,0,0,0
270405,1,1,1988,16,16,16,16,16,16,16,16,16,16
270406,1,1,1988,0,0,0,0,0,0,0,0,0,0
270406,2,1,1988,0,0,0,0,0,0,0,0,26,0
270407,0,1,1988,27,27,27,27,27,27,27,27,27,27
270407,1,1,1988,0,0,0,19,21,0,0,4,0,0
270408,0,1,1988,0,0,0,0,0,0,0,0,0,0
270408,1,1,1988,0,0,0,0,0,0,0,0,0,0
270409,2,1,1988,0,0,0,0,0,0,0,0,0,0
270410,1,1,1988,10,10,10,10,10,10,10,10,10,10
270411,1,1,1988,0,8,0,0,0,0,0,1,7,0
270412,1,1,1988,0,0,0,0,0,0,0,0,0,0
270412,2,1,1988,0,0,0,0,0,0,0,0,0,0
270413,0,1,1988,0,23,14,0,0,9,0,9,27,0
270413,1,1,1988,0,0,0,0,0,0,0,0,0,0
270414,1,1,1988,0,0,0,0,0,0,0,0,0,0
270414,2,1,1988,0,0,0,0,0,0,0,0,0,0
270415,1,1,1988,19,19,19,19,19,19,19,19,19,19
270416,0,1,1988,17,17,17,17,17,17,17,17,17,17
270416,1,1,1988,0,0,0,0,0,0,0,0,0,0
270416,2,1,1988,0,0,0,0,0,0,0,0,0,0
270417,1,1,1988,13,21,20,31,28,25,38,22,37,0
270418,1,1,1988,0,0,0,0,0,0,0,0,0,0
270418,2,1,1988,0,0,0,0,0,0,0,0,0,0
270419,0,1,1988,0,0,0,0,0,0,0,0,0,0
270419,1,1,1988,0,0,0,0,0,0,0,0,0,0
270420,1,1,1988,0,0,0,0,0,0,0,0,0,0
270420,2,1,1988,0,0,0,0,0,0,0,0,0,0
270421,0,1,1988,0,0,0,0,0,0,0,0,0,0
270421,1,1,1988,0,0,0,0,0,0,0,0,0,0
270422,1,1,1988,14,14,14,14,14,14,14,14,14,14
270423,0,1,1988,0,0,0,12,0,0,0,0,0,0
270423,1,1,1988,0,0,0,8,0,0,0,0,0,0
270424,1,1,1988,0,0,0,0,0,0,0,0,0,0
270424,2,1,1988,0,0,0,0,0,0,0,0,0,0
270425,1,1,1988,24,24,24,24,24,24,24,24,24,24
270426,1,1,1988,14,14,14,14,14,14,14,14,14,14
270426,2,1,1988,0,0,0,0,0,0,0,0,0,0
270427,1,1,1988,0,0,0,0,0,0,0,0,0,0
270427,2,1,1988,0,0,0,0,0,0,0,0,0,0
270428,1,1,1988,23,23,23,23,23,23,23,23,23,23
270429,1,1,1988,0,0,0,0,0,0,0,0,0,0
270430,0,1,1988,11,11,11,11,11,11,11,11,11,11
270430,0,2,1988,43,19,29,5,0,26,47,0,25,17
270430,0,3,1988,38,4,0,0,17,0,11,21,26,36
270430,1,1,1988,4,12,12,0,11,24,0,0,33,8
270431,1,1,1988,0,0,0,0,0,0,0,0,0,0
270431,2,1,1988,0,0,0,0,0,0,0,0,0,0
270432,1,1,1988,0,0,0,0,0,0,0,0,0,0
270432,2,1,1988,21,21,21,21,21,21,21,21,21,21
270433,1,1,1988,11,11,11,11,11,11,11,11,11,11
270434,1,1,1988,25,25,25,25,25,25,25,25,25,25
270435,1,1,1988,0,0,0,0,0,0,0,0,0,0
270436,1,1,1988,22,22,22,22,22,22,22,22,22,22
270437,0,1,1988,0,0,0,0,0,0,0,0,0,14
270437,1,1,1988,0,0,0,0,0,0,0,0,0,12
270438,0,1,1988,0,0,0,0,0,0,0,0,0,0
270438,1,1,1988,0,0,0,0,0,0,0,0,0,0
270439,1,1,1988,20,20,20,20,20,20,20,20,20,20
270439,2,1,1988,20,20,20,20,20,20,20,20,20,20
270440,1,1,1988,19,19,19,19,19,19,19,19,19,19
270441,1,1,1988,0,0,0,0,0,0,0,0,0,0
270442,1,1,1988,21,21,21,21,21,21,21,21,21,21
270443,1,1,1988,18,18,18,18,18,18,18,18,18,18
270444,1,1,1988,0,0,0,0,0,0,0,0,0,0
270445,0,1,1988,0,0,0,0,0,0,0,0,0,0
270445,0,2,1988,0,0,0,0,0,0,0,0,0,0
270445,1,1,1988,23,23,23,23,23,23,23,23,23,23
270446,1,1,1988,12,12,12,12,12,12,12,12,12,12
270447,1,1,1988,0,0,0,0,0,0,1,0,0,0
270447,2,1,1988,10,10,10,10,10,10,10,10,10,10
270448,1,1,1988,0,0,0,0,0,0,0,0,0,0
270449,1,1,1988,17,0,21,12,0,0,17,0,0,23
270450,1,1,1988,4,4,4,4,4,4,4,4,4,4
270451,0,1,1988,0,0,0,0,0,0,0,0,0,0
270451,1,1,1988,0,0,0,0,0,0,0,0,0,0
270452,1,1,1988,0,0,0,0,0,0,0,0,0,0
270452,2,1,1988,0,0,0,0,0,0,0,0,0,0
270453,1,1,1988,21,21,21,21,21,21,21,21,21,21
270453,2,1,1988,0,0,0,0,0,0,0,0,0,0
270454,1,1,1988,0,0,0,0,0,0,0,0,0,0
270454,2,1,1988,0,0,0,0,0,0,0,0,0,0
270455,1,1,1988,0,0,0,0,0,0,0,0,0,0
270455,2,1,1988,0,0,0,0,0,0,0,0,0,0
270456,1,1,1988,16,16,16,16,16,16,16,16,16,16
270457,1,1,1988,25,25,25,25,25,25,25,25,25,25
270458,1,1,1988,0,0,0,0,0,0,0,0,0,0
270459,1,1,1988,0,0,0,0,0,0,0,0,0,0
270460,1,1,1988,0,0,0,0,0,0,0,0,0,0
270460,2,1,1988,0,0,0,0,0,0,0,0,0,0
270461,1,1,1988,21,21,21,21,21,21,21,21,21,21
270462,1,1,1988,22,22,22,22,22,22,22,22,22,22
270463,1,1,1988,0,0,0,0,0,0,0,0,0,0
270466,1,1,1988,0,0,0,0,0,0,0,0,0,0
270466,2,1,1988,4,4,4,4,4,4,4,4,4,4
270467,0,1,1988,42,42,42,42,42,42,42,42,42,42
270467,1,1,1988,3,24,13,13,8,9,20,16,17,17
270468,0,1,1988,0,0,0,0,0,0,0,0,0,0
270468,1,1,1988,0,0,0,0,0,0,0,0,0,0
270470,1,1,1988,0,0,0,0,0,0,0,0,0,0
270470,2,1,1988,0,0,0,0,0,0,0,0,0,0
270471,1,1,1988,29,29,29,29,29,29,29,29,29,29
270472,1,1,1988,17,17,17,17,17,17,17,17,17,17
270473,1,1,1988,21,19,12,26,7,11,13,21,22,0
270474,1,1,1988,0,0,0,0,0,0,0,0,0,0
270475,1,1,1988,19,19,19,19,19,19,19,19,19,19
270476,1,1,1988,5,5,5,5,5,5,5,5,5,5
270477,1,1,1988,0,0,0,0,0,0,0,0,0,0
270477,2,1,1988,0,0,0,0,0,0,0,0,0,0
270477,3,1,1988,0,0,0,0,0,0,0,0,0,0
270477,4,1,1988,4,4,4,4,4,4,4,4,4,4
270477,5,1,1988,0,0,0,0,0,0,0,0,0,0
270478,1,1,1988,17,31,0,26,0,0,31,7,8,22
270478,2,1,1988,0,0,0,0,0,0,0,0,0,0
270479,0,1,1988,0,0,0,0,0,0,0,0,0,0
270479,0,2,1988,0,0,0,0,0,0,0,0,0,0
270479,0,3,1988,0,0,0,0,0,0,0,0,0,0
270479,1,1,1988,0,0,0,0,0,0,0,0,0,0
270480,1,1,1988,20,20,20,20,20,20,20,20,20,20
270480,2,1,1988,13,0,13,0,26,0,0,0,13,0
270480,3,1,1988,0,0,0,0,0,0,0,0,0,0
270480,4,1,1988,0,0,0,0,0,0,0,0,0,0
270481,1,1,1988,35,35,35,35,35,35,35,35,35,35
270482,1,1,1988,9,0,0,0,26,11,2,21,4,14
270483,1,1,1988,0,0,0,0,0,0,0,0,0,0
270483,2,1,1988,0,0,0,0,0,0,0,0,0,0
270484,1,1,1988,0,0,0,0,0,0,0,0,0,0
270484,2,1,1988,0,0,0,0,0,0,0,0,0,0
270485,0,1,1988,0,0,0,0,0,0,0,0,0,0
270485,1,1,1988,0,0,0,0,0,0,0,0,0,0
270486,1,1,1988,0,0,0,0,0,0,0,0,0,0
270486,2,1,1988,0,0,0,0,0,0,0,0,0,0
270487,1,1,1988,0,0,0,0,0,0,0,0,0,0
270487,2,1,1988,0,0,0,0,0,0,0,0,0,0
270488,0,1,1988,20,20,20,20,20,20,20,20,20,20
270488,1,1,1988,0,0,0,0,0,0,0,0,0,0
270489,0,1,1988,0,0,0,0,0,0,0,0,0,0
270489,1,1,1988,0,0,0,0,0,0,0,0,0,0
270490,1,1,1988,0,0,0,0,0,0,0,0,0,0
270490,2,1,1988,0,0,0,0,0,0,0,0,0,0
270491,1,1,1988,16,16,16,16,16,16,16,16,16,16
270492,1,1,1988,18,18,18,18,18,18,18,18,18,18
270493,1,1,1988,0,0,0,0,0,0,0,0,0,0
270493,2,1,1988,0,0,0,0,0,0,0,0,0,0
270494,1,1,1988,22,22,22,22,22,22,22,22,22,22
270495,1,1,1988,0,0,0,0,0,0,0,0,0,0
270495,2,1,1988,0,0,0,0,0,0,0,0,0,0
270496,1,1,1988,4,4,4,4,4,4,4,4,4,4
270497,1,1,1988,0,0,0,0,0,0,0,0,0,0
270497,2,1,1988,0,0,0,0,0,0,0,0,0,0
270498,1,1,1988,0,0,0,0,0,0,0,0,0,0
270498,2,1,1988,0,0,0,0,0,0,0,0,0,0
270499,1,1,1988,0,0,0,0,0,0,0,0,0,0
270499,2,1,1988,0,0,0,0,0,0,0,0,0,0
270499,3,1,1988,8,0,0,0,17,0,12,0,0,0
270499,4,1,1988,0,0,0,0,0,0,0,0,0,0
270500,1,1,1988,0,0,0,0,0,0,0,0,0,0
270500,2,1,1988,0,0,0,0,0,0,0,0,0,0
270501,1,1,1988,0,0,0,0,0,0,0,0,0,0
270501,2,1,1988,0,0,0,0,0,0,0,0,0,0
270502,1,1,1988,37,0,18,8,18,16,2,28,10,0
270503,1,1,1988,0,0,0,0,0,0,0,0,0,0
270503,2,1,1988,0,0,0,0,0,0,0,0,0,0
270504,1,1,1988,0,0,0,0,0,0,0,0,0,0
270505,1,1,1988,0,0,0,0,0,0,0,0,0,0
270506,1,1,1988,24,24,24,24,24,24,24,24,24,24
270506,2,1,1988,8,0,0,0,0,0,0,0,0,0
270506,3,1,1988,0,0,0,5,0,0,0,0,0,0
270507,0,1,1988,0,9,0,11,0,0,40,10,0,0
270507,1,1,1988,6,6,6,6,6,6,6,6,6,6
270508,0,1,1988,8,8,8,8,8,8,8,8,8,8
270508,1,1,1988,0,0,0,0,0,0,0,0,0,0
270509,0,1,1988,29,29,29,29,29,29,29,29,29,29
270509,1,1,1988,0,0,0,0,0,0,0,0,0,0
270510,1,1,1988,9,9,9,9,9,9,9,9,9,9
270511,1,1,1988,29,29,29,29,29,29,29,29,29,29
270512,1,1,1988,0,0,0,0,0,0,0,0,0,0
270512,2,1,1988,19,19,19,19,19,19,19,19,19,19
270513,0,1,1988,0,0,0,0,0,0,0,0,0,0
270513,1,1,1988,0,0,0,0,0,0,0,0,0,0
270514,1,1,1988,18,18,18,18,18,18,18,18,18,18
270515,1,1,1988,0,0,0,0,0,0,0,0,0,0
270516,1,1,1988,0,0,0,0,0,0,0,0,0,0
270517,1,1,1988,0,0,0,0,14,0,0,0,7,0
270517,2,1,1988,0,0,0,0,0,0,0,0,0,0
270518,1,1,1988,0,0,0,0,0,0,0,0,0,0
270518,2,1,1988,0,0,0,0,0,0,0,0,0,0
270519,1,1,1988,0,0,0,0,0,0,0,0,0,0
270519,2,1,1988,0,0,0,0,0,0,0,0,0,0
270520,1,1,1988,0,0,0,0,0,0,0,0,0,0
270520,2,1,1988,0,0,0,0,0,0,0,0,0,0
270521,1,1,1988,0,0,0,0,0,16,0,0,0,0
270521,2,1,1988,0,0,0,0,0,0,0,0,0,0
270522,1,1,1988,20,20,20,20,20,20,20,20,20,20
270523,1,1,1988,0,12,2,6,10,41,8,7,22,22
270523,2,1,1988,11,11,11,11,11,11,11,11,11,11
270524,0,1,1988,23,23,23,23,23,23,23,23,23,23
270524,1,1,1988,2,2,2,2,2,2,2,2,2,2
270525,1,1,1988,0,0,0,0,0,0,0,0,0,0
270525,2,1,1988,0,0,0,0,0,0,0,0,0,0
270526,1,1,1988,3,3,3,3,3,3,3,3,3,3
270527,0,1,1988,0,0,0,0,0,0,0,0,13,0
270527,1,1,1988,0,0,0,0,0,0,0,0,0,0
270528,0,1,1988,0,0,0,0,0,0,0,0,0,0
270528,1,1,1988,0,0,0,0,0,0,0,0,0,0
270529,1,1,1988,0,0,0,0,0,0,0,0,0,0
270529,2,1,1988,0,0,0,0,0,0,0,0,0,0
270530,1,1,1988,0,0,0,0,0,0,0,0,0,0
270530,2,1,1988,0,0,0,0,0,0,0,0,0,0
270531,1,1,1988,0,0,0,0,0,0,0,0,0,0
270531,2,1,1988,0,0,0,0,0,0,0,0,0,0
270532,1,1,1988,0,0,0,0,0,0,0,0,0,0
270533,1,1,1988,0,0,0,0,0,0,0,0,0,0
270533,2,1,1988,0,0,0,0,0,0,0,0,0,0
270534,0,1,1988,0,0,0,0,0,0,0,0,0,0
270535,0,1,1988,15,15,15,15,15,15,15,15,15,15
270535,1,1,1988,0,0,0,0,0,0,0,0,0,0