ST_CASE,VEH_NO,PER_NO,YEAR,P1,P2,P3,P4,P5,P6,P7,P8,P9,P10
280263,1,1,1988,0,0,15,8,0,0,30,0,20,0
280264,1,1,1988,0,17,0,0,0,0,0,0,0,8
280264,2,1,1988,0,10,17,18,0,0,0,0,0,0
280265,1,1,1988,0,0,0,0,0,0,10,0,0,0
280266,1,1,1988,0,7,0,0,0,0,0,0,0,0
280266,2,1,1988,0,0,0,0,0,0,0,0,0,0
280266,3,1,1988,0,0,0,0,0,0,0,0,0,0
280266,4,1,1988,0,0,0,0,0,0,0,0,0,0
280266,5,1,1988,0,0,0,0,0,0,0,0,0,0
280266,6,1,1988,0,0,0,0,0,0,0,0,0,0
280267,1,1,1988,0,0,0,18,0,0,0,0,0,0
280268,1,1,1988,0,0,0,0,0,0,0,0,0,0
280268,2,1,1988,0,0,0,0,0,0,0,0,0,0
280268,3,1,1988,0,0,0,0,10,0,0,0,0,0
280269,1,1,1988,0,0,14,20,24,24,15,0,0,23
280270,1,1,1988,0,0,0,0,0,18,21,3,0,24
280271,1,1,1988,0,0,0,0,0,0,0,0,0,0
280271,2,1,1988,0,0,0,0,0,0,0,0,0,0
280272,1,1,1988,0,0,0,0,0,0,0,0,0,0
280273,0,1,1988,0,0,0,0,0,0,0,0,0,0
280273,1,1,1988,15,0,0,30,0,0,12,16,0,0
280274,1,1,1988,0,0,0,0,12,0,0,0,0,0
280274,2,1,1988,0,0,0,20,0,0,0,0,0,0
280275,0,1,1988,0,0,30,10,0,26,29,0,31,0
280275,1,1,1988,13,0,0,0,0,0,0,0,0,0
280276,1,1,1988,0,17,0,0,0,0,19,13,26,37
280277,1,1,1988,0,0,0,26,0,0,0,0,0,0
280278,1,1,1988,0,0,22,0,0,30,23,0,0,26
280280,1,1,1988,0,0,0,0,0,0,0,0,0,0
280280,2,1,1988,0,14,4,0,0,0,5,0,0,0
280281,1,1,1988,0,0,0,0,0,0,0,0,0,0
280281,2,1,1988,0,0,0,0,0,16,0,0,0,0
280281,3,1,1988,0,0,0,0,0,0,47,0,0,0
280282,1,1,1988,0,0,0,0,12,0,0,0,0,0
280282,2,1,1988,0,0,0,0,0,0,0,0,0,0
280283,1,1,1988,0,35,0,0,0,0,0,0,0,0
280283,2,1,1988,15,0,0,15,35,0,0,0,14,0
280284,1,1,1988,0,11,0,11,0,0,0,0,0,0
280284,2,1,1988,0,0,0,0,0,0,0,0,0,0
280284,3,1,1988,0,0,0,0,0,0,0,0,0,0
280285,1,1,1988,0,0,0,3,0,0,0,0,0,0
280285,2,1,1988,0,19,0,0,0,0,0,0,0,0
280286,1,1,1988,0,0,0,0,0,0,0,0,0,0
280286,2,1,1988,0,0,0,0,0,0,0,0,0,0
280287,0,1,1988,35,0,0,0,0,0,0,0,0,0
280287,1,1,1988,0,0,0,0,0,0,0,0,9,0
280288,1,1,1988,0,0,0,0,0,0,0,0,0,0
280288,2,1,1988,0,0,0,0,0,0,0,0,0,0
280289,1,1,1988,0,0,0,0,0,0,0,0,0,0
280290,1,1,1988,0,0,23,0,0,13,0,29,0,21
280291,1,1,1988,0,7,0,0,0,0,0,0,0,0
280292,1,1,1988,23,18,21,18,0,32,20,19,0,17
280294,1,1,1988,0,0,0,0,0,0,0,0,0,0
280294,2,1,1988,0,0,0,0,0,0,6,0,0,0
280295,1,1,1988,0,14,0,0,9,0,0,0,19,0
280296,1,1,1988,0,0,0,0,0,0,0,0,0,0
280296,2,1,1988,0,0,0,0,0,0,0,0,0,0
280297,1,1,1988,0,0,0,0,0,0,0,0,0,0
280297,2,1,1988,0,0,0,0,0,0,0,0,0,0
280298,1,1,1988,0,14,14,16,14,15,0,9,31,12
280299,1,1,1988,27,27,27,27,27,27,27,27,27,27
280300,1,1,1988,0,0,0,0,0,0,0,0,0,0
280300,2,1,1988,0,0,0,0,0,0,0,0,0,18
280300,3,1,1988,0,0,8,15,0,0,24,10,0,0
280300,4,1,1988,0,0,0,0,0,0,0,0,0,0
280301,1,1,1988,9,0,20,11,0,5,0,0,19,0
280302,1,1,1988,0,0,0,0,0,0,0,0,0,0
280302,2,1,1988,0,0,0,0,0,0,0,0,0,0
280303,0,1,1988,0,0,0,0,0,0,0,0,0,0
280303,1,1,1988,0,0,0,0,4,0,0,0,0,0
280304,1,1,1988,0,0,0,0,0,0,0,0,0,0
280304,2,1,1988,0,0,0,0,0,0,0,0,0,0
280305,1,1,1988,0,0,0,0,0,0,0,0,0,0
280306,1,1,1988,0,0,0,0,0,0,0,0,0,0
280306,2,1,1988,0,0,0,0,0,0,0,0,0,0
280307,1,1,1988,0,0,0,0,0,0,0,0,0,0
280308,1,1,1988,0,0,0,0,0,0,0,0,0,3
280308,2,1,1988,0,0,0,8,0,0,0,6,0,0
280309,1,1,1988,13,0,0,15,0,0,0,0,0,0
280310,1,1,1988,0,0,0,16,11,0,29,0,0,0
280310,2,1,1988,0,0,0,0,0,0,0,0,0,0
280311,1,1,1988,0,0,0,0,13,0,0,0,0,0
280312,1,1,1988,0,0,0,0,0,0,0,12,0,0
280313,1,1,1988,0,19,0,0,0,0,0,26,0,0
280314,0,1,1988,0,0,0,0,0,0,0,0,0,23
280314,1,1,1988,0,0,0,0,0,0,0,16,0,0
280315,1,1,1988,9,9,9,9,9,9,9,9,9,9
280316,1,1,1988,0,0,0,0,0,0,0,0,0,0
280317,1,1,1988,0,0,0,0,0,0,0,0,5,0
280318,1,1,1988,0,0,0,0,0,0,0,0,0,0
280318,2,1,1988,0,0,0,0,0,0,0,0,0,14
280319,1,1,1988,27,27,27,27,27,27,27,27,27,27
280320,1,1,1988,0,0,14,30,0,0,0,0,0,0
280320,2,1,1988,0,0,0,0,0,0,0,0,0,0
280321,0,1,1988,12,36,0,21,0,0,30,14,20,0
280321,1,1,1988,0,0,0,0,0,0,8,0,0,0
280322,1,1,1988,0,0,0,0,0,0,0,0,0,0
280322,2,1,1988,0,0,0,0,0,0,0,0,0,0
280323,0,1,1988,0,0,0,0,0,0,0,0,0,0
280323,1,1,1988,0,0,0,0,0,0,0,0,6,0
280324,1,1,1988,0,0,0,0,0,0,10,0,0,0
280324,2,1,1988,13,0,0,0,7,0,0,0,0,5
280325,1,1,1988,0,23,0,0,0,0,0,0,0,0
280326,1,1,1988,0,18,0,0,0,0,0,0,0,0
280326,2,1,1988,0,0,0,0,0,0,0,0,0,0
280327,1,1,1988,0,23,0,0,15,0,0,0,24,0
280328,1,1,1988,0,0,6,0,13,0,0,13,0,0
280329,1,1,1988,0,0,0,0,0,0,0,0,0,0
280329,2,1,1988,0,0,0,0,0,0,0,0,0,0
280330,1,1,1988,0,0,0,0,0,0,0,0,20,0
280331,0,1,1988,0,0,0,0,0,0,0,0,0,0
280331,1,1,1988,0,0,0,0,0,0,0,0,0,0
280332,0,1,1988,0,0,31,0,0,20,0,36,20,0
280332,1,1,1988,0,0,0,0,0,0,0,0,0,0
280333,1,1,1988,30,20,21,0,0,25,0,0,26,0
280334,1,1,1988,12,0,0,0,20,0,0,0,0,0
280335,1,1,1988,14,14,14,14,14,14,14,14,14,14
280336,1,1,1988,0,0,0,0,0,0,0,0,0,0
280336,2,1,1988,0,0,0,0,0,0,0,0,0,0
280337,1,1,1988,0,0,0,0,0,0,0,0,15,0
280337,2,1,1988,0,0,0,16,0,0,0,0,0,30
280338,1,1,1988,0,0,0,0,19,0,0,0,0,0
280339,1,1,1988,0,0,0,0,0,0,0,8,0,0
280339,2,1,1988,0,0,0,0,0,0,0,0,0,0
280340,1,1,1988,6,0,0,0,10,0,0,28,0,14
280341,1,1,1988,0,0,0,0,0,0,0,0,3,0
280342,0,1,1988,0,0,0,0,0,0,0,0,0,0
280342,1,1,1988,0,0,0,0,0,0,0,0,0,0
280343,1,1,1988,0,0,0,0,0,0,0,0,0,0
280343,2,1,1988,0,0,0,0,0,0,0,0,0,0
280344,1,1,1988,0,0,35,0,0,0,0,0,0,0
280344,2,1,1988,0,0,10,0,0,0,0,0,0,0
280345,0,1,1988,0,0,0,0,0,0,0,0,0,0
280345,1,1,1988,0,7,0,0,0,0,0,0,0,0
280347,1,1,1988,0,0,0,0,0,0,0,0,0,0
280347,2,1,1988,0,0,0,0,0,0,0,0,0,0
280347,3,1,1988,19,19,19,19,19,19,19,19,19,19
280348,1,1,1988,15,0,0,0,27,0,0,28,0,0
280349,1,1,1988,0,20,0,0,16,22,0,0,0,16
280350,1,1,1988,21,0,19,0,25,0,0,17,33,0
280351,1,1,1988,0,0,0,0,0,0,0,0,0,0
280352,1,1,1988,4,13,0,0,25,0,0,0,0,18
280353,1,1,1988,0,0,0,0,0,0,0,22,0,0
280354,0,1,1988,21,0,9,0,0,30,0,0,8,0
280354,1,1,1988,0,0,19,24,0,0,0,0,15,0
280355,1,1,1988,0,0,0,0,0,0,0,24,0,0
280356,1,1,1988,0,0,0,0,0,0,21,0,0,0
280356,2,1,1988,0,0,0,0,0,0,0,0,0,0
280357,1,1,1988,0,0,0,0,0,0,0,0,0,0
280357,2,1,1988,0,0,0,0,17,0,0,0,0,0
280358,1,1,1988,14,0,0,0,0,0,0,0,0,21
280358,2,1,1988,0,21,0,0,13,17,11,0,0,10
280359,1,1,1988,0,0,0,0,0,0,0,0,0,0
280360,1,1,1988,0,0,0,0,22,0,30,19,0,10
280361,0,1,1988,0,0,0,0,0,0,0,0,0,0
280361,1,1,1988,0,0,0,0,0,0,6,0,0,0
280362,0,1,1988,0,0,0,0,0,0,0,0,0,0
280362,1,1,1988,0,0,0,0,0,0,0,0,0,18
280364,1,1,1988,0,0,17,0,0,0,13,0,0,0
280365,0,1,1988,0,0,0,0,0,0,0,0,0,0
280365,1,1,1988,0,0,0,0,0,0,0,0,0,0
280366,1,1,1988,0,0,0,0,0,0,0,0,0,0
280366,2,1,1988,0,0,0,0,0,0,0,0,0,0
280367,1,1,1988,12,12,12,12,12,12,12,12,12,12
280368,1,1,1988,0,0,23,30,11,29,0,0,0,8
280369,1,1,1988,21,25,0,36,0,0,0,0,0,0
280370,1,1,1988,17,0,0,36,11,12,0,0,0,0
280371,1,1,1988,0,0,0,0,0,0,0,0,0,0
280372,1,1,1988,0,0,0,0,0,41,0,21,26,0
280372,2,1,1988,0,0,0,0,0,0,0,0,0,0
280372,3,1,1988,0,0,0,0,0,0,0,0,0,0
280373,1,1,1988,0,0,0,0,0,0,0,8,0,0
280374,1,1,1988,0,0,10,0,0,0,0,22,0,0
280375,1,1,1988,0,0,0,0,0,0,16,0,0,0
280375,2,1,1988,0,0,0,0,0,0,0,0,0,0
280376,1,1,1988,0,0,0,0,8,0,0,0,0,0
280376,2,1,1988,0,0,0,0,0,0,0,4,0,0
280377,1,1,1988,0,0,0,0,0,0,0,0,0,0
280378,1,1,1988,0,0,0,0,15,0,0,0,0,37
280379,1,1,1988,0,0,27,0,0,12,21,0,0,0
280380,0,1,1988,0,0,0,0,0,0,0,0,0,16
280380,1,1,1988,21,21,21,21,21,21,21,21,21,21
280381,1,1,1988,0,0,0,0,0,0,0,9,0,0
280381,2,1,1988,0,0,0,0,0,0,0,0,0,0
280382,1,1,1988,0,0,0,0,20,0,0,0,0,0
280383,1,1,1988,0,0,0,0,0,0,0,0,0,0
280384,1,1,1988,25,0,0,25,0,0,37,0,0,0
280385,1,1,1988,0,0,0,0,0,0,0,0,0,0
280385,2,1,1988,26,26,26,26,26,26,26,26,26,26
280386,1,1,1988,25,28,0,15,25,21,33,27,0,28
280387,0,1,1988,0,0,26,14,0,0,0,0,14,30
280387,1,1,1988,0,0,0,0,0,0,0,0,0,0
280388,1,1,1988,0,0,0,0,0,0,0,0,0,0
280388,2,1,1988,0,0,0,0,0,0,0,0,0,0
280389,1,1,1988,0,0,23,0,0,0,0,0,0,0
280389,2,1,1988,0,2,0,0,0,0,0,0,0,0
280389,3,1,1988,0,0,0,0,0,0,0,27,0,0
280389,4,1,1988,0,0,0,0,0,0,0,0,0,0
280389,5,1,1988,0,0,0,0,0,0,0,0,0,0
280390,1,1,1988,0,0,0,0,0,0,0,0,0,12
280390,2,1,1988,0,0,0,0,0,0,0,0,0,0
280391,1,1,1988,0,15,13,0,0,0,0,0,0,19
280391,2,1,1988,0,0,0,0,27,0,0,0,0,22
280392,1,1,1988,0,0,0,0,0,0,0,0,0,0
280392,2,1,1988,0,0,7,0,0,0,0,0,0,0
280393,1,1,1988,0,0,0,0,0,0,21,0,12,0
280394,0,1,1988,0,0,0,0,0,0,0,0,0,0
280394,1,1,1988,0,0,0,0,0,0,0,0,0,0
280395,1,1,1988,0,0,0,0,0,0,0,0,0,0
280396,1,1,1988,0,0,0,0,0,0,0,10,0,0
280396,2,1,1988,0,0,0,0,0,0,0,0,0,0
280397,1,1,1988,0,0,0,0,0,0,11,0,0,0
280398,1,1,1988,0,14,0,0,0,24,13,0,24,26
280399,1,1,1988,0,0,0,0,0,0,20,0,0,0
280399,2,1,1988,0,0,0,0,0,0,0,11,0,0
280400,1,1,1988,0,0,0,0,0,0,16,0,0,32
280401,1,1,1988,0,13,0,0,0,0,18,0,0,0
280402,1,1,1988,14,0,0,0,8,0,0,0,0,0
280403,1,1,1988,0,0,0,0,0,33,0,0,0,0
280404,1,1,1988,0,0,0,0,0,0,0,0,0,0
280404,2,1,1988,0,0,0,0,0,0,0,0,0,0
280405,1,1,1988,0,0,0,0,0,0,0,0,0,0
280405,2,1,1988,0,0,0,0,0,0,0,0,0,0
280406,1,1,1988,18,16,11,27,0,14,17,15,0,0
280407,1,1,1988,0,0,0,0,0,0,0,0,0,0
280407,2,1,1988,0,0,0,0,0,0,0,11,0,0
280408,1,1,1988,0,0,0,4,0,0,0,0,0,0
280408,2,1,1988,0,0,0,0,0,0,0,0,0,0
280410,1,1,1988,0,0,0,0,0,22,0,0,0,0
280411,1,1,1988,0,0,0,0,0,0,0,0,0,0
280411,2,1,1988,0,0,0,0,0,0,0,0,0,0
280412,1,1,1988,0,0,0,0,0,0,0,0,0,0
280412,2,1,1988,0,0,0,0,0,0,0,0,0,0
280412,3,1,1988,8,0,0,0,0,0,12,0,0,5
280413,1,1,1988,0,0,0,0,0,0,0,0,0,0
280413,2,1,1988,0,0,0,0,0,0,0,0,0,0
280414,1,1,1988,0,0,0,0,0,0,0,0,0,0
280414,2,1,1988,0,0,0,0,0,0,0,0,0,0
280415,1,1,1988,0,0,0,0,16,0,0,0,0,0
280415,2,1,1988,0,0,0,0,0,0,0,0,0,0
280416,1,1,1988,0,0,3,0,0,0,0,0,0,0
280416,2,1,1988,0,0,0,0,0,0,0,0,0,0
280416,3,1,1988,0,0,0,0,0,0,0,0,0,0
280417,1,1,1988,0,0,0,0,13,0,40,0,0,0
280418,0,1,1988,0,0,0,24,0,16,7,0,0,14
280418,1,1,1988,0,0,0,0,0,12,0,9,0,0
280419,1,1,1988,0,0,0,0,0,0,0,0,0,0
280419,2,1,1988,0,0,0,0,0,0,0,0,0,0
280420,1,1,1988,0,0,18,0,0,0,19,0,0,23
280421,1,1,1988,0,27,0,32,10,30,25,0,13,30
280422,1,1,1988,0,20,0,0,0,0,0,11,3,0
280423,1,1,1988,23,23,23,23,23,23,23,23,23,23
280423,2,1,1988,0,0,0,14,0,0,0,0,0,0
280424,1,1,1988,23,23,23,23,23,23,23,23,23,23
280425,0,1,1988,0,14,0,0,0,0,0,22,0,0
280425,1,1,1988,0,0,25,0,0,0,0,0,0,0
280427,1,1,1988,0,0,0,0,0,0,0,0,0,0
280427,2,1,1988,0,0,0,0,0,0,0,0,0,21
280429,1,1,1988,0,0,0,0,0,0,0,0,0,0
280430,0,1,1988,24,16,0,15,0,20,0,0,11,0
280430,1,1,1988,0,0,0,0,0,0,0,0,0,0
280431,1,1,1988,15,0,0,0,0,0,0,0,0,0
280431,2,1,1988,0,0,0,0,0,0,0,0,0,0
280432,1,1,1988,0,0,0,0,0,0,0,0,0,0
280432,2,1,1988,0,0,0,0,0,0,0,0,0,0
280432,3,1,1988,0,0,0,0,0,0,0,0,0,0
280433,1,1,1988,0,0,0,0,0,0,0,0,0,0
280433,2,1,1988,0,0,0,0,0,0,0,0,0,0
280434,0,1,1988,0,0,0,0,0,0,0,0,0,0
280434,1,1,1988,0,0,0,0,0,0,0,0,0,0
280435,1,1,1988,0,0,0,0,0,0,0,0,0,0
280436,1,1,1988,0,0,6,0,0,0,0,0,0,0
280436,2,1,1988,5,18,14,9,0,0,5,0,0,0
280437,1,1,1988,11,0,0,34,18,0,0,19,0,0
280438,1,1,1988,0,0,0,0,0,0,0,0,0,0
280438,2,1,1988,0,0,0,0,0,0,0,0,0,0
280439,1,1,1988,0,0,0,0,0,0,0,15,7,0
280439,2,1,1988,19,0,0,21,0,0,0,0,0,13
280439,3,1,1988,0,22,0,0,0,0,0,0,0,0
280440,0,1,1988,59,0,0,12,0,0,0,0,13,0
280440,1,1,1988,10,0,0,0,0,0,0,0,0,0
280441,1,1,1988,4,0,0,0,0,0,0,0,0,0
280442,1,1,1988,0,0,0,0,0,0,0,21,0,17
280443,1,1,1988,11,0,0,33,0,18,20,0,0,0
280444,1,1,1988,18,0,25,0,39,0,0,0,0,34
280445,1,1,1988,0,0,0,0,0,0,0,0,0,0
280446,1,1,1988,0,0,0,0,0,0,0,0,0,0
280446,2,1,1988,0,18,0,0,0,0,0,0,0,0
280447,1,1,1988,0,0,0,0,0,0,0,0,0,0
280448,1,1,1988,11,23,0,15,0,15,34,11,0,25
280449,1,1,1988,0,0,0,0,0,0,0,0,0,0
280449,2,1,1988,0,0,0,0,0,0,0,0,0,0
280449,3,1,1988,0,0,0,0,0,0,0,0,0,0
280450,1,1,1988,0,18,0,0,22,26,0,0,31,0
280451,1,1,1988,15,26,17,12,0,0,23,15,28,33
280452,1,1,1988,0,0,0,10,0,8,0,0,0,0
280453,1,1,1988,0,0,0,0,0,0,0,0,0,0
280453,2,1,1988,0,0,0,0,0,0,0,0,0,0
280454,1,1,1988,17,0,0,0,0,0,0,0,0,0
280455,1,1,1988,0,0,0,11,0,0,0,0,0,0
280455,2,1,1988,0,0,0,0,0,0,0,0,0,0
280456,1,1,1988,0,17,0,10,0,20,0,18,0,18
280457,0,1,1988,28,30,15,27,22,0,21,0,0,0
280457,0,2,1988,27,46,12,23,11,0,19,10,30,18
280457,1,1,1988,16,0,0,22,16,0,0,0,0,0
280458,1,1,1988,22,30,26,25,11,0,17,23,0,0
280459,1,1,1988,0,0,0,0,0,0,0,0,0,0
280459,2,1,1988,0,0,0,0,0,0,0,0,0,0
280461,0,1,1988,27,0,2,0,15,9,0,36,0,22
280461,1,1,1988,0,0,0,0,0,0,0,0,0,0
280462,0,1,1988,0,0,10,12,0,0,0,19,0,0
280462,1,1,1988,0,0,0,0,0,0,0,0,0,0
280463,1,1,1988,0,0,0,0,0,0,0,0,0,0
280463,2,1,1988,0,0,0,0,0,0,0,0,0,0
280464,1,1,1988,21,21,21,21,21,21,21,21,21,21
280465,1,1,1988,0,0,0,0,0,0,0,0,0,0
280465,2,1,1988,0,0,0,0,0,0,0,0,0,0
280466,1,1,1988,13,0,0,0,9,16,0,0,0,5
280466,2,1,1988,0,0,0,0,0,0,0,0,0,0
280467,1,1,1988,0,12,0,17,0,9,0,0,0,0
280468,1,1,1988,0,0,19,0,0,0,0,0,0,0
280468,2,1,1988,0,9,0,0,0,0,0,0,0,0
280469,1,1,1988,0,0,0,0,10,0,0,0,0,8
280470,1,1,1988,0,0,0,0,0,0,0,0,0,0
280470,2,1,1988,0,0,0,0,0,0,0,0,0,0
280471,1,1,1988,0,0,0,13,0,0,0,0,0,0
280472,1,1,1988,26,26,26,26,26,26,26,26,26,26
280472,2,1,1988,0,0,0,0,0,0,0,20,0,0
280473,1,1,1988,11,0,0,0,0,0,0,0,0,0
280474,0,1,1988,21,0,0,0,25,7,0,0,48,13
280474,1,1,1988,22,0,0,0,0,17,0,0,0,0
280475,1,1,1988,0,0,0,0,0,0,0,0,0,0
280475,2,1,1988,0,7,0,0,0,17,32,18,0,13
280476,1,1,1988,0,0,0,0,0,0,0,0,0,0
280476,2,1,1988,0,0,0,0,0,0,0,0,11,0
280477,0,1,1988,0,0,0,0,0,0,0,0,0,0
280477,1,1,1988,0,0,0,0,0,0,0,0,0,0
280478,0,1,1988,0,21,0,0,0,28,0,42,0,0
280478,1,1,1988,0,0,0,0,0,0,0,0,0,0
280479,1,1,1988,0,0,0,0,0,0,0,0,12,0
280479,2,1,1988,16,0,0,0,0,21,0,0,0,13
280480,1,1,1988,21,0,0,11,10,18,0,18,0,0
280481,1,1,1988,0,0,0,0,0,0,0,0,0,0
280482,1,1,1988,0,29,20,0,0,0,0,0,22,0
280483,1,1,1988,0,28,19,37,0,0,0,22,26,0
280483,2,1,1988,0,0,13,0,0,0,0,0,0,0
280484,1,1,1988,0,0,0,21,0,0,0,0,0,16
280485,1,1,1988,0,0,0,0,0,0,10,0,19,0
280486,1,1,1988,29,29,29,29,29,29,29,29,29,29
280486,2,1,1988,0,0,0,0,0,0,0,0,0,0
280487,1,1,1988,0,0,0,0,0,0,0,0,0,0
280488,0,1,1988,0,0,0,0,0,0,0,0,0,0
280488,1,1,1988,0,0,0,0,0,0,0,0,0,0
280489,1,1,1988,0,0,0,0,0,21,0,0,0,31
280489,2,1,1988,10,0,0,0,20,0,0,0,0,0
280490,1,1,1988,0,0,0,0,0,0,0,0,0,0
280490,2,1,1988,0,4,0,0,8,0,0,0,0,0
280491,1,1,1988,0,0,0,0,0,0,0,17,0,0
280492,0,1,1988,0,0,0,0,0,0,0,0,0,0
280492,1,1,1988,0,0,0,0,0,0,0,0,0,0
280493,1,1,1988,0,0,0,10,0,0,0,0,0,0
280493,2,1,1988,0,0,0,0,0,0,0,0,0,0
280494,1,1,1988,0,0,0,0,0,0,0,0,9,0
280494,2,1,1988,0,0,0,0,0,0,0,0,0,0
280494,3,1,1988,0,0,0,0,0,0,0,0,0,0
280495,1,1,1988,0,0,0,0,0,0,0,0,0,0
280495,2,1,1988,0,0,15,0,0,0,0,0,0,0
280496,1,1,1988,0,0,0,0,0,0,0,12,0,0
280497,1,1,1988,0,0,14,0,0,0,0,0,0,0
280497,2,1,1988,0,0,0,0,0,0,0,0,0,0
280497,3,1,1988,0,0,0,0,0,0,0,0,0,0
280498,1,1,1988,11,0,0,0,0,0,0,0,0,0
280499,0,1,1988,0,0,31,33,0,29,19,20,19,0
280499,1,1,1988,0,0,0,0,0,0,0,0,0,0
280500,1,1,1988,0,0,11,0,0,0,0,0,16,0
280501,1,1,1988,0,0,0,0,0,0,0,0,0,0
280501,2,1,1988,0,0,0,0,0,0,0,0,0,0
280502,1,1,1988,0,0,0,5,0,0,0,0,11,0
280502,2,1,1988,0,0,0,0,0,0,0,0,0,0
280503,1,1,1988,0,0,24,13,24,0,10,9,23,0
280503,2,1,1988,0,0,0,0,0,0,0,0,0,0
280503,3,1,1988,0,0,0,0,0,0,0,0,14,0
280504,0,1,1988,7,0,0,0,0,8,0,0,0,0
280504,1,1,1988,0,0,0,0,0,0,0,0,0,0
280505,1,1,1988,0,0,0,0,0,0,0,0,0,0
280505,2,1,1988,0,0,0,0,0,0,0,0,0,0
280506,1,1,1988,0,0,0,0,2,15,0,0,0,0
280506,2,1,1988,0,0,0,0,0,10,0,0,0,0
280507,0,1,1988,0,35,0,0,0,0,0,0,0,0
280507,1,1,1988,0,0,0,0,0,0,0,0,0,0
280508,1,1,1988,0,0,0,0,0,0,0,0,0,0
280508,2,1,1988,0,0,0,0,0,0,0,0,0,0
280508,3,1,1988,0,0,0,0,0,0,0,0,0,0
280509,1,1,1988,0,0,27,22,20,13,0,0,0,0
280510,1,1,1988,0,0,16,0,0,0,0,0,0,0
280511,1,1,1988,0,0,0,0,0,0,0,0,0,0
280511,2,1,1988,0,0,0,0,0,0,0,0,0,0
280512,1,1,1988,0,29,0,0,19,0,0,0,14,0
280513,1,1,1988,0,0,0,0,0,0,0,0,0,8
280513,2,1,1988,0,0,0,0,22,0,0,0,0,9
280514,1,1,1988,15,0,17,17,27,16,21,0,18,0
280515,1,1,1988,0,0,0,0,0,0,0,0,0,0
280515,2,1,1988,0,0,0,0,0,0,0,0,0,0
280516,1,1,1988,0,0,0,0,0,0,0,0,0,0
280516,2,1,1988,0,0,0,0,0,0,0,0,0,0
280517,1,1,1988,0,0,0,0,0,0,0,0,0,0
280518,1,1,1988,0,0,0,0,0,0,15,0,0,0
280518,2,1,1988,0,0,0,0,0,0,0,0,0,0
280518,3,1,1988,0,0,0,6,0,0,0,0,0,0
280519,1,1,1988,0,0,0,0,0,0,0,0,0,0
280519,2,1,1988,0,0,0,0,0,0,0,0,0,0
280520,1,1,1988,0,0,0,0,0,0,0,0,0,0
280521,1,1,1988,0,0,0,0,0,0,0,0,0,0
280521,2,1,1988,0,0,0,0,0,0,0,0,0,0
280522,1,1,1988,0,0,0,0,0,0,0,0,0,0
280522,2,1,1988,0,0,0,0,0,0,0,0,0,0
280523,1,1,1988,20,0,17,0,0,33,0,0,0,0
280523,2,1,1988,0,19,0,0,0,0,0,0,0,18
280524,1,1,1988,21,0,0,0,0,0,0,0,12,0
280525,1,1,1988,0,0,0,0,0,0,0,0,0,0
280526,1,1,1988,0,0,0,12,0,0,0,0,0,0
280526,2,1,1988,0,0,0,0,17,0,0,0,0,22
280528,1,1,1988,0,0,0,0,0,0,0,0,0,0
280528,2,1,1988,0,10,18,0,0,0,0,0,0,0
280529,1,1,1988,14,0,19,0,29,0,0,0,40,0
280530,1,1,1988,0,0,0,0,0,0,0,0,0,0
280531,1,1,1988,0,0,0,0,0,19,0,0,0,0
280532,1,1,1988,0,0,22,0,0,0,0,0,0,0
280532,2,1,1988,0,0,0,0,0,0,0,5,0,0
280533,1,1,1988,1,12,34,0,13,0,0,27,0,0
280534,1,1,1988,0,9,0,0,0,0,0,0,0,0
280534,2,1,1988,10,0,0,0,0,0,0,0,0,0
280537,1,1,1988,0,0,0,0,33,0,0,0,27,0
280538,1,1,1988,0,0,0,0,0,0,0,0,0,0
280538,2,1,1988,0,0,0,0,0,0,0,0,0,0
280539,1,1,1988,0,34,23,0,33,11,19,26,0,42
280540,1,1,1988,0,0,0,0,0,0,0,0,0,0
280541,1,1,1988,0,0,0,11,0,8,0,0,0,0
280542,1,1,1988,12,0,0,0,0,0,11,0,30,0
280543,1,1,1988,0,0,0,0,0,0,0,0,0,0
280543,2,1,1988,0,0,0,0,0,0,0,0,0,0
280544,1,1,1988,0,0,0,17,7,0,0,0,0,0
280545,1,1,1988,0,0,0,0,0,0,0,0,0,0
280545,2,1,1988,0,0,0,0,0,0,0,0,0,0
280546,1,1,1988,0,0,0,0,0,0,0,21,7,25
280547,1,1,1988,0,0,0,0,0,0,0,0,0,0
280548,0,1,1988,0,0,0,22,0,34,24,0,0,0
280548,1,1,1988,0,0,0,0,0,0,0,0,11,0
280549,1,1,1988,0,0,0,0,0,0,0,0,0,0
280549,2,1,1988,0,0,0,0,0,0,0,0,0,0
280550,1,1,1988,0,0,0,0,0,0,0,0,0,0
280550,2,1,1988,0,0,0,0,0,0,0,0,0,0
280551,1,1,1988,18,0,0,0,0,0,0,6,0,0
280552,1,1,1988,0,0,0,0,0,0,0,0,0,0
280552,2,1,1988,0,0,0,0,0,0,0,0,0,0
280553,1,1,1988,21,5,0,0,0,30,10,0,0,19
280554,1,1,1988,12,12,12,12,12,12,12,12,12,12
280555,1,1,1988,6,6,6,6,6,6,6,6,6,6
280556,1,1,1988,0,0,0,0,0,0,0,0,0,0
280556,2,1,1988,0,0,8,0,0,0,0,0,0,18
280557,1,1,1988,8,15,14,11,18,21,10,12,10,20
280558,1,1,1988,0,0,0,0,0,0,0,0,0,0
280558,2,1,1988,0,0,0,0,0,0,0,0,0,0
280559,1,1,1988,0,0,0,0,0,0,0,0,0,18
280559,2,1,1988,0,0,0,0,0,0,0,0,0,0
280560,1,1,1988,12,0,0,0,0,0,0,0,0,0
280561,1,1,1988,0,0,0,0,0,0,0,0,0,0
280561,2,1,1988,0,0,0,0,0,0,0,0,0,0
280562,0,1,1988,0,17,0,0,0,0,0,0,0,0
280562,0,2,1988,0,0,0,0,0,0,0,0,0,0
280562,0,3,1988,0,0,0,0,0,0,0,0,0,0
280562,1,1,1988,16,0,0,0,0,0,0,0,0,0
280563,1,1,1988,0,24,15,6,9,0,0,0,0,23
280564,1,1,1988,0,0,0,0,0,0,0,0,4,0
280564,2,1,1988,0,0,0,0,0,0,0,16,0,0
280565,1,1,1988,24,0,0,0,0,15,0,24,0,0
280566,1,1,1988,0,0,0,0,0,0,0,0,0,0
280566,2,1,1988,0,0,0,0,0,0,0,0,0,0
280568,0,1,1988,0,0,0,0,0,20,0,0,0,24
280568,1,1,1988,0,0,0,0,0,0,0,0,0,0