ST_CASE,VEH_NO,PER_NO,YEAR,P1,P2,P3,P4,P5,P6,P7,P8,P9,P10
280569,1,1,1988,0,0,0,0,0,0,0,0,0,12
280569,2,1,1988,0,0,37,11,0,15,12,10,0,0
280570,1,1,1988,24,0,0,0,0,32,0,8,0,0
280570,2,1,1988,0,0,12,0,0,0,0,0,0,0
280571,1,1,1988,0,6,0,0,0,0,0,0,0,0
280572,1,1,1988,20,0,0,8,0,0,20,0,0,10
280573,1,1,1988,0,0,10,0,0,13,0,0,8,0
280573,2,1,1988,0,0,0,7,0,0,0,0,0,0
280573,3,1,1988,0,0,0,0,0,0,0,0,0,0
280574,0,1,1988,0,0,27,0,0,0,0,0,0,0
280574,1,1,1988,14,8,0,8,0,12,0,10,11,0
280575,1,1,1988,0,0,0,0,0,12,7,33,23,0
280576,1,1,1988,22,15,26,0,26,0,0,0,19,0
280577,1,1,1988,4,0,0,8,0,0,0,28,4,0
280578,1,1,1988,0,0,0,0,25,0,0,0,0,0
280578,2,1,1988,18,0,13,19,0,0,0,0,0,0
280579,1,1,1988,0,0,0,0,0,0,0,0,0,0
280579,2,1,1988,0,0,0,0,0,0,0,0,0,0
280580,1,1,1988,18,0,0,0,22,20,0,0,0,0
280581,1,1,1988,0,21,0,0,18,0,0,0,0,3
280581,2,1,1988,0,0,0,0,0,0,0,0,7,0
280582,1,1,1988,0,0,0,0,0,0,15,0,0,0
280583,1,1,1988,0,0,0,0,0,0,0,0,0,0
280583,2,1,1988,0,0,0,0,24,0,0,0,0,0
280584,1,1,1988,0,20,15,0,33,22,21,0,27,0
280585,0,1,1988,0,0,0,0,0,0,0,0,0,0
280585,1,1,1988,0,0,0,0,0,0,0,0,0,0
280586,0,1,1988,0,0,0,0,39,0,0,0,0,20
280586,1,1,1988,0,0,0,0,0,0,0,12,0,0
280587,1,1,1988,20,20,20,20,20,20,20,20,20,20
280588,1,1,1988,0,0,0,0,0,0,0,0,0,0
280588,2,1,1988,0,0,0,0,0,0,0,0,0,26
280589,1,1,1988,0,0,0,0,0,0,0,0,0,0
280589,2,1,1988,0,0,0,6,0,0,0,0,0,0
280590,0,1,1988,0,0,0,0,0,0,0,0,0,0
280590,1,1,1988,0,0,0,0,0,0,0,0,0,4
280591,1,1,1988,22,22,22,22,22,22,22,22,22,22
280592,0,1,1988,0,0,0,0,0,0,0,0,0,0
280592,1,1,1988,0,0,0,0,0,0,0,0,0,0
280593,1,1,1988,0,0,0,0,0,0,16,0,0,0
280594,1,1,1988,0,0,0,0,0,0,0,0,0,0
280594,2,1,1988,6,0,0,0,0,0,0,0,0,0
280595,1,1,1988,16,0,0,0,29,0,0,0,0,5
280595,2,1,1988,0,0,0,0,0,0,0,0,0,0
280596,1,1,1988,0,0,0,0,0,0,0,0,0,0
280597,1,1,1988,0,0,0,0,0,0,0,0,0,0
280597,2,1,1988,0,0,0,0,0,0,0,0,0,0
280598,1,1,1988,0,0,0,0,0,0,0,19,0,0
280599,1,1,1988,5,0,0,0,0,0,0,0,12,3
280600,0,1,1988,0,0,0,0,0,0,0,0,0,0
280600,1,1,1988,0,0,0,0,0,0,0,0,0,0
280601,1,1,1988,22,20,38,0,0,0,0,30,33,0
280602,1,1,1988,0,0,0,0,0,25,0,0,18,0
280603,1,1,1988,0,0,0,43,29,0,0,0,9,0
280604,1,1,1988,0,26,0,0,21,0,8,16,22,0
280605,0,1,1988,16,0,0,0,23,0,0,0,0,0
280605,1,1,1988,0,0,0,0,0,0,0,0,0,0
280606,0,1,1988,0,0,0,0,0,0,0,0,0,30
280606,1,1,1988,0,0,0,0,0,0,0,0,0,0
280607,1,1,1988,0,0,0,0,0,0,28,0,0,0
280608,1,1,1988,0,0,0,0,0,0,0,0,0,0
280608,2,1,1988,0,0,0,0,0,0,0,0,0,0
280609,1,1,1988,0,0,0,0,0,0,0,0,0,26
280609,2,1,1988,0,0,0,0,0,0,0,0,0,0
280610,1,1,1988,0,0,32,0,0,0,0,21,0,0
280611,1,1,1988,0,0,0,0,0,8,5,0,0,0
280611,2,1,1988,0,0,0,0,0,0,0,0,0,0
280612,1,1,1988,0,0,0,0,0,0,0,0,0,0
280613,1,1,1988,0,0,0,0,0,0,0,0,0,0
280613,2,1,1988,0,0,0,0,0,0,0,0,0,0
280614,1,1,1988,0,0,0,0,0,0,0,0,0,0
280614,2,1,1988,23,0,0,0,0,0,14,0,0,0
280615,1,1,1988,0,19,0,0,0,0,0,0,0,0
280616,1,1,1988,0,0,0,0,0,0,0,0,0,0
280616,2,1,1988,0,0,0,0,0,0,0,0,0,0
280616,3,1,1988,0,0,10,0,0,0,0,0,0,0
280617,0,1,1988,0,0,24,0,0,0,0,25,0,0
280617,1,1,1988,0,0,0,0,0,0,0,0,0,0
280618,1,1,1988,0,0,0,0,0,0,0,0,7,0
280618,2,1,1988,0,0,0,0,0,0,0,0,0,0
280618,3,1,1988,0,0,0,0,0,0,0,0,0,0
280619,1,1,1988,0,0,0,0,0,0,0,0,0,0
280620,1,1,1988,0,0,0,0,0,0,0,0,0,0
280621,1,1,1988,16,11,0,0,0,0,17,0,20,11
280622,0,1,1988,0,0,0,0,0,0,0,0,0,0
280622,1,1,1988,0,0,0,0,0,0,0,0,0,0
280623,1,1,1988,21,0,0,9,0,0,25,25,4,13
280624,1,1,1988,0,0,0,0,0,0,0,0,0,0
280624,2,1,1988,0,0,0,0,0,0,0,0,0,0
280624,3,1,1988,0,0,0,0,0,0,0,0,0,0
280625,1,1,1988,34,0,0,0,0,19,0,19,0,0
280626,1,1,1988,0,0,2,0,0,0,0,0,0,0
280626,2,1,1988,0,0,0,0,0,0,0,0,0,0
280627,1,1,1988,21,0,0,0,0,29,0,0,0,5
280627,2,1,1988,0,0,0,27,0,0,0,0,0,0
280628,1,1,1988,0,0,0,0,0,0,0,21,0,0
280628,2,1,1988,0,0,0,0,0,0,0,0,0,0
280629,1,1,1988,0,0,0,2,0,0,0,0,0,0
280629,2,1,1988,0,0,9,0,0,0,17,0,0,0
280630,0,1,1988,0,13,30,0,35,0,41,19,14,0
280630,0,2,1988,17,0,12,19,0,21,0,11,33,0
280630,0,3,1988,20,16,19,23,11,36,19,27,0,6
280630,1,1,1988,20,0,0,0,0,0,19,13,0,0
280631,0,1,1988,0,0,0,0,0,9,0,0,0,0
280631,1,1,1988,0,0,0,0,0,0,0,0,0,0
280632,1,1,1988,0,0,0,0,0,0,0,0,0,0
280632,2,1,1988,0,0,0,0,0,0,0,0,0,0
280632,3,1,1988,0,0,0,0,0,0,0,0,0,0
280633,1,1,1988,0,27,24,0,23,0,0,0,0,13
280634,1,1,1988,18,0,0,0,0,0,0,0,0,0
280635,1,1,1988,0,33,17,17,11,20,13,0,42,0
280638,1,1,1988,0,0,15,0,0,0,0,5,0,0
280639,1,1,1988,0,15,0,18,0,0,0,22,0,0
280640,1,1,1988,0,0,0,0,0,0,0,0,0,0
280640,2,1,1988,0,0,0,0,0,0,0,0,0,0
280641,1,1,1988,0,0,0,0,16,25,0,16,0,6
280642,0,1,1988,0,0,0,0,0,0,10,9,0,0
280642,1,1,1988,0,0,0,0,0,0,0,18,0,0
280643,1,1,1988,0,0,0,0,0,0,0,0,0,0
280644,0,1,1988,0,0,0,0,0,0,0,0,0,0
280644,1,1,1988,0,0,0,0,0,0,0,0,0,0
280645,1,1,1988,0,0,0,0,0,0,0,0,0,0
280645,2,1,1988,0,0,0,0,0,0,0,0,0,0
280646,1,1,1988,0,0,0,0,0,0,21,0,0,35
280646,2,1,1988,0,0,0,0,0,0,0,0,0,0
280647,1,1,1988,0,0,0,0,0,0,3,0,0,0
280648,1,1,1988,0,0,0,0,9,27,0,0,16,13
280649,1,1,1988,0,0,0,0,0,0,0,0,0,0
280650,1,1,1988,0,0,3,0,0,8,0,0,0,0
280651,1,1,1988,0,26,0,0,7,0,0,0,0,9
290001,1,1,1988,23,23,23,23,23,23,23,23,23,23
290002,0,1,1988,15,15,15,15,15,15,15,15,15,15
290002,1,1,1988,0,0,0,0,0,0,0,0,0,0
290003,1,1,1988,21,16,22,27,22,42,0,7,25,4
290004,1,1,1988,21,21,21,21,21,21,21,21,21,21
290005,1,1,1988,27,27,27,27,27,27,27,27,27,27
290006,1,1,1988,0,19,4,7,0,0,15,20,0,0
290007,1,1,1988,0,0,0,0,0,0,0,0,0,0
290007,2,1,1988,26,0,0,18,0,10,0,0,0,48
290008,1,1,1988,0,0,0,0,0,0,0,0,0,0
290009,1,1,1988,0,0,0,0,0,0,0,0,0,0
290009,2,1,1988,0,0,0,0,0,0,0,0,0,0
290010,0,1,1988,0,0,0,0,0,0,24,0,0,0
290010,0,2,1988,0,0,4,0,0,0,0,28,14,0
290010,1,1,1988,0,0,0,0,0,0,0,0,0,0
290010,2,1,1988,0,0,0,0,0,0,0,0,0,0
290010,3,1,1988,0,0,0,0,0,0,0,0,0,0
290011,1,1,1988,0,0,0,0,0,0,0,0,0,0
290012,1,1,1988,0,0,0,0,0,0,0,0,0,0
290012,2,1,1988,0,0,0,0,0,0,0,0,0,0
290013,1,1,1988,24,24,24,24,24,24,24,24,24,24
290014,1,1,1988,0,0,0,0,0,0,0,0,0,0
290015,0,1,1988,0,0,0,0,0,0,0,0,0,0
290015,1,1,1988,0,0,0,0,0,0,0,0,0,0
290016,1,1,1988,11,0,0,0,0,0,0,0,0,0
290016,2,1,1988,0,0,0,0,0,0,0,0,0,0
290017,1,1,1988,15,21,19,23,18,11,16,24,23,30
290018,1,1,1988,22,22,22,22,22,22,22,22,22,22
290018,2,1,1988,27,8,28,0,15,0,19,0,11,0
290019,1,1,1988,0,0,0,0,0,0,0,0,0,0
290020,1,1,1988,18,6,12,24,22,3,0,28,15,33
290020,2,1,1988,0,0,0,0,0,0,0,4,0,0
290021,1,1,1988,23,23,23,23,23,23,23,23,23,23
290022,1,1,1988,0,0,0,0,0,0,0,0,0,0
290023,1,1,1988,0,0,0,0,0,0,0,0,0,0
290023,2,1,1988,0,0,0,0,0,0,0,0,0,0
290024,1,1,1988,0,0,0,0,0,0,0,0,0,0
290025,0,1,1988,15,27,19,19,15,8,16,29,20,24
290025,1,1,1988,0,0,0,0,0,0,0,15,0,8
290026,1,1,1988,0,0,0,3,23,0,0,0,0,0
290027,1,1,1988,0,0,0,0,0,0,0,0,0,0
290027,2,1,1988,31,31,31,31,31,31,31,31,31,31
290028,1,1,1988,0,0,0,0,0,0,0,0,0,0
290029,1,2,1988,0,32,25,19,0,0,0,10,0,21
290030,1,1,1988,0,2,5,0,6,9,0,5,5,13
290031,1,1,1988,24,24,24,24,24,24,24,24,24,24
290032,1,1,1988,0,0,0,0,0,0,0,0,0,0
290033,1,1,1988,12,11,12,16,0,12,18,16,17,11
290034,1,1,1988,0,0,6,3,0,0,0,9,0,8
290035,1,1,1988,0,0,0,0,0,0,0,0,0,0
290035,2,1,1988,0,0,0,0,0,0,0,0,0,0
290036,0,1,1988,29,29,29,29,29,29,29,29,29,29
290036,1,1,1988,0,0,0,0,0,0,0,20,0,0
290037,1,1,1988,0,0,0,0,0,0,0,0,0,0
290038,1,1,1988,0,0,0,0,0,0,0,0,0,0
290038,2,1,1988,0,0,0,0,0,0,0,0,0,0
290038,3,1,1988,0,0,0,0,0,0,0,0,0,0
290039,1,1,1988,0,0,0,0,0,0,0,0,0,0
290039,2,1,1988,0,0,0,0,0,0,0,0,0,0
290039,3,1,1988,0,0,0,0,0,0,0,0,0,0
290039,4,1,1988,0,0,0,0,0,0,0,0,0,0
290039,5,1,1988,0,0,0,0,0,0,0,0,0,0
290040,1,1,1988,0,0,0,0,0,0,0,0,0,0
290041,0,1,1988,0,0,0,0,11,0,0,23,24,0
290041,0,2,1988,11,8,0,37,0,17,0,0,33,4
290041,1,1,1988,0,0,0,0,0,0,0,0,0,0
290042,1,1,1988,0,0,0,0,0,0,0,0,0,0
290043,1,1,1988,25,25,25,25,25,25,25,25,25,25
290044,0,1,1988,2,2,2,2,2,2,2,2,2,2
290044,1,1,1988,0,0,0,0,0,0,0,0,0,0
290045,1,1,1988,0,0,0,0,0,0,0,0,0,0
290045,2,1,1988,18,18,18,18,18,18,18,18,18,18
290046,1,1,1988,0,0,0,0,0,0,0,0,19,0
290046,2,1,1988,0,0,0,0,0,0,0,0,0,0
290047,1,1,1988,13,13,13,13,13,13,13,13,13,13
290047,2,1,1988,0,0,0,0,0,0,0,0,0,0
290048,1,1,1988,0,0,0,0,0,0,0,0,0,0
290049,1,1,1988,0,0,0,0,0,0,0,0,0,0
290049,2,1,1988,5,5,5,5,5,5,5,5,5,5
290049,3,1,1988,0,0,0,0,0,0,0,0,0,0
290049,4,1,1988,0,0,0,0,0,0,0,0,0,0
290050,1,1,1988,0,0,0,0,0,0,0,0,0,0
290051,1,1,1988,22,22,22,22,22,22,22,22,22,22
290052,1,1,1988,0,11,0,0,0,0,0,0,0,0
290052,2,1,1988,0,0,0,0,0,0,0,0,0,0
290053,1,1,1988,29,29,29,29,29,29,29,29,29,29
290054,1,1,1988,31,31,31,31,31,31,31,31,31,31
290055,1,1,1988,0,0,6,0,0,7,0,0,12,0
290055,2,1,1988,0,0,0,0,0,0,0,0,0,0
290056,1,1,1988,0,0,0,0,0,0,0,0,0,0
290057,1,1,1988,27,27,27,27,27,27,27,27,27,27
290058,1,1,1988,0,0,0,0,0,0,0,0,0,0
290058,2,1,1988,0,0,0,0,0,0,0,0,0,0
290059,1,1,1988,0,0,0,0,0,0,0,0,0,0
290059,2,1,1988,0,0,0,0,0,0,0,0,0,0
290060,1,1,1988,14,26,16,6,23,38,13,15,20,17
290061,1,1,1988,0,0,0,9,0,15,0,0,9,0
290062,1,1,1988,0,0,0,0,0,0,0,0,0,0
290063,1,1,1988,0,0,0,0,0,0,0,0,0,0
290063,2,1,1988,0,0,0,0,0,0,0,0,0,0
290063,3,1,1988,0,0,0,0,0,0,0,0,0,0
290064,1,1,1988,18,21,0,15,18,7,6,0,7,7
290064,2,1,1988,0,0,0,0,0,6,7,0,0,0
290065,1,1,1988,0,0,0,0,0,0,0,0,0,0
290066,1,1,1988,4,11,15,14,21,12,18,16,20,35
290067,1,1,1988,26,26,26,26,26,26,26,26,26,26
290068,1,1,1988,20,17,11,25,20,12,15,17,23,5
290069,0,1,1988,0,22,40,0,32,0,28,30,0,35
290069,1,1,1988,0,0,0,19,0,0,0,0,0,0
290069,2,1,1988,0,0,0,0,0,0,0,0,0,0
290070,1,1,1988,0,0,0,0,0,6,0,11,0,0
290070,2,1,1988,7,0,7,13,14,9,16,0,7,0
290071,0,1,1988,14,14,14,14,14,14,14,14,14,14
290071,1,1,1988,0,0,0,0,0,0,0,0,0,0
290072,1,1,1988,26,26,26,26,26,26,26,26,26,26
290073,1,1,1988,13,0,0,28,0,0,0,0,0,0
290074,0,1,1988,0,0,0,0,0,0,0,0,0,0
290074,1,1,1988,0,0,0,0,0,0,0,0,0,0
290075,1,1,1988,0,0,0,0,0,0,0,0,0,0
290075,2,1,1988,0,0,0,0,0,0,0,0,0,0
290075,3,1,1988,0,0,0,0,0,0,0,0,0,0
290076,1,1,1988,0,0,0,0,0,0,0,0,0,0
290076,2,1,1988,6,6,6,6,6,6,6,6,6,6
290077,1,1,1988,11,18,24,25,19,29,25,25,29,17
290078,0,1,1988,0,0,0,0,0,0,0,0,0,0
290078,1,1,1988,0,0,0,0,0,0,0,0,0,0
290078,2,1,1988,0,0,0,0,0,0,13,0,0,0
290079,1,1,1988,0,0,0,0,0,0,9,0,0,0
290079,2,1,1988,0,0,0,0,0,0,0,0,0,0
290080,1,1,1988,0,0,0,0,0,0,0,0,0,0
290081,1,1,1988,18,18,18,18,18,18,18,18,18,18
290081,2,1,1988,0,0,22,19,0,0,0,20,0,8
290082,1,1,1988,27,17,15,18,30,0,21,18,28,9
290083,1,1,1988,0,11,0,31,0,0,0,0,0,0
290083,2,1,1988,0,0,0,0,0,0,0,0,0,0
290084,1,1,1988,22,22,22,22,22,22,22,22,22,22
290085,1,1,1988,3,3,3,3,3,3,3,3,3,3
290085,2,1,1988,0,0,0,0,0,0,0,0,0,0
290086,1,1,1988,18,21,16,32,17,9,0,10,15,23
290087,1,1,1988,16,9,12,20,14,9,29,23,17,3
290088,1,1,1988,15,18,21,13,10,18,12,22,8,18
290089,1,1,1988,12,14,25,11,27,10,16,5,17,14
290089,2,1,1988,0,0,13,0,0,0,0,0,0,0
290090,1,1,1988,8,8,8,8,8,8,8,8,8,8
290090,2,1,1988,0,0,0,0,0,21,0,4,0,7
290091,1,1,1988,24,24,24,24,24,24,24,24,24,24
290092,1,1,1988,10,10,10,10,10,10,10,10,10,10
290093,1,1,1988,31,31,31,31,31,31,31,31,31,31
290093,2,1,1988,23,25,0,8,0,0,0,16,0,20
290094,1,1,1988,0,0,0,0,0,0,5,11,0,13
290095,1,1,1988,5,0,0,30,16,16,8,0,14,13
290096,1,1,1988,25,25,25,25,25,25,25,25,25,25
290097,1,1,1988,0,0,0,0,0,0,0,0,0,0
290097,2,1,1988,0,0,0,0,0,0,0,0,0,0
290098,1,1,1988,0,0,0,0,0,0,0,0,0,0
290098,2,1,1988,0,0,0,0,0,0,0,5,0,0
290099,0,1,1988,0,0,0,0,0,0,0,0,0,0
290100,1,1,1988,0,0,0,0,0,0,0,0,0,0
290100,2,1,1988,0,0,0,0,0,0,0,0,0,0
290100,3,1,1988,0,0,0,0,0,0,0,0,0,0
290101,1,1,1988,0,0,0,0,0,0,0,0,0,0
290101,2,1,1988,0,0,0,0,0,0,0,0,0,0
290101,3,1,1988,0,0,0,0,0,0,0,0,0,0
290102,1,1,1988,2,2,2,2,2,2,2,2,2,2
290102,2,1,1988,0,0,0,0,0,0,0,0,0,0
290103,1,1,1988,12,0,6,15,14,25,0,17,19,15
290104,0,1,1988,0,0,0,0,0,0,0,0,0,0
290104,1,1,1988,0,0,0,0,0,0,0,0,0,0
290105,1,1,1988,0,0,0,0,0,0,0,0,0,0
290105,2,1,1988,13,0,0,0,0,0,10,0,0,0
290106,1,1,1988,21,21,21,21,21,21,21,21,21,21
290107,1,1,1988,21,0,14,0,0,0,0,0,0,18
290107,2,1,1988,0,15,0,7,0,0,6,0,0,0
290108,0,1,1988,0,0,0,0,0,0,0,0,0,0
290108,1,1,1988,0,0,0,0,0,27,0,0,0,0
290109,1,1,1988,0,0,0,0,0,0,0,0,25,0
290110,1,1,1988,23,23,23,23,23,23,23,23,23,23
290112,1,1,1988,0,0,0,0,0,0,0,0,0,0
290112,2,1,1988,0,0,0,0,0,0,0,0,0,0
290113,1,1,1988,22,22,22,22,22,22,22,22,22,22
290114,1,1,1988,0,0,0,0,0,0,0,0,0,0
290114,2,1,1988,0,0,0,27,0,0,0,0,0,0
290115,0,1,1988,0,0,0,0,0,0,25,0,26,15
290115,1,1,1988,0,0,0,0,0,4,0,9,0,0
290116,1,1,1988,19,29,27,18,15,14,17,35,8,18
290117,1,1,1988,9,14,13,26,7,6,16,0,10,30
290117,2,1,1988,19,18,17,14,0,38,0,34,22,12
290118,1,1,1988,11,11,11,11,11,11,11,11,11,11
290118,2,1,1988,0,0,0,0,0,0,0,0,15,0
290119,1,1,1988,13,13,13,13,13,13,13,13,13,13
290120,1,1,1988,0,0,16,0,18,0,0,0,15,0
290121,1,1,1988,0,0,0,0,0,0,0,21,0,0
290122,1,1,1988,0,0,0,0,0,0,0,0,0,0
290122,2,1,1988,0,0,0,6,0,0,0,0,0,15
290123,1,1,1988,21,21,19,32,13,20,13,23,33,24
290123,2,1,1988,7,0,12,4,25,11,7,0,19,16
290124,1,1,1988,0,0,0,0,0,0,0,0,0,0
290124,2,1,1988,0,0,0,0,0,0,4,0,0,0
290125,1,1,1988,26,26,26,26,26,26,26,26,26,26
290126,1,1,1988,0,23,0,15,0,0,0,0,0,0
290126,2,1,1988,5,5,5,5,5,5,5,5,5,5
290127,1,1,1988,0,0,0,0,0,16,0,0,0,0
290127,2,1,1988,35,35,35,35,35,35,35,35,35,35
290128,1,1,1988,14,14,14,14,14,14,14,14,14,14
290129,1,1,1988,0,17,0,0,0,21,25,23,0,7
290130,0,1,1988,0,0,0,0,0,0,0,0,0,0
290130,1,1,1988,0,0,0,0,0,0,0,0,0,0
290131,1,1,1988,0,0,0,0,0,0,0,0,0,0
290131,2,1,1988,0,0,21,0,0,22,0,16,0,18
290131,3,1,1988,11,20,0,20,11,11,0,0,0,0
290132,1,1,1988,25,25,25,25,25,25,25,25,25,25
290133,1,1,1988,0,0,0,0,0,0,9,0,0,0
290133,2,1,1988,0,0,0,0,0,0,0,0,0,0
290134,1,1,1988,0,0,0,0,0,0,0,0,0,0
290135,1,1,1988,0,2,0,0,0,0,0,0,14,0
290135,2,1,1988,0,0,0,0,0,0,15,0,0,0
290136,1,1,1988,16,16,16,16,16,16,16,16,16,16
290136,2,1,1988,0,0,0,0,0,0,0,0,0,0
290137,1,1,1988,19,19,19,19,19,19,19,19,19,19
290142,1,1,1988,0,0,14,17,0,26,0,16,0,21
290142,2,1,1988,0,0,0,0,0,0,0,0,0,15
290143,0,1,1988,0,0,0,0,0,0,0,0,0,0
290143,1,1,1988,0,0,0,0,0,0,0,0,0,0
290144,1,1,1988,11,11,11,11,11,11,11,11,11,11
290145,0,1,1988,0,0,13,17,3,0,0,0,0,28
290145,1,1,1988,16,0,8,16,0,0,0,8,7,28
290146,1,1,1988,0,22,4,0,12,11,0,19,9,11
290147,1,1,1988,2,2,2,2,2,2,2,2,2,2
290147,2,1,1988,0,0,0,0,0,15,0,0,0,0
290148,1,1,1988,0,0,0,0,0,0,0,0,0,0
290148,2,1,1988,0,0,0,0,0,14,15,0,0,7
290148,3,1,1988,0,0,0,0,0,19,0,0,0,0
290149,1,1,1988,0,0,0,0,0,0,0,0,0,0
290150,1,1,1988,19,19,19,19,19,19,19,19,19,19
290151,1,1,1988,0,0,0,0,0,0,0,0,0,0
290152,1,1,1988,18,0,12,12,24,23,23,13,16,16
290153,1,1,1988,0,0,0,0,8,0,0,0,0,0
290153,2,1,1988,0,0,0,0,0,0,0,0,0,0
290153,3,1,1988,0,0,0,0,0,14,0,0,0,0
290154,1,1,1988,18,0,0,22,9,0,3,12,9,13
290154,2,1,1988,18,17,27,21,13,17,21,13,16,11
290155,1,1,1988,34,34,34,34,34,34,34,34,34,34
290156,1,1,1988,0,0,0,0,25,0,0,0,0,0
290156,2,1,1988,17,0,26,0,0,5,5,8,10,13
290157,1,1,1988,0,0,0,0,0,0,0,0,0,0
290157,2,1,1988,0,0,0,30,0,0,0,0,0,0
290158,1,1,1988,0,0,20,33,0,0,8,18,18,0
290158,2,1,1988,0,0,0,0,0,0,0,0,0,0
290159,1,1,1988,25,25,25,25,25,25,25,25,25,25
290160,1,1,1988,38,38,38,38,38,38,38,38,38,38
290161,1,1,1988,0,0,0,0,0,0,0,0,0,0
290161,2,1,1988,0,0,0,0,0,0,0,0,0,0
290161,3,1,1988,0,0,0,0,0,0,0,0,0,0
290162,1,1,1988,0,0,0,0,0,0,0,6,0,5
290162,2,1,1988,0,0,0,11,0,0,0,0,0,0
290163,1,1,1988,0,0,0,0,0,0,0,0,0,0
290163,2,1,1988,0,0,0,0,0,0,0,0,0,0
290164,1,1,1988,15,15,15,15,15,15,15,15,15,15
290165,0,1,1988,0,0,0,0,0,0,0,0,0,0
290165,1,1,1988,0,0,0,0,0,0,0,0,0,0
290166,1,1,1988,0,0,0,0,0,0,0,0,0,0
290167,1,1,1988,10,16,19,0,17,11,5,0,30,10
290168,1,1,1988,0,0,10,11,3,14,0,7,0,0
290169,1,1,1988,3,3,3,3,3,3,3,3,3,3
290170,1,1,1988,29,4,36,18,35,15,14,12,24,23
290171,1,1,1988,0,20,16,14,0,0,0,0,0,27
290172,0,1,1988,1,0,0,8,0,0,30,0,17,0
290172,1,1,1988,0,0,0,0,0,0,0,0,0,0
290173,1,1,1988,0,0,0,0,0,0,0,0,0,0
290173,2,1,1988,15,0,0,0,10,0,0,0,0,24
290174,1,1,1988,0,0,0,22,0,0,6,10,0,9
290175,1,1,1988,29,0,16,0,19,0,18,11,11,20
290176,1,1,1988,0,0,0,0,0,0,0,0,0,0
290176,2,1,1988,0,0,0,0,14,0,0,0,0,0
290177,1,1,1988,0,12,0,0,0,0,0,0,0,0
290177,2,1,1988,0,9,0,0,0,0,0,0,0,0
290177,3,1,1988,0,0,0,0,0,0,0,0,0,0
290178,1,1,1988,0,0,0,0,0,0,0,0,0,0
290179,0,1,1988,0,0,0,0,0,0,4,0,0,0
290179,1,1,1988,0,0,0,0,0,9,0,25,0,0
290180,1,1,1988,0,0,0,0,0,0,0,0,0,20
290181,1,1,1988,0,0,0,0,0,0,0,0,0,0
290181,2,1,1988,0,0,0,0,0,0,0,0,0,0
290182,1,1,1988,0,0,0,0,0,0,0,0,0,0
290182,2,1,1988,0,0,12,0,8,14,12,13,12,0
290183,1,1,1988,15,17,14,30,20,14,23,19,13,9
290184,1,1,1988,0,0,0,0,0,0,0,0,0,0
290185,0,1,1988,18,18,18,18,18,18,18,18,18,18
290185,1,1,1988,0,0,12,6,14,0,0,0,17,15
290186,1,1,1988,24,24,24,24,24,24,24,24,24,24
290187,1,1,1988,0,0,0,0,0,0,0,0,0,0
290188,1,1,1988,21,21,21,21,21,21,21,21,21,21
290189,1,1,1988,34,34,34,34,34,34,34,34,34,34
290190,0,1,1988,0,0,0,0,0,0,0,0,0,0
290190,1,1,1988,0,0,0,0,0,0,0,0,0,0
290191,0,1,1988,0,0,0,0,0,0,0,0,0,0
290191,1,1,1988,0,0,0,0,0,0,0,0,0,0
290192,1,1,1988,28,28,28,28,28,28,28,28,28,28
290193,1,1,1988,0,32,25,6,7,15,11,17,10,0
290194,1,1,1988,0,0,0,0,0,0,0,0,0,0
290194,2,1,1988,0,0,0,0,0,0,0,0,0,0
290195,1,1,1988,5,24,10,13,14,6,15,10,14,9
290195,2,1,1988,0,39,0,0,0,0,0,0,0,0
290196,1,1,1988,13,0,0,0,0,0,0,0,0,0
290197,1,1,1988,0,0,0,0,0,0,0,9,0,0
290197,2,1,1988,0,0,0,0,0,0,0,0,0,0
290198,1,1,1988,0,15,0,0,22,16,0,0,25,0
290199,1,1,1988,9,10,21,9,25,26,19,25,39,17
290200,1,1,1988,22,22,22,22,22,22,22,22,22,22
290201,1,1,1988,16,16,16,16,16,16,16,16,16,16
290201,2,1,1988,1,1,1,1,1,1,1,1,1,1
290203,0,1,1988,0,0,26,0,0,0,0,0,0,0
290203,1,1,1988,0,0,0,0,0,0,0,0,0,2
290204,0,1,1988,0,0,0,0,0,0,0,0,0,0
290204,1,1,1988,8,0,0,0,0,0,0,0,0,0
290205,0,1,1988,0,0,0,0,0,0,0,0,0,0
290205,1,1,1988,0,0,0,0,6,0,0,0,0,0
290206,1,1,1988,19,25,8,15,15,21,23,3,10,0
290206,2,1,1988,0,0,0,0,0,0,0,0,0,0
290207,1,1,1988,25,25,25,25,25,25,25,25,25,25
290208,1,1,1988,9,19,17,12,10,3,14,11,9,8
290209,1,1,1988,13,13,13,13,13,13,13,13,13,13
290209,2,1,1988,0,0,0,0,0,0,0,0,0,0
290210,1,1,1988,0,0,0,0,0,0,0,0,0,0
290210,2,1,1988,0,0,0,0,0,0,0,0,0,0
290211,1,1,1988,12,12,12,12,12,12,12,12,12,12
290212,1,1,1988,16,28,14,0,25,0,30,15,18,23
290213,1,1,1988,0,0,0,0,0,0,0,0,0,0
290213,2,1,1988,0,0,0,0,0,0,0,0,0,0
290214,1,1,1988,13,10,17,16,21,11,20,21,12,12
290215,1,1,1988,5,24,13,12,0,0,0,0,7,19
290216,1,1,1988,0,0,0,0,0,0,0,0,0,0
290216,2,1,1988,0,0,0,0,0,0,0,0,0,0
290217,1,1,1988,0,0,0,0,0,0,0,0,0,0
290217,2,1,1988,0,0,0,0,0,0,0,0,0,0
290218,1,1,1988,0,0,0,0,0,0,0,0,0,0