ST_CASE,VEH_NO,PER_NO,YEAR,P1,P2,P3,P4,P5,P6,P7,P8,P9,P10
290219,1,1,1988,0,0,0,0,0,18,0,0,13,0
290220,1,1,1988,0,0,0,0,0,0,0,0,0,0
290220,2,1,1988,0,0,0,0,0,0,0,0,0,0
290221,1,1,1988,17,0,18,16,0,0,0,16,0,0
290222,1,1,1988,0,0,0,0,0,0,0,0,0,0
290222,2,1,1988,4,4,4,4,4,4,4,4,4,4
290223,1,1,1988,29,8,13,30,0,20,6,15,25,29
290223,2,1,1988,13,0,28,9,0,0,0,0,0,0
290224,1,1,1988,19,19,19,19,19,19,19,19,19,19
290225,0,1,1988,8,0,0,0,0,0,0,0,0,0
290225,1,1,1988,0,0,0,0,0,0,0,16,0,0
290226,1,1,1988,20,0,0,0,0,0,18,0,0,0
290227,1,1,1988,0,0,0,0,0,0,0,0,0,0
290227,2,1,1988,0,0,0,16,0,0,0,0,0,0
290228,1,1,1988,0,0,0,0,0,0,0,0,0,0
290229,0,1,1988,12,23,0,9,15,0,0,0,0,0
290229,1,1,1988,0,0,0,0,0,0,0,0,0,0
290230,1,1,1988,0,10,0,0,0,0,0,0,0,0
290231,1,1,1988,25,26,35,0,0,0,0,0,13,7
290232,0,1,1988,0,0,0,0,0,0,0,0,0,0
290232,1,1,1988,0,0,0,0,0,0,0,0,0,0
290233,1,1,1988,18,18,18,18,18,18,18,18,18,18
290234,1,1,1988,0,5,0,0,0,0,0,0,0,2
290235,1,1,1988,0,0,0,0,0,0,0,0,0,0
290235,2,1,1988,0,15,14,0,15,0,0,0,0,0
290236,1,1,1988,0,0,0,0,0,0,0,0,0,0
290236,2,1,1988,0,16,0,0,0,0,0,7,0,0
290237,1,1,1988,7,7,7,7,7,7,7,7,7,7
290237,2,1,1988,13,15,19,26,23,12,8,17,24,24
290238,1,1,1988,0,0,0,0,0,0,0,0,0,0
290238,2,1,1988,10,12,0,0,18,20,15,0,0,0
290239,1,1,1988,19,0,6,31,18,11,14,13,19,10
290239,2,1,1988,0,0,9,21,18,0,0,27,0,12
290240,1,1,1988,11,0,0,0,0,26,0,0,0,6
290241,1,1,1988,0,0,0,0,0,0,0,0,0,0
290241,2,1,1988,0,0,0,0,0,0,0,0,0,0
290242,1,1,1988,19,19,19,19,19,19,19,19,19,19
290243,1,1,1988,21,21,21,21,21,21,21,21,21,21
290244,0,1,1988,0,0,0,0,0,0,0,0,0,0
290244,1,1,1988,0,0,0,0,0,0,17,0,0,0
290245,1,1,1988,23,38,32,32,15,25,0,0,7,26
290246,1,1,1988,23,23,23,23,23,23,23,23,23,23
290247,1,1,1988,0,0,0,0,0,0,0,0,0,0
290247,2,1,1988,0,0,0,0,0,0,0,0,0,0
290248,1,1,1988,0,0,0,0,0,0,0,0,0,0
290249,1,1,1988,24,24,24,24,24,24,24,24,24,24
290250,0,1,1988,0,0,0,0,0,0,0,0,0,0
290250,1,1,1988,0,0,0,0,0,0,0,0,3,0
290251,1,1,1988,0,0,0,0,0,0,0,0,0,0
290251,2,1,1988,0,0,0,0,0,0,0,0,0,0
290252,1,1,1988,19,19,19,19,19,19,19,19,19,19
290253,0,1,1988,0,0,0,0,0,0,0,0,0,9
290253,1,1,1988,0,0,0,0,0,15,0,0,0,0
290254,1,1,1988,0,0,0,0,0,0,0,0,0,0
290254,2,1,1988,0,0,0,0,0,0,0,0,0,0
290255,1,1,1988,12,12,12,12,12,12,12,12,12,12
290256,1,1,1988,25,25,25,25,25,25,25,25,25,25
290257,0,1,1988,18,18,18,18,18,18,18,18,18,18
290257,1,1,1988,0,0,0,0,2,0,0,0,0,0
290258,1,1,1988,0,0,0,0,0,0,0,0,0,0
290259,1,1,1988,0,0,0,0,0,0,0,0,0,0
290260,0,1,1988,28,18,35,8,0,15,0,14,24,37
290260,0,2,1988,35,4,19,25,9,30,24,24,24,0
290260,1,1,1988,0,11,0,0,2,10,0,10,7,0
290261,1,2,1988,0,14,0,5,14,0,11,0,0,0
290262,1,1,1988,26,0,0,0,28,0,30,15,50,9
290263,1,1,1988,0,0,0,0,0,0,0,0,0,0
290263,2,1,1988,0,0,0,0,0,0,0,0,0,0
290264,0,1,1988,0,0,0,0,0,0,0,0,0,0
290264,1,1,1988,0,0,0,0,0,0,0,0,0,0
290265,1,1,1988,0,0,0,16,0,13,0,0,25,14
290265,2,1,1988,8,32,22,21,20,13,16,16,25,13
290265,3,1,1988,9,0,0,0,0,0,0,19,0,0
290266,1,1,1988,15,0,26,26,9,35,13,18,0,32
290267,1,1,1988,0,11,0,0,16,0,0,0,0,23
290268,1,1,1988,22,22,22,22,22,22,22,22,22,22
290269,1,1,1988,0,0,0,0,0,0,0,0,0,0
290269,2,1,1988,0,0,0,0,0,0,0,0,0,0
290270,1,1,1988,23,7,20,13,0,0,0,15,0,12
290270,2,1,1988,0,0,0,0,0,0,0,0,0,0
290271,1,1,1988,0,0,0,0,0,0,0,0,0,0
290271,2,1,1988,26,26,26,26,26,26,26,26,26,26
290272,1,1,1988,13,7,7,20,13,24,20,2,8,13
290273,1,1,1988,0,0,0,0,0,0,0,0,0,0
290273,2,1,1988,0,0,0,16,0,0,0,0,0,0
290274,1,1,1988,0,0,0,0,0,0,0,0,0,0
290274,2,1,1988,0,0,0,0,0,0,15,0,9,0
290275,1,1,1988,16,16,16,16,16,16,16,16,16,16
290276,1,1,1988,0,14,0,0,0,0,0,0,0,0
290277,0,1,1988,0,0,0,0,0,0,0,0,0,0
290277,1,1,1988,0,0,0,0,0,0,0,0,9,0
290278,0,1,1988,34,34,34,34,34,34,34,34,34,34
290278,1,1,1988,0,0,0,0,0,0,0,0,0,0
290279,1,1,1988,0,0,18,17,0,0,0,20,15,0
290280,1,1,1988,20,20,19,20,0,30,12,15,18,16
290281,1,1,1988,0,0,0,0,0,0,0,0,0,0
290281,2,1,1988,0,0,0,0,0,0,0,0,0,0
290281,3,1,1988,0,0,0,0,0,0,0,0,0,0
290282,1,1,1988,0,0,0,0,0,31,0,6,0,0
290282,2,1,1988,0,0,7,0,0,0,0,0,0,0
290282,3,1,1988,28,18,25,21,18,15,22,18,24,31
290283,1,1,1988,0,0,0,0,7,0,0,6,0,0
290283,2,1,1988,0,0,0,0,0,0,0,0,21,0
290284,1,1,1988,17,0,0,0,0,0,0,0,0,0
290285,1,1,1988,23,23,23,23,23,23,23,23,23,23
290286,1,1,1988,0,24,0,0,0,0,0,0,0,0
290286,2,1,1988,0,0,0,0,0,0,0,0,0,0
290287,1,1,1988,0,0,0,0,0,0,0,0,0,0
290288,1,1,1988,15,0,22,35,4,30,0,0,32,14
290289,1,1,1988,26,26,26,26,26,26,26,26,26,26
290290,1,1,1988,0,11,14,16,27,12,16,15,38,21
290291,1,1,1988,0,0,0,19,0,0,0,12,0,0
290292,1,1,1988,5,5,5,5,5,5,5,5,5,5
290293,1,1,1988,4,0,23,22,17,12,6,20,20,6
290294,1,1,1988,15,0,0,0,0,24,0,0,0,0
290294,2,1,1988,32,32,32,32,32,32,32,32,32,32
290295,1,1,1988,0,0,0,0,0,0,0,0,0,0
290295,2,1,1988,25,0,0,0,0,0,12,0,0,9
290296,1,1,1988,24,24,24,24,24,24,24,24,24,24
290297,1,1,1988,8,8,8,8,8,8,8,8,8,8
290298,1,1,1988,21,21,21,21,21,21,21,21,21,21
290299,1,1,1988,0,10,11,18,24,6,0,0,0,19
290300,1,1,1988,0,0,0,0,0,0,0,0,0,0
290300,2,1,1988,0,0,0,0,0,0,0,0,12,0
290301,1,1,1988,0,0,0,0,0,0,0,0,0,0
290301,2,1,1988,19,19,19,19,19,19,19,19,19,19
290302,1,1,1988,0,0,0,0,0,0,0,0,0,0
290303,1,1,1988,0,0,0,0,0,0,0,0,0,0
290303,2,1,1988,12,12,12,12,12,12,12,12,12,12
290304,1,1,1988,0,0,0,0,0,0,0,0,0,0
290304,2,1,1988,12,0,0,0,0,0,0,0,0,0
290305,1,1,1988,0,0,0,0,0,0,0,0,0,0
290305,2,1,1988,17,17,17,17,17,17,17,17,17,17
290306,1,1,1988,25,25,25,25,25,25,25,25,25,25
290306,2,1,1988,0,0,0,0,0,0,0,0,0,0
290307,1,1,1988,0,17,0,0,4,17,0,0,11,0
290307,2,1,1988,20,20,20,20,20,20,20,20,20,20
290308,1,1,1988,0,0,0,0,0,0,0,0,0,0
290309,1,1,1988,0,14,0,0,0,0,0,0,0,0
290309,2,1,1988,0,0,0,0,0,0,0,0,0,0
290310,1,1,1988,0,0,0,0,0,0,0,0,0,0
290311,1,1,1988,0,0,0,0,0,0,0,0,0,0
290311,2,1,1988,0,9,0,0,23,0,0,0,0,0
290312,1,1,1988,0,17,18,18,0,0,0,18,0,22
290312,2,1,1988,17,17,17,17,17,17,17,17,17,17
290313,1,1,1988,23,23,23,23,23,23,23,23,23,23
290314,1,1,1988,0,0,0,0,0,0,0,0,0,0
290315,1,1,1988,28,28,28,28,28,28,28,28,28,28
290316,1,1,1988,0,0,16,0,0,0,0,0,0,0
290316,2,1,1988,22,22,22,22,22,22,22,22,22,22
290317,1,1,1988,28,28,28,28,28,28,28,28,28,28
290317,2,1,1988,24,21,0,0,12,0,11,0,0,0
290318,0,1,1988,0,0,0,0,0,0,0,0,0,0
290318,1,1,1988,10,5,15,5,0,18,13,1,0,25
290319,1,1,1988,0,15,0,0,0,0,0,0,0,0
290319,2,1,1988,0,0,0,0,0,0,0,0,0,0
290320,1,1,1988,18,18,18,18,18,18,18,18,18,18
290321,1,1,1988,0,0,0,0,0,0,0,0,0,0
290321,2,1,1988,0,0,0,0,0,0,15,0,0,0
290323,1,1,1988,0,0,0,0,0,0,0,0,0,0
290323,2,1,1988,0,0,0,14,0,0,0,0,0,0
290324,0,1,1988,0,0,0,0,0,0,0,0,0,0
290324,1,1,1988,0,0,0,0,0,0,0,0,0,0
290325,1,1,1988,15,15,15,15,15,15,15,15,15,15
290326,1,1,1988,10,17,38,27,16,19,17,11,11,27
290327,1,1,1988,0,0,0,0,0,0,0,0,0,0
290328,1,1,1988,0,0,0,0,0,0,0,0,0,0
290329,1,1,1988,0,0,12,0,11,5,0,0,0,3
290329,2,1,1988,0,0,0,0,0,0,0,17,4,0
290330,1,1,1988,0,0,0,0,0,0,0,0,0,0
290331,1,1,1988,9,9,9,9,9,9,9,9,9,9
290332,1,1,1988,0,0,0,0,0,0,0,0,0,0
290332,2,1,1988,0,8,0,0,0,14,0,0,0,0
290333,1,1,1988,0,0,0,0,0,15,17,0,0,9
290333,2,1,1988,0,14,0,0,0,0,0,0,0,0
290334,1,1,1988,12,12,12,12,12,12,12,12,12,12
290334,2,1,1988,18,18,18,18,18,18,18,18,18,18
290335,0,1,1988,19,19,19,19,19,19,19,19,19,19
290335,1,1,1988,23,4,0,15,0,0,15,0,0,0
290336,1,1,1988,0,0,0,0,0,0,0,0,0,17
290336,2,1,1988,0,0,0,0,0,0,0,0,0,0
290337,1,1,1988,20,0,0,0,0,0,0,12,0,0
290337,2,1,1988,1,1,1,1,1,1,1,1,1,1
290338,1,1,1988,0,0,0,0,0,0,0,0,0,0
290338,2,1,1988,0,0,0,0,0,0,0,0,0,0
290339,1,1,1988,0,0,0,0,0,0,0,29,0,0
290339,2,1,1988,0,0,0,0,0,0,0,0,0,0
290340,1,1,1988,0,0,0,0,0,0,0,0,0,0
290341,2,1,1988,0,0,0,0,0,0,0,0,0,0
290342,1,1,1988,0,0,0,0,0,0,0,0,0,0
290342,2,1,1988,0,0,0,0,0,0,0,0,0,0
290343,1,1,1988,31,15,18,26,17,15,30,27,23,24
290344,1,1,1988,26,26,26,26,26,26,26,26,26,26
290345,1,1,1988,25,25,25,25,25,25,25,25,25,25
290345,2,1,1988,0,0,0,0,0,0,0,0,0,0
290346,1,1,1988,0,0,0,0,0,0,0,0,0,0
290346,2,1,1988,14,14,14,14,14,14,14,14,14,14
290347,1,1,1988,24,24,24,24,24,24,24,24,24,24
290348,1,1,1988,8,8,8,8,8,8,8,8,8,8
290349,1,1,1988,5,15,0,14,0,19,25,10,13,18
290350,1,1,1988,0,0,0,0,5,0,0,0,8,0
290350,2,1,1988,0,13,0,0,0,14,0,0,0,0
290351,1,1,1988,0,0,14,8,18,15,0,0,0,0
290351,2,1,1988,11,6,6,6,15,11,16,5,22,15
290351,3,1,1988,0,0,0,0,0,0,0,0,0,0
290352,1,1,1988,17,13,15,11,15,29,18,23,11,10
290352,2,1,1988,0,0,22,0,21,0,12,0,0,0
290353,1,1,1988,0,0,0,0,0,0,19,0,0,12
290354,1,1,1988,31,22,31,24,23,10,10,21,28,28
290355,1,1,1988,15,15,15,15,15,15,15,15,15,15
290356,1,1,1988,25,8,28,3,14,24,0,0,26,21
290357,0,1,1988,0,0,0,0,0,0,0,0,0,0
290357,1,1,1988,0,0,0,0,0,0,0,0,0,0
290358,1,1,1988,12,12,12,12,12,12,12,12,12,12
290359,1,1,1988,11,25,8,0,0,11,0,20,12,7
290359,2,1,1988,16,14,26,22,0,13,10,14,8,17
290360,1,1,1988,14,0,21,0,16,0,0,29,11,3
290361,1,1,1988,0,0,0,0,0,0,0,0,5,0
290362,0,1,1988,0,0,0,0,0,0,0,0,0,0
290362,1,1,1988,0,0,0,0,0,0,6,0,0,0
290363,0,1,1988,0,0,0,0,0,0,0,0,0,0
290363,1,1,1988,0,0,0,0,0,0,0,0,0,0
290364,1,1,1988,3,14,2,7,11,14,9,12,2,15
290365,0,1,1988,14,14,14,14,14,14,14,14,14,14
290365,1,1,1988,0,0,0,0,15,17,19,0,0,0
290366,1,1,1988,33,33,33,33,33,33,33,33,33,33
290366,2,1,1988,0,0,0,0,0,0,0,0,0,0
290367,1,1,1988,0,0,0,0,0,0,0,0,0,0
290368,1,1,1988,22,22,22,22,22,22,22,22,22,22
290369,0,1,1988,0,0,0,0,0,0,0,0,0,0
290369,1,1,1988,0,0,0,0,0,0,9,18,33,0
290370,1,1,1988,30,16,12,25,8,4,19,9,20,16
290371,1,1,1988,0,0,0,0,0,0,0,0,0,0
290371,2,1,1988,0,0,0,10,0,0,0,0,0,0
290372,0,1,1988,0,0,0,0,0,0,0,0,0,0
290372,1,1,1988,0,0,0,0,0,0,0,0,0,0
290373,1,1,1988,0,0,11,7,25,0,0,0,0,0
290373,2,1,1988,0,0,0,0,0,0,0,0,0,0
290374,1,1,1988,4,4,4,4,4,4,4,4,4,4
290374,2,1,1988,0,0,0,0,22,0,0,7,0,0
290375,1,1,1988,0,18,0,7,0,17,0,10,0,29
290376,1,1,1988,24,24,24,24,24,24,24,24,24,24
290377,1,1,1988,0,7,0,0,0,0,15,0,0,0
290377,2,1,1988,13,0,7,9,16,10,11,6,9,9
290378,1,1,1988,0,0,6,0,0,0,0,0,0,0
290378,2,1,1988,0,0,0,0,0,15,0,0,16,0
290378,3,1,1988,0,0,0,0,0,0,0,7,0,0
290379,1,1,1988,0,0,0,0,0,0,0,0,0,0
290380,1,1,1988,0,0,0,0,0,0,0,0,0,0
290380,2,1,1988,0,12,0,0,0,15,0,0,14,0
290381,1,1,1988,0,0,0,0,0,0,0,0,0,0
290381,2,1,1988,10,0,0,0,0,0,0,0,0,0
290382,1,1,1988,0,0,0,0,0,0,0,0,0,0
290382,2,1,1988,0,0,0,0,0,0,0,0,0,0
290383,1,1,1988,25,25,25,25,25,25,25,25,25,25
290384,1,1,1988,0,18,18,0,16,0,0,22,20,13
290385,1,1,1988,14,14,14,14,14,14,14,14,14,14
290385,2,1,1988,0,0,0,7,0,0,0,0,0,0
290386,1,1,1988,0,0,0,0,0,0,0,0,0,0
290387,0,1,1988,0,10,0,0,0,0,0,0,12,0
290387,1,1,1988,0,0,15,12,27,29,0,0,30,7
290388,1,1,1988,1,11,30,26,16,21,6,19,11,24
290389,1,1,1988,0,0,0,0,33,0,23,11,0,13
290389,2,1,1988,14,14,14,14,14,14,14,14,14,14
290390,1,1,1988,14,14,14,14,14,14,14,14,14,14
290391,1,1,1988,0,0,0,0,0,0,17,0,11,0
290391,2,1,1988,0,0,2,2,0,0,0,18,0,0
290392,1,1,1988,31,31,31,31,31,31,31,31,31,31
290393,1,1,1988,0,0,0,0,0,0,0,12,0,0
290394,1,1,1988,0,0,0,0,0,0,0,0,0,0
290395,1,1,1988,0,0,0,0,0,0,0,0,0,0
290396,1,1,1988,0,17,0,0,0,19,0,0,0,0
290396,2,1,1988,0,0,0,0,0,0,0,0,0,0
290396,3,1,1988,16,0,0,0,0,0,0,0,0,0
290397,1,1,1988,0,0,0,0,0,0,0,0,0,0
290397,2,1,1988,0,0,0,11,0,0,0,0,0,0
290397,3,1,1988,0,0,4,0,0,0,0,6,29,3
290398,1,1,1988,18,18,18,18,18,18,18,18,18,18
290399,1,1,1988,0,0,0,0,0,0,0,0,0,0
290400,1,1,1988,0,0,0,0,0,0,0,0,0,5
290400,2,1,1988,0,0,0,0,0,0,0,0,0,0
290401,1,1,1988,0,0,0,0,14,0,0,0,0,0
290401,2,1,1988,0,0,23,5,35,0,0,0,0,0
290401,3,1,1988,0,0,0,9,0,0,0,0,21,15
290402,1,1,1988,12,7,9,19,0,13,16,18,14,9
290402,2,1,1988,0,0,0,0,0,0,0,0,0,0
290403,1,1,1988,1,1,1,1,1,1,1,1,1,1
290403,2,1,1988,0,0,18,0,0,0,0,0,0,0
290404,1,1,1988,9,9,9,9,9,9,9,9,9,9
290405,1,1,1988,5,5,5,5,5,5,5,5,5,5
290406,1,1,1988,0,0,0,0,0,0,0,0,0,0
290406,2,1,1988,1,1,1,1,1,1,1,1,1,1
290406,3,1,1988,0,0,0,0,0,0,0,0,0,0
290407,1,1,1988,7,7,7,7,7,7,7,7,7,7
290408,1,1,1988,16,7,10,22,12,0,11,13,10,13
290408,2,1,1988,0,0,0,0,0,0,0,0,0,0
290409,1,1,1988,23,23,23,23,23,23,23,23,23,23
290410,1,1,1988,0,0,0,0,0,0,0,0,0,0
290411,1,1,1988,0,0,0,0,0,0,0,0,0,0
290411,2,1,1988,0,4,0,0,0,0,11,0,0,0
290412,1,1,1988,19,19,19,19,19,19,19,19,19,19
290413,0,1,1988,0,0,23,0,0,0,0,0,0,35
290413,1,1,1988,0,0,0,0,0,0,0,0,0,0
290414,1,1,1988,0,0,0,0,0,0,0,0,0,0
290414,2,1,1988,0,0,0,0,0,0,0,0,0,0
290415,1,1,1988,0,0,0,0,0,0,0,0,0,0
290416,1,1,1988,17,17,17,17,17,17,17,17,17,17
290416,2,1,1988,0,0,12,17,0,19,5,0,14,7
290416,3,1,1988,0,15,6,0,22,14,0,16,15,0
290416,4,1,1988,21,0,0,8,0,21,0,20,23,0
290416,5,1,1988,11,16,0,0,0,4,0,0,8,0
290416,6,1,1988,11,0,0,0,8,16,12,4,0,0
290417,1,1,1988,4,4,4,4,4,4,4,4,4,4
290418,1,1,1988,14,23,27,14,26,27,25,14,21,27
290419,1,1,1988,0,0,0,0,9,0,13,0,0,0
290419,2,1,1988,0,0,0,0,0,0,0,0,0,0
290420,1,1,1988,0,0,0,0,0,0,0,0,0,0
290420,2,1,1988,0,0,0,0,0,0,0,0,0,0
290421,1,1,1988,0,0,0,0,0,0,0,0,0,0
290421,2,1,1988,0,0,0,0,0,0,0,0,0,0
290422,1,1,1988,19,23,17,20,6,27,0,16,14,19
290423,1,1,1988,16,16,16,16,16,16,16,16,16,16
290424,1,1,1988,20,20,20,20,20,20,20,20,20,20
290425,1,1,1988,0,0,0,0,0,0,0,0,0,0
290426,1,1,1988,17,11,11,6,8,7,6,15,18,22
290426,2,1,1988,4,4,4,4,4,4,4,4,4,4
290427,1,1,1988,0,0,0,0,0,0,0,0,0,0
290427,2,1,1988,6,6,6,6,6,6,6,6,6,6
290428,1,1,1988,0,0,0,0,0,0,0,0,0,0
290428,2,1,1988,0,0,23,11,0,0,0,0,0,0
290429,1,1,1988,27,18,35,20,0,0,0,0,11,22
290430,0,1,1988,0,0,0,0,0,0,0,0,0,0
290430,0,2,1988,10,13,20,10,0,20,34,24,0,9
290430,0,3,1988,39,8,17,16,0,10,11,15,12,29
290430,0,4,1988,10,0,0,25,0,10,6,0,36,19
290430,1,1,1988,15,11,0,0,12,28,6,0,0,18
290431,1,1,1988,0,0,0,0,0,0,0,0,0,0
290432,0,1,1988,9,29,11,21,26,0,14,7,21,11
290432,1,1,1988,8,17,4,14,4,8,0,0,7,27
290433,1,1,1988,0,0,35,0,0,0,0,0,0,8
290433,2,1,1988,0,0,19,28,0,0,26,0,0,0
290434,1,1,1988,16,13,38,15,25,24,20,35,26,24
290434,2,1,1988,0,0,0,23,4,0,0,33,19,0
290434,3,1,1988,0,0,0,0,0,0,0,0,18,19
290435,1,1,1988,20,20,20,20,20,20,20,20,20,20
290436,1,1,1988,14,14,14,14,14,14,14,14,14,14
290437,1,1,1988,3,3,3,3,3,3,3,3,3,3
290437,2,1,1988,0,0,0,0,0,0,0,0,0,0
290438,1,1,1988,0,0,0,0,0,0,15,0,0,0
290438,2,1,1988,0,0,0,0,0,0,0,0,14,0
290439,1,1,1988,22,0,11,12,8,7,28,18,0,22
290439,2,1,1988,0,0,0,0,0,0,0,0,0,0
290440,1,1,1988,33,33,33,33,33,33,33,33,33,33
290441,1,1,1988,0,0,0,0,0,14,0,0,7,0
290442,1,1,1988,0,0,0,0,0,0,0,0,0,0
290443,1,1,1988,25,25,25,25,25,25,25,25,25,25
290443,2,1,1988,23,0,6,0,0,6,13,17,21,0
290444,1,1,1988,17,0,0,20,20,17,31,12,15,28
290445,1,1,1988,25,25,25,25,25,25,25,25,25,25
290446,1,1,1988,0,0,34,14,10,0,0,8,14,11
290447,1,1,1988,12,12,12,12,12,12,12,12,12,12
290447,2,1,1988,0,0,0,0,5,0,0,0,0,0
290448,1,1,1988,14,20,0,13,10,29,12,0,14,12
290449,1,1,1988,7,7,7,7,7,7,7,7,7,7
290450,1,1,1988,14,14,14,14,14,14,14,14,14,14
290451,1,1,1988,0,0,7,0,0,0,0,0,0,0
290452,1,1,1988,7,7,7,7,7,7,7,7,7,7
290453,1,1,1988,12,16,0,11,0,0,4,13,10,16
290454,1,1,1988,19,19,19,19,19,19,19,19,19,19
290455,1,1,1988,8,0,0,0,0,0,0,0,0,0
290456,0,1,1988,0,0,0,0,0,0,0,0,0,0
290456,1,1,1988,0,0,0,0,0,0,0,0,0,0
290457,1,1,1988,0,0,0,0,0,0,0,0,0,0
290457,2,1,1988,0,0,0,0,0,0,0,0,0,0
290458,1,1,1988,18,0,0,0,0,0,0,0,0,0
290458,2,1,1988,0,0,0,0,0,0,0,0,0,0
290459,1,1,1988,0,0,0,0,0,0,0,0,0,0
290459,2,1,1988,0,0,0,0,0,0,0,0,0,0
290461,1,1,1988,22,11,0,0,0,0,22,18,0,35
290462,1,1,1988,0,0,0,0,0,0,0,0,0,0
290463,1,1,1988,0,0,0,0,0,0,0,0,0,0
290463,2,1,1988,0,0,0,0,0,0,0,0,0,0
290463,3,1,1988,0,0,0,0,0,0,0,0,0,0
290464,1,1,1988,12,12,12,12,12,12,12,12,12,12
290465,1,1,1988,0,14,0,0,0,0,0,0,9,14
290466,1,1,1988,11,10,0,0,8,0,6,11,13,0
290467,1,1,1988,13,3,13,18,10,20,0,13,11,15
290468,1,1,1988,9,20,5,17,0,0,0,0,0,0
290469,1,1,1988,5,6,0,27,12,19,0,0,6,13
290470,1,1,1988,0,15,24,27,0,0,0,17,10,11
290471,1,1,1988,16,0,0,0,0,0,0,0,0,0
290471,2,1,1988,0,0,0,0,0,0,0,0,0,0
290472,1,1,1988,30,30,30,30,30,30,30,30,30,30
290473,1,1,1988,4,4,4,4,4,4,4,4,4,4
290474,1,1,1988,26,26,26,26,26,26,26,26,26,26
290475,1,1,1988,0,27,5,9,0,17,0,20,0,34
290475,2,1,1988,0,0,0,0,0,0,0,0,0,0
290476,1,1,1988,0,0,7,0,0,0,0,0,0,0
290476,2,1,1988,0,0,0,0,17,0,0,0,0,0
290477,1,1,1988,0,0,0,0,0,0,0,0,0,0
290478,1,1,1988,0,0,0,0,0,0,0,0,0,0
290478,2,1,1988,9,9,9,9,9,9,9,9,9,9
290478,3,1,1988,0,0,0,0,0,0,0,0,0,0
290479,0,1,1988,30,29,16,28,27,22,12,35,0,16
290480,1,1,1988,4,4,4,4,4,4,4,4,4,4
290480,2,1,1988,18,18,18,18,18,18,18,18,18,18
290481,1,1,1988,22,22,22,22,22,22,22,22,22,22
290482,0,1,1988,17,27,16,13,27,26,16,0,0,0
290482,1,1,1988,0,3,0,0,0,0,0,24,0,0
290483,1,1,1988,0,0,0,0,0,21,0,0,0,0
290484,1,1,1988,25,0,0,0,0,0,0,0,0,0
290485,1,1,1988,16,0,0,0,0,18,0,0,0,10
290486,1,1,1988,0,0,0,0,0,0,0,0,0,0
290486,2,1,1988,0,0,0,0,0,0,0,0,0,0
290487,1,1,1988,0,0,0,0,0,0,0,0,21,0
290488,1,1,1988,0,0,0,0,0,0,0,0,0,0
290488,2,1,1988,0,0,0,0,0,0,0,0,0,0
290489,1,1,1988,0,0,0,0,0,0,0,0,0,0
290490,1,1,1988,0,0,0,0,0,0,0,0,0,0
290491,1,1,1988,3,0,0,0,0,0,0,0,0,0
290491,2,1,1988,0,0,0,0,0,0,0,0,0,0
290492,1,1,1988,0,0,0,0,0,0,0,0,0,0
290493,1,1,1988,0,0,0,0,0,0,0,0,0,0
290494,1,1,1988,13,6,0,0,16,0,4,0,6,20
290494,2,1,1988,7,17,0,28,12,14,8,14,14,20
290495,1,1,1988,8,16,25,5,27,9,19,25,10,12
290496,1,1,1988,29,29,29,29,29,29,29,29,29,29
290497,1,1,1988,15,15,15,15,15,15,15,15,15,15
290498,1,1,1988,0,0,0,0,0,0,0,0,0,0
290499,1,1,1988,19,10,15,0,18,20,7,3,7,6
290499,2,1,1988,0,0,0,0,0,0,0,0,0,0
290500,1,1,1988,0,0,0,0,0,0,0,0,0,0
290500,2,1,1988,0,0,0,0,0,0,0,0,0,0
290501,1,1,1988,0,0,0,0,0,0,0,0,0,0
290502,1,1,1988,8,8,8,8,8,8,8,8,8,8
290502,2,1,1988,7,17,16,8,9,13,11,4,3,7
290503,1,1,1988,35,35,35,35,35,35,35,35,35,35
290503,2,1,1988,0,0,0,0,0,0,4,0,0,0
290504,0,1,1988,20,24,19,10,17,10,34,0,22,19
290504,0,2,1988,0,0,0,0,0,0,0,0,0,0
290504,1,1,1988,12,0,0,0,10,0,0,10,18,0
290505,1,1,1988,28,0,0,0,0,0,0,0,0,12
290505,2,1,1988,0,0,11,0,11,0,0,13,8,0
290506,1,1,1988,0,23,14,8,0,0,11,0,9,0
290507,1,1,1988,27,27,27,27,27,27,27,27,27,27
290508,1,1,1988,28,25,16,16,13,10,7,0,4,11
290509,1,1,1988,18,19,19,24,24,0,9,0,24,0
290510,1,1,1988,0,0,0,0,0,0,0,0,0,0
290511,1,1,1988,27,27,27,27,27,27,27,27,27,27
290512,1,1,1988,16,14,11,19,15,15,10,14,13,25
290512,2,1,1988,16,0,0,0,16,0,0,0,0,0
290512,3,1,1988,0,0,0,0,0,0,0,0,0,0
290513,1,1,1988,19,0,11,6,8,13,11,6,21,23
290513,2,1,1988,11,20,0,16,34,3,13,14,25,10
290514,1,1,1988,0,14,0,0,9,0,0,0,0,29
290515,1,1,1988,0,0,0,0,0,0,0,0,0,0
290515,2,1,1988,0,0,0,0,0,0,30,10,0,5