ST_CASE,VEH_NO,PER_NO,YEAR,P1,P2,P3,P4,P5,P6,P7,P8,P9,P10
290814,1,1,1988,0,0,0,0,0,0,0,0,0,0
290814,2,1,1988,0,0,0,0,0,0,0,0,0,0
290815,1,1,1988,30,10,0,0,0,0,0,0,0,12
290816,1,1,1988,23,23,23,23,23,23,23,23,23,23
290817,1,1,1988,10,16,22,0,23,31,8,0,13,17
290817,2,1,1988,0,0,0,0,0,0,0,0,0,0
290819,0,1,1988,21,8,0,2,36,0,40,26,13,0
290819,1,1,1988,0,0,0,0,0,0,0,0,0,0
290820,0,1,1988,4,0,14,19,19,12,0,0,0,21
290820,0,2,1988,19,19,19,19,19,19,19,19,19,19
290820,1,1,1988,0,0,0,0,0,0,0,0,0,0
290820,2,1,1988,0,0,0,0,0,0,0,0,0,0
290821,1,1,1988,0,17,14,15,9,3,8,13,17,14
290822,1,1,1988,10,0,15,0,0,0,10,0,0,0
290823,1,1,1988,14,28,8,12,7,5,2,19,6,18
290824,1,1,1988,30,30,30,30,30,30,30,30,30,30
290825,1,1,1988,11,11,8,11,14,0,9,3,11,10
290825,2,1,1988,0,0,0,0,0,0,0,0,0,0
290826,0,1,1988,0,0,0,0,0,0,0,0,0,0
290826,1,1,1988,0,0,0,0,0,0,0,0,0,0
290826,2,1,1988,0,0,0,0,0,0,0,0,0,0
290827,1,1,1988,6,0,22,0,5,0,17,0,0,15
290828,1,1,1988,0,0,0,0,0,0,0,0,0,0
290828,2,1,1988,0,0,0,0,0,0,0,0,0,0
290829,1,1,1988,13,15,0,0,0,0,0,7,0,10
290830,1,1,1988,0,0,12,0,0,8,12,0,4,0
290831,1,1,1988,0,0,23,0,0,0,0,0,0,0
290831,2,1,1988,0,0,0,0,0,0,0,0,0,0
290832,1,1,1988,0,0,0,0,0,0,0,0,0,0
290833,1,1,1988,0,0,0,0,0,2,0,0,0,0
290833,2,1,1988,0,0,0,0,0,0,0,0,0,0
290834,1,1,1988,2,3,12,0,0,0,0,0,0,0
290834,2,1,1988,0,0,0,0,0,0,0,0,0,0
290835,0,1,1988,0,0,0,0,0,0,0,0,0,0
290835,1,1,1988,12,20,5,0,9,8,6,14,2,6
290836,1,1,1988,0,0,0,0,0,0,0,0,0,0
290837,1,1,1988,0,0,0,0,0,0,0,0,0,0
290837,2,1,1988,0,0,0,0,0,0,0,0,0,0
290838,0,1,1988,0,0,0,0,0,0,0,0,0,0
290838,1,1,1988,0,0,0,0,0,0,0,0,0,0
290839,0,1,1988,0,0,0,0,0,0,0,0,0,0
290839,1,1,1988,0,0,0,0,0,0,0,0,17,0
290840,1,1,1988,18,27,3,18,14,13,8,21,36,25
290841,1,1,1988,0,0,0,0,0,0,0,0,0,0
290841,2,1,1988,0,0,0,0,0,0,0,0,0,0
290842,1,1,1988,30,0,14,0,0,0,4,0,0,17
290843,1,1,1988,16,10,0,0,0,0,30,18,16,18
290844,1,1,1988,0,0,0,0,0,0,0,0,0,0
290845,1,1,1988,7,20,27,11,25,15,21,0,15,11
290846,1,1,1988,0,0,0,0,0,0,0,0,0,0
290847,1,1,1988,0,0,0,0,0,0,0,0,0,0
290847,2,1,1988,0,0,0,0,0,0,0,0,0,0
290848,1,1,1988,0,0,0,0,0,0,0,0,0,0
290849,1,1,1988,26,19,19,20,14,18,27,15,16,36
290849,2,1,1988,0,0,0,0,10,0,19,0,0,7
290850,1,1,1988,0,0,0,0,0,0,0,0,0,0
290851,1,1,1988,0,0,0,0,0,0,0,0,0,0
290851,2,1,1988,0,0,0,0,0,0,0,0,0,0
290851,3,1,1988,0,0,0,0,0,17,0,8,0,0
290851,4,1,1988,0,0,0,0,0,0,0,0,0,0
290852,1,1,1988,0,0,0,0,0,0,0,0,0,0
290853,1,1,1988,20,20,20,20,20,20,20,20,20,20
290854,1,1,1988,0,0,0,0,18,0,0,0,0,0
290854,2,1,1988,0,0,0,0,0,0,0,0,0,0
290855,1,1,1988,38,38,38,38,38,38,38,38,38,38
290856,1,1,1988,0,0,0,0,0,0,0,0,0,0
290856,2,1,1988,0,0,0,6,0,0,0,0,0,0
290857,1,1,1988,15,0,0,9,0,0,0,22,0,24
290858,1,1,1988,5,5,5,5,5,5,5,5,5,5
290859,1,1,1988,0,0,0,23,0,0,11,8,0,0
290859,2,1,1988,0,0,0,0,0,0,0,0,0,0
290860,1,1,1988,14,17,4,43,7,16,16,14,11,11
290860,2,1,1988,0,0,0,0,12,0,0,0,0,0
290861,1,1,1988,0,0,0,15,0,17,0,0,20,12
290861,2,1,1988,0,0,4,0,7,0,0,0,0,0
290862,1,1,1988,0,0,0,0,0,0,0,0,0,0
290863,1,1,1988,11,0,0,0,0,0,0,0,0,0
290863,2,1,1988,0,0,16,0,0,0,0,0,9,0
290863,3,1,1988,0,0,0,0,0,0,0,0,0,0
290864,1,1,1988,0,0,0,0,0,0,0,0,0,0
290864,2,1,1988,0,0,0,0,0,0,0,0,0,0
290865,1,1,1988,11,0,31,0,0,0,13,0,18,2
290866,1,1,1988,30,30,30,30,30,30,30,30,30,30
290866,2,1,1988,0,0,0,0,0,0,0,0,0,0
290867,1,1,1988,0,8,16,18,16,0,0,14,0,0
290868,1,1,1988,16,0,0,0,0,13,0,0,0,0
290868,2,1,1988,0,0,9,0,21,12,7,0,11,0
290869,1,1,1988,30,30,30,30,30,30,30,30,30,30
290870,1,1,1988,11,0,0,0,0,0,17,0,0,0
290870,2,1,1988,13,0,0,0,0,0,0,13,0,0
290870,3,1,1988,0,0,0,0,0,0,0,0,0,0
290870,4,1,1988,0,0,0,0,0,0,0,0,0,0
290871,1,1,1988,2,18,0,0,0,0,0,0,0,0
290871,2,1,1988,37,37,37,37,37,37,37,37,37,37
290872,1,1,1988,0,0,0,0,0,0,0,0,0,0
290872,2,1,1988,0,0,0,0,0,0,0,0,0,0
290872,3,1,1988,0,0,0,0,0,0,0,0,0,0
290873,1,1,1988,0,0,0,0,0,0,0,0,0,0
290873,2,1,1988,0,0,0,0,0,0,0,0,0,0
290874,1,1,1988,12,12,12,12,12,12,12,12,12,12
290875,1,1,1988,24,24,24,24,24,24,24,24,24,24
290876,1,1,1988,24,0,6,0,21,11,0,22,16,0
290876,2,1,1988,11,0,13,11,0,5,0,0,8,0
290877,0,1,1988,0,0,0,0,0,0,0,0,0,0
290877,1,1,1988,0,0,0,0,0,0,0,0,0,0
290878,1,1,1988,0,0,0,0,0,0,0,0,0,0
290879,1,1,1988,13,13,13,13,13,13,13,13,13,13
290880,1,1,1988,0,0,0,0,25,28,0,0,0,0
290881,1,1,1988,11,11,41,0,20,0,21,0,19,0
290881,2,1,1988,0,0,0,0,0,0,0,0,0,0
290882,1,1,1988,0,0,0,0,0,0,0,0,0,0
290882,2,1,1988,0,0,0,0,0,0,0,0,0,0
290883,1,1,1988,27,27,27,27,27,27,27,27,27,27
290884,0,1,1988,20,20,20,20,20,20,20,20,20,20
290884,1,1,1988,12,7,15,0,0,0,12,0,17,0
290885,1,1,1988,10,15,11,0,26,10,5,0,0,28
290885,2,1,1988,0,0,0,0,0,0,8,0,0,7
290886,1,1,1988,0,15,0,0,0,0,0,0,0,0
290886,2,1,1988,0,0,0,0,0,0,0,0,0,0
290887,1,1,1988,0,0,0,0,0,0,10,9,0,0
290887,2,1,1988,0,0,0,0,0,0,0,0,0,0
290888,1,1,1988,16,0,24,0,0,4,21,0,0,0
290888,2,1,1988,0,32,0,0,13,0,14,0,0,0
290889,1,1,1988,0,0,0,0,0,0,0,0,0,0
290889,2,1,1988,0,0,0,0,0,0,0,0,0,0
290890,1,1,1988,11,11,11,11,11,11,11,11,11,11
290891,1,1,1988,0,0,0,0,0,0,0,0,0,0
290891,2,1,1988,0,0,0,0,0,0,0,35,8,0
290892,1,1,1988,0,0,0,0,0,0,0,0,0,0
290892,2,1,1988,0,0,0,0,0,0,0,0,0,0
290893,1,1,1988,0,0,0,0,0,0,0,0,0,0
290893,2,1,1988,0,0,0,0,0,0,0,0,0,0
290894,1,1,1988,0,0,0,0,0,0,0,0,0,0
290894,2,1,1988,0,0,0,0,0,0,0,0,0,0
290895,1,1,1988,5,5,5,5,5,5,5,5,5,5
290896,1,1,1988,18,18,18,18,18,18,18,18,18,18
290897,1,1,1988,23,23,23,23,23,23,23,23,23,23
290897,2,1,1988,0,0,0,0,0,0,0,0,0,0
290898,0,1,1988,0,0,0,0,0,0,0,0,0,0
290898,1,1,1988,0,0,0,0,0,0,0,0,0,0
290899,0,1,1988,30,30,30,30,30,30,30,30,30,30
290899,1,1,1988,0,0,0,0,0,0,0,0,0,0
290900,1,1,1988,16,11,3,4,10,8,22,0,0,10
290901,0,1,1988,31,31,31,31,31,31,31,31,31,31
290901,1,1,1988,0,5,14,0,0,0,0,13,11,6
290902,1,1,1988,0,0,13,0,0,6,13,0,20,0
290902,2,1,1988,15,0,13,0,20,15,0,0,0,0
290903,1,1,1988,11,27,24,18,17,42,13,23,6,14
290904,1,1,1988,0,0,0,0,0,0,0,0,0,0
290904,2,1,1988,0,0,0,0,0,5,0,0,0,0
290905,1,1,1988,0,0,0,15,0,18,0,0,27,0
290906,1,1,1988,0,0,0,0,0,0,0,0,0,0
290906,2,1,1988,0,0,0,11,0,0,0,0,0,0
290907,1,1,1988,18,12,19,12,4,6,7,12,12,0
290907,2,1,1988,0,0,0,0,0,0,17,0,0,0
290908,1,1,1988,0,0,0,15,0,0,0,0,0,0
290909,1,1,1988,25,20,0,22,15,26,0,18,0,36
290910,1,1,1988,27,14,0,7,0,0,11,23,0,9
290910,2,1,1988,0,13,0,0,0,0,0,0,0,0
290911,0,1,1988,0,0,0,0,0,0,30,16,0,0
290911,1,1,1988,0,0,0,0,0,0,0,0,0,0
290912,0,1,1988,16,16,16,16,16,16,16,16,16,16
290912,1,1,1988,0,0,0,0,0,0,0,0,0,0
290913,1,1,1988,0,0,0,0,0,0,0,0,0,0
290913,2,1,1988,0,0,0,0,0,0,0,0,0,0
290914,1,1,1988,0,0,0,0,0,0,0,0,0,0
290915,0,1,1988,10,24,33,0,8,0,20,42,37,40
290915,1,1,1988,0,0,0,0,0,0,0,0,0,0
290915,2,1,1988,0,0,0,0,0,0,0,0,0,0
290915,3,1,1988,0,0,0,0,0,0,0,0,0,0
290915,4,1,1988,0,0,0,0,0,0,0,0,0,0
290915,5,1,1988,0,0,0,18,0,0,0,0,0,0
290915,6,1,1988,0,0,0,0,0,0,0,0,0,0
290916,1,1,1988,0,0,0,0,0,0,0,0,0,0
290917,1,1,1988,26,26,26,26,26,26,26,26,26,26
290918,1,1,1988,0,0,0,19,0,0,0,0,24,0
290918,2,1,1988,25,23,9,13,13,7,9,28,25,0
290919,1,1,1988,0,0,0,0,0,0,0,0,0,0
290919,2,1,1988,0,0,0,0,0,0,0,0,0,0
290920,1,1,1988,23,23,23,23,23,23,23,23,23,23
290921,1,1,1988,0,0,5,0,0,0,0,0,0,0
290921,2,1,1988,0,0,0,0,0,0,10,0,0,0
290922,1,1,1988,15,15,15,15,15,15,15,15,15,15
290923,1,1,1988,0,0,0,0,0,0,0,0,0,0
290923,2,1,1988,0,0,0,0,0,0,0,0,0,0
290924,1,1,1988,0,0,0,0,0,0,0,0,0,0
290924,2,1,1988,0,0,0,0,0,0,0,0,0,0
290925,1,1,1988,15,0,0,0,43,0,0,0,0,0
290926,1,1,1988,0,0,0,0,0,0,31,0,0,0
290927,0,1,1988,0,18,0,0,15,0,20,0,0,0
290927,1,1,1988,0,0,0,19,0,0,27,0,11,14
290928,1,1,1988,16,16,16,16,16,16,16,16,16,16
290928,2,1,1988,0,0,0,0,0,0,0,0,0,0
290929,1,1,1988,0,0,0,0,0,0,0,0,0,0
290930,1,1,1988,15,17,24,16,16,0,22,21,15,20
290931,1,1,1988,18,18,18,18,18,18,18,18,18,18
290932,1,1,1988,22,22,22,22,22,22,22,22,22,22
290933,1,1,1988,24,24,24,24,24,24,24,24,24,24
290934,1,1,1988,24,24,24,24,24,24,24,24,24,24
290934,2,1,1988,0,0,0,0,0,0,13,0,0,0
290935,1,1,1988,24,24,24,24,24,24,24,24,24,24
290936,1,1,1988,20,20,20,20,20,20,20,20,20,20
290937,1,1,1988,0,0,0,0,0,0,0,0,0,0
290937,2,1,1988,0,0,0,0,0,0,0,0,0,0
290938,1,1,1988,18,18,18,18,18,18,18,18,18,18
290939,1,1,1988,8,4,4,22,11,14,9,0,7,0
290939,2,1,1988,11,7,2,1,7,13,30,10,7,11
290940,1,1,1988,0,0,0,0,0,0,0,0,0,0
290940,2,1,1988,0,0,0,0,0,0,0,0,0,0
290940,3,1,1988,0,0,0,0,0,0,0,0,0,0
290940,4,1,1988,0,0,0,0,0,0,0,0,0,0
290941,0,1,1988,17,0,26,0,0,0,0,12,10,42
290941,1,1,1988,0,0,0,0,0,0,0,0,0,0
290942,0,1,1988,0,0,34,0,0,0,0,0,0,0
290942,1,1,1988,0,0,0,0,0,0,0,0,0,13
290943,1,1,1988,0,0,0,0,0,0,0,0,0,0
290944,1,1,1988,0,0,0,23,0,7,15,0,0,0
290944,2,1,1988,0,0,0,0,0,0,0,0,0,0
290944,3,1,1988,7,0,0,0,0,16,0,0,0,0
290944,4,1,1988,0,0,0,0,0,0,13,0,0,0
290945,0,1,1988,0,0,4,0,0,0,7,20,0,0
290945,1,1,1988,0,0,0,0,0,0,18,0,0,0
290946,1,1,1988,24,24,24,24,24,24,24,24,24,24
290947,1,1,1988,20,20,20,20,20,20,20,20,20,20
290948,1,1,1988,14,16,22,9,0,8,8,14,16,23
290949,1,1,1988,12,6,6,3,19,14,0,12,19,15
290949,2,1,1988,0,0,8,10,12,14,11,20,0,0
290950,0,1,1988,28,0,0,0,0,0,0,0,23,0
290950,1,1,1988,11,14,8,0,7,0,0,0,0,28
290951,0,1,1988,27,0,0,0,0,0,9,0,0,0
290951,1,1,1988,0,0,0,0,0,0,0,0,0,0
290952,1,1,1988,0,0,0,0,0,0,0,0,0,0
290952,2,1,1988,0,0,0,0,0,0,0,0,0,0
290952,3,1,1988,0,0,0,0,0,0,0,0,0,0
290953,1,1,1988,0,0,0,0,0,0,0,0,0,0
290953,2,1,1988,0,0,0,0,0,0,0,0,0,0
290954,0,1,1988,0,0,0,0,0,0,0,0,0,0
290954,1,1,1988,0,0,0,0,0,0,0,0,0,11
290955,1,1,1988,14,6,16,6,15,18,0,0,20,25
290956,1,1,1988,4,0,0,0,39,0,30,0,0,35
290956,2,1,1988,0,0,0,0,0,0,0,13,0,0
290957,1,1,1988,19,35,10,12,16,20,13,21,12,4
290958,1,1,1988,6,12,10,4,13,17,17,12,13,30
290958,2,1,1988,0,0,0,0,10,19,0,15,0,0
290959,1,1,1988,19,7,18,36,35,7,19,14,0,30
290960,1,1,1988,5,5,5,5,5,5,5,5,5,5
290960,2,1,1988,0,0,0,0,0,0,0,0,0,0
290961,1,1,1988,0,0,0,0,0,0,0,0,0,0
290961,2,1,1988,0,19,0,0,0,0,0,0,0,0
290962,0,1,1988,0,0,0,0,0,0,0,0,16,8
290962,1,1,1988,23,0,0,0,0,0,0,0,0,0
290963,1,1,1988,0,0,0,0,0,10,0,0,0,0
290963,2,1,1988,0,0,0,0,0,0,0,0,0,0
290964,1,1,1988,15,15,15,15,15,15,15,15,15,15
290965,1,1,1988,0,0,6,0,0,0,12,0,0,0
290966,1,1,1988,12,12,12,12,12,12,12,12,12,12
290966,2,1,1988,0,0,0,0,0,0,0,0,13,16
290967,0,1,1988,0,22,22,0,0,0,0,20,29,14
290967,1,1,1988,0,0,0,0,0,0,0,0,0,0
290968,1,1,1988,0,0,0,0,10,0,0,0,0,0
290970,1,1,1988,0,0,0,0,0,0,0,0,0,0
290970,2,1,1988,0,0,0,0,14,0,0,0,0,0
290970,3,1,1988,0,0,0,0,0,0,0,0,0,0
290971,1,1,1988,0,0,0,0,0,0,0,0,0,0
290971,2,1,1988,0,11,0,0,0,0,0,0,0,0
290972,1,1,1988,0,0,0,0,0,6,0,4,0,0
290972,2,1,1988,9,0,0,0,0,0,0,0,0,0
290973,1,1,1988,0,7,14,0,0,0,0,0,0,0
290974,1,1,1988,0,14,0,0,0,0,0,0,0,0
290975,1,1,1988,0,0,0,0,0,0,0,0,0,0
290975,2,1,1988,0,0,0,0,0,0,0,0,0,0
290976,1,1,1988,0,0,0,0,0,0,0,0,0,0
290976,2,1,1988,0,6,0,7,0,27,0,0,0,0
290977,1,1,1988,0,0,0,0,0,0,0,0,0,0
290977,2,1,1988,0,0,0,2,11,3,0,0,0,0
290978,1,1,1988,0,3,20,5,0,14,0,0,0,0
290979,1,1,1988,21,10,26,15,0,17,21,0,12,0
290980,1,1,1988,0,13,16,14,14,19,28,11,0,28
290981,1,1,1988,13,13,13,13,13,13,13,13,13,13
290982,1,1,1988,0,0,0,11,0,7,0,11,12,0
290983,0,1,1988,23,23,23,23,23,23,23,23,23,23
290983,1,1,1988,18,14,0,22,8,0,12,13,11,0
290984,1,1,1988,11,3,8,0,0,8,0,0,0,0
290984,2,1,1988,15,15,15,15,15,15,15,15,15,15
290985,1,1,1988,0,0,0,0,0,0,0,0,0,23
290986,1,1,1988,0,0,0,0,0,0,0,0,0,0
290986,2,1,1988,0,0,0,0,0,0,0,0,0,0
290987,0,1,1988,0,0,0,0,0,0,0,0,0,0
290987,1,1,1988,0,0,16,0,0,0,0,0,0,0
290988,0,1,1988,0,0,0,0,0,0,0,0,0,0
290988,1,1,1988,0,0,0,0,0,0,0,0,0,0
290989,1,1,1988,4,0,0,0,0,0,0,0,0,0
290990,1,1,1988,0,0,0,0,0,23,21,0,2,0
300001,1,1,1988,0,0,0,0,0,0,0,0,0,0
300001,2,1,1988,0,0,0,0,0,0,0,0,0,0
300002,1,1,1988,25,25,25,25,25,25,25,25,25,25
300003,1,1,1988,0,0,0,0,0,0,0,0,0,0
300003,2,1,1988,0,0,0,0,0,0,0,0,0,0
300004,1,1,1988,33,33,33,33,33,33,33,33,33,33
300005,1,1,1988,17,17,17,17,17,17,17,17,17,17
300006,1,1,1988,14,14,14,14,14,14,14,14,14,14
300006,2,1,1988,11,11,11,11,11,11,11,11,11,11
300008,1,1,1988,0,0,0,0,0,0,0,0,0,0
300008,2,1,1988,0,0,0,0,0,0,0,0,0,0
300009,1,1,1988,33,33,33,33,33,33,33,33,33,33
300010,1,1,1988,2,2,2,2,2,2,2,2,2,2
300011,1,1,1988,0,0,0,0,0,0,0,0,0,0
300012,1,1,1988,0,0,0,0,0,0,0,0,0,0
300012,2,1,1988,29,29,29,29,29,29,29,29,29,29
300013,1,1,1988,0,0,0,0,0,0,0,0,0,0
300014,1,1,1988,0,0,0,8,0,0,0,0,0,0
300014,2,1,1988,0,0,22,0,0,0,0,0,0,0
300014,3,1,1988,14,0,0,0,0,0,0,0,0,0
300015,1,1,1988,7,0,0,0,0,17,0,0,0,0
300016,1,1,1988,23,23,23,23,23,23,23,23,23,23
300017,1,1,1988,16,16,16,16,16,16,16,16,16,16
300018,1,1,1988,18,18,18,18,18,18,18,18,18,18
300019,1,1,1988,32,32,32,32,32,32,32,32,32,32
300020,1,1,1988,20,20,20,20,20,20,20,20,20,20
300021,1,1,1988,0,0,0,0,0,0,0,0,0,0
300021,2,1,1988,0,0,0,0,0,0,0,0,0,0
300022,1,1,1988,24,24,24,24,24,24,24,24,24,24
300023,1,1,1988,0,0,0,0,0,0,0,0,0,0
300023,2,1,1988,31,31,31,31,31,31,31,31,31,31
300024,1,1,1988,21,21,21,21,21,21,21,21,21,21
300025,0,1,1988,0,0,0,0,0,0,0,0,0,0
300025,1,1,1988,0,0,0,0,0,0,0,0,0,0
300026,1,1,1988,27,27,27,27,27,27,27,27,27,27
300027,1,1,1988,24,24,24,24,24,24,24,24,24,24
300028,1,1,1988,0,0,0,0,0,0,0,0,0,0
300028,2,1,1988,0,0,0,0,0,0,0,0,0,0
300029,1,1,1988,23,23,23,23,23,23,23,23,23,23
300029,2,1,1988,0,0,0,3,0,0,0,0,0,0
300030,0,1,1988,0,0,0,0,0,0,0,0,0,0
300030,1,1,1988,0,0,0,0,0,0,0,0,0,0
300031,1,1,1988,0,0,0,0,0,0,0,0,0,0
300032,1,1,1988,11,11,11,11,11,11,11,11,11,11
300033,1,1,1988,33,33,33,33,33,33,33,33,33,33
300034,1,1,1988,21,21,21,21,21,21,21,21,21,21
300035,1,1,1988,18,11,24,21,31,20,6,15,23,12
300036,1,1,1988,17,17,17,17,17,17,17,17,17,17
300037,1,1,1988,24,24,24,24,24,24,24,24,24,24
300038,1,1,1988,0,0,0,0,0,0,0,0,0,0
300039,1,1,1988,26,26,26,26,26,26,26,26,26,26
300040,1,1,1988,0,0,0,0,0,0,0,0,0,0
300040,2,1,1988,0,0,0,0,0,0,0,0,0,0
300040,3,1,1988,0,0,0,0,0,0,0,0,0,0
300041,1,1,1988,25,25,25,25,25,25,25,25,25,25
300042,1,1,1988,26,26,26,26,26,26,26,26,26,26
300043,1,1,1988,12,12,12,12,12,12,12,12,12,12
300043,2,1,1988,0,0,0,0,0,0,0,0,0,0
300044,1,1,1988,0,0,0,0,0,0,0,0,0,0
300045,1,1,1988,0,0,0,0,0,0,0,0,0,0
300045,2,1,1988,0,0,0,0,0,0,0,0,0,0
300046,0,1,1988,0,0,0,0,0,0,0,0,25,0
300046,1,1,1988,0,0,0,0,0,0,0,0,0,0
300047,1,1,1988,12,12,12,12,12,12,12,12,12,12
300048,1,1,1988,30,30,30,30,30,30,30,30,30,30
300049,0,1,1988,13,9,16,0,11,30,43,16,42,31
300049,1,1,1988,0,0,0,0,0,0,0,0,0,0
300050,1,1,1988,4,4,4,4,4,4,4,4,4,4
300051,1,1,1988,0,0,0,0,0,0,0,0,0,0
300052,1,1,1988,0,0,0,0,0,0,0,0,0,0
300052,2,1,1988,24,24,24,24,24,24,24,24,24,24
300053,1,1,1988,3,3,3,3,3,3,3,3,3,3
300054,0,1,1988,17,17,17,17,17,17,17,17,17,17
300054,1,1,1988,0,0,0,0,0,0,0,0,0,0
300055,1,1,1988,1,1,1,1,1,1,1,1,1,1
300056,1,1,1988,0,0,0,0,0,0,0,0,0,0
300056,2,1,1988,0,0,0,0,0,0,0,0,0,0
300057,0,1,1988,0,0,0,0,0,0,0,0,0,0
300057,1,1,1988,0,0,0,0,0,0,0,0,0,0
300058,0,1,1988,0,0,0,0,0,0,0,0,0,0
300058,1,1,1988,0,0,0,0,0,0,0,0,0,0
300059,1,1,1988,17,17,17,17,17,17,17,17,17,17
300060,1,1,1988,0,0,0,0,0,0,0,0,0,0
300061,1,1,1988,15,15,15,15,15,15,15,15,15,15
300062,1,1,1988,0,0,0,0,0,0,0,0,0,0
300063,1,1,1988,17,0,0,0,0,0,0,0,0,14
300064,1,1,1988,20,20,20,20,20,20,20,20,20,20
300065,1,1,1988,0,0,0,0,23,8,0,0,21,0
300066,1,1,1988,0,0,0,0,0,0,4,0,0,0
300067,1,1,1988,29,29,29,29,29,29,29,29,29,29
300068,1,1,1988,0,0,0,0,0,0,0,0,0,0
300068,2,1,1988,0,0,0,0,0,0,0,0,0,0
300069,1,1,1988,0,0,0,0,0,0,0,0,0,0
300070,1,1,1988,27,27,27,27,27,27,27,27,27,27
300071,1,1,1988,15,15,15,15,15,15,15,15,15,15
300072,1,1,1988,0,0,0,0,0,0,0,0,0,0
300073,1,1,1988,32,32,32,32,32,32,32,32,32,32
300074,1,1,1988,14,9,25,17,18,6,19,17,25,35
300075,1,1,1988,7,7,7,7,7,7,7,7,7,7
300076,1,1,1988,16,16,16,16,16,16,16,16,16,16
300077,1,1,1988,0,0,3,0,0,0,0,0,0,0
300078,1,1,1988,0,0,0,0,0,0,0,0,0,0
300078,2,1,1988,29,29,29,29,29,29,29,29,29,29
300079,1,1,1988,26,26,26,26,26,26,26,26,26,26
300080,1,1,1988,0,0,0,0,0,0,0,0,0,0
300081,1,1,1988,22,22,22,22,22,22,22,22,22,22
300082,1,1,1988,25,25,25,25,25,25,25,25,25,25
300082,2,1,1988,0,0,0,0,0,0,0,0,0,0
300083,1,1,1988,18,18,18,18,18,18,18,18,18,18
300083,2,1,1988,0,0,0,0,0,0,0,0,0,0
300084,0,1,1988,12,12,12,12,12,12,12,12,12,12
300084,1,1,1988,8,8,8,8,8,8,8,8,8,8
300085,1,1,1988,0,0,0,0,0,0,0,0,0,0
300085,2,1,1988,0,0,0,8,0,0,0,0,0,0
300086,1,1,1988,2,2,2,2,2,2,2,2,2,2
300087,1,1,1988,0,0,0,0,0,0,0,0,0,0
300087,2,1,1988,0,0,0,0,0,0,0,0,0,0
300088,1,1,1988,21,21,21,21,21,21,21,21,21,21
300089,0,1,1988,17,17,17,17,17,17,17,17,17,17
300089,1,1,1988,0,0,0,0,0,0,0,0,0,0
300090,1,1,1988,0,0,0,0,0,0,0,0,0,0
300091,1,1,1988,1,1,1,1,1,1,1,1,1,1
300092,0,1,1988,0,0,0,0,0,0,0,0,0,0
300092,1,1,1988,0,0,0,0,0,0,0,0,0,0
300093,1,1,1988,10,10,10,10,10,10,10,10,10,10
300093,2,1,1988,15,15,15,15,15,15,15,15,15,15
300093,3,1,1988,10,10,10,10,10,10,10,10,10,10
300094,1,1,1988,18,18,18,18,18,18,18,18,18,18
300095,1,1,1988,0,0,0,0,0,0,0,0,0,29
300096,1,1,1988,0,0,0,0,0,0,0,0,0,0
300097,1,1,1988,0,18,0,0,0,0,0,0,0,0
300097,2,1,1988,0,0,0,0,0,0,0,0,0,0
300098,1,1,1988,0,0,16,0,9,0,0,0,0,0
300099,1,1,1988,0,0,0,0,0,0,0,0,0,0
300099,2,1,1988,0,0,0,0,0,0,0,0,0,0
300099,3,1,1988,0,0,0,0,0,0,0,0,0,0
300099,4,1,1988,0,0,0,0,0,0,0,0,0,0
300100,0,1,1988,28,28,28,28,28,28,28,28,28,28
300100,1,1,1988,12,8,11,8,0,0,16,11,17,2
300101,1,1,1988,20,20,20,20,20,20,20,20,20,20
300102,1,1,1988,21,21,21,21,21,21,21,21,21,21
300103,1,1,1988,0,0,0,0,0,18,0,0,0,0
300104,1,1,1988,29,29,29,29,29,29,29,29,29,29
300105,1,1,1988,11,11,11,11,11,11,11,11,11,11
300105,2,1,1988,0,0,0,0,0,0,0,0,0,0
300106,1,1,1988,0,0,0,0,0,0,0,0,0,0
300106,2,1,1988,0,0,0,0,0,0,0,0,0,0
300107,1,1,1988,21,21,21,21,21,21,21,21,21,21
300107,2,1,1988,0,0,0,0,0,0,0,0,0,0
300108,1,1,1988,0,0,0,0,0,0,0,0,0,0
300108,2,1,1988,0,0,0,0,0,0,0,0,0,0
300109,1,1,1988,11,11,11,11,11,11,11,11,11,11
300110,1,1,1988,0,0,0,0,0,0,0,0,0,0
300111,1,1,1988,16,16,16,16,16,16,16,16,16,16
300112,1,1,1988,7,7,7,7,7,7,7,7,7,7
300113,1,1,1988,0,0,0,0,0,0,0,0,0,0
300113,2,1,1988,0,0,0,0,0,0,0,0,19,0
300114,1,1,1988,23,23,23,23,23,23,23,23,23,23
300115,1,1,1988,0,0,0,0,0,0,0,0,0,0
300116,1,1,1988,37,37,37,37,37,37,37,37,37,37
300117,1,1,1988,12,12,12,12,12,12,12,12,12,12
300118,1,1,1988,25,25,25,25,25,25,25,25,25,25
300119,1,1,1988,0,0,0,0,0,0,0,0,0,0
300120,1,1,1988,1,1,1,1,1,1,1,1,1,1