ST_CASE,VEH_NO,PER_NO,YEAR,P1,P2,P3,P4,P5,P6,P7,P8,P9,P10
300121,0,1,1988,10,12,0,0,15,0,0,0,0,0
300121,1,1,1988,0,0,0,0,0,0,0,0,0,0
300122,1,1,1988,12,12,12,12,12,12,12,12,12,12
300123,1,1,1988,25,25,25,25,25,25,25,25,25,25
300124,1,1,1988,21,21,21,21,21,21,21,21,21,21
300125,1,1,1988,7,7,7,7,7,7,7,7,7,7
300126,1,1,1988,0,0,0,0,0,0,0,0,0,0
300126,2,1,1988,0,0,0,0,0,0,7,0,13,0
300127,1,1,1988,0,0,0,0,0,0,0,0,0,0
300128,1,1,1988,18,18,18,18,18,18,18,18,18,18
300129,1,1,1988,17,17,26,14,16,26,0,3,9,20
300130,1,1,1988,24,24,24,24,24,24,24,24,24,24
300130,2,1,1988,0,0,0,0,0,0,0,0,0,0
300131,1,1,1988,21,21,21,21,21,21,21,21,21,21
300131,2,1,1988,0,0,0,0,0,0,0,0,0,0
300132,1,1,1988,0,0,0,0,0,0,0,0,0,0
300132,2,1,1988,0,0,0,0,0,0,0,0,0,0
300133,1,1,1988,21,14,0,19,0,0,9,0,0,18
300134,1,1,1988,12,12,12,12,12,12,12,12,12,12
300135,1,1,1988,0,0,0,0,0,0,0,0,0,0
300135,2,1,1988,0,0,0,0,0,0,0,0,0,0
300136,1,1,1988,10,10,10,10,10,10,10,10,10,10
300137,1,1,1988,24,24,24,24,24,24,24,24,24,24
300138,1,1,1988,1,1,1,1,1,1,1,1,1,1
300139,1,1,1988,23,0,0,0,0,0,0,0,0,0
300139,2,1,1988,26,26,26,26,26,26,26,26,26,26
300140,0,1,1988,0,0,0,0,0,0,0,0,0,0
300140,1,1,1988,12,12,12,12,12,12,12,12,12,12
300141,1,1,1988,0,0,0,0,0,0,0,0,0,0
300141,2,1,1988,0,0,0,0,0,0,0,0,0,0
300141,3,1,1988,0,0,0,0,0,0,0,0,0,0
300142,1,1,1988,0,0,0,0,0,0,0,0,0,0
300142,2,1,1988,0,0,0,0,0,0,0,0,0,0
300143,1,1,1988,1,1,1,1,1,1,1,1,1,1
300144,1,1,1988,14,14,14,14,14,14,14,14,14,14
300144,2,1,1988,0,0,0,0,0,0,0,0,0,0
300145,1,1,1988,0,0,0,0,0,0,18,0,0,0
300145,2,1,1988,0,0,0,29,0,0,0,0,0,0
300146,1,1,1988,21,21,21,21,21,21,21,21,21,21
300147,1,1,1988,0,0,0,0,0,0,0,0,0,0
300148,1,1,1988,0,0,0,0,0,0,0,0,0,0
300148,2,1,1988,0,0,0,0,0,0,0,0,0,0
300149,0,1,1988,0,0,0,0,0,0,0,0,0,0
300149,1,1,1988,0,0,0,0,0,0,0,0,0,0
300150,1,1,1988,0,0,0,0,0,0,0,0,0,0
300151,1,1,1988,19,19,19,19,19,19,19,19,19,19
300152,1,1,1988,19,19,19,19,19,19,19,19,19,19
300153,1,1,1988,10,10,10,10,10,10,10,10,10,10
300154,1,1,1988,27,27,27,27,27,27,27,27,27,27
300155,1,1,1988,0,0,0,0,0,0,0,0,0,0
300155,2,1,1988,0,0,0,0,0,0,0,0,0,0
300156,1,1,1988,0,0,0,0,0,0,0,0,0,0
300157,1,1,1988,13,13,13,13,13,13,13,13,13,13
300158,0,1,1988,16,16,16,16,16,16,16,16,16,16
300158,1,1,1988,0,0,0,0,0,0,0,0,0,0
300159,0,1,1988,13,13,13,13,13,13,13,13,13,13
300159,1,1,1988,0,0,0,0,0,0,0,0,0,0
300160,1,1,1988,16,16,16,16,16,16,16,16,16,16
300161,1,1,1988,18,0,23,0,0,0,0,0,30,0
300162,1,1,1988,0,0,0,0,0,0,0,0,0,0
300162,2,1,1988,0,0,0,0,0,0,0,0,0,0
300163,1,1,1988,0,0,0,0,0,0,0,0,0,0
300163,2,1,1988,0,0,0,0,0,0,0,0,0,0
300164,1,1,1988,0,0,0,0,0,0,0,0,0,0
300165,0,1,1988,0,16,0,5,0,25,0,0,7,3
300165,1,1,1988,15,15,15,15,15,15,15,15,15,15
300166,1,1,1988,0,0,0,0,0,0,0,0,0,10
300166,2,1,1988,0,0,9,0,0,0,0,0,0,0
300167,1,1,1988,14,22,0,32,9,0,0,0,0,0
300168,0,1,1988,22,22,22,22,22,22,22,22,22,22
300168,1,1,1988,0,0,0,0,0,0,0,0,0,0
300169,1,1,1988,0,0,0,0,0,0,0,0,0,0
300170,1,1,1988,21,21,21,21,21,21,21,21,21,21
300171,1,1,1988,0,20,0,0,0,10,0,0,0,0
300171,2,1,1988,0,0,0,0,0,0,0,0,0,0
300171,3,1,1988,0,0,0,0,0,0,0,0,0,0
300172,1,1,1988,33,33,33,33,33,33,33,33,33,33
300173,1,1,1988,0,0,0,0,0,0,0,0,0,0
300174,1,1,1988,28,28,28,28,28,28,28,28,28,28
300175,1,1,1988,0,0,0,0,0,0,0,0,0,0
300175,2,1,1988,0,14,0,0,0,0,0,0,0,0
300175,3,1,1988,0,0,0,0,0,0,0,0,0,0
300176,1,1,1988,12,35,15,21,18,7,54,16,30,22
300177,1,1,1988,21,0,0,0,0,0,24,0,25,34
300178,1,1,1988,0,0,0,0,0,0,0,0,0,0
300179,0,1,1988,0,0,0,0,0,0,0,0,0,0
300179,1,1,1988,0,0,0,0,0,0,0,0,0,12
300180,1,1,1988,0,0,0,0,0,0,0,0,0,0
300180,2,1,1988,0,0,0,0,0,0,0,0,0,0
300181,1,1,1988,0,0,0,0,0,0,0,0,0,0
300181,2,1,1988,0,0,0,0,0,0,0,0,0,0
300182,0,1,1988,26,26,26,26,26,26,26,26,26,26
300182,1,1,1988,0,27,0,0,0,0,0,0,0,0
300184,1,1,1988,36,36,36,36,36,36,36,36,36,36
300185,1,1,1988,0,0,0,0,0,0,0,0,0,0
300185,2,1,1988,0,0,0,0,0,0,0,0,0,0
310001,1,1,1988,8,8,8,8,8,8,8,8,8,8
310001,2,1,1988,0,0,0,0,0,0,0,0,0,0
310002,1,1,1988,0,0,0,0,0,0,0,0,0,0
310003,1,1,1988,20,20,20,20,20,20,20,20,20,20
310004,1,1,1988,0,0,0,0,0,0,0,0,0,0
310005,1,1,1988,0,0,0,0,0,0,0,0,0,0
310005,2,1,1988,0,0,0,0,0,0,0,0,0,0
310006,1,1,1988,8,8,8,8,8,8,8,8,8,8
310007,1,1,1988,6,6,6,6,6,6,6,6,6,6
310007,2,1,1988,0,0,0,0,0,0,0,0,0,0
310008,1,1,1988,0,0,0,0,0,0,0,0,0,0
310008,2,1,1988,0,0,0,0,0,0,0,0,0,0
310009,1,1,1988,18,18,18,18,18,18,18,18,18,18
310010,1,1,1988,0,0,0,0,0,0,0,0,0,10
310010,2,1,1988,0,0,0,0,0,0,0,0,0,0
310011,1,1,1988,0,0,0,0,0,0,9,0,0,0
310011,2,1,1988,19,12,9,0,22,0,0,7,12,14
310012,1,1,1988,0,0,0,0,0,0,0,0,0,0
310013,1,1,1988,1,1,1,1,1,1,1,1,1,1
310013,2,1,1988,1,1,1,1,1,1,1,1,1,1
310014,1,1,1988,24,24,24,24,24,24,24,24,24,24
310015,1,1,1988,0,0,0,0,0,0,32,0,0,0
310015,2,1,1988,0,21,7,0,0,0,0,0,0,0
310016,1,1,1988,0,0,0,0,0,0,0,0,0,0
310016,2,1,1988,0,0,0,0,0,0,0,0,0,0
310017,1,1,1988,0,0,0,0,0,0,0,0,0,0
310017,2,1,1988,0,0,0,0,0,0,0,0,0,0
310018,1,1,1988,0,0,0,0,0,0,0,0,0,0
310018,2,1,1988,26,26,26,26,26,26,26,26,26,26
310019,1,1,1988,0,0,0,0,0,0,0,0,0,0
310019,2,1,1988,0,0,0,0,0,0,0,0,0,0
310020,1,1,1988,13,13,13,13,13,13,13,13,13,13
310020,2,1,1988,0,0,0,0,0,0,0,0,0,0
310021,1,1,1988,15,18,24,16,14,11,19,13,0,21
310022,1,1,1988,0,0,0,0,0,0,0,0,0,0
310023,0,1,1988,0,0,0,0,0,0,0,0,0,0
310023,1,1,1988,0,0,0,0,0,0,0,0,0,0
310024,1,1,1988,0,0,0,0,0,0,0,0,0,0
310024,2,1,1988,14,14,14,14,14,14,14,14,14,14
310025,1,1,1988,37,37,37,37,37,37,37,37,37,37
310026,1,1,1988,0,0,0,0,0,0,0,0,0,0
310027,1,1,1988,12,12,12,12,12,12,12,12,12,12
310028,1,1,1988,12,12,12,12,12,12,12,12,12,12
310030,1,1,1988,10,10,10,10,10,10,10,10,10,10
310030,2,1,1988,0,0,0,0,0,0,0,0,0,0
310031,1,1,1988,0,0,0,0,0,0,0,0,0,0
310032,0,1,1988,29,32,16,14,33,0,8,24,16,24
310032,1,1,1988,0,0,0,0,0,14,0,0,0,0
310033,1,1,1988,0,0,0,0,0,0,0,0,0,0
310033,2,1,1988,0,0,0,0,0,0,0,0,0,0
310033,3,1,1988,0,0,0,0,0,0,0,0,0,0
310034,1,1,1988,0,0,0,0,0,0,0,0,0,0
310034,2,1,1988,0,0,0,0,0,0,0,0,0,0
310035,0,1,1988,21,21,21,21,21,21,21,21,21,21
310035,0,2,1988,24,24,24,24,24,24,24,24,24,24
310035,1,1,1988,0,0,0,0,0,0,0,0,0,0
310035,2,1,1988,0,0,0,0,0,0,0,0,0,0
310036,1,1,1988,0,0,0,0,0,0,0,0,0,16
310036,2,1,1988,0,0,0,0,0,23,0,0,0,0
310037,1,1,1988,15,15,8,10,11,10,29,16,10,14
310037,2,1,1988,0,0,0,0,0,0,19,0,13,0
310038,1,1,1988,0,0,0,0,0,0,0,0,0,0
310038,2,1,1988,0,0,0,0,0,0,0,0,0,0
310039,1,1,1988,0,0,0,0,0,0,0,0,0,0
310039,2,1,1988,0,0,0,0,0,0,0,0,0,0
310039,3,1,1988,1,1,1,1,1,1,1,1,1,1
310039,4,1,1988,0,0,0,0,0,0,0,0,0,0
310040,1,1,1988,0,0,0,0,0,0,0,0,0,0
310040,2,1,1988,0,0,0,0,0,0,0,0,0,0
310041,1,1,1988,20,20,20,20,20,20,20,20,20,20
310042,0,1,1988,0,0,0,0,0,0,0,0,0,0
310042,1,1,1988,0,0,0,0,0,0,0,0,0,0
310043,1,1,1988,0,0,0,0,0,0,0,0,0,0
310043,2,1,1988,21,21,21,21,21,21,21,21,21,21
310044,1,1,1988,0,0,0,0,0,0,0,0,0,0
310044,2,1,1988,0,0,0,0,0,0,0,0,0,0
310045,1,1,1988,33,33,33,33,33,33,33,33,33,33
310046,1,1,1988,12,12,12,12,12,12,12,12,12,12
310046,2,1,1988,0,0,0,0,0,0,0,0,0,0
310048,1,1,1988,0,0,0,0,0,0,0,0,0,0
310048,2,1,1988,0,0,0,0,0,0,0,0,0,0
310049,1,1,1988,16,8,19,13,11,7,6,0,14,24
310050,1,1,1988,18,18,18,18,18,18,18,18,18,18
310051,1,1,1988,20,20,20,20,20,20,20,20,20,20
310052,1,1,1988,20,20,20,20,20,20,20,20,20,20
310053,1,1,1988,6,6,6,6,6,6,6,6,6,6
310054,1,1,1988,9,9,9,9,9,9,9,9,9,9
310055,1,1,1988,0,0,0,0,0,0,0,0,0,0
310055,2,1,1988,0,0,0,0,0,0,0,0,0,0
310056,1,1,1988,0,0,0,0,0,0,0,0,0,0
310056,2,1,1988,0,0,0,0,0,0,0,0,0,0
310057,1,1,1988,0,0,0,0,0,0,0,0,0,0
310057,2,1,1988,0,0,0,0,0,25,0,0,0,28
310058,1,1,1988,0,0,0,0,0,0,0,0,0,0
310058,2,1,1988,27,27,27,27,27,27,27,27,27,27
310059,1,1,1988,28,28,28,28,28,28,28,28,28,28
310060,0,1,1988,33,33,33,33,33,33,33,33,33,33
310060,1,1,1988,21,9,11,0,0,20,5,21,19,7
310061,1,1,1988,17,17,17,17,17,17,17,17,17,17
310061,2,1,1988,0,0,0,0,0,0,0,0,0,0
310062,1,1,1988,0,0,0,0,0,0,0,0,0,0
310063,1,1,1988,20,20,20,20,20,20,20,20,20,20
310064,1,1,1988,14,14,14,14,14,14,14,14,14,14
310065,1,1,1988,0,0,0,0,0,0,0,0,0,0
310065,2,1,1988,0,0,0,0,0,0,0,0,0,12
310065,3,1,1988,0,0,0,0,0,0,0,0,0,0
310065,4,1,1988,5,0,0,0,0,0,0,0,9,0
310066,1,1,1988,22,22,22,22,22,22,22,22,22,22
310067,1,1,1988,0,0,0,0,0,0,0,0,0,0
310067,2,1,1988,0,0,0,0,0,0,0,0,0,0
310068,1,1,1988,0,0,0,0,0,0,0,0,0,0
310069,1,1,1988,0,0,0,0,0,0,0,0,0,0
310069,2,1,1988,0,0,0,0,0,0,0,0,0,0
310070,1,1,1988,20,20,20,20,20,20,20,20,20,20
310072,1,1,1988,16,16,16,16,16,16,16,16,16,16
310073,1,1,1988,0,0,0,0,0,0,0,0,0,0
310073,2,1,1988,0,0,0,0,0,0,0,0,0,0
310073,3,1,1988,27,27,27,27,27,27,27,27,27,27
310074,1,1,1988,0,0,0,0,0,0,0,0,0,0
310074,2,1,1988,0,0,0,0,0,0,0,0,0,0
310075,1,1,1988,0,0,0,0,0,0,0,0,0,0
310075,2,1,1988,0,0,0,0,0,0,0,0,0,0
310076,0,1,1988,0,0,0,0,0,0,0,0,0,0
310076,1,1,1988,0,0,0,0,0,0,0,0,0,0
310077,0,1,1988,0,0,0,0,0,0,0,0,0,8
310077,1,1,1988,0,0,0,0,0,0,0,0,0,0
310077,2,1,1988,14,0,0,0,0,0,15,14,0,0
310078,1,1,1988,18,18,18,18,18,18,18,18,18,18
310079,1,1,1988,10,10,10,10,10,10,10,10,10,10
310079,2,1,1988,0,0,0,0,0,0,0,0,0,0
310080,0,1,1988,35,35,35,35,35,35,35,35,35,35
310080,1,1,1988,0,0,0,0,0,0,0,0,9,0
310081,1,1,1988,20,20,20,20,20,20,20,20,20,20
310082,1,1,1988,0,0,0,0,0,0,0,0,0,0
310082,2,1,1988,18,18,18,18,18,18,18,18,18,18
310083,1,1,1988,0,0,0,0,0,0,0,0,0,0
310084,1,1,1988,0,0,26,0,4,0,0,0,19,0
310084,2,1,1988,35,0,0,0,0,26,0,0,0,0
310085,1,1,1988,0,0,0,0,0,0,0,0,0,0
310086,1,1,1988,28,28,28,28,28,28,28,28,28,28
310087,0,1,1988,0,0,0,0,0,0,0,0,0,0
310087,1,1,1988,3,3,3,3,3,3,3,3,3,3
310088,1,1,1988,31,31,31,31,31,31,31,31,31,31
310089,1,1,1988,0,0,0,0,0,0,0,0,0,0
310089,2,1,1988,0,0,10,0,0,0,0,0,0,0
310090,1,1,1988,21,21,21,21,21,21,21,21,21,21
310090,2,1,1988,0,0,0,0,0,0,0,0,0,0
310090,3,1,1988,5,5,5,5,5,5,5,5,5,5
310091,1,1,1988,0,0,0,0,0,0,0,0,0,0
310092,1,1,1988,16,16,16,16,16,16,16,16,16,16
310093,1,1,1988,0,0,0,0,0,0,0,0,0,0
310093,2,1,1988,20,20,20,20,20,20,20,20,20,20
310094,1,1,1988,11,0,0,19,19,25,26,0,13,13
310095,1,1,1988,0,0,0,0,0,0,0,0,0,0
310096,1,1,1988,0,0,0,0,0,0,0,0,0,0
310096,2,1,1988,10,10,10,10,10,10,10,10,10,10
310097,1,1,1988,21,21,21,21,21,21,21,21,21,21
310098,1,1,1988,0,0,0,0,0,0,0,0,0,0
310098,2,1,1988,0,0,0,0,0,0,0,0,0,0
310099,1,1,1988,0,0,0,0,0,0,0,0,0,0
310099,2,1,1988,0,0,0,0,0,0,0,0,0,0
310100,1,1,1988,0,0,0,0,0,0,0,0,0,0
310100,2,1,1988,3,3,3,3,3,3,3,3,3,3
310101,1,1,1988,0,14,0,0,0,0,0,0,0,0
310101,2,1,1988,0,0,0,0,0,0,0,0,0,0
310102,1,1,1988,0,0,0,0,0,0,0,0,7,0
310102,2,1,1988,0,0,0,0,0,18,0,0,0,0
310104,1,1,1988,0,0,0,0,0,0,0,0,0,0
310104,2,1,1988,0,0,0,0,0,0,0,0,0,0
310106,1,1,1988,0,0,0,0,0,0,0,0,0,0
310108,1,1,1988,23,23,23,23,23,23,23,23,23,23
310109,1,1,1988,0,0,0,0,0,0,0,0,0,0
310110,1,1,1988,0,25,12,28,0,0,27,23,15,24
310111,1,1,1988,0,0,0,0,0,0,0,0,0,0
310111,2,1,1988,0,0,0,0,0,0,0,0,0,0
310112,1,1,1988,0,0,0,0,0,0,0,0,0,0
310112,2,1,1988,14,9,0,17,0,0,0,0,0,0
310113,0,1,1988,12,12,12,12,12,12,12,12,12,12
310113,0,2,1988,21,9,0,19,6,20,8,10,0,22
310113,1,1,1988,9,9,9,9,9,9,9,9,9,9
310114,1,1,1988,0,0,0,0,11,18,0,0,0,0
310115,1,1,1988,0,0,0,0,0,0,0,0,0,0
310115,2,1,1988,0,0,0,0,0,0,0,0,0,0
310116,1,1,1988,10,10,10,10,10,10,10,10,10,10
310117,1,1,1988,0,0,0,0,0,0,0,0,0,0
310118,1,1,1988,0,0,0,0,0,0,0,0,0,0
310119,1,1,1988,0,0,0,0,0,0,0,0,0,0
310120,1,1,1988,0,0,0,0,0,0,0,0,0,0
310122,0,1,1988,0,0,0,0,0,0,0,0,0,0
310122,1,1,1988,0,0,0,0,0,0,0,0,0,0
310123,1,1,1988,0,0,0,0,0,0,0,0,0,0
310124,1,1,1988,0,0,0,0,0,0,0,8,0,0
310124,2,1,1988,0,0,0,0,0,0,0,0,0,0
310125,1,1,1988,1,1,1,1,1,1,1,1,1,1
310125,2,1,1988,0,0,0,0,0,0,12,0,0,0
310125,3,1,1988,0,0,0,0,0,0,0,0,0,0
310125,4,1,1988,0,0,0,0,0,0,0,0,0,0
310126,1,1,1988,7,7,7,7,7,7,7,7,7,7
310126,2,1,1988,0,0,0,0,0,0,0,0,0,0
310127,1,1,1988,0,0,0,0,0,0,19,0,34,0
310127,2,1,1988,0,0,0,0,0,0,0,0,0,0
310128,1,1,1988,14,14,14,14,14,14,14,14,14,14
310129,1,1,1988,0,0,0,0,0,0,0,0,0,0
310129,2,1,1988,0,0,0,0,0,0,0,0,0,0
310130,1,1,1988,0,0,0,0,0,0,0,0,0,0
310130,2,1,1988,0,0,0,0,0,0,0,0,0,0
310131,1,1,1988,9,9,9,9,9,9,9,9,9,9
310131,2,1,1988,14,14,14,14,14,14,14,14,14,14
310132,1,1,1988,0,0,0,0,0,0,0,0,0,0
310133,1,1,1988,0,0,0,0,0,0,0,0,0,0
310133,2,1,1988,0,0,0,0,0,0,0,0,0,0
310134,1,1,1988,7,21,0,0,0,17,0,0,29,5
310135,1,1,1988,0,0,0,0,0,0,0,0,0,0
310135,2,1,1988,0,0,0,0,0,0,0,0,0,0
310136,1,1,1988,21,21,21,21,21,21,21,21,21,21
310137,1,1,1988,0,0,0,0,0,0,0,0,0,0
310138,1,1,1988,0,0,0,0,0,0,0,0,0,0
310139,1,1,1988,0,0,0,0,0,0,0,0,0,0
310139,2,1,1988,0,0,0,0,0,0,0,0,0,0
310140,1,1,1988,0,0,0,18,29,0,0,0,11,0
310141,1,1,1988,0,0,0,0,0,0,0,0,0,0
310142,1,1,1988,5,5,5,5,5,5,5,5,5,5
310143,1,1,1988,17,17,17,17,17,17,17,17,17,17
310143,2,1,1988,3,3,3,3,3,3,3,3,3,3
310144,1,1,1988,0,0,0,0,0,0,0,0,0,0
310144,2,1,1988,0,0,0,0,0,0,0,0,0,0
310145,1,1,1988,0,0,0,0,0,0,0,0,0,0
310145,2,1,1988,0,0,0,0,0,0,0,0,0,0
310146,0,1,1988,0,0,0,0,0,0,0,0,0,0
310146,1,1,1988,0,0,0,0,0,0,0,0,0,0
310147,1,1,1988,28,28,28,28,28,28,28,28,28,28
310148,1,1,1988,22,22,22,22,22,22,22,22,22,22
310149,1,1,1988,14,14,14,14,14,14,14,14,14,14
310150,1,1,1988,20,20,20,20,20,20,20,20,20,20
310151,0,1,1988,0,0,0,0,0,0,0,0,0,0
310151,1,1,1988,8,37,25,10,31,16,12,12,19,13
310152,1,1,1988,0,0,0,0,0,0,0,0,0,0
310152,2,1,1988,0,0,0,0,0,0,0,0,0,0
310153,1,1,1988,0,0,0,0,0,0,0,0,0,0
310153,2,1,1988,4,4,4,4,4,4,4,4,4,4
310154,1,1,1988,22,22,22,22,22,22,22,22,22,22
310155,1,1,1988,0,0,0,0,0,0,0,0,0,0
310156,1,1,1988,0,0,0,0,0,0,0,0,0,0
310156,2,1,1988,0,0,0,0,0,0,0,0,0,0
310157,1,1,1988,0,0,0,0,0,0,0,0,0,0
310158,1,1,1988,17,17,17,17,17,17,17,17,17,17
310159,1,1,1988,0,0,0,0,0,0,0,0,0,0
310159,2,1,1988,0,0,0,0,0,0,0,0,0,0
310160,1,1,1988,0,0,0,0,0,0,0,0,0,0
310160,2,1,1988,0,0,0,0,0,0,0,0,0,0
310161,1,1,1988,9,9,9,9,9,9,9,9,9,9
310161,2,1,1988,13,13,13,13,13,13,13,13,13,13
310162,1,1,1988,24,24,24,24,24,24,24,24,24,24
310163,1,1,1988,0,0,0,0,0,0,0,0,0,0
310164,1,1,1988,23,23,23,23,23,23,23,23,23,23
310164,2,1,1988,0,0,0,0,0,0,0,0,0,0
310165,0,1,1988,0,0,0,0,0,0,0,0,0,0
310165,1,1,1988,0,0,0,0,0,0,0,0,0,0
310166,1,1,1988,16,16,16,16,16,16,16,16,16,16
310168,0,1,1988,3,3,3,3,3,3,3,3,3,3
310168,1,1,1988,0,0,0,0,0,0,0,0,0,0
310169,0,1,1988,0,0,0,0,0,0,0,0,0,0
310169,1,1,1988,0,0,0,0,0,0,0,0,0,0
310170,1,1,1988,34,34,34,34,34,34,34,34,34,34
310170,2,1,1988,17,17,17,17,17,17,17,17,17,17
310171,1,1,1988,0,0,0,0,0,0,0,0,0,0
310172,1,1,1988,0,0,0,0,0,0,0,0,0,0
310172,2,1,1988,14,14,14,14,14,14,14,14,14,14
310173,1,1,1988,0,0,0,0,0,0,0,0,0,0
310173,2,1,1988,6,6,6,6,6,6,6,6,6,6
310174,1,1,1988,3,3,3,3,3,3,3,3,3,3
310175,1,1,1988,0,0,0,0,0,0,10,0,0,0
310175,2,1,1988,0,0,0,0,0,0,0,0,0,0
310176,1,1,1988,0,0,0,0,0,0,0,0,0,0
310177,1,1,1988,0,0,7,0,0,0,0,0,0,0
310177,2,1,1988,0,0,0,0,0,0,0,0,0,0
310178,1,1,1988,22,22,22,22,22,22,22,22,22,22
310179,1,1,1988,22,22,22,22,22,22,22,22,22,22
310180,1,1,1988,0,0,0,0,0,0,0,0,0,0
310181,1,1,1988,0,0,0,0,0,0,0,0,0,0
310181,2,1,1988,0,0,0,0,0,0,0,0,0,0
310182,1,1,1988,28,28,28,28,28,28,28,28,28,28
310183,1,1,1988,0,0,0,0,0,0,0,0,0,0
310184,0,1,1988,22,22,22,22,22,22,22,22,22,22
310184,1,1,1988,0,0,0,0,0,0,0,0,0,0
310185,1,1,1988,8,8,8,8,8,8,8,8,8,8
310186,1,1,1988,0,0,0,0,0,0,0,6,0,0
310186,2,1,1988,0,0,0,0,0,0,0,0,0,0
310187,1,1,1988,0,0,0,0,0,0,0,0,0,0
310188,0,1,1988,0,0,0,0,0,0,0,0,0,0
310188,1,1,1988,0,0,0,0,0,0,0,0,0,0
310189,1,1,1988,22,22,22,22,22,22,22,22,22,22
310190,1,1,1988,0,0,0,0,0,0,0,0,0,0
310190,2,1,1988,0,0,0,0,0,0,0,0,0,0
310191,1,1,1988,0,0,0,0,0,0,0,0,0,0
310192,0,1,1988,0,0,0,0,0,0,0,0,0,0
310192,1,1,1988,0,0,0,0,0,0,0,0,0,0
310193,1,1,1988,0,0,0,0,0,0,0,0,0,0
310193,2,1,1988,0,0,0,0,0,0,0,0,0,0
310194,1,1,1988,11,11,11,11,11,11,11,11,11,11
310194,2,1,1988,11,11,11,11,11,11,11,11,11,11
310195,0,2,1988,4,0,0,0,0,2,0,0,0,0
310195,1,1,1988,0,0,0,0,8,0,0,0,0,0
310196,1,1,1988,0,0,0,0,0,0,0,0,0,0
310197,1,1,1988,0,0,8,0,14,19,9,8,0,22
310198,1,1,1988,13,0,13,20,14,0,0,13,15,20
310199,1,1,1988,41,41,41,41,41,41,41,41,41,41
310199,2,1,1988,27,27,27,27,27,27,27,27,27,27
310200,1,1,1988,5,5,5,5,5,5,5,5,5,5
310201,1,1,1988,0,0,0,0,0,0,0,0,0,0
310201,2,1,1988,0,0,0,0,0,0,0,0,0,0
310202,1,1,1988,16,16,18,22,8,22,21,26,18,12
310203,1,1,1988,30,30,30,30,30,30,30,30,30,30
310204,0,1,1988,0,0,0,0,0,0,0,0,0,0
310204,1,1,1988,8,0,0,0,0,0,0,0,0,0
310205,1,1,1988,6,6,6,6,6,6,6,6,6,6
310206,1,1,1988,0,0,0,0,0,0,0,0,0,0
310207,1,1,1988,22,22,22,22,22,22,22,22,22,22
310208,0,1,1988,0,0,0,0,0,0,0,0,0,0
310208,1,1,1988,0,0,0,0,0,0,0,0,0,0
310209,1,1,1988,21,21,21,21,21,21,21,21,21,21
310210,1,1,1988,10,10,10,10,10,10,10,10,10,10
310212,1,1,1988,0,0,0,0,0,0,0,0,0,0
310213,1,1,1988,0,0,0,0,0,0,0,0,0,0
310214,1,1,1988,0,0,0,0,0,0,0,0,0,0
310214,2,1,1988,11,11,11,11,11,11,11,11,11,11
310215,0,1,1988,0,0,0,0,0,0,15,0,0,0
310215,1,1,1988,0,0,0,0,0,0,0,0,0,0
310216,1,1,1988,21,21,21,21,21,21,21,21,21,21
310217,1,1,1988,11,11,11,11,11,11,11,11,11,11
310218,1,1,1988,16,16,16,16,16,16,16,16,16,16
310219,0,1,1988,17,0,0,0,0,0,0,0,0,0
310219,1,1,1988,0,0,0,0,0,0,0,0,0,0
310220,1,1,1988,13,13,13,13,13,13,13,13,13,13
310221,1,1,1988,28,28,28,28,28,28,28,28,28,28
310222,1,1,1988,0,0,0,0,0,0,0,0,0,0
310222,2,1,1988,0,0,0,0,0,0,0,6,0,0
310223,1,1,1988,13,13,13,13,13,13,13,13,13,13
310224,1,1,1988,0,0,0,0,0,0,0,0,0,0
310224,2,1,1988,0,0,0,0,0,0,0,0,3,0
310224,3,1,1988,18,18,18,18,18,18,18,18,18,18
310225,1,1,1988,23,23,23,23,23,23,23,23,23,23
310226,1,1,1988,12,12,12,12,12,12,12,12,12,12
310227,1,1,1988,0,0,0,0,0,0,0,0,0,0
310228,1,1,1988,0,0,0,0,0,0,0,0,0,0
310228,2,1,1988,0,0,0,0,0,0,0,0,0,0
310229,1,1,1988,6,6,6,6,6,6,6,6,6,6
310230,1,1,1988,0,0,0,0,0,0,0,0,0,0
310230,2,1,1988,0,0,0,0,0,0,0,0,0,0
310232,1,1,1988,1,1,1,1,1,1,1,1,1,1
310233,0,1,1988,9,0,18,0,0,0,26,6,0,6
310233,1,1,1988,0,0,0,0,0,0,0,0,0,0
310234,1,1,1988,16,16,16,16,16,16,16,16,16,16
310235,1,1,1988,0,0,0,0,0,0,0,0,11,0
310236,1,1,1988,0,0,0,0,0,0,0,0,0,0
310236,2,1,1988,0,0,0,0,0,0,0,0,0,0
310239,0,1,1988,0,0,0,0,10,0,16,0,0,0
310239,1,1,1988,0,0,0,0,0,0,0,0,0,0
310240,1,1,1988,0,0,0,0,0,0,0,0,0,0
310241,1,1,1988,14,14,14,14,14,14,14,14,14,14
310241,2,1,1988,0,0,0,0,0,0,0,0,0,0
310242,1,1,1988,12,12,12,12,12,12,12,12,12,12
310243,1,1,1988,23,23,23,23,23,23,23,23,23,23
310244,1,1,1988,0,0,0,0,0,0,0,0,0,0
310244,2,1,1988,0,0,0,0,0,0,0,0,0,0