ST_CASE,VEH_NO,PER_NO,YEAR,P1,P2,P3,P4,P5,P6,P7,P8,P9,P10
310245,1,1,1988,0,0,0,0,0,0,0,0,0,0
310245,2,1,1988,18,16,8,23,0,16,24,0,11,14
310246,1,1,1988,0,0,0,0,0,0,0,0,0,0
320001,1,1,1988,13,13,13,13,13,13,13,13,13,13
320002,1,1,1988,0,0,0,0,0,0,0,0,0,0
320002,2,1,1988,8,8,8,8,8,8,8,8,8,8
320003,1,1,1988,30,30,30,30,30,30,30,30,30,30
320003,2,1,1988,0,0,0,0,0,0,0,0,0,0
320004,1,1,1988,0,0,12,0,0,0,0,0,0,27
320005,1,1,1988,32,32,32,32,32,32,32,32,32,32
320006,1,1,1988,18,18,18,18,18,18,18,18,18,18
320007,1,1,1988,0,0,0,0,0,0,0,0,0,0
320007,2,1,1988,0,0,0,0,0,0,0,0,0,0
320008,1,1,1988,24,24,24,24,24,24,24,24,24,24
320008,2,1,1988,14,0,0,9,0,0,0,0,0,0
320009,1,1,1988,0,0,0,0,0,0,0,0,0,0
320009,2,1,1988,0,0,0,0,0,0,0,0,0,0
320009,3,1,1988,0,0,0,0,0,0,0,0,0,0
320010,1,1,1988,0,0,0,0,0,0,0,0,0,0
320011,1,1,1988,0,0,0,0,0,0,0,0,0,0
320011,2,1,1988,0,0,0,0,0,0,0,0,0,0
320011,3,1,1988,0,0,14,0,0,0,13,13,9,0
320011,4,1,1988,0,0,6,0,0,0,0,0,0,0
320012,1,1,1988,0,0,0,0,0,0,0,0,0,0
320013,1,1,1988,21,22,21,22,9,23,12,0,18,15
320014,0,1,1988,28,28,28,28,28,28,28,28,28,28
320014,1,1,1988,0,0,0,0,0,0,0,0,0,0
320015,1,1,1988,18,18,18,18,18,18,18,18,18,18
320016,1,1,1988,0,0,0,0,0,0,0,0,0,0
320016,2,1,1988,20,20,20,20,20,20,20,20,20,20
320017,1,1,1988,0,0,0,0,0,0,0,0,70,0
320018,1,1,1988,0,0,0,0,0,0,0,0,0,0
320018,2,1,1988,0,0,0,0,0,0,0,0,0,0
320019,1,1,1988,0,0,0,0,0,0,0,0,0,0
320020,1,1,1988,0,0,0,0,0,0,0,0,0,0
320021,1,1,1988,8,8,8,8,8,8,8,8,8,8
320022,0,1,1988,0,0,0,0,0,0,0,0,0,0
320022,1,1,1988,15,15,15,15,15,15,15,15,15,15
320023,1,1,1988,0,0,0,0,0,0,0,0,0,0
320024,1,1,1988,0,0,0,0,0,0,0,0,0,0
320025,1,1,1988,15,15,15,15,15,15,15,15,15,15
320026,1,1,1988,0,0,0,0,0,0,0,0,0,0
320026,2,1,1988,0,0,0,0,0,0,0,0,0,0
320027,1,1,1988,0,8,0,0,0,0,11,8,0,0
320027,2,1,1988,0,0,0,0,0,0,0,0,0,0
320028,1,1,1988,16,16,16,16,16,16,16,16,16,16
320029,1,1,1988,7,7,7,7,7,7,7,7,7,7
320029,2,1,1988,0,0,0,0,0,0,0,0,0,0
320030,1,1,1988,0,0,0,0,0,0,0,0,0,0
320031,1,1,1988,6,6,6,6,6,6,6,6,6,6
320032,1,1,1988,0,0,0,0,0,0,0,0,0,0
320032,2,1,1988,10,10,10,10,10,10,10,10,10,10
320033,0,1,1988,0,0,0,0,0,0,0,0,0,0
320033,1,1,1988,0,0,0,0,0,0,0,0,0,0
320034,1,1,1988,9,9,9,9,9,9,9,9,9,9
320035,1,1,1988,4,4,4,4,4,4,4,4,4,4
320036,1,1,1988,8,8,8,8,8,8,8,8,8,8
320037,1,1,1988,16,16,16,16,16,16,16,16,16,16
320038,1,1,1988,0,0,0,0,0,0,0,0,0,0
320039,1,1,1988,7,7,7,7,7,7,7,7,7,7
320039,2,1,1988,18,12,14,6,13,5,14,18,7,0
320040,1,1,1988,0,0,0,0,0,0,0,0,0,0
320041,0,1,1988,0,0,0,0,0,0,0,0,0,0
320041,1,1,1988,0,0,0,0,0,23,13,0,0,0
320042,1,1,1988,12,12,12,12,12,12,12,12,12,12
320043,0,1,1988,11,11,11,11,11,11,11,11,11,11
320043,0,2,1988,22,22,22,22,22,22,22,22,22,22
320043,1,1,1988,0,0,0,0,0,0,0,0,0,0
320044,1,1,1988,12,12,12,12,12,12,12,12,12,12
320045,1,1,1988,0,0,0,0,0,0,0,0,0,0
320046,1,1,1988,21,21,21,21,21,21,21,21,21,21
320047,1,1,1988,22,22,22,22,22,22,22,22,22,22
320047,2,1,1988,0,0,0,0,0,0,0,0,0,0
320048,0,1,1988,0,0,0,0,0,0,0,0,0,0
320048,1,1,1988,0,0,0,0,0,0,0,0,0,0
320049,1,1,1988,24,24,24,24,24,24,24,24,24,24
320050,1,1,1988,0,16,21,0,12,16,0,0,0,0
320051,1,1,1988,16,16,16,16,16,16,16,16,16,16
320052,1,1,1988,29,29,29,29,29,29,29,29,29,29
320052,2,1,1988,0,0,0,0,0,0,0,0,0,0
320053,1,1,1988,30,30,30,30,30,30,30,30,30,30
320053,2,1,1988,20,19,16,17,17,24,8,0,16,7
320054,1,1,1988,20,0,0,0,20,0,0,0,0,0
320054,2,1,1988,0,0,0,0,0,0,0,0,0,0
320055,1,1,1988,0,0,0,0,0,0,0,0,0,0
320055,2,1,1988,0,0,0,0,0,0,0,0,0,0
320056,0,1,1988,6,6,6,6,6,6,6,6,6,6
320056,0,2,1988,0,0,0,0,0,0,0,0,0,0
320056,0,3,1988,0,0,0,0,0,0,0,0,0,0
320056,1,1,1988,24,24,24,24,24,24,24,24,24,24
320056,2,1,1988,0,0,0,0,0,0,0,0,0,0
320057,1,1,1988,20,20,20,20,20,20,20,20,20,20
320057,2,1,1988,0,0,0,0,0,0,0,0,0,0
320058,1,1,1988,0,0,0,0,0,0,0,0,0,0
320060,0,1,1988,21,21,21,21,21,21,21,21,21,21
320060,1,1,1988,0,0,0,0,0,0,0,0,0,0
320061,1,1,1988,20,20,20,20,20,20,20,20,20,20
320062,1,1,1988,0,0,0,0,0,0,0,0,0,0
320062,2,1,1988,0,0,0,0,0,0,0,0,0,0
320063,1,1,1988,0,0,0,0,0,0,0,0,0,0
320063,2,1,1988,0,0,0,0,0,0,0,0,0,0
320064,1,1,1988,0,0,0,0,0,0,0,0,0,0
320065,1,1,1988,0,0,0,17,0,0,0,0,0,0
320066,1,1,1988,0,0,0,0,0,0,0,0,0,0
320067,0,1,1988,19,19,19,19,19,19,19,19,19,19
320067,1,1,1988,0,0,0,0,0,0,0,0,0,0
320068,0,1,1988,0,0,0,0,0,0,0,34,0,0
320068,1,1,1988,0,0,0,0,0,0,15,0,0,0
320069,1,1,1988,21,21,21,21,21,21,21,21,21,21
320071,1,1,1988,18,18,18,18,18,18,18,18,18,18
320071,2,1,1988,0,0,0,0,0,0,0,0,0,0
320072,0,1,1988,0,0,0,0,0,0,0,0,0,0
320072,1,1,1988,0,0,0,0,0,0,0,0,0,0
320074,1,1,1988,16,16,16,16,16,16,16,16,16,16
320075,1,1,1988,0,0,0,0,0,0,0,0,0,0
320075,2,1,1988,0,0,0,0,0,0,0,0,0,0
320076,1,1,1988,0,0,0,0,0,0,0,0,0,0
320077,0,1,1988,0,0,0,0,0,0,0,0,0,0
320077,1,1,1988,0,0,0,0,0,0,0,0,0,0
320078,1,1,1988,29,29,29,29,29,29,29,29,29,29
320079,1,1,1988,0,0,0,0,0,0,0,0,0,0
320080,0,1,1988,9,9,9,9,9,9,9,9,9,9
320080,1,1,1988,10,10,10,10,10,10,10,10,10,10
320081,1,1,1988,16,16,16,16,16,16,16,16,16,16
320082,1,1,1988,0,0,0,0,0,0,0,0,0,0
320083,0,1,1988,3,3,3,3,3,3,3,3,3,3
320083,1,1,1988,0,0,0,0,0,0,0,0,0,0
320084,1,1,1988,0,0,7,5,6,0,0,0,0,0
320084,2,1,1988,8,8,8,8,8,8,8,8,8,8
320085,1,1,1988,16,16,16,16,16,16,16,16,16,16
320086,1,1,1988,0,4,14,12,0,13,14,0,0,0
320087,1,1,1988,5,5,5,5,5,5,5,5,5,5
320087,2,1,1988,0,0,0,0,0,0,0,0,0,0
320088,1,1,1988,0,0,0,0,0,0,0,0,0,0
320088,2,1,1988,11,11,11,11,11,11,11,11,11,11
320089,1,1,1988,17,17,17,17,17,17,17,17,17,17
320090,1,1,1988,0,0,0,0,0,0,0,0,0,0
320091,1,1,1988,21,21,21,21,21,21,21,21,21,21
320091,2,1,1988,0,0,0,0,0,0,0,0,0,0
320091,3,1,1988,0,0,0,0,0,0,0,0,0,0
320092,1,1,1988,0,0,0,0,0,0,0,0,0,0
320093,1,1,1988,0,0,0,0,0,0,0,0,0,0
320093,2,1,1988,6,6,6,6,6,6,6,6,6,6
320094,1,1,1988,24,24,24,24,24,24,24,24,24,24
320095,1,1,1988,0,0,0,0,0,0,0,0,0,0
320096,1,1,1988,13,13,13,13,13,13,13,13,13,13
320097,1,1,1988,9,9,9,9,9,9,9,9,9,9
320098,1,1,1988,0,0,0,0,0,0,0,0,0,0
320099,1,1,1988,3,3,3,3,3,3,3,3,3,3
320100,1,1,1988,0,0,0,0,0,0,0,0,0,0
320100,2,1,1988,0,0,0,0,0,0,0,0,0,0
320101,1,1,1988,0,0,0,0,0,0,0,0,0,0
320102,1,1,1988,0,0,0,0,0,0,0,0,0,0
320103,1,1,1988,0,0,0,8,0,0,0,0,0,0
320104,1,1,1988,21,21,21,21,21,21,21,21,21,21
320105,1,1,1988,0,0,0,0,0,0,0,0,0,0
320106,1,1,1988,0,0,0,0,0,0,0,0,0,0
320107,1,1,1988,19,19,19,19,19,19,19,19,19,19
320108,1,1,1988,0,0,0,0,0,0,0,0,0,0
320108,2,1,1988,0,0,0,0,0,0,0,0,0,0
320109,1,1,1988,0,0,0,0,0,0,0,0,0,0
320110,0,1,1988,13,13,13,13,13,13,13,13,13,13
320110,1,1,1988,0,19,0,29,15,0,0,0,0,19
320110,2,1,1988,0,0,0,0,0,0,0,8,0,0
320111,1,1,1988,24,24,24,24,24,24,24,24,24,24
320112,1,1,1988,15,15,15,15,15,15,15,15,15,15
320113,1,1,1988,19,0,14,0,0,15,9,18,14,18
320114,1,1,1988,11,11,11,11,11,11,11,11,11,11
320114,2,1,1988,0,0,0,0,0,0,0,0,0,40
320114,3,1,1988,0,0,0,0,0,0,0,0,0,0
320116,1,1,1988,13,13,13,13,13,13,13,13,13,13
320117,0,1,1988,0,0,0,0,0,0,0,0,0,0
320117,1,1,1988,12,8,15,0,5,18,2,7,8,6
320118,1,1,1988,0,0,0,0,0,0,0,22,0,0
320118,2,1,1988,0,0,0,0,0,0,0,0,0,0
320119,1,1,1988,23,23,23,23,23,23,23,23,23,23
320119,2,1,1988,0,0,0,0,0,0,0,0,0,0
320120,1,1,1988,0,0,0,0,0,0,0,0,16,0
320121,1,1,1988,20,20,20,20,20,20,20,20,20,20
320121,2,1,1988,0,0,0,0,0,0,0,0,0,0
320122,1,1,1988,0,0,0,0,0,0,0,0,0,0
320122,2,1,1988,0,0,0,0,0,0,0,0,0,0
320123,0,1,1988,2,2,2,2,2,2,2,2,2,2
320123,0,2,1988,30,17,0,0,15,14,40,14,15,23
320123,1,1,1988,0,0,0,0,0,0,0,0,13,18
320124,1,1,1988,0,0,0,0,0,0,0,0,0,0
320124,2,1,1988,0,0,0,0,0,0,0,0,0,0
320125,1,1,1988,0,0,0,0,0,0,0,0,0,0
320125,2,1,1988,0,0,0,0,0,0,0,0,0,0
320126,0,1,1988,33,33,33,33,33,33,33,33,33,33
320126,1,1,1988,0,0,0,15,0,0,0,0,0,0
320127,0,1,1988,6,6,6,6,6,6,6,6,6,6
320127,1,1,1988,11,20,17,8,11,4,5,20,10,10
320128,1,1,1988,0,0,0,0,0,0,0,0,0,0
320129,1,1,1988,18,18,18,18,18,18,18,18,18,18
320129,2,1,1988,0,0,0,0,0,0,0,0,0,0
320130,1,1,1988,6,6,6,6,6,6,6,6,6,6
320130,2,1,1988,0,0,0,0,0,0,0,0,0,0
320131,1,1,1988,0,0,0,0,0,0,0,0,0,0
320132,1,1,1988,0,0,0,0,0,0,0,0,0,0
320133,1,1,1988,0,0,0,0,0,0,0,0,0,0
320133,2,1,1988,0,0,0,0,0,0,0,0,0,0
320134,1,1,1988,24,24,24,24,24,24,24,24,24,24
320135,1,1,1988,0,0,0,0,0,0,0,0,0,0
320136,1,1,1988,17,17,17,17,17,17,17,17,17,17
320137,1,1,1988,2,2,2,2,2,2,2,2,2,2
320138,1,1,1988,4,4,4,4,4,4,4,4,4,4
320138,2,1,1988,0,0,0,0,0,0,0,0,0,0
320139,1,1,1988,0,0,0,0,0,0,0,0,0,0
320139,2,1,1988,0,0,0,22,0,0,0,0,0,0
320140,1,1,1988,0,0,0,0,0,0,0,0,0,0
320140,2,1,1988,0,0,0,0,0,0,0,0,0,0
320141,1,1,1988,13,13,13,13,13,13,13,13,13,13
320142,1,1,1988,0,0,0,0,0,0,0,0,0,0
320143,1,1,1988,2,2,2,2,2,2,2,2,2,2
320143,2,1,1988,0,0,15,0,8,0,0,0,0,0
320144,1,1,1988,0,0,0,0,0,0,0,0,0,0
320144,2,1,1988,0,0,0,0,0,0,0,0,0,0
320145,1,1,1988,0,0,0,0,0,0,0,0,0,0
320145,2,1,1988,0,0,0,0,0,0,0,0,0,0
320146,1,1,1988,27,27,27,27,27,27,27,27,27,27
320147,1,1,1988,0,0,0,0,0,0,0,0,0,0
320147,2,1,1988,0,0,0,0,0,0,0,0,0,0
320148,1,1,1988,0,0,0,0,0,0,0,0,0,0
320149,1,1,1988,5,5,5,5,5,5,5,5,5,5
320149,2,1,1988,0,0,0,0,0,0,0,0,0,4
320150,1,1,1988,0,0,0,0,0,0,0,0,0,0
320151,1,1,1988,20,20,20,20,20,20,20,20,20,20
320151,2,1,1988,0,0,0,0,0,0,0,0,0,0
320152,1,1,1988,0,0,0,0,0,0,0,0,0,0
320152,2,1,1988,0,0,0,0,0,0,0,0,0,0
320153,0,1,1988,15,15,15,15,15,15,15,15,15,15
320153,1,1,1988,0,11,0,0,0,0,0,0,0,0
320154,1,1,1988,0,0,0,0,0,0,0,0,0,0
320155,1,1,1988,2,2,2,2,2,2,2,2,2,2
320155,2,1,1988,0,0,0,0,0,0,0,0,0,0
320156,1,1,1988,0,0,0,0,0,0,0,0,0,0
320157,1,1,1988,0,0,0,0,0,0,0,0,0,0
320158,1,1,1988,11,11,11,11,11,11,11,11,11,11
320159,1,1,1988,18,18,18,18,18,18,18,18,18,18
320160,1,1,1988,24,24,24,24,24,24,24,24,24,24
320160,2,1,1988,0,0,0,0,0,0,0,0,0,0
320161,1,1,1988,21,21,21,21,21,21,21,21,21,21
320162,1,1,1988,20,20,20,20,20,20,20,20,20,20
320164,0,1,1988,18,18,18,18,18,18,18,18,18,18
320164,1,1,1988,0,9,0,0,0,0,0,0,0,0
320165,1,1,1988,10,10,10,10,10,10,10,10,10,10
320165,2,1,1988,0,0,0,0,0,0,0,0,0,0
320166,1,1,1988,0,0,0,0,0,7,0,0,0,0
320167,0,1,1988,0,0,0,0,0,0,0,0,0,0
320168,1,1,1988,14,14,14,14,14,14,14,14,14,14
320169,1,1,1988,19,19,19,19,19,19,19,19,19,19
320170,1,1,1988,21,21,21,21,21,21,21,21,21,21
320170,2,1,1988,11,12,12,6,23,5,6,0,8,0
320171,1,1,1988,0,0,0,0,0,0,0,0,0,0
320171,2,1,1988,0,0,0,0,0,0,0,0,0,0
320172,1,1,1988,5,5,5,5,5,5,5,5,5,5
320173,0,1,1988,30,30,30,30,30,30,30,30,30,30
320173,1,1,1988,0,0,0,0,0,0,0,0,0,0
320174,1,1,1988,0,0,0,0,0,0,0,0,0,0
320175,1,1,1988,0,0,0,0,0,0,0,0,0,0
320176,1,1,1988,2,2,2,2,2,2,2,2,2,2
320177,1,1,1988,22,22,22,22,22,22,22,22,22,22
320178,1,1,1988,20,20,20,20,20,20,20,20,20,20
320178,2,1,1988,12,0,0,0,0,0,0,0,0,0
320178,3,1,1988,0,0,0,0,0,0,0,0,6,0
320179,1,1,1988,0,0,0,0,0,0,0,0,0,0
320180,0,1,1988,0,0,0,0,0,0,0,0,0,0
320180,1,1,1988,10,0,0,0,0,0,0,0,0,0
320181,0,1,1988,23,23,23,23,23,23,23,23,23,23
320181,1,1,1988,0,0,0,0,0,0,0,14,0,0
320182,1,1,1988,24,24,24,24,24,24,24,24,24,24
320183,1,1,1988,0,0,0,0,0,0,0,0,0,0
320183,2,1,1988,0,0,0,0,0,0,0,0,0,0
320184,1,1,1988,0,0,0,0,0,0,0,0,0,0
320185,1,1,1988,0,0,0,0,0,0,0,0,0,0
320186,1,1,1988,0,0,0,0,0,0,0,0,0,0
320187,1,1,1988,13,13,13,13,13,13,13,13,13,13
320188,1,1,1988,6,6,6,6,6,6,6,6,6,6
320189,0,1,1988,11,11,11,11,11,11,11,11,11,11
320189,1,1,1988,0,0,0,0,0,0,0,0,0,14
320190,1,1,1988,1,1,1,1,1,1,1,1,1,1
320191,1,1,1988,23,23,23,23,23,23,23,23,23,23
320191,2,1,1988,0,0,0,0,0,0,0,0,0,0
320192,0,1,1988,0,0,0,0,0,0,0,0,0,0
320192,1,1,1988,0,0,0,0,0,0,0,0,0,0
320193,1,1,1988,14,14,14,14,14,14,14,14,14,14
320194,0,1,1988,0,0,0,0,0,0,0,0,0,0
320194,1,1,1988,0,0,0,0,0,0,0,0,0,0
320195,0,1,1988,13,13,13,13,13,13,13,13,13,13
320195,1,1,1988,13,0,0,0,0,0,0,0,0,0
320195,2,1,1988,0,0,0,0,0,0,0,0,0,0
320196,1,1,1988,26,26,26,26,26,26,26,26,26,26
320196,2,1,1988,0,0,0,0,0,0,0,0,0,0
320197,1,1,1988,2,2,2,2,2,2,2,2,2,2
320197,2,1,1988,0,0,0,0,0,14,0,0,0,0
320198,1,1,1988,0,0,0,0,0,0,0,0,0,0
320198,2,1,1988,0,0,0,0,0,0,0,0,0,0
320199,1,1,1988,15,15,15,15,15,15,15,15,15,15
320199,2,1,1988,0,0,0,0,0,0,0,0,0,0
320200,1,1,1988,20,20,20,20,20,20,20,20,20,20
320201,1,1,1988,0,0,0,0,0,0,0,0,0,0
320202,1,1,1988,10,10,10,10,10,10,10,10,10,10
320203,1,1,1988,0,0,0,0,0,0,0,0,0,0
320204,1,1,1988,0,4,0,18,0,27,0,0,2,0
320205,1,1,1988,15,15,15,15,15,15,15,15,15,15
320206,1,1,1988,0,0,0,0,0,0,0,0,0,0
320206,2,1,1988,0,0,0,0,0,0,0,0,0,0
320207,1,1,1988,0,0,0,0,0,0,0,0,0,0
320207,2,1,1988,0,0,0,0,0,0,0,0,0,0
320209,1,1,1988,8,0,25,6,0,9,0,12,0,14
320209,2,1,1988,3,3,3,3,3,3,3,3,3,3
320210,0,1,1988,0,0,0,0,0,0,0,0,0,0
320210,1,1,1988,0,0,0,0,0,0,0,0,0,0
320211,0,1,1988,9,9,9,9,9,9,9,9,9,9
320211,1,1,1988,0,0,0,13,3,0,0,0,0,0
320212,1,1,1988,20,20,20,20,20,20,20,20,20,20
320213,0,1,1988,17,17,17,17,17,17,17,17,17,17
320213,1,1,1988,0,0,0,0,0,0,0,0,0,0
320214,1,1,1988,13,13,13,13,13,13,13,13,13,13
320214,2,1,1988,0,0,0,0,0,0,0,0,0,0
320214,3,1,1988,0,0,0,0,0,0,0,0,0,0
320215,1,1,1988,0,0,0,0,0,0,0,0,0,0
320216,0,1,1988,0,0,0,0,31,25,20,26,27,34
320216,0,2,1988,0,0,0,0,0,0,0,18,0,0
320216,1,1,1988,0,0,0,0,0,0,0,0,0,0
320217,1,1,1988,9,9,9,9,9,9,9,9,9,9
320217,2,1,1988,17,17,17,17,17,17,17,17,17,17
320218,0,1,1988,21,21,21,21,21,21,21,21,21,21
320218,1,1,1988,0,0,0,0,0,0,0,0,0,0
320219,1,1,1988,0,0,0,0,0,0,0,0,0,0
320219,2,1,1988,9,9,9,9,9,9,9,9,9,9
320220,1,1,1988,0,0,0,0,0,0,0,0,0,0
320221,0,1,1988,0,0,0,0,0,0,0,0,0,0
320221,1,1,1988,0,0,0,0,0,32,0,0,13,0
320222,1,1,1988,16,16,16,16,16,16,16,16,16,16
320223,1,1,1988,0,0,0,0,0,0,0,0,0,0
320224,1,1,1988,0,0,0,0,0,14,0,0,8,5
320225,0,1,1988,0,0,0,0,0,0,0,0,0,0
320225,1,1,1988,0,0,0,0,0,0,0,0,0,0
320226,0,1,1988,17,17,17,17,17,17,17,17,17,17
320226,1,1,1988,0,11,0,0,0,0,0,0,0,0
320227,1,1,1988,0,0,0,0,0,0,0,0,0,0
320227,2,1,1988,0,0,0,8,0,0,0,0,0,0
320228,1,1,1988,24,24,24,24,24,24,24,24,24,24
320228,2,1,1988,0,26,0,0,18,0,0,0,13,0
320229,1,1,1988,4,4,4,4,4,4,4,4,4,4
320229,2,1,1988,0,0,0,0,0,0,0,0,0,0
320230,0,1,1988,0,0,0,0,0,0,0,0,0,0
320230,1,1,1988,0,0,0,0,0,0,0,0,0,0
320231,1,1,1988,0,0,0,0,0,0,0,0,0,0
320231,2,1,1988,0,0,0,0,0,0,0,0,0,0
320232,1,1,1988,0,0,0,0,0,0,0,0,0,0
320233,1,1,1988,0,0,0,0,0,0,0,0,0,0
320233,2,1,1988,0,0,0,0,0,0,0,0,0,0
320234,1,1,1988,0,0,0,0,0,0,0,0,0,0
320234,2,1,1988,12,12,12,12,12,12,12,12,12,12
320235,1,1,1988,0,0,0,0,0,0,0,0,0,0
320235,2,1,1988,0,0,0,0,0,0,0,0,0,0
320236,1,1,1988,0,0,0,0,0,0,0,0,0,0
320237,1,1,1988,0,0,0,0,0,0,0,6,0,0
320237,2,1,1988,0,0,0,0,0,0,0,0,0,10
320238,1,1,1988,5,5,5,5,5,5,5,5,5,5
320238,2,1,1988,5,5,5,5,5,5,5,5,5,5
320239,1,1,1988,0,0,0,0,0,0,0,0,0,0
320240,0,1,1988,0,0,0,0,0,0,0,0,0,0
320240,1,1,1988,14,14,14,14,14,14,14,14,14,14
320242,1,1,1988,24,24,24,24,24,24,24,24,24,24
320242,2,1,1988,0,0,0,0,0,0,0,0,0,0
320243,1,1,1988,0,0,0,0,0,0,0,0,0,0
320244,0,1,1988,28,28,28,28,28,28,28,28,28,28
320244,1,1,1988,0,0,0,0,0,0,0,0,0,0
320245,1,1,1988,0,0,0,0,0,0,0,0,0,0
320245,2,1,1988,0,0,0,0,0,0,0,0,0,0
320246,0,1,1988,0,0,0,0,0,0,0,0,0,0
320246,1,1,1988,0,0,0,0,0,0,0,0,0,0
320247,0,1,1988,35,35,35,35,35,35,35,35,35,35
320247,1,1,1988,3,3,3,3,3,3,3,3,3,3
320248,1,1,1988,0,0,0,0,0,0,0,0,0,0
320249,0,1,1988,0,0,0,0,0,0,0,0,0,0
320249,1,1,1988,0,0,0,0,0,0,0,0,0,0
320249,2,1,1988,0,0,0,0,0,0,0,0,0,0
320250,0,1,1988,18,18,18,18,18,18,18,18,18,18
320250,1,1,1988,0,0,0,0,0,0,0,0,0,12
320251,0,1,1988,0,0,14,13,0,0,12,8,0,28
320251,1,1,1988,0,0,0,0,0,0,0,0,0,25
320252,1,1,1988,15,15,15,15,15,15,15,15,15,15
320253,1,1,1988,0,0,0,0,0,0,0,0,0,0
320254,0,1,1988,0,0,0,0,0,0,0,0,0,0
320254,1,1,1988,0,0,0,0,0,0,0,0,0,0
320255,1,1,1988,24,24,24,24,24,24,24,24,24,24
320256,0,1,1988,24,24,24,24,24,24,24,24,24,24
320256,1,1,1988,28,0,16,10,17,8,13,0,18,8
320256,2,1,1988,12,0,0,0,0,0,0,0,0,0
320257,1,1,1988,0,0,0,0,0,0,0,0,0,0
320257,2,1,1988,0,0,0,17,0,0,0,0,0,0
320258,1,1,1988,0,0,22,0,0,0,0,0,0,0
320258,2,1,1988,0,0,0,0,0,0,0,0,0,0
320259,1,1,1988,0,0,0,0,0,0,0,0,0,0
320260,1,1,1988,1,1,1,1,1,1,1,1,1,1
320260,2,1,1988,17,0,0,0,8,0,0,11,0,0
320261,0,1,1988,0,0,0,0,0,0,0,0,0,0
320261,1,1,1988,0,0,0,0,0,0,0,0,0,0
320262,0,1,1988,0,0,0,0,0,0,0,0,0,0
320262,1,1,1988,0,0,0,19,17,0,0,0,0,0
320263,1,1,1988,0,0,0,0,0,0,0,0,0,0
320263,2,1,1988,0,0,0,13,0,0,0,0,0,0
330001,1,1,1988,10,10,10,10,10,10,10,10,10,10
330001,2,1,1988,6,6,6,6,6,6,6,6,6,6
330002,1,1,1988,0,0,0,0,0,0,0,0,0,0
330003,0,1,1988,27,27,27,27,27,27,27,27,27,27
330003,1,1,1988,0,0,0,0,0,0,0,0,0,0
330004,1,1,1988,0,0,0,0,0,0,0,0,0,0
330004,2,1,1988,0,0,0,0,0,0,0,0,0,0
330005,1,1,1988,0,0,0,0,0,0,0,0,0,0
330005,2,1,1988,0,0,0,0,0,0,0,0,11,0
330006,1,1,1988,0,0,0,0,0,0,0,0,0,0
330006,2,1,1988,0,0,0,0,0,0,0,0,0,0
330007,1,1,1988,11,0,0,0,0,0,0,0,0,0
330007,2,1,1988,0,0,0,0,0,0,0,0,0,0
330008,1,1,1988,0,0,0,0,0,0,0,0,0,0
330009,1,1,1988,0,0,0,0,0,0,0,0,0,0
330010,1,1,1988,14,14,14,14,14,14,14,14,14,14
330011,1,1,1988,0,0,0,0,0,0,0,0,0,0
330011,2,1,1988,0,0,0,0,0,0,0,0,0,0
330012,0,1,1988,0,0,0,0,0,0,0,0,0,0
330012,1,1,1988,0,0,0,0,0,0,0,0,0,0
330014,1,1,1988,0,0,0,0,0,0,0,9,0,0
330014,2,1,1988,0,0,0,0,0,0,0,0,0,0
330014,3,1,1988,0,0,0,0,0,0,0,0,0,24
330015,1,1,1988,0,0,0,0,0,0,0,0,0,0
330015,2,1,1988,0,0,0,0,0,0,0,0,0,0
330016,1,1,1988,0,0,0,0,0,0,0,17,0,0
330016,2,1,1988,0,0,0,0,0,0,0,0,0,0
330017,1,1,1988,18,18,18,18,18,18,18,18,18,18
330018,0,1,1988,0,0,0,0,0,0,0,0,0,0
330018,1,1,1988,0,0,0,0,0,0,0,0,0,0
330019,0,1,1988,0,0,0,0,0,0,0,0,0,0
330019,1,1,1988,0,0,0,0,0,0,0,0,0,0
330020,1,1,1988,3,3,3,3,3,3,3,3,3,3
330020,2,1,1988,0,0,0,0,0,0,0,0,0,0
330021,1,1,1988,0,0,0,0,0,0,0,0,0,0
330021,2,1,1988,0,0,0,0,0,0,0,0,0,0
330022,1,1,1988,0,0,0,0,0,0,0,0,0,0
330022,2,1,1988,13,13,13,13,13,13,13,13,13,13
330023,0,1,1988,0,0,0,0,0,0,0,14,0,0
330023,1,1,1988,0,0,0,0,0,0,0,0,0,0
330024,1,1,1988,0,0,0,0,0,0,0,0,0,0
330024,2,1,1988,0,0,0,0,0,0,0,3,0,0
330025,1,1,1988,0,0,0,0,0,0,0,0,0,0
330025,2,1,1988,0,0,0,0,21,0,0,0,0,0
330026,1,1,1988,0,0,0,0,0,0,0,0,0,22
330026,2,1,1988,0,0,0,0,0,0,0,0,0,0
330026,3,1,1988,0,0,0,0,0,0,0,0,0,0
330028,0,1,1988,0,0,0,0,0,0,0,0,0,0
330029,1,1,1988,12,12,12,12,12,12,12,12,12,12
330029,2,1,1988,0,10,0,0,0,0,0,0,0,0
330030,1,1,1988,0,6,0,0,0,0,0,0,12,0
330031,1,1,1988,20,0,18,0,0,0,0,17,0,0
330032,1,1,1988,2,2,2,2,2,2,2,2,2,2
330032,2,1,1988,0,0,8,19,15,0,5,0,7,0
330033,1,1,1988,20,20,20,20,20,20,20,20,20,20
330034,1,1,1988,0,0,0,0,0,0,0,0,0,0
330034,2,1,1988,0,0,0,0,0,0,0,0,0,0