ST_CASE,VEH_NO,PER_NO,YEAR,P1,P2,P3,P4,P5,P6,P7,P8,P9,P10
330035,1,1,1988,0,0,0,0,0,0,0,0,0,0
330036,1,1,1988,0,0,0,0,0,0,0,0,0,0
330036,2,1,1988,0,0,0,0,0,0,0,0,0,0
330037,1,1,1988,0,0,0,0,0,0,0,0,0,0
330037,2,1,1988,0,0,0,0,0,0,0,0,0,0
330037,3,1,1988,0,0,0,0,0,0,0,0,0,0
330038,1,1,1988,15,15,15,15,15,15,15,15,15,15
330039,1,1,1988,18,18,18,18,18,18,18,18,18,18
330039,2,1,1988,0,0,0,0,0,0,0,0,0,0
330040,1,1,1988,0,0,0,0,0,0,0,0,0,0
330041,1,1,1988,12,7,18,22,33,23,14,17,12,9
330042,1,1,1988,0,0,0,0,0,0,0,0,0,0
330042,2,1,1988,0,0,0,0,0,0,0,0,0,0
330043,0,1,1988,10,10,10,10,10,10,10,10,10,10
330043,1,1,1988,0,0,0,0,0,0,0,28,0,10
330044,1,1,1988,0,10,0,8,0,0,0,0,0,0
330045,1,1,1988,0,0,0,0,0,0,0,0,0,0
330046,1,1,1988,0,0,0,0,0,0,0,0,9,0
330046,2,1,1988,0,9,0,0,0,0,0,0,0,0
330047,1,1,1988,0,0,0,0,0,0,0,0,0,0
330048,1,1,1988,12,12,12,12,12,12,12,12,12,12
330049,1,1,1988,12,12,12,12,12,12,12,12,12,12
330049,2,1,1988,0,0,5,0,0,0,0,0,0,0
330050,1,1,1988,4,4,4,4,4,4,4,4,4,4
330051,1,1,1988,0,0,0,0,0,0,0,0,0,0
330051,2,1,1988,7,0,0,0,0,0,0,0,0,0
330052,1,1,1988,0,0,0,0,0,0,0,0,0,0
330052,2,1,1988,24,24,24,24,24,24,24,24,24,24
330053,1,1,1988,16,16,16,16,16,16,16,16,16,16
330054,1,1,1988,0,0,0,0,0,0,0,0,0,0
330054,2,2,1988,1,1,1,1,1,1,1,1,1,1
330055,1,1,1988,13,13,13,13,13,13,13,13,13,13
330056,1,1,1988,0,0,34,0,0,0,0,0,0,0
330057,1,1,1988,0,0,0,0,0,0,0,0,0,0
330058,1,1,1988,10,10,10,10,10,10,10,10,10,10
330058,2,1,1988,0,26,8,15,0,0,0,0,17,0
330059,1,1,1988,16,16,16,16,16,16,16,16,16,16
330059,2,1,1988,0,0,0,16,0,0,0,0,0,0
330060,1,1,1988,0,0,0,0,0,0,0,0,0,0
330061,1,1,1988,0,0,0,0,0,0,0,0,0,0
330061,2,1,1988,10,10,10,10,10,10,10,10,10,10
330062,1,1,1988,0,0,0,0,0,0,0,0,0,0
330062,2,1,1988,4,4,4,4,4,4,4,4,4,4
330064,1,1,1988,1,1,1,1,1,1,1,1,1,1
330064,2,1,1988,0,0,0,0,0,0,0,0,0,0
330065,1,1,1988,19,19,19,19,19,19,19,19,19,19
330066,1,1,1988,0,0,0,0,0,0,0,0,0,0
330066,2,1,1988,0,0,0,0,0,0,0,0,0,0
330067,1,1,1988,0,0,0,0,0,0,0,0,0,0
330067,2,1,1988,0,0,0,0,0,0,8,0,0,0
330068,1,1,1988,1,1,1,1,1,1,1,1,1,1
330069,1,1,1988,0,0,0,11,0,14,11,0,0,0
330069,2,1,1988,0,0,0,0,0,0,0,0,0,0
330069,3,1,1988,9,0,20,0,15,0,0,12,7,0
330070,1,1,1988,20,20,20,20,20,20,20,20,20,20
330071,1,1,1988,17,44,38,25,17,23,24,18,41,22
330072,1,1,1988,0,0,0,0,0,0,0,0,0,0
330072,2,1,1988,0,0,0,0,0,0,0,0,0,0
330073,1,1,1988,4,4,4,4,4,4,4,4,4,4
330074,1,1,1988,1,1,1,1,1,1,1,1,1,1
330075,1,1,1988,25,25,25,25,25,25,25,25,25,25
330076,1,1,1988,0,0,0,0,0,0,0,0,0,0
330076,2,1,1988,0,0,0,0,0,0,0,0,0,0
330078,0,1,1988,0,0,0,0,0,0,0,0,0,0
330078,1,1,1988,0,0,0,0,0,0,0,0,0,0
330079,1,1,1988,0,0,0,0,0,0,0,0,0,0
330080,1,1,1988,0,0,0,17,0,0,0,0,0,5
330081,1,1,1988,40,40,40,40,40,40,40,40,40,40
330082,1,1,1988,0,0,0,0,0,0,0,0,0,0
330082,2,1,1988,3,3,3,3,3,3,3,3,3,3
330084,1,1,1988,0,0,0,0,0,0,0,0,0,0
330084,2,1,1988,0,0,0,0,0,0,0,10,0,0
330084,3,1,1988,0,0,0,0,0,7,0,21,0,0
330084,4,1,1988,0,0,0,0,0,0,0,0,0,0
330085,1,1,1988,0,0,0,0,0,0,0,0,0,0
330086,1,1,1988,0,0,0,0,0,0,0,0,0,0
330087,1,1,1988,0,0,0,0,10,0,0,0,0,0
330087,2,2,1988,0,24,0,0,0,0,13,0,0,0
330088,1,1,1988,0,0,0,23,0,0,0,0,0,0
330088,2,1,1988,0,0,0,0,0,0,0,0,0,0
330089,1,1,1988,19,19,19,19,19,19,19,19,19,19
330090,1,1,1988,9,12,0,0,9,11,0,0,26,0
330091,1,1,1988,15,0,11,0,0,0,18,0,0,0
330092,1,1,1988,0,0,0,0,0,0,0,0,19,5
330092,2,1,1988,2,0,0,0,6,16,6,19,0,0
330093,1,1,1988,6,0,21,0,4,0,10,0,8,0
330095,1,1,1988,21,21,21,21,21,21,21,21,21,21
330095,2,1,1988,15,10,0,0,14,0,0,25,0,10
330096,1,1,1988,15,15,15,15,15,15,15,15,15,15
330097,1,1,1988,7,7,7,7,7,7,7,7,7,7
330099,1,1,1988,9,0,0,0,12,0,13,8,0,11
330100,1,1,1988,15,15,15,15,15,15,15,15,15,15
330101,0,1,1988,0,15,0,0,0,0,0,0,0,0
330101,1,1,1988,0,0,0,0,0,0,0,0,0,0
330102,1,1,1988,5,33,19,15,10,50,29,23,8,30
330103,1,1,1988,6,6,6,6,6,6,6,6,6,6
330104,1,1,1988,0,0,0,0,0,0,0,0,0,0
330104,2,1,1988,1,1,1,1,1,1,1,1,1,1
330105,0,1,1988,17,17,17,17,17,17,17,17,17,17
330105,1,1,1988,0,0,0,0,0,0,0,0,7,0
330106,1,1,1988,1,1,1,1,1,1,1,1,1,1
330107,1,1,1988,17,17,17,17,17,17,17,17,17,17
330108,1,1,1988,0,0,0,0,0,0,28,0,14,0
330108,2,1,1988,1,1,1,1,1,1,1,1,1,1
330109,1,1,1988,9,9,9,9,9,9,9,9,9,9
330110,1,1,1988,1,1,1,1,1,1,1,1,1,1
330111,1,1,1988,0,0,0,0,0,0,0,0,0,0
330111,2,1,1988,19,19,19,19,19,19,19,19,19,19
330112,1,1,1988,14,14,14,14,14,14,14,14,14,14
330112,2,1,1988,17,19,0,0,0,10,0,0,0,14
330114,1,3,1988,0,6,7,26,35,0,13,11,0,0
330115,1,1,1988,0,0,0,0,0,0,0,0,0,0
330116,1,1,1988,20,36,24,9,3,16,24,0,20,23
330117,1,1,1988,23,23,23,23,23,23,23,23,23,23
330118,0,1,1988,11,10,10,17,21,10,6,24,26,24
330118,1,1,1988,3,2,0,15,8,9,20,11,0,0
330120,1,1,1988,0,0,0,14,0,0,0,0,0,0
330120,2,1,1988,0,0,0,0,0,0,0,0,0,0
330121,0,1,1988,0,0,0,0,0,0,0,0,0,0
330121,1,1,1988,0,0,0,0,0,0,0,0,0,0
330122,1,1,1988,24,24,24,24,24,24,24,24,24,24
330123,1,1,1988,0,28,0,0,0,0,0,0,0,0
330125,0,1,1988,0,0,18,0,25,0,14,0,0,0
330125,1,1,1988,5,19,14,13,19,26,0,16,15,4
330126,1,1,1988,0,0,0,0,0,0,0,0,0,0
330126,2,1,1988,0,0,0,0,0,9,0,8,0,0
330126,3,1,1988,0,0,0,0,0,0,0,0,0,0
330127,1,1,1988,29,29,29,29,29,29,29,29,29,29
330129,0,1,1988,0,0,0,0,0,0,0,0,0,0
330129,1,1,1988,0,0,0,0,0,0,0,0,0,0
330129,2,1,1988,0,0,0,0,0,0,0,0,0,0
330132,1,1,1988,0,0,2,0,0,0,5,0,0,0
330132,2,1,1988,16,0,0,0,0,0,12,0,14,0
330133,1,1,1988,0,0,0,0,0,0,0,0,0,0
330133,2,1,1988,0,8,0,15,0,15,0,11,0,0
330133,3,1,1988,8,8,8,8,8,8,8,8,8,8
330134,1,1,1988,11,11,11,11,11,11,11,11,11,11
330134,2,1,1988,0,0,0,0,0,0,0,0,0,0
330135,1,1,1988,0,0,0,0,0,0,0,0,0,0
330135,2,1,1988,0,0,0,0,0,0,0,0,0,0
330136,1,1,1988,13,13,13,13,13,13,13,13,13,13
330137,1,1,1988,0,0,0,0,0,0,0,0,0,0
330137,2,1,1988,0,0,0,0,0,0,0,0,0,0
330138,1,1,1988,0,0,0,0,0,0,0,0,0,0
330138,2,1,1988,0,0,0,0,0,0,0,0,0,0
330139,1,1,1988,13,13,13,13,13,13,13,13,13,13
330140,1,1,1988,0,0,0,0,0,0,0,0,0,0
330140,2,1,1988,0,0,0,35,5,0,26,0,0,0
330141,1,1,1988,13,13,13,13,13,13,13,13,13,13
330142,1,1,1988,0,0,0,0,0,0,0,0,0,0
330142,2,1,1988,34,34,34,34,34,34,34,34,34,34
330143,1,1,1988,23,25,38,22,27,28,25,0,28,23
330144,1,1,1988,0,0,23,0,0,0,0,14,0,0
330145,1,1,1988,0,0,0,0,0,0,0,0,0,0
330145,2,1,1988,0,0,0,0,0,0,0,0,0,0
330146,1,1,1988,0,0,22,0,10,4,4,21,0,24
330146,2,1,1988,10,7,10,0,0,0,0,12,0,14
330147,1,1,1988,0,0,9,0,3,5,26,0,0,0
330147,2,1,1988,0,0,0,18,0,0,0,0,0,0
330149,1,1,1988,0,12,0,0,0,2,0,0,0,0
330150,1,1,1988,7,0,15,0,0,18,0,5,0,0
330150,2,1,1988,10,10,10,10,10,10,10,10,10,10
330151,1,1,1988,0,0,0,0,0,0,0,0,0,0
330151,2,1,1988,0,0,0,0,0,0,0,0,11,0
330152,1,1,1988,0,0,0,0,0,0,0,0,0,0
330153,1,1,1988,0,0,0,0,0,0,0,0,0,0
330153,2,1,1988,0,0,0,0,0,0,0,0,0,0
330154,1,1,1988,0,0,0,0,6,0,0,0,0,0
330154,2,1,1988,30,30,30,30,30,30,30,30,30,30
330154,3,1,1988,13,15,0,0,0,0,0,0,0,0
330157,1,1,1988,0,0,0,0,0,0,30,0,0,0
330158,1,1,1988,0,0,0,0,0,0,0,0,0,0
330158,2,1,1988,0,0,0,0,0,0,0,0,0,0
330159,1,1,1988,0,11,12,22,7,13,18,12,8,0
330159,2,1,1988,14,14,14,14,14,14,14,14,14,14
330160,1,1,1988,0,0,0,0,0,0,0,0,0,0
330160,2,1,1988,0,12,0,16,20,0,0,0,0,0
330161,1,1,1988,0,0,0,0,0,0,0,0,0,0
330161,2,1,1988,0,0,0,0,0,0,14,0,0,0
330162,1,1,1988,0,0,0,0,0,0,0,0,0,0
330162,2,1,1988,0,0,0,0,0,0,0,0,0,18
330164,1,1,1988,27,0,0,0,0,0,0,0,0,0
330164,2,1,1988,0,0,0,0,0,0,0,0,0,0
330164,3,1,1988,0,0,0,0,0,0,0,0,0,0
330165,1,1,1988,0,0,0,0,0,0,0,0,0,0
330165,2,1,1988,0,0,0,0,0,0,0,0,0,0
330166,1,1,1988,0,0,0,0,0,0,0,0,0,0
330167,1,1,1988,11,0,0,0,0,0,0,17,0,0
330167,2,1,1988,0,0,0,0,0,0,0,7,0,4
330168,1,1,1988,0,0,0,0,0,0,0,0,0,0
340001,1,1,1988,33,33,33,33,33,33,33,33,33,33
340003,1,1,1988,0,0,11,0,25,0,0,22,0,8
340004,0,1,1988,0,0,0,0,0,0,0,0,0,0
340004,1,1,1988,0,0,0,0,0,0,0,0,0,0
340005,1,1,1988,0,0,0,0,0,0,0,0,0,0
340005,2,1,1988,0,0,0,0,0,11,0,0,0,0
340005,3,1,1988,0,0,3,0,0,0,0,0,0,0
340006,0,1,1988,14,14,14,14,14,14,14,14,14,14
340006,1,1,1988,0,0,0,0,0,0,0,0,0,0
340007,1,1,1988,0,0,0,0,0,5,0,0,0,0
340007,2,1,1988,0,0,0,0,0,0,0,0,0,0
340007,3,1,1988,0,0,0,0,0,0,0,0,0,0
340008,0,1,1988,40,40,40,40,40,40,40,40,40,40
340008,1,1,1988,0,0,0,0,0,0,0,0,0,0
340009,0,1,1988,0,0,0,0,0,0,0,0,0,0
340009,1,1,1988,0,0,0,0,0,0,0,0,0,0
340010,1,1,1988,20,0,0,0,0,0,16,0,0,0
340010,2,1,1988,0,0,0,0,0,10,0,0,0,0
340010,3,1,1988,0,0,0,0,0,0,0,0,0,0
340010,4,1,1988,0,0,0,0,0,0,0,0,0,0
340010,5,1,1988,0,3,0,0,0,6,19,0,0,0
340010,6,1,1988,0,0,0,0,0,0,0,0,0,0
340010,7,1,1988,0,0,0,0,0,0,0,0,0,0
340010,8,1,1988,0,0,0,0,0,0,0,0,0,0
340010,9,1,1988,0,0,0,0,0,0,0,0,0,0
340010,10,1,1988,0,0,0,0,0,0,0,0,0,0
340010,11,1,1988,0,0,0,0,0,0,0,0,0,0
340010,12,1,1988,0,0,0,0,0,0,0,0,0,0
340010,13,1,1988,12,0,0,0,0,0,0,0,0,0
340010,14,1,1988,0,0,0,0,0,0,0,0,0,0
340010,15,1,1988,0,0,0,0,0,0,0,18,0,0
340011,0,1,1988,0,0,0,0,0,0,0,0,0,0
340011,1,1,1988,0,0,0,0,0,0,0,0,0,0
340012,0,1,1988,9,0,19,0,0,3,0,20,0,0
340012,1,1,1988,0,0,0,0,0,0,0,0,0,0
340013,1,1,1988,0,0,0,0,0,0,0,0,0,0
340013,2,1,1988,0,0,0,0,0,0,0,0,0,0
340014,1,1,1988,16,16,16,16,16,16,16,16,16,16
340015,1,1,1988,0,0,0,0,0,0,0,0,0,0
340015,2,1,1988,0,0,0,0,0,0,0,0,0,0
340016,1,1,1988,0,0,0,0,0,0,0,0,0,0
340016,2,1,1988,0,0,0,0,0,0,0,0,0,0
340017,0,1,1988,17,17,17,17,17,17,17,17,17,17
340017,1,1,1988,0,0,0,0,0,0,0,0,0,0
340017,2,1,1988,0,0,0,0,0,0,0,0,0,0
340018,1,1,1988,0,0,0,0,0,0,0,0,0,0
340018,2,1,1988,0,0,0,0,0,0,0,0,0,0
340019,0,1,1988,0,0,0,0,0,0,0,0,0,0
340019,0,2,1988,0,0,0,0,0,0,0,0,0,0
340019,1,1,1988,0,0,0,0,0,0,0,0,0,0
340020,1,1,1988,0,0,0,0,0,0,0,0,0,0
340021,1,1,1988,0,0,0,0,0,0,0,0,0,0
340021,2,1,1988,0,0,0,0,0,0,0,0,0,0
340022,1,1,1988,0,0,0,0,0,0,0,0,0,0
340023,1,1,1988,19,19,19,19,19,19,19,19,19,19
340024,1,1,1988,4,4,4,4,4,4,4,4,4,4
340025,1,1,1988,0,0,0,0,0,0,0,0,0,0
340025,2,1,1988,0,0,0,0,0,0,0,0,0,0
340026,1,1,1988,9,9,9,9,9,9,9,9,9,9
340027,1,1,1988,19,19,19,19,19,19,19,19,19,19
340028,1,1,1988,0,0,0,0,0,0,0,0,0,0
340028,2,1,1988,0,0,0,0,0,0,0,0,0,0
340029,1,1,1988,0,0,0,0,0,0,0,0,0,0
340029,2,1,1988,0,0,0,0,0,0,0,0,0,0
340029,3,1,1988,0,0,0,0,0,0,0,0,0,0
340030,0,1,1988,0,0,0,0,0,0,0,0,0,0
340030,1,1,1988,0,0,0,0,0,0,0,7,0,0
340031,0,1,1988,0,0,0,0,0,0,0,0,0,0
340031,1,1,1988,0,0,0,0,0,0,0,0,0,0
340032,0,1,1988,0,10,29,0,39,8,17,15,16,4
340032,1,1,1988,20,20,20,20,20,20,20,20,20,20
340032,2,1,1988,0,0,8,0,0,0,10,0,0,0
340032,3,1,1988,0,0,0,0,19,12,0,0,0,17
340033,0,1,1988,6,6,6,6,6,6,6,6,6,6
340033,1,1,1988,0,0,18,0,0,0,0,0,0,16
340034,0,1,1988,0,0,0,0,0,0,0,0,0,0
340034,1,1,1988,0,0,0,0,0,23,10,0,0,0
340035,1,1,1988,0,0,0,0,0,0,0,0,0,0
340035,2,1,1988,0,0,0,0,0,0,0,0,0,0
340036,1,1,1988,0,0,0,0,0,0,0,0,0,0
340036,2,1,1988,0,0,0,0,0,0,0,0,0,0
340037,0,1,1988,23,23,23,23,23,23,23,23,23,23
340037,1,1,1988,2,2,2,2,2,2,2,2,2,2
340038,1,1,1988,0,0,0,0,0,0,0,0,0,0
340039,1,1,1988,0,0,0,0,0,0,0,0,0,0
340039,2,1,1988,0,0,0,0,0,0,0,0,0,0
340040,0,1,1988,2,2,2,2,2,2,2,2,2,2
340040,1,1,1988,16,0,18,0,45,12,4,0,0,17
340041,0,1,1988,0,0,0,0,0,0,0,0,0,0
340041,1,1,1988,0,0,0,0,0,0,7,13,0,0
340044,1,1,1988,20,20,20,20,20,20,20,20,20,20
340045,0,1,1988,17,17,17,17,17,17,17,17,17,17
340045,1,1,1988,0,0,0,0,0,0,0,0,0,0
340046,1,1,1988,20,20,20,20,20,20,20,20,20,20
340047,0,1,1988,22,22,22,22,22,22,22,22,22,22
340047,1,1,1988,0,0,0,0,0,0,0,0,0,0
340048,1,1,1988,0,0,0,0,9,0,0,0,0,0
340048,2,1,1988,0,0,0,0,0,0,0,0,0,0
340049,0,1,1988,0,0,0,0,0,0,0,0,0,0
340049,1,1,1988,0,0,0,0,0,0,0,0,0,0
340050,1,1,1988,0,0,0,0,0,0,0,0,0,0
340051,1,1,1988,0,0,0,0,0,0,0,0,0,0
340051,2,1,1988,0,0,0,0,0,0,0,0,0,0
340052,1,1,1988,0,0,0,0,0,0,0,0,0,0
340052,2,1,1988,0,0,0,0,0,0,0,0,0,0
340053,1,1,1988,0,0,0,0,17,0,0,0,0,0
340053,2,1,1988,20,20,20,20,20,20,20,20,20,20
340054,0,1,1988,0,0,0,0,0,0,0,0,0,0
340054,1,1,1988,23,0,10,0,0,0,30,0,0,0
340055,0,1,1988,16,16,16,16,16,16,16,16,16,16
340055,1,1,1988,21,21,21,21,21,21,21,21,21,21
340056,1,1,1988,15,15,15,15,15,15,15,15,15,15
340056,2,1,1988,0,0,0,0,0,0,0,0,0,0
340057,1,1,1988,0,0,0,0,0,0,0,0,0,0
340057,2,1,1988,0,0,0,0,0,0,0,0,0,0
340058,1,1,1988,16,16,16,16,16,16,16,16,16,16
340059,1,1,1988,0,0,0,0,0,0,0,0,0,0
340059,2,1,1988,0,0,0,0,0,0,0,0,0,0
340060,0,1,1988,25,25,25,25,25,25,25,25,25,25
340060,1,1,1988,6,6,6,6,6,6,6,6,6,6
340061,0,1,1988,0,0,0,0,0,0,0,0,0,0
340061,1,1,1988,0,0,0,0,0,0,0,0,0,0
340062,0,1,1988,0,0,0,0,0,0,0,0,0,0
340062,1,1,1988,0,0,0,0,0,0,0,0,0,0
340062,2,1,1988,0,0,0,0,0,0,0,0,0,0
340063,1,1,1988,0,0,0,0,0,0,0,0,0,0
340063,2,1,1988,5,5,5,5,5,5,5,5,5,5
340064,1,1,1988,0,0,0,0,0,0,0,0,0,0
340065,1,1,1988,20,20,20,20,20,20,20,20,20,20
340066,1,1,1988,0,0,0,0,0,0,0,0,0,0
340067,1,1,1988,0,0,0,0,0,0,0,0,0,0
340067,2,1,1988,0,0,0,0,0,0,0,0,0,0
340068,1,1,1988,11,11,11,11,11,11,11,11,11,11
340069,1,1,1988,7,7,7,7,7,7,7,7,7,7
340071,0,1,1988,20,20,20,20,20,20,20,20,20,20
340071,1,1,1988,0,0,0,0,0,0,0,0,0,15
340071,2,1,1988,0,0,0,0,0,0,18,0,0,0
340072,1,1,1988,0,0,0,0,0,0,0,0,0,0
340072,2,1,1988,0,0,0,0,0,0,0,0,0,0
340073,0,1,1988,24,15,40,24,20,16,39,0,30,20
340073,0,2,1988,0,0,0,0,0,0,0,0,0,0
340073,1,1,1988,20,0,0,0,0,0,30,0,0,0
340074,1,1,1988,0,0,0,0,0,0,0,0,16,0
340074,2,1,1988,0,0,0,0,0,0,0,0,0,0
340075,1,1,1988,0,0,0,0,0,0,0,0,0,0
340076,0,1,1988,23,23,23,23,23,23,23,23,23,23
340076,1,1,1988,0,0,0,0,0,0,0,0,0,0
340077,1,1,1988,23,23,23,23,23,23,23,23,23,23
340078,1,1,1988,0,0,0,0,0,0,0,0,0,0
340078,2,1,1988,0,0,0,0,0,0,0,0,0,0
340079,1,1,1988,0,0,0,0,0,0,0,0,0,0
340079,2,1,1988,0,0,0,0,0,0,0,0,0,0
340080,1,1,1988,0,0,0,0,0,0,0,0,0,0
340080,2,1,1988,0,0,0,0,0,0,0,0,0,0
340081,0,1,1988,0,0,0,0,0,0,0,0,0,0
340081,1,1,1988,0,0,0,0,0,0,0,0,0,0
340082,1,1,1988,0,0,0,0,0,0,0,0,0,0
340082,2,1,1988,0,0,0,0,0,0,0,0,0,0
340083,1,1,1988,14,14,14,14,14,14,14,14,14,14
340085,1,1,1988,0,0,0,0,0,0,0,0,0,0
340086,1,1,1988,0,0,0,0,0,0,0,0,0,0
340086,2,1,1988,0,0,15,0,0,0,0,0,0,12
340087,1,1,1988,7,7,7,7,7,7,7,7,7,7
340088,1,1,1988,32,32,32,32,32,32,32,32,32,32
340088,2,1,1988,1,1,1,1,1,1,1,1,1,1
340088,3,1,1988,0,0,0,0,0,0,0,0,0,0
340089,0,1,1988,5,5,5,5,5,5,5,5,5,5
340089,1,1,1988,0,24,0,0,0,0,0,0,0,0
340091,1,1,1988,19,19,19,19,19,19,19,19,19,19
340092,1,1,1988,0,0,0,0,0,0,0,0,0,0
340092,2,1,1988,0,0,0,0,0,0,0,0,0,0
340093,1,1,1988,0,0,0,0,0,0,0,0,0,0
340093,2,1,1988,0,0,0,0,0,0,0,0,0,0
340093,3,1,1988,0,0,0,0,0,0,0,0,0,0
340094,0,1,1988,0,0,0,0,0,0,0,0,0,0
340094,0,2,1988,0,0,0,0,0,0,0,0,0,0
340094,1,1,1988,0,0,0,0,0,0,0,0,0,0
340095,1,1,1988,0,0,0,0,0,0,0,0,0,0
340095,2,1,1988,0,0,0,0,0,0,0,0,0,0
340096,1,1,1988,0,0,0,0,0,0,0,0,0,0
340096,2,1,1988,0,0,0,0,0,0,0,0,0,0
340097,1,1,1988,0,0,0,0,0,0,0,0,0,0
340099,1,1,1988,13,13,13,13,13,13,13,13,13,13
340099,2,1,1988,0,0,0,0,0,0,0,0,0,0
340100,0,1,1988,0,0,0,0,0,0,0,0,0,0
340100,1,1,1988,16,16,16,16,16,16,16,16,16,16
340101,0,1,1988,0,0,0,0,0,0,0,0,0,0
340101,1,1,1988,12,12,12,12,12,12,12,12,12,12
340102,1,1,1988,0,0,0,0,0,0,0,0,0,0
340102,2,1,1988,0,0,0,0,0,0,0,0,0,0
340103,1,1,1988,0,12,0,0,0,0,0,3,0,0
340103,2,1,1988,0,0,0,0,0,0,0,0,0,0
340104,0,1,1988,0,0,0,0,0,0,0,0,0,0
340104,1,1,1988,0,0,0,0,0,0,0,0,0,0
340105,1,1,1988,13,13,13,13,13,13,13,13,13,13
340106,0,1,1988,0,0,0,0,0,0,0,0,0,0
340106,1,1,1988,0,0,0,0,0,0,0,0,0,0
340107,1,1,1988,0,0,0,0,0,0,0,0,0,0
340107,2,1,1988,0,0,0,0,0,0,0,0,0,0
340108,1,1,1988,0,0,0,0,0,0,0,0,0,0
340109,1,1,1988,18,18,18,18,18,18,18,18,18,18
340109,2,1,1988,14,14,14,14,14,14,14,14,14,14
340109,3,1,1988,11,11,11,11,11,11,11,11,11,11
340110,1,1,1988,12,12,12,12,12,12,12,12,12,12
340111,1,1,1988,0,0,0,0,14,0,0,0,0,0
340112,1,1,1988,0,0,0,0,0,0,0,0,0,0
340112,2,1,1988,0,0,0,0,0,0,0,0,0,0
340113,1,1,1988,0,0,0,0,0,0,0,0,0,0
340114,1,1,1988,0,0,0,0,0,0,0,0,0,0
340114,2,1,1988,0,0,0,0,0,0,0,0,0,0
340115,1,1,1988,0,0,0,0,0,0,0,0,0,0
340116,0,1,1988,0,0,0,0,0,0,0,0,0,0
340116,1,1,1988,19,0,0,0,0,2,21,0,37,19
340117,1,1,1988,19,19,19,19,19,19,19,19,19,19
340118,1,1,1988,12,12,12,12,12,12,12,12,12,12
340118,2,1,1988,0,0,0,0,0,0,0,0,0,0
340119,1,1,1988,15,15,15,15,15,15,15,15,15,15
340120,1,1,1988,20,20,20,20,20,20,20,20,20,20
340120,2,1,1988,18,18,18,18,18,18,18,18,18,18
340121,1,1,1988,0,0,0,0,0,0,0,0,0,0
340121,2,1,1988,0,0,0,0,0,0,0,0,0,0
340122,0,1,1988,0,0,20,0,0,9,0,12,0,0
340122,1,1,1988,0,9,47,0,12,0,0,0,0,0
340123,1,1,1988,0,0,0,0,0,0,0,0,0,0
340123,2,1,1988,13,13,13,13,13,13,13,13,13,13
340124,0,1,1988,0,0,0,0,0,0,0,0,0,0
340124,1,1,1988,0,0,0,0,0,0,0,0,0,0
340127,1,1,1988,0,0,0,0,0,0,0,0,0,0
340127,2,1,1988,0,0,0,0,0,0,0,0,0,0
340129,1,1,1988,20,14,0,6,18,0,10,13,0,11
340130,0,1,1988,0,0,0,0,0,0,0,0,0,0
340130,1,1,1988,0,0,0,0,0,0,0,0,0,0
340131,0,1,1988,7,7,7,7,7,7,7,7,7,7
340131,0,2,1988,0,0,44,0,0,21,15,0,0,22
340131,1,1,1988,0,0,0,0,0,0,0,0,0,0
340131,2,1,1988,0,0,0,0,0,0,0,0,0,0
340132,1,1,1988,0,0,0,0,0,0,0,0,0,0
340133,1,1,1988,0,0,0,0,0,0,0,0,0,0
340133,2,1,1988,20,20,20,20,20,20,20,20,20,20
340134,0,1,1988,10,10,10,10,10,10,10,10,10,10
340134,1,1,1988,0,0,0,0,0,0,0,0,0,0
340135,0,1,1988,0,0,0,0,0,0,0,0,0,0
340135,1,1,1988,0,0,0,0,0,0,0,0,0,0
340136,0,1,1988,0,0,0,0,0,0,0,0,0,0
340136,1,1,1988,0,0,0,0,0,0,0,0,0,0
340137,1,1,1988,0,0,0,0,0,0,0,0,0,0
340137,2,1,1988,0,0,0,0,0,0,0,0,0,0
340138,0,1,1988,16,16,16,16,16,16,16,16,16,16
340138,1,1,1988,0,0,0,0,0,0,0,0,0,0
340139,1,1,1988,0,0,14,0,0,0,8,12,0,9
340140,1,1,1988,0,0,0,0,0,0,0,0,0,0
340141,1,1,1988,0,0,0,0,0,0,0,0,0,20
340143,1,1,1988,10,10,10,10,10,10,10,10,10,10
340143,2,1,1988,0,0,0,0,0,0,0,0,0,0
340144,1,1,1988,0,0,0,0,0,0,0,0,0,0
340144,2,1,1988,0,0,0,0,0,0,0,0,0,0
340145,1,1,1988,11,11,11,11,11,11,11,11,11,11
340146,0,1,1988,0,0,0,0,0,0,0,0,0,0
340146,1,1,1988,0,0,0,0,0,0,0,0,0,0
340147,0,1,1988,0,0,0,0,0,0,0,0,0,0
340147,1,1,1988,0,0,0,0,0,0,0,0,0,0
340148,1,1,1988,28,28,28,28,28,28,28,28,28,28
340149,1,1,1988,24,24,24,24,24,24,24,24,24,24
340150,1,1,1988,14,14,14,14,14,14,14,14,14,14
340151,1,1,1988,12,12,12,12,12,12,12,12,12,12
340151,2,1,1988,10,10,10,10,10,10,10,10,10,10
340152,1,1,1988,0,0,0,0,0,0,0,0,0,0
340152,2,1,1988,0,0,0,0,0,0,0,0,0,0
340153,1,1,1988,0,0,0,0,10,0,0,0,0,0
340153,2,1,1988,23,23,23,23,23,23,23,23,23,23
340154,0,1,1988,0,0,0,0,0,0,0,0,0,0
340154,1,1,1988,0,0,0,0,0,0,0,0,0,0
340155,1,1,1988,0,0,0,0,0,0,0,0,0,0
340156,1,1,1988,0,0,0,0,0,0,0,0,0,0
340156,2,1,1988,0,0,0,0,0,0,0,0,0,0
340157,1,1,1988,29,0,29,0,0,19,0,0,0,0
340157,2,1,1988,0,0,0,0,0,0,0,0,0,0