ST_CASE,VEH_NO,PER_NO,YEAR,P1,P2,P3,P4,P5,P6,P7,P8,P9,P10
340158,1,1,1988,0,0,0,0,0,0,0,0,0,0
340158,2,1,1988,0,0,0,0,0,0,0,0,0,0
340159,1,1,1988,4,4,4,4,4,4,4,4,4,4
340160,0,1,1988,1,1,1,1,1,1,1,1,1,1
340160,1,1,1988,0,0,0,0,0,0,0,0,0,0
340161,0,1,1988,33,33,33,33,33,33,33,33,33,33
340161,1,1,1988,6,0,0,0,0,4,0,0,0,0
340162,0,1,1988,0,0,0,0,0,0,0,0,0,0
340162,0,2,1988,10,18,31,0,25,29,34,12,25,12
340162,1,1,1988,13,13,13,13,13,13,13,13,13,13
340163,1,1,1988,0,0,0,0,0,0,0,0,0,0
340163,2,1,1988,0,0,0,0,0,0,0,0,0,0
340164,1,1,1988,0,4,25,13,3,6,8,17,17,21
340165,1,1,1988,16,16,16,16,16,16,16,16,16,16
340166,1,1,1988,0,0,0,0,0,0,0,0,0,0
340166,2,1,1988,0,0,0,0,0,0,0,0,0,0
340167,1,1,1988,28,28,28,28,28,28,28,28,28,28
340168,1,1,1988,10,10,10,10,10,10,10,10,10,10
340169,0,1,1988,0,0,0,0,0,0,0,0,0,0
340169,1,1,1988,0,0,0,0,0,0,0,0,0,0
340170,1,1,1988,0,0,0,4,0,6,0,0,0,0
340170,2,1,1988,12,0,19,11,13,16,6,11,4,21
340170,3,1,1988,0,16,7,13,8,2,0,7,0,0
340171,1,1,1988,0,0,0,0,0,0,0,0,0,0
340172,1,1,1988,12,12,12,12,12,12,12,12,12,12
340173,1,1,1988,0,0,0,0,0,0,0,5,0,0
340173,2,1,1988,0,0,0,0,0,0,0,0,0,0
340174,1,1,1988,0,0,0,0,0,0,0,0,0,0
340174,2,1,1988,0,0,0,0,0,0,0,0,0,0
340175,1,1,1988,24,24,24,24,24,24,24,24,24,24
340176,0,1,1988,12,12,12,12,12,12,12,12,12,12
340176,1,1,1988,19,18,7,0,0,5,0,0,6,14
340177,1,1,1988,0,0,0,0,0,0,0,0,0,0
340178,1,1,1988,0,0,0,0,0,0,0,0,0,0
340178,2,1,1988,0,0,0,0,0,0,0,0,0,0
340179,1,1,1988,0,0,0,0,0,0,0,0,0,0
340179,2,1,1988,0,0,0,0,0,0,0,0,16,0
340180,1,1,1988,8,8,8,8,8,8,8,8,8,8
340180,2,1,1988,4,4,4,4,4,4,4,4,4,4
340181,1,1,1988,0,0,0,0,0,0,0,0,0,21
340182,1,1,1988,0,0,0,0,0,0,0,0,0,0
340182,2,1,1988,0,0,0,0,0,0,0,0,0,0
340183,1,1,1988,0,0,0,0,0,0,0,0,0,0
340184,1,1,1988,0,0,0,0,10,0,0,0,0,0
340185,1,1,1988,9,9,9,9,9,9,9,9,9,9
340185,2,1,1988,0,0,0,0,0,0,0,0,0,0
340186,1,1,1988,0,0,0,0,0,0,0,0,0,0
340187,1,1,1988,12,12,12,12,12,12,12,12,12,12
340187,2,1,1988,0,0,11,0,0,12,17,17,0,22
340188,0,1,1988,0,0,0,0,0,0,0,0,0,0
340188,1,1,1988,0,0,0,0,0,0,0,0,0,0
340190,0,1,1988,34,34,34,34,34,34,34,34,34,34
340190,1,1,1988,0,0,0,0,0,0,0,0,0,0
340190,2,1,1988,0,0,11,5,0,21,11,0,15,0
340190,3,1,1988,0,27,0,27,0,7,0,20,5,14
340191,1,1,1988,0,17,0,0,23,0,0,0,0,0
340191,2,1,1988,0,0,0,0,0,0,0,0,0,0
340192,1,1,1988,0,0,0,17,0,0,0,0,0,0
340192,2,1,1988,0,0,0,0,0,0,0,0,0,0
340193,1,1,1988,1,1,1,1,1,1,1,1,1,1
340193,2,1,1988,15,15,15,15,15,15,15,15,15,15
340194,1,1,1988,0,0,0,0,0,0,0,0,0,0
340194,2,1,1988,0,0,0,0,0,0,0,0,0,0
340195,1,1,1988,0,0,0,0,0,0,0,0,0,0
340195,2,1,1988,0,0,0,0,0,0,0,0,0,0
340195,3,1,1988,0,0,0,0,0,0,0,0,0,0
340196,1,1,1988,5,5,5,5,5,5,5,5,5,5
340197,1,1,1988,24,24,24,24,24,24,24,24,24,24
340197,2,1,1988,9,9,9,9,9,9,9,9,9,9
340198,1,1,1988,0,4,0,0,0,0,0,0,0,0
340199,0,1,1988,0,0,0,0,0,0,0,0,0,0
340199,1,1,1988,0,0,0,0,0,0,0,0,0,0
340200,1,1,1988,0,0,0,0,0,0,0,0,0,0
340200,2,1,1988,8,26,0,0,17,19,22,11,0,0
340201,0,1,1988,3,3,3,3,3,3,3,3,3,3
340201,1,1,1988,0,0,0,0,0,0,0,0,0,0
340202,1,1,1988,17,17,17,17,17,17,17,17,17,17
340203,0,1,1988,0,0,0,0,0,0,0,0,0,0
340203,1,1,1988,0,0,0,0,0,0,0,0,0,0
340204,0,1,1988,0,0,0,0,0,0,0,0,37,0
340204,1,1,1988,0,0,0,0,0,0,0,0,0,0
340205,0,1,1988,0,0,0,0,0,0,0,0,0,0
340205,1,1,1988,0,0,0,0,0,0,0,0,0,0
340206,0,1,1988,0,0,0,0,0,0,20,0,0,19
340206,1,1,1988,0,0,0,0,0,0,0,0,0,17
340207,0,1,1988,0,0,0,21,0,19,0,0,0,0
340207,1,1,1988,0,0,0,0,0,0,0,20,0,0
340208,1,1,1988,0,0,0,0,0,0,0,0,0,0
340208,2,1,1988,11,0,13,8,20,0,23,0,0,21
340209,1,1,1988,22,0,0,0,0,0,0,0,0,0
340209,2,1,1988,0,0,0,13,0,0,0,0,0,0
340210,1,1,1988,0,0,0,0,3,0,0,0,0,0
340210,2,1,1988,10,10,10,10,10,10,10,10,10,10
340211,1,1,1988,14,14,14,14,14,14,14,14,14,14
340212,1,1,1988,18,18,18,18,18,18,18,18,18,18
340213,1,1,1988,15,15,15,15,15,15,15,15,15,15
340213,2,1,1988,0,0,0,12,0,0,0,0,0,0
340214,1,1,1988,0,0,0,0,0,0,0,0,0,0
340215,1,1,1988,0,0,0,0,4,0,0,0,0,0
340215,2,1,1988,0,11,0,0,0,0,0,0,4,0
340216,0,1,1988,0,0,0,0,0,0,0,0,0,0
340216,1,1,1988,0,0,0,0,0,0,0,0,0,0
340218,1,1,1988,0,0,0,0,0,0,0,0,0,0
340218,2,1,1988,0,0,0,0,0,0,0,0,0,0
340219,0,1,1988,12,12,12,12,12,12,12,12,12,12
340219,1,1,1988,0,15,0,0,23,0,0,0,0,0
340220,1,1,1988,12,12,12,12,12,12,12,12,12,12
340222,0,1,1988,0,0,0,0,0,0,0,0,0,0
340222,1,1,1988,0,0,0,0,0,0,0,0,0,0
340223,1,1,1988,6,6,6,6,6,6,6,6,6,6
340224,1,1,1988,2,2,2,2,2,2,2,2,2,2
340225,0,1,1988,13,13,13,13,13,13,13,13,13,13
340225,1,1,1988,0,0,0,13,0,0,0,0,12,0
340226,0,1,1988,0,0,0,0,0,0,0,0,0,0
340226,1,1,1988,0,0,0,0,0,0,0,0,0,0
340227,1,1,1988,0,0,16,0,0,0,27,0,0,0
340228,0,1,1988,21,21,21,21,21,21,21,21,21,21
340228,1,1,1988,0,0,0,0,0,0,0,0,0,0
340229,1,1,1988,0,0,0,0,0,0,0,11,0,0
340229,2,1,1988,7,7,7,7,7,7,7,7,7,7
340230,0,1,1988,8,0,0,0,0,0,0,0,0,0
340230,1,1,1988,0,0,0,0,0,0,0,0,0,0
340231,1,1,1988,0,0,0,0,0,12,0,0,0,0
340231,2,1,1988,0,0,0,0,12,0,0,24,0,0
340232,1,1,1988,17,17,17,17,17,17,17,17,17,17
340232,2,1,1988,0,0,0,0,0,0,0,0,0,0
340233,1,1,1988,23,0,31,23,18,23,8,26,16,13
340234,0,1,1988,4,4,4,4,4,4,4,4,4,4
340234,1,1,1988,0,0,0,0,0,0,0,0,0,0
340235,1,1,1988,0,0,0,0,0,0,0,0,0,0
340236,0,1,1988,0,0,0,0,0,0,0,0,0,0
340236,1,1,1988,0,0,0,0,0,0,0,0,0,0
340237,1,1,1988,20,20,20,20,20,20,20,20,20,20
340238,1,1,1988,0,0,0,0,0,0,0,0,0,0
340239,1,1,1988,0,0,0,0,0,0,0,0,0,0
340240,1,1,1988,20,20,20,20,20,20,20,20,20,20
340241,0,1,1988,27,27,27,27,27,27,27,27,27,27
340241,1,1,1988,0,0,0,0,0,0,0,0,0,0
340242,1,1,1988,24,24,24,24,24,24,24,24,24,24
340243,1,1,1988,0,0,0,0,0,0,0,0,0,0
340244,1,1,1988,14,14,14,14,14,14,14,14,14,14
340245,1,1,1988,0,0,0,0,0,0,0,0,0,0
340245,2,1,1988,0,0,0,0,0,0,0,0,0,0
340246,1,1,1988,13,13,13,13,13,13,13,13,13,13
340247,1,1,1988,0,0,0,0,3,0,0,0,0,0
340247,2,1,1988,19,19,19,19,19,19,19,19,19,19
340248,1,1,1988,0,0,0,0,0,0,0,0,0,0
340249,1,1,1988,9,9,9,9,9,9,9,9,9,9
340250,1,1,1988,0,0,0,0,0,0,0,13,0,0
340252,1,1,1988,0,0,0,0,0,0,0,0,0,0
340253,1,1,1988,0,0,0,0,0,0,0,0,0,0
340253,2,1,1988,0,0,0,0,0,0,0,0,0,0
340254,1,1,1988,15,15,15,15,15,15,15,15,15,15
340255,1,1,1988,0,0,0,0,0,0,0,0,0,0
340256,1,1,1988,0,0,0,0,0,0,0,0,0,0
340256,2,1,1988,0,0,0,0,0,0,0,0,0,0
340257,0,1,1988,0,0,0,0,0,0,0,0,0,0
340257,1,1,1988,0,0,0,0,0,0,0,0,0,0
340258,1,1,1988,0,0,0,10,0,0,0,0,0,0
340259,0,1,1988,0,0,0,0,0,0,0,0,0,0
340259,1,1,1988,7,0,0,0,0,23,0,0,0,0
340260,0,1,1988,0,0,0,0,0,0,0,0,0,0
340260,0,2,1988,0,0,0,0,0,0,0,0,0,0
340260,1,1,1988,0,0,0,0,0,0,0,0,0,0
340261,1,1,1988,0,0,0,0,0,0,0,0,0,0
340261,2,1,1988,18,18,18,18,18,18,18,18,18,18
340262,0,1,1988,19,19,19,19,19,19,19,19,19,19
340262,1,1,1988,3,3,3,3,3,3,3,3,3,3
340263,0,1,1988,0,0,0,0,0,0,0,0,0,0
340263,1,1,1988,0,0,0,0,2,0,0,10,0,2
340265,1,1,1988,0,0,0,0,0,0,0,0,0,0
340265,2,1,1988,0,0,0,0,0,0,0,0,0,0
340265,3,1,1988,0,0,0,0,0,0,0,0,0,0
340266,1,1,1988,17,17,17,17,17,17,17,17,17,17
340267,1,1,1988,12,12,12,12,12,12,12,12,12,12
340268,1,1,1988,0,0,0,0,0,0,0,0,0,0
340270,0,1,1988,0,0,0,0,0,0,0,0,0,0
340270,1,1,1988,0,0,0,0,0,0,0,0,0,0
340271,1,1,1988,0,0,0,0,0,0,0,0,0,0
340271,2,1,1988,0,0,0,0,0,0,0,0,0,0
340272,1,1,1988,12,12,12,12,12,12,12,12,12,12
340273,1,1,1988,12,12,12,12,12,12,12,12,12,12
340274,1,1,1988,0,0,0,0,0,0,0,0,0,0
340274,2,1,1988,10,10,10,10,10,10,10,10,10,10
340275,1,1,1988,11,11,11,11,11,11,11,11,11,11
340276,1,1,1988,0,0,0,0,0,0,0,0,0,0
340277,0,1,1988,0,0,0,0,0,0,0,0,0,0
340277,1,1,1988,0,0,0,0,0,0,0,0,7,0
340278,1,1,1988,0,0,0,0,0,0,0,0,0,0
340278,2,1,1988,21,21,21,21,21,21,21,21,21,21
340279,1,1,1988,0,0,0,0,0,0,0,0,0,0
340279,2,1,1988,22,22,22,22,22,22,22,22,22,22
340281,1,1,1988,30,30,30,30,30,30,30,30,30,30
340282,0,1,1988,0,0,0,0,0,0,0,0,0,0
340282,1,1,1988,12,0,0,0,0,0,0,0,0,12
340282,2,1,1988,0,0,0,0,0,0,0,0,0,0
340283,1,1,1988,0,0,0,0,0,0,0,0,0,0
340284,1,1,1988,25,11,0,3,10,0,33,2,33,0
340286,1,1,1988,25,25,25,25,25,25,25,25,25,25
340287,1,1,1988,15,15,15,15,15,15,15,15,15,15
340288,1,1,1988,0,0,0,0,0,0,0,0,0,0
340288,2,1,1988,0,0,0,0,0,0,0,0,0,0
340290,1,1,1988,0,0,0,0,0,0,0,0,0,0
340291,0,1,1988,22,22,22,22,22,22,22,22,22,22
340291,1,1,1988,0,0,0,0,0,11,0,0,0,0
340292,1,1,1988,0,0,0,0,0,0,0,0,0,0
340292,2,1,1988,18,18,18,18,18,18,18,18,18,18
340293,0,1,1988,29,29,29,29,29,29,29,29,29,29
340293,1,1,1988,0,0,0,0,0,0,0,0,8,0
340294,1,1,1988,14,14,14,14,14,14,14,14,14,14
340294,2,1,1988,0,0,0,0,0,0,0,0,0,0
340294,3,1,1988,14,14,14,14,14,14,14,14,14,14
340295,0,1,1988,0,0,0,0,0,0,0,0,0,0
340295,1,1,1988,0,0,0,0,0,0,0,0,0,0
340296,1,1,1988,8,8,8,8,8,8,8,8,8,8
340297,1,1,1988,19,19,19,19,19,19,19,19,19,19
340298,1,1,1988,0,40,0,0,16,0,0,0,0,8
340299,0,1,1988,23,23,23,23,23,23,23,23,23,23
340299,1,1,1988,0,0,0,0,0,0,0,0,0,0
340300,1,1,1988,9,23,15,0,0,0,0,0,0,0
340301,0,1,1988,1,1,1,1,1,1,1,1,1,1
340301,1,1,1988,0,0,0,0,0,0,0,0,0,0
340302,1,1,1988,0,0,0,0,0,0,0,0,0,0
340302,2,1,1988,0,0,0,0,0,0,0,0,0,0
340303,1,1,1988,0,0,0,0,0,0,0,0,0,0
340303,2,1,1988,17,17,17,17,17,17,17,17,17,17
340304,1,1,1988,34,30,17,12,26,0,11,11,0,22
340305,1,1,1988,10,10,10,10,10,10,10,10,10,10
340306,1,1,1988,0,0,0,0,0,0,0,0,0,0
340306,2,1,1988,0,0,0,0,0,0,0,0,0,0
340307,1,1,1988,25,25,25,25,25,25,25,25,25,25
340308,1,1,1988,16,16,16,16,16,16,16,16,16,16
340309,0,1,1988,0,0,0,0,0,10,0,0,0,0
340309,1,1,1988,0,0,0,0,0,0,0,0,0,0
340310,1,1,1988,0,13,0,0,0,0,0,0,0,0
340310,2,1,1988,0,0,0,0,0,0,0,0,0,0
340311,0,1,1988,0,0,0,0,0,0,0,0,0,0
340311,1,1,1988,0,0,0,0,0,0,0,0,0,0
340312,1,1,1988,24,24,24,24,24,24,24,24,24,24
340313,1,1,1988,0,0,0,0,18,0,0,0,0,0
340314,1,1,1988,0,0,0,0,0,0,0,0,0,0
340314,2,1,1988,21,12,0,0,0,0,0,0,0,0
340315,1,1,1988,0,0,0,0,0,0,0,0,0,0
340315,2,1,1988,0,0,0,0,0,0,0,0,0,0
340315,3,1,1988,0,0,0,0,0,0,0,0,0,0
340315,4,1,1988,0,0,0,0,0,0,0,0,0,0
340315,5,1,1988,0,0,0,0,0,0,0,0,0,0
340316,1,1,1988,10,10,10,10,10,10,10,10,10,10
340317,1,1,1988,13,13,13,13,13,13,13,13,13,13
340318,1,1,1988,14,14,14,14,14,14,14,14,14,14
340319,1,1,1988,0,0,0,0,0,0,0,0,0,0
340319,2,1,1988,0,0,0,0,0,0,0,0,0,0
340320,1,1,1988,0,21,0,0,0,0,0,0,0,0
340321,0,1,1988,0,0,0,0,0,0,0,0,0,0
340321,1,1,1988,0,0,0,9,0,13,14,0,0,0
340322,0,1,1988,0,0,0,0,0,0,0,0,0,0
340322,1,1,1988,0,0,0,0,0,0,0,0,0,0
340323,1,1,1988,18,18,18,18,18,18,18,18,18,18
340324,1,1,1988,5,5,5,5,5,5,5,5,5,5
340325,1,1,1988,25,25,25,25,25,25,25,25,25,25
340326,1,1,1988,0,0,0,0,0,0,0,0,0,0
340326,2,1,1988,0,0,0,15,0,0,0,0,0,0
340327,1,1,1988,0,0,0,0,0,0,0,0,0,0
340327,2,1,1988,0,0,0,0,0,0,0,0,0,0
340327,3,1,1988,0,0,0,0,0,0,0,0,0,0
340327,4,1,1988,0,0,0,0,0,0,0,0,0,0
340328,1,1,1988,0,0,0,0,0,0,0,0,0,0
340328,2,1,1988,26,26,26,26,26,26,26,26,26,26
340329,1,1,1988,26,26,26,26,26,26,26,26,26,26
340329,2,1,1988,0,0,0,0,0,0,0,0,0,0
340331,1,1,1988,27,0,0,0,0,0,20,0,0,0
340331,2,1,1988,0,0,0,0,0,0,0,0,0,0
340332,0,1,1988,9,9,9,9,9,9,9,9,9,9
340332,1,1,1988,0,0,0,0,13,13,0,0,0,0
340333,1,1,1988,28,28,28,28,28,28,28,28,28,28
340334,0,1,1988,8,0,0,43,0,0,0,0,0,0
340334,1,1,1988,0,0,0,0,0,0,0,0,0,0
340335,1,1,1988,17,17,17,17,17,17,17,17,17,17
340335,2,1,1988,0,0,0,0,0,0,0,0,0,0
340335,3,1,1988,0,0,0,0,0,0,0,0,14,0
340336,1,1,1988,15,15,15,15,15,15,15,15,15,15
340336,2,1,1988,6,0,0,0,0,0,0,0,0,0
340337,1,1,1988,0,0,0,0,0,0,4,0,0,0
340337,2,1,1988,0,0,0,0,0,0,0,0,0,0
340338,1,1,1988,0,0,0,0,0,0,0,0,0,0
340338,2,1,1988,0,0,0,0,0,0,0,0,0,0
340339,1,1,1988,21,21,21,21,21,21,21,21,21,21
340340,1,1,1988,0,0,0,0,0,0,0,0,0,0
340341,1,1,1988,0,0,0,0,0,0,0,0,0,0
340342,0,1,1988,0,0,0,13,0,16,0,0,0,15
340342,1,1,1988,0,0,0,0,0,0,0,0,0,0
340343,1,1,1988,0,0,0,0,0,0,0,0,0,0
340343,2,1,1988,0,0,0,0,0,0,0,0,0,0
340343,3,1,1988,0,0,0,0,0,0,0,0,0,0
340343,4,1,1988,0,0,0,0,21,0,14,0,0,0
340343,5,1,1988,0,0,0,0,0,0,0,0,0,0
340344,1,1,1988,0,0,0,0,0,0,0,0,0,0
340344,2,1,1988,0,0,0,0,0,0,0,0,0,0
340345,1,1,1988,14,14,14,14,14,14,14,14,14,14
340346,1,1,1988,18,18,18,18,18,18,18,18,18,18
340347,1,1,1988,0,4,0,0,0,0,0,0,0,0
340347,2,1,1988,0,0,0,0,0,0,0,0,0,0
340348,1,1,1988,27,27,27,27,27,27,27,27,27,27
340349,0,1,1988,0,0,0,0,0,0,0,0,0,0
340349,0,2,1988,0,0,24,0,0,23,22,36,27,0
340349,1,1,1988,0,0,0,0,0,0,9,0,7,18
340350,1,1,1988,0,0,0,0,0,0,0,0,0,0
340350,2,1,1988,0,14,0,0,0,0,0,0,0,0
340351,1,1,1988,8,27,0,0,0,27,14,0,0,17
340352,0,1,1988,0,0,0,0,0,0,0,0,0,0
340352,1,1,1988,0,0,0,0,0,0,0,0,0,0
340353,1,1,1988,0,0,0,0,0,0,0,0,0,0
340353,2,1,1988,0,0,0,0,0,0,0,0,0,0
340354,0,1,1988,19,19,19,19,19,19,19,19,19,19
340354,1,1,1988,0,14,0,0,0,8,13,0,0,3
340355,1,1,1988,0,0,0,0,0,0,0,0,0,0
340356,1,1,1988,10,10,10,10,10,10,10,10,10,10
340356,2,1,1988,0,0,0,0,0,0,0,0,0,0
340357,1,1,1988,17,17,17,17,17,17,17,17,17,17
340359,1,1,1988,16,16,16,16,16,16,16,16,16,16
340360,1,1,1988,0,0,0,0,0,0,0,0,0,0
340360,2,1,1988,0,0,0,0,0,0,0,0,0,0
340361,1,1,1988,0,0,0,0,0,0,0,0,0,0
340361,2,1,1988,0,0,0,0,0,0,0,0,0,0
340363,1,1,1988,12,12,12,12,12,12,12,12,12,12
340363,2,1,1988,0,0,0,0,0,0,0,0,0,0
340363,3,1,1988,0,0,0,0,0,0,0,0,0,24
340364,0,1,1988,0,0,0,0,0,0,0,0,0,0
340364,1,1,1988,0,0,0,0,0,0,0,0,0,0
340365,1,1,1988,1,1,1,1,1,1,1,1,1,1
340366,1,1,1988,0,0,0,0,0,0,0,0,0,0
340366,2,1,1988,0,0,0,0,0,0,0,0,0,0
340367,1,1,1988,12,12,12,12,12,12,12,12,12,12
340368,1,1,1988,0,0,0,0,0,0,0,0,0,0
340368,2,1,1988,0,21,13,12,3,12,11,16,30,20
340369,1,1,1988,0,0,0,0,0,0,0,0,0,0
340369,2,1,1988,0,0,0,0,0,0,0,0,0,0
340370,0,1,1988,0,0,0,0,0,0,0,0,0,0
340370,1,1,1988,0,0,0,0,0,0,0,0,0,0
340371,1,1,1988,0,0,0,0,0,0,0,0,0,0
340371,2,1,1988,0,0,0,0,0,0,0,0,0,0
340372,1,1,1988,0,17,0,0,19,0,31,0,0,0
340373,0,1,1988,0,0,0,0,0,0,0,0,0,0
340373,1,1,1988,0,0,0,0,0,0,0,0,0,0
340374,1,1,1988,11,11,11,11,11,11,11,11,11,11
340374,2,1,1988,0,0,0,0,0,0,0,0,0,0
340375,1,1,1988,1,1,1,1,1,1,1,1,1,1
340375,2,1,1988,0,0,0,0,0,0,0,0,0,0
340375,3,1,1988,0,0,0,0,0,0,0,0,0,0
340376,1,1,1988,0,0,0,0,0,0,0,0,0,0
340377,1,1,1988,0,0,0,0,0,0,0,0,0,0
340377,2,1,1988,0,0,0,0,0,0,0,0,0,0
340378,1,1,1988,0,0,0,0,0,0,0,0,0,0
340378,2,1,1988,0,0,0,0,0,0,0,0,11,0
340378,3,1,1988,0,0,0,0,0,0,0,0,0,0
340379,1,1,1988,0,0,0,0,0,3,0,0,0,0
340379,2,1,1988,23,23,23,23,23,23,23,23,23,23
340379,3,1,1988,0,0,0,0,0,0,0,0,0,0
340380,0,1,1988,13,13,13,13,13,13,13,13,13,13
340380,1,1,1988,27,27,27,27,27,27,27,27,27,27
340382,1,1,1988,0,0,0,0,0,0,0,0,0,0
340383,1,1,1988,13,13,13,13,13,13,13,13,13,13
340384,0,1,1988,0,0,0,0,0,0,0,0,0,0
340384,1,1,1988,0,0,0,0,0,0,0,0,0,0
340385,0,1,1988,0,0,0,0,0,0,0,0,0,0
340385,1,1,1988,0,0,0,0,0,0,0,0,0,0
340386,1,1,1988,8,8,8,8,8,8,8,8,8,8
340386,2,1,1988,9,0,0,0,0,0,0,0,0,0
340387,0,1,1988,0,0,0,0,0,0,0,0,0,0
340387,1,1,1988,0,0,0,0,0,0,0,0,0,0
340388,1,1,1988,1,1,1,1,1,1,1,1,1,1
340388,2,1,1988,0,0,0,0,0,0,0,0,0,0
340389,1,1,1988,14,14,14,14,14,14,14,14,14,14
340389,2,1,1988,0,0,0,0,0,0,0,0,0,0
340390,1,1,1988,0,0,0,0,0,0,0,0,0,0
340390,2,1,1988,0,0,0,0,0,0,0,0,0,0
340391,1,1,1988,0,0,0,0,0,0,0,0,0,0
340392,0,1,1988,0,0,0,0,0,0,0,0,0,0
340392,1,1,1988,0,0,0,0,0,0,0,0,0,0
340393,1,1,1988,0,0,0,0,0,0,0,0,0,0
340393,2,1,1988,0,0,0,0,0,0,0,0,0,0
340394,1,1,1988,11,13,0,18,23,4,0,0,0,0
340394,2,1,1988,0,0,0,0,0,0,0,0,0,0
340394,3,1,1988,0,0,0,0,0,0,0,0,0,14
340395,1,1,1988,19,19,19,19,19,19,19,19,19,19
340396,1,1,1988,0,0,0,0,0,0,0,0,0,0
340396,2,1,1988,0,0,0,0,0,0,0,0,0,0
340397,1,1,1988,0,0,0,0,0,0,0,0,0,0
340398,1,1,1988,0,0,19,0,0,0,6,0,12,0
340398,2,1,1988,0,0,0,0,0,0,0,0,7,0
340398,3,1,1988,0,6,0,0,0,0,0,0,0,0
340399,1,1,1988,0,0,0,0,0,0,0,0,0,0
340400,0,1,1988,19,19,19,19,19,19,19,19,19,19
340400,1,1,1988,0,0,0,0,0,0,0,0,0,0
340401,0,1,1988,0,0,0,0,0,0,0,0,0,0
340401,1,1,1988,0,0,11,0,0,0,0,0,0,0
340402,1,1,1988,0,0,0,0,0,0,0,0,0,0
340403,0,1,1988,0,0,0,0,0,30,0,0,0,0
340403,1,1,1988,0,0,0,0,0,0,0,0,0,0
340404,1,1,1988,0,0,0,0,0,0,0,0,0,0
340405,1,1,1988,19,19,19,19,19,19,19,19,19,19
340406,1,1,1988,0,0,0,0,0,0,0,0,0,0
340406,2,1,1988,0,0,0,0,0,0,0,0,0,0
340407,0,1,1988,0,0,0,0,0,0,0,0,0,0
340407,1,1,1988,5,5,5,5,5,5,5,5,5,5
340408,1,1,1988,11,11,11,11,11,11,11,11,11,11
340409,0,1,1988,0,0,0,0,0,0,0,0,0,0
340409,1,1,1988,0,0,0,0,0,0,0,0,0,0
340410,1,1,1988,0,0,0,13,0,0,0,0,18,0
340411,0,1,1988,0,0,0,0,0,0,0,0,0,0
340411,1,1,1988,0,0,0,0,0,0,0,0,0,0
340412,1,1,1988,0,0,0,0,0,0,0,0,0,0
340413,1,1,1988,0,0,0,0,0,0,0,0,0,0
340413,2,1,1988,0,0,0,0,0,10,0,0,0,0
340414,1,1,1988,0,0,0,0,0,0,0,0,0,0
340414,2,1,1988,0,0,0,0,0,0,0,0,0,0
340416,1,1,1988,0,0,0,0,0,0,12,10,0,14
340419,1,1,1988,0,0,0,0,0,0,0,0,0,0
340419,2,1,1988,0,0,0,0,0,0,0,0,0,0
340420,1,1,1988,0,0,0,0,0,0,0,0,0,0
340420,2,1,1988,0,0,0,0,0,0,0,0,0,0
340421,1,1,1988,0,0,0,0,0,0,0,0,0,0
340421,2,1,1988,0,0,0,0,0,0,0,0,0,0
340422,1,1,1988,0,0,0,0,0,0,0,7,0,0
340423,0,1,1988,0,0,0,0,0,0,0,0,0,0
340423,1,1,1988,0,0,0,0,0,0,0,0,0,0
340424,1,1,1988,0,0,0,0,0,0,0,0,0,0
340424,2,1,1988,6,0,0,0,13,0,0,10,11,0
340425,1,1,1988,0,0,0,0,0,0,0,0,0,0
340425,2,1,1988,14,14,14,14,14,14,14,14,14,14
340426,1,1,1988,0,0,0,0,0,0,0,0,0,0
340426,2,1,1988,0,0,0,0,0,0,0,0,0,0
340427,0,1,1988,0,0,0,0,0,0,0,0,0,0
340427,0,2,1988,25,17,8,4,30,23,25,3,15,15
340427,1,1,1988,12,12,12,12,12,12,12,12,12,12
340428,1,1,1988,9,9,9,9,9,9,9,9,9,9
340428,2,1,1988,0,0,0,0,0,0,0,0,0,0
340429,0,1,1988,18,18,18,18,18,18,18,18,18,18
340429,1,1,1988,11,0,0,0,0,0,0,23,0,17
340430,1,1,1988,0,0,0,0,0,0,0,0,0,0
340430,2,1,1988,0,0,0,0,0,0,0,0,0,0
340431,1,1,1988,0,0,0,0,0,0,0,0,0,0
340431,2,1,1988,0,0,0,21,0,0,0,0,0,0
340432,1,1,1988,0,0,0,0,0,0,0,0,0,0
340432,2,1,1988,2,0,0,0,0,0,8,9,0,0
340433,0,1,1988,39,0,0,0,0,0,0,0,0,0
340433,1,1,1988,0,0,18,0,0,26,0,0,0,0
340434,1,1,1988,38,38,38,38,38,38,38,38,38,38
340436,1,1,1988,0,0,0,0,0,0,0,0,0,0
340436,2,1,1988,0,0,0,0,0,0,0,0,0,0
340437,1,1,1988,0,0,0,0,0,0,0,0,0,0
340437,2,1,1988,0,0,0,0,0,0,0,0,0,0
340438,0,1,1988,0,0,0,0,0,0,0,0,0,0
340438,1,1,1988,0,0,0,4,0,0,0,0,0,0
340439,1,1,1988,6,6,6,6,6,6,6,6,6,6
340439,2,1,1988,0,0,0,0,0,0,0,0,0,0
340440,0,1,1988,0,0,0,0,0,0,0,0,0,0
340440,0,2,1988,26,0,0,19,4,0,0,11,0,15
340440,1,1,1988,0,0,0,0,0,0,0,0,13,0
340440,2,1,1988,0,0,0,0,0,0,0,0,0,0
340441,1,1,1988,0,0,0,0,0,0,0,0,0,0
340441,2,1,1988,0,0,0,0,0,0,0,0,0,0
340441,3,1,1988,0,0,0,0,0,0,0,0,0,0
340442,0,1,1988,0,0,0,21,8,0,24,0,21,0
340442,1,1,1988,0,0,0,0,0,0,0,0,0,0
340443,1,1,1988,0,0,0,0,0,0,0,0,0,0
340443,2,1,1988,0,0,0,0,0,0,0,0,0,0