ST_CASE,VEH_NO,PER_NO,YEAR,P1,P2,P3,P4,P5,P6,P7,P8,P9,P10
340444,1,1,1988,0,0,0,0,0,0,0,0,0,0
340444,2,1,1988,3,3,3,3,3,3,3,3,3,3
340445,1,1,1988,0,0,0,0,0,0,0,24,0,0
340446,1,1,1988,11,11,11,11,11,11,11,11,11,11
340446,2,1,1988,26,26,26,26,26,26,26,26,26,26
340447,0,1,1988,0,0,0,0,0,0,0,0,0,0
340447,1,1,1988,0,0,0,0,0,0,27,0,24,0
340447,2,1,1988,0,0,0,0,0,0,0,0,0,0
340448,0,1,1988,0,0,0,0,0,0,0,0,0,16
340448,1,1,1988,0,0,0,0,0,0,0,0,0,0
340449,0,1,1988,0,0,0,0,0,0,0,0,0,0
340449,1,1,1988,0,0,0,0,0,0,0,0,0,0
340450,0,1,1988,0,0,0,0,0,0,0,0,0,0
340450,1,1,1988,0,0,0,0,0,0,0,0,0,0
340451,1,1,1988,0,0,0,6,0,0,0,0,0,0
340452,0,1,1988,0,0,0,0,0,0,0,0,0,0
340452,1,1,1988,0,0,0,0,0,0,0,0,0,0
340453,1,1,1988,0,0,0,0,13,0,17,0,0,15
340454,0,1,1988,31,31,31,31,31,31,31,31,31,31
340454,1,1,1988,0,20,0,8,11,12,15,0,0,0
340455,1,1,1988,24,24,24,24,24,24,24,24,24,24
340456,0,1,1988,0,0,0,0,0,0,0,0,0,0
340456,1,1,1988,0,0,0,0,0,0,0,0,0,0
340457,1,1,1988,20,20,20,20,20,20,20,20,20,20
340458,1,1,1988,0,0,0,0,14,0,0,0,0,0
340459,0,1,1988,19,19,19,19,19,19,19,19,19,19
340459,1,1,1988,11,8,0,0,0,0,9,5,0,0
340460,1,1,1988,0,18,0,0,16,0,9,0,0,0
340461,0,1,1988,0,0,0,0,0,7,0,0,0,0
340461,1,1,1988,0,0,0,0,0,0,0,0,0,0
340462,1,1,1988,17,17,17,17,17,17,17,17,17,17
340463,1,1,1988,0,0,0,0,0,0,0,0,0,0
340463,2,1,1988,0,0,0,0,0,0,0,0,0,0
340464,1,1,1988,0,0,0,0,0,0,0,0,0,0
340464,2,1,1988,0,0,0,0,0,0,0,0,0,0
340465,1,1,1988,0,0,0,0,0,0,0,0,0,0
340465,2,1,1988,0,0,0,3,0,0,0,0,0,0
340466,1,1,1988,0,0,0,0,0,0,0,0,0,0
340467,1,1,1988,13,13,13,13,13,13,13,13,13,13
340467,2,1,1988,20,20,20,20,20,20,20,20,20,20
340468,1,1,1988,0,0,0,0,0,0,0,0,0,0
340468,2,1,1988,0,0,0,0,0,0,0,0,0,0
340468,3,1,1988,0,0,0,0,0,0,0,0,0,0
340469,1,1,1988,0,0,0,0,0,0,0,0,0,0
340469,2,1,1988,0,0,0,0,0,0,0,0,0,0
340470,1,1,1988,2,2,2,2,2,2,2,2,2,2
340471,0,1,1988,5,5,5,5,5,5,5,5,5,5
340471,0,2,1988,0,13,0,2,20,24,7,23,25,0
340471,1,1,1988,0,26,26,0,0,20,8,0,0,0
340472,1,1,1988,0,17,11,20,0,0,25,0,0,17
340473,1,1,1988,0,6,18,7,9,17,8,27,0,9
340473,2,1,1988,0,0,0,0,0,0,0,0,0,0
340474,1,1,1988,22,22,22,22,22,22,22,22,22,22
340474,2,1,1988,22,22,22,22,22,22,22,22,22,22
340475,1,1,1988,0,0,0,0,0,0,0,0,0,0
340476,1,1,1988,0,0,0,0,0,0,0,0,0,0
340476,2,1,1988,0,0,0,0,0,0,0,0,0,0
340477,1,1,1988,0,0,0,0,0,0,0,0,0,0
340477,2,1,1988,0,0,0,0,0,0,0,0,0,0
340478,0,1,1988,0,0,0,0,0,0,0,0,0,0
340478,1,1,1988,0,0,0,0,0,0,0,0,0,0
340480,0,1,1988,0,0,0,0,0,0,0,0,0,0
340480,1,1,1988,14,14,14,14,14,14,14,14,14,14
340481,1,1,1988,0,0,0,0,0,0,0,0,0,0
340481,2,1,1988,21,21,21,21,21,21,21,21,21,21
340482,0,1,1988,0,0,0,0,0,0,0,0,0,0
340482,1,1,1988,0,0,0,0,0,0,0,0,0,0
340483,1,1,1988,0,0,0,0,0,0,0,0,0,0
340483,2,1,1988,14,0,0,0,0,0,0,0,0,0
340484,1,1,1988,0,0,0,0,0,0,0,0,0,0
340484,2,1,1988,0,0,0,0,0,0,0,0,0,0
340485,1,1,1988,21,21,21,21,21,21,21,21,21,21
340486,0,1,1988,0,0,0,0,0,0,0,0,0,0
340486,1,1,1988,0,0,0,0,23,0,10,0,0,0
340487,1,1,1988,0,0,0,0,0,0,0,0,0,0
340487,2,1,1988,0,0,0,0,0,0,0,0,0,0
340487,3,1,1988,0,0,0,0,0,0,0,0,0,0
340487,4,1,1988,0,0,0,0,0,0,0,0,0,0
340488,1,1,1988,0,0,0,0,0,0,0,0,0,0
340488,2,1,1988,0,0,0,0,0,0,0,0,0,0
340489,0,1,1988,0,0,0,0,0,0,0,0,0,0
340489,1,1,1988,0,0,0,0,0,0,0,0,0,0
340490,1,1,1988,18,18,18,18,18,18,18,18,18,18
340491,1,1,1988,0,0,0,18,0,0,0,0,0,0
340491,2,1,1988,0,0,0,0,0,0,0,0,0,0
340492,1,1,1988,0,0,0,0,0,0,0,0,0,0
340492,2,1,1988,0,0,0,0,0,0,0,0,0,0
340493,1,1,1988,0,0,0,0,0,0,0,0,0,0
340494,1,1,1988,27,27,27,27,27,27,27,27,27,27
340495,1,1,1988,0,0,0,0,0,0,0,0,0,0
340496,1,1,1988,9,9,9,9,9,9,9,9,9,9
340497,1,1,1988,0,0,0,0,0,0,0,0,0,0
340497,2,1,1988,4,4,4,4,4,4,4,4,4,4
340498,1,1,1988,0,0,0,0,0,0,0,0,0,0
340499,0,1,1988,0,0,0,0,0,0,0,0,0,0
340499,1,1,1988,0,0,0,0,0,0,0,0,0,0
340500,1,1,1988,0,0,0,0,0,0,0,0,0,0
340501,1,1,1988,0,0,0,0,0,0,0,10,0,0
340502,1,1,1988,17,17,17,17,17,17,17,17,17,17
340503,1,1,1988,0,0,0,0,0,0,0,0,0,0
340504,1,1,1988,0,0,10,0,0,0,0,0,0,0
340504,2,1,1988,0,0,0,0,0,0,0,0,0,0
340504,3,1,1988,0,0,0,0,0,0,0,0,0,0
340505,0,1,1988,0,0,0,0,0,0,0,0,0,0
340505,1,1,1988,0,0,0,0,0,0,0,0,0,0
340506,0,1,1988,0,0,0,0,0,0,0,0,0,0
340506,1,1,1988,0,0,0,0,0,0,0,0,0,0
340507,1,1,1988,0,0,0,0,0,0,0,0,0,0
340508,0,1,1988,0,0,0,0,0,0,0,0,0,0
340508,1,1,1988,0,0,0,0,0,0,0,0,0,0
340509,1,1,1988,0,0,0,0,0,6,0,0,0,0
340509,2,1,1988,0,0,0,0,0,0,0,0,0,0
340510,1,1,1988,0,0,0,0,0,0,0,0,0,0
340510,2,1,1988,0,0,0,0,0,0,0,0,0,0
340511,0,1,1988,0,0,0,0,0,0,0,0,0,0
340511,1,1,1988,0,0,0,0,0,0,0,0,0,0
340512,1,1,1988,2,2,2,2,2,2,2,2,2,2
340513,1,1,1988,11,0,0,0,0,0,9,0,0,0
340514,1,1,1988,0,0,0,0,0,0,0,0,0,0
340514,2,1,1988,0,0,0,0,0,0,0,0,0,0
340515,1,1,1988,0,0,0,0,0,0,0,0,0,0
340515,2,1,1988,0,0,0,0,0,0,0,0,0,0
340516,1,1,1988,5,5,5,5,5,5,5,5,5,5
340517,1,1,1988,0,0,0,0,0,0,0,0,0,0
340517,2,1,1988,0,0,0,0,0,0,0,0,0,0
340517,3,1,1988,0,0,0,0,0,0,0,0,0,14
340519,1,1,1988,0,0,0,0,0,0,0,0,0,0
340519,2,1,1988,0,0,0,0,0,0,0,0,0,0
340520,1,1,1988,0,3,0,10,0,11,0,0,9,19
340520,2,1,1988,0,0,0,0,0,0,0,0,0,0
340521,0,1,1988,12,12,12,12,12,12,12,12,12,12
340521,1,1,1988,0,0,22,0,10,0,0,0,0,0
340522,1,1,1988,0,0,0,0,0,0,0,0,0,0
340523,0,1,1988,0,0,0,0,0,0,0,0,0,0
340523,1,1,1988,0,0,0,0,0,0,0,0,0,0
340525,0,1,1988,0,26,25,13,35,31,19,22,32,0
340526,1,1,1988,0,0,0,0,0,10,0,0,0,0
340526,2,1,1988,0,0,0,0,0,0,0,0,0,0
340527,1,1,1988,0,0,0,0,0,0,0,0,0,0
340527,2,1,1988,0,0,0,0,0,0,0,0,0,0
340528,0,1,1988,19,19,19,19,19,19,19,19,19,19
340528,1,1,1988,0,0,0,0,8,0,0,0,0,0
340528,2,1,1988,0,0,0,0,0,0,0,0,0,0
340529,1,1,1988,15,0,0,0,0,0,0,0,0,0
340529,2,1,1988,12,12,12,12,12,12,12,12,12,12
340530,1,1,1988,17,17,17,17,17,17,17,17,17,17
340531,0,1,1988,12,12,12,12,12,12,12,12,12,12
340531,1,1,1988,0,0,0,0,0,0,0,0,0,0
340532,1,1,1988,1,1,1,1,1,1,1,1,1,1
340532,2,1,1988,0,0,0,0,0,0,0,0,0,0
340534,1,1,1988,4,4,4,4,4,4,4,4,4,4
340537,0,1,1988,0,0,0,0,0,0,0,0,0,0
340537,1,1,1988,0,0,0,0,0,0,0,0,0,0
340539,0,1,1988,24,24,24,24,24,24,24,24,24,24
340539,1,1,1988,0,0,0,0,0,0,9,0,0,0
340540,0,1,1988,0,0,0,0,0,0,0,0,0,0
340540,1,1,1988,0,0,0,0,0,25,0,0,0,0
340542,1,1,1988,0,0,0,0,0,0,0,0,0,0
340542,2,1,1988,0,0,0,0,0,0,0,0,0,0
340543,1,1,1988,14,14,14,14,14,14,14,14,14,14
340544,1,1,1988,0,0,0,0,0,0,0,0,0,0
340544,2,1,1988,0,0,0,0,0,0,0,0,0,0
340545,0,1,1988,0,0,0,0,0,0,0,0,0,0
340546,1,1,1988,0,0,0,0,0,0,0,0,0,0
340546,2,1,1988,11,0,0,0,0,0,0,0,0,0
340547,1,1,1988,0,0,0,0,0,0,0,0,0,0
340549,0,1,1988,7,7,7,7,7,7,7,7,7,7
340549,0,2,1988,14,17,21,17,19,15,15,12,6,25
340549,1,1,1988,0,0,21,0,0,19,0,0,0,0
340550,0,1,1988,0,0,0,0,0,0,0,0,0,0
340550,1,1,1988,0,0,0,0,0,0,0,0,0,0
340551,0,1,1988,0,0,0,0,0,0,0,0,0,0
340551,1,1,1988,0,0,0,0,0,0,0,0,0,0
340552,1,1,1988,0,0,0,0,0,0,0,0,0,0
340554,0,1,1988,0,0,0,0,0,0,0,0,0,0
340554,1,1,1988,21,21,21,21,21,21,21,21,21,21
340555,0,1,1988,0,0,0,0,0,0,0,0,0,0
340555,0,2,1988,0,0,0,0,0,0,0,0,0,0
340555,1,1,1988,0,0,0,0,0,12,0,0,0,0
340556,1,1,1988,0,0,0,0,0,0,0,0,0,0
340556,2,1,1988,0,0,0,0,0,0,0,0,0,0
340557,1,1,1988,0,0,0,0,0,0,0,0,0,0
340557,2,1,1988,0,0,0,0,0,0,0,0,0,0
340558,1,1,1988,0,0,0,0,0,0,0,0,0,0
340559,1,1,1988,16,16,16,16,16,16,16,16,16,16
340560,1,1,1988,0,0,0,0,0,0,0,0,0,0
340560,2,1,1988,18,18,18,18,18,18,18,18,18,18
340561,1,1,1988,0,0,0,0,0,0,0,0,0,0
340561,2,1,1988,0,0,0,0,0,0,0,0,0,0
340562,1,1,1988,0,0,0,0,0,0,0,0,0,0
340562,2,1,1988,0,0,0,0,0,0,0,0,0,0
340563,1,1,1988,11,11,11,11,11,11,11,11,11,11
340564,1,1,1988,14,14,14,14,14,14,14,14,14,14
340565,1,1,1988,21,21,21,21,21,21,21,21,21,21
340565,2,1,1988,0,13,0,8,0,0,9,15,0,0
340565,3,1,1988,0,0,0,0,0,0,0,0,0,0
340565,4,1,1988,0,14,0,0,0,0,0,18,0,0
340566,1,1,1988,25,25,25,25,25,25,25,25,25,25
340567,1,1,1988,0,0,0,0,0,0,0,0,0,0
340567,2,1,1988,0,0,0,0,0,0,0,0,0,0
340567,3,1,1988,0,0,0,0,0,0,0,0,0,0
340569,1,1,1988,0,0,0,0,0,0,0,0,0,0
340569,2,1,1988,0,0,0,0,0,0,0,0,0,0
340569,3,1,1988,0,0,0,0,0,0,0,0,0,0
340569,4,1,1988,0,0,0,0,0,0,0,0,0,0
340570,1,1,1988,11,11,11,11,11,11,11,11,11,11
340571,1,1,1988,15,15,15,15,15,15,15,15,15,15
340572,0,1,1988,30,30,30,30,30,30,30,30,30,30
340572,1,1,1988,0,0,0,0,0,0,0,0,0,0
340572,2,1,1988,0,0,0,0,0,0,0,0,0,0
340572,3,1,1988,0,0,0,0,0,0,9,0,0,0
340573,1,1,1988,0,0,0,0,0,0,0,0,0,0
340574,1,1,1988,0,0,0,0,0,0,0,0,0,0
340575,1,1,1988,16,16,16,16,16,16,16,16,16,16
340576,0,1,1988,0,0,0,0,0,0,0,0,0,0
340576,1,1,1988,0,0,0,0,0,0,0,0,0,0
340577,1,1,1988,23,23,23,23,23,23,23,23,23,23
340578,1,1,1988,0,0,0,22,0,0,0,0,0,0
340579,0,1,1988,0,0,0,0,0,0,0,0,0,0
340579,1,1,1988,4,4,4,4,4,4,4,4,4,4
340580,0,1,1988,0,0,0,0,0,0,0,0,0,0
340580,1,1,1988,0,0,0,0,0,0,0,0,0,0
340581,1,1,1988,0,0,0,0,0,0,0,0,0,0
340581,2,1,1988,0,0,0,0,0,0,30,0,0,17
340582,1,1,1988,32,32,32,32,32,32,32,32,32,32
340582,2,1,1988,0,0,0,0,0,0,0,0,0,0
340583,1,1,1988,18,18,18,18,18,18,18,18,18,18
340584,1,1,1988,0,0,0,0,0,0,0,0,0,0
340584,2,1,1988,0,0,0,0,0,0,0,0,0,0
340585,1,1,1988,0,0,0,0,0,0,0,0,0,0
340585,2,1,1988,0,0,0,0,0,0,0,0,0,0
340585,3,1,1988,0,0,0,0,0,0,0,0,0,0
340586,0,1,1988,0,0,0,0,0,0,0,0,0,0
340586,1,1,1988,0,0,0,0,0,0,0,0,0,0
340587,1,1,1988,1,1,1,1,1,1,1,1,1,1
340588,1,1,1988,10,10,10,10,10,10,10,10,10,10
340589,0,1,1988,0,0,0,0,0,0,0,0,0,0
340589,1,1,1988,0,0,0,0,0,0,0,0,0,0
340590,1,1,1988,19,19,19,19,19,19,19,19,19,19
340591,1,1,1988,0,21,0,15,7,8,0,9,0,5
340592,1,1,1988,0,0,0,0,0,0,0,0,8,6
340593,1,1,1988,0,0,0,0,0,0,0,0,0,0
340594,1,1,1988,13,13,13,13,13,13,13,13,13,13
340595,1,1,1988,0,0,0,0,0,0,0,0,0,30
340595,2,1,1988,0,0,0,0,0,0,0,0,0,0
340595,3,1,1988,4,4,4,4,4,4,4,4,4,4
340596,1,1,1988,25,25,25,25,25,25,25,25,25,25
340596,2,1,1988,14,14,14,14,14,14,14,14,14,14
340597,1,1,1988,19,19,19,19,19,19,19,19,19,19
340598,1,1,1988,0,0,0,0,0,0,0,0,0,0
340600,1,1,1988,0,0,0,0,0,0,0,0,0,0
340600,2,1,1988,16,16,16,16,16,16,16,16,16,16
340601,1,1,1988,0,0,0,0,0,0,0,0,0,0
340601,2,1,1988,0,0,0,0,0,0,0,0,0,0
340601,3,1,1988,0,0,0,0,0,0,0,0,0,0
340602,1,1,1988,0,0,0,0,0,0,0,0,0,0
340602,2,1,1988,0,0,0,0,0,0,0,0,0,0
340603,0,1,1988,0,22,29,23,26,0,11,0,17,18
340603,1,1,1988,9,15,15,21,17,14,14,8,22,20
340604,0,1,1988,0,0,0,0,0,0,0,0,0,0
340604,1,1,1988,0,0,0,11,0,0,0,0,0,0
340605,1,1,1988,0,0,0,0,0,0,0,0,0,0
340605,2,1,1988,0,0,0,0,0,0,0,0,0,0
340607,1,1,1988,0,0,0,0,0,0,0,0,0,0
340607,2,1,1988,7,7,7,7,7,7,7,7,7,7
340608,1,1,1988,10,10,10,10,10,10,10,10,10,10
340608,2,1,1988,4,4,4,4,4,4,4,4,4,4
340609,1,1,1988,0,0,0,0,0,0,0,6,0,0
340609,2,1,1988,0,0,0,0,0,0,0,0,0,0
340610,1,1,1988,0,0,0,0,0,0,0,0,0,0
340610,2,1,1988,17,17,17,17,17,17,17,17,17,17
340611,1,1,1988,0,0,0,0,0,0,0,0,0,0
340611,2,1,1988,0,0,0,0,0,0,0,0,0,0
340612,1,1,1988,15,15,15,15,15,15,15,15,15,15
340613,1,1,1988,21,0,0,0,0,0,0,0,0,0
340614,0,1,1988,27,27,27,27,27,27,27,27,27,27
340614,1,1,1988,0,0,0,0,0,0,0,0,0,0
340615,1,1,1988,0,0,0,0,0,0,0,0,0,0
340615,2,1,1988,0,0,0,0,0,0,0,0,0,0
340616,1,1,1988,0,0,0,0,0,0,0,0,0,0
340617,1,1,1988,0,0,0,0,0,0,0,0,0,0
340617,2,1,1988,0,0,0,0,0,0,0,0,0,0
340617,3,1,1988,0,0,0,0,0,0,0,0,0,0
340618,1,1,1988,0,0,0,0,0,0,0,0,0,0
340619,1,1,1988,0,0,0,0,0,0,0,0,0,0
340619,2,1,1988,0,0,0,0,0,0,0,0,0,0
340620,1,1,1988,14,14,14,14,14,14,14,14,14,14
340621,1,1,1988,7,0,0,0,0,0,0,0,17,0
340621,2,1,1988,0,0,0,0,0,0,0,0,0,0
340621,3,1,1988,0,0,0,0,0,0,0,0,0,0
340622,0,1,1988,1,1,1,1,1,1,1,1,1,1
340622,1,1,1988,0,0,0,0,0,0,0,0,0,0
340623,1,1,1988,0,0,25,0,0,0,10,0,0,0
340623,2,1,1988,0,0,0,0,0,0,0,0,0,0
340625,1,1,1988,0,0,0,0,0,0,0,0,0,0
340626,1,1,1988,0,0,0,0,0,0,6,0,0,18
340627,1,1,1988,0,8,0,0,0,0,14,0,0,0
340627,2,1,1988,0,0,0,0,0,0,0,0,0,0
340628,1,1,1988,0,0,0,0,0,0,0,0,0,0
340628,2,1,1988,0,0,0,0,0,0,0,0,0,0
340628,3,1,1988,0,0,0,0,0,0,0,0,0,0
340628,4,1,1988,0,0,0,0,0,0,0,0,0,0
340629,1,1,1988,0,0,0,0,0,0,0,0,0,0
340630,1,1,1988,0,0,0,0,0,0,0,0,0,0
340631,0,1,1988,0,0,0,0,0,0,0,0,0,0
340631,1,1,1988,0,0,0,0,0,0,0,0,0,0
340633,1,1,1988,15,15,15,15,15,15,15,15,15,15
340634,1,1,1988,20,20,20,20,20,20,20,20,20,20
340635,1,1,1988,0,0,0,0,0,0,0,0,0,0
340635,2,1,1988,0,0,0,0,0,0,0,0,0,0
340636,1,1,1988,0,0,0,0,0,0,0,0,0,0
340637,1,1,1988,0,0,0,0,0,0,0,0,0,0
340637,2,1,1988,0,0,0,0,0,0,0,0,0,0
340637,3,1,1988,0,0,0,0,0,0,0,0,0,0
340639,1,1,1988,9,9,9,9,9,9,9,9,9,9
340640,1,1,1988,0,0,0,0,0,0,0,0,0,0
340640,2,1,1988,0,0,0,0,0,0,0,0,0,0
340641,0,1,1988,17,17,17,17,17,17,17,17,17,17
340641,1,1,1988,0,0,0,0,0,0,0,0,0,0
340642,1,1,1988,12,12,12,12,12,12,12,12,12,12
340643,0,1,1988,0,0,0,0,0,0,0,0,0,0
340643,1,1,1988,0,0,0,0,0,0,0,0,0,0
340644,1,1,1988,1,1,1,1,1,1,1,1,1,1
340647,1,1,1988,0,0,0,0,0,0,0,0,0,0
340647,2,1,1988,0,0,0,0,0,0,0,0,0,0
340648,1,1,1988,0,0,0,0,0,0,0,0,0,0
340648,2,1,1988,23,23,23,23,23,23,23,23,23,23
340649,1,1,1988,11,11,11,11,11,11,11,11,11,11
340649,2,1,1988,0,0,0,0,0,0,0,0,0,0
340650,1,1,1988,20,20,20,20,20,20,20,20,20,20
340651,1,1,1988,0,0,0,0,0,0,0,0,0,0
340651,2,1,1988,0,0,0,0,0,0,0,0,0,0
340651,3,1,1988,0,13,0,0,0,0,0,0,0,0
340652,0,1,1988,0,0,0,0,5,0,0,0,0,0
340652,1,1,1988,0,0,0,0,0,0,0,0,0,0
340653,1,1,1988,15,15,15,15,15,15,15,15,15,15
340654,1,1,1988,0,0,0,0,0,0,0,0,0,0
340655,1,1,1988,0,14,0,23,0,35,4,0,0,24
340656,0,1,1988,29,37,15,0,29,22,0,16,14,18
340656,1,1,1988,0,0,0,0,0,0,0,0,0,0
340657,1,1,1988,0,0,0,0,0,0,0,0,0,0
340658,1,1,1988,0,0,0,0,0,0,0,0,0,0
340659,1,1,1988,0,0,0,0,0,0,0,0,11,0
340659,2,1,1988,14,0,15,23,25,0,0,0,17,0
340660,1,1,1988,21,21,21,21,21,21,21,21,21,21
340660,2,2,1988,23,23,23,23,23,23,23,23,23,23
340661,0,1,1988,0,0,0,0,0,0,0,0,0,0
340661,1,1,1988,0,0,0,0,0,0,0,0,0,0
340662,0,1,1988,0,0,0,0,0,0,0,0,0,0
340662,1,1,1988,0,0,0,0,0,0,0,0,0,0
340664,1,1,1988,0,0,0,0,0,0,0,0,0,0
340664,2,1,1988,0,0,0,0,0,0,0,0,0,0
340665,1,1,1988,0,0,0,0,0,0,0,0,0,0
340665,2,1,1988,0,7,0,0,9,27,7,0,41,0
340666,0,1,1988,0,0,0,0,0,0,0,0,0,0
340666,1,1,1988,0,0,0,0,0,0,0,0,0,0
340667,1,1,1988,0,0,0,0,0,0,0,0,0,0
340667,2,1,1988,0,0,0,0,0,0,0,0,0,0
340669,1,1,1988,0,0,0,0,0,0,0,0,0,0
340669,2,1,1988,0,0,0,0,18,0,0,0,0,0
340670,1,1,1988,0,0,0,0,0,0,0,0,0,0
340670,2,1,1988,0,0,0,0,0,0,0,0,0,0
340671,1,1,1988,23,23,23,23,23,23,23,23,23,23
340671,2,1,1988,8,0,0,0,0,0,0,0,0,0
340672,1,1,1988,0,0,0,0,0,0,0,0,0,0
340672,2,1,1988,0,0,0,0,0,0,0,0,0,0
340673,1,1,1988,28,28,28,28,28,28,28,28,28,28
340674,1,1,1988,0,0,0,0,0,14,0,0,0,0
340674,2,1,1988,0,0,0,0,0,0,0,0,0,0
340675,0,1,1988,0,0,0,0,0,0,0,0,0,0
340675,1,1,1988,2,2,2,2,2,2,2,2,2,2
340676,1,1,1988,0,0,0,0,0,0,0,0,0,0
340677,0,1,1988,0,0,0,0,0,0,0,0,0,0
340677,1,1,1988,0,0,0,7,7,0,0,0,0,28
340678,0,1,1988,0,0,0,0,0,0,0,0,0,0
340678,1,1,1988,0,0,0,0,0,0,0,0,0,0
340679,1,1,1988,20,20,20,20,20,20,20,20,20,20
340680,1,1,1988,4,4,4,4,4,4,4,4,4,4
340680,2,1,1988,0,0,0,0,0,0,0,0,0,0
340680,3,1,1988,0,0,0,0,0,0,0,0,0,0
340681,0,1,1988,19,19,19,19,19,19,19,19,19,19
340681,1,1,1988,0,0,0,0,0,0,0,0,0,0
340682,0,1,1988,11,11,11,11,11,11,11,11,11,11
340682,1,1,1988,20,0,0,3,8,0,7,7,11,0
340684,0,1,1988,0,0,0,0,0,0,0,0,0,0
340684,1,1,1988,3,3,3,3,3,3,3,3,3,3
340684,2,1,1988,28,19,0,0,0,0,0,0,0,0
340685,1,1,1988,0,0,0,0,0,0,0,0,0,0
340686,1,1,1988,0,0,0,0,0,0,0,0,0,0
340686,2,1,1988,0,0,0,0,0,0,0,0,0,0
340687,1,1,1988,0,0,0,0,0,0,0,0,0,0
340687,2,1,1988,0,0,0,0,0,0,0,0,0,0
340688,1,1,1988,0,0,0,0,0,0,0,0,0,0
340688,2,1,1988,0,5,11,0,10,13,0,0,0,0
340689,0,1,1988,0,0,0,19,0,0,0,17,0,0
340689,1,1,1988,0,0,0,0,0,0,0,0,0,0
340690,1,1,1988,0,0,0,0,0,0,0,0,0,0
340690,2,1,1988,0,0,0,0,0,0,0,0,0,0
340691,1,1,1988,0,0,0,0,0,0,0,0,0,0
340691,2,1,1988,0,0,0,0,0,0,0,0,0,0
340691,3,1,1988,0,0,0,0,0,0,0,0,0,0
340691,4,1,1988,0,0,0,0,0,21,0,0,0,0
340692,1,1,1988,15,15,15,15,15,15,15,15,15,15
340692,2,1,1988,0,0,0,0,0,0,16,0,0,0
340693,1,1,1988,14,14,14,14,14,14,14,14,14,14
340694,1,1,1988,0,0,0,0,0,0,0,0,0,0
340694,2,1,1988,0,15,3,0,0,5,0,0,5,0
340695,1,1,1988,20,20,20,20,20,20,20,20,20,20
340696,1,1,1988,13,13,13,13,13,13,13,13,13,13
340697,1,1,1988,12,12,12,12,12,12,12,12,12,12
340699,1,1,1988,21,21,21,21,21,21,21,21,21,21
340699,2,1,1988,0,0,0,0,0,0,0,0,0,0
340699,3,1,1988,0,0,0,0,0,0,0,0,0,0
340701,1,1,1988,0,0,0,0,0,0,0,0,0,0
340701,2,1,1988,0,0,0,0,0,0,0,0,0,0
340701,3,1,1988,0,0,0,0,0,0,0,0,0,0
340702,0,1,1988,14,14,14,14,14,14,14,14,14,14
340702,1,1,1988,0,1,18,0,22,14,10,0,0,0
340703,1,1,1988,4,4,4,4,4,4,4,4,4,4
340704,1,1,1988,26,26,26,26,26,26,26,26,26,26
340705,1,1,1988,0,17,28,24,0,12,0,0,23,0
340706,1,1,1988,0,0,0,0,0,0,0,0,0,0
340706,2,1,1988,16,16,16,16,16,16,16,16,16,16
340707,1,1,1988,0,0,0,0,0,0,0,0,0,0
340708,1,1,1988,0,0,0,0,0,0,0,0,0,0
340708,2,1,1988,0,0,0,0,0,0,0,0,0,0
340709,1,1,1988,0,0,0,0,0,0,0,0,0,0
340709,2,1,1988,25,25,25,25,25,25,25,25,25,25
340710,0,1,1988,9,9,9,9,9,9,9,9,9,9
340710,1,1,1988,20,13,0,0,11,20,26,37,0,0
340712,1,1,1988,0,0,0,0,0,0,0,0,0,0
340712,2,1,1988,0,0,0,0,0,0,0,0,0,0
340713,1,1,1988,18,18,18,18,18,18,18,18,18,18
340714,1,1,1988,0,0,0,0,0,0,0,0,0,0
340714,2,1,1988,0,0,0,0,0,0,0,0,0,0
340715,0,1,1988,0,0,0,0,0,0,0,0,0,0
340715,1,1,1988,3,0,0,0,0,0,0,0,0,11
340715,2,1,1988,0,0,9,0,0,0,0,0,0,0
340716,1,1,1988,0,0,0,0,0,0,0,0,0,0
340717,0,1,1988,0,0,0,0,0,0,0,0,0,0
340717,1,1,1988,30,30,30,30,30,30,30,30,30,30
340718,1,1,1988,0,0,0,0,0,0,0,0,0,0
340718,2,1,1988,0,0,0,0,0,0,0,0,0,5
340719,1,1,1988,18,18,18,18,18,18,18,18,18,18
340719,2,1,1988,0,0,0,0,0,0,0,0,0,0
340720,1,1,1988,4,4,4,4,4,4,4,4,4,4
340721,0,1,1988,0,0,0,0,0,0,0,0,0,0
340721,1,1,1988,12,0,18,17,0,19,21,15,6,0
340722,0,1,1988,0,0,0,0,0,0,0,0,0,0
340722,0,2,1988,23,37,20,26,20,13,43,20,0,17
340722,1,1,1988,0,15,0,0,0,11,5,0,25,0
340723,1,1,1988,5,5,5,5,5,5,5,5,5,5
340724,0,1,1988,0,0,0,0,0,0,0,0,0,0
340724,1,1,1988,0,0,0,0,8,0,0,0,0,0
340725,1,1,1988,0,0,0,0,14,21,0,19,0,0
340725,2,1,1988,0,0,0,0,0,13,0,8,0,0
340726,0,1,1988,0,0,0,0,0,0,0,0,0,0
340726,1,1,1988,0,0,0,0,0,0,0,0,0,0
340727,0,1,1988,0,0,0,0,0,0,0,0,0,0
340727,1,1,1988,0,0,0,3,0,0,0,0,0,0
340728,1,1,1988,0,17,0,0,0,0,0,0,0,11
340728,2,1,1988,18,18,18,18,18,18,18,18,18,18
340729,0,1,1988,15,15,15,15,15,15,15,15,15,15
340729,0,2,1988,0,0,0,0,0,0,0,0,0,0
340729,1,1,1988,0,0,0,0,0,0,0,0,0,0
340730,1,1,1988,0,0,0,0,0,0,0,0,0,0
340730,2,1,1988,0,0,0,0,0,0,0,0,0,0
340731,0,1,1988,0,0,0,0,0,0,0,0,0,0
340731,1,1,1988,0,0,15,0,0,0,0,0,0,0
340732,0,1,1988,0,0,0,0,0,0,0,0,0,0
340732,1,1,1988,0,0,0,0,0,0,0,0,0,0