ST_CASE,VEH_NO,PER_NO,YEAR,P1,P2,P3,P4,P5,P6,P7,P8,P9,P10
340733,1,1,1988,10,10,10,10,10,10,10,10,10,10
340733,2,1,1988,0,0,0,0,0,0,0,0,0,0
340734,0,1,1988,33,33,33,33,33,33,33,33,33,33
340734,1,1,1988,0,0,0,0,0,0,0,0,0,0
340735,1,1,1988,29,29,29,29,29,29,29,29,29,29
340736,0,1,1988,0,0,0,0,0,0,0,0,0,0
340736,1,1,1988,0,0,0,0,0,0,0,0,0,0
340737,1,1,1988,0,0,0,0,0,0,0,0,0,0
340738,1,1,1988,0,0,0,0,0,0,0,0,0,0
340739,0,1,1988,0,0,0,0,0,0,0,0,0,0
340739,1,1,1988,0,0,0,0,0,0,0,0,0,0
340740,1,1,1988,0,0,0,0,0,0,0,0,0,0
340741,0,1,1988,0,0,0,0,0,0,0,0,0,0
340741,1,1,1988,12,0,0,0,0,0,0,0,0,0
340742,1,1,1988,0,0,0,0,0,0,0,0,0,0
340742,2,1,1988,0,21,14,0,0,11,0,16,0,0
340743,1,1,1988,29,0,5,0,28,0,12,19,0,23
340744,1,1,1988,0,0,0,0,0,0,0,0,0,0
340745,0,1,1988,0,0,0,0,0,0,0,0,25,0
340745,1,1,1988,0,0,0,0,0,0,0,0,0,0
340747,1,1,1988,17,17,17,17,17,17,17,17,17,17
340748,0,1,1988,0,0,0,0,0,0,0,0,0,0
340748,1,1,1988,0,0,0,0,0,0,0,0,0,0
340749,0,1,1988,0,0,0,0,0,0,0,0,0,0
340749,1,1,1988,0,0,0,0,0,0,0,0,0,0
340750,1,1,1988,21,21,21,21,21,21,21,21,21,21
340751,1,1,1988,0,0,0,0,0,0,0,0,0,0
340752,0,1,1988,0,0,0,0,0,0,0,0,0,11
340752,1,1,1988,0,0,0,0,0,0,0,0,0,0
340753,1,1,1988,29,29,29,29,29,29,29,29,29,29
340754,1,1,1988,0,0,0,0,0,0,0,0,0,0
340754,2,1,1988,0,0,0,0,0,0,0,0,0,0
340755,1,1,1988,5,5,5,5,5,5,5,5,5,5
340755,2,1,1988,0,0,0,0,0,0,0,0,0,0
340756,1,1,1988,0,0,0,0,0,0,0,0,0,0
340756,2,1,1988,10,10,10,10,10,10,10,10,10,10
340757,1,1,1988,0,0,0,0,0,0,0,0,0,0
340757,2,1,1988,0,0,0,0,0,0,0,0,0,0
340757,3,1,1988,0,0,0,0,0,0,0,0,15,0
340757,4,1,1988,0,0,0,0,0,0,0,0,0,0
340757,5,1,1988,0,0,0,0,0,0,0,0,0,0
340758,1,1,1988,0,0,0,0,0,0,0,0,0,0
340758,2,1,1988,0,0,0,0,0,0,0,0,0,0
340760,0,1,1988,0,0,0,0,0,0,0,0,0,0
340760,1,1,1988,0,0,0,0,0,0,0,0,0,0
340761,1,1,1988,13,13,13,13,13,13,13,13,13,13
340762,1,1,1988,0,0,0,0,0,0,0,0,0,0
340762,2,1,1988,6,6,6,6,6,6,6,6,6,6
340762,3,1,1988,0,0,7,3,6,6,0,13,0,2
340763,1,1,1988,0,0,0,0,0,0,0,0,0,0
340764,1,1,1988,0,0,0,0,0,0,0,0,0,0
340764,2,1,1988,0,0,0,0,0,0,0,0,0,0
340765,1,1,1988,0,0,0,23,0,0,17,0,0,0
340765,2,1,1988,6,6,6,6,6,6,6,6,6,6
340766,1,1,1988,0,0,0,0,0,0,0,0,23,0
340767,1,1,1988,28,28,28,28,28,28,28,28,28,28
340768,1,1,1988,0,0,0,0,0,0,0,0,0,0
340769,0,1,1988,0,0,0,0,0,0,0,0,0,0
340769,1,1,1988,0,0,0,0,0,0,0,0,0,0
340770,0,1,1988,0,0,0,0,0,0,0,0,0,0
340770,1,1,1988,0,0,0,0,0,0,0,0,0,0
340771,0,1,1988,20,20,20,20,20,20,20,20,20,20
340771,1,1,1988,0,0,0,0,0,0,0,0,0,0
340772,1,1,1988,0,0,0,0,0,0,0,0,0,0
340772,2,1,1988,0,0,0,0,0,0,0,0,0,0
340772,3,1,1988,0,0,0,0,0,0,0,0,0,0
340773,1,1,1988,0,0,0,0,0,0,0,0,0,0
340773,2,1,1988,18,18,18,18,18,18,18,18,18,18
340774,0,1,1988,0,0,0,0,0,0,0,0,0,0
340774,1,1,1988,0,0,0,0,0,0,13,0,0,0
340774,2,1,1988,0,0,0,0,0,0,0,0,0,0
340775,1,1,1988,0,0,0,0,0,0,0,0,0,0
340775,2,1,1988,0,0,0,0,0,0,0,0,0,0
340776,1,1,1988,0,0,0,0,0,0,0,0,0,0
340779,1,2,1988,0,0,0,0,0,0,0,0,0,0
340780,1,1,1988,0,0,0,0,0,0,0,0,0,0
340781,0,1,1988,0,3,0,0,0,0,0,0,0,0
340781,1,1,1988,0,0,0,0,0,0,0,0,0,0
340782,1,1,1988,0,0,0,0,0,0,0,0,0,0
340782,2,1,1988,0,0,0,0,0,0,0,0,0,0
340783,0,1,1988,0,0,0,0,0,0,0,0,0,0
340783,1,1,1988,0,0,0,0,0,0,19,0,0,0
340784,1,1,1988,16,16,16,16,16,16,16,16,16,16
340785,1,1,1988,0,0,0,0,0,0,0,0,0,0
340786,1,1,1988,0,0,0,0,0,20,0,0,0,0
340786,2,1,1988,17,17,17,17,17,17,17,17,17,17
340787,0,1,1988,0,0,0,0,0,0,0,0,0,0
340787,1,1,1988,0,0,0,0,0,0,0,0,0,0
340788,1,1,1988,8,8,8,8,8,8,8,8,8,8
340788,2,1,1988,0,0,0,0,0,0,0,0,0,0
340789,0,1,1988,0,0,0,0,0,0,0,0,0,0
340789,1,1,1988,0,0,0,0,0,0,0,0,0,0
340790,0,1,1988,0,0,0,0,0,0,0,0,0,0
340790,1,1,1988,0,0,0,0,0,0,0,0,0,0
340791,1,1,1988,0,0,0,0,0,0,0,0,0,0
340791,2,1,1988,0,0,0,0,0,0,0,0,0,0
340792,1,1,1988,0,0,4,0,25,0,0,0,0,0
340793,1,1,1988,1,1,1,1,1,1,1,1,1,1
340794,1,1,1988,0,0,0,0,0,0,0,0,0,0
340794,2,1,1988,0,0,0,0,0,0,0,0,0,0
340795,1,1,1988,8,8,8,8,8,8,8,8,8,8
340796,1,1,1988,18,18,18,18,18,18,18,18,18,18
340796,2,1,1988,0,0,0,0,0,0,0,0,0,0
340797,1,1,1988,17,17,17,17,17,17,17,17,17,17
340798,1,1,1988,0,0,0,0,0,0,0,0,0,0
340799,1,1,1988,18,18,18,18,18,18,18,18,18,18
340800,0,1,1988,0,8,0,0,0,0,0,0,0,0
340800,1,1,1988,0,0,0,0,0,0,0,0,0,0
340801,1,1,1988,12,12,12,12,12,12,12,12,12,12
340802,1,1,1988,0,0,0,0,0,0,0,0,0,0
340802,2,1,1988,0,0,0,0,0,0,0,0,0,0
340803,0,1,1988,0,0,0,0,0,0,0,0,0,0
340803,1,1,1988,0,0,0,3,0,14,0,0,0,0
340804,1,1,1988,0,0,0,0,0,0,0,0,0,0
340805,0,1,1988,0,0,0,0,0,0,0,0,0,0
340805,1,1,1988,0,0,0,0,0,0,0,0,0,0
340806,1,1,1988,0,0,0,0,0,0,0,0,0,0
340806,2,1,1988,0,0,0,0,0,0,0,0,0,0
340807,1,1,1988,0,0,0,23,34,0,0,0,0,0
340807,2,1,1988,0,0,0,0,0,0,0,0,0,0
340808,1,1,1988,0,0,0,0,0,0,0,0,0,0
340808,2,1,1988,0,0,0,0,0,0,0,0,0,0
340809,1,1,1988,0,0,0,0,0,0,0,0,0,0
340809,2,1,1988,0,0,0,0,0,0,0,0,0,0
340811,1,1,1988,0,0,0,0,0,0,0,0,0,0
340811,2,1,1988,0,0,0,0,0,0,0,0,0,0
340811,3,1,1988,0,0,0,0,0,0,0,0,0,0
340812,1,1,1988,0,0,0,0,0,0,0,0,0,0
340812,2,1,1988,0,0,0,0,0,0,0,0,0,7
340812,3,1,1988,0,0,0,0,0,0,0,0,0,0
340814,0,1,1988,19,19,19,19,19,19,19,19,19,19
340814,1,1,1988,0,0,0,0,0,0,0,0,0,0
340815,1,1,1988,0,0,0,0,0,0,0,0,0,0
340816,0,1,1988,0,0,0,0,0,0,0,0,0,0
340816,1,1,1988,31,11,0,0,19,0,0,15,15,11
340817,0,1,1988,0,0,0,0,0,0,11,0,11,0
340817,1,1,1988,0,0,0,0,0,0,0,0,0,0
340818,1,1,1988,0,0,0,0,4,0,0,0,0,0
340818,2,1,1988,20,0,0,0,0,0,0,0,23,0
340819,0,1,1988,0,0,0,0,0,0,0,0,0,0
340819,1,1,1988,0,7,0,0,19,0,0,0,0,0
340820,1,1,1988,0,0,0,0,0,0,0,0,0,0
340820,2,1,1988,0,0,0,0,0,0,0,0,0,0
340822,1,1,1988,4,4,4,4,4,4,4,4,4,4
340823,1,1,1988,20,20,20,20,20,20,20,20,20,20
340823,2,1,1988,22,0,0,0,0,0,0,0,0,21
340824,1,1,1988,0,0,0,0,22,0,0,0,0,0
340826,1,1,1988,24,24,24,24,24,24,24,24,24,24
340826,2,1,1988,0,0,0,0,0,0,0,0,0,0
340828,1,1,1988,5,0,0,0,0,0,0,0,0,0
340828,2,1,1988,0,0,0,0,0,0,0,0,0,0
340829,1,1,1988,23,23,23,23,23,23,23,23,23,23
340830,1,1,1988,0,0,9,0,0,0,0,0,0,0
340830,2,1,1988,0,0,27,15,0,0,0,0,0,0
340831,1,1,1988,0,0,0,0,0,0,0,0,0,0
340831,2,1,1988,0,0,0,0,0,0,0,0,0,0
340832,1,1,1988,8,8,8,8,8,8,8,8,8,8
340833,0,1,1988,8,25,14,18,25,31,20,29,14,46
340833,1,1,1988,0,21,0,0,0,0,0,0,0,0
340834,1,1,1988,0,0,0,0,0,0,0,0,0,0
340834,2,1,1988,0,0,0,0,0,0,0,0,0,0
340835,0,1,1988,0,0,0,0,0,0,0,0,0,0
340835,1,1,1988,0,0,0,0,0,0,0,0,0,0
340836,1,1,1988,0,11,0,0,0,0,20,19,0,0
340836,2,1,1988,0,0,0,0,0,0,0,0,0,0
340837,1,1,1988,0,0,0,0,0,0,0,0,0,0
340837,2,1,1988,0,0,0,0,0,0,0,0,0,11
340838,1,1,1988,17,17,17,17,17,17,17,17,17,17
340839,1,1,1988,0,0,0,0,0,0,0,0,0,0
340840,1,1,1988,15,15,15,15,15,15,15,15,15,15
340841,0,1,1988,27,27,27,27,27,27,27,27,27,27
340841,1,1,1988,18,16,0,7,0,10,0,0,0,0
340842,0,1,1988,0,0,0,0,0,0,0,0,0,0
340842,1,1,1988,0,0,0,0,0,0,0,0,0,0
340843,1,1,1988,20,20,20,20,20,20,20,20,20,20
340844,0,1,1988,12,12,12,12,12,12,12,12,12,12
340844,1,1,1988,0,0,0,0,0,0,0,0,0,0
340845,1,1,1988,0,0,0,0,0,0,0,0,0,0
340846,1,1,1988,0,0,0,0,0,0,0,8,0,0
340846,2,1,1988,0,0,0,0,0,0,0,0,0,0
340846,3,1,1988,0,0,0,0,0,0,0,0,0,0
340847,0,1,1988,0,0,0,0,0,0,0,0,0,0
340847,1,1,1988,0,0,0,0,17,0,0,0,0,11
340848,1,1,1988,0,0,0,0,0,0,0,0,0,0
340849,1,1,1988,0,0,0,0,0,0,0,0,0,0
340849,2,1,1988,0,0,0,16,0,0,10,0,0,0
340850,1,1,1988,13,13,13,13,13,13,13,13,13,13
340851,1,1,1988,0,0,0,0,0,0,0,0,0,0
340851,2,1,1988,0,0,0,0,0,0,0,0,0,0
340852,1,1,1988,0,0,0,0,0,0,0,0,0,0
340852,2,1,1988,0,0,0,0,0,0,0,0,0,0
340854,1,1,1988,12,0,0,0,0,0,0,0,0,0
340854,2,1,1988,0,0,0,0,0,0,0,0,0,0
340854,3,1,1988,0,0,0,0,0,0,0,0,0,0
340855,1,1,1988,0,0,0,0,0,0,0,0,0,0
340855,2,1,1988,0,0,0,0,0,0,0,0,0,0
340856,0,1,1988,14,14,14,14,14,14,14,14,14,14
340856,1,1,1988,0,0,0,0,0,0,0,0,0,0
340857,1,1,1988,0,0,0,0,0,0,0,0,0,0
340857,2,1,1988,0,0,0,0,0,0,0,0,0,0
340859,0,1,1988,21,21,21,21,21,21,21,21,21,21
340859,1,1,1988,0,0,0,0,0,0,0,0,0,0
340860,1,1,1988,4,4,4,4,4,4,4,4,4,4
340860,2,1,1988,0,0,0,0,0,0,0,0,0,0
340861,0,1,1988,0,0,0,0,0,0,0,0,0,0
340861,1,1,1988,0,0,0,0,0,0,0,0,0,0
340862,1,1,1988,0,0,0,0,0,0,0,0,0,0
340863,1,1,1988,0,0,0,0,6,15,26,0,0,0
340863,2,1,1988,5,5,5,5,5,5,5,5,5,5
340864,1,1,1988,1,1,1,1,1,1,1,1,1,1
340865,1,1,1988,17,0,0,0,0,4,3,0,13,0
340866,1,1,1988,0,28,16,0,0,0,0,0,0,0
340867,1,1,1988,13,0,0,0,0,32,25,0,0,14
340868,1,1,1988,0,0,0,0,0,0,0,0,0,0
340868,2,1,1988,0,0,0,0,0,0,0,0,0,0
340869,1,1,1988,0,0,0,0,0,0,0,0,0,0
340870,1,1,1988,0,0,0,0,0,0,0,0,0,0
340871,1,1,1988,19,19,19,19,19,19,19,19,19,19
340872,1,1,1988,12,12,12,12,12,12,12,12,12,12
340873,1,1,1988,0,0,0,0,0,0,0,0,0,0
340873,2,1,1988,0,0,0,0,0,0,0,0,0,0
340874,1,1,1988,0,0,0,0,0,0,0,0,0,0
340875,1,1,1988,0,0,0,0,0,0,0,0,9,0
340876,1,1,1988,16,16,16,16,16,16,16,16,16,16
340877,1,1,1988,20,20,20,20,20,20,20,20,20,20
340877,2,1,1988,0,0,0,0,0,0,0,0,0,0
340878,0,1,1988,26,26,26,26,26,26,26,26,26,26
340878,1,1,1988,0,0,0,0,0,0,0,0,0,0
340879,1,1,1988,17,17,17,17,17,17,17,17,17,17
340880,0,1,1988,2,2,2,2,2,2,2,2,2,2
340880,1,1,1988,0,0,0,0,0,0,0,0,0,0
340881,1,1,1988,0,0,0,0,0,0,0,0,0,0
340881,2,1,1988,0,0,0,0,0,0,0,0,0,0
340882,1,1,1988,0,0,0,0,0,0,0,0,0,0
340883,0,1,1988,22,22,22,22,22,22,22,22,22,22
340883,1,1,1988,0,0,0,0,0,0,0,0,0,0
340884,1,1,1988,0,0,0,0,0,0,0,0,0,0
340884,2,1,1988,0,0,0,0,0,21,0,0,0,0
340885,0,1,1988,0,0,0,0,0,0,0,0,0,0
340885,1,1,1988,0,0,0,0,9,0,0,0,25,15
340885,2,1,1988,9,20,0,0,0,7,10,0,0,16
340886,1,1,1988,0,0,0,0,0,0,0,0,0,0
340886,2,1,1988,15,15,15,15,15,15,15,15,15,15
340887,1,1,1988,0,0,0,0,0,0,0,0,0,0
340887,2,1,1988,0,0,0,0,0,0,0,0,0,0
340888,1,1,1988,0,0,0,0,0,0,0,0,0,0
340888,2,1,1988,0,8,0,0,0,0,0,0,0,0
340888,3,1,1988,0,0,0,0,0,0,0,0,0,0
340889,1,1,1988,21,21,21,21,21,21,21,21,21,21
340890,0,1,1988,0,0,0,0,0,0,0,0,0,0
340890,1,1,1988,0,0,0,0,0,0,0,0,0,0
340891,1,1,1988,0,0,0,0,0,0,0,0,0,0
340891,2,1,1988,0,0,0,0,0,0,0,0,0,0
340892,1,1,1988,0,0,0,0,0,0,0,0,0,0
340892,2,1,1988,0,0,0,0,0,0,0,0,0,0
340893,1,1,1988,0,0,0,0,0,0,0,0,0,0
340893,2,1,1988,28,0,0,0,0,0,0,0,0,0
340894,0,1,1988,0,0,0,0,0,0,0,0,0,0
340894,1,1,1988,0,0,0,0,0,0,0,0,0,0
340895,1,1,1988,0,0,0,0,0,0,0,0,0,0
340896,1,1,1988,10,10,10,10,10,10,10,10,10,10
340896,2,1,1988,0,0,0,0,0,0,0,0,0,0
340897,1,1,1988,0,0,0,0,0,0,0,0,0,0
340898,1,1,1988,0,0,0,0,0,4,0,0,0,0
340898,2,1,1988,2,2,2,2,2,2,2,2,2,2
340898,3,1,1988,0,0,0,0,0,0,0,0,0,0
340899,1,1,1988,0,0,0,0,0,0,0,0,0,0
340899,2,1,1988,13,13,13,13,13,13,13,13,13,13
340900,1,1,1988,0,0,0,0,0,0,0,0,0,0
340900,2,1,1988,0,0,0,0,0,0,0,0,0,0
340901,1,1,1988,8,8,8,8,8,8,8,8,8,8
340902,0,1,1988,0,0,0,0,0,0,0,0,0,0
340902,1,1,1988,0,0,0,0,0,0,0,0,0,0
340903,1,1,1988,0,0,0,0,0,7,0,0,0,0
340904,1,1,1988,0,0,0,0,0,0,0,0,0,0
340904,2,1,1988,0,0,0,0,0,0,0,0,0,0
340904,3,1,1988,0,0,0,0,0,0,0,0,0,0
340905,1,1,1988,0,0,0,0,0,0,0,0,0,0
340905,2,1,1988,0,0,0,0,0,0,0,8,0,0
340906,1,1,1988,23,23,23,23,23,23,23,23,23,23
340907,1,1,1988,0,0,0,0,0,0,0,0,0,0
340907,2,1,1988,25,0,0,0,0,0,0,0,0,0
340909,1,1,1988,0,0,0,0,0,0,0,0,0,0
340910,1,1,1988,0,0,0,0,0,0,0,0,0,0
340910,2,1,1988,0,0,0,0,0,0,0,0,0,0
340910,3,1,1988,0,0,0,0,0,0,0,0,0,0
340912,1,1,1988,0,0,0,0,0,0,0,0,0,0
340913,1,1,1988,0,0,0,0,0,0,0,0,0,0
340914,1,1,1988,7,7,7,7,7,7,7,7,7,7
340914,2,1,1988,0,0,0,0,0,0,0,0,0,0
340915,1,1,1988,0,0,0,0,0,0,0,0,0,0
340915,2,1,1988,0,0,0,0,0,0,0,0,0,0
340916,1,1,1988,0,0,0,0,0,0,0,0,0,0
340917,1,1,1988,0,0,0,0,0,0,0,0,0,0
340918,1,1,1988,1,1,1,1,1,1,1,1,1,1
340918,2,1,1988,0,0,0,0,0,0,0,0,0,0
340918,3,1,1988,0,0,0,0,0,0,0,0,0,0
340919,1,1,1988,0,0,0,0,0,0,0,0,0,0
340921,0,1,1988,21,21,21,21,21,21,21,21,21,21
340921,0,2,1988,17,15,15,20,0,18,0,13,16,36
340921,1,1,1988,0,0,0,0,9,0,0,0,0,0
340922,1,1,1988,0,0,0,0,0,0,0,0,0,0
340922,2,1,1988,24,24,24,24,24,24,24,24,24,24
340923,1,1,1988,0,0,0,0,0,0,21,0,0,0
340923,2,1,1988,0,0,0,0,0,0,0,0,0,0
340924,0,1,1988,27,27,27,27,27,27,27,27,27,27
340924,1,1,1988,0,0,0,0,0,0,0,28,0,0
340925,0,1,1988,23,23,23,23,23,23,23,23,23,23
340925,1,1,1988,9,0,0,0,0,0,0,15,0,26
340926,1,1,1988,0,0,0,0,18,12,0,18,15,0
340926,2,1,1988,7,0,0,7,0,0,10,8,0,28
340927,1,1,1988,25,25,25,25,25,25,25,25,25,25
340929,1,1,1988,0,0,0,0,0,0,2,0,0,0
340929,2,1,1988,0,0,0,0,0,0,0,0,0,0
340930,1,1,1988,0,0,0,0,0,0,0,0,0,0
340930,2,1,1988,0,0,0,0,0,0,0,0,0,0
340931,1,1,1988,0,0,0,6,36,27,0,36,0,0
340931,2,1,1988,0,0,0,0,0,0,0,0,0,0
340931,3,1,1988,0,0,0,12,19,0,0,0,0,0
340932,1,1,1988,13,13,13,13,13,13,13,13,13,13
340933,1,1,1988,21,0,0,0,0,0,0,0,0,0
340934,0,1,1988,0,0,0,0,0,0,0,0,0,0
340934,1,1,1988,0,0,0,0,0,0,0,0,0,0
340935,1,1,1988,0,0,0,0,0,0,0,0,0,0
340935,2,1,1988,0,22,21,0,0,0,0,9,0,0
340936,1,1,1988,0,0,0,0,0,22,0,0,0,0
340938,1,1,1988,0,0,0,0,0,0,0,0,0,0
340938,2,1,1988,0,0,0,0,0,0,0,0,0,0
340939,0,1,1988,8,8,8,8,8,8,8,8,8,8
340939,1,1,1988,0,0,7,0,0,0,0,0,0,0
340940,1,1,1988,14,14,14,14,14,14,14,14,14,14
340941,1,1,1988,29,29,29,29,29,29,29,29,29,29
340941,2,1,1988,3,3,3,3,3,3,3,3,3,3
340942,1,1,1988,0,0,0,18,0,0,2,0,0,0
340942,2,1,1988,12,12,12,12,12,12,12,12,12,12
340943,1,1,1988,0,0,0,0,0,0,0,0,0,0
340943,2,1,1988,0,0,0,0,0,0,0,0,0,0
340944,1,1,1988,0,0,0,0,0,0,0,0,0,0
340945,0,1,1988,0,0,0,0,0,0,0,0,0,0
340945,1,1,1988,0,0,0,0,0,0,0,0,0,0
340946,1,1,1988,11,11,11,11,11,11,11,11,11,11
340947,0,1,1988,0,0,0,0,0,0,0,0,0,0
340947,1,1,1988,0,0,0,0,0,0,0,0,0,0
340948,1,1,1988,0,0,0,0,0,0,0,0,0,0
340949,1,1,1988,0,0,0,0,0,0,0,0,0,0
340949,2,1,1988,0,0,0,0,6,0,0,0,0,0
340950,1,1,1988,0,0,0,0,0,0,0,0,0,0
340950,2,1,1988,0,0,0,0,0,0,0,0,0,0
340951,1,1,1988,0,0,0,0,0,0,3,0,0,0
340951,2,1,1988,14,14,14,14,14,14,14,14,14,14
340952,1,1,1988,0,0,0,0,0,0,0,0,0,0
340953,1,1,1988,0,0,0,0,0,0,0,0,0,0
340953,2,1,1988,0,0,0,0,0,0,0,0,0,0
340954,0,1,1988,0,0,0,0,0,0,0,0,0,0
340954,1,1,1988,0,0,17,0,0,0,0,0,24,0
340955,1,1,1988,0,0,0,0,0,0,0,0,0,0
340955,2,1,1988,30,30,30,30,30,30,30,30,30,30
340956,1,1,1988,0,0,0,0,0,0,0,0,0,0
340957,0,1,1988,0,0,0,0,0,0,0,0,0,0
340957,1,1,1988,0,0,0,0,0,0,0,0,0,0
340958,1,1,1988,0,0,0,0,0,0,0,0,0,0
340958,2,1,1988,0,0,0,0,0,0,0,0,0,0
340959,1,1,1988,0,0,0,0,0,0,0,0,0,0
340959,2,1,1988,0,0,0,0,0,0,0,0,0,0
340960,1,1,1988,0,0,0,0,0,12,0,0,0,0
340961,0,1,1988,17,17,17,17,17,17,17,17,17,17
340961,1,1,1988,0,8,0,0,0,0,0,0,0,0
340962,0,1,1988,0,0,0,0,0,0,0,0,0,0
340962,1,1,1988,1,1,1,1,1,1,1,1,1,1
340963,1,1,1988,24,24,24,24,24,24,24,24,24,24
340964,1,1,1988,10,10,10,10,10,10,10,10,10,10
340964,2,1,1988,0,0,0,0,0,0,0,0,0,0
340965,1,1,1988,0,0,0,0,0,0,0,0,0,13
340966,0,1,1988,11,11,11,11,11,11,11,11,11,11
340966,1,1,1988,25,25,25,25,25,25,25,25,25,25
340967,1,1,1988,0,0,0,0,0,0,0,0,0,0
340967,2,1,1988,23,23,23,23,23,23,23,23,23,23
340968,0,1,1988,0,0,0,0,0,0,0,0,0,0
340968,1,1,1988,0,0,0,0,0,0,0,0,0,0
340969,1,1,1988,15,15,15,15,15,15,15,15,15,15
340970,1,1,1988,0,0,0,0,0,0,0,0,0,0
340971,1,1,1988,0,23,0,0,20,0,10,20,0,0
340972,1,1,1988,18,18,18,18,18,18,18,18,18,18
340973,0,1,1988,0,0,0,0,0,0,0,0,0,0
340973,1,1,1988,0,0,0,0,0,0,0,0,0,0
340974,1,1,1988,14,14,14,14,14,14,14,14,14,14
340975,0,1,1988,0,0,0,19,0,0,0,11,0,0
340975,1,1,1988,0,0,0,0,0,0,18,0,0,0
340976,0,1,1988,0,0,0,0,0,0,0,0,0,0
340976,1,1,1988,0,0,0,0,0,0,0,0,0,0
340976,2,1,1988,0,0,0,0,0,0,0,0,0,0
340977,0,1,1988,0,0,0,0,0,0,0,0,0,0
340977,1,1,1988,0,0,0,0,0,0,0,0,0,0
340978,1,1,1988,13,13,13,13,13,13,13,13,13,13
340979,1,1,1988,0,0,0,0,0,0,0,0,0,0
340979,2,1,1988,0,0,0,0,0,0,0,0,0,0
340979,3,1,1988,0,0,0,0,0,0,0,0,0,0
340980,0,1,1988,0,0,0,0,0,0,0,0,0,0
340980,1,1,1988,0,0,0,0,0,0,0,0,0,0
340981,0,1,1988,0,0,0,0,0,0,0,0,0,0
340981,1,1,1988,0,0,0,0,0,0,0,0,0,0
340983,1,1,1988,8,14,9,0,0,25,0,30,0,5
340984,1,1,1988,0,0,0,0,0,0,0,0,0,0
340984,2,1,1988,0,0,0,0,0,0,0,0,0,0
340985,1,1,1988,5,5,5,5,5,5,5,5,5,5
340986,1,1,1988,0,0,0,0,0,0,0,0,0,0
340986,2,1,1988,0,0,0,0,0,0,0,0,0,0
340987,1,1,1988,0,0,0,0,0,0,0,0,0,0
340987,2,1,1988,0,0,0,0,0,0,0,0,0,0
340987,3,1,1988,0,0,0,0,10,0,0,0,0,0
340988,1,1,1988,0,0,0,0,0,0,0,0,0,0
340988,2,1,1988,0,0,0,0,0,0,0,0,17,0
340989,0,1,1988,0,17,0,0,31,27,10,3,0,0
340989,1,1,1988,0,0,0,0,0,0,0,0,0,0
340990,1,1,1988,0,0,0,0,0,19,0,0,14,10
340991,1,1,1988,0,0,0,0,0,0,0,0,0,0
340992,1,1,1988,0,0,0,0,0,0,0,0,0,0
340993,0,1,1988,29,29,29,29,29,29,29,29,29,29
340993,1,1,1988,0,0,0,0,0,0,0,0,0,0
340994,1,1,1988,0,0,0,0,0,0,0,0,0,0
340995,0,1,1988,0,0,10,0,0,0,0,0,0,0
340995,1,1,1988,0,0,0,0,0,0,0,0,0,0
340996,0,1,1988,0,0,0,0,0,0,0,0,0,0
340996,1,1,1988,0,0,0,0,0,0,0,0,0,0
340997,1,1,1988,0,0,0,0,0,0,0,0,0,0
340997,2,1,1988,20,20,20,20,20,20,20,20,20,20
340998,1,1,1988,0,0,0,0,0,0,0,0,0,0
340999,1,1,1988,11,11,11,11,11,11,11,11,11,11
341000,1,1,1988,9,9,9,9,9,9,9,9,9,9
341000,2,1,1988,21,0,0,0,0,0,0,0,0,0
341000,3,1,1988,0,0,0,0,0,0,0,0,0,0
341001,1,1,1988,0,0,0,0,0,0,0,0,0,0
341001,2,1,1988,0,0,0,0,0,0,0,0,0,0
341002,1,1,1988,0,0,0,0,0,0,0,0,0,0
341002,2,1,1988,0,0,0,0,0,0,0,0,0,0
341002,3,1,1988,0,17,0,0,0,0,0,0,0,0
341003,1,1,1988,0,0,0,0,0,0,0,0,0,0
341003,2,1,1988,0,0,0,0,0,0,0,0,0,0
341004,1,1,1988,18,18,18,18,18,18,18,18,18,18
341004,2,1,1988,0,0,0,0,0,13,0,0,0,0
341005,1,1,1988,2,2,2,2,2,2,2,2,2,2
341006,1,1,1988,0,0,0,0,0,0,0,0,0,0
341006,2,1,1988,0,0,0,0,0,0,0,0,0,0
341006,3,1,1988,0,0,0,0,0,0,0,0,0,0
341007,1,2,1988,0,0,0,10,0,0,9,21,0,0
341007,2,1,1988,0,0,0,0,0,0,0,0,0,0
341008,0,1,1988,0,0,0,0,0,0,0,0,0,0
341008,1,1,1988,0,0,0,0,0,0,0,0,0,0
341009,1,1,1988,0,0,0,0,0,0,0,0,0,0
341009,2,1,1988,0,0,0,0,0,0,0,0,0,0
341010,0,1,1988,0,0,0,0,0,0,0,0,0,0
341010,1,1,1988,0,0,0,0,0,0,0,0,0,0
341011,1,1,1988,0,0,0,0,0,0,0,0,0,0
341011,2,1,1988,0,0,0,0,0,0,0,0,0,0
341012,1,1,1988,30,30,30,30,30,30,30,30,30,30
341012,2,1,1988,0,0,0,0,0,0,0,0,0,0
341013,1,1,1988,0,0,0,0,0,0,0,0,0,0
341014,0,1,1988,17,20,7,0,0,0,24,0,0,17
341014,1,1,1988,8,13,0,17,34,16,28,12,15,32
341015,1,1,1988,0,0,0,0,0,0,0,0,21,0
341016,0,1,1988,17,17,17,17,17,17,17,17,17,17
341016,1,1,1988,0,0,0,0,0,0,0,0,9,0
341017,1,1,1988,0,0,0,0,0,0,0,0,0,0
341017,2,1,1988,0,0,0,0,0,0,0,0,0,0
341018,1,1,1988,28,28,28,28,28,28,28,28,28,28
341018,2,1,1988,0,0,0,0,0,21,0,0,0,0
341018,3,1,1988,24,0,0,0,8,0,0,0,0,0
341019,1,1,1988,0,0,0,0,0,0,0,0,0,0
341019,2,1,1988,0,0,0,0,0,0,0,0,0,0
341020,1,1,1988,21,21,21,21,21,21,21,21,21,21
341020,2,1,1988,0,0,0,0,0,0,0,0,0,0
341022,1,1,1988,20,20,20,20,20,20,20,20,20,20
341022,2,1,1988,0,0,0,0,0,0,0,0,0,0