ST_CASE,VEH_NO,PER_NO,YEAR,P1,P2,P3,P4,P5,P6,P7,P8,P9,P10
341023,0,1,1988,0,0,0,0,34,0,0,0,0,0
341023,1,1,1988,0,0,0,0,0,0,0,0,0,0
341024,1,1,1988,0,0,0,0,0,0,0,0,0,0
341024,2,1,1988,28,28,28,28,28,28,28,28,28,28
341026,0,1,1988,0,16,0,0,0,0,0,0,0,0
341026,0,2,1988,0,0,0,0,8,0,0,0,0,0
341026,1,1,1988,0,0,0,0,0,0,0,0,0,0
341027,1,1,1988,0,0,0,0,0,0,0,0,0,0
341028,0,1,1988,0,0,0,0,0,0,0,0,0,0
341028,1,1,1988,28,28,28,28,28,28,28,28,28,28
341029,0,1,1988,0,0,0,0,0,0,0,0,0,0
341029,1,1,1988,0,0,0,0,0,0,0,0,0,0
341030,0,1,1988,0,0,0,0,0,0,0,0,0,0
341030,1,1,1988,0,0,14,14,0,11,0,16,0,0
341031,1,1,1988,0,0,0,0,0,0,0,0,0,0
341031,2,1,1988,0,0,0,0,0,0,0,0,0,0
341031,3,1,1988,0,0,0,0,0,0,0,0,0,0
341031,4,1,1988,0,0,0,0,0,0,0,5,0,0
341032,1,1,1988,0,0,0,0,0,0,0,0,0,0
341032,2,1,1988,0,0,0,0,0,0,0,0,0,0
341033,0,1,1988,0,0,0,0,0,0,0,0,0,0
341033,1,1,1988,8,0,0,0,0,0,9,20,0,0
341034,1,1,1988,0,0,0,31,8,0,0,0,0,0
341034,2,1,1988,0,0,0,0,0,0,0,0,0,0
341034,3,1,1988,0,0,0,0,0,0,0,0,0,0
341034,4,1,1988,14,0,13,0,0,13,0,0,28,0
341035,1,1,1988,0,0,0,0,0,0,0,0,0,0
341035,2,1,1988,0,0,0,0,0,0,0,0,0,0
341036,1,1,1988,0,0,0,0,0,0,0,0,0,0
341037,1,1,1988,19,19,19,19,19,19,19,19,19,19
350001,1,1,1988,0,0,17,0,0,0,0,0,0,0
350001,2,1,1988,0,0,0,0,0,0,0,0,0,40
350001,3,1,1988,21,21,21,21,21,21,21,21,21,21
350002,1,1,1988,23,23,23,23,23,23,23,23,23,23
350003,0,1,1988,26,26,26,26,26,26,26,26,26,26
350003,1,1,1988,0,8,0,0,0,0,0,18,18,0
350004,0,1,1988,0,0,0,0,0,0,0,0,0,0
350004,0,2,1988,0,19,0,0,2,15,12,0,0,32
350004,1,1,1988,19,19,19,19,19,19,19,19,19,19
350005,0,1,1988,25,25,25,25,25,25,25,25,25,25
350005,1,1,1988,0,0,0,0,0,0,0,0,0,0
350006,1,1,1988,0,0,0,0,0,0,0,0,0,0
350006,2,1,1988,36,36,36,36,36,36,36,36,36,36
350007,0,1,1988,1,1,1,1,1,1,1,1,1,1
350007,1,1,1988,0,0,0,0,0,0,0,14,0,0
350008,1,1,1988,0,0,0,0,0,0,0,16,0,0
350009,1,1,1988,28,28,28,28,28,28,28,28,28,28
350010,1,1,1988,0,0,0,0,11,0,0,0,0,0
350010,2,1,1988,0,0,0,0,0,0,0,0,0,0
350011,1,1,1988,0,0,0,0,0,0,0,0,0,0
350012,1,1,1988,12,12,12,12,12,12,12,12,12,12
350013,1,1,1988,20,20,20,20,20,20,20,20,20,20
350014,1,1,1988,17,0,3,23,0,0,10,2,0,0
350015,1,1,1988,0,0,0,0,0,0,0,0,0,0
350016,1,1,1988,0,0,0,0,0,0,0,0,0,0
350016,2,1,1988,0,12,0,18,24,8,0,6,0,10
350017,1,1,1988,0,0,0,0,0,0,0,0,0,0
350017,2,1,1988,28,28,28,28,28,28,28,28,28,28
350018,0,1,1988,17,17,17,17,17,17,17,17,17,17
350018,1,1,1988,10,10,10,10,10,10,10,10,10,10
350019,1,1,1988,5,5,5,5,5,5,5,5,5,5
350020,1,1,1988,0,0,0,0,0,0,0,0,0,0
350021,1,1,1988,17,17,17,17,17,17,17,17,17,17
350022,0,1,1988,0,0,0,0,0,0,0,0,0,0
350022,0,2,1988,0,0,0,0,0,0,0,0,0,0
350022,1,1,1988,0,0,0,0,0,0,0,0,0,0
350023,1,1,1988,16,16,16,16,16,16,16,16,16,16
350024,1,1,1988,0,0,2,0,0,0,0,0,0,0
350024,2,1,1988,27,19,26,10,14,16,20,11,0,0
350025,1,1,1988,1,1,1,1,1,1,1,1,1,1
350026,0,1,1988,12,12,12,12,12,12,12,12,12,12
350026,1,1,1988,13,13,13,13,13,13,13,13,13,13
350027,1,1,1988,22,22,22,22,22,22,22,22,22,22
350028,1,1,1988,0,0,7,0,0,0,21,23,0,10
350028,2,1,1988,15,15,15,15,15,15,15,15,15,15
350029,1,1,1988,0,0,0,0,0,0,0,0,0,0
350029,2,1,1988,22,22,22,22,22,22,22,22,22,22
350030,0,1,1988,0,0,0,0,0,0,0,0,0,0
350030,1,1,1988,0,0,0,0,0,0,0,0,0,0
350031,1,1,1988,6,18,9,20,15,13,16,18,22,0
350032,1,1,1988,13,26,15,0,0,15,29,29,24,18
350033,1,1,1988,0,0,0,0,0,0,0,0,0,0
350033,2,1,1988,0,0,0,0,0,0,0,0,0,0
350033,3,1,1988,0,0,0,0,0,0,0,0,0,0
350034,1,1,1988,11,11,11,11,11,11,11,11,11,11
350035,1,1,1988,21,21,21,21,21,21,21,21,21,21
350035,2,1,1988,0,0,0,0,0,0,0,0,0,0
350036,1,1,1988,21,21,21,21,21,21,21,21,21,21
350037,1,1,1988,10,10,10,10,10,10,10,10,10,10
350039,1,1,1988,20,20,20,20,20,20,20,20,20,20
350040,1,1,1988,20,20,20,20,20,20,20,20,20,20
350041,1,1,1988,0,0,0,0,0,0,0,0,0,0
350042,1,1,1988,20,20,20,20,20,20,20,20,20,20
350043,1,1,1988,11,11,11,11,11,11,11,11,11,11
350043,2,1,1988,0,0,0,0,0,0,0,0,0,0
350044,1,1,1988,0,0,0,0,0,0,0,0,0,0
350044,2,1,1988,0,0,0,0,0,0,0,0,0,0
350044,3,1,1988,12,12,12,12,12,12,12,12,12,12
350045,1,1,1988,1,1,1,1,1,1,1,1,1,1
350045,2,1,1988,0,0,0,0,0,0,0,0,0,0
350046,0,1,1988,28,28,28,28,28,28,28,28,28,28
350046,1,1,1988,0,0,0,0,0,0,0,0,0,0
350047,0,1,1988,0,0,0,0,0,0,0,0,0,0
350047,1,1,1988,0,0,0,0,0,10,0,0,0,0
350048,1,1,1988,16,16,16,16,16,16,16,16,16,16
350049,1,1,1988,18,18,18,18,18,18,18,18,18,18
350050,1,1,1988,17,17,17,17,17,17,17,17,17,17
350051,1,1,1988,12,12,12,12,12,12,12,12,12,12
350052,1,1,1988,0,0,0,0,0,0,0,0,0,0
350052,2,1,1988,0,0,10,0,0,15,0,0,0,0
350053,0,1,1988,13,13,13,13,13,13,13,13,13,13
350053,1,1,1988,0,0,0,0,0,0,0,0,0,0
350054,1,1,1988,22,22,22,22,22,22,22,22,22,22
350055,1,1,1988,0,0,0,0,0,0,0,0,0,0
350056,1,1,1988,0,0,0,0,0,0,17,0,0,0
350057,1,1,1988,0,0,0,0,0,0,0,0,0,0
350057,2,1,1988,15,15,15,15,15,15,15,15,15,15
350058,0,1,1988,29,29,29,29,29,29,29,29,29,29
350058,1,1,1988,11,11,11,11,11,11,11,11,11,11
350059,1,1,1988,4,4,4,4,4,4,4,4,4,4
350059,2,1,1988,19,17,0,0,0,0,0,0,0,0
350060,1,1,1988,8,8,8,8,8,8,8,8,8,8
350061,0,1,1988,0,0,0,0,0,0,0,0,0,0
350061,1,1,1988,12,0,18,12,0,11,8,14,10,15
350062,1,1,1988,26,26,26,26,26,26,26,26,26,26
350063,1,1,1988,15,15,15,15,15,15,15,15,15,15
350064,1,1,1988,0,0,0,0,0,0,0,0,0,0
350064,2,1,1988,45,45,45,45,45,45,45,45,45,45
350065,1,1,1988,0,0,0,3,0,36,14,0,0,0
350066,0,1,1988,0,0,0,0,0,0,0,0,0,0
350066,1,1,1988,0,0,0,0,0,0,0,0,0,0
350067,0,1,1988,0,0,0,0,0,0,0,0,0,0
350067,1,1,1988,0,0,0,0,0,0,0,0,0,0
350068,0,1,1988,0,0,0,0,0,0,0,0,0,0
350068,1,1,1988,0,0,0,0,0,0,0,0,0,0
350069,1,1,1988,23,23,23,23,23,23,23,23,23,23
350070,1,1,1988,22,22,22,22,22,22,22,22,22,22
350070,2,1,1988,0,0,0,0,0,0,0,0,0,0
350071,1,1,1988,26,26,26,26,26,26,26,26,26,26
350072,1,1,1988,28,28,28,28,28,28,28,28,28,28
350072,2,1,1988,0,0,0,0,0,0,0,0,6,0
350073,1,1,1988,0,0,0,0,0,0,0,0,0,0
350074,1,1,1988,20,0,0,20,4,13,19,14,0,16
350075,1,1,1988,0,0,0,0,0,0,0,0,0,0
350075,2,1,1988,0,0,0,0,0,0,0,7,0,0
350075,3,1,1988,0,0,0,0,0,0,0,0,0,0
350076,1,1,1988,18,18,18,18,18,18,18,18,18,18
350077,1,1,1988,1,1,1,1,1,1,1,1,1,1
350078,1,1,1988,0,0,0,0,0,0,0,0,0,0
350079,1,1,1988,0,0,0,0,0,0,0,0,0,0
350079,2,1,1988,0,0,0,0,0,0,0,0,0,0
350080,1,1,1988,0,0,0,0,0,0,0,0,16,0
350081,1,1,1988,0,0,0,0,0,0,0,0,0,0
350081,2,1,1988,25,25,25,25,25,25,25,25,25,25
350082,1,1,1988,13,13,13,13,13,13,13,13,13,13
350083,1,1,1988,0,0,0,0,0,0,0,0,0,0
350083,2,1,1988,0,0,0,0,0,0,0,0,0,0
350084,0,1,1988,2,2,2,2,2,2,2,2,2,2
350084,1,1,1988,0,0,0,0,0,0,0,0,0,0
350085,1,1,1988,0,0,0,0,0,0,0,0,0,0
350085,2,1,1988,0,0,0,0,0,0,0,0,0,0
350086,1,1,1988,0,11,24,0,0,20,0,19,28,0
350087,1,1,1988,0,0,0,0,0,0,0,0,0,0
350088,1,1,1988,16,16,16,16,16,16,16,16,16,16
350089,1,1,1988,24,24,24,24,24,24,24,24,24,24
350090,1,1,1988,2,2,2,2,2,2,2,2,2,2
350091,1,1,1988,5,5,5,5,5,5,5,5,5,5
350092,0,1,1988,0,0,0,0,0,0,0,0,0,0
350092,1,1,1988,0,0,0,0,14,0,0,21,0,0
350093,0,1,1988,33,33,33,33,33,33,33,33,33,33
350093,1,1,1988,0,0,0,0,0,0,0,0,0,0
350094,1,1,1988,0,0,0,4,22,0,8,0,17,16
350094,2,1,1988,31,31,31,31,31,31,31,31,31,31
350095,1,1,1988,14,14,14,14,14,14,14,14,14,14
350095,2,1,1988,0,0,0,0,0,0,0,0,0,0
350096,1,1,1988,24,24,24,24,24,24,24,24,24,24
350096,2,1,1988,6,6,6,6,6,6,6,6,6,6
350096,3,1,1988,0,0,0,0,0,0,0,0,0,0
350096,4,1,1988,0,0,0,0,0,0,0,0,0,0
350097,1,1,1988,0,0,0,0,0,0,0,0,0,0
350097,2,1,1988,7,7,7,7,7,7,7,7,7,7
350097,3,1,1988,0,0,0,0,14,0,0,0,0,0
350098,0,1,1988,0,0,0,0,0,0,0,0,0,0
350098,1,1,1988,0,0,0,0,0,0,0,0,0,0
350099,1,1,1988,0,0,0,0,0,0,0,0,0,0
350099,2,1,1988,0,0,0,0,0,0,0,0,0,0
350100,1,1,1988,21,21,21,21,21,21,21,21,21,21
350100,2,1,1988,17,0,0,0,0,0,0,16,0,0
350101,0,1,1988,0,0,0,0,0,0,0,0,0,0
350101,1,1,1988,0,0,0,0,0,0,0,0,18,0
350102,1,1,1988,12,12,12,12,12,12,12,12,12,12
350102,2,1,1988,15,15,15,15,15,15,15,15,15,15
350103,1,1,1988,0,0,0,0,0,0,0,0,0,0
350104,1,1,1988,15,15,15,15,15,15,15,15,15,15
350105,1,1,1988,20,20,20,20,20,20,20,20,20,20
350106,1,1,1988,16,16,16,16,16,16,16,16,16,16
350107,1,1,1988,20,20,20,20,20,20,20,20,20,20
350108,1,1,1988,0,0,0,0,0,0,0,0,0,0
350108,2,1,1988,0,0,0,0,0,0,0,0,0,0
350109,0,1,1988,31,31,31,31,31,31,31,31,31,31
350109,1,1,1988,0,0,0,0,0,0,0,0,0,0
350110,0,1,1988,0,0,0,0,0,0,0,0,0,0
350110,1,1,1988,0,0,0,0,0,0,0,0,0,0
350111,1,1,1988,0,0,0,0,0,0,0,0,0,0
350112,1,1,1988,14,18,14,10,11,16,26,11,5,10
350113,0,1,1988,11,11,11,11,11,11,11,11,11,11
350113,1,1,1988,0,0,4,0,0,0,0,0,0,0
350114,1,1,1988,16,16,16,16,16,16,16,16,16,16
350115,0,1,1988,30,8,0,21,20,9,30,9,15,36
350115,0,2,1988,28,28,28,28,28,28,28,28,28,28
350115,1,1,1988,0,0,0,0,0,0,0,0,0,0
350116,1,1,1988,6,6,6,6,6,6,6,6,6,6
350117,1,1,1988,3,3,3,3,3,3,3,3,3,3
350117,2,1,1988,13,0,0,17,0,13,17,15,17,17
350118,1,1,1988,0,0,0,25,0,0,0,0,0,0
350119,1,1,1988,16,16,16,16,16,16,16,16,16,16
350120,0,1,1988,0,0,0,0,0,0,0,0,0,0
350120,0,2,1988,0,0,0,0,16,0,0,0,0,0
350120,0,3,1988,0,15,0,0,0,24,0,0,0,0
350120,1,1,1988,0,0,0,0,0,0,0,0,0,0
350121,1,1,1988,0,0,0,0,0,0,0,0,0,0
350121,2,1,1988,0,0,0,0,0,0,0,0,0,0
350122,1,1,1988,0,0,0,0,0,0,0,0,0,0
350123,1,1,1988,0,0,0,0,0,0,0,0,0,0
350124,1,1,1988,22,22,22,22,22,22,22,22,22,22
350125,0,1,1988,0,0,0,0,0,0,0,0,0,0
350125,1,1,1988,0,0,0,0,0,0,0,0,0,0
350126,0,1,1988,27,27,27,27,27,27,27,27,27,27
350126,1,1,1988,15,15,15,15,15,15,15,15,15,15
350127,1,1,1988,0,0,0,0,0,0,0,0,0,0
350127,2,1,1988,33,33,33,33,33,33,33,33,33,33
350128,1,1,1988,0,17,0,0,0,0,0,0,0,0
350128,2,1,1988,0,0,0,0,0,0,0,0,0,0
350129,1,1,1988,0,0,0,0,0,0,0,0,0,0
350129,2,1,1988,0,0,0,0,0,0,0,0,0,0
350130,1,1,1988,15,24,34,15,10,19,17,14,12,16
350131,1,1,1988,0,0,0,0,0,0,0,0,0,0
350131,2,1,1988,28,28,28,28,28,28,28,28,28,28
350132,1,1,1988,0,0,0,0,0,0,0,0,0,0
350133,0,1,1988,28,28,28,28,28,28,28,28,28,28
350133,1,1,1988,0,0,0,0,0,0,0,0,0,0
350134,1,1,1988,0,0,0,0,0,0,0,0,0,0
350135,0,1,1988,0,0,0,0,0,0,0,0,0,0
350135,1,1,1988,0,0,0,0,0,0,0,0,0,0
350136,1,1,1988,0,0,0,0,0,0,0,0,0,0
350136,2,1,1988,0,0,0,0,0,0,0,0,0,0
350137,0,1,1988,25,25,25,25,25,25,25,25,25,25
350137,1,1,1988,0,0,0,0,0,0,0,0,0,0
350138,1,1,1988,13,13,13,13,13,13,13,13,13,13
350139,1,1,1988,28,28,28,28,28,28,28,28,28,28
350140,1,1,1988,0,0,0,0,0,0,0,0,0,0
350140,2,1,1988,0,0,0,0,0,0,0,0,0,0
350141,1,1,1988,20,20,20,20,20,20,20,20,20,20
350142,1,1,1988,0,0,0,0,0,0,0,0,0,0
350143,1,1,1988,12,12,12,12,12,12,12,12,12,12
350144,1,1,1988,0,0,0,0,0,0,0,0,0,0
350144,2,1,1988,14,14,14,14,14,14,14,14,14,14
350145,1,1,1988,21,21,21,21,21,21,21,21,21,21
350146,1,1,1988,0,0,0,0,0,0,0,0,0,0
350147,1,1,1988,18,18,18,18,18,18,18,18,18,18
350148,1,1,1988,30,13,14,14,14,15,0,13,11,43
350149,1,1,1988,0,0,0,0,7,17,0,0,26,33
350150,1,1,1988,5,5,5,5,5,5,5,5,5,5
350150,2,1,1988,0,0,0,0,0,0,0,0,0,0
350151,1,1,1988,0,0,0,0,0,0,0,0,0,0
350152,1,1,1988,0,0,0,0,0,0,0,0,0,0
350152,2,1,1988,17,17,17,17,17,17,17,17,17,17
350153,1,1,1988,0,0,0,0,0,0,0,0,0,0
350153,2,1,1988,0,0,0,0,0,0,0,0,0,0
350154,1,1,1988,18,18,18,18,18,18,18,18,18,18
350155,1,1,1988,28,28,28,28,28,28,28,28,28,28
350156,1,1,1988,0,0,0,0,0,0,0,0,0,0
350156,2,1,1988,0,0,0,12,0,0,44,0,0,13
350157,1,1,1988,22,22,22,22,22,22,22,22,22,22
350158,1,1,1988,25,25,25,25,25,25,25,25,25,25
350159,0,1,1988,0,0,0,0,0,0,0,0,0,0
350159,1,1,1988,0,0,0,0,0,0,0,0,0,0
350160,1,1,1988,0,0,0,0,0,0,0,0,0,0
350160,2,1,1988,0,0,0,0,0,0,0,0,0,0
350161,1,1,1988,0,0,0,0,0,0,0,0,0,0
350162,0,1,1988,0,0,0,0,0,0,0,0,0,0
350162,1,1,1988,0,0,0,0,0,0,0,0,8,0
350163,1,1,1988,10,10,10,10,10,10,10,10,10,10
350164,1,1,1988,0,0,0,0,0,0,0,0,0,0
350165,1,1,1988,0,0,0,0,0,0,0,0,0,0
350166,1,1,1988,26,0,9,10,16,14,21,5,15,0
350166,2,1,1988,0,0,0,0,0,0,0,0,0,0
350167,1,1,1988,0,0,0,0,0,0,0,0,0,0
350168,1,1,1988,0,25,12,10,15,0,13,0,0,0
350169,1,1,1988,29,29,29,29,29,29,29,29,29,29
350170,1,1,1988,15,15,15,15,15,15,15,15,15,15
350171,1,1,1988,35,35,35,35,35,35,35,35,35,35
350172,1,1,1988,30,30,30,30,30,30,30,30,30,30
350173,1,1,1988,0,0,0,0,0,0,0,0,0,0
350173,2,1,1988,0,0,0,0,0,0,0,0,0,0
350173,3,1,1988,0,0,0,0,0,0,0,0,0,0
350173,4,1,1988,0,0,0,0,0,0,8,0,0,0
350174,0,1,1988,20,20,20,20,20,20,20,20,20,20
350174,1,1,1988,0,0,0,0,0,0,0,0,0,0
350175,0,1,1988,27,27,27,27,27,27,27,27,27,27
350175,1,1,1988,11,14,0,10,0,0,0,20,0,0
350176,1,1,1988,0,0,0,0,0,0,0,0,0,0
350177,1,1,1988,14,14,14,14,14,14,14,14,14,14
350178,1,1,1988,0,0,0,0,0,0,0,0,0,0
350178,2,1,1988,21,21,21,21,21,21,21,21,21,21
350179,1,1,1988,24,24,24,24,24,24,24,24,24,24
350179,2,1,1988,0,0,0,14,0,0,0,0,0,0
350180,0,1,1988,0,0,0,0,0,0,0,0,0,0
350180,0,2,1988,0,0,0,0,0,0,0,0,0,0
350180,1,1,1988,16,16,0,0,25,0,0,11,0,7
350181,1,1,1988,19,19,19,19,19,19,19,19,19,19
350181,2,1,1988,0,0,0,0,0,0,0,26,0,0
350182,1,1,1988,9,6,10,20,20,16,7,12,0,22
350182,2,1,1988,22,22,22,22,22,22,22,22,22,22
350183,1,1,1988,0,0,0,0,0,0,0,0,0,5
350184,1,1,1988,1,1,1,1,1,1,1,1,1,1
350184,2,1,1988,0,0,0,0,0,0,0,0,0,0
350185,1,1,1988,0,0,0,0,0,0,0,0,0,0
350185,2,1,1988,18,18,18,18,18,18,18,18,18,18
350186,1,1,1988,19,19,19,19,19,19,19,19,19,19
350187,1,1,1988,4,7,32,24,16,8,21,20,12,0
350188,1,1,1988,2,2,2,2,2,2,2,2,2,2
350189,1,1,1988,19,15,20,29,13,0,27,22,11,13
350190,0,1,1988,24,24,24,24,24,24,24,24,24,24
350190,1,1,1988,0,0,0,0,0,0,0,0,0,0
350191,1,1,1988,17,17,17,17,17,17,17,17,17,17
350192,1,1,1988,0,0,0,15,16,0,0,0,0,0
350193,1,1,1988,0,0,0,0,0,0,0,0,0,0
350193,2,1,1988,0,0,0,0,22,0,0,0,0,0
350194,1,1,1988,0,0,0,0,0,0,0,0,0,0
350194,2,1,1988,0,0,0,0,0,0,0,0,0,0
350195,1,1,1988,0,0,0,0,0,0,0,0,0,0
350195,2,1,1988,16,16,16,16,16,16,16,16,16,16
350196,1,1,1988,27,27,27,27,27,27,27,27,27,27
350197,1,1,1988,13,13,13,13,13,13,13,13,13,13
350198,1,1,1988,0,0,0,0,0,0,0,0,0,0
350198,2,1,1988,0,0,0,0,0,0,0,0,0,0
350199,1,1,1988,0,0,0,0,0,0,0,0,0,0
350199,2,1,1988,0,0,0,0,0,0,0,0,0,0
350200,1,1,1988,0,0,0,0,0,0,0,0,0,0
350201,0,1,1988,6,6,6,6,6,6,6,6,6,6
350201,1,1,1988,0,0,0,0,0,0,0,0,0,0
350202,1,1,1988,21,21,21,21,21,21,21,21,21,21
350203,1,1,1988,13,13,13,13,13,13,13,13,13,13
350204,0,1,1988,46,46,46,46,46,46,46,46,46,46
350204,1,1,1988,7,3,4,14,0,7,9,0,25,14
350205,0,1,1988,21,0,20,0,0,0,14,14,0,0
350205,1,1,1988,0,0,0,0,0,0,0,0,0,0
350205,2,1,1988,0,0,0,0,0,0,0,0,0,0
350206,1,1,1988,12,12,12,12,12,12,12,12,12,12
350207,1,1,1988,0,0,0,0,0,0,0,0,0,0
350207,2,1,1988,0,0,0,0,0,0,0,0,0,0
350208,0,1,1988,37,37,37,37,37,37,37,37,37,37
350208,1,1,1988,0,0,0,0,0,0,0,0,0,0
350209,1,1,1988,0,0,0,0,0,0,0,0,0,0
350209,2,1,1988,0,0,0,0,0,0,0,0,17,0
350210,1,1,1988,0,0,0,0,0,0,0,0,0,0
350211,1,1,1988,0,0,0,0,0,0,0,0,0,0
350211,2,1,1988,0,0,0,0,0,0,0,0,0,0
350212,1,1,1988,0,0,0,0,0,0,0,0,0,0
350212,2,1,1988,14,16,23,11,11,25,27,27,10,11
350213,1,1,1988,24,24,24,24,24,24,24,24,24,24
350214,1,1,1988,0,0,0,0,0,0,0,0,0,0
350214,2,1,1988,0,0,0,0,0,0,0,0,0,0
350215,1,1,1988,13,13,13,13,13,13,13,13,13,13
350216,1,1,1988,0,0,0,0,0,0,0,0,0,7
350216,2,1,1988,0,0,0,0,0,0,0,0,0,0
350217,0,1,1988,16,16,16,16,16,16,16,16,16,16
350217,1,1,1988,0,0,0,0,0,0,0,0,0,0
350218,1,1,1988,0,0,0,0,0,0,0,0,0,0
350219,1,1,1988,0,0,0,0,0,0,0,0,7,0
350220,1,1,1988,29,29,29,29,29,29,29,29,29,29
350221,1,1,1988,0,0,0,0,0,0,0,0,0,0
350222,0,1,1988,22,22,22,22,22,22,22,22,22,22
350222,1,1,1988,0,0,0,0,0,0,0,0,0,0
350223,0,1,1988,24,24,24,24,24,24,24,24,24,24
350223,1,1,1988,4,28,13,0,0,0,26,12,2,0
350224,1,1,1988,0,0,0,0,0,0,0,0,0,0
350224,2,1,1988,9,11,23,12,0,10,16,15,7,33
350225,1,1,1988,0,11,0,0,0,0,0,0,0,0
350225,2,1,1988,0,0,0,0,0,0,0,0,0,24
350225,3,1,1988,3,3,3,3,3,3,3,3,3,3
350226,1,1,1988,0,0,0,0,0,0,0,0,0,0
350226,2,1,1988,0,0,0,26,0,0,0,0,0,35
350227,1,1,1988,0,0,0,0,0,0,0,0,0,0
350227,2,1,1988,27,27,27,27,27,27,27,27,27,27
350228,1,1,1988,0,0,5,14,0,0,0,0,0,0
350228,2,1,1988,23,23,23,23,23,23,23,23,23,23
350229,1,1,1988,0,0,0,0,0,0,0,0,0,0
350229,2,1,1988,8,8,8,8,8,8,8,8,8,8
350230,1,1,1988,6,6,6,6,6,6,6,6,6,6
350230,2,1,1988,0,0,0,0,0,0,0,0,0,0
350231,0,1,1988,18,18,18,18,18,18,18,18,18,18
350231,1,1,1988,2,2,2,2,2,2,2,2,2,2
350232,1,1,1988,17,17,17,17,17,17,17,17,17,17
350232,2,1,1988,0,0,0,0,0,0,0,0,0,0
350233,1,1,1988,10,17,16,18,28,16,8,21,19,25
350234,1,1,1988,1,1,1,1,1,1,1,1,1,1
350234,2,1,1988,0,0,0,0,0,0,0,0,0,0
350234,3,1,1988,0,0,0,0,0,0,0,0,0,0
350235,1,1,1988,30,30,30,30,30,30,30,30,30,30
350235,2,1,1988,0,0,2,6,0,0,0,6,0,0
350236,1,1,1988,16,16,16,16,16,16,16,16,16,16
350237,1,1,1988,0,0,0,0,0,0,0,0,0,0
350237,2,1,1988,0,0,0,0,0,0,0,0,0,0
350238,0,1,1988,0,0,0,0,0,0,0,0,0,0
350238,1,1,1988,10,7,0,0,0,11,0,0,0,0
350239,1,1,1988,2,2,2,2,2,2,2,2,2,2
350239,2,1,1988,14,14,14,14,14,14,14,14,14,14
350240,0,1,1988,16,16,16,16,16,16,16,16,16,16
350240,1,1,1988,19,19,19,19,19,19,19,19,19,19
350240,2,1,1988,0,0,0,0,0,17,0,0,3,0
350241,0,1,1988,34,34,34,34,34,34,34,34,34,34
350241,1,1,1988,0,0,0,0,0,0,0,0,0,0
350242,1,1,1988,23,23,23,23,23,23,23,23,23,23
350243,1,1,1988,0,0,0,0,0,0,0,0,0,0
350243,2,1,1988,0,0,0,0,0,0,0,0,0,0
350244,1,1,1988,0,0,0,0,0,0,0,0,0,0
350244,2,1,1988,12,12,12,12,12,12,12,12,12,12
350245,1,1,1988,0,0,0,0,0,0,0,0,0,0
350246,1,1,1988,29,29,29,29,29,29,29,29,29,29
350247,1,1,1988,34,12,23,18,20,14,25,26,26,23
350248,1,1,1988,0,0,0,0,0,0,31,0,9,0
350248,2,1,1988,31,31,31,31,31,31,31,31,31,31
350249,0,1,1988,0,0,0,0,0,0,0,0,0,0
350249,1,1,1988,17,0,0,0,0,0,0,0,0,0
350250,1,1,1988,0,0,12,0,22,0,0,11,0,0
350251,1,1,1988,18,18,18,18,18,18,18,18,18,18
350251,2,1,1988,0,0,0,0,0,0,0,0,0,0
350252,1,1,1988,21,21,21,21,21,21,21,21,21,21
350253,1,1,1988,0,0,0,0,0,0,0,0,0,0
350254,1,1,1988,0,0,0,0,0,0,0,0,0,0
350254,2,1,1988,0,23,17,12,16,25,15,16,19,11
350255,1,1,1988,0,0,0,0,0,0,0,0,0,0
350256,1,1,1988,0,0,0,0,0,0,0,0,0,0
350257,0,1,1988,34,34,34,34,34,34,34,34,34,34
350257,1,1,1988,0,0,0,0,0,4,0,0,0,0
350258,1,1,1988,0,0,0,0,0,0,0,0,0,0
350259,1,1,1988,18,18,18,18,18,18,18,18,18,18
350260,1,1,1988,21,21,21,21,21,21,21,21,21,21
350260,2,1,1988,28,28,28,28,28,28,28,28,28,28
350260,3,1,1988,0,0,0,0,0,0,0,0,0,0
350261,0,1,1988,15,15,15,15,15,15,15,15,15,15
350261,1,1,1988,0,0,0,0,0,0,0,0,0,0
350261,2,1,1988,0,0,0,0,0,0,0,0,0,0
350262,1,1,1988,0,0,0,0,0,0,0,0,0,0
350263,1,1,1988,0,0,0,0,0,0,0,0,0,0
350264,1,1,1988,0,0,0,0,0,0,0,0,0,0
350264,2,1,1988,0,0,0,0,0,0,0,0,0,0
350265,0,1,1988,0,0,0,0,0,0,0,0,0,0
350265,1,1,1988,0,0,0,0,0,0,0,0,0,0
350266,0,1,1988,19,19,19,19,19,19,19,19,19,19