ST_CASE,VEH_NO,PER_NO,YEAR,P1,P2,P3,P4,P5,P6,P7,P8,P9,P10
350266,1,1,1988,6,17,24,10,15,0,3,0,4,0
350267,1,1,1988,0,0,0,0,0,13,0,17,0,0
350267,2,1,1988,0,0,0,0,0,0,0,0,0,0
350268,1,1,1988,0,0,0,0,0,0,0,0,0,0
350269,1,1,1988,0,0,0,0,0,0,0,0,0,0
350269,2,1,1988,11,29,21,7,11,10,0,17,13,14
350270,1,1,1988,0,0,0,0,0,0,0,0,0,0
350270,2,1,1988,0,0,0,0,0,0,0,0,0,0
350271,1,1,1988,0,0,0,0,0,0,0,0,0,0
350272,1,1,1988,1,1,1,1,1,1,1,1,1,1
350272,2,1,1988,17,8,10,10,8,12,15,6,24,6
350273,1,1,1988,1,1,1,1,1,1,1,1,1,1
350274,1,1,1988,0,0,0,0,0,0,0,13,0,0
350274,2,1,1988,22,22,22,22,22,22,22,22,22,22
350275,1,1,1988,0,0,0,0,0,0,0,0,0,0
350276,1,1,1988,12,12,12,12,12,12,12,12,12,12
350276,2,1,1988,19,19,19,19,19,19,19,19,19,19
350277,1,1,1988,0,0,0,0,0,24,0,0,20,0
350277,2,1,1988,0,0,0,0,0,0,0,0,0,0
350277,3,1,1988,20,20,20,20,20,20,20,20,20,20
350277,4,1,1988,0,0,0,0,0,0,0,0,0,0
350278,1,1,1988,19,19,19,19,19,19,19,19,19,19
350278,2,1,1988,18,0,0,14,0,6,0,21,0,0
350279,1,1,1988,0,0,0,0,0,0,0,0,0,0
350279,2,1,1988,0,0,0,0,0,0,0,0,0,0
350280,1,1,1988,16,16,16,16,16,16,16,16,16,16
350280,2,1,1988,0,0,0,0,0,0,0,0,0,0
350281,1,1,1988,28,28,28,28,28,28,28,28,28,28
350282,1,1,1988,0,0,0,0,0,0,0,0,0,0
350282,2,1,1988,13,13,13,13,13,13,13,13,13,13
350283,0,1,1988,0,0,0,0,0,0,0,0,0,0
350283,1,1,1988,13,13,13,13,13,13,13,13,13,13
350284,1,1,1988,0,0,0,0,0,0,0,0,0,0
350284,2,1,1988,0,12,27,0,24,0,0,4,0,14
350285,1,1,1988,0,0,0,0,0,0,0,0,0,0
350286,1,1,1988,14,14,14,14,14,14,14,14,14,14
350287,1,1,1988,8,8,8,8,8,8,8,8,8,8
350288,1,1,1988,24,24,24,24,24,24,24,24,24,24
350289,1,1,1988,0,0,0,0,0,0,0,0,0,0
350289,2,1,1988,0,0,0,0,0,0,0,0,0,0
350289,3,1,1988,0,0,0,0,0,0,0,0,0,0
350290,1,1,1988,23,23,23,23,23,23,23,23,23,23
350291,1,1,1988,31,31,31,31,31,31,31,31,31,31
350292,1,1,1988,27,27,27,27,27,27,27,27,27,27
350292,2,1,1988,0,0,0,0,0,0,0,0,0,0
350292,3,1,1988,0,0,0,0,0,0,0,0,0,0
350293,1,1,1988,0,0,0,0,0,0,0,0,0,0
350294,1,1,1988,27,27,27,27,27,27,27,27,27,27
350295,0,1,1988,0,0,0,0,0,0,0,0,0,0
350295,1,1,1988,0,0,0,0,0,0,0,0,0,0
350296,1,1,1988,0,28,23,9,19,13,0,0,19,22
350297,1,1,1988,10,10,10,10,10,10,10,10,10,10
350298,1,1,1988,4,4,4,4,4,4,4,4,4,4
350299,1,1,1988,30,30,30,30,30,30,30,30,30,30
350300,1,1,1988,22,23,16,20,10,23,0,22,24,0
350301,1,1,1988,0,0,0,0,0,0,0,0,0,0
350302,1,1,1988,0,0,0,0,0,0,0,0,0,0
350303,1,1,1988,0,0,0,0,0,0,0,0,0,0
350304,1,1,1988,32,32,32,32,32,32,32,32,32,32
350305,1,1,1988,15,15,15,15,15,15,15,15,15,15
350305,2,1,1988,0,0,0,0,0,0,0,0,0,0
350306,1,1,1988,0,0,0,0,0,0,0,0,0,0
350307,0,1,1988,0,0,0,0,0,0,0,0,0,0
350307,1,1,1988,0,0,0,0,0,0,0,0,0,0
350308,0,1,1988,11,11,11,11,11,11,11,11,11,11
350308,1,1,1988,0,0,0,0,19,0,0,11,0,0
350309,1,1,1988,10,10,10,10,10,10,10,10,10,10
350309,2,1,1988,21,12,4,0,0,0,8,15,14,11
350310,1,1,1988,11,11,11,11,11,11,11,11,11,11
350311,1,1,1988,16,16,14,26,14,13,4,13,0,15
350311,2,1,1988,0,0,0,0,0,0,0,0,0,0
350312,1,1,1988,0,0,0,0,0,0,0,0,0,0
350312,2,1,1988,0,0,0,0,0,0,0,0,0,0
350312,3,1,1988,0,0,0,0,0,0,0,0,0,0
350313,1,1,1988,23,23,23,23,23,23,23,23,23,23
350313,2,1,1988,0,0,0,0,0,0,0,0,0,0
350314,1,1,1988,10,18,9,0,13,18,20,18,13,5
350315,0,1,1988,47,47,47,47,47,47,47,47,47,47
350315,1,1,1988,0,0,0,0,0,0,0,0,0,0
350316,1,1,1988,20,20,20,20,20,20,20,20,20,20
350317,1,1,1988,0,0,0,0,0,0,0,0,0,0
350317,2,1,1988,23,23,23,23,23,23,23,23,23,23
350318,1,1,1988,12,12,12,12,12,12,12,12,12,12
350319,0,1,1988,30,30,30,30,30,30,30,30,30,30
350319,1,1,1988,0,0,0,0,0,0,0,0,0,0
350320,1,1,1988,0,0,0,0,0,0,0,0,0,0
350320,2,1,1988,0,0,0,0,0,0,0,0,0,0
350320,3,1,1988,21,21,21,21,21,21,21,21,21,21
350321,0,1,1988,0,0,0,0,0,0,0,0,0,0
350321,1,1,1988,0,0,0,0,0,0,0,0,0,0
350322,1,1,1988,27,27,27,27,27,27,27,27,27,27
350322,2,1,1988,0,0,0,0,0,0,0,0,0,0
350323,1,1,1988,23,23,23,23,23,23,23,23,23,23
350323,2,1,1988,0,0,0,0,0,0,0,0,0,0
350324,1,1,1988,9,9,9,9,9,9,9,9,9,9
350325,1,1,1988,0,0,0,0,0,0,0,0,0,0
350326,1,1,1988,23,23,23,23,23,23,23,23,23,23
350327,0,1,1988,0,0,0,0,0,0,0,0,0,0
350327,1,1,1988,19,0,0,15,33,0,0,0,0,0
350328,0,1,1988,2,2,2,2,2,2,2,2,2,2
350328,1,1,1988,0,0,0,0,0,0,0,0,0,20
350329,1,1,1988,15,15,15,15,15,15,15,15,15,15
350330,1,1,1988,28,28,30,31,15,13,24,13,6,8
350331,0,1,1988,23,23,23,23,23,23,23,23,23,23
350331,1,1,1988,0,0,0,0,0,0,0,0,0,0
350332,1,1,1988,14,14,14,14,14,14,14,14,14,14
350333,1,1,1988,0,0,0,0,0,0,0,0,0,0
350333,2,1,1988,28,28,28,28,28,28,28,28,28,28
350334,1,1,1988,8,8,8,8,8,8,8,8,8,8
350335,1,1,1988,20,26,0,0,0,0,17,0,17,18
350336,1,1,1988,0,0,0,0,0,0,0,0,0,0
350337,0,1,1988,0,0,0,0,0,0,0,0,0,0
350337,1,1,1988,0,0,0,0,0,0,0,0,0,0
350338,1,1,1988,0,0,0,0,0,0,0,0,0,0
350338,2,1,1988,28,22,11,11,16,14,0,18,23,32
350339,1,1,1988,18,18,18,18,18,18,18,18,18,18
350340,1,1,1988,35,35,35,35,35,35,35,35,35,35
350341,0,1,1988,17,17,17,17,17,17,17,17,17,17
350341,1,1,1988,6,6,6,6,6,6,6,6,6,6
350342,0,1,1988,23,23,23,23,23,23,23,23,23,23
350342,1,1,1988,15,0,15,18,11,28,25,8,0,0
350343,1,1,1988,27,27,27,27,27,27,27,27,27,27
350344,1,1,1988,22,22,22,22,22,22,22,22,22,22
350345,1,1,1988,0,0,0,0,0,0,0,0,0,0
350346,1,1,1988,6,6,6,6,6,6,6,6,6,6
350347,0,1,1988,0,0,0,0,0,0,0,0,0,0
350347,1,1,1988,0,14,10,3,6,0,0,0,4,0
350348,0,1,1988,29,29,29,29,29,29,29,29,29,29
350348,1,1,1988,0,0,0,0,0,0,0,0,0,0
350349,1,1,1988,24,24,24,24,24,24,24,24,24,24
350350,1,1,1988,31,31,31,31,31,31,31,31,31,31
350351,1,1,1988,19,19,19,19,19,19,19,19,19,19
350352,1,1,1988,34,5,21,24,18,10,22,18,20,17
350352,2,1,1988,6,6,6,6,6,6,6,6,6,6
350353,1,1,1988,28,28,28,28,28,28,28,28,28,28
350354,1,1,1988,0,0,4,0,0,0,0,0,0,0
350354,2,1,1988,0,0,0,32,0,0,0,0,0,0
350355,0,1,1988,11,11,11,11,11,11,11,11,11,11
350355,1,1,1988,0,0,0,0,0,0,0,0,0,0
350356,1,1,1988,0,0,25,0,0,0,0,0,0,0
350357,1,1,1988,23,23,23,23,23,23,23,23,23,23
350358,1,1,1988,8,8,8,8,8,8,8,8,8,8
350359,1,1,1988,20,0,0,17,16,0,0,30,0,0
350359,2,1,1988,0,0,0,0,9,0,0,0,0,0
350360,1,1,1988,16,16,16,16,16,16,16,16,16,16
350361,0,1,1988,17,17,17,17,17,17,17,17,17,17
350361,1,1,1988,0,0,0,0,0,0,0,0,0,0
350362,1,1,1988,15,15,15,15,15,15,15,15,15,15
350363,0,1,1988,16,16,16,16,16,16,16,16,16,16
350363,1,1,1988,0,0,0,0,0,0,5,0,0,0
350364,1,1,1988,4,4,4,4,4,4,4,4,4,4
350365,1,1,1988,3,3,3,3,3,3,3,3,3,3
350365,2,1,1988,0,0,0,0,0,0,0,0,0,0
350365,3,1,1988,0,0,0,0,0,0,0,0,0,0
350366,1,1,1988,0,0,0,0,0,0,0,0,0,0
350366,2,1,1988,0,0,0,0,0,0,0,0,0,0
350367,1,1,1988,19,18,27,12,11,20,12,5,16,19
350368,1,1,1988,10,10,10,10,10,10,10,10,10,10
350369,1,1,1988,25,25,25,25,25,25,25,25,25,25
350370,1,1,1988,30,30,30,30,30,30,30,30,30,30
350371,1,1,1988,17,17,17,17,17,17,17,17,17,17
350372,1,1,1988,0,0,0,0,0,0,0,0,0,0
350372,2,1,1988,0,0,0,0,0,0,0,0,0,0
350373,1,1,1988,7,7,7,7,7,7,7,7,7,7
350374,0,1,1988,39,39,39,39,39,39,39,39,39,39
350374,1,1,1988,0,0,0,0,0,0,0,0,0,0
350375,1,1,1988,8,8,8,8,8,8,8,8,8,8
350376,1,1,1988,0,0,0,0,0,0,0,0,0,0
350377,1,1,1988,47,47,47,47,47,47,47,47,47,47
350377,2,1,1988,12,12,12,12,12,12,12,12,12,12
350378,1,1,1988,37,37,37,37,37,37,37,37,37,37
350379,0,1,1988,0,0,0,0,0,0,0,0,0,0
350379,1,1,1988,7,0,0,0,0,0,0,0,15,0
350380,1,1,1988,0,6,0,0,0,7,0,0,0,0
350381,0,1,1988,0,0,0,0,0,0,0,0,0,0
350381,1,1,1988,0,0,0,0,0,0,0,0,0,0
350382,1,1,1988,28,28,28,28,28,28,28,28,28,28
350383,1,1,1988,28,28,28,28,28,28,28,28,28,28
350384,1,1,1988,0,15,0,0,13,0,0,0,0,0
350384,2,1,1988,0,0,12,0,0,0,0,0,0,0
350385,1,1,1988,27,27,27,27,27,27,27,27,27,27
350386,0,1,1988,0,18,0,0,0,9,0,0,0,10
350386,1,1,1988,0,0,0,0,0,0,0,0,22,0
350387,1,1,1988,0,0,0,0,0,0,0,0,0,0
350388,1,1,1988,14,14,14,14,14,14,14,14,14,14
350389,1,1,1988,14,14,14,14,14,14,14,14,14,14
350390,0,1,1988,23,23,23,23,23,23,23,23,23,23
350390,1,1,1988,0,0,0,0,0,0,0,0,0,15
350391,0,1,1988,26,26,26,26,26,26,26,26,26,26
350391,1,1,1988,0,0,0,0,0,0,11,0,0,0
350392,0,1,1988,41,41,41,41,41,41,41,41,41,41
350392,0,2,1988,34,34,34,34,34,34,34,34,34,34
350392,1,1,1988,0,0,0,0,0,0,0,0,0,0
350393,1,1,1988,0,0,0,0,0,0,0,0,0,0
350394,0,1,1988,0,41,20,17,0,0,10,0,8,34
350394,0,2,1988,0,0,0,0,0,0,0,0,0,0
350394,1,1,1988,16,16,16,16,16,16,16,16,16,16
350395,1,1,1988,25,25,25,25,25,25,25,25,25,25
350395,2,1,1988,0,0,0,0,10,0,0,0,0,6
350397,1,1,1988,0,0,0,0,0,0,0,0,0,0
350397,2,1,1988,0,0,0,0,0,22,0,0,0,0
350398,0,1,1988,0,0,0,0,0,0,0,0,0,0
350398,1,1,1988,0,0,0,0,0,0,0,0,0,0
350399,0,1,1988,38,38,38,38,38,38,38,38,38,38
350399,1,1,1988,0,0,0,0,0,0,0,0,0,0
350400,1,1,1988,31,31,31,31,31,31,31,31,31,31
350401,0,1,1988,7,7,7,7,7,7,7,7,7,7
350401,1,1,1988,0,0,18,0,0,0,0,0,0,0
350402,1,1,1988,45,45,45,45,45,45,45,45,45,45
350403,0,1,1988,26,26,26,26,26,26,26,26,26,26
350403,1,1,1988,0,0,0,0,0,0,0,0,0,0
350404,1,1,1988,17,0,11,0,0,0,0,19,0,0
350404,2,1,1988,0,0,0,0,0,0,0,0,0,0
350405,1,1,1988,11,11,11,11,11,11,11,11,11,11
350405,2,1,1988,8,8,9,15,2,20,12,11,0,0
350406,0,1,1988,28,28,28,28,28,28,28,28,28,28
350406,1,1,1988,0,0,0,0,0,0,0,0,0,0
350407,1,1,1988,18,18,18,18,18,18,18,18,18,18
350408,1,1,1988,0,0,0,0,0,0,0,0,0,0
350409,1,1,1988,6,6,6,6,6,6,6,6,6,6
350410,1,1,1988,0,0,0,0,0,0,0,0,0,0
350411,1,1,1988,23,23,23,23,23,23,23,23,23,23
350412,1,1,1988,0,0,0,10,0,18,16,12,0,0
350412,2,1,1988,0,0,0,0,0,0,0,0,0,0
350412,3,1,1988,0,0,0,0,0,0,0,0,0,0
350413,1,1,1988,0,0,0,0,0,0,0,0,0,0
350414,0,1,1988,18,18,18,18,18,18,18,18,18,18
350414,1,1,1988,0,0,0,0,0,0,0,0,0,0
350414,2,1,1988,0,0,0,0,0,0,0,0,0,0
350415,1,1,1988,22,22,22,22,22,22,22,22,22,22
350415,2,1,1988,1,1,1,1,1,1,1,1,1,1
350416,1,1,1988,0,0,0,0,0,0,0,0,0,0
350416,2,1,1988,0,0,0,0,0,0,0,0,0,0
350417,1,1,1988,0,0,0,0,0,0,0,0,0,0
350417,2,1,1988,0,0,0,0,0,0,0,0,0,0
350418,0,1,1988,29,29,29,29,29,29,29,29,29,29
350418,1,1,1988,27,12,22,8,0,7,6,19,5,22
350418,2,1,1988,5,7,17,0,0,21,32,7,0,15
350419,1,1,1988,0,0,0,0,0,0,4,0,0,0
350419,2,1,1988,0,0,0,0,0,0,0,0,0,0
350419,3,1,1988,0,0,0,0,0,0,0,0,0,0
350420,1,1,1988,0,0,0,0,0,0,0,0,0,0
350420,2,1,1988,2,2,2,2,2,2,2,2,2,2
350421,1,1,1988,0,0,0,0,0,0,0,0,0,0
350421,2,1,1988,28,28,28,28,28,28,28,28,28,28
350422,1,1,1988,13,13,13,13,13,13,13,13,13,13
350422,2,1,1988,0,13,14,0,9,0,20,4,0,15
350423,1,1,1988,22,22,22,22,22,22,22,22,22,22
350424,1,1,1988,0,0,0,0,0,0,0,0,0,0
350424,2,1,1988,20,20,20,20,20,20,20,20,20,20
350425,1,1,1988,0,0,0,0,0,0,0,0,0,0
350425,2,1,1988,12,12,12,12,12,12,12,12,12,12
350425,3,1,1988,0,0,0,0,0,0,0,0,0,0
350426,0,1,1988,16,16,16,16,16,16,16,16,16,16
350426,1,1,1988,0,0,0,0,0,0,0,0,0,0
350427,1,1,1988,4,4,4,4,4,4,4,4,4,4
350428,1,1,1988,13,13,13,13,13,13,13,13,13,13
350429,0,1,1988,17,17,17,17,17,17,17,17,17,17
350429,1,1,1988,6,19,3,18,24,0,27,0,10,19
350430,0,1,1988,0,0,0,0,0,0,0,0,0,0
350430,1,1,1988,0,0,0,0,0,0,0,0,0,0
350431,1,1,1988,5,0,0,0,0,17,0,0,0,9
350431,2,1,1988,0,0,0,0,0,0,0,0,0,0
350432,1,1,1988,0,0,0,0,0,0,0,0,0,0
350433,1,1,1988,0,0,0,0,0,0,0,0,0,0
350434,1,1,1988,0,0,0,0,0,0,0,0,0,0
350435,1,1,1988,13,11,8,25,17,22,14,9,21,0
360001,1,1,1988,0,0,0,0,0,0,0,0,0,0
360003,0,1,1988,23,23,23,23,23,23,23,23,23,23
360003,1,1,1988,18,28,17,9,12,20,0,7,15,3
360004,1,1,1988,0,0,0,0,0,0,0,0,0,0
360004,2,1,1988,0,15,0,0,0,0,0,0,0,0
360005,1,1,1988,0,0,0,0,0,0,0,0,0,0
360006,1,1,1988,10,10,10,10,10,10,10,10,10,10
360007,0,1,1988,18,18,18,18,18,18,18,18,18,18
360007,1,1,1988,0,0,0,0,0,0,0,0,0,0
360008,1,1,1988,0,0,0,0,0,0,0,0,0,0
360009,0,1,1988,15,15,15,15,15,15,15,15,15,15
360009,1,1,1988,0,0,13,0,0,0,0,0,0,0
360010,1,1,1988,0,0,0,0,0,0,0,0,0,0
360011,1,1,1988,18,18,18,18,18,18,18,18,18,18
360012,1,1,1988,0,0,0,0,0,0,0,0,0,0
360012,2,1,1988,0,0,0,16,0,0,0,0,0,0
360013,0,1,1988,0,0,0,27,0,13,0,0,0,21
360013,1,1,1988,0,0,0,0,0,0,0,0,0,0
360014,1,1,1988,0,0,0,0,0,0,0,0,0,0
360014,2,1,1988,0,0,0,0,0,0,0,0,0,0
360015,1,1,1988,1,1,1,1,1,1,1,1,1,1
360015,2,1,1988,0,0,0,0,0,0,0,0,0,0
360016,0,1,1988,15,15,15,15,15,15,15,15,15,15
360016,1,1,1988,6,9,15,17,20,11,11,10,9,20
360017,1,1,1988,26,26,26,26,26,26,26,26,26,26
360017,2,1,1988,0,0,0,0,0,0,0,0,0,0
360018,1,1,1988,0,0,0,0,0,0,0,15,0,0
360018,2,1,1988,0,0,0,0,0,0,0,0,0,0
360018,3,1,1988,0,0,0,0,0,0,0,0,0,0
360019,1,1,1988,0,0,0,0,0,0,0,0,0,0
360019,2,1,1988,0,0,0,0,0,0,0,0,0,0
360020,1,1,1988,0,0,0,0,0,0,0,0,0,0
360020,2,1,1988,0,0,0,0,0,0,0,0,0,0
360021,1,1,1988,0,0,0,0,0,0,0,0,0,0
360021,2,1,1988,0,6,0,0,0,2,0,0,0,0
360022,0,1,1988,0,0,0,0,0,0,0,0,0,0
360022,1,1,1988,18,10,12,28,27,11,6,9,10,17
360023,0,1,1988,0,0,0,0,0,0,0,0,0,0
360023,1,1,1988,0,0,0,0,0,0,0,0,0,0
360024,0,1,1988,0,0,0,0,0,0,0,0,0,0
360024,1,1,1988,0,0,0,0,0,11,0,0,0,0
360025,0,1,1988,0,0,0,0,0,0,0,0,0,0
360025,1,1,1988,0,0,0,0,0,0,0,0,0,0
360026,1,1,1988,0,0,0,0,0,0,0,0,0,0
360027,1,1,1988,0,0,0,0,0,0,0,0,0,0
360027,2,1,1988,0,0,0,0,0,0,0,0,0,0
360028,1,1,1988,0,0,0,0,0,0,0,0,0,0
360028,2,1,1988,0,0,0,0,0,12,0,37,0,0
360029,1,1,1988,8,8,8,8,8,8,8,8,8,8
360030,1,1,1988,7,0,13,12,0,0,0,0,33,0
360030,2,1,1988,0,0,0,0,17,0,0,0,0,0
360030,3,1,1988,0,0,0,0,0,0,0,0,0,0
360031,1,1,1988,0,0,0,0,0,0,0,0,0,0
360031,2,1,1988,0,0,0,0,0,0,0,0,0,0
360032,1,1,1988,0,0,0,0,0,0,0,0,0,0
360032,2,1,1988,0,0,0,0,0,0,0,0,0,0
360033,1,1,1988,0,0,24,0,0,21,0,2,0,24
360034,1,1,1988,0,0,0,0,0,0,0,0,0,0
360034,2,1,1988,0,0,0,0,0,0,0,0,0,0
360035,1,1,1988,0,0,0,0,0,0,0,0,0,0
360035,2,1,1988,0,0,0,0,0,0,0,0,0,0
360036,1,1,1988,0,0,0,0,0,0,0,0,0,0
360036,2,1,1988,0,0,0,0,0,0,0,0,0,0
360037,0,1,1988,0,0,0,0,0,0,0,0,0,0
360037,1,1,1988,0,0,0,0,0,0,0,0,0,0
360038,1,1,1988,0,0,0,0,0,0,0,0,0,0
360038,2,1,1988,0,0,0,0,0,0,0,0,0,0
360039,0,1,1988,0,0,0,0,0,0,0,0,0,0
360039,1,1,1988,0,0,0,0,0,0,0,0,0,0
360039,2,1,1988,0,0,0,0,0,0,0,0,0,0
360040,0,1,1988,0,0,0,0,0,0,0,0,0,0
360040,1,1,1988,0,0,0,0,0,0,0,0,0,0
360041,1,1,1988,0,0,0,0,0,0,0,0,0,0
360042,1,1,1988,0,0,0,0,0,0,0,0,28,0
360042,2,1,1988,0,0,0,0,0,0,0,0,0,0
360043,1,1,1988,9,9,9,9,9,9,9,9,9,9
360044,0,1,1988,6,6,6,6,6,6,6,6,6,6
360044,1,1,1988,22,22,22,22,22,22,22,22,22,22
360045,0,1,1988,14,14,14,14,14,14,14,14,14,14
360045,1,1,1988,0,0,4,0,0,0,0,0,0,0
360046,1,1,1988,0,0,0,0,0,0,0,0,0,0
360046,2,1,1988,0,0,0,0,0,0,0,0,0,0
360047,1,1,1988,11,11,11,11,11,11,11,11,11,11
360047,2,1,1988,0,0,0,0,0,0,0,0,0,0
360048,0,1,1988,0,0,24,0,19,19,16,0,12,0
360048,1,1,1988,0,14,0,0,0,0,0,0,0,0
360049,0,1,1988,13,13,13,13,13,13,13,13,13,13
360049,1,1,1988,0,0,0,0,0,0,0,0,0,0
360050,1,1,1988,0,0,0,0,0,0,0,0,0,0
360050,2,1,1988,0,0,0,0,0,0,0,0,0,0
360051,1,1,1988,0,0,0,0,0,0,0,0,0,0
360051,2,1,1988,10,15,16,13,14,10,16,9,17,8
360052,1,1,1988,0,0,0,0,0,0,0,0,0,0
360052,2,1,1988,0,0,0,0,0,0,0,0,0,0
360053,0,1,1988,0,0,0,0,0,0,0,0,0,0
360053,1,1,1988,0,0,0,0,0,17,0,0,0,0
360054,1,1,1988,0,0,0,0,0,0,0,0,0,0
360054,2,1,1988,0,0,0,0,0,0,0,0,0,0
360055,1,1,1988,13,13,13,13,13,13,13,13,13,13
360056,0,1,1988,27,27,27,27,27,27,27,27,27,27
360056,1,1,1988,0,0,0,0,0,0,0,0,0,0
360057,1,1,1988,5,16,13,18,0,0,10,16,14,12
360058,1,1,1988,0,0,0,0,0,0,0,0,0,0
360058,2,1,1988,0,0,0,11,0,0,0,0,0,0
360059,1,1,1988,12,12,12,12,12,12,12,12,12,12
360059,2,1,1988,0,0,0,0,0,0,0,0,0,0
360060,1,1,1988,2,14,0,0,26,10,16,0,0,0
360060,2,1,1988,3,3,3,3,3,3,3,3,3,3
360061,1,1,1988,6,6,6,6,6,6,6,6,6,6
360062,1,1,1988,14,14,14,14,14,14,14,14,14,14
360063,1,1,1988,17,17,17,17,17,17,17,17,17,17
360064,0,1,1988,0,0,0,0,0,0,0,0,0,0
360064,1,1,1988,0,0,0,0,0,0,0,0,0,0
360065,1,1,1988,0,0,12,0,0,0,0,0,0,0
360065,2,1,1988,0,0,0,0,0,0,0,0,0,0
360066,1,1,1988,18,18,18,18,18,18,18,18,18,18
360066,2,1,1988,0,0,0,0,0,0,0,0,0,0
360068,0,1,1988,0,0,0,0,0,0,0,0,0,0
360068,1,1,1988,14,0,3,0,0,0,0,0,0,0
360069,0,1,1988,8,8,8,8,8,8,8,8,8,8
360069,1,1,1988,27,11,23,10,16,0,54,12,0,17
360070,0,1,1988,0,0,0,0,0,0,0,0,0,0
360070,1,1,1988,0,0,8,0,0,0,0,0,0,0
360071,1,1,1988,19,19,19,19,19,19,19,19,19,19
360072,1,1,1988,0,0,0,0,17,0,0,13,0,22
360073,1,1,1988,0,0,0,0,0,0,0,0,0,0
360073,2,1,1988,0,0,0,0,0,0,0,0,0,0
360074,1,1,1988,0,0,20,0,0,0,0,0,0,11
360074,2,1,1988,0,0,0,0,0,0,0,0,0,0
360075,1,1,1988,27,27,27,27,27,27,27,27,27,27
360075,2,1,1988,10,8,0,7,0,0,5,0,0,6
360076,1,1,1988,13,13,13,13,13,13,13,13,13,13
360077,1,1,1988,23,17,11,7,6,9,7,0,13,12
360077,2,1,1988,0,0,0,0,0,0,0,0,0,0
360077,3,1,1988,0,0,4,0,0,0,0,0,0,0
360078,0,1,1988,16,16,16,16,16,16,16,16,16,16
360078,1,1,1988,0,0,0,0,0,0,0,0,0,0
360080,1,1,1988,7,7,7,7,7,7,7,7,7,7
360080,2,1,1988,0,0,0,0,0,0,0,0,0,0
360081,0,1,1988,0,0,0,0,0,0,0,0,0,0
360081,1,1,1988,0,0,0,0,0,0,0,0,17,0
360082,0,1,1988,0,0,0,0,0,0,0,0,0,0
360082,1,1,1988,0,0,0,0,0,0,0,0,0,0
360083,0,1,1988,49,49,49,49,49,49,49,49,49,49
360083,1,1,1988,0,18,0,7,15,0,10,0,0,29
360084,0,1,1988,0,0,0,0,0,0,0,0,0,0
360084,1,1,1988,0,0,12,0,0,0,0,0,0,0
360085,0,1,1988,0,0,0,0,0,0,0,0,0,0
360085,1,1,1988,0,0,0,0,0,0,0,0,0,0
360086,0,1,1988,0,0,0,0,0,0,0,0,0,0
360086,0,2,1988,0,0,0,0,0,0,0,0,0,0
360086,1,1,1988,0,0,0,0,0,0,0,0,0,0
360087,1,1,1988,0,0,0,0,0,0,0,0,0,0
360087,2,1,1988,3,3,3,3,3,3,3,3,3,3
360088,1,1,1988,22,22,22,22,22,22,22,22,22,22
360089,1,1,1988,0,0,0,0,0,0,0,0,0,0
360090,1,1,1988,0,0,0,0,0,0,0,0,0,0
360091,1,1,1988,0,0,0,0,0,0,0,0,0,0
360092,0,1,1988,12,12,12,12,12,12,12,12,12,12
360092,1,1,1988,0,0,0,0,0,0,0,0,0,0
360094,0,1,1988,0,0,0,0,0,0,0,0,0,0
360094,1,1,1988,0,0,0,0,0,0,0,0,0,0
360095,0,1,1988,0,0,0,0,0,0,0,0,0,0
360095,1,1,1988,0,0,0,0,0,0,0,0,0,0
360096,0,1,1988,0,0,0,0,0,0,0,0,0,0
360096,1,1,1988,12,13,0,0,5,0,15,12,3,24
360097,0,1,1988,0,0,0,0,0,0,0,0,0,0
360097,1,1,1988,4,0,0,0,0,0,0,0,0,0
360098,1,1,1988,0,0,0,0,0,0,0,0,0,0
360098,2,1,1988,0,0,0,0,0,0,0,0,0,0
360099,1,1,1988,0,0,0,0,0,0,0,6,0,0
360100,0,1,1988,2,2,2,2,2,2,2,2,2,2
360100,1,1,1988,0,0,0,6,0,0,0,0,0,0
360101,0,1,1988,0,0,0,0,0,0,0,0,0,0
360101,0,2,1988,0,0,0,0,0,0,0,0,0,0
360101,0,3,1988,0,0,0,0,0,0,0,0,0,0
360101,1,1,1988,0,0,0,0,0,28,11,0,0,0
360101,2,1,1988,0,0,0,0,0,0,0,0,0,0
360102,1,1,1988,2,2,2,2,2,2,2,2,2,2
360102,2,1,1988,5,0,28,13,13,9,14,8,19,17
360103,1,1,1988,0,6,0,0,0,10,0,0,0,0
360104,0,1,1988,0,0,0,0,0,0,0,0,0,0
360104,1,1,1988,0,0,0,0,0,0,0,0,0,0
360105,0,1,1988,0,0,0,0,0,0,0,0,0,0
360105,1,1,1988,0,0,0,0,0,0,0,0,0,0
360106,1,1,1988,20,20,20,20,20,20,20,20,20,20
360107,1,1,1988,0,0,0,0,0,0,0,0,0,0
360107,2,1,1988,0,0,0,0,0,0,0,0,0,0
360107,3,1,1988,0,0,0,0,0,0,0,0,0,0
360108,0,1,1988,0,0,0,0,0,0,0,0,0,25