ST_CASE,VEH_NO,PER_NO,YEAR,P1,P2,P3,P4,P5,P6,P7,P8,P9,P10
360108,0,2,1988,0,0,0,0,0,0,0,0,0,0
360108,1,1,1988,5,0,0,0,0,0,0,0,0,0
360108,2,1,1988,0,0,0,0,0,0,0,0,0,0
360109,0,1,1988,0,0,0,0,0,0,0,0,0,0
360109,1,1,1988,0,0,0,0,0,0,0,0,0,0
360110,1,1,1988,27,27,27,27,27,27,27,27,27,27
360110,2,1,1988,0,0,0,0,0,0,0,12,0,0
360110,3,1,1988,0,0,0,0,0,0,0,0,0,0
360111,1,1,1988,0,0,0,0,0,0,0,0,0,0
360112,1,1,1988,15,15,15,15,15,15,15,15,15,15
360113,1,1,1988,22,22,22,22,22,22,22,22,22,22
360114,1,1,1988,0,0,0,0,0,0,0,0,0,0
360115,1,1,1988,0,0,0,0,0,0,0,0,0,0
360115,2,1,1988,16,0,0,0,13,26,0,20,16,5
360116,1,1,1988,0,25,0,0,0,0,0,0,5,0
360117,0,1,1988,0,0,0,0,0,0,0,0,0,0
360117,1,1,1988,0,0,0,0,0,0,0,0,0,0
360118,1,1,1988,4,4,4,4,4,4,4,4,4,4
360119,1,1,1988,0,0,0,0,0,0,0,0,0,0
360119,2,1,1988,0,0,0,0,0,0,0,0,0,0
360120,1,1,1988,0,0,0,0,0,0,0,0,0,0
360120,2,1,1988,0,0,0,0,0,0,0,0,0,0
360121,1,1,1988,18,18,18,18,18,18,18,18,18,18
360121,2,1,1988,0,11,12,18,9,15,0,12,3,13
360123,0,1,1988,4,4,4,4,4,4,4,4,4,4
360123,1,1,1988,9,9,9,9,9,9,9,9,9,9
360124,1,1,1988,16,16,16,16,16,16,16,16,16,16
360125,1,1,1988,0,0,0,0,0,0,0,0,0,0
360125,2,1,1988,0,0,0,0,0,0,0,0,0,0
360126,1,1,1988,17,11,17,21,15,8,5,8,25,20
360126,2,1,1988,0,0,0,0,0,0,0,0,0,0
360127,0,1,1988,0,0,0,0,0,0,0,0,0,0
360127,1,1,1988,0,0,0,0,0,0,0,0,0,0
360128,0,1,1988,0,0,0,0,0,0,0,0,0,0
360128,1,1,1988,0,0,9,0,0,0,0,0,0,0
360129,0,1,1988,0,0,0,0,0,0,0,0,0,0
360129,1,1,1988,0,0,0,0,0,0,0,0,0,0
360130,1,1,1988,21,21,21,21,21,21,21,21,21,21
360131,1,1,1988,0,0,0,0,0,0,0,0,0,0
360131,2,1,1988,0,0,0,0,0,0,0,0,0,0
360131,3,1,1988,0,0,0,0,0,0,0,0,0,0
360132,0,1,1988,0,0,0,0,0,0,0,16,0,0
360132,1,1,1988,0,0,0,0,0,0,0,0,0,0
360133,1,1,1988,7,7,7,7,7,7,7,7,7,7
360133,2,1,1988,18,18,18,18,18,18,18,18,18,18
360134,0,1,1988,0,0,0,0,0,0,0,0,0,0
360134,1,1,1988,0,0,0,0,0,0,0,0,0,0
360135,1,1,1988,0,11,18,13,16,15,21,26,18,0
360136,1,1,1988,0,8,0,0,0,0,0,0,0,0
360136,2,1,1988,0,0,0,0,0,0,0,0,0,0
360137,1,1,1988,14,14,14,14,14,14,14,14,14,14
360137,2,1,1988,21,21,21,21,21,21,21,21,21,21
360138,1,1,1988,0,0,0,0,0,0,0,0,0,0
360138,2,1,1988,0,0,0,0,0,0,0,0,0,0
360139,1,1,1988,24,24,24,24,24,24,24,24,24,24
360140,1,1,1988,0,0,0,0,0,0,0,0,0,0
360140,2,1,1988,0,0,0,0,0,0,0,0,0,0
360141,1,1,1988,0,0,0,0,0,0,0,0,0,0
360141,2,1,1988,0,0,0,0,0,0,0,0,0,0
360142,1,1,1988,7,24,11,19,12,20,8,15,0,10
360142,2,1,1988,13,13,13,13,13,13,13,13,13,13
360143,1,1,1988,0,0,0,0,0,0,0,0,0,0
360143,2,1,1988,0,0,0,0,0,0,0,0,0,0
360144,1,1,1988,25,25,25,25,25,25,25,25,25,25
360144,2,1,1988,0,0,0,0,0,0,0,0,0,0
360145,0,1,1988,0,0,0,0,0,0,0,0,0,0
360145,1,1,1988,0,0,0,0,0,0,0,0,0,0
360146,1,1,1988,0,0,0,0,0,0,0,0,0,0
360146,2,1,1988,11,0,0,0,0,0,0,0,0,0
360147,1,1,1988,18,9,14,19,17,25,17,2,4,18
360147,2,1,1988,0,0,0,0,0,15,0,0,0,0
360148,1,1,1988,0,18,0,0,19,21,0,0,0,0
360148,2,1,1988,0,0,0,0,0,0,0,0,0,0
360149,1,1,1988,0,0,0,0,0,0,9,0,0,0
360149,2,1,1988,0,0,0,0,0,0,0,0,0,0
360149,3,1,1988,14,10,17,27,15,7,26,19,9,6
360150,1,1,1988,0,0,0,0,0,0,0,0,0,0
360150,2,1,1988,0,0,0,0,0,0,0,0,0,0
360151,0,1,1988,0,0,0,0,0,0,0,0,0,0
360151,0,2,1988,0,0,0,0,0,0,0,0,0,0
360151,3,1,1988,0,0,0,0,0,0,0,0,0,0
360152,1,1,1988,25,15,6,13,16,23,11,13,6,6
360153,1,1,1988,5,5,5,5,5,5,5,5,5,5
360154,0,1,1988,0,0,0,0,0,0,0,0,0,0
360154,1,1,1988,0,0,0,0,0,0,0,0,0,0
360155,0,1,1988,0,0,0,0,0,0,0,0,0,0
360155,1,1,1988,0,0,0,0,0,0,0,0,0,0
360157,1,1,1988,0,0,0,30,0,0,0,0,0,0
360157,2,1,1988,0,14,0,0,0,0,0,24,0,0
360158,1,1,1988,0,0,0,0,0,0,0,0,0,0
360158,2,1,1988,0,0,0,0,0,0,0,0,0,0
360159,0,1,1988,0,0,0,0,0,0,0,0,0,0
360159,1,1,1988,0,0,0,0,0,0,0,0,0,0
360160,1,1,1988,0,0,0,0,0,0,0,0,0,0
360160,2,1,1988,0,0,0,0,0,0,0,0,0,0
360161,0,1,1988,19,0,0,0,0,0,0,0,28,0
360161,1,1,1988,13,13,13,13,13,13,13,13,13,13
360162,1,1,1988,0,0,0,0,11,0,0,0,0,0
360162,2,1,1988,0,0,0,0,0,0,0,0,0,0
360163,0,1,1988,27,27,27,27,27,27,27,27,27,27
360163,1,1,1988,0,0,0,0,0,0,0,0,0,0
360164,1,1,1988,0,0,0,0,0,0,0,0,0,0
360164,2,1,1988,0,0,0,0,0,22,0,0,0,0
360165,1,1,1988,0,0,0,0,0,0,0,0,0,0
360165,2,1,1988,0,0,0,0,0,0,0,0,0,0
360166,0,1,1988,0,0,0,0,0,0,0,0,0,0
360166,1,1,1988,0,0,0,0,0,4,0,0,0,0
360167,1,1,1988,18,18,18,18,18,18,18,18,18,18
360168,1,1,1988,0,0,0,0,0,0,0,0,0,0
360169,1,1,1988,0,0,0,0,0,0,0,0,0,0
360169,2,1,1988,0,0,0,0,0,0,0,0,0,0
360170,1,1,1988,19,16,22,9,29,16,14,10,9,10
360170,2,1,1988,7,7,7,7,7,7,7,7,7,7
360171,0,1,1988,24,24,24,24,24,24,24,24,24,24
360171,1,1,1988,0,0,0,0,4,0,0,5,0,0
360172,1,1,1988,0,0,0,0,0,0,0,0,0,0
360172,2,1,1988,0,0,0,0,0,0,0,0,0,0
360173,0,1,1988,18,18,18,18,18,18,18,18,18,18
360173,1,1,1988,27,14,13,16,0,11,8,26,12,26
360174,1,1,1988,6,6,6,6,6,6,6,6,6,6
360176,1,1,1988,0,0,0,0,0,0,0,0,0,12
360176,2,1,1988,0,0,0,0,0,0,0,0,0,0
360177,0,1,1988,0,0,0,0,0,0,0,0,0,0
360177,1,1,1988,0,0,0,0,0,0,0,0,10,0
360178,1,1,1988,0,0,0,0,0,0,0,0,0,0
360179,1,1,1988,19,19,31,23,27,19,25,8,24,0
360180,1,1,1988,16,16,16,16,16,16,16,16,16,16
360181,1,1,1988,0,0,0,0,0,0,0,0,0,0
360181,2,1,1988,0,0,0,0,0,0,0,0,0,0
360182,0,1,1988,15,15,16,0,30,13,17,30,11,17
360182,0,2,1988,0,0,0,0,0,0,0,0,0,0
360182,1,1,1988,5,5,5,5,5,5,5,5,5,5
360183,1,1,1988,6,6,6,6,6,6,6,6,6,6
360184,1,1,1988,0,3,27,8,10,27,12,11,12,7
360185,1,1,1988,12,12,12,12,12,12,12,12,12,12
360186,1,1,1988,0,0,0,0,0,0,0,0,0,0
360186,2,1,1988,0,0,0,0,0,0,0,0,0,0
360187,0,1,1988,30,22,0,20,17,18,22,0,27,30
360187,3,1,1988,3,3,3,3,3,3,3,3,3,3
360187,4,1,1988,23,0,0,0,0,0,0,0,0,0
360187,5,1,1988,0,0,0,0,0,0,0,0,0,0
360188,1,1,1988,20,20,20,20,20,20,20,20,20,20
360189,1,1,1988,0,0,0,0,0,0,0,0,0,0
360189,2,1,1988,0,7,0,4,0,24,12,18,4,0
360190,1,1,1988,18,18,18,18,18,18,18,18,18,18
360191,1,1,1988,0,0,0,0,0,0,0,0,0,0
360191,2,1,1988,13,13,13,13,13,13,13,13,13,13
360192,0,1,1988,0,0,0,0,0,0,0,0,0,8
360192,1,1,1988,0,0,0,0,0,0,0,0,0,0
360193,1,1,1988,0,0,0,0,0,0,0,0,0,0
360193,2,1,1988,0,0,0,0,0,0,0,0,0,0
360194,1,1,1988,16,16,16,16,16,16,16,16,16,16
360195,0,1,1988,2,2,2,2,2,2,2,2,2,2
360195,1,1,1988,0,10,0,0,0,21,0,0,0,0
360196,0,1,1988,0,0,0,0,7,0,0,0,0,0
360196,1,1,1988,6,8,0,0,3,0,17,19,4,0
360197,0,1,1988,0,0,0,0,0,0,0,0,0,0
360197,1,1,1988,0,0,0,0,0,0,0,0,0,0
360198,1,1,1988,26,12,14,4,8,21,12,22,17,23
360199,1,1,1988,0,0,0,0,0,0,0,0,0,0
360199,2,1,1988,0,0,0,0,0,0,0,0,0,0
360200,1,1,1988,19,19,19,19,19,19,19,19,19,19
360201,1,1,1988,0,0,0,0,0,0,0,0,0,0
360201,2,1,1988,0,0,0,0,0,0,0,0,0,0
360201,3,1,1988,0,0,0,0,0,0,0,0,0,0
360202,1,1,1988,0,0,11,41,0,0,0,0,37,0
360203,1,1,1988,29,16,11,27,11,23,32,25,14,18
360203,2,1,1988,25,16,10,13,48,11,8,5,18,34
360204,1,1,1988,0,0,0,0,0,0,0,0,0,0
360204,2,1,1988,0,28,0,0,0,0,0,0,0,0
360205,1,1,1988,0,0,0,0,0,0,0,0,0,0
360206,1,1,1988,0,0,0,0,0,0,0,0,0,0
360206,2,1,1988,0,0,0,0,0,0,0,0,0,0
360207,1,1,1988,0,0,0,18,0,0,0,0,0,0
360207,2,1,1988,0,0,0,0,0,0,0,0,0,0
360208,1,1,1988,0,0,0,0,0,0,0,0,0,0
360208,2,1,1988,0,0,0,0,0,0,0,0,0,0
360209,1,1,1988,0,0,0,0,6,0,0,0,0,0
360209,2,1,1988,0,0,0,0,0,0,0,0,0,0
360210,1,1,1988,0,0,0,0,0,0,0,0,0,0
360211,1,1,1988,0,0,0,0,0,0,0,0,0,0
360212,1,1,1988,19,19,19,19,19,19,19,19,19,19
360213,1,1,1988,0,0,0,0,0,0,0,0,0,0
360213,2,1,1988,0,0,0,0,0,0,0,0,0,0
360214,1,1,1988,0,0,0,0,0,0,0,0,0,0
360214,2,1,1988,0,0,0,0,0,0,0,0,0,0
360215,1,1,1988,0,0,0,0,0,0,0,0,0,0
360216,0,1,1988,0,0,0,0,0,0,0,0,0,0
360216,1,1,1988,0,0,11,0,0,0,0,0,8,0
360217,0,1,1988,0,0,0,0,0,0,0,0,0,0
360217,1,1,1988,0,0,0,0,0,0,0,0,0,0
360218,0,1,1988,0,0,0,0,0,0,0,0,0,0
360218,1,1,1988,0,0,0,0,0,0,0,0,0,0
360219,0,1,1988,0,0,0,0,0,0,0,0,0,0
360219,1,1,1988,3,0,0,0,0,0,0,0,0,0
360220,0,1,1988,0,0,0,0,0,0,0,0,0,0
360220,1,1,1988,21,9,0,0,0,4,6,0,0,13
360221,0,1,1988,0,0,0,0,0,0,0,0,0,0
360221,1,1,1988,0,0,0,0,0,0,0,0,0,3
360222,1,1,1988,0,0,0,0,0,0,0,0,0,0
360222,2,1,1988,6,0,0,0,0,0,0,0,0,0
360223,0,1,1988,0,0,0,0,0,0,0,0,0,0
360223,1,1,1988,0,0,0,0,0,0,0,0,0,0
360224,0,1,1988,0,0,0,0,0,0,0,0,0,0
360224,1,1,1988,0,0,0,0,0,0,0,0,0,0
360225,0,1,1988,0,0,0,0,0,0,0,0,0,0
360225,1,1,1988,21,4,0,9,8,2,15,26,30,13
360226,0,1,1988,0,0,0,0,0,0,0,0,0,0
360226,1,1,1988,0,0,6,0,0,0,0,0,0,0
360227,1,1,1988,12,0,0,0,0,0,5,0,0,0
360227,2,1,1988,0,0,0,0,0,0,0,0,0,0
360227,3,1,1988,0,0,0,0,0,0,0,0,0,0
360228,1,1,1988,0,0,0,0,0,0,0,0,0,0
360228,2,1,1988,0,0,0,0,0,0,0,0,0,0
360229,0,1,1988,13,13,13,13,13,13,13,13,13,13
360229,1,1,1988,0,0,0,0,0,0,8,0,0,0
360230,0,1,1988,0,0,0,0,0,0,0,0,0,0
360230,0,2,1988,0,0,0,0,0,0,0,0,0,0
360230,0,3,1988,0,0,0,0,0,0,0,0,0,0
360230,0,4,1988,0,0,0,0,0,0,0,0,0,0
360230,1,1,1988,0,0,0,0,0,0,0,0,0,0
360230,2,1,1988,0,0,0,0,0,0,0,0,0,0
360231,1,1,1988,7,7,7,7,7,7,7,7,7,7
360231,2,1,1988,0,0,0,0,0,0,0,0,0,0
360232,1,1,1988,23,23,23,23,23,23,23,23,23,23
360233,0,1,1988,0,0,0,0,0,0,0,0,0,0
360234,0,1,1988,0,0,0,0,0,0,0,0,0,0
360234,1,1,1988,0,0,0,0,0,0,0,0,0,0
360235,0,1,1988,0,0,0,0,0,0,0,0,0,0
360235,1,1,1988,21,0,0,0,0,0,0,0,11,12
360236,0,1,1988,0,0,0,0,1,0,0,0,0,0
360236,1,1,1988,0,0,0,0,0,0,0,0,0,0
360237,1,1,1988,20,9,13,0,0,14,0,0,4,0
360238,1,1,1988,18,17,14,20,20,14,13,25,7,0
360238,2,1,1988,0,0,0,0,0,0,0,0,0,0
360238,3,1,1988,0,0,0,0,0,0,0,0,0,0
360239,0,1,1988,0,0,0,0,0,0,0,0,12,0
360239,1,1,1988,0,0,0,0,0,0,0,0,0,0
360240,1,1,1988,21,21,21,21,21,21,21,21,21,21
360241,1,1,1988,0,0,0,0,0,0,0,0,0,0
360241,2,1,1988,0,0,0,0,0,0,0,0,0,0
360242,1,1,1988,0,0,0,0,0,0,0,0,0,0
360242,2,1,1988,0,0,0,0,0,0,0,0,0,16
360243,1,1,1988,0,0,0,0,0,0,0,0,0,0
360243,2,1,1988,0,0,0,0,0,0,0,0,0,0
360244,1,1,1988,8,8,8,8,8,8,8,8,8,8
360245,1,1,1988,0,0,0,0,0,0,0,0,0,0
360246,1,1,1988,26,20,14,5,29,18,8,22,23,15
360247,0,1,1988,0,0,0,0,0,0,0,0,0,0
360247,1,1,1988,0,0,0,0,0,0,0,0,0,0
360248,1,1,1988,0,0,0,19,0,0,0,0,0,0
360248,2,1,1988,14,14,14,14,14,14,14,14,14,14
360249,1,1,1988,0,0,0,0,0,0,0,0,0,0
360250,1,1,1988,26,26,26,26,26,26,26,26,26,26
360251,1,1,1988,18,18,18,18,18,18,18,18,18,18
360252,1,1,1988,0,0,0,0,0,0,9,0,0,0
360253,1,1,1988,0,0,0,0,0,0,0,0,0,0
360254,0,1,1988,0,0,0,0,0,0,0,0,0,0
360254,1,1,1988,0,0,0,0,0,0,0,7,0,0
360255,1,1,1988,0,0,0,0,0,0,0,0,0,0
360256,0,1,1988,29,29,29,29,29,29,29,29,29,29
360256,2,1,1988,0,0,0,0,0,0,0,0,0,0
360256,3,1,1988,0,0,0,0,0,0,0,0,0,0
360257,0,1,1988,0,0,0,0,0,0,0,0,0,0
360257,1,1,1988,0,0,0,0,0,13,0,0,0,0
360258,0,1,1988,0,0,0,0,0,0,0,0,0,0
360258,1,1,1988,0,0,0,0,0,0,0,0,0,0
360259,1,1,1988,0,0,0,0,0,0,0,0,0,0
360260,0,1,1988,0,0,0,0,0,0,0,0,0,0
360260,1,1,1988,11,28,7,18,29,8,20,13,13,16
360261,0,1,1988,0,0,0,0,0,0,0,0,0,0
360261,1,1,1988,0,0,0,9,0,0,0,0,23,0
360262,1,1,1988,0,11,0,0,0,0,0,0,0,0
360263,0,1,1988,0,0,0,0,0,0,0,0,0,0
360263,1,1,1988,0,0,0,0,0,0,0,0,0,0
360264,0,1,1988,0,0,0,0,0,0,0,0,0,0
360264,1,1,1988,0,0,0,0,0,0,0,0,0,0
360265,1,1,1988,1,1,1,1,1,1,1,1,1,1
360265,2,1,1988,0,0,0,0,0,0,0,0,0,0
360266,1,1,1988,0,0,0,0,0,0,0,0,0,0
360266,2,1,1988,0,0,0,0,0,0,0,0,0,0
360266,3,1,1988,0,0,0,0,12,0,0,0,0,0
360267,1,1,1988,0,0,0,0,0,0,0,0,0,0
360268,1,1,1988,0,0,0,0,0,0,0,0,0,0
360268,2,1,1988,0,0,0,0,0,0,0,21,0,0
360268,3,1,1988,0,0,0,0,0,0,0,0,0,0
360269,0,1,1988,19,19,19,19,19,19,19,19,19,19
360269,1,1,1988,14,0,0,0,0,0,0,0,0,6
360270,1,1,1988,0,0,0,0,0,0,0,0,0,0
360270,2,1,1988,0,0,0,0,0,0,0,0,0,0
360271,0,1,1988,0,0,0,0,0,0,0,0,0,0
360271,2,1,1988,0,0,0,0,0,0,0,0,0,0
360272,1,1,1988,0,0,0,0,0,0,0,0,0,0
360272,2,1,1988,20,20,20,20,20,20,20,20,20,20
360272,3,1,1988,0,0,0,0,0,0,0,0,0,0
360272,4,1,1988,0,0,0,0,0,0,0,0,0,0
360273,0,1,1988,29,29,29,29,29,29,29,29,29,29
360273,1,1,1988,0,0,0,0,0,0,0,0,0,0
360274,1,1,1988,21,21,21,21,21,21,21,21,21,21
360274,2,1,1988,0,0,0,0,0,9,0,0,12,0
360275,1,1,1988,0,0,0,0,0,0,0,0,0,0
360276,1,1,1988,24,24,24,24,24,24,24,24,24,24
360277,1,1,1988,14,19,8,20,0,14,8,26,3,9
360278,1,1,1988,0,0,0,0,0,0,0,0,0,0
360278,2,1,1988,0,0,0,0,0,0,0,0,0,0
360279,1,1,1988,24,24,24,24,24,24,24,24,24,24
360279,2,1,1988,0,0,0,0,0,0,0,0,0,0
360280,1,1,1988,0,0,0,0,0,0,0,0,0,0
360280,2,1,1988,0,0,0,0,0,0,0,0,0,0
360281,1,1,1988,8,8,8,8,8,8,8,8,8,8
360282,1,1,1988,1,1,1,1,1,1,1,1,1,1
360282,2,1,1988,0,0,0,0,0,0,0,0,0,0
360282,3,1,1988,0,0,0,0,0,0,0,0,0,0
360283,1,1,1988,23,23,23,23,23,23,23,23,23,23
360284,0,1,1988,0,0,0,0,0,0,0,0,0,0
360284,1,1,1988,0,0,0,0,0,0,0,0,0,0
360285,1,1,1988,0,0,0,0,0,0,0,0,0,0
360285,2,1,1988,0,0,0,0,0,0,0,0,0,0
360285,3,1,1988,0,0,0,0,0,0,0,0,0,0
360286,1,1,1988,0,0,0,0,0,0,0,0,0,0
360286,2,1,1988,0,0,0,0,0,0,0,0,0,0
360287,1,1,1988,0,25,0,15,0,33,0,0,13,0
360288,0,1,1988,30,30,30,30,30,30,30,30,30,30
360288,1,1,1988,0,0,0,0,0,0,0,18,0,0
360289,0,1,1988,0,0,0,0,0,0,0,0,0,0
360289,1,1,1988,0,0,0,0,7,0,0,0,0,0
360290,1,1,1988,0,0,0,15,0,0,0,0,0,0
360291,1,1,1988,0,0,0,0,0,0,0,0,0,0
360291,2,1,1988,0,0,0,0,0,0,0,0,0,0
360292,1,1,1988,0,0,0,0,0,0,0,0,0,0
360292,2,1,1988,0,0,0,0,0,0,0,0,0,0
360293,0,1,1988,0,0,0,0,0,0,0,0,0,0
360293,0,2,1988,0,24,0,35,12,18,29,25,19,0
360293,1,1,1988,0,0,0,0,0,0,0,0,0,0
360294,1,1,1988,17,11,0,13,4,4,6,12,4,9
360294,2,1,1988,0,0,0,0,0,0,0,0,0,0
360295,1,1,1988,0,0,0,0,12,0,0,37,0,26
360296,1,1,1988,0,0,0,0,0,0,0,0,0,0
360297,0,1,1988,24,24,24,24,24,24,24,24,24,24
360297,1,1,1988,0,0,0,0,0,0,0,0,0,0
360297,2,1,1988,0,0,0,0,0,0,0,0,0,0
360298,1,1,1988,19,19,19,19,19,19,19,19,19,19
360299,1,1,1988,0,0,0,0,0,0,0,0,0,0
360299,2,1,1988,16,0,0,0,11,0,0,10,0,0
360300,1,1,1988,0,0,0,0,0,0,0,0,0,0
360301,1,1,1988,0,0,0,0,0,0,0,0,0,0
360301,2,1,1988,17,17,17,17,17,17,17,17,17,17
360302,1,1,1988,0,0,0,0,0,0,0,0,0,0
360302,2,1,1988,0,0,0,0,0,0,0,0,0,0
360303,1,1,1988,16,16,16,16,16,16,16,16,16,16
360304,1,1,1988,11,5,5,11,9,12,0,0,11,15
360305,0,1,1988,0,0,0,0,0,0,0,0,0,0
360305,1,1,1988,0,0,0,0,0,0,0,0,0,0
360306,1,1,1988,0,0,0,0,0,0,0,0,0,0
360306,2,1,1988,0,0,0,0,0,0,0,0,0,0
360307,0,1,1988,0,0,0,0,0,0,0,0,0,0
360307,1,1,1988,0,0,0,0,0,0,0,0,16,0
360308,1,1,1988,27,27,27,27,27,27,27,27,27,27
360309,0,1,1988,0,0,0,0,0,0,0,0,0,0
360309,1,1,1988,0,0,0,0,7,0,0,0,0,0
360310,1,1,1988,2,2,2,2,2,2,2,2,2,2
360310,2,1,1988,0,0,0,0,0,0,0,0,0,0
360311,1,1,1988,0,0,0,0,0,0,0,0,0,0
360311,2,1,1988,0,0,0,0,0,0,0,0,0,0
360312,1,1,1988,0,0,0,0,0,0,0,0,0,0
360313,1,1,1988,0,0,0,0,0,0,0,0,0,0
360313,2,1,1988,0,7,0,0,0,0,0,0,0,0
360313,3,1,1988,0,0,0,0,0,0,0,0,0,0
360314,1,1,1988,0,0,0,0,0,0,0,0,0,0
360314,2,1,1988,16,16,16,16,16,16,16,16,16,16
360315,1,1,1988,0,0,0,0,0,23,0,19,0,0
360316,0,1,1988,6,6,6,6,6,6,6,6,6,6
360316,0,2,1988,8,0,0,9,0,0,0,27,23,34
360316,1,1,1988,0,0,0,0,0,0,0,0,0,0
360317,1,1,1988,5,5,5,5,5,5,5,5,5,5
360318,1,1,1988,0,0,0,0,0,0,0,0,0,0
360319,1,1,1988,0,0,0,0,0,0,0,0,0,0
360319,2,1,1988,0,0,2,0,0,8,0,0,0,0
360320,1,1,1988,17,28,10,29,13,19,16,16,12,30
360321,1,1,1988,0,0,0,0,0,0,0,0,0,0
360321,2,1,1988,0,0,0,0,0,0,0,0,0,0
360321,3,1,1988,0,0,0,0,0,0,0,0,0,16
360321,4,1,1988,0,0,0,0,0,0,0,0,0,0
360322,0,1,1988,0,0,0,0,0,0,0,0,0,0
360322,1,1,1988,0,0,0,0,0,0,0,0,0,0
360323,1,1,1988,0,0,0,0,0,0,0,0,0,0
360324,0,1,1988,0,0,0,0,0,0,0,0,0,0
360324,1,1,1988,14,0,0,0,0,0,0,0,0,0
360325,0,1,1988,0,0,0,0,0,0,0,0,0,0
360325,1,1,1988,0,0,0,0,0,0,0,0,0,0
360326,0,1,1988,0,0,0,0,0,0,0,0,0,0
360326,1,1,1988,0,20,0,0,17,0,9,12,0,0
360327,0,1,1988,0,0,0,0,0,0,0,0,0,0
360327,1,1,1988,0,0,0,0,0,0,0,0,0,0
360328,1,1,1988,18,14,35,18,17,40,11,7,15,25
360329,1,1,1988,0,0,0,0,0,0,0,0,0,0
360329,2,1,1988,0,0,0,0,0,0,0,0,0,0
360330,0,1,1988,11,11,11,11,11,11,11,11,11,11
360330,0,2,1988,0,3,0,15,16,0,5,20,11,25
360330,1,1,1988,3,0,0,15,0,0,11,0,0,3
360331,0,1,1988,12,0,28,0,0,0,0,0,0,0
360331,0,2,1988,0,0,0,0,0,0,0,0,0,0
360331,1,1,1988,0,0,0,0,0,0,0,0,0,0
360332,1,1,1988,0,0,0,0,0,0,0,0,0,0
360332,2,1,1988,0,0,0,0,0,0,0,0,0,0
360333,1,1,1988,0,0,0,0,0,0,0,0,0,0
360333,2,1,1988,0,0,0,0,0,0,0,0,0,0
360334,1,1,1988,14,0,0,0,0,0,0,0,0,0
360334,2,1,1988,24,0,0,0,0,0,18,0,0,0
360335,0,1,1988,0,0,0,0,0,0,0,0,0,0
360335,1,1,1988,0,0,0,0,0,0,0,0,0,0
360336,0,1,1988,0,0,0,0,0,0,0,0,0,0
360336,1,1,1988,0,0,0,0,0,0,0,0,0,0
360337,1,1,1988,0,0,0,0,0,0,0,0,0,0
360337,2,1,1988,0,0,0,0,0,0,0,0,0,0
360338,0,1,1988,12,12,12,12,12,12,12,12,12,12
360338,1,1,1988,0,0,4,0,0,0,0,0,0,0
360338,2,1,1988,0,0,0,0,33,14,0,8,0,0
360339,1,1,1988,23,23,23,23,23,23,23,23,23,23
360339,2,1,1988,0,0,0,0,0,0,0,0,0,0
360340,0,1,1988,0,0,0,0,0,0,0,0,0,0
360340,1,1,1988,0,0,0,0,0,0,0,0,0,0
360341,0,1,1988,32,32,32,32,32,32,32,32,32,32
360341,1,1,1988,0,0,0,0,0,0,16,0,0,0
360341,2,1,1988,0,32,0,0,0,0,0,8,6,0
360342,1,1,1988,3,3,3,3,3,3,3,3,3,3
360343,0,1,1988,0,0,0,0,0,0,0,0,0,0
360343,1,1,1988,0,0,0,0,0,0,0,5,0,0
360344,0,1,1988,0,0,0,0,0,0,0,0,0,0
360344,1,1,1988,0,0,0,0,0,0,0,0,0,0
360345,0,1,1988,0,0,0,0,0,0,30,0,0,0
360345,1,1,1988,0,0,0,0,0,0,0,0,0,0
360346,1,1,1988,21,21,21,21,21,21,21,21,21,21
360347,1,1,1988,0,0,0,13,29,0,0,0,7,0
360348,1,1,1988,4,4,4,4,4,4,4,4,4,4
360348,2,1,1988,10,9,4,12,7,0,19,6,20,16
360349,1,1,1988,0,0,6,0,0,0,0,11,0,0
360350,1,1,1988,0,0,0,0,0,0,0,0,0,0
360350,2,1,1988,0,0,0,0,0,0,0,0,0,0
360351,0,1,1988,3,3,3,3,3,3,3,3,3,3
360351,1,1,1988,0,0,0,0,0,0,0,0,0,0
360352,1,1,1988,29,29,29,29,29,29,29,29,29,29
360353,1,1,1988,21,21,21,21,21,21,21,21,21,21
360354,1,1,1988,0,0,0,9,0,0,0,0,0,0
360355,1,1,1988,14,0,0,0,0,0,0,0,0,0
360356,1,1,1988,16,16,16,16,16,16,16,16,16,16
360357,0,1,1988,0,0,0,0,0,0,0,0,0,0
360357,1,1,1988,0,0,16,8,0,0,8,0,13,13
360358,1,1,1988,0,0,0,0,0,0,0,0,0,0
360359,1,1,1988,0,0,0,0,0,0,0,0,0,0
360359,2,1,1988,0,0,0,0,0,0,0,0,0,0
360360,1,1,1988,8,8,8,8,8,8,8,8,8,8
360360,2,1,1988,0,0,0,0,0,0,0,0,0,0
360361,1,1,1988,0,0,0,0,0,0,0,0,0,0
360361,2,1,1988,0,0,0,0,0,0,0,0,0,0
360362,1,1,1988,0,0,0,0,0,0,0,0,0,0
360362,2,1,1988,0,0,0,0,0,14,0,0,0,0
360363,0,1,1988,0,0,0,0,0,0,0,0,0,0
360363,1,1,1988,0,0,0,0,0,0,0,0,14,7
360364,0,1,1988,25,25,25,25,25,25,25,25,25,25
360364,1,1,1988,12,12,12,12,12,12,12,12,12,12
360365,1,1,1988,0,0,0,0,0,0,0,0,0,0
360365,2,1,1988,0,0,0,0,0,0,0,0,0,0
360366,1,1,1988,0,0,0,0,0,0,0,0,0,0
360366,2,1,1988,14,10,1,14,21,22,0,19,17,18
360367,1,1,1988,0,0,0,0,0,0,0,0,0,0
360367,2,1,1988,27,27,27,27,27,27,27,27,27,27
360368,1,1,1988,0,0,0,0,5,0,0,0,0,0
360368,2,1,1988,20,20,20,20,20,20,20,20,20,20
360369,1,1,1988,30,30,30,30,30,30,30,30,30,30
360369,2,1,1988,0,0,0,0,0,0,0,0,0,0
360370,1,1,1988,0,0,0,0,0,0,0,0,0,0