ST_CASE,VEH_NO,PER_NO,YEAR,P1,P2,P3,P4,P5,P6,P7,P8,P9,P10
360371,1,1,1988,15,7,8,15,17,4,28,6,0,19
360372,0,1,1988,25,6,41,10,9,27,26,35,33,26
360372,1,1,1988,8,8,20,14,13,11,20,19,19,0
360373,0,1,1988,0,0,0,0,0,0,0,0,0,0
360373,1,1,1988,0,0,0,0,0,0,0,0,0,0
360374,1,1,1988,0,0,0,0,0,0,0,0,0,0
360374,2,1,1988,0,0,0,0,0,0,0,0,0,0
360375,1,1,1988,0,0,0,0,0,0,0,0,0,0
360376,0,1,1988,0,0,0,0,0,0,0,0,0,0
360376,1,1,1988,0,0,0,0,0,0,0,0,0,0
360377,0,1,1988,0,0,0,0,0,0,0,0,0,0
360377,1,1,1988,0,0,0,0,10,0,0,0,0,0
360378,0,1,1988,0,0,0,0,0,0,0,0,0,0
360378,1,1,1988,0,0,0,0,0,0,0,0,0,0
360379,1,1,1988,13,13,13,13,13,13,13,13,13,13
360379,2,1,1988,0,0,0,0,0,0,0,0,0,0
360380,0,1,1988,7,7,7,7,7,7,7,7,7,7
360380,1,1,1988,0,0,0,0,0,0,0,0,0,0
360381,1,1,1988,1,1,1,1,1,1,1,1,1,1
360381,2,1,1988,0,0,0,0,0,0,0,3,0,0
360382,1,1,1988,0,0,0,0,0,0,0,0,0,0
360383,1,1,1988,10,10,10,10,10,10,10,10,10,10
360384,0,1,1988,0,0,0,0,0,0,0,0,0,0
360384,1,1,1988,0,0,0,0,0,0,0,0,0,0
360385,1,1,1988,23,23,23,23,23,23,23,23,23,23
360386,1,1,1988,14,15,0,0,0,0,0,0,0,10
360387,0,1,1988,0,30,10,0,0,30,0,0,0,0
360387,1,1,1988,0,0,0,0,0,0,0,0,0,0
360388,1,1,1988,0,0,0,0,0,0,0,0,0,0
360389,1,1,1988,12,11,17,11,9,28,40,20,12,22
360390,0,1,1988,16,16,16,16,16,16,16,16,16,16
360390,1,1,1988,0,0,0,0,0,0,0,0,0,0
360391,1,1,1988,22,20,13,21,9,0,38,4,8,10
360392,1,1,1988,0,0,0,0,0,0,0,0,0,0
360393,1,1,1988,0,0,0,0,0,0,0,0,0,0
360394,0,1,1988,34,34,34,34,34,34,34,34,34,34
360394,0,2,1988,0,0,0,0,0,0,0,0,0,0
360394,1,1,1988,0,0,0,0,0,0,0,0,0,0
360395,0,1,1988,0,0,0,0,0,0,0,0,0,0
360395,1,1,1988,0,0,0,0,0,0,0,0,0,0
360396,1,1,1988,0,0,0,0,0,0,0,0,0,0
360396,2,1,1988,2,0,0,0,0,0,0,0,0,0
360397,1,1,1988,19,19,19,19,19,19,19,19,19,19
360398,1,1,1988,0,0,0,0,0,0,0,0,0,0
360399,1,1,1988,0,0,0,0,0,0,0,0,0,0
360401,1,1,1988,1,1,1,1,1,1,1,1,1,1
360402,1,1,1988,30,22,15,19,12,16,19,8,16,21
360403,1,1,1988,0,0,0,0,0,0,0,0,0,0
360403,2,1,1988,0,0,0,0,5,0,0,0,0,0
360405,1,1,1988,17,17,17,17,17,17,17,17,17,17
360405,2,1,1988,0,0,0,0,0,0,0,0,0,0
360405,3,1,1988,0,0,0,0,0,12,0,0,0,0
360406,1,1,1988,0,0,0,0,0,0,0,0,0,0
360406,2,1,1988,43,43,43,43,43,43,43,43,43,43
360407,1,1,1988,0,0,21,0,0,0,0,0,0,0
360407,2,1,1988,0,0,0,0,0,0,0,0,0,0
360408,1,1,1988,0,0,0,0,0,0,0,0,0,0
360409,1,1,1988,0,0,0,0,0,0,0,0,0,0
360409,2,1,1988,18,18,18,18,18,18,18,18,18,18
360410,1,1,1988,18,18,18,18,18,18,18,18,18,18
360412,0,1,1988,0,0,0,0,0,0,0,0,0,0
360412,1,1,1988,0,0,0,0,0,0,0,0,0,0
360413,1,1,1988,0,0,0,0,0,0,0,0,0,0
360413,2,1,1988,0,0,0,0,0,0,0,0,0,0
360413,3,1,1988,0,0,0,0,0,0,0,0,0,0
360414,1,1,1988,0,28,0,0,32,0,13,13,11,0
360415,1,1,1988,43,18,12,14,13,24,21,20,12,21
360415,2,1,1988,9,0,20,3,13,25,27,19,8,29
360416,1,1,1988,0,0,0,0,0,0,0,0,0,0
360416,2,1,1988,0,0,0,0,0,0,0,0,0,0
360417,1,1,1988,0,0,0,0,0,0,0,0,0,0
360418,1,1,1988,20,20,20,20,20,20,20,20,20,20
360419,1,1,1988,34,34,34,34,34,34,34,34,34,34
360420,1,1,1988,0,0,0,0,0,0,0,0,0,0
360420,2,1,1988,0,0,0,0,0,0,0,0,0,0
360420,3,1,1988,0,0,0,0,0,0,0,0,0,0
360421,1,1,1988,0,0,0,4,0,0,0,0,0,0
360421,2,1,1988,0,0,0,0,0,0,0,0,0,0
360422,1,1,1988,22,19,25,9,44,4,13,0,20,13
360423,1,1,1988,0,0,0,0,0,0,0,0,0,0
360423,2,1,1988,0,0,0,0,0,0,0,0,0,0
360424,1,1,1988,0,0,0,0,0,0,0,0,0,21
360424,2,1,1988,0,0,0,0,0,0,0,0,0,0
360425,1,1,1988,23,23,23,23,23,23,23,23,23,23
360426,0,1,1988,0,0,0,0,0,0,0,0,0,0
360426,1,1,1988,0,11,0,0,0,0,0,0,0,0
360427,1,1,1988,4,4,4,4,4,4,4,4,4,4
360427,2,1,1988,0,9,0,0,0,0,0,0,0,0
360428,0,1,1988,0,0,0,0,0,0,0,0,0,0
360428,1,1,1988,0,0,0,0,0,0,0,0,0,0
360429,1,1,1988,0,0,0,0,0,0,0,0,0,0
360429,2,1,1988,0,0,0,0,0,0,0,0,0,0
360430,1,1,1988,0,0,0,0,0,0,0,0,0,0
360430,2,1,1988,16,0,0,0,0,0,0,0,0,0
360431,1,1,1988,10,0,0,0,18,14,0,12,13,0
360431,2,1,1988,0,0,0,0,7,0,0,0,0,0
360432,1,1,1988,36,0,14,17,8,8,0,0,17,35
360433,0,1,1988,0,0,0,0,0,0,0,0,0,0
360433,1,1,1988,0,0,0,0,0,0,0,0,0,0
360434,1,1,1988,0,0,0,0,0,0,0,0,0,0
360434,2,1,1988,0,0,0,0,0,0,0,0,0,0
360435,0,1,1988,0,0,0,0,0,0,0,0,0,0
360435,1,1,1988,0,0,0,0,0,0,0,0,0,0
360436,1,1,1988,0,0,0,0,0,0,0,0,0,0
360436,2,1,1988,0,0,25,0,19,0,0,0,0,0
360437,0,1,1988,0,0,0,0,0,0,0,0,0,0
360437,1,1,1988,8,0,22,0,0,0,0,0,0,0
360438,1,1,1988,0,0,0,0,0,0,0,0,0,0
360438,2,1,1988,13,14,22,8,12,26,18,16,25,0
360439,1,1,1988,0,0,0,0,0,0,0,0,0,0
360439,2,1,1988,0,22,0,0,0,0,0,0,0,0
360440,1,1,1988,14,13,19,0,12,13,11,6,15,18
360440,2,1,1988,0,0,0,0,0,0,0,0,0,0
360440,3,1,1988,0,0,0,0,0,0,0,0,0,0
360441,1,1,1988,17,17,17,17,17,17,17,17,17,17
360441,2,1,1988,10,10,10,10,10,10,10,10,10,10
360442,1,1,1988,0,0,0,0,0,0,0,0,0,0
360442,2,1,1988,23,6,20,0,34,0,5,20,7,12
360442,3,1,1988,0,0,0,26,0,0,0,0,0,0
360443,1,1,1988,12,12,12,12,12,12,12,12,12,12
360444,0,1,1988,0,0,0,0,0,0,0,0,0,0
360444,1,1,1988,0,14,0,0,0,0,21,0,0,0
360445,1,1,1988,0,0,0,0,0,0,0,0,0,0
360445,2,1,1988,31,31,31,31,31,31,31,31,31,31
360446,1,1,1988,0,0,0,0,0,0,0,0,0,0
360447,1,1,1988,0,0,0,0,0,0,0,0,0,0
360448,1,1,1988,33,16,17,21,12,10,14,21,17,31
360449,1,1,1988,0,0,0,0,0,0,0,0,0,0
360450,1,1,1988,0,4,7,0,7,10,5,0,10,10
360451,0,1,1988,0,0,0,0,0,0,0,0,0,0
360451,1,1,1988,25,0,0,0,0,0,0,0,0,0
360452,0,1,1988,0,0,0,0,0,0,0,0,0,0
360452,1,1,1988,0,0,0,0,0,0,0,0,0,0
360453,1,1,1988,0,0,0,0,0,0,0,0,0,0
360453,2,1,1988,0,0,0,0,0,0,0,0,0,0
360453,3,1,1988,0,0,0,0,0,0,0,18,0,0
360454,1,1,1988,19,19,19,19,19,19,19,19,19,19
360455,1,1,1988,0,5,0,0,0,0,0,0,0,0
360455,2,1,1988,0,0,0,0,0,0,0,0,0,0
360457,1,1,1988,13,13,13,13,13,13,13,13,13,13
360457,2,1,1988,9,9,9,9,9,9,9,9,9,9
360458,0,1,1988,0,0,0,0,0,0,0,0,0,0
360458,1,1,1988,0,0,0,0,0,0,0,0,0,0
360459,1,1,1988,0,0,0,0,0,0,0,0,0,24
360459,2,1,1988,0,0,0,0,0,0,0,0,0,0
360460,0,1,1988,0,0,0,0,0,0,0,0,0,0
360460,1,1,1988,0,0,0,0,0,0,0,0,0,0
360461,0,1,1988,0,0,0,0,0,0,0,0,0,0
360461,1,1,1988,0,0,0,0,0,0,0,0,0,0
360462,1,1,1988,0,0,0,0,0,0,0,0,0,0
360462,2,1,1988,0,0,0,0,0,0,22,0,0,0
360463,1,1,1988,14,27,17,21,10,16,14,7,0,14
360464,1,1,1988,12,12,12,12,12,12,12,12,12,12
360464,2,1,1988,0,0,14,0,0,0,8,0,0,12
360465,1,1,1988,22,11,0,11,15,15,10,10,22,10
360466,0,1,1988,34,34,34,34,34,34,34,34,34,34
360466,1,1,1988,0,0,0,0,0,0,0,0,0,0
360467,1,1,1988,0,0,9,0,10,0,0,0,0,0
360468,1,1,1988,0,0,0,0,0,0,0,0,10,0
360469,1,1,1988,0,0,0,0,0,0,0,0,0,0
360469,2,1,1988,0,0,0,0,0,0,3,0,0,0
360470,1,1,1988,0,0,0,0,0,0,0,0,0,0
360470,2,1,1988,0,0,0,0,0,0,0,0,0,0
360471,1,1,1988,18,18,18,18,18,18,18,18,18,18
360472,1,1,1988,17,17,17,17,17,17,17,17,17,17
360473,1,1,1988,8,8,8,8,8,8,8,8,8,8
360474,1,2,1988,10,10,10,10,10,10,10,10,10,10
360475,1,1,1988,20,20,20,20,20,20,20,20,20,20
360476,0,1,1988,0,0,0,0,0,0,0,0,0,0
360476,1,1,1988,0,0,0,9,0,0,0,0,0,0
360477,1,1,1988,0,0,0,0,0,0,0,0,0,0
360477,2,1,1988,0,0,0,0,0,0,0,0,0,0
360478,0,1,1988,0,0,0,0,0,0,0,0,0,0
360478,1,1,1988,0,0,0,0,0,0,0,0,0,0
360479,1,1,1988,0,0,0,0,0,0,0,0,0,0
360480,0,1,1988,19,19,19,19,19,19,19,19,19,19
360480,1,1,1988,0,0,0,0,0,35,0,0,11,0
360481,1,1,1988,0,0,0,0,0,0,0,0,0,0
360482,1,1,1988,0,0,0,0,0,0,0,0,0,0
360482,2,1,1988,0,0,0,0,0,0,0,0,0,0
360483,1,1,1988,0,0,0,0,0,0,0,0,0,0
360484,0,1,1988,0,0,0,0,0,0,0,0,0,0
360484,1,1,1988,0,0,0,0,0,0,0,0,0,0
360485,1,1,1988,0,0,0,0,0,0,0,0,0,0
360485,2,1,1988,0,0,0,0,0,0,0,0,0,0
360486,1,1,1988,0,0,0,0,0,0,0,0,0,0
360486,2,1,1988,0,0,0,0,0,0,0,0,0,0
360486,3,1,1988,0,0,0,0,0,0,0,0,0,0
360487,0,1,1988,12,0,0,0,0,0,0,21,19,21
360487,1,1,1988,19,5,0,0,0,0,0,0,18,6
360488,1,1,1988,9,6,21,22,8,11,36,26,24,6
360489,1,1,1988,0,0,0,0,0,0,0,0,0,0
360490,0,1,1988,0,0,0,0,0,0,0,0,0,0
360490,1,1,1988,0,0,0,0,0,0,0,0,0,0
360491,1,1,1988,0,0,0,0,0,0,0,17,0,0
360491,2,1,1988,2,2,2,2,2,2,2,2,2,2
360492,1,1,1988,0,0,0,0,0,0,0,0,0,0
360492,2,1,1988,0,0,0,0,0,0,0,0,0,0
360493,1,1,1988,0,0,0,0,13,0,0,0,0,0
360493,2,1,1988,0,0,0,0,0,0,0,9,0,0
360494,1,1,1988,0,0,0,0,0,0,0,0,0,0
360494,2,1,1988,0,0,0,0,0,0,0,16,0,0
360494,3,1,1988,0,0,0,0,0,0,0,0,11,0
360494,4,1,1988,0,0,0,0,0,0,0,0,0,0
360494,5,1,1988,0,0,0,0,0,0,0,0,0,5
360495,0,1,1988,0,0,0,0,0,0,0,0,0,0
360495,1,1,1988,0,0,0,0,0,0,0,0,0,0
360496,1,1,1988,1,1,1,1,1,1,1,1,1,1
360497,1,1,1988,0,0,6,0,0,0,0,0,0,0
360497,2,1,1988,0,0,0,0,0,17,0,11,0,23
360498,0,1,1988,0,0,0,0,0,0,0,0,0,0
360498,1,1,1988,0,0,0,0,0,0,0,0,0,22
360499,0,1,1988,0,0,0,0,0,0,0,0,0,0
360499,1,1,1988,0,0,0,0,0,0,0,0,0,0
360500,1,1,1988,0,0,0,0,0,0,0,0,0,0
360500,2,1,1988,0,0,0,0,0,0,0,0,0,5
360501,1,1,1988,5,5,5,5,5,5,5,5,5,5
360502,1,1,1988,20,20,20,20,20,20,20,20,20,20
360503,1,1,1988,0,0,0,0,0,0,0,0,16,0
360503,2,1,1988,0,0,0,0,0,0,0,0,0,0
360504,0,1,1988,4,4,4,4,4,4,4,4,4,4
360504,1,1,1988,28,19,9,15,24,18,25,14,10,10
360505,1,1,1988,15,15,15,15,15,15,15,15,15,15
360505,2,1,1988,0,0,0,0,0,0,0,0,0,0
360506,1,1,1988,0,0,33,0,0,0,0,0,0,0
360506,2,1,1988,0,0,0,13,0,0,5,0,0,9
360507,1,1,1988,25,16,12,7,10,14,0,11,11,26
360508,1,1,1988,20,20,20,20,20,20,20,20,20,20
360508,2,1,1988,0,13,0,0,0,23,0,0,0,0
360509,1,1,1988,0,0,0,0,0,0,0,0,0,0
360509,2,1,1988,0,0,0,0,0,0,0,0,0,0
360510,1,1,1988,3,3,3,3,3,3,3,3,3,3
360510,2,1,1988,0,0,0,0,0,0,0,0,3,0
360511,1,1,1988,9,15,18,15,14,19,15,22,13,0
360511,2,1,1988,3,3,3,3,3,3,3,3,3,3
360512,0,1,1988,0,0,0,0,0,0,0,0,0,0
360512,1,1,1988,0,3,0,0,0,0,0,0,0,0
360513,1,1,1988,0,0,0,0,0,0,0,0,0,0
360513,2,1,1988,0,0,0,0,0,0,0,0,0,16
360514,1,1,1988,6,6,6,6,6,6,6,6,6,6
360515,1,1,1988,5,18,21,27,10,13,25,22,26,21
360516,1,1,1988,0,0,0,0,0,0,0,0,0,0
360517,1,1,1988,0,0,0,4,0,0,0,0,0,0
360517,2,1,1988,0,0,0,0,0,0,0,0,0,0
360518,1,1,1988,21,9,13,2,4,9,12,0,10,12
360518,2,1,1988,16,16,16,16,16,16,16,16,16,16
360519,1,1,1988,26,14,16,18,12,10,16,24,20,14
360520,1,2,1988,10,0,0,16,0,0,0,11,25,10
360521,0,1,1988,0,0,0,0,0,0,0,25,13,0
360521,1,1,1988,0,0,0,0,0,0,0,0,0,0
360522,1,1,1988,11,0,0,0,0,0,0,0,0,0
360522,2,1,1988,0,0,0,0,0,0,0,0,0,0
360522,3,1,1988,0,0,7,0,0,0,0,0,0,0
360522,4,1,1988,0,0,0,0,0,0,0,0,0,0
360522,5,1,1988,0,0,0,0,0,0,0,0,0,0
360523,0,1,1988,0,0,0,0,0,0,0,0,0,0
360523,1,1,1988,0,0,0,0,0,0,0,0,0,10
360524,1,1,1988,4,4,4,4,4,4,4,4,4,4
360525,0,1,1988,0,0,0,0,0,0,0,0,0,0
360525,1,1,1988,0,0,0,0,0,0,0,0,0,0
360526,1,1,1988,21,8,13,13,9,4,9,21,0,4
360527,1,1,1988,0,0,0,0,0,0,0,0,0,0
360527,2,1,1988,13,13,13,13,13,13,13,13,13,13
360528,1,1,1988,0,0,0,0,0,0,0,0,0,0
360529,1,1,1988,17,17,17,17,17,17,17,17,17,17
360530,1,1,1988,0,0,0,0,0,0,0,0,0,0
360530,2,1,1988,0,16,17,9,12,2,9,0,3,9
360531,1,1,1988,0,0,14,10,0,0,0,0,0,0
360532,1,1,1988,0,0,0,0,0,0,0,0,0,0
360533,0,1,1988,6,0,0,0,38,0,0,24,0,0
360533,1,1,1988,0,0,0,0,0,0,0,0,0,0
360534,0,1,1988,35,35,35,35,35,35,35,35,35,35
360534,1,1,1988,4,30,9,17,16,15,4,0,10,24
360535,1,1,1988,0,0,0,0,0,0,0,10,0,0
360535,2,1,1988,0,0,6,0,0,0,0,0,0,0
360535,3,1,1988,0,0,0,0,0,0,0,0,0,0
360536,1,1,1988,0,0,0,0,0,0,0,0,3,0
360537,1,1,1988,0,0,0,0,0,0,0,0,0,0
360537,2,1,1988,10,10,10,10,10,10,10,10,10,10
360538,1,1,1988,0,0,0,0,0,0,0,0,0,0
360539,1,1,1988,26,26,26,26,26,26,26,26,26,26
360540,1,1,1988,0,0,0,0,0,0,0,0,0,18
360541,1,1,1988,23,23,23,23,23,23,23,23,23,23
360541,2,1,1988,0,0,0,0,0,0,0,0,0,0
360542,1,1,1988,27,27,27,27,27,27,27,27,27,27
360543,0,1,1988,31,31,31,31,31,31,31,31,31,31
360543,1,1,1988,0,0,0,0,0,0,0,0,0,0
360544,1,1,1988,0,0,0,0,0,0,0,0,0,0
360544,2,1,1988,0,0,0,0,0,0,0,9,0,0
360545,0,1,1988,0,0,0,0,0,0,0,0,0,0
360545,1,1,1988,0,0,0,0,0,0,0,0,0,0
360546,1,1,1988,15,15,15,15,15,15,15,15,15,15
360547,1,1,1988,0,0,0,0,0,0,0,0,0,0
360548,1,1,1988,0,0,0,0,0,0,0,0,0,0
360548,2,1,1988,0,0,22,0,0,0,0,0,0,0
360549,1,1,1988,0,0,0,0,0,0,0,0,0,13
360549,2,1,1988,0,0,0,0,0,0,0,0,0,0
360550,0,1,1988,0,0,0,0,0,0,0,0,0,0
360550,1,1,1988,0,26,0,16,0,13,9,10,0,0
360551,1,1,1988,0,0,0,0,0,0,0,0,0,0
360551,2,1,1988,0,0,0,0,0,0,15,0,0,0
360552,0,1,1988,0,0,0,0,0,0,0,0,0,0
360552,1,1,1988,0,0,0,0,0,13,0,0,0,0
360553,1,1,1988,0,0,0,0,0,0,0,0,0,0
360553,2,1,1988,0,0,0,0,0,0,0,0,0,0
360554,1,1,1988,0,0,0,0,0,0,0,0,0,0
360555,1,1,1988,10,27,23,10,19,12,0,27,22,19
360556,1,1,1988,0,0,0,0,0,0,0,0,0,0
360556,2,1,1988,0,0,0,0,0,0,0,0,0,0
360557,1,1,1988,0,0,0,0,0,0,0,0,0,0
360558,1,1,1988,15,15,15,15,15,15,15,15,15,15
360559,1,1,1988,16,16,16,16,16,16,16,16,16,16
360560,1,1,1988,0,0,0,0,23,0,6,0,0,31
360561,0,1,1988,0,0,0,0,7,0,0,0,0,0
360561,1,1,1988,0,0,0,0,0,0,0,0,0,0
360562,0,1,1988,0,0,0,0,0,0,0,0,0,0
360562,1,1,1988,0,0,0,0,0,0,0,0,0,0
360563,1,1,1988,8,8,8,8,8,8,8,8,8,8
360563,2,1,1988,14,14,14,14,14,14,14,14,14,14
360564,1,1,1988,19,23,26,21,12,13,30,21,6,30
360565,0,1,1988,0,0,0,0,0,0,0,0,0,0
360565,1,1,1988,0,0,0,0,0,0,0,0,0,0
360566,1,1,1988,0,0,0,0,0,0,0,0,0,0
360567,1,1,1988,0,0,0,0,0,0,0,22,0,0
360568,1,1,1988,33,33,33,33,33,33,33,33,33,33
360569,1,1,1988,0,0,0,0,0,0,0,0,0,0
360570,0,1,1988,30,30,30,30,30,30,30,30,30,30
360570,1,1,1988,0,0,0,0,0,0,0,0,0,0
360571,0,1,1988,0,0,0,0,0,0,0,0,0,0
360571,1,1,1988,0,0,0,0,0,0,0,0,0,0
360572,1,1,1988,0,0,0,0,0,0,22,5,0,15
360572,2,1,1988,0,0,0,0,0,0,0,0,0,0
360573,0,1,1988,0,0,0,0,0,0,0,0,0,0
360573,1,1,1988,21,0,0,0,0,0,0,0,0,11
360574,1,1,1988,7,29,16,14,22,22,21,23,27,19
360575,1,1,1988,9,0,0,9,0,0,0,0,0,0
360575,2,1,1988,5,5,5,5,5,5,5,5,5,5
360576,1,1,1988,24,24,24,24,24,24,24,24,24,24
360577,1,1,1988,0,0,0,0,0,0,0,0,0,0
360579,0,1,1988,0,0,0,0,0,0,0,0,0,0
360579,0,2,1988,0,0,0,0,0,0,0,0,0,0
360579,1,1,1988,12,14,15,13,21,0,10,11,22,22
360580,1,1,1988,0,0,0,0,0,0,0,0,0,0
360581,1,1,1988,0,0,0,0,0,0,0,0,0,0
360582,1,1,1988,0,32,0,6,0,0,0,0,0,0
360582,2,1,1988,0,0,0,0,0,0,0,0,0,0
360583,1,1,1988,0,0,0,0,0,0,0,0,0,0
360584,1,1,1988,0,0,0,0,0,0,0,0,0,0
360584,2,1,1988,0,0,0,0,0,0,0,0,0,0
360585,1,1,1988,0,0,0,0,0,0,0,0,0,0
360585,2,1,1988,13,13,13,13,13,13,13,13,13,13
360586,1,1,1988,38,38,38,38,38,38,38,38,38,38
360586,2,1,1988,0,0,0,0,0,0,0,0,0,0
360586,3,1,1988,0,0,0,0,0,0,0,0,0,0
360587,0,1,1988,0,0,0,0,0,0,0,0,0,0
360587,1,1,1988,0,0,0,0,0,0,0,0,0,0
360588,1,1,1988,0,0,0,0,0,0,0,0,0,0
360589,0,1,1988,0,0,0,0,0,0,0,0,0,0
360589,1,1,1988,0,0,0,0,0,0,0,0,0,0
360590,0,1,1988,0,0,0,0,0,0,0,0,0,0
360590,0,2,1988,0,0,0,0,0,0,0,0,0,0
360590,1,1,1988,0,0,0,16,0,0,0,0,1,18
360590,2,1,1988,11,15,7,11,6,0,0,5,13,0
360591,1,1,1988,0,0,0,0,0,0,0,0,0,0
360591,2,1,1988,0,0,0,0,0,0,0,0,0,10
360592,0,1,1988,21,21,21,21,21,21,21,21,21,21
360592,1,1,1988,0,0,0,0,0,0,0,26,0,0
360593,0,1,1988,0,0,0,0,0,0,0,0,0,0
360593,1,1,1988,11,0,0,0,0,0,0,0,0,10
360594,0,1,1988,0,0,0,0,0,0,0,0,0,0
360594,1,1,1988,0,0,0,0,0,0,0,0,0,0
360595,1,1,1988,0,0,0,0,0,0,0,0,0,0
360595,2,1,1988,0,0,0,0,0,0,0,0,0,0
360595,3,1,1988,0,0,0,0,0,0,0,0,0,0
360596,0,1,1988,0,0,0,0,0,0,0,0,0,0
360596,0,2,1988,0,0,0,0,0,0,0,0,0,0
360596,1,1,1988,0,0,0,0,0,0,0,0,0,0
360597,0,1,1988,0,0,0,0,0,0,0,0,0,0
360597,1,1,1988,0,0,0,0,0,0,0,0,0,0
360598,1,1,1988,14,14,14,14,14,14,14,14,14,14
360599,1,1,1988,0,0,0,0,0,0,0,0,0,0
360600,1,1,1988,0,19,0,0,0,0,0,0,0,0
360600,2,1,1988,0,0,0,0,0,0,0,0,0,0
360601,1,1,1988,0,0,0,0,0,12,0,0,0,0
360601,2,1,1988,0,0,0,0,15,0,0,9,0,0
360602,1,1,1988,0,0,0,0,0,0,0,0,0,0
360602,2,1,1988,24,24,19,0,27,12,19,12,11,2
360603,0,1,1988,0,0,0,0,29,31,0,0,46,0
360603,1,1,1988,0,0,0,0,0,0,0,0,0,0
360604,1,1,1988,7,7,7,7,7,7,7,7,7,7
360605,1,1,1988,0,0,0,0,0,0,0,0,0,0
360605,2,1,1988,0,0,0,0,0,0,0,0,0,0
360606,0,1,1988,0,0,0,0,0,0,0,0,0,0
360606,1,1,1988,0,0,6,16,5,11,8,0,14,0
360606,2,1,1988,0,0,0,0,0,0,0,0,0,0
360607,1,1,1988,0,0,0,0,0,0,0,0,0,0
360607,2,1,1988,0,0,0,0,0,0,0,0,0,8
360608,1,1,1988,0,0,0,0,15,19,0,12,0,12
360608,2,1,1988,0,0,16,15,10,0,0,0,0,0
360609,1,1,1988,4,4,4,4,4,4,4,4,4,4
360610,1,1,1988,0,0,0,0,0,0,0,0,0,0
360611,1,1,1988,0,0,0,0,0,0,0,0,0,0
360611,2,1,1988,7,18,10,12,19,0,0,0,16,0
360611,3,1,1988,0,0,0,0,0,0,0,0,0,0
360612,0,1,1988,0,0,0,0,0,0,0,0,0,0
360612,1,1,1988,0,0,0,0,0,0,0,0,0,0
360613,0,1,1988,0,0,0,0,0,0,0,0,0,0
360613,1,1,1988,0,0,0,0,0,0,0,0,0,0
360614,1,1,1988,0,0,0,0,0,0,0,0,0,0
360614,2,1,1988,0,0,0,0,0,0,0,0,0,0
360615,1,1,1988,0,0,0,0,0,0,0,0,0,0
360616,1,1,1988,30,30,30,30,30,30,30,30,30,30
360617,1,1,1988,13,13,13,13,13,13,13,13,13,13
360618,1,1,1988,10,10,10,10,10,10,10,10,10,10
360619,0,1,1988,0,0,0,0,0,0,0,0,0,0
360619,1,1,1988,0,0,12,3,0,21,0,0,0,0
360619,2,1,1988,0,0,0,0,0,0,0,0,0,0
360620,0,1,1988,0,0,0,0,0,0,0,0,0,0
360620,1,1,1988,12,0,0,0,0,0,0,17,0,0
360621,0,1,1988,0,0,0,0,0,0,0,0,0,0
360621,1,1,1988,0,0,0,0,9,0,11,0,26,13
360622,1,1,1988,0,0,0,0,0,0,0,0,0,0
360623,1,1,1988,13,13,13,13,13,13,13,13,13,13
360624,1,1,1988,14,14,3,24,17,6,16,10,12,8
360625,0,1,1988,25,25,25,25,25,25,25,25,25,25
360625,1,1,1988,5,0,0,0,0,0,0,16,0,0
360626,0,1,1988,0,0,0,0,0,0,0,0,0,0
360626,1,1,1988,11,17,0,0,0,0,0,0,0,14
360627,0,1,1988,0,0,0,0,29,0,0,0,0,0
360627,1,1,1988,0,0,0,0,0,0,0,0,0,0
360628,1,1,1988,0,0,0,0,0,0,0,0,0,0
360629,1,1,1988,25,25,25,25,25,25,25,25,25,25
360630,1,1,1988,0,0,0,0,0,0,0,0,0,0
360630,2,1,1988,0,0,0,0,0,0,0,0,0,0
360631,1,1,1988,0,8,0,0,0,0,0,0,0,0
360632,1,1,1988,0,0,0,0,0,0,0,0,0,0
360632,2,1,1988,0,0,0,0,0,0,0,0,0,0
360633,0,1,1988,0,0,0,0,0,0,0,0,0,0
360633,1,1,1988,0,0,0,0,0,0,0,0,0,0
360634,1,1,1988,16,16,16,16,16,16,16,16,16,16
360635,1,1,1988,25,25,25,25,25,25,25,25,25,25
360636,1,1,1988,21,21,21,21,21,21,21,21,21,21
360637,1,1,1988,27,27,27,27,27,27,27,27,27,27
360638,1,1,1988,20,20,20,20,20,20,20,20,20,20
360639,1,1,1988,0,0,0,0,0,0,0,0,0,0
360639,2,1,1988,0,0,0,0,0,0,0,0,0,0
360640,1,1,1988,0,0,0,0,0,0,0,0,0,0
360640,2,1,1988,0,0,0,0,0,0,0,2,0,0
360640,3,1,1988,0,0,0,0,0,0,0,0,0,0
360640,4,1,1988,0,0,0,0,0,0,0,0,0,0
360641,1,1,1988,3,8,13,8,22,23,0,16,12,21
360642,1,1,1988,7,7,7,7,7,7,7,7,7,7
360643,1,1,1988,14,14,14,14,14,14,14,14,14,14
360644,1,1,1988,0,0,0,0,0,0,0,0,0,0
360644,2,1,1988,0,0,0,0,0,0,0,0,0,0
360645,1,1,1988,0,0,0,0,0,0,0,0,0,0
360645,2,1,1988,0,0,0,0,0,0,0,0,0,0
360646,1,1,1988,6,6,12,24,20,11,0,26,12,0
360647,1,1,1988,23,23,23,23,23,23,23,23,23,23
360648,1,1,1988,19,19,19,19,19,19,19,19,19,19
360649,1,1,1988,0,0,0,0,0,0,0,0,0,0
360649,2,1,1988,0,0,0,0,0,0,0,0,0,0
360650,1,1,1988,0,0,0,0,0,0,0,0,0,0
360651,1,1,1988,0,0,0,0,0,0,0,0,0,0
360652,0,1,1988,0,0,0,0,0,0,0,0,0,0
360652,1,1,1988,0,0,0,0,0,0,0,0,0,8
360653,1,1,1988,0,0,0,0,0,0,0,0,0,0
360654,1,1,1988,0,0,0,0,0,0,0,0,0,0
360654,2,1,1988,0,0,0,0,0,0,0,0,0,0
360655,1,1,1988,21,21,21,21,21,21,21,21,21,21