ST_CASE,VEH_NO,PER_NO,YEAR,P1,P2,P3,P4,P5,P6,P7,P8,P9,P10
360656,1,1,1988,23,23,23,23,23,23,23,23,23,23
360656,2,1,1988,0,0,0,0,0,0,0,0,0,0
360657,1,1,1988,0,0,0,0,0,0,0,0,0,0
360657,2,1,1988,0,0,0,0,0,0,0,0,0,0
360658,1,1,1988,24,22,15,15,23,0,6,31,48,16
360659,1,1,1988,25,25,25,25,25,25,25,25,25,25
360660,1,1,1988,11,16,26,28,18,9,9,16,9,18
360661,1,1,1988,0,0,0,8,0,0,0,10,0,0
360661,2,1,1988,0,0,0,0,0,0,0,0,0,0
360662,1,1,1988,0,0,0,0,0,0,0,0,0,0
360662,2,1,1988,0,0,0,0,0,0,0,0,0,0
360663,1,1,1988,0,0,0,0,0,0,0,0,0,0
360664,1,1,1988,0,0,0,0,0,0,0,0,0,0
360664,2,1,1988,0,0,0,0,0,0,0,0,0,0
360665,1,1,1988,19,19,19,19,19,19,19,19,19,19
360666,1,1,1988,20,13,17,23,23,19,26,8,5,10
360667,1,1,1988,0,0,0,0,0,0,0,0,0,0
360667,2,1,1988,0,0,0,0,0,0,0,0,0,0
360668,1,1,1988,0,0,0,0,0,0,0,0,0,0
360668,2,1,1988,0,0,0,0,0,0,0,0,0,0
360669,1,1,1988,28,8,8,8,0,14,31,0,0,7
360670,1,1,1988,8,8,8,8,8,8,8,8,8,8
360670,2,1,1988,0,0,0,0,0,0,0,0,0,0
360670,3,1,1988,0,0,0,0,0,0,0,0,0,0
360671,1,1,1988,5,5,5,5,5,5,5,5,5,5
360671,2,1,1988,0,0,0,0,0,0,0,0,0,0
360672,1,1,1988,0,0,0,19,0,0,0,0,0,0
360672,2,1,1988,0,0,0,0,0,0,0,0,0,0
360673,1,1,1988,12,12,12,12,12,12,12,12,12,12
360673,2,1,1988,0,0,0,0,12,13,0,15,0,0
360673,3,1,1988,0,0,0,0,0,0,0,0,0,0
360674,1,1,1988,0,0,0,0,0,0,0,0,0,0
360675,1,1,1988,0,0,0,0,25,0,0,0,0,0
360675,2,1,1988,8,16,7,4,13,3,3,12,18,23
360676,1,1,1988,11,11,11,11,11,11,11,11,11,11
360676,2,1,1988,0,0,0,0,0,0,14,0,0,0
360677,1,1,1988,0,0,0,0,0,0,0,0,0,0
360677,2,1,1988,0,0,0,0,0,0,0,0,0,0
360678,0,1,1988,10,10,10,10,10,10,10,10,10,10
360678,1,1,1988,24,21,3,23,23,25,17,11,0,9
360679,0,1,1988,0,0,0,0,0,0,0,0,0,0
360679,1,1,1988,0,0,0,0,0,0,0,13,0,0
360680,1,1,1988,0,0,0,0,0,0,0,0,0,0
360680,2,1,1988,0,0,0,0,0,0,0,0,0,0
360681,0,1,1988,1,1,1,1,1,1,1,1,1,1
360681,0,2,1988,27,27,14,13,32,16,18,15,7,20
360681,1,1,1988,0,0,0,0,0,0,0,0,0,0
360682,1,1,1988,0,0,0,0,0,0,0,0,0,0
360682,2,1,1988,0,0,0,0,0,0,0,0,0,0
360683,1,1,1988,0,0,0,0,0,0,0,0,0,0
360683,2,1,1988,0,0,0,0,10,0,3,0,0,0
360684,0,1,1988,0,0,0,0,0,0,0,0,0,0
360684,1,1,1988,0,0,0,20,0,11,0,5,0,0
360685,1,1,1988,0,12,0,0,0,0,0,0,0,0
360685,2,1,1988,0,0,0,0,29,0,0,0,6,0
360686,1,1,1988,0,0,0,0,0,0,0,0,0,0
360686,2,1,1988,0,0,0,0,0,0,0,0,0,0
360687,1,1,1988,0,0,0,0,0,0,0,0,0,0
360688,0,1,1988,0,0,0,0,0,0,0,0,0,0
360688,1,1,1988,0,0,0,0,0,0,0,0,0,0
360689,0,1,1988,0,16,18,23,26,0,0,0,31,35
360689,1,1,1988,0,18,11,12,17,17,0,8,0,6
360690,1,1,1988,0,0,0,9,0,0,14,0,0,0
360690,2,1,1988,0,17,0,0,0,0,19,0,0,0
360691,1,1,1988,0,0,0,31,0,0,0,0,0,0
360691,2,1,1988,3,3,3,3,3,3,3,3,3,3
360692,0,1,1988,0,0,0,0,0,0,0,0,0,0
360692,1,1,1988,0,0,0,0,0,0,0,0,0,0
360693,1,1,1988,12,12,12,12,12,12,12,12,12,12
360693,2,1,1988,24,0,17,0,0,21,3,11,0,0
360694,1,1,1988,17,17,17,17,17,17,17,17,17,17
360694,2,1,1988,0,0,0,0,0,0,0,0,0,0
360695,1,1,1988,0,0,23,0,0,0,0,0,0,0
360695,2,1,1988,0,0,0,0,0,0,0,0,0,0
360695,3,1,1988,0,0,0,0,0,0,0,0,0,0
360696,1,1,1988,17,17,17,17,17,17,17,17,17,17
360697,1,1,1988,13,13,13,13,13,13,13,13,13,13
360698,1,1,1988,8,8,8,8,8,8,8,8,8,8
360699,1,1,1988,0,0,0,0,0,0,0,0,0,0
360699,2,1,1988,6,6,6,6,6,6,6,6,6,6
360700,1,1,1988,0,0,0,0,0,0,0,0,0,0
360700,2,1,1988,0,0,0,0,0,0,0,0,0,0
360701,0,1,1988,16,16,16,16,16,16,16,16,16,16
360701,1,1,1988,13,5,32,17,16,25,8,16,10,12
360702,1,1,1988,21,21,21,21,21,21,21,21,21,21
360703,0,1,1988,0,0,0,0,0,0,0,0,0,0
360703,1,1,1988,0,0,0,0,0,0,0,0,0,0
360704,1,1,1988,0,0,0,0,0,0,0,0,0,0
360704,2,1,1988,0,0,0,0,0,0,0,0,0,0
360705,0,1,1988,0,0,0,0,0,0,0,0,0,0
360705,0,2,1988,0,0,0,0,0,0,0,0,0,0
360705,1,1,1988,15,13,18,18,24,27,19,50,31,9
360706,1,1,1988,0,0,0,0,0,0,0,0,0,0
360707,1,1,1988,0,0,26,0,5,0,0,0,0,13
360708,1,1,1988,0,0,0,0,0,27,7,0,0,0
360708,2,1,1988,0,0,0,0,0,0,0,0,0,0
360709,1,1,1988,23,12,0,22,15,16,10,5,10,9
360709,2,1,1988,7,0,0,0,24,0,16,0,15,0
360710,1,1,1988,0,0,0,0,0,0,0,0,0,0
360710,2,1,1988,0,0,0,0,0,0,0,0,0,0
360711,1,1,1988,0,0,0,0,0,0,0,0,0,0
360712,1,1,1988,23,23,23,23,23,23,23,23,23,23
360713,1,1,1988,10,10,10,10,10,10,10,10,10,10
360714,1,1,1988,11,22,26,21,10,8,31,15,16,29
360715,1,1,1988,0,0,0,0,0,0,0,0,0,0
360715,2,1,1988,0,25,4,0,0,0,4,0,0,13
360716,1,1,1988,0,0,0,0,0,0,0,0,0,0
360716,2,1,1988,0,0,0,0,0,0,0,0,0,0
360717,1,1,1988,6,22,20,7,0,11,11,8,6,11
360718,0,1,1988,0,0,0,13,0,31,0,0,0,0
360718,0,2,1988,0,0,0,0,0,0,0,0,0,0
360718,1,1,1988,0,0,0,0,0,0,0,0,0,0
360719,1,1,1988,0,0,0,0,0,0,0,0,0,0
360719,2,1,1988,0,0,0,0,0,0,0,0,0,0
360720,1,1,1988,9,9,9,9,9,9,9,9,9,9
360721,1,1,1988,0,0,0,0,0,0,0,4,0,5
360722,1,1,1988,13,13,13,13,13,13,13,13,13,13
360722,2,1,1988,0,0,0,0,0,0,0,0,0,0
360723,1,1,1988,7,7,7,7,7,7,7,7,7,7
360724,1,1,1988,0,0,0,0,0,0,0,0,0,0
360725,1,1,1988,0,0,0,0,0,0,0,0,0,0
360725,2,1,1988,0,0,0,0,0,0,0,0,0,0
360726,1,1,1988,0,0,0,0,0,0,0,0,0,0
360727,1,1,1988,0,0,0,0,28,0,9,17,0,19
360728,1,1,1988,4,17,14,12,19,0,9,4,6,13
360729,0,1,1988,0,0,0,0,0,0,0,0,0,0
360729,1,1,1988,0,0,0,0,0,0,0,0,0,0
360730,1,1,1988,26,26,26,26,26,26,26,26,26,26
360731,1,1,1988,0,0,8,0,0,0,0,0,0,0
360731,2,1,1988,0,0,0,0,0,0,0,0,0,0
360732,1,1,1988,14,14,14,14,14,14,14,14,14,14
360733,1,1,1988,26,26,26,26,26,26,26,26,26,26
360734,0,1,1988,0,0,0,0,22,0,0,0,19,22
360734,0,2,1988,0,0,0,0,0,0,0,0,6,0
360734,1,1,1988,0,0,0,0,0,0,0,0,0,0
360735,1,1,1988,0,0,0,0,0,0,0,0,0,0
360735,2,1,1988,9,9,9,9,9,9,9,9,9,9
360736,1,1,1988,0,0,0,0,0,0,0,0,0,0
360737,0,1,1988,0,0,0,0,0,0,0,0,0,0
360737,1,1,1988,0,0,0,0,0,0,0,0,0,0
360738,1,1,1988,0,0,0,0,0,0,0,0,0,0
360738,2,1,1988,0,0,0,0,0,0,0,0,0,0
360739,0,1,1988,0,0,0,0,0,0,0,0,0,0
360739,1,1,1988,0,0,3,0,0,0,0,0,31,11
360740,1,1,1988,0,0,0,0,0,0,0,0,0,0
360740,2,1,1988,9,20,15,23,11,2,17,25,30,21
360740,3,1,1988,0,0,0,0,21,0,0,0,0,0
360741,0,1,1988,0,0,0,0,0,0,0,0,0,0
360741,1,1,1988,8,10,9,13,14,8,19,15,9,25
360742,0,1,1988,0,0,0,0,0,0,0,0,0,0
360742,1,1,1988,0,0,0,0,0,0,0,0,0,0
360744,0,1,1988,2,2,2,2,2,2,2,2,2,2
360744,1,1,1988,0,0,0,0,0,0,0,0,0,0
360745,0,1,1988,0,0,0,0,0,0,0,0,0,0
360745,1,1,1988,16,17,15,14,17,0,0,13,0,0
360746,1,1,1988,0,0,0,0,0,0,0,0,0,0
360746,2,1,1988,3,3,3,3,3,3,3,3,3,3
360747,0,1,1988,1,1,1,1,1,1,1,1,1,1
360747,1,1,1988,0,0,6,0,0,11,0,0,0,5
360748,1,1,1988,0,0,0,0,0,0,0,0,0,0
360748,2,1,1988,0,0,0,0,15,0,0,0,0,0
360749,0,1,1988,0,0,0,0,0,0,0,0,0,0
360749,1,1,1988,0,0,0,12,0,0,0,0,0,0
360750,0,1,1988,0,30,0,5,0,7,0,14,0,6
360750,0,2,1988,0,0,0,0,0,0,0,0,0,0
360750,1,1,1988,18,0,34,9,15,3,12,13,11,10
360751,1,1,1988,0,0,0,0,0,0,0,0,0,0
360752,0,1,1988,0,0,0,0,0,0,0,0,0,0
360752,1,1,1988,0,0,0,0,0,0,0,0,0,0
360753,0,1,1988,0,0,0,0,0,0,0,0,0,0
360753,1,1,1988,0,0,0,0,0,0,0,0,0,0
360754,0,1,1988,0,0,0,0,0,0,0,0,0,0
360754,0,2,1988,0,0,0,0,0,0,0,0,0,0
360754,1,1,1988,29,0,0,0,0,0,0,0,0,0
360755,1,1,1988,0,16,0,0,0,16,0,0,11,0
360755,2,1,1988,0,0,0,0,0,0,0,0,0,0
360756,1,1,1988,0,0,0,0,0,0,0,0,0,0
360756,2,1,1988,0,0,28,0,0,0,16,0,9,0
360757,0,1,1988,0,0,0,0,0,0,0,0,0,0
360757,1,1,1988,0,0,0,0,0,0,0,0,8,0
360758,1,1,1988,29,29,29,29,29,29,29,29,29,29
360759,0,1,1988,0,0,0,0,0,0,0,0,0,0
360759,1,1,1988,0,0,0,0,0,21,0,0,0,0
360760,1,1,1988,0,0,0,0,0,0,0,0,0,0
360760,2,1,1988,0,0,0,0,0,0,0,0,0,0
360761,1,1,1988,0,0,0,0,0,0,0,0,0,0
360762,1,1,1988,0,0,0,0,0,0,0,0,0,0
360763,0,1,1988,0,0,0,0,0,0,0,0,0,0
360763,1,1,1988,0,0,0,0,0,0,0,0,0,0
360764,1,1,1988,44,44,44,44,44,44,44,44,44,44
360765,1,1,1988,24,6,0,0,8,0,0,18,0,0
360765,2,1,1988,13,3,0,0,0,0,5,0,0,0
360766,1,1,1988,0,0,0,0,0,0,0,0,0,0
360767,1,1,1988,0,0,0,0,0,0,0,0,0,23
360768,1,1,1988,0,0,0,0,0,0,0,0,0,0
360769,1,1,1988,0,0,0,0,0,0,0,0,0,0
360769,2,1,1988,0,0,0,0,0,0,0,0,0,0
360771,1,1,1988,17,0,19,0,14,25,5,17,13,19
360772,1,1,1988,10,9,12,22,11,14,9,11,0,52
360772,2,1,1988,0,0,0,0,0,0,0,0,0,0
360773,1,1,1988,15,15,15,15,15,15,15,15,15,15
360774,1,1,1988,0,0,0,0,0,0,0,0,0,0
360774,2,1,1988,0,0,0,0,0,0,0,0,0,0
360775,1,1,1988,0,0,0,0,0,0,0,0,0,0
360775,2,1,1988,0,0,0,0,0,0,0,0,0,0
360776,0,1,1988,15,0,0,0,0,0,0,0,0,0
360776,1,1,1988,0,0,0,0,0,0,0,0,0,18
360777,1,1,1988,0,0,0,0,0,0,0,0,0,0
360777,2,1,1988,0,0,0,0,0,0,0,0,0,0
360778,0,1,1988,16,10,5,34,0,9,18,6,15,0
360778,1,1,1988,0,0,17,0,0,0,0,0,0,0
360778,2,1,1988,0,0,0,0,0,0,0,0,0,0
360779,1,1,1988,0,0,0,0,0,0,0,0,0,0
360780,1,1,1988,16,16,16,16,16,16,16,16,16,16
360780,2,1,1988,0,0,0,0,0,0,0,0,0,0
360781,1,1,1988,12,0,0,5,0,23,27,7,0,0
360782,1,1,1988,23,23,23,23,23,23,23,23,23,23
360782,2,1,1988,0,0,0,0,0,0,0,0,0,0
360783,1,1,1988,0,0,0,0,0,0,0,0,0,0
360783,2,1,1988,0,0,0,0,0,0,0,0,0,0
360784,1,1,1988,18,18,18,18,18,18,18,18,18,18
360785,1,1,1988,0,0,0,0,0,0,0,0,0,0
360786,1,1,1988,0,0,0,0,0,0,0,0,0,0
360786,2,1,1988,0,0,0,0,0,0,0,0,0,0
360786,3,1,1988,0,0,17,7,0,7,0,0,0,7
360787,1,1,1988,27,27,27,27,27,27,27,27,27,27
360788,1,1,1988,0,0,0,0,0,0,0,0,0,0
360789,0,1,1988,2,2,2,2,2,2,2,2,2,2
360789,1,1,1988,0,0,0,0,0,22,0,0,0,0
360790,1,1,1988,0,0,0,0,0,0,0,0,0,0
360791,1,1,1988,0,0,0,0,0,0,0,0,0,0
360791,2,1,1988,0,0,0,0,0,0,0,0,0,0
360791,3,1,1988,0,0,0,0,0,0,0,0,0,0
360792,1,1,1988,0,0,0,0,0,0,0,0,0,0
360793,1,1,1988,0,0,0,0,0,0,0,0,0,0
360793,2,1,1988,0,0,0,0,0,0,0,0,0,0
360794,1,1,1988,11,0,0,0,0,3,0,0,0,25
360794,2,1,1988,0,0,0,0,0,0,0,9,7,0
360795,0,1,1988,0,0,0,0,0,0,0,0,0,0
360795,1,1,1988,0,0,0,0,0,0,0,0,0,0
360796,1,1,1988,23,23,23,23,23,23,23,23,23,23
360797,1,1,1988,17,17,17,17,17,17,17,17,17,17
360798,1,1,1988,0,0,0,0,6,0,0,0,0,0
360799,0,1,1988,0,0,0,0,0,0,0,0,0,0
360799,1,1,1988,22,0,12,0,0,0,3,0,19,0
360800,0,1,1988,0,0,0,0,0,0,0,13,0,0
360800,1,1,1988,0,0,0,0,0,0,0,0,0,0
360801,1,1,1988,4,4,4,4,4,4,4,4,4,4
360802,1,1,1988,0,0,0,0,0,0,0,0,0,0
360803,0,1,1988,0,0,0,0,0,0,0,0,0,0
360803,1,1,1988,0,0,0,0,0,0,0,0,0,0
360804,1,1,1988,15,16,15,0,27,36,16,15,16,26
360805,1,1,1988,0,0,0,0,0,0,0,0,0,0
360805,2,1,1988,0,0,0,0,0,0,0,0,0,0
360806,0,1,1988,0,0,0,0,0,0,0,0,0,0
360806,1,1,1988,0,0,0,0,0,0,0,0,0,0
360807,0,1,1988,0,0,0,0,0,0,0,0,0,0
360807,1,1,1988,0,0,0,0,0,0,0,0,0,0
360808,1,1,1988,0,0,0,0,0,0,0,0,0,0
360809,1,1,1988,0,0,0,0,0,0,0,0,0,0
360810,1,1,1988,18,0,0,12,0,0,0,0,7,0
360811,1,1,1988,0,2,0,0,0,0,0,0,0,0
360811,2,1,1988,0,0,0,0,0,0,0,0,0,0
360812,1,1,1988,12,20,5,17,24,13,0,19,0,0
360813,1,1,1988,18,18,18,18,18,18,18,18,18,18
360814,1,1,1988,11,11,11,11,11,11,11,11,11,11
360815,1,1,1988,0,0,0,0,0,0,0,0,0,0
360816,1,1,1988,0,0,8,0,0,0,0,0,0,0
360816,2,1,1988,1,1,1,1,1,1,1,1,1,1
360817,1,1,1988,0,0,16,0,0,0,20,0,0,0
360817,2,1,1988,2,2,2,2,2,2,2,2,2,2
360818,0,1,1988,0,0,0,0,0,0,0,0,0,0
360818,1,1,1988,0,0,0,0,0,0,0,0,0,0
360819,1,1,1988,0,0,0,0,0,0,0,0,0,0
360820,0,1,1988,21,21,21,21,21,21,21,21,21,21
360820,1,1,1988,24,24,24,24,24,24,24,24,24,24
360821,1,1,1988,0,0,0,0,0,0,0,0,0,0
360821,2,1,1988,0,8,21,0,0,0,0,9,0,0
360822,1,1,1988,18,18,18,18,18,18,18,18,18,18
360823,1,1,1988,0,0,0,0,0,0,0,0,0,0
360823,2,1,1988,0,0,0,0,0,0,0,0,0,0
360824,0,1,1988,0,0,0,0,0,0,0,0,0,0
360824,1,1,1988,0,0,0,0,0,0,0,0,0,0
360825,0,1,1988,0,0,0,0,0,0,0,0,0,0
360825,0,2,1988,0,0,0,0,14,0,0,0,0,0
360825,0,3,1988,0,23,0,0,0,7,0,0,12,20
360825,0,4,1988,0,0,0,0,0,0,0,0,0,0
360825,1,1,1988,16,14,16,17,0,0,12,10,10,9
360826,1,1,1988,0,0,0,0,0,0,0,0,0,0
360826,2,1,1988,0,0,0,0,0,9,0,0,0,0
360827,0,1,1988,34,34,34,34,34,34,34,34,34,34
360827,1,1,1988,11,0,0,0,0,0,0,0,0,0
360828,1,1,1988,0,0,0,0,0,0,0,0,0,0
360829,1,1,1988,11,11,11,11,11,11,11,11,11,11
360830,1,1,1988,14,14,14,14,14,14,14,14,14,14
360830,2,1,1988,14,14,14,14,14,14,14,14,14,14
360831,1,1,1988,0,0,0,0,0,0,0,0,0,0
360831,2,1,1988,8,0,0,0,0,0,0,24,0,0
360831,3,1,1988,0,0,0,0,0,0,0,12,0,0
360832,0,1,1988,0,0,0,0,0,0,0,0,0,0
360832,1,1,1988,0,0,0,0,0,0,0,0,0,0
360833,1,1,1988,5,5,5,5,5,5,5,5,5,5
360834,1,1,1988,0,0,0,0,0,0,0,0,0,0
360834,2,1,1988,0,0,0,0,0,0,0,0,0,0
360835,1,1,1988,0,0,0,0,0,0,0,0,0,0
360836,1,1,1988,7,7,7,7,7,7,7,7,7,7
360836,2,1,1988,0,0,0,0,0,0,0,0,0,0
360837,1,1,1988,0,0,0,0,0,0,0,0,0,0
360837,2,1,1988,0,0,0,0,0,0,0,0,0,0
360838,1,1,1988,0,0,0,0,0,0,0,0,0,0
360839,0,1,1988,12,12,12,12,12,12,12,12,12,12
360839,1,1,1988,0,13,24,0,17,0,16,0,0,0
360840,1,1,1988,4,4,4,4,4,4,4,4,4,4
360842,1,1,1988,18,18,18,18,18,18,18,18,18,18
360843,1,1,1988,0,0,0,0,0,0,0,0,0,0
360843,2,1,1988,0,0,0,0,0,0,0,0,0,0
360844,0,1,1988,0,0,0,0,0,0,0,0,0,0
360844,1,1,1988,0,0,0,7,0,0,17,0,0,7
360845,1,1,1988,0,13,0,0,0,0,0,4,0,0
360846,1,1,1988,0,0,0,0,0,0,0,0,0,0
360847,0,1,1988,0,0,0,0,0,0,0,0,0,0
360847,1,1,1988,0,0,0,0,0,22,0,0,5,0
360848,1,1,1988,22,22,22,22,22,22,22,22,22,22
360849,1,1,1988,0,0,0,0,0,0,0,0,0,0
360850,1,1,1988,5,5,5,5,5,5,5,5,5,5
360850,2,1,1988,0,0,0,0,0,0,0,0,0,0
360851,1,1,1988,15,15,15,15,15,15,15,15,15,15
360852,1,1,1988,0,0,8,0,0,25,8,0,0,0
360853,1,1,1988,0,0,0,0,0,0,0,0,0,0
360854,1,1,1988,0,0,0,0,0,0,0,0,0,11
360854,2,1,1988,0,0,0,0,0,0,0,0,7,0
360855,1,1,1988,18,0,8,20,29,12,32,14,20,5
360856,1,1,1988,0,0,0,0,0,0,4,11,0,7
360857,1,1,1988,3,3,3,3,3,3,3,3,3,3
360857,2,1,1988,10,10,10,10,10,10,10,10,10,10
360858,1,1,1988,0,0,0,0,0,0,0,0,0,0
360859,1,1,1988,15,15,15,15,15,15,15,15,15,15
360860,1,1,1988,0,0,0,0,0,0,0,0,0,0
360860,2,1,1988,0,0,0,0,0,0,0,13,0,0
360861,1,1,1988,0,0,0,0,0,0,0,0,0,0
360862,1,2,1988,5,5,5,5,5,5,5,5,5,5
360863,1,1,1988,5,5,5,5,5,5,5,5,5,5
360864,0,1,1988,0,0,0,0,0,0,0,0,0,0
360864,1,1,1988,0,0,0,0,0,0,0,0,0,0
360865,1,1,1988,7,7,7,7,7,7,7,7,7,7
360866,1,1,1988,1,1,1,1,1,1,1,1,1,1
360867,1,1,1988,0,0,0,0,0,0,0,0,0,0
360868,1,1,1988,20,20,20,20,20,20,20,20,20,20
360869,1,1,1988,0,0,0,0,0,0,0,0,0,0
360869,2,1,1988,0,0,0,0,0,0,0,0,0,0
360870,1,1,1988,16,14,24,18,5,5,19,16,14,5
360871,1,1,1988,3,17,10,25,9,5,0,11,21,9
360871,2,1,1988,0,0,22,16,0,0,0,0,0,0
360872,1,1,1988,20,20,20,20,20,20,20,20,20,20
360873,0,1,1988,12,0,0,0,0,0,0,0,0,0
360873,1,1,1988,0,0,0,0,0,0,0,0,0,0
360874,0,1,1988,0,0,0,0,0,0,0,0,0,0
360874,1,1,1988,0,0,6,0,20,0,0,23,0,0
360874,2,1,1988,0,0,0,0,0,0,0,0,0,0
360875,0,1,1988,4,4,4,4,4,4,4,4,4,4
360875,1,1,1988,0,32,0,0,0,0,0,0,0,13
360876,1,1,1988,31,31,31,31,31,31,31,31,31,31
360877,1,1,1988,13,13,13,13,13,13,13,13,13,13
360877,2,1,1988,0,0,0,0,0,0,0,0,0,0
360878,1,1,1988,13,13,13,13,13,13,13,13,13,13
360879,1,1,1988,12,0,0,0,0,0,16,0,0,0
360879,2,1,1988,0,0,0,0,0,0,0,0,0,0
360880,1,1,1988,27,0,27,20,30,21,22,23,12,13
360881,0,1,1988,0,0,0,0,0,0,0,0,0,0
360881,1,1,1988,0,0,0,0,0,0,0,0,0,0
360882,1,1,1988,0,0,0,0,0,0,0,0,0,33
360882,2,1,1988,11,0,13,5,4,0,0,0,11,9
360883,1,1,1988,11,11,11,11,11,11,11,11,11,11
360884,1,1,1988,0,0,0,0,0,0,0,0,0,0
360884,2,1,1988,0,0,0,0,0,0,0,0,14,0
360885,1,1,1988,28,28,28,28,28,28,28,28,28,28
360886,1,1,1988,0,0,0,0,0,0,0,0,0,0
360887,1,1,1988,10,12,0,0,0,0,0,0,0,0
360887,2,1,1988,3,3,3,3,3,3,3,3,3,3
360888,0,1,1988,0,0,0,0,0,0,0,0,0,0
360888,0,2,1988,0,0,0,0,0,21,0,0,0,0
360888,1,1,1988,0,0,0,0,0,0,0,0,0,0
360889,1,1,1988,0,0,0,0,0,0,0,0,0,0
360889,2,1,1988,0,0,0,0,0,0,0,0,0,0
360889,3,1,1988,0,0,0,0,0,0,0,0,0,0
360890,1,1,1988,0,7,0,0,15,2,0,0,2,0
360890,2,1,1988,10,10,10,10,10,10,10,10,10,10
360891,1,1,1988,20,20,20,20,20,20,20,20,20,20
360892,1,1,1988,0,0,0,0,0,0,0,0,0,0
360892,2,1,1988,0,0,0,23,0,0,0,0,0,0
360893,0,1,1988,0,19,0,0,0,0,0,0,0,0
360893,1,1,1988,0,18,0,14,18,0,0,0,0,0
360894,1,1,1988,0,0,0,0,0,0,0,0,0,9
360895,1,1,1988,0,0,0,0,0,0,0,0,0,0
360895,2,1,1988,0,0,0,0,0,0,0,0,0,0
360896,1,1,1988,12,12,12,12,12,12,12,12,12,12
360897,0,1,1988,0,0,0,0,0,0,9,0,0,0
360897,1,1,1988,14,0,0,18,0,0,0,0,0,0
360898,0,1,1988,0,0,0,0,0,0,0,0,0,0
360898,1,1,1988,0,0,0,0,0,0,0,0,0,0
360899,0,1,1988,0,0,0,0,0,0,0,0,0,0
360899,1,1,1988,0,0,0,0,0,0,0,0,0,0
360900,1,1,1988,24,24,24,24,24,24,24,24,24,24
360900,2,1,1988,0,0,0,0,0,0,0,0,0,0
360901,1,1,1988,0,0,0,0,0,0,0,0,0,0
360901,2,1,1988,18,18,18,18,18,18,18,18,18,18
360902,1,1,1988,18,18,18,18,18,18,18,18,18,18
360902,2,1,1988,0,0,0,0,10,0,0,7,0,0
360903,1,1,1988,21,21,21,21,21,21,21,21,21,21
360904,1,1,1988,0,0,0,0,0,0,0,0,0,0
360905,1,1,1988,0,0,0,0,0,0,0,0,0,0
360905,2,1,1988,0,0,0,0,0,0,0,0,0,0
360906,1,1,1988,31,31,31,31,31,31,31,31,31,31
360908,0,1,1988,0,0,0,0,0,0,0,0,0,0
360908,0,2,1988,6,0,0,12,0,29,0,0,0,0
360908,1,1,1988,0,0,0,0,0,0,0,0,0,8
360909,0,1,1988,0,0,0,0,0,0,0,0,0,0
360909,1,1,1988,0,0,0,0,0,0,0,12,0,0
360910,1,1,1988,0,0,0,0,0,0,0,0,0,0
360911,1,1,1988,26,26,26,26,26,26,26,26,26,26
360912,1,1,1988,0,4,0,0,0,3,0,0,0,0
360912,2,1,1988,0,0,0,0,0,0,0,0,0,0
360913,1,1,1988,14,14,14,14,14,14,14,14,14,14
360914,0,1,1988,0,0,0,0,0,12,0,0,0,0
360914,1,1,1988,0,0,0,0,0,0,0,0,0,0
360915,1,1,1988,0,0,0,0,0,0,0,0,0,0
360915,2,1,1988,0,0,0,0,0,0,0,0,0,0
360916,1,1,1988,32,32,32,32,32,32,32,32,32,32
360917,1,1,1988,5,5,5,5,5,5,5,5,5,5
360918,1,1,1988,0,0,0,0,0,0,0,0,0,0
360918,2,1,1988,0,0,0,0,0,0,0,0,0,0
360919,1,1,1988,0,0,0,0,0,0,0,0,0,0
360919,2,1,1988,0,0,0,0,0,0,0,0,0,0
360920,0,1,1988,0,4,0,0,0,0,0,0,0,0
360920,1,1,1988,0,0,0,0,0,0,0,0,0,0
360920,2,1,1988,0,0,0,0,0,0,0,0,0,0
360921,1,1,1988,0,0,0,0,4,0,0,0,0,0
360921,2,1,1988,0,0,0,0,0,0,0,0,0,0
360922,1,1,1988,0,0,0,0,0,0,0,0,0,0
360922,2,1,1988,0,0,0,0,0,0,0,0,0,0
360923,0,1,1988,0,0,0,0,0,0,0,0,0,0
360923,1,1,1988,0,7,17,15,15,9,14,14,10,0
360924,1,1,1988,19,19,19,19,19,19,19,19,19,19
360924,2,1,1988,0,0,0,0,0,0,0,0,0,0
360925,0,1,1988,0,0,0,0,0,0,0,0,0,0
360925,1,1,1988,0,0,0,0,0,0,0,0,0,0
360926,1,1,1988,16,16,16,16,16,16,16,16,16,16
360926,2,1,1988,0,0,0,0,0,0,0,0,0,0
360926,3,1,1988,0,0,0,0,0,0,0,0,0,0
360927,1,1,1988,0,0,15,10,0,0,0,0,0,0
360928,1,1,1988,0,0,0,0,0,0,0,0,0,0
360928,2,1,1988,0,0,0,0,0,0,0,0,0,0
360929,1,1,1988,0,0,0,0,0,0,0,0,0,0
360929,2,1,1988,15,0,0,0,0,0,0,0,0,0
360930,0,1,1988,0,0,0,0,0,0,0,0,0,0
360930,1,1,1988,0,0,0,0,0,0,17,26,0,0
360931,0,1,1988,9,9,9,9,9,9,9,9,9,9
360931,1,1,1988,0,16,0,0,0,0,39,0,6,26
360932,0,1,1988,21,0,17,25,41,25,18,26,22,14
360932,1,1,1988,11,11,0,0,0,12,0,21,0,14
360932,2,1,1988,0,0,0,0,0,0,0,0,0,0
360933,1,1,1988,0,0,0,0,19,0,0,0,0,0
360934,1,1,1988,4,11,10,23,0,0,0,3,13,0
360934,2,1,1988,13,0,31,13,0,15,0,15,33,0
360935,0,1,1988,0,0,0,0,0,0,0,0,0,0
360935,1,1,1988,0,0,0,0,0,0,0,0,0,10
360936,1,1,1988,0,0,0,0,0,0,0,0,0,0
360936,2,1,1988,0,0,0,0,0,0,0,0,0,0
360937,1,1,1988,0,0,0,0,0,0,0,0,0,0
360937,2,1,1988,0,0,0,0,0,0,0,0,0,0