ST_CASE,VEH_NO,PER_NO,YEAR,P1,P2,P3,P4,P5,P6,P7,P8,P9,P10
360938,1,1,1988,0,0,0,0,0,0,0,0,0,0
360938,2,1,1988,0,0,0,0,0,0,0,0,0,0
360939,1,1,1988,17,25,17,20,23,22,9,4,12,30
360940,0,1,1988,0,0,0,0,0,0,0,0,0,0
360940,1,1,1988,0,0,0,0,0,0,0,0,0,0
360941,2,1,1988,0,0,0,0,0,0,0,0,0,0
360942,1,1,1988,27,4,16,17,25,9,11,19,7,9
360943,0,1,1988,0,0,0,0,0,0,0,0,0,0
360943,1,1,1988,0,0,0,0,0,0,0,0,0,0
360944,0,1,1988,0,0,0,0,0,0,0,0,0,0
360944,1,1,1988,0,0,0,0,0,0,0,0,0,0
360945,1,1,1988,0,11,0,0,0,0,0,0,0,0
360945,2,1,1988,0,0,0,0,0,0,0,0,0,0
360946,1,1,1988,0,0,0,0,0,0,0,0,0,0
360946,2,1,1988,0,0,0,0,0,0,0,0,0,0
360947,0,1,1988,0,0,0,0,0,0,0,0,0,0
360947,1,1,1988,16,18,0,5,14,12,11,11,0,25
360948,1,1,1988,0,0,0,0,0,0,0,0,0,0
360948,2,1,1988,0,0,0,0,0,0,0,0,0,0
360949,0,1,1988,0,0,0,0,0,0,0,0,0,0
360949,1,1,1988,0,10,13,0,10,0,26,0,4,7
360951,0,1,1988,0,0,0,0,0,0,0,0,0,0
360951,1,1,1988,0,0,0,18,0,0,0,15,4,36
360952,0,1,1988,29,29,29,29,29,29,29,29,29,29
360952,1,1,1988,15,14,19,9,22,33,20,40,21,0
360953,1,1,1988,0,0,0,0,0,0,0,0,0,0
360953,2,1,1988,0,0,0,0,12,15,8,0,0,0
360954,0,1,1988,25,25,25,25,25,25,25,25,25,25
360954,1,1,1988,0,0,0,11,0,0,0,0,0,0
360955,1,1,1988,0,0,0,0,0,0,0,0,0,0
360955,2,1,1988,21,21,21,21,21,21,21,21,21,21
360956,0,1,1988,0,0,0,0,0,0,0,0,0,0
360956,1,1,1988,0,0,0,0,0,0,0,0,0,0
360957,1,1,1988,0,0,0,0,0,0,0,0,12,0
360958,0,1,1988,0,0,0,0,0,0,0,0,0,0
360958,1,1,1988,0,0,0,0,0,0,0,0,0,0
360959,1,1,1988,24,24,24,24,24,24,24,24,24,24
360960,0,1,1988,0,0,0,0,0,0,0,0,0,0
360960,1,1,1988,0,0,0,0,0,0,0,0,0,0
360961,1,1,1988,0,0,0,0,0,0,0,0,0,0
360962,0,1,1988,0,0,0,0,0,0,0,0,0,0
360962,1,1,1988,0,0,0,0,3,0,0,0,0,0
360963,1,1,1988,0,0,0,0,0,0,0,0,0,0
360964,1,1,1988,0,0,0,0,0,0,0,0,0,21
360964,2,1,1988,0,0,0,0,0,0,0,8,0,0
360965,1,1,1988,15,15,15,15,15,15,15,15,15,15
360965,2,1,1988,0,0,0,0,0,0,20,0,0,0
360965,3,1,1988,0,0,0,0,0,0,0,0,0,10
360966,1,1,1988,0,0,0,0,0,0,0,0,0,0
360966,2,1,1988,0,0,0,0,0,0,0,0,0,0
360967,0,1,1988,0,0,0,0,0,0,0,0,0,0
360967,1,1,1988,0,0,0,0,0,0,2,0,0,0
360968,0,1,1988,0,0,0,0,0,0,0,0,0,0
360968,1,1,1988,0,0,0,0,0,0,0,0,0,0
360969,0,1,1988,0,0,0,0,0,29,0,0,0,0
360969,1,1,1988,0,0,0,0,0,0,0,0,0,0
360970,0,1,1988,0,0,0,0,0,0,0,0,0,0
360970,1,1,1988,0,0,15,0,0,0,25,0,0,0
360971,1,1,1988,0,0,0,0,0,0,0,0,0,0
360971,2,1,1988,0,0,0,0,0,0,0,0,0,0
360971,3,1,1988,0,0,0,0,0,0,0,0,0,0
360971,4,1,1988,0,0,0,0,0,0,0,0,0,0
360972,1,1,1988,11,25,26,0,31,12,17,0,17,18
360973,1,1,1988,16,16,16,16,16,16,16,16,16,16
360974,1,1,1988,0,0,0,0,0,0,0,0,0,0
360975,1,1,1988,0,0,0,0,0,0,0,0,0,0
360975,2,1,1988,0,0,0,0,0,0,0,0,0,0
360975,3,1,1988,0,0,0,0,0,0,0,0,0,0
360976,1,1,1988,0,0,0,0,0,0,10,17,34,10
360977,1,1,1988,0,0,3,0,0,11,0,0,0,0
360978,1,1,1988,3,11,14,19,15,9,35,18,27,12
360978,2,1,1988,0,0,0,0,0,0,0,0,0,0
360979,1,1,1988,0,0,0,17,0,0,0,0,0,0
360980,1,1,1988,22,22,22,22,22,22,22,22,22,22
360981,1,1,1988,19,12,9,7,15,20,16,16,14,21
360982,0,1,1988,28,28,28,28,28,28,28,28,28,28
360982,1,1,1988,0,0,0,0,0,0,0,0,0,0
360983,1,1,1988,0,0,0,0,0,0,0,0,0,0
360984,1,1,1988,19,19,19,19,19,19,19,19,19,19
360985,1,1,1988,5,5,5,5,5,5,5,5,5,5
360986,0,1,1988,0,0,0,0,0,27,45,0,0,0
360986,1,1,1988,0,0,0,0,0,0,0,0,0,0
360987,1,1,1988,0,0,0,0,0,0,0,0,0,0
360987,2,1,1988,0,0,0,0,0,0,0,0,0,0
360988,0,1,1988,0,0,0,0,0,0,0,0,0,0
360988,1,1,1988,0,0,0,0,0,0,0,0,0,0
360989,1,1,1988,0,0,0,0,11,0,10,13,20,0
360990,1,1,1988,0,0,0,0,0,1,0,0,0,0
360991,1,1,1988,16,16,16,16,16,16,16,16,16,16
360992,1,1,1988,1,1,1,1,1,1,1,1,1,1
360992,2,1,1988,0,0,0,0,0,0,0,0,0,1
360993,1,1,1988,0,0,0,0,0,0,0,0,0,0
360994,1,1,1988,0,0,0,0,0,0,0,0,0,0
360994,2,1,1988,0,0,23,0,0,0,28,0,0,19
360995,0,1,1988,28,28,28,28,28,28,28,28,28,28
360995,1,1,1988,0,0,0,0,0,0,0,0,0,0
360996,1,1,1988,0,0,0,0,0,0,0,0,0,0
360996,2,1,1988,0,0,0,0,0,0,0,0,0,0
360997,1,1,1988,0,0,0,0,0,0,0,0,0,0
360997,2,1,1988,0,0,0,0,0,0,0,0,0,0
360998,1,1,1988,13,13,13,13,13,13,13,13,13,13
360999,1,1,1988,0,0,0,0,0,0,0,0,0,0
360999,2,1,1988,0,0,0,0,0,0,0,0,0,0
360999,3,1,1988,0,0,0,0,0,0,0,0,0,0
361000,0,1,1988,13,13,13,13,13,13,13,13,13,13
361000,1,1,1988,0,0,0,0,20,0,0,0,10,0
361001,1,1,1988,16,16,16,16,16,16,16,16,16,16
361002,1,1,1988,0,0,0,0,0,0,0,0,0,0
361003,1,1,1988,20,20,20,20,20,20,20,20,20,20
361004,0,1,1988,0,0,0,0,0,0,0,0,0,0
361004,0,2,1988,11,0,0,0,0,14,0,0,19,17
361004,1,1,1988,9,12,18,3,13,17,16,28,13,27
361005,1,1,1988,0,0,0,0,0,0,0,0,0,0
361005,2,1,1988,0,0,0,0,0,0,0,0,0,0
361006,1,1,1988,0,0,0,0,0,0,0,0,0,0
361007,1,1,1988,0,0,0,0,0,0,0,0,0,0
361008,0,1,1988,25,25,25,25,25,25,25,25,25,25
361008,1,1,1988,0,0,0,0,0,0,0,0,10,0
361009,0,1,1988,0,0,0,0,0,0,0,0,0,0
361009,1,1,1988,0,0,0,0,0,0,0,0,0,0
361010,1,1,1988,17,17,17,17,17,17,17,17,17,17
361011,1,1,1988,0,0,0,0,0,0,0,0,0,0
361011,2,1,1988,0,0,0,0,0,0,0,0,0,0
361012,1,1,1988,0,0,0,0,0,0,0,0,0,0
361012,2,1,1988,0,0,0,0,0,0,0,0,0,5
361013,1,1,1988,4,4,4,4,4,4,4,4,4,4
361013,2,1,1988,0,0,0,0,0,0,0,0,0,0
361014,1,1,1988,0,0,0,0,0,0,0,0,0,0
361015,1,1,1988,0,0,0,18,0,0,0,0,0,0
361016,1,1,1988,0,0,0,0,0,0,0,0,0,0
361016,2,1,1988,0,0,0,0,0,0,0,0,0,0
361017,1,1,1988,3,3,3,3,3,3,3,3,3,3
361018,1,1,1988,0,0,0,0,0,0,0,0,0,0
361019,1,1,1988,15,15,15,15,15,15,15,15,15,15
361020,1,1,1988,2,2,2,2,2,2,2,2,2,2
361021,1,1,1988,18,20,23,18,10,22,14,23,7,17
361022,0,1,1988,0,0,0,0,0,0,0,0,0,0
361022,1,1,1988,0,0,0,0,0,0,0,0,0,0
361023,0,1,1988,0,0,0,0,0,0,0,0,0,0
361023,1,1,1988,0,10,20,17,0,0,0,0,0,0
361024,1,1,1988,0,0,0,0,0,0,0,0,0,0
361024,2,1,1988,0,0,0,0,0,0,0,0,0,0
361025,1,1,1988,1,1,1,1,1,1,1,1,1,1
361025,2,1,1988,0,0,0,0,0,0,0,12,0,0
361026,1,1,1988,23,23,23,23,23,23,23,23,23,23
361026,2,1,1988,0,0,0,0,0,0,0,0,0,0
361027,0,1,1988,0,0,0,0,0,0,0,0,0,0
361027,1,1,1988,0,0,0,0,0,0,0,0,0,0
361028,1,1,1988,0,0,0,0,0,0,0,0,0,0
361028,2,1,1988,0,0,0,0,0,0,0,0,0,0
361029,1,1,1988,18,18,18,18,18,18,18,18,18,18
361030,1,1,1988,0,0,0,0,0,0,0,0,0,26
361030,2,1,1988,0,0,0,0,0,0,0,0,0,0
361031,1,1,1988,28,28,28,28,28,28,28,28,28,28
361032,1,1,1988,0,0,0,0,0,0,0,0,0,0
361032,2,1,1988,0,0,0,0,0,0,0,0,0,0
361033,1,1,1988,26,26,26,26,26,26,26,26,26,26
361034,1,1,1988,24,24,24,24,24,24,24,24,24,24
361035,1,1,1988,15,0,0,0,0,0,0,0,0,0
361035,2,1,1988,15,15,15,15,15,15,15,15,15,15
361036,1,1,1988,15,5,13,3,17,29,16,25,16,22
361037,1,1,1988,12,12,12,12,12,12,12,12,12,12
361038,0,1,1988,26,26,26,26,26,26,26,26,26,26
361038,1,1,1988,26,0,17,0,0,19,16,18,0,0
361039,0,1,1988,27,27,27,27,27,27,27,27,27,27
361039,1,1,1988,0,0,0,0,9,0,0,0,12,0
361040,1,1,1988,0,0,0,0,0,0,0,0,0,0
361040,2,1,1988,0,0,0,0,0,0,0,0,0,0
361041,1,1,1988,17,17,17,17,17,17,17,17,17,17
361042,1,1,1988,0,19,0,0,11,0,0,0,0,0
361043,1,1,1988,25,25,25,25,25,25,25,25,25,25
361044,1,1,1988,21,21,21,21,21,21,21,21,21,21
361045,1,1,1988,0,19,0,0,0,0,0,0,8,0
361046,1,1,1988,2,2,2,2,2,2,2,2,2,2
361047,1,1,1988,23,23,23,23,23,23,23,23,23,23
361048,1,1,1988,0,0,0,0,0,0,0,0,0,0
361048,2,1,1988,0,0,0,0,0,0,0,0,0,0
361049,0,1,1988,0,0,0,0,0,0,0,0,0,0
361049,1,1,1988,0,0,0,0,0,0,0,0,0,0
361050,0,1,1988,0,0,0,0,0,0,0,0,0,0
361050,1,1,1988,0,0,0,0,0,0,0,0,0,0
361051,2,1,1988,0,0,0,0,0,0,0,0,0,0
361052,1,1,1988,10,10,10,10,10,10,10,10,10,10
361053,1,1,1988,17,17,17,17,17,17,17,17,17,17
361053,2,1,1988,0,0,0,0,0,0,0,0,0,0
361054,0,1,1988,27,27,27,27,27,27,27,27,27,27
361054,1,1,1988,0,0,0,0,0,0,0,0,0,0
361055,0,1,1988,16,16,16,16,16,16,16,16,16,16
361055,1,1,1988,0,0,0,0,0,0,0,0,0,0
361055,2,1,1988,0,0,0,0,0,0,0,0,0,0
361056,1,1,1988,0,0,0,0,0,0,0,0,0,0
361057,1,1,1988,2,2,2,2,2,2,2,2,2,2
361057,2,1,1988,0,0,0,0,0,0,0,12,0,0
361058,0,1,1988,13,13,13,13,13,13,13,13,13,13
361058,1,1,1988,0,0,0,2,0,0,0,0,0,0
361059,1,1,1988,0,0,0,0,0,0,0,0,0,0
361059,2,1,1988,0,0,0,0,0,0,0,0,0,0
361060,0,1,1988,0,0,0,0,0,0,0,0,0,0
361060,1,1,1988,0,0,0,0,0,0,0,0,0,0
361061,0,1,1988,0,0,0,0,0,0,0,0,0,0
361061,0,2,1988,0,0,0,0,0,0,0,0,0,0
361061,1,1,1988,0,0,0,0,0,0,0,0,0,0
361062,0,1,1988,0,0,0,0,0,0,0,0,0,0
361062,1,1,1988,5,5,5,5,5,5,5,5,5,5
361063,1,1,1988,0,0,0,0,0,0,0,0,0,0
361064,0,1,1988,0,0,0,0,0,0,0,0,0,0
361064,1,1,1988,0,0,0,0,0,0,0,26,0,0
361065,0,1,1988,18,18,18,18,18,18,18,18,18,18
361065,0,2,1988,13,31,34,25,12,0,30,14,22,9
361065,1,1,1988,0,20,12,11,0,0,0,13,16,11
361066,0,1,1988,6,23,9,14,9,26,13,20,35,18
361066,1,1,1988,0,0,25,0,0,0,0,0,0,0
361066,2,1,1988,0,0,0,0,0,0,0,0,0,0
361067,1,1,1988,0,0,13,0,0,0,6,0,26,0
361068,0,1,1988,0,0,0,0,7,0,0,0,0,0
361068,0,2,1988,0,0,0,0,0,0,0,0,0,0
361068,1,1,1988,0,0,0,0,12,0,0,0,0,0
361069,0,1,1988,0,0,0,0,0,0,0,0,0,0
361069,1,1,1988,0,0,0,0,0,0,0,0,0,0
361070,0,1,1988,0,0,0,0,0,0,0,0,0,0
361070,1,1,1988,0,0,0,0,0,0,0,0,0,0
361071,0,1,1988,0,0,0,0,0,0,0,0,0,0
361071,1,1,1988,0,0,0,0,0,0,0,0,0,0
361072,1,1,1988,5,3,25,4,0,16,8,9,19,13
361073,1,1,1988,9,9,9,7,15,7,28,14,5,13
361074,0,1,1988,0,0,0,0,0,0,0,0,0,0
361074,1,1,1988,0,0,0,12,18,0,21,13,9,0
361075,1,1,1988,0,0,0,0,0,0,0,0,0,0
361075,2,1,1988,0,0,0,0,0,0,0,0,0,0
361076,1,1,1988,15,15,15,15,15,15,15,15,15,15
361077,1,1,1988,3,0,0,0,0,0,0,0,0,0
361077,2,1,1988,0,0,0,0,0,0,0,0,0,0
361077,3,1,1988,0,0,0,0,0,0,0,0,0,0
361078,1,1,1988,1,1,1,1,1,1,1,1,1,1
361079,0,1,1988,1,1,1,1,1,1,1,1,1,1
361079,1,1,1988,0,10,7,25,0,9,10,9,15,3
361080,1,1,1988,0,0,0,0,0,0,0,0,0,5
361081,1,1,1988,0,0,0,0,0,0,0,0,0,0
361082,1,1,1988,13,13,13,13,13,13,13,13,13,13
361083,1,1,1988,19,14,23,21,12,20,6,25,11,12
361084,1,1,1988,32,11,30,16,26,0,23,24,30,0
361085,1,1,1988,0,0,0,0,0,0,0,0,0,0
361085,2,1,1988,0,0,0,14,0,0,0,0,0,0
361086,1,1,1988,0,0,0,0,0,0,0,0,0,0
361087,1,1,1988,0,0,0,0,0,0,0,0,0,0
361087,2,1,1988,22,22,22,22,22,22,22,22,22,22
361088,1,1,1988,0,0,0,0,0,0,0,0,0,0
361089,1,1,1988,0,0,0,0,0,0,0,0,0,0
361090,1,1,1988,16,16,16,16,16,16,16,16,16,16
361091,1,1,1988,0,0,0,0,0,0,0,0,0,0
361091,2,1,1988,0,0,0,0,0,0,0,0,0,0
361092,1,1,1988,0,0,18,0,12,8,0,0,0,0
361093,1,1,1988,0,0,0,0,0,0,0,0,0,0
361093,2,1,1988,0,0,0,0,0,0,0,0,0,0
361094,1,1,1988,14,0,0,0,0,0,7,0,0,0
361094,2,1,1988,0,0,0,0,23,0,0,0,0,0
361096,0,1,1988,0,0,0,0,0,0,0,0,0,0
361096,1,1,1988,0,0,0,0,0,0,0,0,0,0
361097,1,1,1988,0,0,0,0,0,27,0,0,0,0
361098,1,1,1988,0,0,0,0,0,0,0,0,0,0
361098,2,1,1988,0,0,0,0,0,0,0,0,0,0
361099,1,1,1988,27,27,27,27,27,27,27,27,27,27
361100,1,1,1988,0,0,0,0,0,0,0,0,0,0
361100,2,1,1988,0,0,0,0,15,0,0,0,0,0
361101,0,1,1988,35,35,35,35,35,35,35,35,35,35
361101,1,1,1988,0,0,0,0,0,0,4,0,0,0
361102,1,1,1988,0,0,0,0,0,0,0,0,0,0
361102,2,1,1988,0,0,0,0,0,0,0,0,0,0
361103,0,1,1988,0,0,0,0,0,0,0,0,0,0
361103,1,1,1988,0,17,17,8,0,8,0,13,11,11
361104,1,1,1988,0,0,0,0,0,0,0,0,0,0
361104,2,1,1988,0,0,0,0,0,0,0,0,0,0
361105,1,1,1988,0,0,0,0,0,0,0,0,0,0
361106,1,1,1988,0,0,0,0,0,0,0,0,0,0
361107,0,1,1988,24,24,24,24,24,24,24,24,24,24
361107,1,1,1988,0,0,0,0,0,0,0,0,0,0
361108,0,1,1988,27,25,0,11,17,0,10,10,0,5
361108,1,1,1988,0,0,0,0,0,0,0,0,0,10
361109,1,1,1988,8,8,8,8,8,8,8,8,8,8
361110,1,1,1988,30,4,17,12,24,6,15,4,17,13
361111,1,1,1988,11,11,11,11,11,11,11,11,11,11
361111,2,1,1988,0,0,0,19,0,0,0,4,27,0
361112,1,1,1988,4,4,4,4,4,4,4,4,4,4
361113,1,1,1988,0,0,0,0,0,0,0,0,0,0
361113,2,1,1988,0,0,0,0,0,0,0,0,0,0
361114,1,1,1988,0,0,0,0,0,0,0,0,0,0
361114,2,1,1988,15,0,0,0,0,0,0,0,0,0
361115,1,1,1988,10,14,18,4,11,30,24,22,19,17
361116,1,1,1988,23,20,12,3,16,10,21,22,18,15
361117,1,1,1988,9,9,9,9,9,9,9,9,9,9
361118,0,1,1988,0,0,0,0,0,0,0,0,0,0
361118,1,1,1988,0,0,0,0,0,0,0,0,0,0
361119,1,1,1988,0,0,0,0,0,0,0,0,0,0
361120,1,1,1988,0,0,0,0,0,0,0,0,0,0
361121,1,1,1988,27,20,22,0,9,21,8,8,6,13
361122,0,1,1988,0,0,0,0,0,0,0,0,0,0
361122,1,1,1988,0,0,0,0,0,0,0,0,0,0
361123,1,1,1988,0,0,0,0,0,0,0,11,0,0
361123,2,1,1988,0,0,0,0,0,0,0,0,0,0
361124,1,1,1988,0,0,0,0,0,0,0,0,0,0
361124,2,1,1988,0,0,0,0,0,0,0,0,0,0
361125,0,1,1988,0,0,0,0,0,0,0,0,0,0
361125,1,1,1988,0,0,0,0,0,0,0,0,0,0
361126,1,1,1988,0,0,0,0,0,0,0,0,0,0
361127,1,1,1988,21,21,21,21,21,21,21,21,21,21
361128,1,1,1988,2,2,2,2,2,2,2,2,2,2
361129,1,1,1988,0,23,0,0,0,0,9,0,0,0
361129,2,1,1988,21,21,21,21,21,21,21,21,21,21
361130,1,1,1988,0,0,0,0,0,0,0,0,0,0
361130,2,1,1988,0,0,0,0,0,0,0,0,0,0
361131,1,1,1988,0,0,0,0,0,0,0,8,0,0
361131,2,1,1988,22,22,22,22,22,22,22,22,22,22
361132,1,1,1988,14,14,14,14,14,14,14,14,14,14
361132,2,1,1988,33,33,33,33,33,33,33,33,33,33
361133,1,1,1988,0,0,0,0,0,0,0,0,0,0
361134,1,1,1988,1,1,1,1,1,1,1,1,1,1
361135,1,1,1988,0,0,0,0,0,0,0,0,0,0
361135,2,1,1988,0,0,0,0,0,0,0,0,0,0
361136,0,1,1988,8,8,8,8,8,8,8,8,8,8
361136,1,1,1988,0,0,0,0,0,0,0,0,0,0
361137,0,1,1988,0,0,0,0,0,0,0,0,0,0
361137,1,1,1988,0,0,0,0,0,0,0,0,0,0
361138,1,1,1988,0,0,0,0,0,0,0,0,0,0
361138,2,1,1988,0,0,0,0,0,0,0,0,0,0
361139,1,1,1988,28,28,28,28,28,28,28,28,28,28
361140,0,1,1988,0,0,0,0,0,0,0,0,0,0
361140,1,1,1988,0,0,9,0,0,0,0,0,0,0
361141,1,1,1988,0,0,0,0,0,0,0,0,0,0
361141,2,1,1988,0,0,0,0,0,0,0,0,0,0
361142,1,1,1988,9,0,9,5,5,14,15,0,0,4
361143,1,1,1988,0,0,0,0,0,0,0,0,0,0
361143,2,1,1988,0,0,0,0,0,0,0,0,0,0
361144,0,1,1988,0,0,0,0,0,0,0,0,0,0
361144,1,1,1988,3,0,0,0,16,14,28,6,21,0
361145,1,1,1988,0,0,0,0,0,0,0,0,0,0
361145,2,1,1988,0,0,0,0,0,0,8,0,0,11
361146,1,1,1988,0,0,0,0,0,0,0,0,0,0
361147,1,1,1988,0,14,0,0,0,0,0,0,0,0
361147,2,1,1988,0,0,0,0,0,0,0,0,0,0
361148,1,1,1988,0,0,0,0,0,0,0,0,0,24
361148,2,1,1988,0,0,0,0,0,0,0,0,0,0
361149,1,1,1988,0,0,0,0,0,0,0,0,0,0
361149,2,1,1988,0,0,0,0,0,0,0,0,0,0
361150,1,1,1988,23,23,23,23,23,23,23,23,23,23
361151,1,1,1988,0,0,0,0,0,0,0,0,0,0
361151,2,1,1988,0,0,0,0,0,0,0,0,0,3
361152,1,1,1988,0,0,0,0,0,8,0,0,0,0
361153,1,1,1988,0,0,0,0,0,0,0,0,0,0
361153,2,1,1988,25,25,25,25,25,25,25,25,25,25
361154,1,1,1988,19,19,19,19,19,19,19,19,19,19
361155,1,1,1988,0,0,0,0,0,0,0,0,0,0
361155,2,1,1988,0,0,0,0,0,0,0,0,0,0
361156,1,1,1988,5,0,0,0,0,0,0,0,0,0
361156,2,1,1988,0,0,0,0,0,0,0,0,0,0
361157,1,1,1988,0,0,0,0,0,0,0,0,0,0
361157,2,1,1988,0,0,0,0,0,0,0,0,0,0
361157,3,1,1988,0,0,0,0,0,0,0,0,0,0
361158,1,1,1988,22,22,22,22,22,22,22,22,22,22
361159,1,1,1988,0,0,0,0,0,0,0,0,0,0
361160,1,1,1988,24,0,0,0,0,17,0,0,0,0
361161,0,1,1988,0,0,0,0,0,0,0,0,0,0
361161,1,1,1988,0,0,0,0,0,0,0,0,0,0
361162,0,1,1988,0,0,0,0,0,0,0,0,0,0
361162,1,1,1988,0,0,0,0,0,0,0,0,0,0
361163,1,1,1988,0,0,0,0,0,0,0,0,0,0
361163,2,1,1988,0,0,0,0,0,0,0,0,0,0
361164,1,1,1988,0,0,0,0,0,21,11,24,0,0
361165,1,1,1988,13,16,13,22,13,10,16,16,20,12
361166,1,1,1988,0,0,0,0,0,0,0,0,0,0
361167,0,1,1988,0,0,0,0,0,0,0,0,0,0
361167,1,1,1988,0,0,0,0,0,0,0,0,0,0
361168,1,1,1988,38,38,38,38,38,38,38,38,38,38
361169,1,1,1988,0,0,0,0,0,0,0,0,0,0
361169,2,1,1988,0,0,0,0,0,0,0,0,0,0
361169,3,1,1988,0,0,0,0,0,0,0,0,0,0
361170,0,1,1988,4,0,47,0,0,17,0,0,0,0
361170,0,2,1988,0,0,0,0,0,0,0,0,0,0
361170,0,3,1988,0,15,0,0,0,15,0,19,4,12
361170,1,1,1988,0,0,12,0,0,6,0,31,0,0
361171,1,1,1988,0,0,0,0,0,0,0,0,0,12
361171,2,1,1988,0,0,0,0,0,0,0,0,0,0
361172,1,1,1988,22,22,22,22,22,22,22,22,22,22
361173,1,1,1988,0,0,0,0,0,0,0,0,0,14
361173,2,1,1988,0,0,0,0,0,0,0,0,0,0
361174,1,1,1988,0,0,0,0,0,0,0,13,4,0
361174,2,1,1988,0,0,18,0,0,0,0,0,0,0
361175,0,1,1988,0,0,0,0,0,0,0,0,0,0
361175,1,1,1988,0,0,0,0,0,0,0,0,0,0
361176,1,1,1988,9,0,0,0,0,0,0,17,0,18
361177,0,1,1988,0,0,0,0,0,0,0,0,0,0
361177,1,1,1988,0,14,0,0,0,0,0,0,0,0
361178,0,1,1988,0,0,0,0,0,0,0,0,0,0
361178,1,1,1988,0,2,6,0,0,3,0,0,0,0
361178,2,1,1988,0,0,0,0,0,0,0,0,0,0
361179,1,1,1988,0,0,0,0,0,0,0,0,0,24
361180,1,1,1988,0,0,0,0,0,0,0,0,0,0
361181,1,1,1988,0,0,0,0,0,0,0,0,0,0
361182,1,1,1988,0,0,0,0,0,0,0,0,0,0
361182,2,1,1988,0,0,0,0,0,0,0,0,0,0
361183,1,1,1988,23,23,23,23,23,23,23,23,23,23
361184,1,1,1988,0,0,0,0,0,0,0,0,19,0
361184,2,1,1988,0,0,0,0,0,0,0,0,0,0
361185,1,1,1988,0,0,0,0,0,0,0,0,0,0
361185,2,1,1988,0,0,0,0,0,0,0,0,0,0
361186,1,1,1988,0,0,0,0,0,0,0,0,0,0
361186,2,1,1988,10,10,10,10,10,10,10,10,10,10
361187,1,1,1988,0,0,0,0,0,0,0,0,0,0
361188,0,1,1988,0,0,0,0,0,0,0,0,0,0
361188,1,1,1988,0,0,0,0,0,0,0,0,0,0
361189,1,1,1988,17,17,17,17,17,17,17,17,17,17
361190,1,1,1988,0,0,0,0,0,0,0,0,0,0
361190,2,1,1988,0,0,0,0,0,0,0,0,0,0
361191,0,1,1988,0,0,0,0,0,0,0,0,0,0
361191,1,1,1988,0,0,0,0,0,0,0,0,0,0
361192,1,1,1988,0,0,0,0,0,0,0,0,0,0
361193,1,1,1988,16,16,16,16,16,16,16,16,16,16
361193,2,1,1988,0,0,0,0,0,0,0,0,0,0
361194,1,1,1988,16,16,16,16,16,16,16,16,16,16
361195,1,1,1988,0,0,0,0,0,0,0,0,0,0
361196,1,1,1988,0,0,0,0,0,0,0,0,0,0
361197,1,1,1988,13,13,13,13,13,13,13,13,13,13
361198,1,1,1988,1,1,1,1,1,1,1,1,1,1
361199,0,1,1988,0,0,0,0,0,0,0,0,0,0
361199,1,1,1988,7,17,6,9,5,8,9,20,13,17
361200,1,1,1988,25,25,25,25,25,25,25,25,25,25
361201,1,1,1988,0,0,0,0,0,0,0,0,0,0
361201,2,1,1988,0,19,10,27,26,0,18,29,19,10
361202,0,1,1988,0,0,0,0,0,0,0,0,0,0
361202,1,1,1988,0,0,0,0,0,15,0,0,0,0
361203,0,1,1988,0,0,0,0,0,0,0,0,0,0
361203,1,1,1988,17,0,0,0,0,0,0,0,0,0
361204,1,1,1988,0,0,0,0,0,0,0,0,0,0
361204,2,1,1988,0,0,0,15,0,0,0,0,0,0
361204,3,1,1988,0,0,0,0,0,0,0,0,0,0
361204,4,1,1988,0,11,0,0,0,0,0,0,0,0
361205,1,1,1988,0,0,0,0,0,0,0,0,0,0
361205,2,1,1988,0,0,0,0,0,0,0,0,0,0
361206,1,1,1988,0,0,0,0,0,0,0,0,0,0
361206,2,1,1988,0,0,0,0,0,0,0,0,0,0
361207,1,1,1988,0,0,0,0,0,0,0,0,0,0
361208,0,1,1988,0,0,14,22,0,0,0,0,0,0
361208,1,1,1988,0,0,0,0,0,0,0,0,0,0
361209,1,1,1988,0,0,0,0,0,0,0,8,0,0
361209,2,1,1988,0,0,0,0,9,0,0,0,0,0
361210,1,1,1988,0,0,0,0,0,0,0,0,0,0
361210,2,1,1988,0,0,0,0,0,0,0,0,0,7
361210,3,1,1988,19,19,19,19,19,19,19,19,19,19
361211,0,1,1988,0,0,0,0,0,0,0,0,0,0
361211,1,1,1988,0,13,0,0,0,0,0,0,0,0
361212,0,1,1988,0,0,0,0,0,0,0,0,0,0
361212,0,2,1988,0,0,0,0,0,0,0,0,0,0
361212,1,1,1988,0,0,0,0,0,0,0,0,0,0
361213,1,1,1988,13,13,13,13,13,13,13,13,13,13
361213,2,1,1988,0,0,0,0,0,0,0,0,0,6
361214,0,1,1988,0,0,0,0,22,0,0,0,0,0
361214,1,1,1988,0,2,0,0,0,0,0,0,0,0
361215,0,1,1988,0,0,0,0,0,0,0,0,0,0
361215,1,1,1988,0,0,0,0,0,0,0,0,0,0
361216,1,1,1988,0,0,0,0,0,0,0,0,0,0
361216,2,1,1988,0,0,0,0,0,0,0,0,0,0
361217,1,1,1988,0,8,15,0,8,0,0,0,14,16
361217,2,1,1988,0,0,0,0,0,0,10,0,0,0
361218,0,1,1988,0,0,0,0,0,0,0,0,0,0
361218,1,1,1988,0,0,0,0,0,0,0,0,0,0
361219,0,1,1988,0,0,0,0,0,0,0,0,0,0
361219,0,2,1988,0,0,0,0,0,0,0,0,0,0
361219,1,1,1988,0,0,0,0,0,0,0,0,0,0
361220,0,1,1988,0,0,0,0,0,0,0,0,0,0
361220,1,1,1988,0,0,0,0,0,0,0,0,0,0
361220,2,1,1988,0,0,0,0,0,0,0,0,0,0