ST_CASE,VEH_NO,PER_NO,YEAR,P1,P2,P3,P4,P5,P6,P7,P8,P9,P10
361220,3,1,1988,0,19,0,12,0,0,0,18,3,0
361220,4,1,1988,0,0,0,0,0,17,0,0,0,0
361221,0,1,1988,0,0,0,0,0,0,0,0,0,0
361221,1,1,1988,0,0,0,0,0,0,0,0,0,0
361222,0,1,1988,0,0,0,0,0,0,0,0,0,0
361222,1,1,1988,0,0,0,11,0,0,0,0,0,0
361223,1,1,1988,0,0,3,0,0,0,0,0,0,0
361223,2,1,1988,0,17,0,0,0,0,0,0,0,0
361224,0,1,1988,5,5,5,5,5,5,5,5,5,5
361224,1,1,1988,0,0,16,0,0,0,0,0,0,0
361225,0,1,1988,0,0,0,0,0,0,0,0,0,0
361225,1,1,1988,0,0,0,0,0,0,0,0,0,0
361226,0,1,1988,0,0,0,0,0,0,0,0,0,0
361226,1,1,1988,5,9,13,25,12,13,25,16,11,6
361226,2,1,1988,0,0,0,0,0,0,0,0,0,0
361227,1,1,1988,0,0,0,0,0,0,0,0,0,0
361227,2,1,1988,0,16,0,0,13,0,0,12,0,0
361228,0,1,1988,0,0,0,0,0,0,0,0,0,0
361228,1,1,1988,12,23,0,20,0,5,0,5,22,21
361228,2,1,1988,0,0,0,0,0,0,0,0,0,0
361229,0,1,1988,0,0,0,0,0,0,0,0,0,0
361229,1,1,1988,0,0,0,0,0,0,0,0,0,0
361230,1,1,1988,21,0,0,29,0,0,15,10,0,0
361230,2,1,1988,0,0,0,0,0,0,0,0,0,0
361231,0,1,1988,4,4,4,4,4,4,4,4,4,4
361231,1,1,1988,0,19,8,0,7,10,0,11,0,0
361231,2,1,1988,3,12,0,10,5,0,0,0,0,0
361232,1,1,1988,0,13,24,11,5,19,32,15,8,12
361232,2,1,1988,0,0,0,0,0,0,0,0,0,0
361233,1,1,1988,0,0,0,0,0,0,0,0,0,0
361233,2,1,1988,0,0,0,0,0,0,0,0,0,0
361234,1,1,1988,0,0,0,0,0,0,0,0,0,0
361234,2,1,1988,0,0,0,0,0,0,0,0,0,0
361235,1,1,1988,0,0,0,0,0,0,0,0,0,0
361235,2,1,1988,14,7,11,4,27,15,0,11,13,10
361236,0,1,1988,0,0,0,0,0,0,0,0,0,0
361236,1,1,1988,3,3,9,1,13,9,19,12,8,15
361237,0,1,1988,0,0,0,0,0,0,0,0,0,0
361237,1,1,1988,0,0,0,0,0,0,0,0,0,0
361238,2,1,1988,6,6,6,6,6,6,6,6,6,6
361239,0,1,1988,0,0,0,0,0,0,0,0,0,0
361239,1,1,1988,0,0,0,0,0,0,0,0,0,0
361240,0,1,1988,0,0,0,0,0,0,0,0,0,0
361240,1,1,1988,0,0,0,0,0,0,0,0,0,0
361241,0,1,1988,0,0,0,0,0,0,0,0,0,0
361241,1,1,1988,7,0,7,13,10,13,0,10,14,0
361242,1,1,1988,0,0,13,0,0,0,12,0,19,0
361243,1,1,1988,0,0,0,0,0,0,0,0,0,0
361244,1,1,1988,0,0,0,0,0,0,0,0,0,0
361244,2,1,1988,0,0,0,0,0,0,0,0,0,0
361245,1,1,1988,11,11,11,11,11,11,11,11,11,11
361245,2,1,1988,27,18,0,16,11,16,8,0,13,0
361245,3,1,1988,0,0,0,0,0,0,0,0,0,0
361246,1,1,1988,0,0,0,0,0,0,0,0,0,0
361247,1,1,1988,0,0,12,1,0,0,0,0,0,0
361247,2,1,1988,5,5,5,5,5,5,5,5,5,5
361248,1,1,1988,0,0,0,0,0,0,0,0,0,0
361249,1,1,1988,5,0,0,0,0,0,0,0,0,0
361249,2,1,1988,0,0,0,0,0,0,0,0,0,0
361250,0,1,1988,0,0,0,0,0,0,0,0,0,0
361250,1,1,1988,0,0,0,0,0,0,0,0,0,0
361251,1,1,1988,0,0,0,0,0,0,0,0,0,0
361251,2,1,1988,0,0,0,0,0,0,0,0,0,0
361252,0,1,1988,0,24,37,0,14,0,20,0,0,31
361252,1,1,1988,23,0,23,0,0,3,0,0,0,0
361253,0,1,1988,46,46,46,46,46,46,46,46,46,46
361253,1,1,1988,0,0,0,0,0,11,0,16,0,0
361254,0,1,1988,0,0,0,0,0,0,0,0,0,0
361254,1,1,1988,0,0,0,0,0,0,0,0,0,0
361255,0,1,1988,0,0,0,0,0,0,0,0,0,0
361255,1,1,1988,0,0,0,0,0,0,0,0,0,0
361257,1,1,1988,0,0,0,14,0,0,0,0,0,0
361258,1,1,1988,0,0,0,0,0,0,0,19,0,0
361259,0,1,1988,0,0,0,0,0,0,0,0,0,0
361259,0,2,1988,0,0,0,0,0,0,0,0,0,0
361259,1,1,1988,0,0,21,0,27,13,0,0,0,0
361260,0,1,1988,0,0,0,0,0,0,0,0,0,0
361260,1,1,1988,11,0,22,0,0,0,0,0,0,0
361261,1,1,1988,0,0,0,0,0,0,0,0,0,0
361262,1,1,1988,0,0,0,0,0,0,0,0,0,0
361262,2,1,1988,0,0,0,0,0,0,0,0,0,0
361263,0,1,1988,0,0,0,0,0,0,0,0,0,0
361263,0,2,1988,0,0,0,0,0,0,0,0,0,0
361263,1,1,1988,7,8,14,9,12,0,0,0,19,8
361264,0,1,1988,0,0,0,0,0,0,0,0,0,0
361264,1,1,1988,0,0,0,0,0,0,0,0,0,0
361265,0,1,1988,0,0,0,0,0,0,0,0,0,0
361265,1,1,1988,0,9,0,5,8,8,22,5,9,3
361266,1,1,1988,0,0,0,0,0,0,0,0,0,19
361266,2,1,1988,0,0,0,0,0,0,0,0,0,0
361267,0,1,1988,0,0,0,0,0,0,0,0,0,0
361267,1,1,1988,0,0,0,0,18,8,22,0,0,0
361268,0,1,1988,0,0,0,0,0,0,0,0,0,0
361268,1,1,1988,0,0,0,0,0,0,0,0,0,0
361269,0,1,1988,0,0,0,0,0,0,0,0,0,0
361269,1,1,1988,0,0,0,0,0,0,0,0,0,0
361270,1,1,1988,15,15,15,15,15,15,15,15,15,15
361271,1,1,1988,15,14,8,19,0,0,0,0,15,0
361272,1,1,1988,20,20,20,20,20,20,20,20,20,20
361273,0,1,1988,40,40,40,40,40,40,40,40,40,40
361273,1,1,1988,0,0,0,0,0,0,0,0,0,0
361273,2,1,1988,7,16,0,0,14,0,4,20,0,0
361274,1,1,1988,0,0,0,0,0,0,0,0,0,0
361274,2,1,1988,0,0,0,0,0,0,0,0,0,0
361275,1,1,1988,0,3,0,0,0,0,0,0,0,0
361275,2,1,1988,0,0,0,0,0,0,0,0,0,0
361276,0,1,1988,0,0,0,0,0,0,0,0,0,0
361276,1,1,1988,0,0,0,0,24,0,0,0,0,0
361277,0,1,1988,26,26,26,26,26,26,26,26,26,26
361277,1,1,1988,0,0,0,0,10,0,0,0,0,0
361278,1,1,1988,21,15,27,0,18,45,0,0,23,20
361279,1,1,1988,0,0,0,0,0,0,0,0,0,0
361279,2,1,1988,0,0,0,0,0,0,0,0,0,0
361280,0,1,1988,0,0,0,0,0,0,0,0,0,0
361280,1,1,1988,0,0,0,0,0,0,0,0,8,0
361281,1,1,1988,4,4,4,4,4,4,4,4,4,4
361281,2,1,1988,0,0,0,0,0,0,0,0,0,0
361282,0,1,1988,0,0,0,0,0,0,0,0,0,0
361282,1,1,1988,0,0,0,0,0,0,0,0,0,0
361283,1,1,1988,0,0,0,0,0,0,0,0,0,0
361283,2,1,1988,0,0,0,0,0,0,0,0,0,0
361284,1,1,1988,0,0,0,0,0,0,0,0,0,0
361284,2,1,1988,0,0,0,0,0,0,0,0,0,0
361285,0,1,1988,0,0,0,0,0,0,0,0,0,0
361285,1,1,1988,0,0,0,0,0,0,0,0,0,0
361286,1,1,1988,0,0,0,0,0,3,0,0,0,0
361287,0,1,1988,0,0,0,0,0,0,0,0,0,0
361287,1,1,1988,0,0,0,0,0,0,0,0,0,0
361288,1,1,1988,19,19,19,19,19,19,19,19,19,19
361289,1,1,1988,0,0,0,0,0,0,0,0,0,0
361289,2,1,1988,0,0,0,0,0,0,0,0,0,0
361290,1,1,1988,0,0,0,0,0,0,0,0,0,0
361291,1,1,1988,0,0,0,0,0,6,0,0,0,0
361291,2,1,1988,24,24,24,24,24,24,24,24,24,24
361292,1,1,1988,13,20,15,12,21,28,25,26,26,28
361293,1,1,1988,0,0,0,0,0,0,0,0,0,0
361293,2,1,1988,20,20,20,20,20,20,20,20,20,20
361294,1,1,1988,0,0,0,0,0,0,0,0,0,0
361294,2,1,1988,0,0,10,11,17,7,18,8,25,11
361295,1,1,1988,0,0,0,0,0,0,0,0,0,0
361296,0,1,1988,0,0,0,0,0,0,0,0,0,0
361296,1,1,1988,0,0,0,0,0,0,0,0,0,0
361297,1,1,1988,8,8,8,8,8,8,8,8,8,8
361297,2,1,1988,0,0,0,0,0,0,0,0,0,0
361298,1,1,1988,0,0,0,0,0,0,0,7,0,0
361298,2,1,1988,0,0,0,0,0,0,0,0,0,0
361298,3,1,1988,0,0,0,0,0,0,0,0,0,0
361299,0,1,1988,21,21,21,21,21,21,21,21,21,21
361299,1,1,1988,0,0,0,0,0,0,0,0,0,0
361300,2,1,1988,0,0,0,0,0,0,0,0,0,0
361301,1,1,1988,22,24,12,15,16,24,17,11,20,18
361301,2,1,1988,0,0,0,0,0,0,0,0,0,0
361301,3,1,1988,0,0,0,0,0,0,0,0,0,16
361302,0,1,1988,0,0,0,0,0,0,0,0,0,0
361302,1,1,1988,0,0,0,0,0,0,0,0,0,0
361303,1,1,1988,12,12,12,12,12,12,12,12,12,12
361304,1,1,1988,15,32,22,8,21,11,11,16,12,21
361305,1,1,1988,4,4,4,4,4,4,4,4,4,4
361306,1,1,1988,0,0,0,0,0,0,0,0,0,0
361306,2,1,1988,0,0,0,0,0,0,0,0,0,0
361307,1,1,1988,9,4,5,21,29,7,13,2,8,25
361308,1,1,1988,0,0,0,0,0,0,0,0,0,0
361309,1,1,1988,28,28,28,28,28,28,28,28,28,28
361310,1,1,1988,0,0,0,0,0,0,0,0,0,0
361310,2,1,1988,0,0,0,0,0,0,0,0,0,22
361311,1,1,1988,0,0,0,0,0,0,0,0,0,0
361311,2,1,1988,0,0,0,0,0,0,0,0,0,0
361312,1,1,1988,0,0,0,0,0,0,0,0,0,0
361312,2,1,1988,0,0,0,0,0,0,0,0,0,0
361313,1,1,1988,20,20,20,20,20,20,20,20,20,20
361314,1,1,1988,20,20,20,20,20,20,20,20,20,20
361315,1,1,1988,0,0,0,0,0,0,0,0,0,0
361315,2,1,1988,0,0,0,0,0,0,0,0,0,0
361316,0,1,1988,0,0,0,0,0,0,0,0,0,0
361316,1,1,1988,0,0,0,0,0,0,0,0,0,0
361317,1,1,1988,17,27,18,28,4,4,22,12,18,11
361318,0,1,1988,0,0,0,0,0,0,0,0,0,0
361318,1,1,1988,0,0,0,0,0,0,0,0,0,0
361319,1,1,1988,0,0,0,0,0,0,0,0,0,0
361320,1,1,1988,0,0,13,0,0,0,0,0,0,0
361320,2,1,1988,0,0,0,0,0,0,0,0,0,0
361321,1,1,1988,0,0,0,0,0,0,0,0,0,0
361321,2,1,1988,0,0,0,0,0,0,0,0,21,0
361322,1,1,1988,0,0,0,0,0,0,0,0,0,0
361322,2,1,1988,0,0,0,0,0,0,0,0,0,0
361322,3,1,1988,11,11,11,11,11,11,11,11,11,11
361323,1,1,1988,0,0,0,0,0,0,0,0,0,0
361323,2,1,1988,0,0,0,0,0,0,0,0,0,0
361324,1,1,1988,16,0,13,12,0,14,17,28,0,0
361325,0,1,1988,0,0,0,0,0,0,0,0,0,0
361325,1,1,1988,7,15,25,13,6,8,14,18,10,4
361326,1,1,1988,4,0,0,0,0,0,0,0,0,0
361326,2,1,1988,0,0,0,0,0,0,0,0,0,0
361327,1,1,1988,16,16,16,16,16,16,16,16,16,16
361328,1,1,1988,0,0,0,0,0,0,0,0,0,0
361329,1,1,1988,0,15,0,23,9,9,38,0,17,29
361330,1,1,1988,0,0,0,0,0,0,0,0,0,0
361331,1,1,1988,0,0,0,0,18,0,0,0,0,0
361331,2,1,1988,0,0,0,0,0,0,0,0,0,0
361332,1,1,1988,13,13,13,13,13,13,13,13,13,13
361332,2,1,1988,0,0,0,0,0,0,0,0,0,0
361332,3,1,1988,0,0,0,0,0,0,0,0,0,0
361333,1,1,1988,21,12,13,19,7,33,15,30,33,17
361334,1,1,1988,11,11,11,11,11,11,11,11,11,11
361334,2,1,1988,0,0,0,0,0,0,0,0,0,0
361335,1,1,1988,30,0,0,34,0,0,0,0,0,26
361335,2,1,1988,0,0,0,0,0,0,0,0,9,0
361336,1,1,1988,0,0,0,0,0,0,0,0,0,0
361336,2,1,1988,0,0,0,0,0,0,0,0,0,0
361337,0,1,1988,0,0,0,0,0,0,0,0,0,0
361337,1,1,1988,10,8,11,22,13,3,8,7,14,15
361338,1,1,1988,0,0,0,0,0,0,0,0,0,0
361338,2,1,1988,24,24,24,24,24,24,24,24,24,24
361339,1,1,1988,19,19,19,19,19,19,19,19,19,19
361340,1,1,1988,0,0,0,0,0,0,0,0,0,0
361340,2,1,1988,0,0,0,0,0,0,0,0,0,0
361341,1,1,1988,16,24,29,16,9,10,0,16,26,0
361341,2,1,1988,0,0,0,0,0,0,13,0,0,0
361341,3,1,1988,0,0,0,0,0,0,0,0,0,0
361342,1,1,1988,17,17,17,17,17,17,17,17,17,17
361343,0,1,1988,27,27,27,27,27,27,27,27,27,27
361343,1,1,1988,0,0,0,0,0,0,0,0,0,0
361344,1,1,1988,8,8,8,8,8,8,8,8,8,8
361345,1,1,1988,0,0,0,0,0,0,0,0,0,0
361345,2,1,1988,0,0,16,0,0,0,19,0,0,0
361346,1,1,1988,4,4,4,4,4,4,4,4,4,4
361347,1,1,1988,9,9,9,9,9,9,9,9,9,9
361348,1,1,1988,0,15,24,23,25,14,0,24,14,21
361349,1,1,1988,0,0,0,0,0,0,0,0,0,0
361349,2,1,1988,0,0,0,0,0,0,0,0,0,0
361350,1,1,1988,13,13,13,13,13,13,13,13,13,13
361350,2,1,1988,0,0,0,0,0,0,0,15,0,0
361351,1,1,1988,31,31,31,31,31,31,31,31,31,31
361352,1,1,1988,0,0,0,0,0,0,0,0,0,0
361352,2,1,1988,0,0,0,0,0,0,0,0,0,0
361353,0,1,1988,0,0,0,0,0,0,0,0,0,0
361353,1,1,1988,0,0,0,0,0,0,0,0,0,0
361354,1,1,1988,0,0,0,0,0,0,0,0,0,0
361357,0,1,1988,7,7,7,7,7,7,7,7,7,7
361357,1,1,1988,0,0,0,0,0,0,0,0,0,0
361358,1,1,1988,0,0,0,0,0,0,0,0,0,0
361358,2,1,1988,24,13,17,22,12,20,10,0,12,13
361359,0,1,1988,0,0,0,0,0,0,0,0,0,0
361359,1,1,1988,0,0,0,0,0,0,0,0,0,0
361360,0,1,1988,0,0,22,7,11,0,0,0,16,0
361360,1,1,1988,0,0,0,0,0,0,0,0,0,0
361361,1,1,1988,8,0,0,0,0,0,0,0,0,0
361361,2,1,1988,0,0,0,0,0,0,0,0,0,0
361362,0,1,1988,0,0,0,0,0,0,0,0,0,0
361362,1,1,1988,0,0,0,0,0,0,0,0,0,0
361363,0,1,1988,0,0,0,0,0,0,0,0,0,0
361363,1,1,1988,0,0,0,0,0,0,0,0,0,15
361363,2,1,1988,0,0,0,0,0,0,0,0,0,0
361364,0,1,1988,0,0,0,0,0,0,0,0,0,0
361364,1,1,1988,0,0,0,0,0,0,0,0,0,0
361365,1,1,1988,0,0,0,0,0,0,0,0,0,0
361366,1,1,1988,0,0,0,0,0,0,0,0,0,0
361366,2,1,1988,0,0,0,0,0,0,0,0,0,0
361366,3,1,1988,0,0,0,0,0,0,0,12,0,3
361368,0,1,1988,0,0,0,0,0,0,0,0,0,0
361368,1,1,1988,0,0,0,0,0,0,0,0,0,0
361369,1,1,1988,0,0,0,0,0,0,0,0,0,15
361370,1,1,1988,0,0,0,0,0,0,0,0,0,0
361370,2,1,1988,0,0,0,0,0,0,0,0,0,0
361371,1,1,1988,1,1,1,1,1,1,1,1,1,1
361371,2,1,1988,0,0,0,0,0,0,0,0,0,0
361372,1,1,1988,21,21,21,21,21,21,21,21,21,21
361373,1,1,1988,12,12,12,12,12,12,12,12,12,12
361374,0,1,1988,18,18,18,18,18,18,18,18,18,18
361374,1,1,1988,0,19,17,13,0,44,19,0,18,18
361375,1,1,1988,0,0,0,0,0,0,0,0,0,0
361376,0,1,1988,0,0,0,0,0,0,0,0,0,0
361376,1,1,1988,0,0,0,0,0,0,0,12,0,0
361377,1,1,1988,11,11,11,11,11,11,11,11,11,11
361378,1,1,1988,14,14,14,14,14,14,14,14,14,14
361379,1,1,1988,22,22,22,22,22,22,22,22,22,22
361380,1,1,1988,0,0,0,0,0,0,0,0,0,0
361380,2,1,1988,0,0,0,0,0,0,0,0,0,0
361381,1,1,1988,0,0,0,0,0,0,0,0,0,0
361382,1,1,1988,18,18,13,16,12,4,9,8,13,13
361382,2,1,1988,0,0,0,0,0,0,0,0,0,0
361383,1,1,1988,0,0,0,0,0,0,0,0,0,0
361383,2,1,1988,0,0,0,0,0,0,0,0,0,0
361384,1,1,1988,0,0,0,0,0,0,0,0,0,0
361384,2,1,1988,0,0,0,0,0,0,0,0,0,0
361384,3,1,1988,0,0,0,0,0,0,0,0,0,0
361385,1,1,1988,0,0,0,0,0,0,0,0,0,0
361385,2,1,1988,23,23,23,23,23,23,23,23,23,23
361386,1,1,1988,0,0,0,0,0,0,0,0,0,0
361386,2,1,1988,0,0,0,0,0,0,0,0,0,0
361387,0,1,1988,0,0,0,0,0,0,0,0,0,0
361387,1,1,1988,0,0,0,0,0,0,0,0,0,0
361388,1,1,1988,0,0,0,0,0,0,0,0,0,0
361389,1,1,1988,0,0,0,0,0,0,0,0,0,0
361390,0,1,1988,0,0,0,0,0,0,0,0,0,0
361390,1,1,1988,12,9,33,13,14,16,6,6,18,9
361391,0,1,1988,0,0,0,0,0,0,0,0,0,0
361391,1,1,1988,0,0,0,0,0,0,0,0,0,0
361392,1,1,1988,0,0,0,0,0,0,0,0,0,0
361392,2,1,1988,0,0,0,0,0,0,0,0,0,4
361393,1,1,1988,0,0,0,0,0,0,0,0,0,0
361394,1,1,1988,14,14,14,14,14,14,14,14,14,14
361395,1,1,1988,0,32,21,22,0,13,19,0,0,11
361396,0,1,1988,0,0,0,0,0,0,0,0,0,0
361396,1,1,1988,0,0,0,0,0,0,0,0,0,0
361397,0,1,1988,0,0,0,0,0,0,0,0,0,0
361397,1,1,1988,0,0,0,0,0,0,0,0,0,0
361398,1,1,1988,12,0,0,0,0,0,21,0,0,0
361399,0,1,1988,0,0,0,0,0,0,0,0,0,0
361399,1,1,1988,0,0,12,0,0,0,17,2,0,0
361400,1,1,1988,0,0,0,0,0,0,0,0,0,0
361400,2,1,1988,0,0,0,0,0,0,0,0,0,0
361401,1,1,1988,0,0,0,0,0,0,0,0,0,0
361403,1,1,1988,0,0,0,0,0,0,0,0,0,0
361403,2,1,1988,0,0,0,0,0,0,0,0,0,0
361404,1,1,1988,0,0,11,11,0,25,0,37,0,0
361404,2,1,1988,11,12,22,16,6,17,0,6,14,16
361404,3,1,1988,0,0,0,0,0,0,0,0,0,0
361405,1,1,1988,0,0,0,3,0,0,0,0,0,0
361405,2,1,1988,0,0,0,0,0,0,0,0,0,0
361406,1,1,1988,11,11,11,11,11,11,11,11,11,11
361407,2,1,1988,0,0,0,0,0,0,0,0,0,0
361408,0,1,1988,0,0,0,0,0,0,0,0,0,0
361408,1,1,1988,0,0,0,0,0,0,0,0,0,0
361409,0,1,1988,0,0,0,0,0,0,0,0,0,0
361409,1,1,1988,0,0,0,0,0,0,0,0,0,0
361409,2,1,1988,0,0,0,0,0,0,0,0,0,0
361409,3,1,1988,8,0,0,0,0,0,0,0,0,0
361410,1,1,1988,0,0,0,0,0,0,0,0,0,0
361411,0,1,1988,11,11,11,11,11,11,11,11,11,11
361411,1,1,1988,16,21,22,14,0,20,20,13,9,0
361412,0,1,1988,1,1,1,1,1,1,1,1,1,1
361412,1,1,1988,0,0,0,23,9,0,0,10,15,0
361413,1,1,1988,17,17,17,17,17,17,17,17,17,17
361414,1,1,1988,9,16,5,13,4,14,16,0,0,9
361415,1,1,1988,0,0,0,0,0,0,0,0,0,0
361415,2,1,1988,0,0,0,0,0,0,0,0,0,0
361415,3,1,1988,0,0,0,0,0,0,0,0,0,0
361416,0,1,1988,0,0,0,0,0,0,0,0,0,0
361416,1,1,1988,0,0,0,0,0,0,0,0,0,0
361418,1,1,1988,0,0,0,0,0,0,0,0,0,0
361419,0,1,1988,0,0,0,0,0,0,0,0,0,0
361419,0,2,1988,0,0,0,0,0,0,0,0,0,0
361419,1,1,1988,0,0,0,0,0,0,0,0,0,0
361420,1,1,1988,0,0,0,0,0,0,0,0,0,0
361421,1,1,1988,0,0,0,0,0,0,0,0,0,0
361421,2,1,1988,0,0,0,0,0,0,0,0,0,0
361422,1,1,1988,1,1,1,1,1,1,1,1,1,1
361422,2,1,1988,40,0,0,0,0,0,0,0,0,0
361423,0,1,1988,0,0,0,0,0,0,0,0,0,0
361423,1,1,1988,0,0,0,0,0,0,7,0,0,0
361424,1,1,1988,0,0,0,0,0,0,0,0,0,0
361424,2,1,1988,0,0,0,0,0,0,0,0,0,0
361425,0,1,1988,0,0,0,0,0,0,0,0,0,0
361425,1,1,1988,0,0,0,0,0,0,0,0,18,0
361426,1,1,1988,0,0,0,0,0,0,0,0,0,0
361427,0,1,1988,0,0,0,0,0,0,0,0,0,0
361427,0,2,1988,0,0,0,0,0,0,0,0,0,0
361427,1,1,1988,0,0,0,0,0,0,0,0,0,0
361427,2,1,1988,14,0,5,0,0,0,0,0,0,16
361428,0,1,1988,0,0,0,0,0,0,0,0,0,0
361428,1,1,1988,0,0,11,0,0,0,4,0,0,0
361429,0,1,1988,0,0,8,27,0,12,25,0,39,17
361429,1,1,1988,9,20,18,16,32,11,8,0,2,0
361430,1,1,1988,0,0,0,0,0,0,0,0,0,0
361431,0,1,1988,23,23,23,23,23,23,23,23,23,23
361431,1,1,1988,0,0,0,0,0,0,0,0,0,0
361434,1,1,1988,0,0,0,0,0,0,0,0,0,0
361434,2,1,1988,0,0,0,0,0,0,0,0,0,0
361434,3,1,1988,0,0,0,0,0,0,0,0,0,0
361434,4,1,1988,0,0,0,0,0,0,0,0,0,0
361434,5,1,1988,0,0,0,5,0,0,0,21,0,0
361435,1,1,1988,0,0,0,0,0,0,0,0,0,0
361435,2,1,1988,0,8,7,0,0,0,0,10,0,0
361436,1,1,1988,27,27,27,27,27,27,27,27,27,27
361437,1,1,1988,0,0,0,0,0,0,0,0,0,0
361438,1,1,1988,0,0,0,0,0,0,0,0,0,0
361439,0,1,1988,2,2,2,2,2,2,2,2,2,2
361439,1,1,1988,0,0,0,0,0,0,0,0,0,0
361440,0,1,1988,22,22,22,22,22,22,22,22,22,22
361440,1,1,1988,0,0,0,0,0,0,0,0,0,0
361441,0,1,1988,0,0,0,0,0,0,0,0,0,0
361441,1,1,1988,0,0,0,0,0,0,0,0,0,0
361442,0,1,1988,0,0,21,0,0,0,0,0,0,0
361442,1,1,1988,0,0,0,0,0,0,0,0,0,0
361443,0,1,1988,1,1,1,1,1,1,1,1,1,1
361443,1,1,1988,0,0,0,0,0,0,0,0,0,0
361444,0,1,1988,1,1,1,1,1,1,1,1,1,1
361444,1,1,1988,3,31,21,8,17,21,0,26,7,19
361444,2,1,1988,0,0,0,15,0,0,0,0,0,0
361445,1,1,1988,10,10,10,10,10,10,10,10,10,10
361446,1,1,1988,24,24,24,24,24,24,24,24,24,24
361447,0,1,1988,0,0,0,0,0,0,0,0,0,0
361447,1,1,1988,0,0,0,0,0,0,0,0,0,0
361448,1,1,1988,0,0,0,0,0,0,0,0,0,0
361449,1,1,1988,0,0,0,0,0,0,0,0,0,0
361449,2,1,1988,0,0,0,0,0,0,0,0,0,0
361450,1,1,1988,6,0,0,0,0,0,0,23,0,0
361451,1,1,1988,0,0,0,0,10,0,0,0,0,0
361451,2,1,1988,0,0,0,0,0,0,0,0,0,0
361452,1,1,1988,0,0,0,0,0,0,0,0,0,11
361453,1,1,1988,0,0,0,0,0,0,0,0,0,0
361453,2,1,1988,0,0,0,0,0,0,18,0,0,0
361454,0,1,1988,0,0,0,0,0,0,0,0,0,0
361454,1,1,1988,0,0,0,0,0,0,0,0,0,0
361455,1,1,1988,17,17,17,17,17,17,17,17,17,17
361456,1,1,1988,0,0,4,0,23,19,0,0,0,0
361457,1,1,1988,29,29,29,29,29,29,29,29,29,29
361458,1,1,1988,12,12,12,12,12,12,12,12,12,12
361458,2,1,1988,0,0,0,0,0,0,0,0,0,0
361459,0,1,1988,0,0,0,0,0,0,0,0,0,0
361459,1,1,1988,0,0,0,0,0,0,0,0,0,0
361460,0,1,1988,0,0,0,0,0,0,0,0,0,0
361460,1,1,1988,0,0,0,0,0,0,0,0,0,0
361460,2,1,1988,0,19,0,0,0,0,10,0,0,0
361461,0,1,1988,0,0,0,0,0,0,0,0,0,0
361461,1,1,1988,0,0,0,0,0,0,0,0,0,0
361462,1,1,1988,17,17,17,17,17,17,17,17,17,17
361462,2,1,1988,0,0,0,0,0,0,0,0,0,0
361463,1,1,1988,0,0,0,0,0,0,0,0,0,0
361464,1,1,1988,25,25,25,25,25,25,25,25,25,25
361464,2,1,1988,12,0,19,19,0,8,10,22,3,22
361465,1,1,1988,17,17,17,17,17,17,17,17,17,17
361465,2,1,1988,0,0,0,9,7,0,0,6,0,0
361466,0,1,1988,5,5,5,5,5,5,5,5,5,5
361466,1,1,1988,14,17,10,18,21,3,28,20,23,38
361467,0,1,1988,0,0,0,0,0,0,0,0,0,0
361467,1,1,1988,0,0,0,0,0,0,0,0,0,0
361468,0,1,1988,0,0,0,0,0,0,0,0,0,0
361468,1,1,1988,0,0,0,0,0,0,0,0,0,0
361469,1,1,1988,2,2,2,2,2,2,2,2,2,2
361470,1,1,1988,33,33,33,33,33,33,33,33,33,33
361471,0,1,1988,0,0,0,0,0,0,0,0,0,0
361471,1,1,1988,0,0,0,0,0,0,0,0,0,0
361472,0,1,1988,53,53,53,53,53,53,53,53,53,53
361472,1,1,1988,0,0,0,0,0,0,0,0,0,0
361473,1,1,1988,0,0,0,0,0,0,0,0,0,0
361473,2,1,1988,0,0,0,0,0,13,0,0,0,0
361474,1,1,1988,0,0,0,0,0,0,0,0,0,0
361474,2,1,1988,0,0,0,0,0,0,0,0,0,0
361475,1,1,1988,30,30,30,30,30,30,30,30,30,30
361476,0,1,1988,0,0,0,0,0,0,0,0,0,0
361476,1,1,1988,0,0,0,0,0,0,0,0,0,0
361477,1,1,1988,1,1,1,1,1,1,1,1,1,1
361477,2,1,1988,0,0,0,0,0,0,0,0,0,0
361478,1,1,1988,0,0,0,7,13,0,28,0,0,0
361478,2,1,1988,0,0,0,0,0,0,0,0,0,7
361479,1,1,1988,0,0,0,0,0,0,0,0,0,0
361480,0,1,1988,15,15,15,15,15,15,15,15,15,15
361480,1,1,1988,0,0,0,0,0,0,0,0,0,0
361480,2,1,1988,0,0,0,0,0,0,0,0,0,0
361481,0,1,1988,0,0,0,0,0,0,0,0,0,0
361481,1,1,1988,0,0,0,0,0,0,0,0,0,0
361482,0,1,1988,0,0,0,0,0,0,0,0,0,0
361482,1,1,1988,0,0,0,0,0,0,0,0,0,0
361483,0,1,1988,0,0,0,0,0,0,0,0,0,0
361483,1,1,1988,7,7,0,0,0,0,0,0,0,0
361484,0,1,1988,0,0,0,0,0,0,0,0,0,0
361484,1,1,1988,0,0,0,0,0,0,0,0,0,0
361485,1,1,1988,0,8,0,0,0,0,0,0,0,16
361486,0,1,1988,0,0,0,0,0,0,0,0,0,0
361486,1,1,1988,0,0,0,0,0,0,0,0,0,0
361487,1,1,1988,0,0,0,0,0,0,19,0,0,0
361487,2,1,1988,0,0,0,0,0,0,0,0,0,0
361487,3,1,1988,0,0,0,0,0,0,20,0,0,0
361488,1,1,1988,0,0,0,0,0,0,0,0,0,35
361488,2,1,1988,9,9,9,9,9,9,9,9,9,9
361489,0,1,1988,0,0,0,0,0,0,0,0,0,0
361489,1,1,1988,10,0,9,7,23,0,0,7,8,12
361490,0,1,1988,0,0,0,0,0,0,0,0,0,0
361490,1,1,1988,0,17,0,0,5,12,4,0,0,19
361491,0,1,1988,0,0,0,0,0,0,0,0,0,0
361491,1,1,1988,9,0,0,0,0,0,0,0,0,9
361492,1,1,1988,0,0,0,0,0,0,0,0,0,0
361492,2,1,1988,9,0,0,0,0,0,0,0,0,0