ST_CASE,VEH_NO,PER_NO,YEAR,P1,P2,P3,P4,P5,P6,P7,P8,P9,P10
361760,1,1,1988,31,31,31,31,31,31,31,31,31,31
361761,1,1,1988,0,0,0,0,0,0,0,0,0,0
361761,2,1,1988,0,0,0,0,0,0,0,0,0,0
361761,3,1,1988,0,0,0,0,0,0,0,0,0,0
361762,1,1,1988,28,28,28,28,28,28,28,28,28,28
361763,1,1,1988,0,0,0,0,0,0,0,0,0,0
361763,2,1,1988,0,0,0,0,0,0,0,0,0,0
361765,1,1,1988,0,0,0,0,0,0,0,0,0,0
361765,2,1,1988,0,0,0,0,0,0,0,0,0,0
361766,1,1,1988,0,0,0,2,0,0,0,0,0,0
361766,2,1,1988,0,0,0,0,0,0,0,0,0,0
361767,0,1,1988,0,0,0,0,0,0,0,0,0,0
361767,1,1,1988,0,0,0,0,0,0,0,0,0,0
361768,1,1,1988,13,13,13,13,13,13,13,13,13,13
361769,1,1,1988,0,0,0,0,0,0,0,0,0,0
361770,1,1,1988,17,25,21,3,15,15,15,11,13,15
361771,0,1,1988,0,0,0,0,0,0,0,0,0,0
361771,1,1,1988,0,0,0,0,3,0,0,0,0,0
361772,1,1,1988,18,14,12,18,8,5,16,10,10,13
361772,2,1,1988,0,0,0,0,4,0,0,0,3,0
361773,1,1,1988,9,9,9,9,9,9,9,9,9,9
361774,1,1,1988,11,11,11,11,11,11,11,11,11,11
361775,0,1,1988,0,0,0,0,0,0,0,0,0,0
361775,1,1,1988,9,17,16,0,28,16,0,0,0,10
361776,1,1,1988,0,0,0,0,0,0,0,8,0,0
361776,2,1,1988,0,0,0,0,0,0,0,0,7,0
361777,1,1,1988,0,0,0,0,0,0,0,0,0,0
361779,1,1,1988,0,0,0,0,0,0,0,0,0,0
361780,1,1,1988,0,0,0,0,0,0,0,0,0,0
361780,2,1,1988,0,0,0,0,0,0,0,0,0,0
361781,0,1,1988,12,12,12,12,12,12,12,12,12,12
361781,1,1,1988,13,28,8,0,0,0,0,0,0,0
361782,1,1,1988,0,0,0,0,0,0,0,0,0,0
361782,2,1,1988,0,0,0,0,0,0,0,0,0,0
361783,1,1,1988,16,16,16,16,16,16,16,16,16,16
361785,1,1,1988,0,0,7,0,0,0,0,0,0,0
361785,2,1,1988,0,0,0,0,0,0,0,0,0,0
361787,0,1,1988,0,0,0,0,0,0,0,0,0,0
361787,1,1,1988,0,7,0,0,0,0,0,0,0,0
361788,0,1,1988,0,0,0,0,0,0,0,0,0,0
361788,1,1,1988,0,3,25,20,9,23,0,10,22,19
361789,1,1,1988,0,0,0,0,0,0,6,0,0,0
361790,1,1,1988,0,0,0,0,0,0,0,0,0,0
361791,1,1,1988,0,0,0,0,0,0,0,0,0,0
361792,1,1,1988,0,0,0,0,0,0,0,0,0,0
361793,1,1,1988,0,0,0,10,0,0,0,19,0,0
361794,1,1,1988,0,0,0,0,0,0,13,0,0,0
361794,2,1,1988,0,0,0,26,0,0,7,0,0,0
361794,3,1,1988,0,0,0,0,0,0,0,0,0,0
361795,0,1,1988,0,29,0,0,0,0,0,0,0,0
361795,1,1,1988,0,0,0,0,0,0,0,0,0,0
361796,0,1,1988,0,0,0,0,0,0,0,0,0,0
361796,1,1,1988,0,0,0,0,0,0,0,0,7,0
361797,1,1,1988,0,0,0,0,0,0,0,0,0,0
361798,0,1,1988,3,3,3,3,3,3,3,3,3,3
361798,1,1,1988,0,0,0,0,0,0,0,0,0,0
361799,1,1,1988,26,10,0,20,6,27,19,0,0,32
361800,1,1,1988,0,0,0,0,0,0,0,0,0,0
361800,2,1,1988,14,0,0,16,13,0,4,8,0,0
361801,0,1,1988,0,0,0,0,0,0,0,0,0,0
361801,1,1,1988,0,0,0,0,0,0,0,0,0,0
361802,1,1,1988,0,0,0,0,0,0,0,0,0,0
361803,1,1,1988,4,15,10,12,7,14,12,21,21,11
361803,2,1,1988,0,0,0,0,3,13,13,0,0,0
361804,1,1,1988,0,39,20,0,0,29,0,38,0,24
361805,1,1,1988,0,0,0,0,0,0,0,0,0,0
361805,2,1,1988,0,0,0,0,0,0,0,0,0,0
361806,0,1,1988,0,0,0,0,0,0,0,0,0,0
361806,1,1,1988,0,0,0,0,0,0,0,0,0,0
361807,0,1,1988,0,0,0,0,0,0,0,0,0,0
361807,1,1,1988,0,0,0,0,0,27,0,0,0,0
361808,1,1,1988,0,0,0,0,0,0,0,0,0,0
361808,2,1,1988,0,0,0,0,0,0,0,0,0,0
361809,1,1,1988,0,0,0,0,0,0,0,0,0,0
361809,2,1,1988,0,0,0,0,0,0,0,0,0,0
361810,1,1,1988,0,0,0,0,11,0,0,0,5,0
361810,2,1,1988,31,31,31,31,31,31,31,31,31,31
361811,1,1,1988,0,0,0,0,0,0,0,0,0,0
361811,2,1,1988,0,0,0,0,0,0,0,0,0,0
361812,1,1,1988,0,0,0,0,0,0,15,0,0,0
361812,2,1,1988,0,0,0,0,0,0,0,0,0,0
361813,1,1,1988,0,0,0,0,0,0,0,0,0,0
361813,2,1,1988,0,0,0,0,0,0,0,0,0,0
361813,3,1,1988,0,0,0,0,0,0,0,0,0,0
361814,1,1,1988,0,0,0,0,0,0,0,0,0,0
361815,1,1,1988,0,0,0,0,0,0,0,0,0,0
361816,1,1,1988,0,0,0,14,0,17,0,3,0,0
361816,2,1,1988,2,2,2,2,2,2,2,2,2,2
361817,1,1,1988,4,4,4,4,4,4,4,4,4,4
361817,2,1,1988,0,0,0,0,0,0,0,0,0,0
361818,1,1,1988,0,0,0,0,0,0,0,0,0,0
361819,1,1,1988,0,0,0,0,0,0,0,0,0,0
361819,2,1,1988,0,0,0,0,0,0,0,0,0,0
361820,1,1,1988,0,0,0,0,0,0,0,0,0,0
361820,2,1,1988,0,0,0,0,0,0,0,0,0,0
361821,1,1,1988,0,0,0,0,0,0,0,0,0,0
361821,2,1,1988,0,0,0,0,0,0,0,0,0,0
361822,0,1,1988,0,0,0,0,0,0,0,0,0,0
361822,1,1,1988,0,0,0,0,0,0,0,0,0,0
361823,0,1,1988,0,0,0,0,0,0,0,0,0,0
361823,1,1,1988,0,0,0,0,0,0,0,0,0,0
361824,0,1,1988,9,9,9,9,9,9,9,9,9,9
361824,1,1,1988,0,0,0,0,0,0,0,0,0,0
361825,0,1,1988,0,0,0,0,0,0,0,0,0,0
361825,1,1,1988,0,0,3,0,0,0,0,0,0,0
361826,1,1,1988,13,24,11,13,18,19,0,6,16,16
361827,0,1,1988,0,0,0,18,0,0,0,31,0,0
361827,1,1,1988,0,0,0,0,17,0,0,9,0,0
361828,1,1,1988,15,15,15,15,15,15,15,15,15,15
361829,0,1,1988,5,0,0,12,0,0,24,0,0,0
361829,1,1,1988,0,0,0,0,0,0,0,0,0,0
361830,0,1,1988,0,0,0,0,0,0,0,0,0,0
361830,1,1,1988,15,0,0,19,0,0,0,0,0,0
361831,1,1,1988,0,0,0,0,0,0,0,0,0,0
361831,2,1,1988,0,0,0,0,0,0,0,0,0,0
361832,1,1,1988,21,21,21,21,21,21,21,21,21,21
361833,0,1,1988,0,0,0,0,0,0,0,0,0,0
361833,1,1,1988,0,0,0,0,0,0,0,0,0,0
361834,1,1,1988,14,14,14,14,14,14,14,14,14,14
361835,0,1,1988,9,9,9,9,9,9,9,9,9,9
361835,1,1,1988,0,0,0,0,0,4,0,0,0,0
361836,1,1,1988,0,0,0,0,0,0,0,0,0,0
361837,1,1,1988,0,0,0,0,0,0,0,0,0,0
361837,2,1,1988,0,0,0,0,0,0,0,0,0,0
361838,1,1,1988,0,0,0,0,0,0,0,0,0,0
361838,2,1,1988,0,0,0,0,0,0,0,0,0,0
361839,1,1,1988,0,0,0,0,0,0,0,0,0,0
361839,2,1,1988,0,0,0,0,0,0,0,0,0,0
361840,1,1,1988,0,0,0,0,0,0,0,0,0,0
361840,2,1,1988,0,0,0,0,0,0,0,0,0,0
361841,0,1,1988,0,0,0,0,0,0,0,0,0,0
361841,1,1,1988,0,0,0,0,0,0,0,0,0,0
361842,0,1,1988,0,0,0,0,0,0,0,0,0,0
361842,1,1,1988,0,0,0,0,0,0,0,11,0,0
361843,0,1,1988,29,29,29,29,29,29,29,29,29,29
361843,1,1,1988,0,0,0,0,0,0,0,0,0,0
361844,0,1,1988,0,0,0,0,0,0,0,0,0,0
361844,1,1,1988,0,0,0,0,0,0,0,0,0,0
361845,1,1,1988,0,0,0,0,0,0,0,0,0,0
361845,2,1,1988,9,18,22,17,21,25,16,14,23,11
361846,1,1,1988,16,13,0,0,0,9,0,13,0,0
361847,1,1,1988,0,0,0,0,0,10,0,11,13,0
361847,2,1,1988,0,0,0,0,0,0,0,0,0,0
361848,0,1,1988,0,0,0,0,0,0,0,0,0,0
361848,1,1,1988,0,0,0,0,0,0,0,0,0,0
361849,1,1,1988,20,20,20,20,20,20,20,20,20,20
361849,2,1,1988,0,0,0,0,0,0,0,0,0,0
361850,1,1,1988,0,0,0,0,0,0,0,0,0,0
361850,2,1,1988,0,0,0,0,0,0,0,0,0,0
361851,0,1,1988,15,0,0,0,0,0,0,0,0,0
361851,1,1,1988,0,0,0,0,0,0,0,0,0,0
361852,1,1,1988,14,14,14,14,14,14,14,14,14,14
361852,2,1,1988,0,0,0,0,0,0,0,0,0,0
361852,3,1,1988,6,0,0,0,0,0,0,0,0,0
361853,1,1,1988,0,0,0,0,0,0,0,0,0,0
361853,2,1,1988,0,0,0,0,0,0,0,0,0,0
361854,1,1,1988,0,0,0,0,0,11,0,12,0,0
361854,2,1,1988,23,23,23,23,23,23,23,23,23,23
361855,0,1,1988,0,0,0,0,0,0,0,0,0,0
361855,1,1,1988,0,0,0,0,0,0,0,0,0,0
361856,1,1,1988,17,17,17,17,17,17,17,17,17,17
361857,1,1,1988,0,0,0,0,0,0,0,0,0,0
361857,2,1,1988,0,0,0,0,0,0,0,0,0,0
361858,1,1,1988,24,24,24,24,24,24,24,24,24,24
361858,2,1,1988,0,6,0,0,0,0,0,0,0,0
361859,1,1,1988,3,3,3,3,3,3,3,3,3,3
361860,1,1,1988,0,0,0,0,3,0,0,0,0,0
361860,2,1,1988,0,0,0,0,0,0,0,0,0,0
361860,3,1,1988,0,0,0,0,0,0,0,0,0,0
361861,1,1,1988,0,0,0,0,0,0,0,0,0,0
361861,2,1,1988,0,0,0,0,0,0,0,0,0,0
361862,0,1,1988,15,0,0,0,0,0,0,0,0,0
361862,1,1,1988,0,0,0,0,0,0,0,0,0,0
361863,1,1,1988,0,0,0,0,0,0,0,0,0,0
361864,1,1,1988,0,0,0,0,0,0,0,0,0,0
361864,2,1,1988,0,0,0,0,0,0,0,0,0,0
361864,3,1,1988,0,0,0,0,0,0,0,0,0,0
361864,4,1,1988,0,0,0,0,0,0,0,0,0,0
361864,5,1,1988,0,0,0,20,0,0,0,0,12,25
361864,6,1,1988,0,0,0,0,0,0,0,0,0,0
361865,1,1,1988,0,0,0,0,0,0,0,0,0,0
361866,0,1,1988,35,35,35,35,35,35,35,35,35,35
361866,1,1,1988,0,0,0,0,0,0,0,0,0,0
361867,1,1,1988,11,0,11,22,32,14,5,18,27,28
361868,1,1,1988,0,0,0,0,0,0,0,0,0,0
361868,2,1,1988,0,0,0,0,0,0,0,0,0,0
361869,1,1,1988,0,0,0,0,0,0,18,0,9,0
361869,2,1,1988,0,0,0,0,0,0,0,9,0,0
361870,1,1,1988,0,0,0,0,0,0,0,0,20,0
361870,2,1,1988,31,31,31,31,31,31,31,31,31,31
361871,1,1,1988,0,0,0,0,0,0,0,0,0,0
361872,1,1,1988,0,0,0,0,0,0,0,0,0,0
361873,1,1,1988,0,0,0,0,0,0,0,0,0,0
361873,2,1,1988,0,0,0,0,0,0,0,0,0,0
361873,3,1,1988,0,0,0,0,0,0,0,0,0,0
361874,1,1,1988,26,26,26,26,26,26,26,26,26,26
361875,1,1,1988,0,0,0,0,0,0,0,0,0,0
361875,2,1,1988,0,0,0,0,0,0,0,9,0,0
361875,3,1,1988,0,0,0,0,11,0,0,0,0,0
361876,0,1,1988,15,15,15,15,15,15,15,15,15,15
361876,1,1,1988,0,0,0,25,0,0,0,0,0,0
361877,0,1,1988,0,0,0,0,0,19,0,0,25,0
361877,0,2,1988,0,0,0,0,0,0,0,0,0,0
361877,1,1,1988,13,0,10,18,11,4,15,0,18,9
361878,1,1,1988,0,0,0,0,0,0,0,0,0,0
361878,2,1,1988,0,0,0,0,0,0,0,0,0,0
361879,1,1,1988,0,12,15,0,20,12,11,11,0,13
361879,2,1,1988,13,13,13,13,13,13,13,13,13,13
361880,1,1,1988,0,0,0,0,0,0,0,26,12,0
361880,2,1,1988,0,0,0,13,0,0,0,0,0,0
361880,3,1,1988,0,0,0,0,0,0,0,0,0,0
361881,1,1,1988,8,3,28,19,31,22,21,15,6,10
361882,0,1,1988,14,14,14,14,14,14,14,14,14,14
361882,1,1,1988,11,0,0,0,0,26,0,0,0,0
361883,1,1,1988,0,0,0,0,0,0,0,0,0,0
361884,1,1,1988,0,0,0,0,0,0,0,0,0,0
361885,1,1,1988,0,0,0,0,0,0,0,0,0,0
361885,2,1,1988,0,0,0,0,0,0,0,0,0,0
361886,1,1,1988,0,0,0,0,0,0,10,11,0,0
361886,2,1,1988,0,0,0,0,0,0,0,0,0,0
361887,1,1,1988,17,17,17,17,17,17,17,17,17,17
361888,1,1,1988,0,0,0,0,0,0,0,0,0,0
361889,0,1,1988,0,0,0,0,0,0,0,0,0,0
361889,1,1,1988,0,0,0,0,0,0,0,0,0,0
361890,0,1,1988,0,0,0,0,0,0,0,0,0,0
361890,1,1,1988,0,0,0,0,0,0,0,0,0,0
361891,1,1,1988,0,0,0,0,0,0,0,0,8,0
361891,2,1,1988,0,0,0,0,0,0,0,0,0,0
361892,1,1,1988,15,15,15,15,15,15,15,15,15,15
361893,1,1,1988,0,0,0,0,0,0,0,0,0,0
361893,2,1,1988,0,0,0,0,0,0,0,0,0,0
361894,1,1,1988,0,0,4,0,0,0,0,0,0,0
361894,2,1,1988,0,0,0,0,0,0,0,0,0,0
361895,1,1,1988,0,0,0,0,0,0,0,0,0,0
361896,1,1,1988,2,2,2,2,2,2,2,2,2,2
361896,2,1,1988,14,13,12,19,12,8,17,0,7,13
361897,1,1,1988,18,18,18,18,18,18,18,18,18,18
361898,1,1,1988,0,0,0,0,0,0,0,0,0,19
361898,2,1,1988,32,12,15,7,14,17,11,18,9,26
361899,1,1,1988,25,25,25,25,25,25,25,25,25,25
361900,1,1,1988,0,19,0,0,0,0,0,0,0,0
361901,1,1,1988,0,0,0,0,0,0,0,0,0,0
361901,2,1,1988,0,0,0,0,0,0,0,0,16,0
361902,1,1,1988,0,0,0,0,0,0,0,0,0,0
361902,2,1,1988,0,0,0,0,0,0,0,0,0,0
361903,1,1,1988,0,0,0,0,0,0,0,0,0,0
361903,2,1,1988,0,0,0,0,0,0,0,0,0,0
361904,1,1,1988,0,0,0,0,0,0,0,0,0,0
361905,1,1,1988,0,0,0,0,0,0,0,0,0,0
361905,2,1,1988,0,0,0,0,0,0,0,0,0,0
361905,3,1,1988,0,0,0,0,0,0,0,0,0,0
361906,1,1,1988,0,0,0,0,0,0,0,0,0,0
361906,2,1,1988,0,0,0,0,0,0,0,0,0,0
361907,2,1,1988,0,0,0,0,0,0,0,0,0,0
361908,1,1,1988,20,20,20,20,20,20,20,20,20,20
361909,1,1,1988,0,0,0,0,0,0,0,0,0,0
361909,2,1,1988,23,23,23,23,23,23,23,23,23,23
361910,1,1,1988,0,0,0,0,0,0,0,0,0,0
361910,2,1,1988,0,0,0,0,0,0,0,0,0,0
361911,1,1,1988,0,0,0,0,0,0,0,0,0,0
361911,2,1,1988,0,0,18,0,19,0,0,0,0,0
361911,3,1,1988,0,0,0,9,0,0,0,0,0,0
361912,1,1,1988,0,9,4,20,23,13,11,12,12,31
361913,0,1,1988,28,28,28,28,28,28,28,28,28,28
361913,1,1,1988,0,0,13,0,0,0,0,0,0,0
361914,1,1,1988,0,0,0,0,0,0,0,0,0,0
361914,2,1,1988,0,0,0,0,0,0,0,0,0,0
361915,0,1,1988,0,0,0,0,0,0,0,0,0,0
361915,1,1,1988,0,0,0,0,0,0,0,0,0,0
361916,1,1,1988,0,0,0,0,0,0,0,0,0,0
361917,0,1,1988,0,0,0,0,0,0,0,0,0,0
361917,1,1,1988,0,0,0,0,0,0,0,0,0,0
361918,1,1,1988,1,1,1,1,1,1,1,1,1,1
361918,2,1,1988,0,0,0,0,0,0,0,0,0,0
361919,0,1,1988,0,0,0,0,0,0,0,0,0,0
361919,1,1,1988,39,18,19,12,7,19,11,26,22,15
361920,0,1,1988,0,0,0,0,0,0,0,0,0,0
361920,1,1,1988,0,0,0,0,0,0,0,0,0,0
361921,1,1,1988,0,0,0,0,11,0,0,0,0,0
361921,2,1,1988,0,0,0,0,0,0,0,0,0,0
361922,0,1,1988,0,0,0,0,0,12,0,0,0,0
361922,1,1,1988,0,0,0,0,0,0,0,0,0,0
361923,1,1,1988,1,1,1,1,1,1,1,1,1,1
361924,1,1,1988,0,25,0,10,10,5,17,11,13,0
361925,0,1,1988,0,0,0,0,0,0,0,0,0,0
361925,1,1,1988,17,7,6,14,25,17,16,20,10,20
361926,0,1,1988,0,0,0,0,0,0,0,0,0,0
361926,0,2,1988,0,0,0,0,0,0,0,0,0,0
361926,1,1,1988,0,0,0,0,0,0,0,0,0,0
361927,0,1,1988,0,0,0,0,0,0,0,0,0,0
361927,1,1,1988,0,0,0,0,0,0,0,0,0,0
361928,1,1,1988,17,17,17,17,17,17,17,17,17,17
361929,1,1,1988,0,0,0,0,0,0,0,0,0,0
361929,2,1,1988,0,0,0,0,0,0,0,0,0,0
361930,1,1,1988,9,11,0,9,12,15,0,8,0,0
361931,0,1,1988,0,0,0,0,0,0,0,0,0,0
361931,1,1,1988,0,0,0,0,0,0,0,0,0,0
361932,1,1,1988,0,0,0,0,0,0,0,0,13,0
361932,2,1,1988,0,0,0,0,0,0,0,0,0,0
361933,1,1,1988,20,20,20,20,20,20,20,20,20,20
361934,1,1,1988,4,4,4,4,4,4,4,4,4,4
361935,1,1,1988,0,0,0,0,0,0,0,0,0,0
361935,2,1,1988,0,0,0,0,0,0,0,0,0,0
361935,3,1,1988,0,0,0,18,0,0,0,0,0,0
361936,1,1,1988,9,9,9,9,9,9,9,9,9,9
361936,2,1,1988,13,13,13,13,13,13,13,13,13,13
361937,1,1,1988,0,0,0,0,0,0,0,0,0,0
361938,1,1,1988,0,0,0,0,0,0,0,0,0,0
361939,1,1,1988,0,0,0,0,0,0,0,0,0,0
361939,2,1,1988,0,0,0,0,0,0,0,0,0,0
361940,1,1,1988,0,0,0,0,6,0,0,0,0,0
361940,2,1,1988,0,0,0,0,0,0,0,0,0,0
361941,0,1,1988,0,0,0,0,0,0,0,0,0,0
361941,1,1,1988,0,0,0,0,0,0,0,0,0,10
361941,2,1,1988,0,0,0,0,0,0,0,0,0,0
361942,1,1,1988,0,0,0,0,0,0,0,0,0,0
361942,2,1,1988,0,0,0,0,0,0,0,0,0,0
361943,0,1,1988,0,0,0,0,0,0,0,0,0,0
361943,1,1,1988,0,0,0,0,0,0,0,0,0,0
361944,1,1,1988,0,0,0,0,0,0,0,0,0,0
361944,2,1,1988,0,0,0,0,0,0,0,0,0,0
361945,1,1,1988,0,0,0,0,0,0,0,0,0,0
361946,1,1,1988,0,0,0,0,17,0,12,19,18,0
361946,2,1,1988,0,0,0,17,14,12,13,0,18,0
361947,1,1,1988,8,19,3,7,6,13,30,16,10,22
361947,2,1,1988,0,0,0,0,0,0,0,0,0,0
361948,1,1,1988,0,0,0,0,0,0,0,0,0,0
361948,2,1,1988,3,3,3,3,3,3,3,3,3,3
361949,1,1,1988,0,0,0,0,7,0,0,0,24,0
361950,1,1,1988,24,24,24,24,24,24,24,24,24,24
361951,1,1,1988,14,14,14,14,14,14,14,14,14,14
361952,1,1,1988,0,0,0,0,0,0,0,0,0,0
361952,2,1,1988,0,0,0,0,0,0,0,0,0,0
361953,1,1,1988,0,0,0,0,0,0,0,0,0,0
361953,2,1,1988,0,0,0,0,0,0,0,0,0,0
361954,1,1,1988,33,33,33,33,33,33,33,33,33,33
361955,1,1,1988,20,20,20,20,20,20,20,20,20,20
361956,1,1,1988,23,23,23,23,23,23,23,23,23,23
361957,0,1,1988,0,0,0,0,0,0,0,0,0,0
361957,1,1,1988,0,0,0,12,0,0,0,0,0,0
361958,1,1,1988,0,0,0,0,0,0,0,0,0,13
361958,2,1,1988,17,17,17,17,17,17,17,17,17,17
361959,1,1,1988,26,26,26,26,26,26,26,26,26,26
361960,1,1,1988,0,0,0,0,0,0,0,0,0,0
361960,2,1,1988,0,0,0,0,0,0,0,0,0,0
361961,1,1,1988,0,0,0,0,0,0,0,0,0,0
361961,2,1,1988,0,0,0,0,0,0,0,0,0,0
361962,1,1,1988,19,19,19,19,19,19,19,19,19,19
361963,1,1,1988,0,0,0,0,0,0,0,0,0,0
361963,2,1,1988,0,0,0,0,0,0,0,0,0,0
361964,1,1,1988,0,0,0,0,0,0,0,0,0,0
361965,1,1,1988,0,0,0,0,0,0,0,0,0,0
361965,2,1,1988,0,0,0,0,0,0,0,0,0,0
361966,1,1,1988,0,0,0,0,0,0,0,0,0,0
361967,1,1,1988,0,0,0,0,0,0,13,0,0,0
361967,2,1,1988,0,6,0,21,0,19,0,0,0,0
361968,1,1,1988,0,0,0,0,0,0,0,0,0,0
361968,2,1,1988,0,0,0,0,0,0,0,5,0,0
361969,1,1,1988,0,0,0,0,0,0,0,0,0,0
361969,2,1,1988,0,0,0,0,0,0,0,0,0,0
361970,1,1,1988,0,0,0,0,0,0,0,0,0,0
361971,1,1,1988,20,20,20,20,20,20,20,20,20,20
361972,1,1,1988,0,0,0,0,0,0,0,0,0,0
361972,2,1,1988,0,0,32,0,0,0,0,0,0,0
361973,0,1,1988,5,5,5,5,5,5,5,5,5,5
361973,0,2,1988,0,0,0,0,0,0,0,0,0,0
361973,1,1,1988,0,0,0,0,0,0,0,0,0,0
361974,1,1,1988,0,0,0,0,0,0,0,0,0,0
361974,2,1,1988,0,0,0,0,0,0,0,0,0,0
361975,1,1,1988,0,0,0,0,0,0,0,0,0,0
361975,2,1,1988,19,19,19,19,19,19,19,19,19,19
361976,1,1,1988,0,0,0,0,0,0,0,0,0,0
361976,2,1,1988,0,0,0,0,0,0,0,0,0,0
361977,1,1,1988,21,21,21,21,21,21,21,21,21,21
361978,0,1,1988,0,0,0,0,0,0,0,0,0,0
361978,1,1,1988,0,12,0,0,14,0,0,0,14,0
361979,0,1,1988,0,0,0,0,0,0,0,0,0,0
361979,1,1,1988,0,0,0,0,0,0,0,2,0,0
361980,1,1,1988,0,0,0,0,0,0,0,0,0,0
361981,1,1,1988,0,0,0,0,0,0,0,0,0,0
361982,1,1,1988,0,0,0,0,0,0,14,0,4,17
361982,2,1,1988,0,0,0,0,0,13,0,0,0,0
361983,1,1,1988,0,0,0,0,0,14,0,0,0,0
361984,0,1,1988,0,0,0,0,0,0,0,0,0,0
361984,1,1,1988,0,0,0,0,0,0,0,0,0,0
361985,1,1,1988,0,0,0,0,0,0,0,0,0,0
361985,2,1,1988,18,9,14,9,14,15,0,17,0,0
361986,1,1,1988,0,0,0,0,0,0,0,0,0,0
361986,2,1,1988,0,0,0,0,0,0,0,0,0,0
361987,0,1,1988,0,0,0,0,0,0,0,0,0,0
361987,1,1,1988,0,0,0,0,0,0,0,0,21,0
361988,1,1,1988,0,0,0,0,0,0,0,0,0,0
361989,0,1,1988,0,0,0,0,0,0,0,0,0,0
361989,1,1,1988,21,0,0,0,0,23,0,0,23,0
361990,0,1,1988,0,0,0,30,0,0,0,0,0,0
361990,1,1,1988,0,0,0,0,0,0,0,0,0,9
361991,0,1,1988,14,14,14,14,14,14,14,14,14,14
361991,1,1,1988,0,0,27,15,0,16,8,0,0,7
361992,0,1,1988,0,0,0,0,0,0,0,0,0,0
361992,1,1,1988,0,0,0,0,0,8,0,8,0,0
361993,1,1,1988,10,10,10,10,10,10,10,10,10,10
361994,0,1,1988,0,0,0,0,0,0,0,0,0,0
361994,1,1,1988,0,0,0,0,0,0,0,0,0,0
361995,1,1,1988,0,0,0,0,0,0,0,0,0,0
361995,2,1,1988,0,0,0,0,0,0,0,0,0,0
361996,0,1,1988,0,0,0,0,0,0,0,0,0,0
361996,1,1,1988,0,0,0,0,14,0,0,5,0,5
361997,1,1,1988,0,0,0,0,0,19,0,0,0,0
361998,1,1,1988,0,0,0,0,0,0,0,0,0,0
361999,0,1,1988,0,0,0,0,0,0,0,0,0,0
361999,1,1,1988,0,0,0,0,0,0,0,0,0,0
362000,0,1,1988,0,0,0,0,0,0,0,0,0,0
362000,1,1,1988,0,23,0,0,0,0,0,0,8,0
362001,0,1,1988,0,17,0,0,0,0,10,0,0,0
362001,0,2,1988,15,0,0,0,0,0,0,14,22,0
362001,0,3,1988,23,0,0,13,0,16,0,22,15,8
362001,0,4,1988,0,19,6,19,21,0,19,0,41,11
362001,0,5,1988,0,0,0,0,0,0,0,0,0,0
362001,0,6,1988,23,0,8,26,22,0,0,0,0,0
362001,1,1,1988,20,0,0,0,0,0,0,0,0,0
362002,0,1,1988,1,1,1,1,1,1,1,1,1,1
362002,1,1,1988,0,0,15,0,0,0,0,0,0,0
362003,0,1,1988,0,0,0,0,0,0,0,0,0,0
362003,1,1,1988,0,0,0,0,0,0,0,0,0,0
362004,1,1,1988,0,0,0,0,0,0,0,0,0,0
362005,1,1,1988,0,0,0,0,0,0,0,0,0,0
362005,2,1,1988,0,0,0,0,0,0,0,0,0,0
362006,1,1,1988,16,21,10,12,20,8,0,18,16,19
362007,1,1,1988,15,0,0,0,0,0,0,0,0,0
362007,2,1,1988,0,0,0,0,0,0,0,0,0,0
362008,1,1,1988,0,14,0,21,11,0,5,0,7,32
362009,1,1,1988,17,17,17,17,17,17,17,17,17,17
362010,1,1,1988,16,16,16,16,16,16,16,16,16,16
362011,0,1,1988,0,0,0,0,0,0,0,0,10,0
362011,1,1,1988,0,0,0,14,24,0,0,0,0,0
362012,1,1,1988,19,19,19,19,19,19,19,19,19,19
362013,1,1,1988,20,31,23,21,30,30,14,22,14,27
362014,1,1,1988,0,0,0,0,0,0,0,0,0,0
362014,2,1,1988,0,0,0,0,0,0,0,0,0,0
362015,1,1,1988,0,0,0,0,0,0,0,0,0,0
362016,0,1,1988,0,0,0,0,0,0,0,0,0,0
362016,1,1,1988,0,0,0,27,0,0,0,0,0,0
362017,0,1,1988,0,0,0,0,0,0,0,0,0,0
362017,1,1,1988,0,0,0,0,0,0,0,16,0,0
362018,0,1,1988,0,0,0,0,0,0,0,0,0,0
362018,1,1,1988,0,0,0,0,0,0,0,0,0,0
362019,0,1,1988,0,0,0,0,0,0,0,0,0,0
362019,1,1,1988,0,0,0,0,0,0,0,0,0,0
362020,0,1,1988,7,20,0,0,0,0,0,17,27,13
362020,1,1,1988,0,0,0,0,0,0,0,0,0,0
362020,2,1,1988,0,0,0,0,0,0,0,0,0,0
362021,0,1,1988,0,0,0,0,0,0,0,0,0,0
362021,1,1,1988,0,0,0,0,0,0,0,0,0,0
362022,0,1,1988,0,0,0,0,0,0,0,0,0,0
362022,1,1,1988,0,0,0,0,0,0,0,0,0,0
362023,0,1,1988,0,0,0,0,0,0,0,0,0,0
362023,1,1,1988,0,9,0,0,0,0,0,11,0,0
362024,1,1,1988,0,0,0,0,4,0,0,0,0,21
362024,2,1,1988,0,0,0,0,0,0,0,0,0,0
362025,0,1,1988,0,0,0,0,0,0,0,0,0,0
362026,0,1,1988,0,0,0,0,0,0,0,0,0,0
362026,1,1,1988,0,0,0,7,13,0,15,10,0,0
362027,0,1,1988,0,0,0,0,0,0,0,0,0,0
362027,1,1,1988,0,0,0,0,0,0,0,14,0,0
362028,0,1,1988,0,0,0,0,0,0,0,0,0,0
362028,1,1,1988,0,0,0,0,0,0,0,0,0,0
362029,1,1,1988,0,0,0,0,0,0,0,0,0,0
362029,2,1,1988,0,0,0,0,0,0,0,0,0,0
362030,0,1,1988,8,8,8,8,8,8,8,8,8,8
362030,1,1,1988,0,15,14,23,0,0,12,0,17,0
362031,0,1,1988,0,0,0,0,0,0,0,0,0,0
362031,1,1,1988,22,28,10,7,16,22,29,34,23,28
362032,0,1,1988,0,0,0,0,0,0,0,0,0,0
362032,1,1,1988,0,0,0,0,0,0,14,0,0,0
362033,0,1,1988,0,0,0,0,0,0,0,0,0,0