ST_CASE,VEH_NO,PER_NO,YEAR,P1,P2,P3,P4,P5,P6,P7,P8,P9,P10
370219,2,1,1988,0,0,0,0,0,0,0,0,0,0
370220,1,1,1988,19,19,19,19,19,19,19,19,19,19
370221,1,1,1988,22,22,22,22,22,22,22,22,22,22
370221,2,1,1988,0,0,0,0,0,0,0,0,0,0
370222,0,1,1988,0,0,0,0,0,0,0,0,0,0
370222,1,1,1988,0,0,0,0,0,0,0,0,0,0
370223,1,1,1988,14,0,15,14,28,32,0,13,6,14
370224,1,1,1988,0,0,0,0,0,0,0,0,0,0
370224,2,1,1988,0,0,0,0,0,0,0,0,0,10
370225,0,1,1988,32,15,35,0,31,33,0,29,9,9
370225,1,1,1988,0,0,0,0,0,0,0,0,0,0
370226,1,1,1988,24,8,0,21,8,15,25,9,8,15
370227,1,1,1988,14,7,12,7,5,10,21,20,12,13
370227,2,1,1988,0,0,0,0,0,0,0,0,0,0
370227,3,1,1988,0,0,0,0,0,0,0,0,0,0
370227,4,1,1988,0,0,0,0,0,0,0,0,0,0
370228,1,1,1988,26,26,26,26,26,26,26,26,26,26
370229,1,1,1988,0,0,0,0,0,0,0,25,0,0
370229,2,1,1988,14,4,12,10,11,5,18,0,22,34
370230,1,1,1988,45,23,30,16,24,0,6,22,0,0
370230,2,1,1988,0,13,17,8,22,15,12,10,9,18
370231,0,1,1988,0,0,0,0,0,0,0,0,0,0
370231,1,1,1988,8,9,0,21,6,7,11,0,8,7
370232,1,1,1988,0,0,0,0,0,0,0,0,0,0
370233,0,1,1988,25,25,25,25,25,25,25,25,25,25
370233,1,1,1988,0,0,0,0,0,0,12,0,0,0
370234,1,1,1988,16,16,16,16,16,16,16,16,16,16
370235,1,1,1988,21,21,21,21,21,21,21,21,21,21
370236,0,1,1988,0,0,0,0,0,0,0,0,0,0
370236,1,1,1988,0,0,0,0,0,0,0,0,0,0
370237,1,1,1988,0,0,0,0,0,0,0,0,0,0
370237,2,1,1988,0,0,0,0,0,0,0,0,0,0
370238,1,1,1988,8,0,0,0,0,0,0,0,0,0
370238,2,1,1988,22,22,22,22,22,22,22,22,22,22
370239,1,1,1988,0,0,0,0,0,0,0,0,0,0
370239,2,1,1988,0,0,0,0,0,0,0,0,0,0
370240,1,1,1988,0,0,0,0,0,0,0,0,0,0
370240,2,1,1988,0,0,0,0,0,0,0,0,0,0
370240,3,1,1988,0,0,0,0,0,0,0,0,0,0
370241,1,1,1988,23,7,9,8,15,12,17,23,4,14
370241,2,1,1988,0,0,0,0,0,0,0,0,0,0
370242,1,1,1988,27,27,27,27,27,27,27,27,27,27
370243,1,1,1988,0,0,0,0,0,0,0,0,0,0
370243,2,1,1988,0,0,0,0,4,0,0,0,0,10
370244,1,1,1988,0,0,0,0,0,0,0,0,0,0
370244,2,1,1988,0,0,0,0,0,0,0,0,0,0
370245,1,1,1988,10,10,10,10,10,10,10,10,10,10
370246,1,1,1988,0,0,0,0,0,0,0,0,0,0
370247,1,1,1988,0,0,0,0,0,0,0,0,0,0
370247,2,1,1988,0,0,0,0,0,0,0,0,0,0
370248,1,1,1988,0,0,0,0,0,0,0,0,0,0
370248,2,1,1988,0,0,0,0,0,0,0,0,0,0
370249,1,1,1988,0,10,0,0,0,0,0,0,0,0
370250,1,1,1988,0,0,0,0,0,0,0,0,0,0
370250,2,1,1988,0,0,0,0,0,0,0,0,0,0
370251,1,1,1988,0,0,0,0,0,0,0,0,12,0
370251,2,1,1988,0,0,0,0,0,0,0,0,0,0
370252,1,1,1988,9,19,13,12,11,0,15,16,9,5
370253,1,1,1988,0,0,0,0,0,0,0,0,0,0
370254,1,1,1988,0,0,0,0,0,0,0,0,0,0
370254,2,1,1988,0,0,0,0,0,0,0,0,0,0
370255,1,1,1988,0,0,0,0,0,0,0,0,0,0
370255,2,1,1988,0,0,0,0,0,0,0,0,0,0
370256,1,1,1988,0,0,0,0,0,0,0,0,0,0
370256,2,1,1988,6,6,6,6,6,6,6,6,6,6
370257,1,1,1988,0,0,0,0,0,0,0,0,0,0
370257,2,1,1988,0,0,0,0,0,0,0,0,0,0
370258,0,1,1988,0,0,0,0,0,0,0,0,0,0
370258,1,1,1988,0,0,0,0,0,0,0,0,0,0
370259,1,1,1988,0,0,0,0,0,0,0,0,0,0
370260,1,1,1988,36,12,20,0,0,0,0,0,0,35
370261,1,1,1988,0,0,0,0,0,0,0,0,0,0
370261,2,1,1988,0,0,0,0,0,0,0,0,0,0
370262,0,1,1988,0,0,0,0,0,0,0,0,0,0
370262,1,1,1988,0,0,0,0,0,0,0,0,0,0
370263,1,1,1988,0,0,0,0,0,0,0,0,0,0
370264,0,1,1988,0,0,0,0,0,0,0,0,0,0
370264,1,1,1988,0,0,0,0,0,0,0,0,0,0
370265,1,1,1988,0,0,0,0,0,0,0,0,0,0
370265,2,1,1988,0,0,0,0,0,0,0,0,0,0
370265,3,1,1988,0,0,0,0,0,0,0,0,0,0
370266,0,1,1988,0,0,0,0,0,0,0,0,0,0
370266,1,1,1988,0,0,0,0,0,0,0,0,0,0
370267,1,1,1988,0,0,0,0,0,0,0,0,0,0
370268,1,1,1988,18,27,9,19,9,10,17,14,26,5
370268,2,1,1988,29,29,29,29,29,29,29,29,29,29
370269,1,1,1988,0,0,0,0,0,0,0,0,0,0
370269,2,1,1988,13,13,13,13,13,13,13,13,13,13
370269,3,1,1988,0,0,0,0,0,0,0,0,0,0
370270,1,1,1988,0,0,0,0,0,0,0,0,0,0
370270,2,1,1988,0,0,0,0,0,0,0,0,0,0
370271,1,1,1988,0,0,0,0,0,0,0,0,0,0
370272,1,1,1988,30,30,30,30,30,30,30,30,30,30
370273,1,1,1988,0,0,0,0,0,0,0,0,0,0
370273,2,1,1988,0,0,0,0,0,0,0,0,0,0
370274,0,1,1988,14,14,14,14,14,14,14,14,14,14
370274,1,1,1988,0,0,0,0,0,0,0,0,0,0
370275,0,1,1988,0,0,0,0,0,0,0,0,0,0
370275,1,1,1988,0,0,0,0,0,0,0,0,0,9
370276,1,1,1988,0,0,0,0,0,0,0,0,0,0
370276,2,1,1988,0,0,0,0,0,0,0,0,0,0
370277,0,1,1988,0,0,0,0,0,0,0,0,0,0
370277,1,1,1988,0,0,0,0,0,0,0,0,0,0
370278,0,1,1988,0,0,0,0,0,0,0,0,0,0
370278,1,1,1988,0,0,0,0,0,0,0,0,0,0
370278,2,1,1988,0,0,0,0,0,0,25,0,0,0
370280,1,1,1988,0,0,15,0,0,0,0,0,0,0
370280,2,1,1988,18,13,11,12,9,16,13,26,17,16
370281,1,1,1988,22,22,22,22,22,22,22,22,22,22
370282,1,1,1988,0,0,0,0,0,0,0,0,0,0
370282,2,1,1988,0,0,0,0,0,0,24,0,0,0
370283,0,1,1988,0,0,0,0,0,0,0,0,0,0
370283,1,1,1988,0,0,0,0,0,0,0,0,0,0
370284,0,1,1988,0,0,0,0,0,0,0,0,0,0
370284,1,1,1988,0,0,12,0,0,0,0,0,0,0
370285,1,1,1988,0,0,0,0,0,0,0,0,0,0
370285,2,1,1988,0,0,0,0,0,0,0,0,0,0
370286,0,1,1988,0,0,0,0,0,0,0,0,0,0
370286,1,1,1988,0,0,0,0,0,18,0,0,0,0
370287,1,1,1988,0,0,0,0,0,0,0,0,0,0
370288,0,1,1988,24,17,12,10,21,27,25,18,23,21
370288,1,1,1988,0,0,0,0,0,21,19,0,0,0
370289,1,1,1988,5,5,5,5,5,5,5,5,5,5
370289,2,1,1988,23,0,7,17,13,0,4,0,0,30
370290,1,1,1988,0,0,0,0,0,0,0,0,0,0
370291,1,1,1988,0,0,0,0,0,0,0,0,0,0
370291,2,1,1988,0,0,0,0,0,0,0,0,0,0
370292,1,1,1988,28,28,28,28,28,28,28,28,28,28
370292,2,1,1988,0,0,0,0,0,0,0,0,0,0
370293,0,1,1988,5,5,5,5,5,5,5,5,5,5
370293,1,1,1988,0,0,0,0,0,0,0,0,0,0
370294,1,1,1988,0,0,0,0,0,0,0,0,0,0
370294,2,1,1988,0,0,0,0,0,0,0,0,0,0
370295,1,1,1988,0,0,0,0,0,0,0,0,0,0
370295,2,1,1988,0,0,0,0,0,0,0,0,0,0
370296,1,1,1988,9,12,10,29,17,6,7,0,12,5
370297,1,1,1988,0,0,0,0,0,0,0,0,25,0
370298,1,1,1988,0,0,0,0,0,0,0,0,0,0
370298,2,1,1988,20,20,20,20,20,20,20,20,20,20
370299,1,1,1988,20,20,20,20,20,20,20,20,20,20
370300,1,1,1988,0,0,0,0,0,0,0,0,0,0
370300,2,1,1988,0,0,0,0,0,0,0,0,0,0
370301,1,1,1988,26,26,26,26,26,26,26,26,26,26
370302,1,1,1988,0,0,0,0,0,0,0,0,0,0
370302,2,1,1988,0,0,0,0,0,0,0,0,0,0
370302,3,1,1988,0,0,0,0,0,0,0,0,0,0
370303,1,1,1988,28,28,28,28,28,28,28,28,28,28
370304,0,1,1988,11,15,17,12,18,10,35,37,21,24
370304,1,1,1988,0,0,0,0,0,0,0,0,0,0
370304,2,1,1988,0,0,0,0,0,0,0,0,0,0
370304,3,1,1988,0,0,0,0,0,0,0,0,0,0
370305,1,1,1988,0,0,0,0,0,0,0,0,0,0
370305,2,1,1988,0,0,0,0,0,0,0,0,0,0
370306,1,1,1988,24,27,13,3,18,14,7,23,10,11
370307,1,1,1988,0,0,0,0,0,0,0,0,0,0
370307,2,1,1988,0,0,0,0,0,0,0,0,0,0
370307,3,1,1988,0,0,0,0,0,0,0,0,0,0
370308,1,1,1988,0,0,0,0,0,0,0,0,0,0
370308,2,1,1988,0,0,0,0,0,0,0,0,0,0
370308,3,1,1988,0,0,0,0,0,0,0,0,0,0
370309,1,1,1988,25,25,25,25,25,25,25,25,25,25
370310,1,1,1988,23,23,23,23,23,23,23,23,23,23
370311,1,1,1988,0,0,0,0,0,0,0,0,0,0
370311,2,1,1988,0,0,0,0,0,0,0,0,0,0
370312,1,1,1988,0,0,0,0,0,0,0,0,0,0
370312,2,1,1988,0,0,0,0,0,0,0,0,0,0
370314,1,1,1988,0,0,0,0,0,0,0,0,0,0
370314,2,1,1988,0,0,0,0,0,0,0,0,0,0
370314,3,1,1988,0,0,0,0,0,0,0,0,0,0
370314,4,1,1988,0,0,0,0,0,0,0,0,0,0
370314,5,1,1988,0,9,0,0,0,0,0,0,0,0
370315,1,1,1988,0,0,0,0,0,0,0,0,0,0
370315,2,1,1988,0,0,0,0,0,0,0,0,0,0
370316,1,1,1988,0,0,0,0,0,0,0,0,0,0
370316,2,1,1988,0,0,0,0,0,0,0,0,0,0
370317,1,1,1988,30,30,30,30,30,30,30,30,30,30
370317,2,1,1988,0,0,0,0,0,5,0,0,0,0
370318,0,1,1988,0,0,0,0,0,0,0,0,0,0
370318,1,1,1988,0,0,0,0,0,0,0,0,0,0
370319,1,1,1988,0,0,0,0,0,0,0,0,0,0
370319,2,1,1988,0,0,0,0,0,0,0,0,0,0
370320,1,1,1988,0,0,0,0,0,0,0,0,0,0
370320,2,1,1988,0,0,0,0,0,0,0,0,0,0
370321,1,1,1988,0,0,0,0,0,0,0,0,0,0
370321,2,1,1988,0,0,0,0,8,0,0,0,0,0
370323,1,1,1988,0,0,0,0,0,0,0,0,0,0
370324,1,1,1988,19,19,19,19,19,19,19,19,19,19
370325,1,1,1988,25,25,25,25,25,25,25,25,25,25
370326,1,1,1988,16,6,4,12,23,17,14,10,17,6
370328,1,1,1988,13,13,13,13,13,13,13,13,13,13
370329,1,1,1988,18,18,18,18,18,18,18,18,18,18
370330,1,1,1988,9,0,14,0,9,0,12,30,0,12
370330,2,1,1988,0,0,0,0,0,0,0,0,0,0
370331,1,1,1988,0,0,0,10,0,0,0,0,0,0
370332,1,1,1988,0,0,0,0,0,0,0,0,0,0
370332,2,1,1988,0,0,0,0,0,0,0,0,0,0
370333,1,1,1988,16,16,16,16,16,16,16,16,16,16
370334,1,1,1988,0,0,0,0,0,0,0,5,0,0
370334,2,1,1988,0,0,0,0,0,0,0,0,0,0
370335,1,1,1988,0,0,0,0,0,0,0,0,0,0
370335,2,1,1988,0,0,0,0,0,0,0,0,0,0
370336,1,1,1988,21,21,21,21,21,21,21,21,21,21
370337,0,1,1988,0,0,0,0,0,0,0,0,0,0
370337,1,1,1988,0,0,0,0,0,0,0,0,8,0
370338,0,1,1988,0,0,0,0,0,0,0,0,0,0
370338,1,1,1988,0,0,0,0,0,0,0,0,0,0
370339,1,1,1988,0,0,0,0,15,8,0,0,0,0
370340,1,1,1988,0,0,0,0,0,0,0,0,0,0
370340,2,1,1988,1,0,0,0,0,0,0,0,0,0
370341,1,1,1988,38,38,38,38,38,38,38,38,38,38
370341,2,1,1988,0,0,0,0,0,0,0,0,0,0
370342,1,1,1988,0,0,0,0,3,0,0,0,0,23
370342,2,1,1988,0,0,0,0,0,0,0,0,0,0
370343,1,1,1988,0,0,0,0,0,0,0,0,0,0
370344,1,1,1988,0,0,0,0,0,0,0,0,0,0
370344,2,1,1988,0,0,0,0,0,0,0,0,0,0
370345,0,1,1988,0,0,0,0,0,0,0,0,0,0
370345,1,1,1988,0,0,0,0,0,0,0,0,0,0
370345,2,1,1988,0,0,0,0,0,0,24,14,0,0
370346,1,1,1988,0,0,0,0,0,0,0,0,0,0
370346,2,1,1988,22,22,22,22,22,22,22,22,22,22
370347,1,1,1988,0,0,0,0,0,0,0,0,0,0
370348,1,1,1988,0,0,0,0,0,0,0,0,0,0
370349,1,1,1988,0,0,0,0,0,15,0,0,0,0
370350,1,1,1988,0,0,0,0,0,0,0,0,0,0
370350,2,1,1988,0,0,0,0,0,11,0,0,0,0
370351,0,1,1988,0,0,0,0,0,0,0,0,0,0
370351,1,1,1988,0,0,0,0,0,0,0,0,0,0
370352,1,1,1988,28,28,28,28,28,28,28,28,28,28
370353,1,1,1988,0,10,0,0,0,0,0,0,0,0
370353,2,1,1988,0,0,0,0,0,0,0,0,0,0
370353,3,1,1988,0,0,0,0,19,0,0,0,0,0
370353,4,1,1988,0,0,0,0,0,0,0,0,0,0
370354,1,1,1988,23,23,23,23,23,23,23,23,23,23
370355,0,1,1988,15,0,0,0,0,0,0,0,0,0
370355,1,1,1988,0,0,0,0,0,0,0,0,0,0
370356,1,1,1988,0,0,0,0,0,0,0,0,0,0
370357,0,1,1988,12,12,12,12,12,12,12,12,12,12
370357,1,1,1988,8,6,31,25,11,19,14,13,14,11
370358,1,1,1988,4,6,8,5,14,9,0,8,12,0
370358,2,1,1988,0,0,0,0,0,0,0,0,0,0
370359,1,1,1988,0,0,0,0,0,0,0,0,0,0
370360,0,1,1988,93,93,93,93,93,93,93,93,93,93
370360,1,1,1988,0,0,0,0,0,0,0,0,0,0
370361,1,1,1988,18,18,26,23,8,9,15,23,8,20
370362,1,1,1988,0,0,0,0,0,0,0,0,0,0
370362,2,1,1988,0,10,0,0,13,0,0,0,0,0
370362,3,1,1988,0,0,0,0,0,0,0,0,0,16
370363,1,1,1988,0,0,0,0,0,0,0,0,0,0
370364,1,1,1988,0,12,8,18,3,7,14,10,15,8
370365,0,1,1988,18,18,18,18,18,18,18,18,18,18
370365,1,1,1988,0,0,23,0,0,25,0,0,0,0
370366,1,1,1988,30,30,30,30,30,30,30,30,30,30
370367,1,1,1988,0,0,0,0,0,0,0,0,0,0
370367,2,1,1988,0,0,0,0,0,0,0,0,18,0
370368,0,1,1988,0,0,0,0,0,0,0,0,0,0
370368,1,1,1988,0,0,0,0,0,0,0,0,0,0
370369,1,1,1988,17,17,17,17,17,17,17,17,17,17
370370,1,1,1988,0,0,0,0,0,0,0,0,0,0
370371,1,1,1988,24,13,20,4,21,13,14,15,5,12
370372,1,1,1988,0,0,0,0,0,0,0,0,0,0
370373,0,1,1988,0,0,0,0,0,0,0,0,0,0
370373,1,1,1988,17,5,0,12,0,0,8,0,11,21
370374,1,1,1988,24,24,24,24,24,24,24,24,24,24
370375,1,1,1988,10,10,10,10,10,10,10,10,10,10
370376,1,1,1988,0,0,0,0,0,13,0,0,0,0
370376,2,1,1988,0,0,0,0,0,0,0,0,0,0
370377,1,1,1988,40,40,40,40,40,40,40,40,40,40
370378,0,1,1988,13,13,13,13,13,13,13,13,13,13
370378,1,1,1988,3,5,27,6,16,0,19,13,18,7
370379,1,1,1988,12,12,12,12,12,12,12,12,12,12
370380,1,1,1988,0,0,0,0,0,0,0,0,0,0
370380,2,1,1988,18,17,22,14,29,24,6,8,5,24
370381,1,1,1988,0,0,0,0,0,0,0,0,0,0
370381,2,1,1988,15,15,15,15,15,15,15,15,15,15
370382,1,1,1988,23,12,10,24,19,6,17,42,21,11
370383,1,1,1988,0,0,0,0,0,0,0,0,0,0
370384,1,1,1988,0,0,0,0,0,0,0,0,0,0
370384,2,1,1988,0,0,0,0,0,0,0,0,0,0
370385,1,1,1988,0,0,0,0,0,0,0,0,0,0
370385,2,1,1988,0,0,0,0,0,0,0,0,0,0
370387,1,1,1988,0,0,0,0,0,0,0,0,0,0
370387,2,1,1988,0,0,0,0,0,0,0,0,0,0
370388,1,1,1988,0,0,0,0,0,0,0,0,0,0
370388,2,1,1988,0,0,0,0,0,0,0,0,0,0
370390,1,1,1988,16,16,16,16,16,16,16,16,16,16
370391,1,1,1988,20,20,20,20,20,20,20,20,20,20
370391,2,1,1988,0,0,0,0,0,0,0,0,0,0
370391,3,1,1988,0,15,0,0,0,0,0,0,0,0
370392,1,1,1988,0,0,0,0,0,0,0,0,0,0
370392,2,1,1988,0,0,0,0,0,0,8,0,0,0
370393,1,1,1988,0,0,0,0,0,0,0,0,0,0
370393,2,1,1988,0,0,0,0,0,0,0,0,0,0
370393,3,1,1988,0,0,0,13,0,0,0,0,0,0
370394,1,1,1988,27,27,27,27,27,27,27,27,27,27
370394,2,1,1988,0,0,0,0,0,10,10,0,0,0
370394,3,1,1988,0,29,22,0,0,0,0,0,0,0
370395,1,1,1988,29,29,29,29,29,29,29,29,29,29
370395,2,1,1988,0,0,0,0,0,0,0,0,0,0
370396,1,1,1988,0,0,0,0,0,0,0,0,0,0
370397,1,1,1988,0,0,0,0,0,0,0,0,0,0
370397,2,1,1988,0,0,0,0,0,0,0,0,0,0
370398,1,1,1988,24,24,24,24,24,24,24,24,24,24
370399,1,1,1988,0,0,0,0,0,0,0,0,0,0
370400,1,1,1988,19,19,19,19,19,19,19,19,19,19
370401,1,1,1988,0,0,0,0,0,0,0,0,0,0
370402,1,1,1988,0,0,0,0,0,0,0,0,0,0
370402,2,1,1988,0,0,0,0,0,0,0,0,0,0
370403,1,1,1988,0,0,0,0,0,0,0,0,0,0
370403,2,1,1988,0,0,0,0,0,0,0,0,0,0
370404,1,1,1988,0,0,11,12,0,24,14,16,19,0
370404,2,1,1988,0,0,0,0,0,0,0,0,0,20
370405,1,1,1988,0,0,0,0,0,0,0,0,0,0
370406,1,1,1988,0,0,0,0,0,0,0,0,0,0
370406,2,1,1988,0,0,0,0,0,0,0,0,0,0
370407,1,1,1988,0,0,0,0,0,0,0,0,0,0
370407,2,1,1988,0,0,0,0,0,0,0,0,0,0
370408,0,1,1988,44,44,44,44,44,44,44,44,44,44
370408,1,1,1988,0,0,0,0,0,0,0,0,0,0
370409,0,1,1988,25,25,25,25,25,25,25,25,25,25
370409,0,2,1988,15,19,27,17,37,28,25,21,21,15
370409,1,1,1988,0,0,0,0,0,0,0,0,0,0
370410,1,1,1988,0,0,0,0,0,0,0,0,0,0
370411,1,1,1988,0,0,0,0,0,0,0,0,11,0
370411,2,1,1988,0,0,0,0,0,7,0,14,0,36
370413,1,1,1988,0,0,0,0,0,0,0,13,0,0
370413,2,1,1988,0,0,0,0,0,0,0,0,0,0
370414,1,1,1988,23,23,23,23,23,23,23,23,23,23
370415,1,1,1988,15,17,0,27,15,0,14,23,17,31
370416,1,1,1988,14,26,19,32,9,15,21,6,30,10
370416,2,1,1988,0,0,0,0,18,0,0,0,0,0
370417,1,1,1988,0,0,0,0,0,0,0,0,0,0
370418,0,1,1988,0,0,0,0,0,0,0,0,0,0
370418,1,1,1988,0,0,0,0,0,0,0,0,0,0
370419,1,1,1988,0,0,0,0,0,0,0,0,0,0
370419,2,1,1988,0,0,0,0,0,0,0,0,0,0
370420,1,1,1988,0,0,0,0,0,0,0,0,0,0
370420,2,1,1988,0,0,0,0,0,0,0,0,0,0
370421,1,1,1988,0,0,0,0,0,0,0,0,0,0
370421,2,1,1988,0,0,35,0,0,0,0,0,0,0
370422,0,1,1988,0,0,0,0,0,0,0,0,0,0
370422,1,1,1988,0,0,0,0,0,0,0,0,0,0
370423,0,1,1988,30,30,30,30,30,30,30,30,30,30
370423,1,1,1988,0,0,0,0,0,0,0,0,12,0
370423,2,1,1988,0,0,0,0,0,0,0,0,0,0
370423,3,1,1988,0,0,0,0,0,0,0,0,0,0
370424,1,1,1988,0,0,0,0,0,0,0,0,0,0
370424,2,1,1988,0,0,0,0,0,0,0,0,0,0
370425,0,1,1988,0,33,0,0,0,0,0,0,0,0
370425,1,1,1988,0,0,0,0,0,0,0,0,0,0
370426,1,1,1988,26,21,28,15,23,16,16,11,19,15
370427,1,1,1988,10,10,10,10,10,10,10,10,10,10
370428,0,1,1988,30,30,30,30,30,30,30,30,30,30
370428,1,1,1988,0,0,0,0,0,0,14,0,0,0
370429,1,1,1988,0,0,0,0,0,0,0,0,0,0
370429,2,1,1988,0,0,0,0,0,0,0,0,0,0
370430,1,1,1988,0,0,0,0,0,0,0,0,0,0
370431,1,1,1988,8,10,18,5,4,15,0,3,0,18
370432,1,1,1988,0,0,0,0,0,0,0,0,0,0
370432,2,1,1988,0,0,22,0,0,0,0,0,0,0
370433,1,1,1988,0,0,0,0,0,0,0,0,0,0
370433,2,1,1988,17,17,17,17,17,17,17,17,17,17
370434,1,1,1988,0,0,0,0,0,0,0,0,0,0
370435,0,1,1988,0,0,0,0,0,0,0,0,0,0
370435,1,1,1988,0,0,0,0,0,0,0,0,0,0
370436,0,1,1988,0,0,0,0,0,0,0,0,0,0
370436,1,1,1988,0,0,0,0,0,0,0,0,0,0
370437,1,1,1988,16,16,16,16,16,16,16,16,16,16
370438,0,1,1988,0,0,0,0,0,0,0,0,0,0
370438,1,1,1988,0,0,0,0,0,0,0,0,0,0
370439,1,1,1988,0,0,0,0,0,0,0,0,0,0
370439,2,1,1988,0,0,0,0,0,0,0,0,0,0
370440,1,1,1988,0,0,0,0,0,0,0,0,0,0
370441,1,1,1988,0,0,0,0,0,0,0,0,0,0
370442,1,1,1988,31,31,31,31,31,31,31,31,31,31
370443,1,1,1988,13,0,20,13,10,20,17,29,10,15
370443,2,1,1988,0,0,0,0,0,0,0,0,0,0
370443,3,1,1988,0,0,0,0,0,0,0,0,16,0
370444,1,1,1988,29,29,29,29,29,29,29,29,29,29
370444,2,1,1988,0,0,0,0,0,0,0,0,0,0
370445,1,1,1988,18,18,18,18,18,18,18,18,18,18
370446,1,1,1988,23,23,23,23,23,23,23,23,23,23
370447,1,1,1988,8,31,15,14,13,14,16,8,7,10
370447,2,1,1988,0,0,0,0,0,0,0,0,0,0
370448,1,1,1988,5,5,5,5,5,5,5,5,5,5
370449,1,1,1988,0,0,0,0,0,0,0,0,0,0
370450,1,1,1988,0,16,0,8,6,18,11,3,16,0
370451,1,1,1988,12,12,12,12,12,12,12,12,12,12
370451,2,1,1988,0,9,0,0,0,0,0,0,0,0
370451,3,1,1988,0,0,0,0,0,0,0,0,0,0
370451,4,1,1988,0,0,0,0,0,0,0,0,0,0
370452,1,1,1988,16,9,12,15,8,7,13,40,17,14
370452,2,1,1988,0,0,0,0,0,0,0,0,0,0
370452,3,1,1988,0,0,0,0,0,0,0,0,0,0
370453,0,1,1988,0,0,0,0,0,0,0,0,0,0
370453,1,1,1988,0,0,0,0,0,0,0,0,0,0
370454,1,1,1988,13,13,13,13,13,13,13,13,13,13
370455,1,1,1988,21,21,21,21,21,21,21,21,21,21
370456,1,1,1988,0,0,0,0,0,0,0,0,0,0
370457,1,1,1988,0,0,0,0,0,0,0,0,0,0
370457,2,1,1988,0,0,0,0,0,0,0,0,0,0
370458,0,1,1988,17,21,21,0,6,0,24,12,13,26
370458,1,1,1988,0,0,0,0,0,7,0,0,0,0
370459,1,1,1988,18,9,13,10,7,9,11,11,10,12
370459,2,1,1988,0,0,0,0,0,0,0,0,0,0
370459,3,1,1988,0,0,0,0,0,0,0,0,0,0
370460,0,1,1988,0,0,0,0,0,0,0,0,0,0
370460,1,1,1988,0,0,0,0,0,0,0,0,0,0
370461,1,1,1988,0,0,0,0,0,0,0,0,0,0
370461,2,1,1988,0,0,0,0,0,0,0,0,0,0
370461,3,1,1988,0,0,0,0,0,0,0,0,0,0
370462,0,1,1988,0,0,0,0,0,0,0,0,0,0
370462,1,1,1988,0,11,9,0,9,8,14,13,0,9
370463,1,1,1988,24,24,24,24,24,24,24,24,24,24
370464,1,1,1988,12,12,12,12,12,12,12,12,12,12
370465,1,1,1988,0,0,0,0,0,0,0,0,0,0
370465,2,1,1988,0,0,0,0,0,0,0,0,0,0
370466,1,1,1988,22,22,22,22,22,22,22,22,22,22
370466,2,1,1988,0,0,0,0,0,0,0,0,0,0
370467,1,1,1988,30,30,30,30,30,30,30,30,30,30
370468,1,1,1988,10,22,4,9,24,15,10,20,21,10
370469,1,1,1988,0,0,0,0,0,0,0,0,0,0
370469,2,1,1988,28,28,28,28,28,28,28,28,28,28
370470,0,1,1988,15,15,15,15,15,15,15,15,15,15
370470,1,1,1988,0,0,0,0,0,0,0,0,0,0
370471,0,1,1988,0,0,0,0,0,0,0,0,0,0
370471,1,1,1988,2,15,19,17,13,22,17,23,14,14
370472,1,1,1988,28,28,28,28,28,28,28,28,28,28
370473,1,1,1988,0,0,0,0,0,0,0,0,0,0
370473,2,1,1988,0,0,0,0,0,0,0,0,0,0
370474,1,1,1988,0,0,0,0,0,0,0,0,0,0
370474,2,1,1988,0,0,0,6,0,0,0,0,0,0
370474,3,1,1988,0,0,0,0,0,0,0,0,0,0
370475,1,1,1988,0,0,0,0,0,0,0,0,0,0
370475,2,1,1988,0,0,0,0,0,0,0,0,0,0
370476,1,1,1988,8,0,16,8,2,18,17,9,17,11
370477,0,1,1988,0,0,0,0,0,0,0,0,0,0
370477,1,1,1988,0,5,0,0,0,0,0,0,0,0
370478,1,1,1988,18,34,0,15,14,11,6,12,10,12
370478,2,1,1988,0,0,0,0,0,0,0,0,0,0
370479,1,1,1988,10,10,10,10,10,10,10,10,10,10
370480,1,1,1988,0,0,0,0,0,0,0,0,0,0
370480,2,1,1988,0,0,0,0,0,0,0,0,0,0
370481,0,1,1988,55,55,55,55,55,55,55,55,55,55
370481,1,1,1988,21,15,17,18,17,26,19,17,0,14
370482,1,1,1988,0,0,0,0,0,0,0,0,0,0
370482,2,1,1988,19,19,19,19,19,19,19,19,19,19
370483,1,1,1988,25,25,25,25,25,25,25,25,25,25
370484,1,1,1988,0,0,0,0,0,0,0,0,0,0
370484,2,1,1988,0,0,0,0,0,0,0,0,0,0
370485,1,1,1988,0,0,0,0,0,0,0,0,0,0
370485,2,1,1988,17,0,9,6,7,13,0,11,0,15
370486,0,1,1988,0,0,0,0,0,0,0,0,0,0
370486,1,1,1988,24,21,14,21,8,13,7,9,10,7
370487,0,1,1988,0,0,0,0,0,0,0,0,0,0
370487,1,1,1988,0,0,0,0,0,0,0,0,0,0
370488,1,1,1988,0,0,0,0,0,0,0,0,0,0
370488,2,1,1988,0,0,0,0,0,0,0,0,0,0
370489,0,1,1988,0,0,0,0,0,0,0,0,0,0
370489,1,1,1988,0,0,0,0,0,0,0,0,0,0
370490,1,1,1988,0,0,0,0,0,0,0,0,0,0
370490,2,1,1988,0,0,0,0,0,0,0,0,0,0
370491,0,1,1988,0,0,0,0,0,0,0,0,0,0
370491,1,1,1988,0,0,0,0,0,0,0,0,0,0
370492,1,1,1988,10,0,0,0,0,0,0,0,0,0
370492,2,1,1988,0,0,0,0,0,0,0,0,0,0