ST_CASE,VEH_NO,PER_NO,YEAR,P1,P2,P3,P4,P5,P6,P7,P8,P9,P10
370493,1,1,1988,0,0,23,0,0,0,0,15,0,0
370493,2,1,1988,0,0,0,0,0,0,0,0,0,0
370494,1,1,1988,0,18,0,0,27,26,0,0,21,0
370495,1,1,1988,15,15,15,15,15,15,15,15,15,15
370496,1,1,1988,0,0,0,0,0,0,7,0,14,0
370497,1,1,1988,0,0,0,0,0,0,29,0,0,0
370497,2,1,1988,10,10,10,10,10,10,10,10,10,10
370498,1,1,1988,24,24,24,24,24,24,24,24,24,24
370498,2,1,1988,0,0,0,0,0,0,23,0,0,0
370499,1,1,1988,19,19,19,19,19,19,19,19,19,19
370500,1,1,1988,0,0,0,0,0,0,0,0,0,0
370500,2,1,1988,0,0,0,0,0,0,0,0,0,0
370500,3,1,1988,0,0,0,0,0,0,0,0,0,0
370500,4,1,1988,0,0,0,0,0,0,0,0,0,0
370501,1,1,1988,0,0,0,0,0,0,0,0,0,0
370501,2,1,1988,0,0,0,0,0,0,0,0,0,0
370502,1,1,1988,0,0,0,0,0,0,0,0,0,0
370502,2,1,1988,0,0,0,0,0,0,0,0,0,0
370503,1,1,1988,0,12,6,24,8,0,0,25,8,0
370503,2,1,1988,0,0,0,0,0,0,0,0,0,0
370504,0,1,1988,0,0,0,0,0,0,0,0,0,0
370504,1,1,1988,0,0,0,0,0,0,0,0,0,0
370505,1,1,1988,0,0,0,42,0,25,0,0,0,0
370506,1,1,1988,0,0,0,0,0,0,0,0,0,0
370506,2,1,1988,0,0,0,0,0,0,0,0,0,0
370506,3,1,1988,0,0,0,0,0,0,24,0,14,0
370507,1,1,1988,16,4,16,19,0,12,16,18,13,26
370508,1,1,1988,18,23,13,3,23,0,18,19,0,16
370509,1,1,1988,0,0,0,0,0,0,0,0,0,0
370510,0,1,1988,0,0,0,0,0,0,0,0,0,0
370510,1,1,1988,0,0,0,0,0,0,0,0,0,0
370511,1,1,1988,0,0,0,0,0,0,0,0,0,0
370511,2,1,1988,0,13,23,18,11,14,9,12,7,8
370512,1,1,1988,0,0,0,0,0,0,0,0,0,0
370512,2,1,1988,0,0,0,0,0,0,0,0,0,0
370513,1,1,1988,19,19,19,19,19,19,19,19,19,19
370514,1,1,1988,14,14,14,14,14,14,14,14,14,14
370515,1,1,1988,32,32,32,32,32,32,32,32,32,32
370515,2,1,1988,0,0,0,0,0,0,0,0,0,0
370516,1,1,1988,23,21,8,18,5,22,19,22,17,12
370516,2,1,1988,0,0,0,0,0,0,0,0,0,0
370517,1,1,1988,30,30,30,30,30,30,30,30,30,30
370518,1,1,1988,0,0,0,0,0,0,0,0,0,0
370519,1,1,1988,16,16,16,16,16,16,16,16,16,16
370520,1,1,1988,20,20,20,20,20,20,20,20,20,20
370521,1,1,1988,0,0,0,0,0,0,0,0,0,0
370522,1,1,1988,29,29,29,29,29,29,29,29,29,29
370523,1,1,1988,0,0,0,0,0,0,0,0,0,0
370523,2,1,1988,0,0,0,0,0,0,0,0,0,0
370523,3,1,1988,0,0,0,0,0,0,0,0,0,0
370523,4,1,1988,0,0,0,0,0,0,0,0,0,0
370524,0,1,1988,0,0,0,0,0,0,0,0,0,0
370524,1,1,1988,4,0,0,0,0,0,0,0,0,0
370525,1,1,1988,0,20,13,21,23,10,4,28,3,4
370526,1,1,1988,0,0,0,0,0,0,0,0,0,0
370526,2,1,1988,0,0,0,0,0,0,4,0,0,0
370527,1,1,1988,17,9,22,13,8,13,47,6,36,19
370528,0,1,1988,0,0,0,0,0,0,0,0,0,0
370528,1,1,1988,0,0,0,0,0,0,0,0,0,0
370529,1,1,1988,0,0,0,0,0,0,0,11,0,0
370530,1,1,1988,22,22,22,22,22,22,22,22,22,22
370531,0,1,1988,0,0,0,0,0,0,0,0,0,0
370531,1,1,1988,0,0,0,0,0,0,0,0,0,0
370532,1,1,1988,0,0,0,0,0,0,0,0,0,0
370533,1,1,1988,0,0,0,0,0,0,0,0,0,0
370534,1,1,1988,15,15,15,15,15,15,15,15,15,15
370535,1,1,1988,0,0,0,0,0,0,0,0,0,0
370535,2,1,1988,0,0,0,0,0,0,0,0,0,0
370536,1,1,1988,0,13,18,19,17,11,14,13,28,13
370536,2,1,1988,0,0,0,0,0,0,0,0,0,0
370537,1,1,1988,0,0,0,0,0,0,0,0,0,0
370537,2,1,1988,0,0,0,0,0,0,0,0,0,0
370537,3,1,1988,0,0,0,0,0,0,0,0,0,0
370538,1,1,1988,0,0,0,0,0,0,0,0,0,0
370538,2,1,1988,0,0,0,0,0,0,0,0,0,0
370539,1,1,1988,0,0,0,0,0,0,0,0,0,0
370539,2,1,1988,0,0,0,0,0,0,0,0,0,0
370540,1,1,1988,0,0,0,0,0,0,0,0,0,0
370540,2,1,1988,0,0,0,0,0,0,0,0,0,0
370540,3,1,1988,0,0,0,0,0,0,0,0,0,0
370541,1,1,1988,0,0,0,0,0,0,0,0,0,0
370541,2,1,1988,0,0,0,0,0,0,0,0,0,0
370542,1,1,1988,5,19,20,10,0,12,0,20,11,0
370542,2,1,1988,0,24,4,12,21,33,15,7,7,32
370543,1,1,1988,0,0,0,0,0,0,0,0,0,0
370543,2,1,1988,0,0,0,0,0,0,0,0,0,0
370544,1,1,1988,0,0,0,0,0,0,0,0,0,0
370545,1,1,1988,21,21,21,21,21,21,21,21,21,21
370546,1,1,1988,25,25,25,25,25,25,25,25,25,25
370547,1,1,1988,11,11,11,11,11,11,11,11,11,11
370548,1,1,1988,10,10,10,10,10,10,10,10,10,10
370549,1,1,1988,16,26,18,15,6,10,14,13,13,27
370550,1,1,1988,0,0,0,0,0,0,0,8,0,0
370550,2,1,1988,0,0,0,0,0,0,0,0,0,0
370551,1,1,1988,18,18,18,18,18,18,18,18,18,18
370552,1,1,1988,21,16,27,16,8,11,11,21,9,7
370553,1,1,1988,0,0,0,0,0,0,0,0,0,0
370554,1,1,1988,0,0,0,0,0,0,0,0,0,0
370554,2,1,1988,0,0,0,0,0,0,0,0,0,0
370555,0,1,1988,0,0,0,0,0,0,0,0,0,0
370555,1,1,1988,0,0,0,0,0,0,0,0,0,4
370556,1,1,1988,0,0,0,0,0,0,0,0,0,0
370557,0,1,1988,0,0,0,0,0,0,0,0,0,0
370557,1,1,1988,0,0,0,0,0,0,0,0,0,0
370557,2,1,1988,0,0,0,0,0,0,0,0,0,0
370558,1,1,1988,4,4,4,4,4,4,4,4,4,4
370558,2,1,1988,0,0,0,0,0,0,0,0,0,0
370559,0,1,1988,15,15,15,15,15,15,15,15,15,15
370559,0,2,1988,0,14,0,33,8,0,28,0,0,15
370559,1,1,1988,32,21,16,16,20,15,18,12,22,28
370560,1,1,1988,0,0,0,0,0,0,0,0,0,0
370561,1,1,1988,17,0,18,17,0,13,0,9,0,0
370562,1,1,1988,0,0,0,0,0,0,0,0,0,0
370562,2,1,1988,0,0,0,0,0,0,0,0,0,0
370563,0,1,1988,15,15,15,15,15,15,15,15,15,15
370563,1,1,1988,0,0,0,0,0,0,0,0,0,0
370564,1,1,1988,0,0,0,0,0,0,0,0,0,0
370565,1,1,1988,19,19,19,19,19,19,19,19,19,19
370566,1,1,1988,0,0,0,0,0,0,0,0,0,0
370566,2,1,1988,17,20,10,25,16,39,16,12,24,18
370567,1,1,1988,0,0,0,0,0,0,0,0,0,0
370568,1,1,1988,0,0,0,0,0,0,0,0,0,0
370568,2,1,1988,0,0,0,0,0,0,0,0,0,0
370569,1,1,1988,0,0,0,0,0,0,0,0,0,0
370569,2,1,1988,0,0,0,0,0,0,0,0,0,0
370570,1,1,1988,0,0,0,0,0,0,0,0,0,0
370570,2,1,1988,0,0,0,0,0,0,0,0,0,0
370571,1,1,1988,0,7,0,0,0,0,0,0,0,0
370572,1,1,1988,0,0,0,0,0,0,0,0,0,0
370573,1,1,1988,27,18,16,16,24,8,17,29,24,12
370574,1,1,1988,0,0,0,0,0,0,0,0,0,0
370575,0,1,1988,30,30,30,30,30,30,30,30,30,30
370575,1,1,1988,0,0,0,3,11,0,0,0,21,0
370576,1,1,1988,0,0,0,0,0,0,0,0,0,0
370577,1,1,1988,13,14,17,15,9,19,18,29,0,10
370578,1,1,1988,5,17,11,0,0,9,2,12,13,0
370579,1,1,1988,0,0,0,0,0,0,0,0,0,0
370580,1,1,1988,0,0,15,0,0,0,0,0,18,0
370580,2,1,1988,0,0,0,0,0,30,0,0,0,0
370581,1,1,1988,0,0,0,0,0,0,0,0,0,0
370581,2,1,1988,0,0,0,0,0,0,0,0,0,0
370582,1,1,1988,20,5,19,9,8,28,20,7,7,12
370583,1,1,1988,0,0,0,0,0,0,0,0,0,0
370583,2,1,1988,0,0,0,0,0,0,0,0,22,0
370584,1,1,1988,0,0,0,0,0,0,0,0,0,0
370584,2,1,1988,0,0,0,0,0,0,0,0,0,0
370585,1,1,1988,0,0,0,0,0,0,0,0,0,0
370585,2,1,1988,0,0,0,0,0,0,0,0,0,0
370586,0,1,1988,0,0,0,0,0,0,0,0,0,0
370586,1,1,1988,0,0,0,0,0,0,0,0,0,0
370587,1,1,1988,16,19,20,0,33,0,16,3,13,7
370587,2,1,1988,0,0,0,0,0,0,0,0,0,0
370588,1,1,1988,17,17,17,17,17,17,17,17,17,17
370589,0,1,1988,0,0,0,0,0,0,0,0,0,0
370589,1,1,1988,0,0,0,0,0,33,0,0,0,0
370590,1,1,1988,19,12,14,33,12,26,13,9,11,12
370591,1,1,1988,20,20,20,20,20,20,20,20,20,20
370592,1,1,1988,21,19,33,17,18,19,17,22,22,10
370593,1,1,1988,0,0,0,0,0,0,0,0,0,0
370594,1,1,1988,0,0,0,0,0,0,0,0,4,0
370594,2,1,1988,0,0,0,0,0,0,0,0,0,0
370595,1,1,1988,0,0,0,0,0,0,0,0,0,0
370595,2,1,1988,0,0,0,0,0,0,0,0,0,0
370595,3,1,1988,0,0,0,0,0,0,0,0,0,0
370596,1,1,1988,0,0,0,0,0,0,0,0,0,0
370596,2,1,1988,0,0,0,0,0,0,0,0,0,0
370597,1,1,1988,9,0,0,0,0,0,0,0,0,0
370597,2,1,1988,0,0,0,0,0,0,0,0,0,0
370598,1,1,1988,0,0,0,0,0,0,0,0,0,0
370599,1,1,1988,0,0,0,0,0,0,0,0,0,0
370599,2,1,1988,0,0,0,0,0,0,0,0,0,0
370600,1,1,1988,0,0,0,0,0,0,0,0,0,0
370600,2,1,1988,0,0,0,0,0,0,0,0,0,0
370600,3,1,1988,0,0,0,0,0,0,0,0,0,0
370600,4,1,1988,0,0,0,0,0,0,0,0,0,0
370601,1,1,1988,29,29,29,29,29,29,29,29,29,29
370602,0,1,1988,23,23,23,23,23,23,23,23,23,23
370602,1,1,1988,0,5,0,0,0,0,0,0,12,0
370603,1,1,1988,0,0,0,0,0,0,0,0,0,0
370604,1,1,1988,0,0,0,0,0,0,0,0,0,0
370605,1,1,1988,0,0,0,0,0,0,0,0,0,0
370606,1,1,1988,0,6,19,9,10,14,7,12,11,12
370607,1,1,1988,0,0,0,0,0,0,0,0,0,0
370608,0,1,1988,18,18,18,18,18,18,18,18,18,18
370608,1,1,1988,6,15,12,25,12,12,21,26,22,20
370609,0,1,1988,0,0,0,0,0,0,0,0,0,0
370609,1,1,1988,0,0,0,0,27,0,0,0,0,0
370610,1,1,1988,0,0,0,0,0,0,0,0,0,0
370610,2,1,1988,0,0,0,0,0,0,0,0,0,0
370611,1,1,1988,20,20,20,20,20,20,20,20,20,20
370612,1,1,1988,0,0,0,0,0,0,0,0,0,0
370612,2,1,1988,0,0,0,0,0,0,0,0,0,0
370613,1,1,1988,0,0,0,26,0,0,0,0,0,0
370614,1,1,1988,30,30,30,30,30,30,30,30,30,30
370615,1,1,1988,0,0,0,0,0,0,0,0,0,0
370615,2,1,1988,0,0,0,0,0,0,0,0,0,0
370615,3,1,1988,0,0,0,0,0,0,0,0,0,0
370616,1,1,1988,0,0,0,0,0,0,0,0,0,0
370617,1,1,1988,0,0,0,0,0,0,0,0,0,0
370618,1,1,1988,0,0,0,0,0,0,0,0,0,0
370619,1,1,1988,0,0,0,0,0,0,0,0,0,0
370619,2,1,1988,0,0,0,0,0,0,0,0,0,0
370620,1,1,1988,0,0,0,0,0,0,0,0,0,0
370620,2,1,1988,0,0,0,0,0,0,0,0,0,0
370620,3,1,1988,0,0,0,0,0,0,0,0,0,0
370621,0,1,1988,0,0,0,0,0,0,0,0,0,0
370621,1,1,1988,0,0,0,0,0,0,0,0,0,0
370622,0,1,1988,51,51,51,51,51,51,51,51,51,51
370622,1,1,1988,0,0,0,0,0,0,0,0,0,0
370623,1,1,1988,0,0,0,0,0,0,0,0,0,0
370623,2,1,1988,0,0,0,0,0,0,0,0,0,0
370624,1,1,1988,18,18,18,18,18,18,18,18,18,18
370625,1,1,1988,0,0,0,0,0,0,0,7,0,0
370625,2,1,1988,0,0,0,0,0,0,0,0,0,0
370626,1,1,1988,0,0,0,0,0,0,0,0,0,0
370626,2,1,1988,0,0,0,0,0,0,0,0,0,0
370626,3,1,1988,0,0,0,0,0,0,0,0,0,0
370627,1,1,1988,0,0,0,0,0,0,0,0,0,0
370628,1,1,1988,28,28,28,28,28,28,28,28,28,28
370629,1,1,1988,12,14,16,31,30,20,10,21,26,23
370630,0,1,1988,43,43,43,43,43,43,43,43,43,43
370630,1,1,1988,0,0,0,0,0,0,0,0,0,0
370631,1,1,1988,0,0,0,0,0,0,0,0,0,0
370631,2,1,1988,0,0,0,0,0,0,0,0,0,0
370632,0,1,1988,30,30,30,30,30,30,30,30,30,30
370632,1,1,1988,0,0,0,0,0,0,0,0,0,0
370633,1,1,1988,5,9,14,5,41,17,8,7,14,12
370634,1,1,1988,28,28,28,28,28,28,28,28,28,28
370635,0,1,1988,32,32,32,32,32,32,32,32,32,32
370635,1,1,1988,14,24,27,12,15,4,0,18,20,18
370636,1,1,1988,0,0,0,0,0,0,0,0,0,0
370636,2,1,1988,0,0,0,0,0,0,0,0,0,0
370637,1,1,1988,0,0,0,0,0,0,0,0,0,0
370637,2,1,1988,0,0,0,0,0,0,0,0,0,0
370638,1,1,1988,0,0,0,0,0,0,0,0,0,0
370639,1,1,1988,0,0,0,0,0,0,0,0,0,0
370639,2,1,1988,0,0,0,0,0,0,0,0,0,0
370640,1,1,1988,15,15,15,15,15,15,15,15,15,15
370641,1,1,1988,0,0,0,0,0,0,0,0,0,0
370641,2,1,1988,19,0,0,0,0,0,0,0,0,0
370642,1,1,1988,0,8,0,0,0,0,0,5,0,0
370642,2,1,1988,19,0,0,0,0,0,0,0,17,0
370643,1,1,1988,0,0,0,0,0,0,0,0,0,0
370643,2,1,1988,0,0,0,0,0,0,0,0,0,0
370644,1,1,1988,0,0,0,0,0,0,6,0,0,0
370644,2,1,1988,0,0,0,0,0,0,0,0,0,0
370645,1,1,1988,0,0,0,0,0,0,0,0,0,0
370645,2,1,1988,0,0,0,0,0,0,0,0,0,0
370645,3,1,1988,0,0,0,0,0,0,0,0,0,0
370646,1,1,1988,9,23,6,34,22,26,23,11,30,22
370647,1,1,1988,16,16,16,16,16,16,16,16,16,16
370648,1,1,1988,13,13,13,13,13,13,13,13,13,13
370649,1,1,1988,0,0,0,0,0,0,0,0,0,0
370650,1,1,1988,8,8,8,8,8,8,8,8,8,8
370651,0,1,1988,0,0,0,0,0,0,0,0,0,0
370651,1,1,1988,0,0,0,0,0,0,0,0,0,0
370652,1,1,1988,0,0,0,0,0,0,0,0,0,0
370653,1,1,1988,22,22,22,22,22,22,22,22,22,22
370653,2,1,1988,0,0,0,0,0,0,0,0,0,0
370654,1,1,1988,0,0,0,0,0,0,0,0,0,0
370655,1,1,1988,0,27,10,10,0,10,13,34,15,0
370655,2,1,1988,0,0,0,0,0,0,0,0,0,0
370655,3,1,1988,0,0,0,0,0,0,0,0,0,0
370656,1,1,1988,0,0,0,0,0,0,0,0,0,0
370656,2,1,1988,0,0,0,0,0,0,0,0,0,0
370657,1,1,1988,0,0,0,0,20,0,0,0,0,0
370657,2,1,1988,0,0,0,0,0,0,10,0,0,0
370658,1,1,1988,5,5,5,5,5,5,5,5,5,5
370659,1,1,1988,0,0,12,0,11,0,0,0,0,0
370660,1,1,1988,0,0,0,0,0,0,0,0,0,0
370661,1,1,1988,24,24,24,24,24,24,24,24,24,24
370662,1,1,1988,18,18,18,18,18,18,18,18,18,18
370663,0,1,1988,0,0,0,0,0,0,0,0,0,0
370663,1,1,1988,0,0,0,0,0,0,0,0,0,0
370664,1,1,1988,9,19,9,13,31,21,19,10,6,22
370666,0,1,1988,0,37,0,7,0,17,0,7,12,0
370667,1,1,1988,0,23,0,8,0,0,0,0,15,0
370667,2,1,1988,0,0,0,0,0,0,0,0,0,0
370667,3,1,1988,0,0,0,0,0,0,0,0,0,0
370667,4,1,1988,0,0,0,0,0,0,0,0,0,0
370667,5,1,1988,0,0,15,0,0,0,0,13,0,0
370668,1,1,1988,28,28,28,28,28,28,28,28,28,28
370669,0,1,1988,0,0,0,0,0,0,0,0,0,0
370669,0,2,1988,0,0,0,0,0,0,0,0,0,13
370669,1,1,1988,0,0,0,0,0,8,0,0,7,0
370669,2,1,1988,0,0,0,0,0,0,0,0,0,0
370670,0,1,1988,19,19,19,19,19,19,19,19,19,19
370670,1,1,1988,0,0,0,0,0,0,0,0,0,0
370671,1,1,1988,16,16,16,16,16,16,16,16,16,16
370671,2,1,1988,0,0,0,0,0,0,0,0,0,0
370672,1,1,1988,11,0,11,0,18,9,7,12,9,11
370672,2,1,1988,17,17,17,17,17,17,17,17,17,17
370673,0,1,1988,30,30,30,30,30,30,30,30,30,30
370673,1,1,1988,6,10,22,0,8,24,7,0,14,8
370674,1,1,1988,18,27,24,15,26,34,9,13,13,0
370675,1,1,1988,0,0,0,0,0,18,0,7,0,0
370675,2,1,1988,0,0,0,0,0,0,0,0,0,0
370676,1,1,1988,0,0,0,0,0,0,0,0,0,0
370676,2,1,1988,0,0,0,0,0,0,0,0,0,0
370677,0,1,1988,0,0,0,0,0,0,0,0,0,0
370677,1,1,1988,0,0,0,0,0,0,0,0,0,0
370678,1,1,1988,0,0,0,0,0,0,0,0,0,0
370678,2,1,1988,0,0,0,0,0,0,0,0,0,0
370679,1,1,1988,26,25,16,6,23,19,24,18,15,18
370680,1,1,1988,13,13,13,13,13,13,13,13,13,13
370680,2,1,1988,0,0,3,0,0,0,0,0,0,0
370680,3,1,1988,0,0,0,0,0,0,0,0,0,0
370681,0,1,1988,0,0,0,0,38,33,0,0,39,0
370681,0,2,1988,0,0,0,0,0,23,0,0,0,0
370681,1,1,1988,0,0,0,0,0,0,0,0,0,0
370682,1,1,1988,0,0,0,0,0,0,0,0,16,0
370682,2,1,1988,32,32,32,32,32,32,32,32,32,32
370683,1,1,1988,0,0,0,0,0,0,0,0,0,0
370683,2,1,1988,0,0,17,0,0,0,0,0,0,0
370684,1,1,1988,0,0,0,0,0,0,0,0,0,0
370684,2,1,1988,0,0,0,0,0,0,0,0,0,0
370685,1,1,1988,0,0,0,0,0,0,0,0,0,0
370686,1,1,1988,0,0,0,0,0,0,0,0,0,0
370686,2,1,1988,0,0,0,0,0,0,0,14,0,0
370687,0,1,1988,26,26,26,26,26,26,26,26,26,26
370687,1,1,1988,0,0,0,0,0,0,0,0,0,0
370688,1,1,1988,0,0,0,0,0,0,0,0,0,0
370688,2,1,1988,0,0,0,0,0,0,0,0,0,0
370689,0,1,1988,0,0,0,0,0,0,0,0,0,0
370689,0,2,1988,0,14,22,0,0,0,0,0,0,0
370689,1,1,1988,9,16,12,0,21,0,17,5,11,18
370690,1,1,1988,0,0,0,0,0,0,0,0,0,0
370691,1,1,1988,9,9,9,9,9,9,9,9,9,9
370692,1,1,1988,3,3,3,3,3,3,3,3,3,3
370693,1,1,1988,0,0,36,0,0,0,11,24,3,3
370693,2,1,1988,0,0,0,0,0,0,0,0,0,0
370694,1,1,1988,0,0,0,0,0,0,0,0,0,0
370694,2,1,1988,0,0,0,0,0,0,0,0,0,0
370694,3,1,1988,0,0,0,0,0,0,0,0,0,0
370695,1,1,1988,0,0,0,0,0,0,0,12,0,0
370695,2,1,1988,0,0,0,0,0,0,0,0,0,0
370696,1,1,1988,2,2,2,2,2,2,2,2,2,2
370697,1,1,1988,15,15,15,15,15,15,15,15,15,15
370697,2,1,1988,21,21,21,21,21,21,21,21,21,21
370698,1,1,1988,0,0,0,0,0,0,0,0,0,0
370699,1,1,1988,0,0,0,0,0,0,0,0,0,20
370700,1,1,1988,22,22,22,22,22,22,22,22,22,22
370701,1,1,1988,0,0,0,0,0,0,0,0,0,0
370701,2,1,1988,0,14,0,0,0,0,0,19,0,0
370702,1,1,1988,0,0,0,0,0,0,0,0,0,0
370703,0,1,1988,28,28,28,28,28,28,28,28,28,28
370703,1,1,1988,9,0,0,13,0,0,0,37,7,0
370704,1,1,1988,0,0,0,0,0,0,0,0,0,0
370704,2,1,1988,0,0,0,0,0,0,0,0,0,0
370705,0,1,1988,29,29,29,29,29,29,29,29,29,29
370705,1,1,1988,0,0,0,0,7,19,0,0,0,0
370706,1,1,1988,0,0,0,0,0,0,0,0,0,0
370706,2,1,1988,22,0,13,20,8,0,8,22,13,10
370707,0,1,1988,0,0,0,0,0,0,0,0,0,0
370707,1,1,1988,0,0,0,0,26,0,0,0,0,0
370708,1,1,1988,0,0,0,0,0,0,0,0,0,0
370708,2,1,1988,0,0,0,0,0,0,0,0,0,0
370709,0,1,1988,0,0,0,0,0,0,0,0,0,0
370709,1,1,1988,0,0,0,0,0,0,0,0,0,0
370710,1,1,1988,24,24,24,24,24,24,24,24,24,24
370711,1,1,1988,0,0,10,0,0,0,0,0,0,0
370711,2,1,1988,0,0,0,0,0,0,0,0,0,0
370712,0,1,1988,16,16,16,16,16,16,16,16,16,16
370712,1,1,1988,0,0,0,0,0,0,0,0,0,0
370713,1,1,1988,0,0,0,0,0,0,0,0,0,0
370714,1,1,1988,0,0,0,0,0,0,0,0,0,0
370715,1,1,1988,0,0,0,0,0,0,0,0,0,0
370715,2,1,1988,0,0,0,0,0,0,0,0,0,0
370716,1,1,1988,0,0,0,0,0,0,0,0,0,0
370716,2,1,1988,0,0,0,0,0,0,0,0,0,0
370717,1,1,1988,0,0,0,0,0,0,0,0,0,0
370717,2,1,1988,0,0,0,0,0,0,0,0,0,0
370718,1,1,1988,0,0,0,15,0,0,0,0,0,0
370718,2,1,1988,0,0,0,0,0,0,0,0,0,0
370719,0,1,1988,0,0,0,0,0,0,0,0,0,0
370719,1,1,1988,0,0,0,0,0,0,0,0,0,0
370720,1,1,1988,0,0,0,0,0,0,0,0,0,0
370721,1,1,1988,0,0,0,0,0,0,0,0,0,0
370721,2,1,1988,0,0,0,0,0,0,0,0,0,0
370722,1,1,1988,0,0,0,0,0,0,0,0,0,0
370723,1,1,1988,0,0,0,0,0,0,0,0,0,0
370723,2,1,1988,0,0,0,0,0,0,0,0,0,0
370723,3,1,1988,0,0,0,0,0,0,0,0,0,0
370723,4,1,1988,0,0,0,0,0,0,0,0,0,0
370724,1,1,1988,0,0,0,0,0,0,0,0,0,0
370724,2,1,1988,0,0,0,0,0,0,0,0,0,0
370725,1,1,1988,0,0,0,0,0,0,0,0,0,0
370725,2,1,1988,13,23,3,10,0,8,7,20,16,23
370726,1,1,1988,0,0,0,0,0,0,0,0,0,0
370727,1,1,1988,0,0,0,12,0,0,0,8,0,0
370727,2,1,1988,0,0,0,0,0,0,0,0,0,0
370728,0,1,1988,0,0,0,0,0,0,0,0,0,0
370728,1,1,1988,0,0,0,0,0,0,0,0,0,0
370728,2,1,1988,0,0,0,0,0,0,0,0,0,0
370729,1,1,1988,32,32,32,32,32,32,32,32,32,32
370730,1,1,1988,0,0,0,0,0,0,0,0,0,0
370730,2,1,1988,0,0,0,0,0,0,0,0,0,0
370731,1,1,1988,0,0,0,0,0,0,0,0,0,0
370731,2,1,1988,0,0,0,0,0,0,0,0,0,0
370732,1,1,1988,0,0,0,0,0,0,0,0,0,0
370732,2,1,1988,21,21,21,21,21,21,21,21,21,21
370733,1,1,1988,0,0,0,0,0,0,0,0,0,0
370733,2,1,1988,0,0,0,0,0,0,0,0,0,0
370734,0,1,1988,22,22,22,22,22,22,22,22,22,22
370734,1,1,1988,0,0,0,0,0,0,0,0,0,0
370735,1,1,1988,0,0,0,0,0,0,0,0,0,0
370736,1,1,1988,0,0,0,0,0,0,0,0,0,0
370737,1,1,1988,0,0,10,0,0,0,0,13,0,0
370737,2,1,1988,0,0,0,0,0,0,0,0,0,0
370738,1,1,1988,0,0,0,0,0,0,0,0,0,0
370739,1,1,1988,0,0,0,0,0,0,7,0,0,0
370740,1,1,1988,19,10,14,23,13,31,15,5,26,45
370741,1,1,1988,0,0,0,0,0,0,0,0,0,0
370741,2,1,1988,0,0,0,0,0,0,0,0,0,0
370741,3,1,1988,0,0,0,0,0,0,0,0,0,0
370741,4,1,1988,0,0,0,0,0,0,0,0,0,0
370741,5,1,1988,0,0,0,0,0,0,0,0,0,0
370741,6,1,1988,0,0,0,0,0,0,0,0,0,0
370741,7,1,1988,0,0,0,0,0,0,0,0,0,0
370741,8,1,1988,0,0,0,0,0,0,0,0,0,0
370742,0,1,1988,0,0,0,0,0,0,0,0,0,0
370742,1,1,1988,11,5,0,12,0,0,24,0,5,4
370743,1,1,1988,20,20,20,20,20,20,20,20,20,20
370743,2,1,1988,0,0,0,0,0,0,0,0,0,0
370744,1,1,1988,0,0,0,0,0,0,0,0,0,0
370744,2,1,1988,0,0,0,0,0,0,0,0,0,0
370745,1,1,1988,11,12,6,24,14,0,11,5,10,14
370746,0,1,1988,0,0,0,0,0,0,0,0,0,0
370746,1,1,1988,0,0,0,0,0,0,0,0,0,0
370747,1,1,1988,0,0,0,0,0,0,0,0,0,0
370747,2,1,1988,0,0,0,0,0,0,0,0,0,0
370748,1,1,1988,17,17,17,17,17,17,17,17,17,17
370749,1,1,1988,0,0,0,0,0,0,0,0,0,0
370749,2,1,1988,0,0,0,0,0,0,0,0,0,0
370750,1,1,1988,0,0,0,0,0,0,0,0,0,0
370750,2,1,1988,0,0,0,0,0,0,0,0,0,0
370751,1,1,1988,0,0,0,0,0,0,0,0,0,0
370752,1,1,1988,0,0,0,3,0,0,0,0,0,0
370752,2,1,1988,0,0,0,0,0,0,0,0,0,0
370753,1,1,1988,0,0,0,0,0,0,0,0,0,0
370753,2,1,1988,0,0,0,14,0,0,0,0,0,14
370754,1,1,1988,10,10,10,10,10,10,10,10,10,10
370755,0,1,1988,0,0,0,0,0,0,0,0,0,0
370755,1,1,1988,22,8,12,11,15,31,15,19,7,10
370755,2,1,1988,0,0,0,0,0,0,0,0,0,0
370756,1,1,1988,0,0,0,0,0,0,0,0,0,0
370756,2,1,1988,0,0,0,0,0,0,0,0,0,0
370757,1,1,1988,0,0,0,0,0,0,0,0,0,0
370757,2,1,1988,0,0,0,0,0,0,0,0,0,0
370757,3,1,1988,0,0,0,0,0,0,0,0,0,0
370758,1,1,1988,0,0,0,0,0,0,0,0,0,0
370758,2,1,1988,0,0,0,0,0,0,0,0,0,0
370758,3,1,1988,0,0,0,0,0,41,0,0,0,27
370759,0,1,1988,29,29,29,29,29,29,29,29,29,29
370759,1,1,1988,0,0,0,0,0,0,0,0,0,0
370760,1,1,1988,8,8,5,20,13,13,10,31,29,15
370761,1,1,1988,0,0,0,0,0,0,0,0,0,0
370761,2,1,1988,0,0,0,0,0,0,0,0,0,0
370762,1,1,1988,0,0,0,0,0,0,0,0,0,0
370762,2,1,1988,0,0,0,0,0,0,0,0,0,0
370763,0,1,1988,0,0,0,0,0,0,0,0,0,0
370763,1,1,1988,0,0,0,0,0,0,0,0,0,0
370764,1,1,1988,17,0,0,0,0,0,0,0,0,0
370765,1,1,1988,0,0,0,0,0,0,0,0,0,0
370765,2,1,1988,0,0,0,0,0,0,0,0,0,0
370766,1,1,1988,23,23,23,23,23,23,23,23,23,23
370767,1,1,1988,0,0,0,0,0,0,0,0,0,0
370767,2,1,1988,0,0,0,0,0,0,0,0,0,0
370768,1,1,1988,0,0,0,0,0,0,0,0,0,0
370769,1,1,1988,0,35,15,24,40,13,10,24,21,4