ST_CASE,VEH_NO,PER_NO,YEAR,P1,P2,P3,P4,P5,P6,P7,P8,P9,P10
371063,1,1,1988,0,0,0,0,0,0,0,0,0,0
371063,2,1,1988,20,20,20,20,20,20,20,20,20,20
371063,3,1,1988,0,0,0,0,0,0,0,0,0,0
371064,1,1,1988,0,0,0,0,0,0,0,0,0,11
371065,0,1,1988,0,0,0,0,0,0,0,0,0,0
371065,0,2,1988,12,0,0,0,0,0,0,0,27,0
371065,1,1,1988,0,0,0,0,0,0,0,0,0,0
371066,0,1,1988,11,11,11,11,11,11,11,11,11,11
371066,1,1,1988,0,0,20,0,0,0,0,0,0,0
371067,1,1,1988,0,0,0,0,0,0,0,0,0,0
371067,2,1,1988,0,0,0,0,0,0,0,0,0,0
371067,3,1,1988,0,0,0,0,0,0,0,0,0,0
371068,1,1,1988,0,0,0,0,0,0,0,0,0,0
371068,2,1,1988,0,0,0,0,10,0,0,0,0,0
371068,3,1,1988,0,0,0,0,0,0,0,0,0,0
371068,4,1,1988,0,0,0,0,0,3,0,0,0,0
371069,1,1,1988,16,12,20,14,21,27,15,12,3,18
371070,1,1,1988,22,22,22,22,22,22,22,22,22,22
371071,1,1,1988,0,0,0,0,0,0,0,0,0,0
371071,2,1,1988,0,0,0,0,0,0,0,0,0,0
371072,1,1,1988,33,33,33,33,33,33,33,33,33,33
371072,2,1,1988,0,0,0,0,0,0,4,0,0,0
371073,1,1,1988,0,0,0,0,0,0,0,0,0,0
371074,0,1,1988,0,0,0,0,0,0,0,0,0,0
371074,1,1,1988,0,0,0,0,0,0,0,0,0,0
371075,0,1,1988,0,0,0,0,0,0,0,0,22,0
371075,1,1,1988,0,0,0,0,0,0,0,0,0,0
371076,0,1,1988,0,0,0,0,0,0,0,0,0,0
371076,1,1,1988,0,0,0,0,0,0,0,0,0,0
371077,1,1,1988,0,0,0,0,0,0,0,0,0,0
371078,1,1,1988,0,0,0,0,0,13,0,0,0,23
371079,1,1,1988,0,0,0,0,0,0,0,0,0,0
371079,2,1,1988,0,0,0,0,0,0,0,0,0,0
371080,0,1,1988,27,27,27,27,27,27,27,27,27,27
371080,1,1,1988,0,0,0,5,0,0,0,0,0,0
371081,1,1,1988,0,0,0,0,0,0,0,0,0,2
371081,2,1,1988,0,0,0,0,0,0,0,0,0,0
371082,1,1,1988,21,32,21,25,12,16,14,21,13,12
371083,1,1,1988,0,0,0,0,0,0,0,0,0,0
371083,2,1,1988,0,0,0,0,0,0,0,0,0,0
371084,0,1,1988,0,0,0,0,0,0,0,0,0,0
371084,1,1,1988,0,0,0,0,0,0,0,0,0,0
371085,1,1,1988,32,32,32,32,32,32,32,32,32,32
371086,1,1,1988,0,0,0,0,0,0,0,0,0,0
371086,2,1,1988,0,0,0,0,0,0,0,0,0,0
371087,1,1,1988,0,0,0,0,0,0,0,0,0,0
371087,2,1,1988,3,3,3,3,3,3,3,3,3,3
371088,1,1,1988,18,18,18,18,18,18,18,18,18,18
371089,1,1,1988,0,0,7,0,0,0,0,0,0,0
371089,2,1,1988,9,9,9,9,9,9,9,9,9,9
371090,1,1,1988,17,17,17,17,17,17,17,17,17,17
371091,1,1,1988,9,10,19,10,26,7,31,12,0,18
371092,1,1,1988,30,30,30,30,30,30,30,30,30,30
371092,2,1,1988,23,0,0,0,0,0,0,0,0,0
371092,3,1,1988,0,0,0,0,0,0,0,0,0,0
371093,1,1,1988,0,0,0,0,0,0,0,0,0,0
371093,2,1,1988,0,10,0,17,0,0,0,0,0,0
371094,1,1,1988,28,28,28,28,28,28,28,28,28,28
371095,1,1,1988,0,0,0,0,0,0,0,0,0,0
371095,2,1,1988,0,0,0,0,0,0,0,0,0,0
371096,1,1,1988,0,0,0,0,0,0,0,0,0,0
371096,2,1,1988,0,0,0,0,0,0,0,0,0,0
371097,1,1,1988,0,0,0,0,0,0,0,0,0,0
371098,0,1,1988,0,0,0,0,0,0,0,0,0,0
371098,1,1,1988,0,0,0,0,0,0,0,0,0,0
371099,1,1,1988,0,0,0,0,0,0,0,0,0,0
371100,1,1,1988,0,0,0,0,0,0,0,0,0,0
371100,2,1,1988,0,0,0,0,0,0,0,0,0,0
371100,3,1,1988,0,0,0,0,0,0,0,0,0,0
371101,1,1,1988,8,13,0,0,0,6,14,19,0,23
371101,2,1,1988,2,2,2,2,2,2,2,2,2,2
371102,1,1,1988,0,0,0,0,0,0,0,0,0,0
371102,2,1,1988,0,0,0,0,0,0,0,0,0,0
371103,1,1,1988,19,8,0,16,0,14,0,28,0,0
371104,0,1,1988,0,0,0,0,0,0,0,0,0,0
371104,1,1,1988,0,0,0,14,0,0,0,0,0,0
371105,1,1,1988,0,7,15,23,21,11,15,9,11,17
371106,1,1,1988,0,0,0,25,10,7,0,0,0,0
371107,1,1,1988,21,21,21,21,21,21,21,21,21,21
371108,1,1,1988,19,19,19,19,19,19,19,19,19,19
371108,2,1,1988,0,0,0,0,0,0,0,0,0,0
371109,0,1,1988,0,0,0,0,0,0,0,0,0,0
371109,1,1,1988,0,0,0,0,0,0,0,0,0,0
371110,0,1,1988,2,2,2,2,2,2,2,2,2,2
371110,1,1,1988,0,0,0,11,0,0,0,0,0,0
371111,1,1,1988,0,0,0,0,0,0,0,0,0,0
371111,2,1,1988,0,0,0,0,0,0,0,0,0,0
371111,3,1,1988,0,0,0,0,0,0,0,0,0,0
371111,4,1,1988,0,0,0,0,0,0,0,0,0,0
371112,0,1,1988,0,0,0,0,0,0,0,0,0,0
371112,1,1,1988,0,0,0,0,0,0,0,0,0,0
371113,1,1,1988,0,0,0,0,0,0,0,0,0,0
371113,2,1,1988,0,0,0,0,0,0,0,0,0,0
371114,1,1,1988,0,0,0,0,0,0,0,0,0,0
371114,2,1,1988,0,0,0,0,0,0,0,0,0,0
371115,1,1,1988,0,0,0,0,4,0,0,0,0,0
371115,2,1,1988,0,0,0,14,0,0,0,0,0,0
371116,1,1,1988,0,0,0,0,0,0,0,0,0,0
371116,2,1,1988,0,0,0,0,0,0,0,0,0,0
371117,1,1,1988,0,0,0,0,0,0,0,0,6,0
371117,2,1,1988,5,5,5,5,5,5,5,5,5,5
371118,1,1,1988,0,0,0,0,0,0,0,0,0,0
371118,2,1,1988,0,0,0,0,0,0,0,0,0,0
371119,0,1,1988,0,0,0,0,0,0,0,0,0,0
371119,1,1,1988,0,0,0,0,0,0,0,0,11,0
371120,1,1,1988,0,0,0,0,0,0,0,0,0,0
371121,1,1,1988,0,0,0,0,0,0,0,0,0,0
371122,1,1,1988,0,0,0,0,0,0,0,0,13,0
371122,2,1,1988,0,0,0,0,0,0,0,0,0,0
371122,3,1,1988,0,0,0,0,0,0,0,0,7,0
371122,4,1,1988,0,0,0,9,0,0,0,0,0,0
371123,1,1,1988,7,5,4,21,4,4,16,0,0,13
371124,1,1,1988,0,0,0,0,0,0,0,0,0,0
371124,2,1,1988,0,0,0,0,0,0,0,0,0,0
371125,1,1,1988,0,0,0,0,0,14,0,0,0,0
371125,2,1,1988,0,8,0,16,28,19,12,0,12,8
371126,1,1,1988,0,0,0,0,0,0,0,0,0,7
371126,2,1,1988,21,15,0,19,25,6,14,4,22,23
371127,1,1,1988,37,37,37,37,37,37,37,37,37,37
371128,1,1,1988,0,0,0,0,0,0,0,0,0,0
371128,2,1,1988,18,4,20,12,19,13,13,27,7,18
371129,1,1,1988,6,6,6,6,6,6,6,6,6,6
371130,1,1,1988,19,19,19,19,19,19,19,19,19,19
371131,1,1,1988,5,5,5,5,5,5,5,5,5,5
371131,2,1,1988,0,0,0,0,0,34,0,0,0,0
371132,1,1,1988,9,9,9,9,9,9,9,9,9,9
371133,1,1,1988,0,0,16,0,0,0,0,0,0,0
371134,1,1,1988,28,28,28,28,28,28,28,28,28,28
371135,1,1,1988,0,0,0,0,0,0,0,0,0,0
371135,2,1,1988,0,0,0,0,0,0,0,0,0,0
371136,1,1,1988,0,19,11,12,0,0,6,13,0,2
371136,2,1,1988,0,0,0,16,0,0,0,0,0,0
371137,1,1,1988,3,0,0,0,0,0,0,0,0,0
371137,2,1,1988,0,0,0,0,0,0,0,0,0,0
371138,0,1,1988,0,0,0,0,0,0,0,0,0,0
371138,1,1,1988,0,0,0,0,0,0,0,0,0,0
371138,2,1,1988,4,15,20,0,24,18,11,22,20,9
371139,1,1,1988,20,20,20,20,20,20,20,20,20,20
371140,1,1,1988,0,0,0,0,0,0,0,0,0,0
371140,2,1,1988,0,0,0,0,0,0,0,0,0,0
371141,1,1,1988,0,0,0,0,0,0,0,0,0,0
371142,1,1,1988,0,0,0,0,0,0,0,0,0,0
371142,2,1,1988,9,9,9,9,9,9,9,9,9,9
371143,0,1,1988,30,30,30,30,30,30,30,30,30,30
371143,1,1,1988,0,0,0,0,0,0,0,0,0,0
371144,1,1,1988,4,9,3,6,10,5,13,7,23,17
371145,1,1,1988,0,0,3,0,0,0,0,0,0,0
371146,1,1,1988,0,0,0,0,0,0,0,0,0,0
371146,2,1,1988,0,0,0,0,0,0,0,0,0,0
371147,1,1,1988,9,9,9,9,9,9,9,9,9,9
371148,0,1,1988,31,31,31,31,31,31,31,31,31,31
371148,1,1,1988,10,14,0,21,12,14,35,2,9,12
371149,1,1,1988,36,36,36,36,36,36,36,36,36,36
371149,2,1,1988,0,0,0,0,0,0,0,0,0,7
371150,1,1,1988,21,21,21,21,21,21,21,21,21,21
371150,2,1,1988,12,9,0,0,0,0,0,10,0,0
371151,0,1,1988,0,0,0,0,0,0,0,0,0,0
371151,1,1,1988,0,0,0,0,0,0,0,0,0,0
371152,1,1,1988,10,10,10,10,10,10,10,10,10,10
371153,1,1,1988,0,0,0,0,0,0,0,0,0,0
371153,2,1,1988,3,3,3,3,3,3,3,3,3,3
371153,3,1,1988,0,0,0,0,0,0,0,0,0,0
371154,1,1,1988,0,0,0,0,0,0,0,0,0,0
371154,2,1,1988,0,0,0,0,0,0,0,0,0,0
371154,3,1,1988,0,0,0,23,0,0,0,0,0,0
371155,1,1,1988,0,0,0,0,0,0,0,0,0,0
371155,2,1,1988,11,11,11,11,11,11,11,11,11,11
371156,1,1,1988,0,0,0,0,0,0,0,0,0,0
371156,2,1,1988,27,27,27,27,27,27,27,27,27,27
371157,1,1,1988,0,0,0,0,0,0,0,0,0,0
371158,1,1,1988,0,0,0,0,0,0,0,0,0,0
371158,2,1,1988,0,0,0,0,0,0,0,0,0,0
371159,1,1,1988,0,0,0,0,0,0,0,0,0,0
371160,1,1,1988,0,0,0,0,0,0,18,0,0,0
371160,2,1,1988,0,0,0,0,0,0,0,0,0,0
371161,0,1,1988,21,21,21,21,21,21,21,21,21,21
371161,1,1,1988,0,0,0,0,0,9,0,0,0,0
371162,1,1,1988,0,0,0,0,0,0,0,0,0,0
371163,1,1,1988,9,7,0,10,13,0,0,10,7,23
371164,1,1,1988,0,0,0,0,0,0,0,0,0,0
371164,2,1,1988,0,0,0,0,0,0,0,0,0,0
371164,3,1,1988,0,0,0,0,0,0,0,0,0,0
371165,1,1,1988,0,0,0,0,0,0,0,0,0,0
371165,2,1,1988,0,0,19,0,0,0,0,0,0,0
371166,1,1,1988,0,0,0,0,0,0,0,0,0,0
371167,1,1,1988,0,0,0,17,0,0,20,0,7,0
371168,1,1,1988,0,0,0,0,0,0,0,0,0,0
371168,2,1,1988,0,0,0,0,0,0,0,0,0,0
371169,1,1,1988,12,48,6,9,11,15,9,21,12,16
371170,0,1,1988,29,29,29,29,29,29,29,29,29,29
371170,1,1,1988,0,0,0,11,0,0,0,0,0,0
371171,1,1,1988,0,0,0,0,0,0,0,0,0,0
371172,0,1,1988,0,0,36,0,0,0,0,0,0,0
371172,1,1,1988,0,0,0,0,0,0,0,0,0,0
371173,0,1,1988,0,0,0,0,0,0,0,0,0,0
371173,1,1,1988,0,0,0,0,0,0,0,0,0,0
371173,2,1,1988,0,0,0,0,0,0,0,0,0,0
371174,1,1,1988,0,0,0,0,0,0,0,0,0,0
371175,1,1,1988,0,0,0,0,0,0,0,0,0,0
371175,2,1,1988,0,0,0,0,0,0,0,0,0,0
371176,1,1,1988,16,24,19,11,15,28,32,19,37,29
371177,1,1,1988,0,0,0,0,0,0,0,0,0,0
371177,2,1,1988,0,0,0,0,0,0,0,0,0,0
371178,1,1,1988,0,0,0,0,0,0,6,0,0,0
371179,1,1,1988,0,0,0,0,0,0,0,0,0,0
371179,2,1,1988,17,17,17,17,17,17,17,17,17,17
371180,1,1,1988,0,0,0,0,0,0,0,0,0,0
371180,2,1,1988,0,0,0,0,0,0,0,0,0,0
371180,3,1,1988,0,0,0,0,0,0,0,0,0,0
371180,4,1,1988,0,0,0,0,0,0,0,0,0,0
371181,1,1,1988,18,18,18,18,18,18,18,18,18,18
371182,1,1,1988,0,0,0,0,0,0,0,0,10,0
371182,2,1,1988,0,0,0,0,0,0,0,0,0,0
371183,1,1,1988,17,17,17,17,17,17,17,17,17,17
371184,1,1,1988,0,0,0,0,0,0,0,0,0,0
371185,1,1,1988,0,0,0,0,0,0,0,0,0,0
371186,1,1,1988,14,24,17,14,17,12,12,17,22,21
371187,1,1,1988,0,0,0,0,0,0,0,0,0,0
371188,1,1,1988,0,0,0,0,0,0,0,0,0,0
371188,2,1,1988,0,0,0,0,0,0,0,0,0,0
371189,1,1,1988,0,0,0,0,0,0,0,0,0,0
371189,2,1,1988,0,0,0,0,0,0,0,0,0,0
371190,1,1,1988,41,41,41,41,41,41,41,41,41,41
371191,1,1,1988,0,0,0,0,0,0,0,0,0,0
371191,2,1,1988,0,0,0,0,0,0,0,0,0,8
371192,1,1,1988,0,0,0,0,0,0,18,0,0,0
371192,2,1,1988,0,0,0,0,0,0,0,0,0,0
371193,1,1,1988,23,23,23,23,23,23,23,23,23,23
371194,0,1,1988,0,0,0,0,0,0,0,0,0,0
371194,1,1,1988,0,0,0,0,0,0,0,0,0,0
371195,1,1,1988,0,0,0,0,0,0,0,0,0,0
371195,2,1,1988,0,0,0,0,0,0,0,0,0,0
371196,1,1,1988,0,18,0,0,0,0,0,0,0,0
371197,1,1,1988,0,0,0,0,0,0,0,0,0,0
371197,2,1,1988,0,0,0,0,0,0,0,0,0,0
371198,1,1,1988,20,7,8,10,17,14,11,0,5,9
371198,2,1,1988,0,0,0,0,0,0,0,0,0,0
371199,1,1,1988,0,0,0,0,0,0,0,0,0,0
371199,2,1,1988,0,0,0,0,0,0,0,0,0,0
371200,1,1,1988,0,0,0,0,0,0,0,0,0,4
371200,2,1,1988,0,0,0,0,0,0,0,0,0,0
371201,1,1,1988,0,0,0,0,0,0,0,0,0,0
371201,2,1,1988,0,0,0,0,0,0,0,0,0,0
371202,1,1,1988,5,17,8,11,11,10,11,3,20,1
371203,1,1,1988,16,16,16,16,16,16,16,16,16,16
371204,1,1,1988,19,19,19,19,19,19,19,19,19,19
371205,1,1,1988,34,34,34,34,34,34,34,34,34,34
371205,2,1,1988,17,13,8,18,2,9,6,19,5,12
371206,1,1,1988,0,0,0,0,0,0,0,0,0,0
371206,2,1,1988,0,0,0,0,0,0,0,0,0,0
371207,0,1,1988,0,0,0,0,0,0,0,0,0,0
371207,1,1,1988,0,0,0,0,0,0,0,0,0,0
371208,1,1,1988,26,20,30,35,18,20,34,20,22,22
371209,1,1,1988,10,5,6,7,21,21,28,14,23,19
371210,1,1,1988,0,0,0,0,0,0,0,0,0,0
371211,1,1,1988,10,10,10,10,10,10,10,10,10,10
371212,1,1,1988,0,0,0,0,0,0,0,0,0,0
371212,2,1,1988,0,0,0,0,0,0,0,0,0,0
371214,0,1,1988,24,24,24,24,24,24,24,24,24,24
371214,0,2,1988,27,27,27,27,27,27,27,27,27,27
371214,1,1,1988,0,0,0,0,0,0,0,0,0,0
371215,0,1,1988,0,0,0,0,0,0,0,0,0,0
371215,1,1,1988,0,0,0,0,0,0,0,0,0,0
371216,1,1,1988,0,0,0,0,0,0,0,0,0,0
371216,2,1,1988,0,0,0,0,0,0,0,0,0,0
371217,1,1,1988,0,0,0,0,0,0,0,0,0,0
371217,2,1,1988,0,0,0,0,0,0,0,0,0,0
371218,1,1,1988,0,0,0,0,0,0,0,0,0,0
371218,2,1,1988,13,3,13,4,11,14,16,18,9,13
371219,1,1,1988,0,0,0,0,0,0,0,0,0,0
371220,1,1,1988,15,13,24,16,16,9,11,8,21,15
371220,2,1,1988,0,0,0,0,0,0,0,0,0,0
371221,1,1,1988,0,0,0,0,0,0,0,0,0,0
371222,1,1,1988,13,0,0,0,0,0,0,0,0,0
371222,2,1,1988,0,0,0,0,0,0,0,0,0,0
371223,1,1,1988,0,0,0,0,0,0,0,0,0,0
371223,2,1,1988,0,0,0,0,0,0,0,0,0,0
371224,1,1,1988,24,24,24,24,24,24,24,24,24,24
371224,2,1,1988,0,0,0,0,0,0,0,0,0,0
371224,3,1,1988,0,0,0,0,0,0,0,0,0,0
371225,0,1,1988,0,0,0,0,0,0,0,0,0,0
371225,1,1,1988,14,20,9,0,3,27,25,11,5,0
371226,1,1,1988,28,28,28,28,28,28,28,28,28,28
371227,1,1,1988,0,0,0,0,0,0,0,0,0,0
371227,2,1,1988,0,0,0,0,0,0,0,0,0,0
371228,1,1,1988,9,9,9,9,9,9,9,9,9,9
371228,2,1,1988,0,27,13,0,0,0,0,0,0,13
371228,3,1,1988,0,0,0,10,0,0,0,10,0,0
371229,0,1,1988,23,23,23,23,23,23,23,23,23,23
371229,0,2,1988,10,13,0,11,15,0,20,0,0,22
371229,1,1,1988,0,0,0,0,0,0,0,0,0,0
371230,1,1,1988,22,22,22,22,22,22,22,22,22,22
371230,2,1,1988,0,0,0,0,0,0,0,0,0,0
371231,1,1,1988,22,22,22,22,22,22,22,22,22,22
371232,0,1,1988,27,27,27,27,27,27,27,27,27,27
371232,1,1,1988,0,0,0,0,0,0,0,18,0,0
371233,1,1,1988,0,0,0,0,0,0,0,0,0,0
371234,1,1,1988,9,9,9,9,9,9,9,9,9,9
371234,2,1,1988,0,0,0,3,0,0,0,0,0,0
371235,1,1,1988,40,40,40,40,40,40,40,40,40,40
371236,1,1,1988,0,11,0,0,0,0,0,0,0,0
371237,1,1,1988,19,21,5,8,28,16,4,18,21,11
371238,1,1,1988,12,26,5,6,6,11,8,18,23,24
371239,1,1,1988,0,0,0,0,0,0,0,0,0,0
371239,2,1,1988,0,0,0,0,0,0,0,0,0,0
371240,0,1,1988,0,0,0,0,0,0,0,0,0,0
371240,1,1,1988,0,0,0,0,0,0,0,0,0,0
371241,1,1,1988,0,7,0,0,13,0,13,0,0,0
371242,0,1,1988,0,0,0,0,0,0,0,0,0,0
371242,1,1,1988,0,0,0,0,0,0,0,0,0,0
371243,1,1,1988,19,19,19,19,19,19,19,19,19,19
371244,1,1,1988,29,29,29,29,29,29,29,29,29,29
371245,1,1,1988,0,0,0,0,0,0,0,0,0,0
371245,2,1,1988,0,0,0,0,0,0,0,0,0,0
371246,1,1,1988,0,0,0,0,0,0,0,0,0,0
371246,2,1,1988,0,0,0,0,0,0,0,0,0,0
371246,3,1,1988,0,0,0,0,0,0,0,0,0,0
371247,1,1,1988,0,0,0,0,0,0,0,0,0,0
371247,2,1,1988,0,12,0,14,22,0,0,22,37,0
371248,1,1,1988,0,0,0,0,0,0,22,0,4,0
371248,2,1,1988,15,16,19,18,15,16,12,0,20,0
371249,1,1,1988,0,22,6,11,17,28,0,32,21,20
371249,2,1,1988,0,0,0,0,0,0,0,0,0,0
371250,1,1,1988,0,0,0,0,0,0,0,0,0,0
371250,2,1,1988,20,20,20,20,20,20,20,20,20,20
371251,0,1,1988,29,29,29,29,29,29,29,29,29,29
371251,1,1,1988,0,0,0,0,0,0,0,0,0,0
371251,2,1,1988,0,0,0,0,0,0,0,0,0,0
371252,0,1,1988,16,16,16,16,16,16,16,16,16,16
371252,1,1,1988,0,0,0,0,0,0,0,0,0,0
371253,1,1,1988,21,21,21,21,21,21,21,21,21,21
371253,2,1,1988,0,0,0,0,0,0,0,0,0,0
371254,0,1,1988,0,0,0,0,0,0,0,0,0,0
371254,1,1,1988,0,0,0,0,0,0,0,0,0,0
371255,1,1,1988,0,0,0,0,0,0,0,0,0,0
371256,1,1,1988,0,0,0,0,0,0,0,0,0,0
371257,1,1,1988,18,18,18,18,18,18,18,18,18,18
371258,1,1,1988,16,6,0,20,28,8,22,18,4,15
371258,2,1,1988,0,0,0,0,0,0,0,0,0,0
371258,3,1,1988,0,0,0,27,0,0,0,0,0,0
371259,1,1,1988,20,9,20,7,15,9,24,37,15,13
371260,1,1,1988,0,0,10,0,0,3,0,0,0,0
371260,2,1,1988,0,0,0,0,0,0,0,0,0,0
371261,1,1,1988,14,14,14,14,14,14,14,14,14,14
371262,0,1,1988,0,0,0,0,0,0,0,0,0,0
371262,1,1,1988,0,0,0,0,0,0,0,0,0,0
371263,1,1,1988,0,0,0,0,0,0,0,0,0,0
371264,1,1,1988,0,0,0,0,0,0,0,0,0,0
371264,2,1,1988,0,0,0,0,0,0,0,0,0,0
371265,1,1,1988,81,81,81,81,81,81,81,81,81,81
371266,1,1,1988,0,0,0,0,0,0,0,0,0,0
371266,2,1,1988,0,0,0,0,0,0,0,0,0,0
371267,1,1,1988,14,14,14,14,14,14,14,14,14,14
371268,1,1,1988,33,33,33,33,33,33,33,33,33,33
371268,2,1,1988,0,0,0,11,12,0,0,14,0,12
371269,0,1,1988,0,0,12,0,0,0,24,0,0,0
371269,0,2,1988,0,0,16,0,0,0,0,0,0,0
371269,0,3,1988,9,0,0,0,0,0,0,0,0,8
371269,1,1,1988,0,0,0,0,0,0,0,0,0,0
371270,1,1,1988,20,20,20,20,20,20,20,20,20,20
371270,2,1,1988,0,0,0,0,0,0,0,0,0,0
371271,1,1,1988,1,1,1,1,1,1,1,1,1,1
371272,1,1,1988,0,0,0,0,0,0,0,0,0,0
371272,2,1,1988,0,0,0,0,0,0,0,0,0,0
371273,1,1,1988,2,2,2,2,2,2,2,2,2,2
371274,1,1,1988,0,0,0,0,0,0,0,0,0,0
371274,2,1,1988,0,0,0,0,0,0,0,0,0,0
371274,3,1,1988,0,0,0,0,0,0,0,0,0,0
371275,1,1,1988,19,19,19,19,19,19,19,19,19,19
371276,1,1,1988,0,0,0,0,0,0,0,0,0,0
371276,2,1,1988,0,0,0,0,0,0,0,0,0,0
371277,1,1,1988,13,8,17,9,12,3,16,7,20,6
371278,1,1,1988,0,0,0,0,0,0,0,0,0,0
371278,2,1,1988,0,0,0,0,0,0,0,0,0,0
371279,1,1,1988,0,0,0,0,0,0,0,0,0,0
371279,2,1,1988,0,0,0,20,0,0,0,0,23,0
371280,1,1,1988,14,23,5,26,8,0,22,15,9,16
371280,2,1,1988,0,0,0,0,0,0,0,0,0,0
371281,1,1,1988,0,0,0,0,0,0,0,0,0,0
371281,2,1,1988,0,0,0,0,0,0,0,0,0,0
371282,1,1,1988,15,15,15,15,15,15,15,15,15,15
371283,1,1,1988,18,18,18,18,18,18,18,18,18,18
371284,1,1,1988,0,0,0,0,0,0,0,0,0,0
371284,2,1,1988,10,0,9,2,8,0,12,19,10,12
371285,1,1,1988,0,0,0,0,0,0,0,0,0,0
371286,1,1,1988,0,0,0,0,0,0,0,0,0,19
371286,2,1,1988,0,15,0,0,0,0,0,0,0,0
371287,1,1,1988,21,22,16,15,21,7,9,0,21,33
371288,0,1,1988,42,42,42,42,42,42,42,42,42,42
371288,1,1,1988,0,0,0,0,0,0,0,0,0,0
371289,0,1,1988,0,0,0,0,0,0,0,0,0,0
371289,1,1,1988,0,0,0,0,0,0,0,0,0,0
371290,1,1,1988,25,25,25,25,25,25,25,25,25,25
371291,1,1,1988,26,11,0,2,6,21,27,19,21,6
371292,1,1,1988,0,0,0,0,0,0,0,0,0,0
371292,2,1,1988,0,0,0,0,0,0,0,0,0,0
371293,1,1,1988,0,0,0,0,0,0,0,0,0,0
371293,2,1,1988,0,0,0,0,0,0,0,0,0,0
371294,1,1,1988,17,7,33,28,8,17,30,28,26,16
371295,1,1,1988,0,0,0,0,0,0,0,0,0,0
371295,2,1,1988,0,0,0,0,0,0,0,0,0,0
371296,0,1,1988,0,0,0,0,0,0,0,0,0,0
371296,1,1,1988,0,0,0,0,6,0,0,0,0,0
371297,1,1,1988,13,0,10,13,17,18,18,25,7,14
371298,0,1,1988,22,22,22,22,22,22,22,22,22,22
371298,1,1,1988,9,0,22,0,0,15,16,0,17,7
371299,0,1,1988,0,0,0,0,0,0,0,0,0,0
371299,1,1,1988,0,0,0,0,0,0,0,0,0,0
371300,1,1,1988,18,18,18,18,18,18,18,18,18,18
371301,1,1,1988,18,18,20,21,13,14,13,21,21,15
371302,1,1,1988,0,0,0,0,0,0,0,0,0,0
371302,2,1,1988,0,0,0,0,0,0,0,0,0,0
371303,0,1,1988,0,0,0,0,0,0,0,0,0,0
371303,1,1,1988,0,0,0,0,0,0,0,0,0,0
371304,1,1,1988,0,0,0,0,0,0,0,0,0,0
371304,2,1,1988,15,17,11,0,6,6,6,0,7,0
371305,1,1,1988,9,9,9,9,9,9,9,9,9,9
371305,2,1,1988,0,0,0,0,0,0,0,0,0,0
371306,1,1,1988,0,0,0,0,0,0,0,0,0,0
371307,1,1,1988,0,0,0,0,0,0,0,0,0,0
371307,2,1,1988,0,0,0,0,0,0,0,0,0,0
371308,1,1,1988,27,27,27,27,27,27,27,27,27,27
371309,1,1,1988,33,33,33,33,33,33,33,33,33,33
371310,0,1,1988,5,5,5,5,5,5,5,5,5,5
371310,0,2,1988,6,6,6,6,6,6,6,6,6,6
371310,1,1,1988,18,17,14,12,21,17,24,14,14,14
371311,1,1,1988,0,0,0,0,0,0,0,0,0,0
371311,2,1,1988,0,0,0,0,0,0,0,0,0,0
371312,1,1,1988,0,0,0,0,0,0,0,0,0,0
371312,2,1,1988,31,31,31,31,31,31,31,31,31,31
371313,1,1,1988,0,0,0,0,0,0,0,0,0,9
371313,2,1,1988,0,0,0,0,0,0,0,0,0,0
371314,1,1,1988,0,0,0,0,0,0,0,0,0,0
371314,2,1,1988,0,14,0,0,0,0,6,0,11,0
371315,1,1,1988,0,0,0,0,0,0,0,0,0,0
371316,0,1,1988,0,0,0,0,7,0,0,0,0,0
371316,1,1,1988,0,0,0,0,0,0,0,0,0,0
371317,0,1,1988,0,0,0,0,0,0,0,0,0,0
371317,1,1,1988,0,0,6,0,0,0,0,0,0,0
371318,1,1,1988,0,0,0,0,0,0,0,0,0,0
371318,2,1,1988,0,0,0,0,0,0,0,0,0,0
371318,3,1,1988,0,0,0,0,0,0,0,0,0,7
371318,4,1,1988,0,0,0,0,0,0,0,0,0,0
371318,5,1,1988,0,0,0,0,0,0,0,0,0,0
371319,0,1,1988,38,38,38,38,38,38,38,38,38,38
371319,1,1,1988,7,22,34,17,0,0,13,0,13,6
371320,0,1,1988,0,0,0,0,0,0,0,0,0,0
371320,1,1,1988,0,0,0,0,0,0,0,0,0,0
371321,0,1,1988,21,21,21,21,21,21,21,21,21,21
371321,1,1,1988,0,0,0,0,0,8,0,0,0,0
371322,1,1,1988,22,22,22,22,22,22,22,22,22,22
371323,1,1,1988,5,5,5,5,5,5,5,5,5,5
371323,2,1,1988,0,0,0,0,0,0,0,0,0,0
371324,1,1,1988,0,0,0,0,0,0,0,0,21,0
371324,2,1,1988,0,0,0,0,0,0,0,0,0,0
371325,0,1,1988,39,39,39,39,39,39,39,39,39,39
371325,1,1,1988,0,10,0,0,7,0,0,10,0,0
371326,1,1,1988,0,0,0,0,0,0,0,0,0,0
371326,2,1,1988,0,0,0,0,0,0,0,0,0,0
371327,1,1,1988,0,0,0,0,0,0,0,0,0,0
371328,1,1,1988,11,11,11,11,11,11,11,11,11,11
371328,2,1,1988,0,0,0,0,0,0,0,0,0,0
371328,3,1,1988,0,0,0,0,0,0,0,0,0,0
371329,1,1,1988,0,0,0,0,0,0,0,0,0,0
371330,1,1,1988,21,21,21,21,21,21,21,21,21,21
371331,0,1,1988,21,21,21,21,21,21,21,21,21,21
371331,1,1,1988,0,0,0,0,0,0,0,0,0,0
371332,1,1,1988,55,55,55,55,55,55,55,55,55,55