ST_CASE,VEH_NO,PER_NO,YEAR,P1,P2,P3,P4,P5,P6,P7,P8,P9,P10
371333,1,1,1988,0,0,0,0,0,0,0,0,0,0
371334,1,1,1988,0,0,0,0,0,0,0,0,0,0
371334,2,1,1988,0,0,0,0,0,0,0,0,0,0
371335,1,1,1988,0,0,0,0,0,0,0,0,0,0
371336,1,1,1988,10,10,10,10,10,10,10,10,10,10
371337,1,1,1988,0,0,0,0,0,0,0,0,0,0
371337,2,1,1988,0,0,0,0,0,0,0,0,0,0
371338,1,1,1988,0,0,0,0,0,0,0,0,0,0
371338,2,1,1988,0,0,0,0,0,0,0,0,0,0
371338,3,1,1988,0,0,0,0,0,0,9,0,0,0
371339,1,1,1988,41,34,9,0,11,12,10,27,32,9
371340,0,1,1988,22,22,22,22,22,22,22,22,22,22
371340,1,1,1988,0,0,0,0,0,0,0,0,0,0
371341,0,1,1988,0,0,0,0,0,0,0,0,0,0
371341,1,1,1988,0,0,0,0,0,0,0,0,0,0
371342,0,1,1988,0,0,0,0,0,0,0,0,0,0
371342,1,1,1988,0,0,0,0,0,0,0,0,0,0
371343,1,1,1988,0,0,0,0,0,0,0,0,0,0
371343,2,1,1988,0,0,0,0,0,0,0,0,0,0
371344,1,1,1988,0,0,0,0,0,0,0,0,0,0
371344,2,1,1988,0,0,0,0,0,0,0,0,0,0
371345,1,1,1988,0,0,0,0,0,0,0,0,0,0
371345,2,1,1988,0,0,0,0,0,0,0,0,0,0
371346,1,1,1988,0,0,0,0,0,0,0,0,0,0
371346,2,1,1988,0,0,0,0,0,0,0,0,0,0
371347,0,1,1988,0,0,0,0,0,0,0,0,0,0
371347,0,2,1988,0,0,0,10,0,0,0,0,0,0
371347,1,1,1988,0,0,0,0,0,0,0,0,0,0
371348,1,1,1988,0,0,0,0,0,0,0,0,0,0
371348,2,1,1988,7,0,0,0,0,0,0,0,0,0
371349,0,1,1988,36,36,36,36,36,36,36,36,36,36
371349,1,1,1988,0,0,0,0,0,0,4,0,0,19
371350,0,1,1988,15,17,25,25,0,32,26,0,7,21
371350,1,1,1988,0,0,0,0,0,0,0,0,0,0
371351,1,1,1988,13,17,0,21,29,7,15,14,8,14
371351,2,1,1988,0,0,0,0,0,0,0,0,0,0
371352,1,1,1988,0,0,0,0,0,0,0,0,0,0
371353,0,1,1988,15,15,15,15,15,15,15,15,15,15
371353,1,1,1988,0,0,0,0,0,0,0,0,0,0
371354,0,1,1988,0,0,0,0,0,0,0,0,0,0
371354,1,1,1988,0,0,0,0,0,0,0,0,0,0
371355,1,1,1988,0,0,0,0,0,0,0,0,0,0
371355,2,1,1988,0,0,0,0,0,0,0,0,0,0
371356,1,1,1988,32,32,32,32,32,32,32,32,32,32
371357,1,1,1988,21,21,21,21,21,21,21,21,21,21
371358,0,1,1988,0,0,0,0,0,0,0,0,0,0
371358,1,1,1988,0,0,0,0,0,0,0,0,0,0
371359,1,1,1988,0,0,0,0,0,0,0,0,0,0
371359,2,1,1988,0,0,0,0,0,0,0,0,0,0
371360,1,1,1988,0,0,0,0,0,0,0,0,0,0
371360,2,1,1988,0,0,0,0,0,0,0,0,0,0
371361,1,1,1988,26,0,0,0,24,33,14,0,0,14
371362,1,1,1988,0,0,0,0,0,0,0,0,0,0
371363,1,1,1988,0,0,0,0,0,0,0,0,0,0
371363,2,1,1988,8,8,0,0,10,0,11,9,10,9
371364,1,1,1988,2,2,2,2,2,2,2,2,2,2
371364,2,1,1988,0,0,0,0,0,0,0,0,0,0
371365,0,1,1988,0,0,0,0,0,0,0,0,0,0
371365,1,1,1988,0,0,0,0,0,0,0,0,0,0
371366,1,1,1988,0,0,0,0,0,0,0,0,0,0
371366,2,1,1988,0,0,0,0,0,0,0,0,0,0
371367,1,1,1988,15,15,15,15,15,15,15,15,15,15
371368,1,1,1988,0,0,0,0,0,0,0,0,0,0
371368,2,1,1988,28,15,27,17,29,0,29,23,5,21
371368,3,1,1988,0,0,0,0,0,0,0,0,0,0
371368,4,1,1988,0,0,0,0,0,0,0,0,0,0
371369,1,1,1988,13,13,13,13,13,13,13,13,13,13
371370,1,1,1988,0,0,0,0,0,0,0,0,0,21
371370,2,1,1988,0,0,0,0,0,0,0,0,0,0
371371,1,1,1988,0,0,0,0,0,0,0,0,0,0
371371,2,1,1988,0,0,0,0,0,0,0,0,0,0
371372,1,1,1988,0,0,0,0,10,0,0,0,0,0
371373,1,1,1988,0,0,0,0,0,0,0,0,0,0
371373,2,1,1988,0,0,0,0,0,0,0,0,0,0
371374,1,1,1988,0,0,0,0,0,0,0,0,0,0
371374,2,1,1988,26,26,26,26,26,26,26,26,26,26
371375,1,1,1988,0,0,0,0,23,0,0,0,0,11
371375,2,1,1988,12,2,2,10,5,1,7,22,15,8
371376,1,1,1988,0,0,0,0,0,0,0,0,0,0
371376,2,1,1988,0,0,0,0,0,0,0,0,0,0
371377,0,1,1988,25,25,25,25,25,25,25,25,25,25
371377,1,1,1988,0,0,0,0,0,0,0,0,0,0
371378,1,1,1988,27,27,27,27,27,27,27,27,27,27
371379,1,1,1988,0,0,0,0,0,0,0,0,0,0
371379,2,1,1988,0,0,0,0,0,0,0,0,0,0
371380,1,1,1988,10,3,36,3,0,25,16,4,9,14
371382,1,1,1988,42,42,42,42,42,42,42,42,42,42
371383,1,1,1988,0,0,0,0,0,0,0,0,0,0
371383,2,1,1988,0,0,0,0,0,0,0,0,0,0
371384,0,1,1988,19,19,19,19,19,19,19,19,19,19
371384,1,1,1988,0,0,0,0,0,0,0,0,19,0
371385,1,1,1988,0,0,0,0,0,0,14,9,0,0
371385,2,1,1988,28,28,28,28,28,28,28,28,28,28
371386,1,1,1988,22,22,22,22,22,22,22,22,22,22
371387,1,1,1988,22,22,22,22,22,22,22,22,22,22
371388,0,1,1988,20,20,20,20,20,20,20,20,20,20
371388,1,1,1988,18,4,12,4,4,32,22,7,12,9
371389,1,1,1988,11,11,11,11,11,11,11,11,11,11
371390,1,1,1988,31,31,31,31,31,31,31,31,31,31
371391,1,1,1988,0,0,0,0,0,0,0,0,0,0
371391,2,1,1988,0,0,0,0,0,0,0,0,0,0
371392,1,1,1988,0,0,0,0,0,0,0,0,0,0
371392,2,1,1988,0,0,0,0,0,0,0,0,0,0
371392,3,1,1988,0,0,0,0,0,0,0,0,0,0
371392,4,1,1988,0,0,0,0,0,0,0,0,0,0
371393,1,1,1988,0,0,0,0,0,0,0,0,0,0
371393,2,1,1988,0,0,0,0,0,0,0,0,0,0
371394,1,1,1988,0,0,0,0,0,0,0,0,0,0
371394,2,1,1988,0,0,0,0,0,0,0,0,0,0
371395,0,1,1988,3,3,3,3,3,3,3,3,3,3
371395,1,1,1988,0,0,0,0,0,0,0,0,0,0
371396,1,1,1988,0,0,0,0,0,0,0,0,0,0
371397,1,1,1988,4,0,0,18,26,25,9,20,27,13
371398,1,1,1988,0,0,0,0,0,0,0,0,0,0
371398,2,1,1988,0,0,0,0,0,0,0,0,0,0
371399,1,1,1988,0,0,0,0,0,0,0,0,0,0
371399,2,1,1988,0,0,0,0,0,0,0,0,0,0
371400,1,1,1988,0,0,0,0,0,0,0,0,0,0
371400,2,1,1988,0,0,0,0,0,0,0,0,0,0
371401,1,1,1988,0,0,0,0,0,0,0,0,0,0
371401,2,1,1988,0,0,0,0,0,0,0,0,0,0
371402,1,1,1988,0,0,0,0,0,0,0,0,0,0
371402,2,1,1988,0,0,0,0,21,0,0,0,0,0
371403,1,1,1988,35,35,35,35,35,35,35,35,35,35
371403,2,1,1988,0,0,0,0,0,0,0,0,0,0
371403,3,1,1988,0,0,0,0,0,0,0,0,0,0
371403,4,1,1988,0,0,0,0,0,0,0,0,0,0
371404,1,1,1988,0,0,0,0,0,0,0,0,0,0
371405,1,1,1988,0,0,0,0,0,0,0,0,0,0
371405,2,1,1988,0,10,0,0,0,0,0,0,0,0
371406,1,1,1988,0,0,0,0,0,0,0,0,0,0
371407,1,1,1988,0,0,0,0,0,0,0,0,0,0
371407,2,1,1988,0,0,0,0,0,0,0,0,0,0
371408,1,1,1988,23,23,23,23,23,23,23,23,23,23
371409,1,1,1988,0,0,0,0,0,0,0,0,0,0
371409,2,1,1988,0,0,0,0,0,0,0,0,0,0
371411,1,1,1988,0,0,0,0,0,10,0,0,0,0
371411,2,1,1988,0,0,0,0,0,0,0,0,0,0
371411,3,1,1988,20,20,20,20,20,20,20,20,20,20
371411,4,1,1988,0,0,0,0,0,0,0,0,0,0
371412,1,1,1988,0,0,0,0,0,0,0,0,0,0
371413,0,1,1988,0,0,0,0,0,0,0,0,0,0
371413,1,1,1988,0,0,0,0,0,0,0,0,0,0
371414,1,1,1988,0,0,12,0,0,0,0,0,0,0
371415,1,1,1988,0,0,0,0,0,0,0,0,0,0
371415,2,1,1988,0,0,0,0,0,0,0,0,0,0
371416,1,1,1988,0,0,0,0,0,0,0,0,0,0
371416,2,1,1988,0,0,0,0,0,0,0,0,0,0
371417,0,1,1988,9,0,0,12,0,0,0,0,14,0
371417,1,1,1988,0,0,0,0,0,0,0,0,0,0
371417,2,1,1988,0,0,0,0,0,0,0,0,0,0
371418,1,1,1988,17,17,17,17,17,17,17,17,17,17
371419,0,1,1988,0,0,0,0,0,0,0,0,0,0
371419,1,1,1988,0,0,0,0,0,0,0,0,0,0
371420,1,1,1988,12,0,5,10,12,15,9,12,14,11
371420,2,1,1988,0,0,0,0,0,0,0,0,0,0
371421,1,1,1988,0,0,0,0,0,0,0,0,0,0
371422,0,1,1988,15,0,0,0,0,0,0,0,0,0
371422,1,1,1988,0,0,0,0,0,0,0,0,2,0
371423,1,1,1988,0,0,0,0,0,0,0,0,0,0
371423,2,1,1988,0,0,19,0,0,0,0,0,0,0
371425,1,1,1988,0,0,0,0,0,0,0,0,0,0
371425,2,1,1988,0,0,0,0,0,0,0,0,0,0
371426,1,1,1988,0,0,0,0,0,0,0,0,0,0
371426,2,1,1988,0,0,0,0,0,0,0,0,9,0
371427,1,1,1988,0,0,0,0,0,0,0,0,0,0
371428,1,1,1988,29,17,13,14,40,6,14,20,19,19
371428,2,1,1988,0,0,0,0,0,0,0,0,0,0
371430,0,1,1988,37,37,37,37,37,37,37,37,37,37
371430,1,1,1988,0,0,0,0,0,0,0,0,0,0
371431,0,1,1988,0,0,0,0,0,0,0,0,0,0
371431,1,1,1988,0,0,0,0,0,0,0,0,0,0
371431,2,1,1988,0,12,0,0,0,0,0,0,8,0
371432,0,1,1988,37,37,37,37,37,37,37,37,37,37
371432,1,1,1988,0,0,0,0,0,0,0,0,0,0
371433,0,1,1988,31,31,31,31,31,31,31,31,31,31
371433,0,2,1988,0,0,0,0,0,0,0,0,0,0
371433,1,1,1988,0,0,0,0,0,0,0,3,0,0
371434,1,1,1988,0,0,0,0,0,0,0,0,0,0
371434,2,1,1988,0,0,0,0,0,0,0,0,0,0
371435,1,1,1988,0,0,0,0,0,0,0,0,0,0
371435,2,1,1988,14,19,10,23,30,14,8,0,26,26
371435,3,1,1988,19,0,0,0,0,0,0,0,0,0
380001,0,1,1988,0,0,0,0,0,0,0,24,0,0
380001,1,1,1988,6,0,0,0,0,0,0,0,0,0
380002,1,1,1988,25,25,25,25,25,25,25,25,25,25
380003,0,1,1988,0,0,0,0,0,0,0,0,0,0
380003,1,1,1988,0,0,3,0,0,0,0,0,0,0
380003,2,1,1988,0,0,0,12,11,0,9,0,0,12
380004,0,1,1988,0,0,0,0,0,0,0,0,0,0
380004,1,1,1988,0,0,0,0,9,0,0,0,0,0
380005,1,1,1988,13,13,13,13,13,13,13,13,13,13
380006,1,1,1988,0,0,0,11,0,0,0,9,0,0
380006,2,1,1988,30,0,0,14,0,0,0,0,0,0
380007,0,1,1988,31,31,31,31,31,31,31,31,31,31
380007,1,1,1988,21,21,21,21,21,21,21,21,21,21
380008,1,1,1988,16,16,16,16,16,16,16,16,16,16
380008,2,1,1988,11,13,13,0,17,0,0,0,0,17
380009,1,1,1988,16,16,16,16,16,16,16,16,16,16
380010,1,1,1988,0,0,0,0,0,0,0,0,0,0
380010,2,1,1988,0,0,0,0,0,0,0,0,0,0
380011,1,1,1988,29,16,18,15,6,9,16,34,21,32
380012,1,1,1988,0,0,0,0,0,0,0,0,0,0
380012,2,1,1988,0,0,0,0,0,0,0,0,0,0
380013,1,1,1988,24,24,24,24,24,24,24,24,24,24
380014,1,1,1988,17,17,17,17,17,17,17,17,17,17
380015,1,1,1988,8,8,8,8,8,8,8,8,8,8
380016,1,1,1988,13,13,13,13,13,13,13,13,13,13
380017,1,1,1988,10,15,10,0,4,10,0,19,5,0
380018,0,1,1988,0,0,0,0,0,0,0,0,0,0
380018,1,1,1988,0,0,0,0,3,0,13,0,0,0
380019,1,1,1988,0,0,0,0,0,0,0,0,0,0
380019,2,1,1988,0,0,0,0,0,0,0,0,0,0
380020,1,1,1988,19,19,19,19,19,19,19,19,19,19
380021,1,1,1988,0,0,0,0,0,0,0,0,0,0
380022,1,1,1988,0,0,0,0,0,0,0,0,0,0
380023,1,1,1988,0,0,0,18,28,0,37,0,0,0
380024,1,1,1988,22,0,0,0,0,2,0,0,0,0
380024,2,1,1988,0,0,0,0,0,0,0,0,0,0
380025,1,1,1988,0,0,0,0,12,3,14,13,13,13
380026,1,1,1988,9,9,9,9,9,9,9,9,9,9
380027,1,1,1988,0,0,0,0,7,0,0,11,0,0
380028,1,1,1988,0,0,0,0,0,0,0,0,0,0
380028,2,1,1988,0,0,0,0,0,0,0,0,0,0
380029,1,1,1988,0,0,0,0,0,0,0,0,0,0
380029,2,1,1988,0,0,0,0,0,0,0,0,0,0
380030,1,1,1988,0,0,0,20,10,0,0,0,0,0
380030,2,1,1988,0,0,0,0,11,0,0,0,0,0
380031,1,1,1988,16,16,16,16,16,16,16,16,16,16
380032,1,1,1988,24,24,24,24,24,24,24,24,24,24
380032,2,1,1988,0,0,0,18,0,0,0,0,0,0
380033,1,1,1988,0,0,0,0,0,0,0,0,0,0
380034,1,1,1988,1,1,1,1,1,1,1,1,1,1
380035,1,1,1988,0,0,0,0,0,0,0,0,0,0
380035,2,1,1988,13,0,17,0,0,0,20,0,0,0
380036,1,1,1988,14,14,14,14,14,14,14,14,14,14
380036,2,1,1988,0,25,0,0,5,0,0,0,0,0
380037,1,1,1988,13,13,13,13,13,13,13,13,13,13
380038,1,1,1988,10,38,0,0,8,21,0,9,22,10
380039,1,1,1988,0,0,0,17,0,0,0,0,0,0
380039,2,1,1988,0,0,0,0,0,0,0,0,0,0
380040,1,1,1988,11,11,11,11,11,11,11,11,11,11
380041,1,1,1988,0,15,0,16,0,16,0,0,0,0
380041,2,1,1988,0,0,0,0,0,0,0,0,0,0
380042,0,1,1988,0,0,0,0,0,0,0,0,0,0
380042,1,1,1988,0,10,0,0,0,0,0,0,0,0
380043,1,1,1988,0,0,0,0,0,0,0,0,0,0
380044,1,1,1988,0,0,0,0,0,0,0,0,0,0
380044,2,1,1988,0,0,0,0,0,0,0,0,0,0
380045,1,1,1988,8,8,8,8,8,8,8,8,8,8
380045,2,1,1988,0,5,0,26,0,0,0,25,0,0
380046,1,1,1988,19,19,19,19,19,19,19,19,19,19
380047,1,1,1988,0,0,0,0,0,0,0,0,0,0
380048,1,1,1988,0,0,0,0,0,0,15,0,14,0
380048,2,1,1988,11,11,11,11,11,11,11,11,11,11
380049,1,1,1988,0,0,0,0,0,0,0,27,0,0
380050,1,1,1988,0,15,0,0,0,0,0,0,23,0
380051,1,1,1988,0,0,8,0,0,0,0,0,0,0
380051,2,1,1988,15,15,15,15,15,15,15,15,15,15
380052,1,1,1988,24,24,24,24,24,24,24,24,24,24
380052,2,1,1988,0,0,0,0,0,0,0,0,0,0
380053,1,1,1988,0,0,0,0,0,0,0,0,0,0
380054,1,1,1988,18,18,18,18,18,18,18,18,18,18
380055,1,1,1988,9,10,0,9,5,12,31,20,5,13
380055,2,1,1988,16,16,16,16,16,16,16,16,16,16
380056,0,1,1988,0,0,0,0,0,0,0,0,0,0
380056,1,1,1988,0,0,0,0,0,0,2,0,0,0
380057,1,1,1988,0,0,0,13,0,0,0,23,0,0
380058,1,1,1988,5,12,19,10,25,0,12,10,8,5
380059,0,1,1988,0,0,0,0,0,0,0,0,0,0
380059,1,1,1988,0,0,0,0,0,0,0,0,0,0
380060,0,1,1988,28,28,28,28,28,28,28,28,28,28
380060,1,1,1988,0,0,0,0,0,0,0,0,0,0
380061,0,1,1988,18,18,18,18,18,18,18,18,18,18
380061,0,2,1988,23,13,19,31,29,27,23,16,0,18
380061,1,1,1988,21,0,30,0,0,14,0,0,0,13
380062,1,1,1988,18,18,18,18,18,18,18,18,18,18
380063,1,1,1988,0,0,0,0,0,0,0,0,0,0
380064,1,1,1988,31,31,31,31,31,31,31,31,31,31
380065,0,1,1988,0,0,0,0,0,0,0,0,0,0
380066,1,1,1988,23,23,23,23,23,23,23,23,23,23
380067,1,1,1988,32,32,32,32,32,32,32,32,32,32
380068,1,1,1988,23,23,23,23,23,23,23,23,23,23
380069,1,1,1988,20,20,20,20,20,20,20,20,20,20
380069,2,1,1988,0,0,0,0,0,0,0,4,0,0
380070,0,1,1988,0,0,0,0,0,0,0,0,0,0
380070,1,1,1988,0,0,0,20,10,0,0,0,0,0
380071,1,1,1988,0,0,0,0,0,0,0,0,0,0
380071,2,1,1988,0,24,0,0,0,0,13,0,0,0
380072,1,1,1988,0,0,0,0,0,0,0,0,0,0
380072,2,1,1988,12,0,0,0,0,0,0,0,14,0
380072,3,1,1988,0,0,0,0,0,0,0,0,0,0
380073,1,1,1988,17,17,17,17,17,17,17,17,17,17
380074,1,1,1988,0,0,0,0,0,0,0,0,0,0
380074,2,1,1988,0,0,0,0,0,0,0,0,0,0
380075,1,1,1988,16,0,0,14,0,0,0,0,0,0
380076,1,1,1988,0,0,16,0,0,19,0,0,0,0
380076,2,1,1988,0,0,0,0,0,0,0,0,0,0
380077,0,1,1988,26,26,26,26,26,26,26,26,26,26
380077,1,1,1988,0,0,0,0,0,0,0,0,0,0
380078,1,1,1988,17,17,17,17,17,17,17,17,17,17
380079,1,1,1988,25,25,25,25,25,25,25,25,25,25
380080,1,1,1988,0,0,0,0,0,0,0,0,0,0
380081,1,1,1988,8,8,8,8,8,8,8,8,8,8
380082,1,1,1988,0,0,0,0,0,0,0,0,0,0
380083,1,1,1988,0,0,0,0,0,0,0,0,0,0
380084,1,1,1988,0,0,0,0,0,0,0,0,0,35
380084,2,1,1988,0,0,0,0,0,0,0,0,0,0
380085,1,1,1988,0,0,0,0,0,16,0,0,0,0
380086,1,1,1988,0,0,0,0,0,0,0,0,0,0
380086,2,1,1988,0,0,0,0,0,0,0,0,0,0
380087,1,1,1988,0,0,0,0,0,0,0,0,0,0
380087,2,1,1988,0,0,0,0,0,0,0,0,0,0
380088,1,1,1988,0,0,0,0,0,0,0,0,0,0
380089,1,1,1988,4,0,0,0,0,6,0,0,0,0
380089,2,1,1988,16,0,0,0,0,0,0,0,0,0
380090,1,1,1988,20,19,15,10,15,5,13,13,22,3
380091,1,1,1988,9,22,0,0,0,4,0,6,16,0
380092,1,1,1988,15,15,15,15,15,15,15,15,15,15
390001,1,1,1988,30,15,11,0,16,0,4,0,21,14
390002,1,1,1988,42,26,0,0,10,5,0,16,0,0
390002,2,1,1988,8,12,0,19,0,0,0,0,11,0
390003,1,1,1988,0,0,0,0,0,0,13,0,0,0
390003,2,1,1988,0,0,0,0,0,0,0,0,0,0
390004,0,1,1988,26,12,5,37,14,28,16,21,13,24
390004,1,1,1988,7,7,7,7,7,7,7,7,7,7
390005,1,1,1988,20,22,0,0,16,0,24,23,10,3
390005,2,1,1988,12,12,12,12,12,12,12,12,12,12
390006,0,1,1988,0,0,0,0,0,0,0,0,0,13
390006,1,1,1988,0,0,0,0,0,8,9,0,0,0
390007,1,1,1988,11,0,0,15,23,0,0,0,0,29
390007,2,1,1988,0,0,0,0,0,19,0,11,17,0
390008,1,1,1988,0,0,0,0,0,0,0,0,0,0
390009,1,1,1988,18,0,0,0,0,0,19,12,0,0
390009,2,1,1988,7,0,0,0,0,0,0,0,0,0
390010,1,1,1988,15,15,15,15,15,15,15,15,15,15
390011,1,1,1988,0,17,0,0,0,0,0,21,36,0
390012,1,1,1988,0,0,0,0,0,0,0,0,0,0
390013,1,1,1988,46,16,0,11,0,0,11,12,0,41
390014,1,1,1988,0,0,16,0,0,0,0,0,0,0
390014,2,1,1988,0,0,8,0,0,0,0,0,0,0
390015,0,1,1988,5,5,5,5,5,5,5,5,5,5
390015,1,1,1988,6,0,0,0,0,0,10,11,0,0
390016,1,1,1988,12,12,12,12,12,12,12,12,12,12
390019,1,1,1988,2,17,18,20,32,0,0,32,18,34
390020,1,1,1988,10,10,10,10,10,10,10,10,10,10
390021,1,1,1988,0,0,0,0,0,0,0,0,0,0
390021,2,1,1988,0,0,0,0,0,0,0,0,0,0
390022,1,1,1988,22,22,22,22,22,22,22,22,22,22
390023,1,1,1988,20,20,20,20,20,20,20,20,20,20
390024,1,1,1988,16,20,11,29,31,13,18,26,20,18
390026,1,1,1988,28,34,24,0,39,23,0,0,0,11
390027,0,1,1988,13,23,0,16,0,0,44,9,0,14
390027,1,1,1988,10,10,10,10,10,10,10,10,10,10
390028,1,1,1988,18,24,21,13,36,26,50,15,10,13
390029,1,1,1988,0,0,0,0,0,0,0,0,0,0
390030,1,1,1988,0,18,16,0,25,0,37,0,22,0
390030,2,1,1988,9,0,0,0,0,0,0,0,0,0
390031,1,1,1988,35,35,35,35,35,35,35,35,35,35
390032,1,1,1988,0,0,0,0,0,0,0,0,21,0
390032,2,1,1988,0,0,0,0,0,0,0,0,0,0
390033,1,1,1988,0,0,0,0,0,0,0,0,0,0
390034,0,1,1988,0,0,0,0,0,0,0,0,0,0
390034,1,1,1988,29,23,48,0,15,0,23,0,0,0
390035,0,1,1988,0,0,0,0,0,0,0,0,0,0
390035,1,1,1988,0,0,7,0,0,0,0,9,0,0
390036,1,1,1988,6,6,6,6,6,6,6,6,6,6
390037,1,1,1988,22,22,22,22,22,22,22,22,22,22
390038,1,1,1988,11,22,18,21,0,7,34,29,0,5
390039,1,1,1988,24,24,24,24,24,24,24,24,24,24
390040,1,1,1988,18,18,18,18,18,18,18,18,18,18
390041,1,1,1988,0,0,0,0,18,0,0,19,18,0
390042,1,1,1988,0,0,0,0,0,0,0,0,0,0
390043,1,1,1988,0,0,0,0,0,0,0,24,0,0
390043,2,1,1988,0,0,0,0,0,0,0,0,0,0
390044,1,1,1988,15,15,15,15,15,15,15,15,15,15
390044,2,1,1988,26,0,11,0,0,0,0,0,0,14
390045,1,1,1988,20,20,20,20,20,20,20,20,20,20
390047,1,1,1988,0,0,0,0,6,0,0,0,0,6
390047,2,1,1988,0,19,0,11,0,0,10,0,0,8
390050,1,1,1988,0,6,17,0,0,27,0,0,0,10
390051,1,1,1988,19,13,16,22,16,13,14,34,17,23
390052,1,1,1988,27,27,27,27,27,27,27,27,27,27
390053,1,1,1988,0,0,0,0,0,0,0,0,0,0
390053,2,1,1988,18,18,18,18,18,18,18,18,18,18
390054,1,1,1988,0,20,0,0,10,0,0,0,5,15
390055,1,1,1988,26,26,26,26,26,26,26,26,26,26
390056,1,1,1988,0,0,0,0,0,0,0,0,0,0
390056,2,1,1988,0,0,0,0,0,0,0,0,0,0
390057,1,1,1988,0,0,0,0,0,0,0,0,0,0
390057,2,1,1988,0,0,0,0,0,0,0,0,0,0
390058,1,1,1988,16,21,16,0,11,16,18,34,24,10
390059,1,1,1988,24,24,24,24,24,24,24,24,24,24
390060,0,1,1988,0,0,0,0,0,0,0,0,0,0
390060,1,1,1988,0,26,0,0,0,0,0,0,0,0
390060,2,1,1988,18,0,0,0,0,0,0,0,0,4
390061,1,1,1988,23,0,29,8,30,14,0,0,0,19
390062,1,1,1988,18,0,0,16,0,18,17,13,0,0
390063,1,1,1988,0,0,0,0,0,0,0,0,0,0
390063,2,1,1988,0,0,7,0,0,0,0,0,0,0
390064,1,1,1988,21,25,16,0,13,29,24,25,29,26
390065,1,1,1988,2,10,0,0,0,0,10,18,17,0
390066,1,1,1988,13,13,13,13,13,13,13,13,13,13
390067,1,1,1988,0,0,0,0,0,0,0,0,0,0
390067,2,1,1988,0,0,0,31,0,0,0,0,12,16
390068,1,1,1988,26,26,26,26,26,26,26,26,26,26
390069,1,1,1988,7,7,7,7,7,7,7,7,7,7
390069,2,1,1988,0,0,0,0,0,0,0,0,0,0
390070,1,1,1988,25,8,11,0,12,10,24,12,0,8
390071,1,1,1988,0,0,0,0,0,0,0,0,7,0
390071,2,1,1988,0,0,0,0,0,0,0,0,0,0
390072,1,1,1988,0,0,0,0,0,0,0,0,0,0
390074,1,1,1988,0,0,0,0,0,0,0,0,0,0
390075,1,1,1988,0,0,0,0,0,0,0,0,0,0
390076,0,1,1988,0,0,0,0,0,0,0,0,0,0
390076,1,1,1988,0,7,0,0,0,0,0,0,0,0
390077,1,1,1988,0,17,0,0,0,0,0,0,0,0
390077,2,1,1988,0,0,0,0,0,0,0,0,0,0
390078,1,1,1988,0,0,0,0,16,0,9,0,0,0
390078,2,1,1988,15,0,10,10,13,0,0,0,0,0
390079,1,1,1988,29,22,17,0,0,20,5,0,0,0
390079,2,1,1988,0,0,0,0,0,0,0,0,15,0
390080,1,1,1988,1,1,1,1,1,1,1,1,1,1
390081,1,1,1988,0,0,0,0,0,0,0,0,0,0
390081,2,1,1988,0,0,0,0,0,0,0,0,0,0
390082,1,1,1988,21,21,21,21,21,21,21,21,21,21
390083,1,1,1988,10,10,10,10,10,10,10,10,10,10
390083,2,1,1988,0,32,0,0,0,0,0,0,8,18
390084,0,1,1988,0,0,0,0,0,0,0,0,0,0
390084,0,2,1988,0,0,0,15,0,0,0,0,0,0
390084,1,1,1988,0,0,0,0,0,0,0,0,0,0
390085,1,1,1988,0,19,0,0,5,13,0,5,0,0
390085,2,1,1988,0,0,13,19,15,25,0,0,0,0
390085,3,1,1988,0,0,20,0,0,0,0,0,0,0
390086,1,1,1988,8,13,7,0,0,14,0,0,0,0
390087,1,1,1988,0,15,11,23,0,0,0,0,0,26
390087,2,1,1988,15,15,0,23,18,20,13,0,19,0
390088,1,1,1988,20,20,20,20,20,20,20,20,20,20
390089,1,1,1988,0,0,0,0,0,0,0,0,0,0
390090,1,1,1988,0,0,8,27,0,0,18,0,11,0
390090,2,1,1988,0,0,0,0,0,0,6,0,0,0
390091,1,1,1988,0,0,0,0,0,0,0,0,0,0
390092,1,1,1988,0,0,0,0,0,0,0,0,0,0
390092,2,1,1988,0,0,0,0,0,0,9,0,0,0
390093,1,1,1988,0,0,0,0,0,0,0,0,0,0
390094,1,1,1988,0,0,0,0,0,0,0,0,0,0
390095,1,1,1988,0,0,0,0,0,0,0,0,0,0
390095,2,1,1988,0,0,0,0,0,0,0,0,6,10
390095,3,1,1988,0,0,0,0,0,4,0,0,0,0
390096,1,1,1988,0,0,0,0,0,0,0,0,0,0
390097,1,1,1988,0,0,0,0,0,0,0,0,0,0
390097,2,1,1988,0,0,0,0,0,0,0,0,0,0
390098,1,1,1988,0,0,0,0,0,0,0,0,0,0
390098,2,1,1988,0,0,0,0,0,0,0,0,0,0
390099,1,1,1988,24,16,0,0,13,10,17,0,8,0
390100,1,1,1988,0,0,12,0,0,0,0,0,0,6
390100,2,1,1988,0,0,0,0,0,0,0,0,0,0
390100,3,1,1988,0,0,0,0,0,0,0,0,0,0
390101,1,1,1988,0,0,0,0,0,0,0,15,0,0
390101,2,1,1988,0,0,0,0,0,0,0,0,0,0
390102,1,1,1988,5,0,0,0,0,0,0,0,0,0
390102,2,1,1988,0,0,0,0,0,0,0,0,0,0
390103,0,1,1988,0,0,15,0,18,0,0,0,0,0