ST_CASE,VEH_NO,PER_NO,YEAR,P1,P2,P3,P4,P5,P6,P7,P8,P9,P10
390103,1,1,1988,0,0,0,0,0,0,0,0,0,0
390104,1,1,1988,0,0,10,0,0,27,0,8,28,0
390105,1,1,1988,21,17,0,13,6,0,12,0,20,0
390106,1,1,1988,0,0,0,0,0,0,0,0,0,0
390106,2,1,1988,22,22,22,22,22,22,22,22,22,22
390107,0,1,1988,11,11,11,11,11,11,11,11,11,11
390107,1,1,1988,5,27,11,0,0,19,30,7,5,0
390108,0,1,1988,0,0,0,0,0,0,0,0,0,0
390108,1,1,1988,0,0,0,0,0,0,20,0,12,0
390109,0,1,1988,20,20,20,20,20,20,20,20,20,20
390109,1,1,1988,49,0,0,12,0,0,9,19,10,3
390110,1,1,1988,0,0,0,0,0,0,0,0,0,0
390111,1,1,1988,8,29,16,11,36,0,0,0,0,0
390111,2,1,1988,21,21,21,21,21,21,21,21,21,21
390112,1,1,1988,25,25,25,25,25,25,25,25,25,25
390113,1,1,1988,0,0,0,0,0,0,0,0,0,0
390113,2,1,1988,0,0,0,13,0,0,0,0,0,0
390114,1,1,1988,24,0,0,23,12,13,4,0,13,18
390114,2,1,1988,0,0,0,0,0,0,0,10,0,0
390115,1,1,1988,18,42,6,0,11,19,11,24,16,9
390116,0,1,1988,5,0,0,52,0,0,30,0,0,0
390116,1,1,1988,17,0,12,2,34,11,30,11,10,6
390117,1,1,1988,0,13,0,0,0,0,0,0,0,0
390117,2,1,1988,0,0,0,0,0,0,0,0,0,0
390118,0,1,1988,0,0,0,0,0,0,0,0,0,0
390118,1,1,1988,0,12,0,0,0,0,0,0,0,0
390119,0,1,1988,27,27,27,27,27,27,27,27,27,27
390119,1,1,1988,0,0,0,0,0,0,0,0,0,0
390119,2,1,1988,12,0,0,0,0,8,4,0,20,0
390120,0,1,1988,15,0,0,22,23,15,12,38,0,11
390120,1,1,1988,2,0,11,29,4,0,0,11,0,0
390121,1,1,1988,29,29,29,29,29,29,29,29,29,29
390121,2,1,1988,3,3,3,3,3,3,3,3,3,3
390122,0,1,1988,19,19,19,19,19,19,19,19,19,19
390122,1,1,1988,0,13,0,0,0,0,0,0,31,19
390123,1,1,1988,4,0,0,0,0,10,24,0,0,0
390123,2,1,1988,13,0,8,0,12,0,8,0,0,0
390123,3,1,1988,18,12,19,27,0,0,14,12,22,13
390124,1,1,1988,0,16,4,18,33,15,15,15,9,17
390124,2,1,1988,0,0,0,0,0,0,0,0,30,0
390125,0,1,1988,0,0,0,0,0,0,0,0,0,0
390125,1,1,1988,0,0,0,0,0,17,0,0,0,0
390126,1,1,1988,0,0,0,9,0,0,0,0,8,0
390126,2,1,1988,23,23,23,23,23,23,23,23,23,23
390127,1,1,1988,20,20,20,20,20,20,20,20,20,20
390128,1,1,1988,0,0,0,0,20,0,12,0,0,15
390129,0,1,1988,0,0,0,0,0,0,0,0,0,0
390129,1,1,1988,0,0,0,0,27,23,0,0,0,0
390130,1,1,1988,0,0,0,0,0,0,0,0,0,0
390131,0,1,1988,0,0,6,0,28,0,18,0,0,0
390131,1,1,1988,0,0,0,0,0,0,23,0,0,0
390132,1,1,1988,0,0,0,0,0,0,0,0,0,0
390133,1,1,1988,0,0,0,0,0,0,0,0,0,0
390133,2,1,1988,0,0,0,0,0,0,0,0,0,0
390134,0,1,1988,0,0,0,0,0,0,0,0,0,0
390134,1,1,1988,0,0,0,0,0,0,0,0,0,0
390135,1,1,1988,0,0,0,0,22,0,0,0,0,18
390135,2,1,1988,24,24,24,24,24,24,24,24,24,24
390136,1,1,1988,0,0,0,0,0,0,0,0,0,0
390137,1,1,1988,0,0,0,0,0,0,0,0,0,0
390138,1,1,1988,41,41,41,41,41,41,41,41,41,41
390139,0,1,1988,19,19,19,19,19,19,19,19,19,19
390139,1,1,1988,7,0,0,12,12,0,9,0,15,0
390140,0,1,1988,0,0,0,0,0,0,0,0,0,0
390140,1,1,1988,20,0,0,0,0,0,0,0,0,0
390141,1,1,1988,8,0,24,8,21,22,19,11,18,17
390142,1,1,1988,32,32,32,32,32,32,32,32,32,32
390143,1,1,1988,14,14,14,14,14,14,14,14,14,14
390144,1,1,1988,0,0,0,0,0,0,0,0,0,0
390144,2,1,1988,0,0,0,0,0,0,0,0,0,0
390145,1,1,1988,22,22,22,22,22,22,22,22,22,22
390146,1,1,1988,0,0,0,5,0,0,0,0,0,0
390147,1,1,1988,25,13,28,10,0,11,18,23,26,29
390148,1,1,1988,0,0,0,0,22,0,0,0,15,0
390148,2,1,1988,0,0,8,0,0,0,0,0,13,0
390149,1,1,1988,15,12,39,29,18,20,13,21,20,16
390150,0,1,1988,21,21,21,21,21,21,21,21,21,21
390150,1,1,1988,0,0,0,0,0,0,0,0,0,0
390151,1,1,1988,0,0,0,0,0,0,0,0,0,0
390151,2,1,1988,0,0,0,0,0,0,0,0,0,0
390151,3,1,1988,0,0,0,0,0,0,0,0,0,0
390151,4,1,1988,0,12,0,0,0,0,0,0,0,7
390152,1,1,1988,16,16,16,16,16,16,16,16,16,16
390153,0,1,1988,23,23,23,23,23,23,23,23,23,23
390153,1,1,1988,0,0,0,0,0,0,12,0,0,0
390154,1,1,1988,4,11,7,0,18,0,9,5,8,7
390154,2,1,1988,0,0,0,14,10,0,0,14,17,0
390155,1,1,1988,0,0,0,0,0,0,0,0,0,0
390155,2,1,1988,0,0,0,0,0,0,0,0,0,0
390156,1,1,1988,0,0,0,0,0,0,0,0,0,0
390156,2,1,1988,0,0,0,0,0,0,0,0,0,0
390157,1,1,1988,0,0,0,0,0,0,0,0,0,0
390158,1,1,1988,9,9,9,9,9,9,9,9,9,9
390159,1,1,1988,10,10,10,10,10,10,10,10,10,10
390159,2,1,1988,0,0,0,0,0,0,0,21,0,11
390160,0,1,1988,0,0,0,0,0,0,0,0,0,0
390160,1,1,1988,0,0,0,0,0,0,0,0,0,0
390161,1,1,1988,35,35,35,35,35,35,35,35,35,35
390162,1,1,1988,0,0,0,0,0,14,11,0,0,26
390163,1,1,1988,0,0,0,0,0,0,0,0,0,0
390163,2,1,1988,0,0,0,0,0,0,0,0,0,0
390164,1,1,1988,0,11,0,0,13,0,0,0,11,0
390164,2,1,1988,0,0,0,0,0,0,0,0,0,0
390165,1,1,1988,0,0,0,0,0,0,0,0,0,0
390165,2,1,1988,0,0,0,0,0,0,0,0,0,0
390165,3,1,1988,0,0,0,0,0,0,0,0,0,0
390166,1,1,1988,30,30,30,30,30,30,30,30,30,30
390166,2,1,1988,0,0,0,0,0,0,0,0,0,0
390167,1,1,1988,15,0,0,3,6,0,0,0,0,0
390168,1,1,1988,0,0,21,18,0,0,20,21,31,0
390169,1,1,1988,3,3,3,3,3,3,3,3,3,3
390170,0,1,1988,29,29,29,29,29,29,29,29,29,29
390170,1,1,1988,0,0,0,0,0,14,16,0,0,0
390172,1,1,1988,0,0,0,0,0,0,0,0,0,0
390173,1,1,1988,0,0,0,21,0,20,0,0,0,19
390173,2,1,1988,0,0,0,0,0,0,14,0,0,0
390173,3,1,1988,11,0,0,0,0,0,0,0,0,12
390174,1,1,1988,11,11,11,11,11,11,11,11,11,11
390175,1,1,1988,0,0,7,0,0,0,0,0,0,0
390175,2,1,1988,0,0,0,0,0,0,0,0,0,0
390176,1,1,1988,0,0,0,0,0,0,0,0,0,0
390176,2,1,1988,0,0,0,0,0,0,0,0,0,0
390176,3,1,1988,0,0,0,0,0,0,0,15,0,0
390177,1,1,1988,19,19,19,19,19,19,19,19,19,19
390177,2,1,1988,0,11,0,0,8,6,8,15,6,0
390178,1,1,1988,0,0,0,0,0,0,0,0,0,0
390179,1,1,1988,21,11,0,22,11,24,13,15,24,22
390180,1,1,1988,0,0,0,0,0,0,0,0,0,0
390180,2,1,1988,22,22,22,22,22,22,22,22,22,22
390181,0,1,1988,0,0,0,0,0,0,0,0,0,0
390181,1,1,1988,0,0,6,0,0,0,0,0,0,23
390182,1,1,1988,0,0,0,10,17,0,18,0,27,0
390182,2,1,1988,0,0,0,0,13,0,0,0,9,0
390183,1,1,1988,0,0,0,0,0,0,0,0,0,0
390183,2,1,1988,5,5,5,5,5,5,5,5,5,5
390184,1,1,1988,21,21,21,21,21,21,21,21,21,21
390185,1,1,1988,0,0,0,0,0,0,0,0,0,0
390185,2,1,1988,0,0,0,0,17,0,0,0,0,0
390185,3,1,1988,0,0,0,0,0,0,0,0,0,0
390186,1,1,1988,0,0,0,0,0,0,0,0,0,0
390186,2,1,1988,0,0,0,0,0,0,0,0,0,0
390187,1,1,1988,0,0,0,0,0,0,0,0,0,0
390187,2,1,1988,0,0,0,0,0,0,0,0,0,0
390188,1,1,1988,13,0,0,25,0,15,10,0,0,21
390188,2,1,1988,0,0,0,0,0,0,0,0,0,0
390190,1,1,1988,13,13,13,13,13,13,13,13,13,13
390191,1,1,1988,21,21,21,21,21,21,21,21,21,21
390192,1,1,1988,0,4,0,0,10,10,0,0,0,10
390192,2,1,1988,0,0,0,0,14,0,28,0,13,12
390193,0,1,1988,12,12,12,12,12,12,12,12,12,12
390193,1,1,1988,0,0,0,0,0,0,0,0,0,0
390194,1,1,1988,0,0,0,0,0,0,0,0,0,0
390195,1,1,1988,0,0,0,0,0,0,0,4,0,0
390195,2,1,1988,0,0,0,0,0,0,0,0,0,0
390196,1,1,1988,0,0,0,0,0,0,0,0,0,0
390196,2,1,1988,0,0,0,0,0,0,0,0,0,0
390197,1,1,1988,0,0,0,0,0,0,0,20,0,0
390197,2,1,1988,0,0,13,0,0,0,0,5,11,0
390198,1,1,1988,7,0,0,0,0,0,0,0,0,0
390198,2,1,1988,0,0,0,0,0,0,0,0,0,0
390199,1,1,1988,21,21,21,21,21,21,21,21,21,21
390200,1,1,1988,0,0,9,0,0,22,0,19,28,17
390200,2,1,1988,0,0,0,0,0,0,8,0,0,10
390201,0,1,1988,9,0,0,0,0,0,0,0,0,0
390201,1,1,1988,0,0,0,0,0,0,0,9,0,0
390202,1,1,1988,29,18,10,0,30,9,23,0,9,11
390203,1,1,1988,0,0,0,0,0,0,0,0,0,0
390203,2,1,1988,0,0,0,0,0,0,0,0,0,0
390204,1,1,1988,0,0,0,0,0,0,0,0,0,0
390204,2,1,1988,0,0,0,0,0,0,0,0,0,0
390205,1,1,1988,13,13,13,13,13,13,13,13,13,13
390206,1,1,1988,0,0,0,0,0,0,9,14,18,9
390206,2,1,1988,10,0,0,19,0,0,12,0,0,0
390207,1,1,1988,26,26,26,26,26,26,26,26,26,26
390208,1,2,1988,13,13,13,13,13,13,13,13,13,13
390208,2,1,1988,0,0,0,0,0,0,0,0,0,0
390208,3,1,1988,0,0,0,0,0,0,0,0,0,0
390209,1,1,1988,0,0,0,0,0,0,0,0,0,0
390210,0,1,1988,0,0,0,0,0,0,0,0,0,0
390210,1,1,1988,0,0,0,0,20,0,0,0,0,0
390211,1,1,1988,0,0,0,0,0,0,0,0,0,0
390211,2,1,1988,0,0,0,0,0,0,0,0,0,0
390212,0,1,1988,0,0,23,0,0,0,0,0,0,0
390212,0,2,1988,0,0,0,0,0,0,0,0,0,0
390212,1,1,1988,17,7,15,3,0,12,7,22,34,12
390213,1,1,1988,17,19,0,0,0,22,0,20,7,0
390213,2,1,1988,0,0,26,0,25,0,0,0,12,20
390214,1,1,1988,38,38,38,38,38,38,38,38,38,38
390215,1,1,1988,0,0,0,0,0,0,0,0,0,0
390215,2,1,1988,0,0,0,0,0,0,0,0,0,0
390215,3,1,1988,0,0,0,0,0,0,0,0,0,0
390216,1,1,1988,29,15,0,25,0,6,0,0,0,28
390216,2,1,1988,2,2,2,2,2,2,2,2,2,2
390217,1,1,1988,24,24,24,24,24,24,24,24,24,24
390217,2,1,1988,11,0,8,9,0,12,0,4,0,13
390218,1,1,1988,24,0,0,0,0,0,0,0,0,0
390219,1,1,1988,0,0,0,0,0,0,0,0,0,0
390220,1,1,1988,0,0,0,0,0,0,0,0,0,0
390220,2,1,1988,0,0,0,0,0,0,0,0,0,0
390221,1,1,1988,0,10,0,4,0,13,0,0,5,0
390221,2,1,1988,3,3,3,3,3,3,3,3,3,3
390222,1,1,1988,3,4,0,0,0,0,22,5,15,0
390222,2,1,1988,0,0,0,0,0,11,0,0,0,0
390222,3,1,1988,0,0,0,0,0,0,0,16,0,0
390223,1,1,1988,0,0,0,0,3,0,0,3,0,0
390223,2,1,1988,0,24,0,0,0,0,0,0,0,0
390224,1,1,1988,0,0,0,0,0,0,0,0,0,0
390225,1,1,1988,18,18,18,18,18,18,18,18,18,18
390226,1,1,1988,18,18,18,18,18,18,18,18,18,18
390227,1,1,1988,0,0,0,0,0,0,4,0,0,0
390227,2,1,1988,4,0,0,0,0,0,0,0,12,0
390228,1,1,1988,2,2,2,2,2,2,2,2,2,2
390229,1,1,1988,0,0,0,0,0,0,0,0,0,0
390229,2,1,1988,0,0,0,0,0,0,0,0,0,0
390230,1,1,1988,0,0,0,0,0,0,0,0,0,0
390230,2,1,1988,0,0,0,0,0,0,2,0,0,0
390231,1,1,1988,0,0,0,0,0,0,0,0,0,0
390231,2,1,1988,0,0,0,0,0,0,0,0,0,0
390232,1,1,1988,0,0,0,0,0,0,0,0,0,0
390232,2,1,1988,0,0,0,0,0,0,0,0,0,0
390233,1,1,1988,0,0,0,0,0,0,0,0,0,0
390234,1,1,1988,0,0,0,0,8,0,0,0,0,0
390234,2,1,1988,0,0,0,0,0,8,3,0,0,0
390235,1,1,1988,0,0,0,0,0,0,0,0,0,0
390235,2,1,1988,7,0,0,0,0,0,0,0,0,19
390236,0,1,1988,0,0,0,0,0,0,0,0,0,0
390236,1,1,1988,0,0,0,0,0,0,0,0,0,0
390237,1,1,1988,17,23,0,0,0,0,0,0,0,6
390237,2,1,1988,13,13,13,13,13,13,13,13,13,13
390238,1,1,1988,22,32,0,15,0,0,15,6,19,0
390239,1,1,1988,16,16,16,16,16,16,16,16,16,16
390240,1,1,1988,13,13,13,13,13,13,13,13,13,13
390241,1,1,1988,28,28,28,28,28,28,28,28,28,28
390241,2,1,1988,0,0,11,0,8,0,0,0,0,0
390241,3,1,1988,0,0,0,0,0,0,0,0,0,0
390241,4,1,1988,0,0,0,0,0,0,0,0,0,0
390242,0,1,1988,19,19,19,19,19,19,19,19,19,19
390242,1,1,1988,0,0,0,0,0,0,0,0,0,0
390242,2,1,1988,0,0,0,0,24,0,0,0,0,0
390243,1,1,1988,25,25,25,25,25,25,25,25,25,25
390244,1,1,1988,33,33,33,33,33,33,33,33,33,33
390245,0,1,1988,0,0,0,0,12,0,0,0,0,0
390245,1,1,1988,13,0,24,15,0,0,10,0,0,20
390246,1,1,1988,33,33,33,33,33,33,33,33,33,33
390247,1,1,1988,0,0,0,0,0,0,0,22,0,0
390247,2,1,1988,0,0,31,0,7,0,0,0,0,0
390249,1,1,1988,0,0,0,0,0,0,0,0,15,0
390250,0,1,1988,12,12,12,12,12,12,12,12,12,12
390250,1,1,1988,0,0,0,0,0,0,0,0,0,0
390251,0,1,1988,0,0,0,0,0,0,0,0,0,0
390251,0,2,1988,0,0,0,0,0,0,0,0,0,0
390251,0,3,1988,0,0,18,0,0,0,0,7,0,0
390251,0,4,1988,0,0,11,0,0,16,0,0,0,0
390251,1,1,1988,0,0,0,0,0,0,0,0,18,0
390252,1,1,1988,4,4,4,4,4,4,4,4,4,4
390252,2,1,1988,14,0,0,10,0,0,11,12,0,0
390253,1,1,1988,25,25,25,25,25,25,25,25,25,25
390254,1,1,1988,0,0,0,0,0,9,0,0,0,0
390254,2,1,1988,0,0,0,0,0,0,0,0,0,0
390255,1,1,1988,0,0,17,0,0,27,15,23,0,0
390255,2,1,1988,20,20,20,20,20,20,20,20,20,20
390256,1,1,1988,0,0,0,0,0,0,0,0,0,0
390256,2,1,1988,0,0,0,0,0,0,0,0,0,0
390257,1,1,1988,0,0,0,0,0,0,0,0,0,0
390257,2,1,1988,0,9,0,0,0,0,0,0,0,0
390257,3,1,1988,0,0,0,0,0,0,0,0,0,0
390258,1,1,1988,5,5,5,5,5,5,5,5,5,5
390258,2,1,1988,0,0,0,0,0,0,0,0,0,0
390259,1,1,1988,9,9,9,9,9,9,9,9,9,9
390260,1,1,1988,0,0,0,0,0,0,22,0,0,0
390261,1,1,1988,18,18,18,18,18,18,18,18,18,18
390262,1,1,1988,0,0,0,0,0,0,0,0,0,0
390262,2,1,1988,0,0,0,0,0,0,0,0,11,0
390263,1,1,1988,15,15,15,15,15,15,15,15,15,15
390263,2,1,1988,0,0,0,0,0,0,0,0,0,0
390265,1,1,1988,0,0,0,0,0,0,0,0,0,0
390266,1,1,1988,0,12,0,0,0,0,0,0,0,0
390266,2,1,1988,0,0,0,0,0,0,0,0,0,0
390267,1,1,1988,25,25,25,25,25,25,25,25,25,25
390268,0,1,1988,2,2,2,2,2,2,2,2,2,2
390268,1,1,1988,16,16,16,16,16,16,16,16,16,16
390269,1,1,1988,21,21,21,21,21,21,21,21,21,21
390270,1,1,1988,24,24,24,24,24,24,24,24,24,24
390271,1,1,1988,0,0,25,0,0,0,0,0,0,0
390272,1,1,1988,0,0,0,0,0,0,0,0,6,0
390272,2,1,1988,0,0,0,0,0,0,0,0,0,0
390273,1,1,1988,21,21,21,21,21,21,21,21,21,21
390274,1,1,1988,0,0,0,0,0,0,0,0,0,0
390274,2,1,1988,0,0,17,24,5,0,0,0,6,0
390274,3,1,1988,0,6,0,0,0,21,0,6,17,21
390274,4,1,1988,20,17,0,22,19,18,0,13,22,0
390274,5,1,1988,0,0,0,0,0,0,0,18,0,7
390275,0,1,1988,0,0,0,0,0,0,0,0,0,0
390275,1,1,1988,12,0,0,0,0,0,28,0,16,0
390276,1,1,1988,0,0,0,0,0,0,0,0,0,0
390277,1,1,1988,0,38,0,0,16,0,18,0,0,40
390277,2,1,1988,0,0,0,0,0,0,0,4,0,0
390278,1,1,1988,18,0,0,13,29,0,9,0,0,0
390279,1,1,1988,0,0,0,0,0,0,0,0,0,0
390280,1,1,1988,0,0,0,0,0,0,0,0,0,0
390280,2,1,1988,0,0,0,0,0,0,0,0,0,0
390281,1,1,1988,0,0,0,29,0,28,18,0,0,0
390281,2,1,1988,0,0,0,0,0,0,0,0,0,0
390282,1,1,1988,0,0,0,0,0,0,0,0,0,0
390282,2,1,1988,0,0,16,21,0,10,0,0,0,0
390283,1,1,1988,0,19,16,0,0,0,0,15,0,0
390283,2,1,1988,0,0,0,0,0,0,0,0,0,0
390284,1,1,1988,0,0,0,0,0,0,0,0,0,0
390285,1,1,1988,0,0,0,0,0,0,0,0,0,0
390285,2,1,1988,0,0,0,0,0,0,11,0,15,0
390286,1,1,1988,2,2,2,2,2,2,2,2,2,2
390287,1,1,1988,43,43,43,43,43,43,43,43,43,43
390288,0,1,1988,0,0,0,0,0,0,0,0,0,0
390288,1,1,1988,2,2,2,2,2,2,2,2,2,2
390289,0,1,1988,26,26,26,26,26,26,26,26,26,26
390289,1,1,1988,11,19,0,0,0,0,19,22,0,21
390290,1,1,1988,0,0,0,0,0,0,0,0,0,0
390290,2,1,1988,0,0,0,0,0,0,0,0,0,0
390291,1,1,1988,21,21,21,21,21,21,21,21,21,21
390292,1,1,1988,0,0,5,0,0,0,0,0,0,0
390293,1,1,1988,0,0,0,0,0,0,0,0,0,0
390294,1,1,1988,0,0,0,0,0,0,0,0,0,0
390295,1,1,1988,29,17,16,15,13,16,16,15,12,8
390296,1,1,1988,0,0,0,0,0,0,13,0,0,0
390296,2,1,1988,0,0,24,0,0,0,0,0,0,0
390297,1,1,1988,9,7,0,25,23,37,7,19,23,14
390298,0,1,1988,13,13,13,13,13,13,13,13,13,13
390298,1,1,1988,7,15,11,14,18,14,0,20,0,6
390299,1,1,1988,0,0,0,0,0,0,0,0,0,0
390300,1,1,1988,0,0,0,0,0,0,0,0,0,0
390300,2,1,1988,0,0,0,0,0,0,0,0,0,0
390300,3,1,1988,0,0,0,0,0,0,0,0,0,5
390301,1,1,1988,25,25,25,25,25,25,25,25,25,25
390302,1,1,1988,26,26,26,26,26,26,26,26,26,26
390303,1,1,1988,0,0,0,0,0,0,0,0,0,0
390304,1,1,1988,0,0,0,0,0,0,0,0,4,0
390304,2,1,1988,0,0,0,0,0,0,0,0,0,0
390305,1,1,1988,16,16,16,16,16,16,16,16,16,16
390305,2,1,1988,0,0,0,0,0,0,0,0,0,0
390307,1,1,1988,26,0,0,13,0,0,0,0,0,2
390308,1,1,1988,9,0,0,0,11,0,0,0,0,0
390308,2,1,1988,0,0,0,0,0,0,0,0,0,0
390309,1,1,1988,0,0,0,0,0,0,0,0,12,0
390309,2,1,1988,0,0,0,0,0,0,23,0,0,0
390309,3,1,1988,0,0,0,0,0,0,0,0,0,0
390310,1,1,1988,29,29,29,29,29,29,29,29,29,29
390311,1,1,1988,0,0,0,0,0,0,0,0,0,0
390312,0,1,1988,0,12,0,7,0,0,0,0,0,0
390312,1,1,1988,0,0,0,0,0,0,0,0,0,0
390313,0,1,1988,41,41,41,41,41,41,41,41,41,41
390313,1,1,1988,20,0,23,34,7,0,32,27,16,0
390314,0,1,1988,0,0,0,0,0,0,0,0,0,0
390314,1,1,1988,27,0,0,0,0,0,0,0,11,0
390315,1,1,1988,0,0,0,0,0,0,0,0,0,0
390316,1,1,1988,35,35,35,35,35,35,35,35,35,35
390317,1,1,1988,12,17,14,20,12,8,9,11,21,7
390317,2,1,1988,0,0,0,0,18,12,0,0,0,0
390319,1,1,1988,0,0,0,0,0,0,0,0,0,8
390319,2,1,1988,0,0,0,0,0,0,0,0,0,0
390319,3,1,1988,0,0,0,0,0,0,0,0,0,0
390320,1,1,1988,16,18,9,22,22,16,15,6,13,10
390321,1,1,1988,18,18,18,18,18,18,18,18,18,18
390322,1,1,1988,0,30,12,0,0,12,0,0,0,0
390323,1,1,1988,0,18,11,15,31,12,5,8,8,29
390324,1,1,1988,0,0,0,0,0,0,0,0,0,0
390325,1,1,1988,17,17,17,17,17,17,17,17,17,17
390326,0,1,1988,0,0,0,0,0,0,10,0,0,0
390326,1,1,1988,26,0,13,0,27,30,0,0,18,6
390327,1,1,1988,17,17,17,17,17,17,17,17,17,17
390328,1,1,1988,0,29,0,34,8,0,14,0,3,0
390328,2,1,1988,0,0,0,0,0,0,0,0,0,0
390328,3,1,1988,9,12,0,0,11,0,0,0,0,0
390329,1,1,1988,0,23,0,0,0,19,28,6,0,0
390329,2,1,1988,0,0,9,0,15,20,23,31,13,17
390330,1,1,1988,26,26,26,26,26,26,26,26,26,26
390331,1,1,1988,0,0,0,0,0,0,0,0,0,0
390331,2,1,1988,7,7,7,7,7,7,7,7,7,7
390332,1,1,1988,13,13,13,13,13,13,13,13,13,13
390332,2,1,1988,0,0,0,0,0,0,0,0,0,0
390332,3,1,1988,0,0,0,0,0,0,0,0,0,0
390332,4,1,1988,9,0,11,14,15,0,0,0,0,14
390333,1,1,1988,19,19,19,19,19,19,19,19,19,19
390333,2,1,1988,17,6,0,0,17,0,0,14,0,0
390334,1,1,1988,0,0,0,0,0,0,0,0,0,0
390335,1,1,1988,5,5,5,5,5,5,5,5,5,5
390336,1,1,1988,24,24,24,24,24,24,24,24,24,24
390336,2,1,1988,0,0,0,0,0,0,0,0,0,0
390336,3,1,1988,0,0,0,0,0,0,0,0,0,0
390337,1,1,1988,0,0,0,0,0,0,0,0,0,0
390338,1,1,1988,40,40,40,40,40,40,40,40,40,40
390339,1,1,1988,12,12,12,12,12,12,12,12,12,12
390340,0,1,1988,0,0,0,0,0,18,0,26,0,0
390340,1,1,1988,0,0,0,0,0,0,0,0,0,0
390341,1,1,1988,0,29,11,0,32,21,24,0,0,0
390341,2,1,1988,0,0,0,0,0,0,0,8,0,0
390341,3,1,1988,0,0,0,25,0,0,0,10,0,9
390341,4,1,1988,0,8,0,0,0,0,0,0,0,0
390342,1,1,1988,10,10,10,10,10,10,10,10,10,10
390343,1,1,1988,23,35,10,15,24,19,9,25,15,18
390345,0,1,1988,0,0,0,0,0,0,0,0,0,0
390345,1,1,1988,0,14,0,0,0,0,0,0,0,0
390346,1,1,1988,0,0,0,0,0,0,0,0,0,0
390346,2,1,1988,0,0,17,0,0,0,0,13,0,0
390347,1,1,1988,0,0,0,0,0,0,0,0,0,12
390347,2,1,1988,0,0,0,0,0,0,0,0,0,0
390348,1,1,1988,0,8,0,0,0,0,0,0,0,0
390348,2,1,1988,0,0,0,0,0,0,0,0,0,0
390349,1,1,1988,0,0,0,0,0,0,0,0,0,0
390349,2,1,1988,0,0,0,0,0,0,0,5,0,0
390350,1,1,1988,15,15,15,15,15,15,15,15,15,15
390351,1,1,1988,0,0,0,0,0,0,0,0,0,0
390351,2,1,1988,0,0,0,0,0,0,0,0,0,0
390352,1,1,1988,0,0,12,0,0,0,0,0,0,0
390352,2,1,1988,0,0,0,0,0,0,0,0,0,0
390353,1,1,1988,0,0,0,0,0,0,0,0,0,0
390354,1,1,1988,30,30,30,30,30,30,30,30,30,30
390355,1,1,1988,0,0,0,0,0,0,0,0,0,0
390355,2,1,1988,14,13,0,0,17,27,13,0,28,26
390355,3,1,1988,9,29,0,15,0,2,7,0,7,0
390356,1,1,1988,11,11,11,11,11,11,11,11,11,11
390357,0,1,1988,0,0,0,0,0,0,0,0,0,0
390357,1,1,1988,0,0,0,0,0,0,0,0,0,0
390358,1,1,1988,0,20,0,0,0,0,0,0,0,0
390358,2,1,1988,29,29,29,29,29,29,29,29,29,29
390359,1,1,1988,0,0,0,0,0,0,0,0,0,0
390360,0,1,1988,28,28,28,28,28,28,28,28,28,28
390360,1,1,1988,0,15,0,0,0,0,0,0,0,0
390361,1,1,1988,0,0,0,0,0,0,0,0,0,0
390362,1,1,1988,0,0,0,0,0,0,0,0,0,0
390363,1,1,1988,0,0,0,0,0,0,0,0,0,0
390363,2,1,1988,0,0,0,0,0,0,0,0,0,0
390364,1,1,1988,13,13,13,13,13,13,13,13,13,13
390365,1,1,1988,0,0,0,0,0,0,0,0,0,0
390366,1,1,1988,0,0,0,0,0,0,0,0,0,0
390367,1,1,1988,0,3,15,18,11,9,0,0,7,0
390368,1,1,1988,20,0,21,0,8,15,0,10,0,0
390369,1,1,1988,0,0,0,0,0,5,0,0,0,21
390370,1,1,1988,28,25,0,0,0,0,0,0,17,0
390370,2,1,1988,0,0,0,0,0,0,0,0,0,7
390371,1,1,1988,17,17,17,17,17,17,17,17,17,17
390372,1,1,1988,0,0,0,0,0,0,0,0,0,0
390372,2,1,1988,0,0,4,0,0,0,11,0,0,0
390373,1,1,1988,0,28,11,0,12,9,0,5,0,14
390374,1,1,1988,0,0,0,0,0,0,0,0,0,0
390375,1,1,1988,0,0,0,33,0,49,0,0,0,0
390375,2,1,1988,18,18,18,18,18,18,18,18,18,18
390376,1,1,1988,11,11,11,11,11,11,11,11,11,11
390377,1,1,1988,10,10,10,10,10,10,10,10,10,10
390377,2,1,1988,0,0,7,0,13,0,17,0,20,0
390378,0,1,1988,24,14,9,24,12,13,19,19,14,29
390378,1,1,1988,14,14,14,14,14,14,14,14,14,14
390379,1,1,1988,8,8,8,8,8,8,8,8,8,8
390379,2,1,1988,12,0,3,0,0,0,0,5,0,0
390380,1,1,1988,0,0,0,0,0,9,0,0,0,0
390381,1,1,1988,0,0,0,0,0,0,0,0,0,0
390382,1,1,1988,0,0,0,0,0,0,0,0,0,0
390382,2,1,1988,0,0,0,0,0,0,0,0,0,0
390383,1,1,1988,22,0,29,18,16,14,0,23,5,17
390383,2,1,1988,21,21,21,21,21,21,21,21,21,21