ST_CASE,VEH_NO,PER_NO,YEAR,P1,P2,P3,P4,P5,P6,P7,P8,P9,P10
390384,1,1,1988,0,0,0,0,0,0,0,0,0,0
390385,1,1,1988,0,0,0,0,0,0,0,7,0,0
390385,2,1,1988,0,0,0,0,0,0,0,0,0,0
390386,1,1,1988,37,37,37,37,37,37,37,37,37,37
390387,1,1,1988,0,0,0,0,0,0,0,0,0,0
390388,1,1,1988,11,11,11,11,11,11,11,11,11,11
390389,1,1,1988,11,11,11,11,11,11,11,11,11,11
390390,1,1,1988,14,14,14,14,14,14,14,14,14,14
390391,1,1,1988,0,12,11,0,40,0,0,0,17,11
390392,1,1,1988,0,0,15,0,38,0,0,0,21,0
390392,2,1,1988,0,0,0,0,0,0,28,0,0,0
390393,1,1,1988,0,0,13,0,0,0,4,18,7,0
390394,1,1,1988,4,4,4,4,4,4,4,4,4,4
390395,0,1,1988,3,3,3,3,3,3,3,3,3,3
390395,1,1,1988,0,4,20,2,0,0,0,0,0,0
390396,1,1,1988,26,26,26,26,26,26,26,26,26,26
390397,1,1,1988,11,11,11,11,11,11,11,11,11,11
390398,0,1,1988,0,0,0,0,0,0,0,0,0,0
390398,1,1,1988,0,0,0,0,0,0,10,0,0,0
390399,1,1,1988,30,30,30,30,30,30,30,30,30,30
390400,1,1,1988,0,0,0,0,0,0,0,0,0,0
390400,2,1,1988,0,0,0,0,0,0,0,0,0,0
390401,1,1,1988,12,12,12,12,12,12,12,12,12,12
390402,1,1,1988,5,0,0,14,0,11,0,21,6,0
390403,1,1,1988,0,0,0,0,0,0,0,0,0,0
390403,2,1,1988,0,0,0,0,0,0,0,0,0,0
390404,1,1,1988,18,18,18,18,18,18,18,18,18,18
390404,2,1,1988,0,0,0,0,16,0,0,4,0,0
390405,1,1,1988,0,0,20,0,0,16,0,0,0,0
390405,2,1,1988,13,0,0,11,0,0,0,11,0,0
390406,1,1,1988,22,0,0,0,0,0,23,0,18,13
390407,1,1,1988,42,42,42,42,42,42,42,42,42,42
390408,1,1,1988,0,0,0,28,0,0,20,0,28,0
390408,2,1,1988,0,11,0,0,0,0,0,0,27,0
390409,1,1,1988,25,32,12,24,0,25,30,28,11,20
390410,1,1,1988,0,8,0,0,0,0,0,0,0,0
390410,2,1,1988,0,0,0,0,0,0,0,0,0,0
390411,1,1,1988,19,19,19,19,19,19,19,19,19,19
390412,1,1,1988,9,11,3,9,0,0,0,11,10,11
390413,1,1,1988,22,22,22,22,22,22,22,22,22,22
390414,1,1,1988,0,13,24,9,10,0,0,22,0,0
390414,2,1,1988,0,0,0,0,0,0,0,0,0,0
390415,1,1,1988,0,0,4,0,0,0,0,0,33,6
390415,2,1,1988,0,0,0,0,0,0,0,0,0,0
390416,1,1,1988,0,0,0,0,0,0,0,0,0,0
390416,2,1,1988,12,0,27,0,0,0,7,6,0,0
390417,1,1,1988,14,0,22,0,0,0,0,0,0,35
390418,1,1,1988,0,0,3,0,14,0,0,0,8,0
390419,1,1,1988,0,0,0,0,0,0,0,0,0,0
390419,2,1,1988,0,0,0,0,0,0,0,0,0,0
390420,1,1,1988,0,0,0,0,0,0,0,0,0,0
390420,2,1,1988,0,0,0,0,0,0,0,0,0,0
390421,1,1,1988,0,0,0,0,0,0,0,0,0,0
390421,2,1,1988,0,0,0,0,0,0,7,0,0,0
390421,3,1,1988,0,0,0,0,0,0,19,0,0,0
390421,4,1,1988,0,0,0,0,0,0,0,0,0,0
390422,0,1,1988,0,2,23,0,0,0,30,0,0,0
390422,1,1,1988,0,0,0,0,0,0,12,0,0,0
390423,1,1,1988,26,26,26,26,26,26,26,26,26,26
390424,0,1,1988,0,0,38,0,0,0,0,0,0,0
390424,1,1,1988,0,0,0,0,4,0,0,0,0,0
390425,1,1,1988,0,0,0,0,0,0,0,0,0,0
390425,2,1,1988,0,0,0,0,0,0,0,0,0,0
390426,1,1,1988,0,0,0,0,0,0,0,0,0,0
390427,1,1,1988,9,4,18,10,16,33,17,19,12,19
390428,1,1,1988,0,0,0,0,0,0,0,0,0,0
390428,2,1,1988,0,0,0,0,0,0,16,0,0,0
390429,1,1,1988,0,0,0,0,0,0,0,0,0,0
390430,1,1,1988,13,13,13,13,13,13,13,13,13,13
390430,2,1,1988,0,0,0,0,0,0,0,0,0,0
390431,1,1,1988,19,19,19,19,19,19,19,19,19,19
390432,1,1,1988,26,26,26,26,26,26,26,26,26,26
390432,2,1,1988,20,11,12,16,11,8,20,12,14,17
390433,1,1,1988,0,0,0,0,0,0,0,19,0,0
390433,2,1,1988,0,0,0,0,5,0,18,0,0,0
390434,1,1,1988,8,27,14,14,14,17,3,25,21,21
390434,2,1,1988,20,20,20,20,20,20,20,20,20,20
390435,1,1,1988,0,0,0,0,0,0,0,0,0,0
390435,2,1,1988,0,0,0,0,0,20,0,0,0,0
390436,1,1,1988,15,5,22,9,23,16,24,18,12,9
390436,2,1,1988,0,0,0,0,12,0,0,0,0,0
390437,1,1,1988,0,0,0,0,0,0,0,0,0,0
390437,2,1,1988,0,0,0,0,0,0,5,0,0,13
390438,1,1,1988,0,0,0,0,0,0,0,0,0,6
390438,2,1,1988,0,7,0,0,0,0,0,0,0,0
390439,1,1,1988,16,40,18,18,17,23,21,20,0,0
390440,0,1,1988,30,30,30,30,30,30,30,30,30,30
390440,1,1,1988,8,15,13,12,7,17,0,19,10,5
390441,1,1,1988,14,14,14,14,14,14,14,14,14,14
390442,1,1,1988,12,12,12,12,12,12,12,12,12,12
390443,1,1,1988,0,0,0,0,0,6,0,7,0,32
390443,2,1,1988,0,0,5,0,0,0,6,0,0,0
390444,1,1,1988,9,9,9,9,9,9,9,9,9,9
390445,1,1,1988,8,9,10,17,12,18,16,23,16,17
390454,1,1,1988,0,21,0,0,14,0,0,0,6,0
390454,2,1,1988,0,11,0,0,13,0,0,0,10,0
390455,1,1,1988,0,8,0,0,0,0,0,0,0,0
390455,2,1,1988,0,14,0,0,0,0,0,0,0,0
390456,1,1,1988,0,0,0,0,0,0,0,0,0,0
390456,2,1,1988,0,0,0,0,0,0,0,0,0,0
390457,1,1,1988,6,6,6,6,6,6,6,6,6,6
390458,1,1,1988,5,5,5,5,5,5,5,5,5,5
390459,1,1,1988,0,0,0,0,0,0,0,0,0,0
390459,2,1,1988,24,13,0,8,14,14,9,14,0,17
390460,1,1,1988,14,14,14,14,14,14,14,14,14,14
390461,1,1,1988,0,0,0,17,0,29,44,21,27,13
390462,1,1,1988,0,0,0,0,0,0,0,0,0,0
390462,2,1,1988,0,0,0,0,0,0,0,0,0,0
390463,0,1,1988,0,0,0,0,0,0,0,0,0,0
390463,1,1,1988,0,0,0,0,0,0,0,0,0,7
390464,1,1,1988,22,22,22,22,22,22,22,22,22,22
390465,1,1,1988,19,19,19,19,19,19,19,19,19,19
390466,1,1,1988,7,7,7,7,7,7,7,7,7,7
390467,1,1,1988,12,12,12,12,12,12,12,12,12,12
390468,1,1,1988,13,25,0,0,9,0,21,25,13,0
390469,1,1,1988,0,0,0,0,0,0,0,0,0,0
390469,2,1,1988,0,0,0,0,0,0,0,0,0,0
390469,3,1,1988,0,0,0,14,0,0,0,8,0,0
390470,1,1,1988,25,25,25,25,25,25,25,25,25,25
390470,2,1,1988,0,0,0,0,0,0,0,0,19,0
390470,3,1,1988,0,0,0,0,0,0,14,0,0,0
390471,1,1,1988,11,11,11,11,11,11,11,11,11,11
390471,2,1,1988,8,0,16,0,0,13,0,0,0,0
390472,1,1,1988,0,0,0,3,0,19,0,0,0,0
390472,2,1,1988,0,0,0,0,0,0,0,0,0,0
390473,1,1,1988,0,8,22,0,0,9,0,0,0,0
390473,2,1,1988,0,0,0,0,0,0,8,0,0,0
390474,1,1,1988,0,21,0,0,6,0,7,0,0,0
390475,1,1,1988,0,0,0,0,0,0,0,0,0,0
390475,2,1,1988,0,0,0,9,0,0,21,0,0,0
390476,1,1,1988,26,26,26,26,26,26,26,26,26,26
390477,0,1,1988,0,0,0,0,0,0,0,0,0,0
390477,1,1,1988,0,2,0,15,0,0,0,0,0,0
390478,1,1,1988,0,0,0,0,0,0,0,0,0,0
390479,1,1,1988,0,0,0,0,0,0,0,0,0,0
390479,2,1,1988,0,0,0,0,0,0,0,0,0,0
390480,1,1,1988,24,24,24,24,24,24,24,24,24,24
390480,2,1,1988,0,13,17,0,0,13,0,15,10,0
390482,1,1,1988,0,0,0,0,0,0,0,0,0,0
390482,2,1,1988,0,3,3,0,6,0,0,0,0,0
390483,1,1,1988,0,0,0,0,0,0,0,0,0,0
390483,2,1,1988,0,0,0,0,0,0,0,0,0,0
390484,0,1,1988,9,9,9,9,9,9,9,9,9,9
390484,1,1,1988,0,0,20,13,0,7,0,0,0,0
390485,1,1,1988,26,0,14,11,10,18,0,24,20,16
390486,1,1,1988,0,0,0,0,0,0,0,3,0,9
390486,2,1,1988,7,0,0,11,0,0,0,0,0,0
390487,1,1,1988,28,0,0,23,18,0,20,0,0,9
390487,2,1,1988,16,16,16,16,16,16,16,16,16,16
390488,0,1,1988,0,0,0,0,0,0,0,0,0,0
390488,1,1,1988,0,0,0,0,0,0,0,12,0,7
390489,1,1,1988,4,4,4,4,4,4,4,4,4,4
390490,1,1,1988,0,0,0,0,0,0,0,0,0,0
390491,1,1,1988,23,7,6,17,5,0,0,22,8,23
390491,2,1,1988,0,0,0,0,0,0,0,20,0,0
390492,1,1,1988,25,25,25,25,25,25,25,25,25,25
390493,1,1,1988,0,0,23,9,11,0,0,14,0,12
390493,2,1,1988,0,10,0,0,21,8,19,0,9,0
390494,0,1,1988,0,0,0,0,0,0,0,0,0,0
390494,1,1,1988,0,0,0,0,0,0,0,0,0,0
390495,1,1,1988,14,12,0,14,0,0,0,0,0,0
390495,2,1,1988,0,0,0,0,0,0,0,0,0,0
390496,1,1,1988,0,0,0,0,0,0,0,0,0,0
390496,2,1,1988,0,0,0,0,0,0,0,0,0,0
390497,1,1,1988,5,0,0,0,0,0,0,0,0,0
390497,2,1,1988,0,0,0,0,0,0,0,0,0,0
390498,1,1,1988,0,0,8,0,0,0,0,0,0,0
390498,2,1,1988,0,0,0,0,0,0,0,0,0,0
390499,1,1,1988,0,0,0,0,0,0,0,0,0,0
390499,2,1,1988,0,0,0,9,0,0,4,0,0,0
390500,1,1,1988,3,3,3,3,3,3,3,3,3,3
390500,2,1,1988,6,8,5,15,9,21,16,12,19,18
390501,1,1,1988,0,0,0,0,0,0,0,0,0,15
390501,2,1,1988,0,0,0,0,0,0,0,0,0,0
390502,1,1,1988,0,0,0,0,0,0,0,0,0,0
390502,2,1,1988,0,0,0,0,0,0,0,0,0,0
390503,1,1,1988,0,0,0,0,0,0,0,0,0,0
390503,2,1,1988,0,0,0,0,0,0,0,0,0,0
390504,1,1,1988,23,23,23,23,23,23,23,23,23,23
390505,1,1,1988,0,0,0,0,0,0,0,0,0,0
390505,2,1,1988,0,0,0,0,0,0,0,0,0,0
390505,3,1,1988,23,10,0,0,0,0,0,0,17,0
390506,1,1,1988,17,0,0,0,22,0,0,0,0,0
390506,2,1,1988,20,20,20,20,20,20,20,20,20,20
390507,1,1,1988,19,19,19,19,19,19,19,19,19,19
390508,1,1,1988,7,7,7,7,7,7,7,7,7,7
390509,1,1,1988,0,0,0,0,0,0,0,0,0,0
390509,2,1,1988,26,26,26,26,26,26,26,26,26,26
390510,1,1,1988,11,33,7,23,14,21,13,10,11,17
390512,1,1,1988,0,13,0,0,0,0,7,0,0,0
390512,2,1,1988,0,0,0,0,9,0,0,0,0,0
390513,1,1,1988,0,0,0,22,0,0,0,0,0,0
390513,2,1,1988,0,0,0,0,0,0,0,0,0,0
390514,1,1,1988,0,0,0,0,0,0,0,0,0,19
390514,2,1,1988,16,15,10,9,14,14,0,13,14,16
390515,1,1,1988,0,0,12,0,31,0,0,0,0,0
390515,2,1,1988,7,0,0,0,0,0,0,0,0,17
390516,0,1,1988,0,0,0,0,0,0,0,0,0,0
390516,1,1,1988,0,0,0,0,0,0,0,0,0,0
390517,1,1,1988,4,4,4,4,4,4,4,4,4,4
390518,1,1,1988,0,0,0,0,0,0,0,20,0,0
390519,1,1,1988,15,15,15,15,15,15,15,15,15,15
390520,1,1,1988,23,0,17,10,0,0,29,10,0,12
390520,2,1,1988,8,6,0,7,0,0,0,0,0,6
390521,1,1,1988,10,10,10,10,10,10,10,10,10,10
390522,1,1,1988,0,0,0,0,0,0,0,0,0,0
390523,1,1,1988,0,0,0,0,0,0,0,0,0,0
390523,2,1,1988,0,0,0,0,0,0,0,0,0,0
390524,1,1,1988,0,20,0,0,0,10,0,0,0,0
390524,2,1,1988,0,0,0,0,0,0,0,0,0,0
390524,3,1,1988,0,0,12,0,0,0,0,0,0,0
390525,1,1,1988,0,0,0,0,0,0,0,0,0,0
390526,0,1,1988,28,28,28,28,28,28,28,28,28,28
390526,1,1,1988,16,0,0,11,0,0,10,19,14,16
390527,1,1,1988,0,14,0,0,0,0,0,0,0,0
390527,2,1,1988,0,0,0,0,0,0,0,0,0,0
390528,1,1,1988,15,0,11,7,19,38,9,8,0,3
390529,0,1,1988,0,0,0,15,0,0,0,0,0,0
390529,1,1,1988,0,0,0,0,0,0,0,0,0,0
390530,1,1,1988,15,0,0,0,15,0,0,0,0,0
390530,2,1,1988,0,0,0,0,15,0,0,0,0,0
390531,1,1,1988,14,44,12,31,7,12,11,22,21,17
390532,1,1,1988,12,12,12,12,12,12,12,12,12,12
390533,0,1,1988,0,0,0,0,0,0,0,0,0,0
390533,1,1,1988,0,0,22,0,0,0,0,0,0,0
390534,1,1,1988,0,0,0,0,0,0,0,0,0,0
390534,2,1,1988,0,0,0,0,0,0,0,0,0,0
390535,1,1,1988,0,0,0,0,0,9,12,0,38,14
390535,2,1,1988,12,0,0,4,0,19,0,0,14,0
390536,1,1,1988,0,0,0,0,0,0,0,0,0,0
390536,2,1,1988,0,0,0,0,0,0,0,0,0,0
390536,3,1,1988,0,0,0,0,0,0,0,0,0,0
390537,1,1,1988,19,19,19,19,19,19,19,19,19,19
390538,1,1,1988,2,2,2,2,2,2,2,2,2,2
390538,2,1,1988,0,0,0,0,0,0,13,0,0,0
390539,1,1,1988,0,0,0,0,0,0,0,0,0,0
390539,2,1,1988,0,0,0,0,0,17,0,0,0,0
390540,0,1,1988,0,0,0,0,0,0,0,0,0,0
390540,0,2,1988,0,0,0,0,0,0,0,16,5,0
390540,1,1,1988,0,0,0,0,0,0,6,0,14,7
390541,1,1,1988,0,0,0,0,0,0,0,6,0,0
390541,2,1,1988,0,0,0,0,0,0,0,0,0,0
390542,1,1,1988,0,0,0,0,0,0,0,0,0,0
390542,2,1,1988,0,0,0,15,0,0,5,0,0,0
390542,3,1,1988,14,0,0,0,0,0,0,0,0,0
390542,4,1,1988,0,0,0,0,22,0,17,0,11,0
390542,5,1,1988,0,0,0,0,0,0,0,22,0,0
390542,6,1,1988,0,0,0,0,0,0,0,0,0,0
390543,1,1,1988,3,3,3,3,3,3,3,3,3,3
390543,2,1,1988,0,0,0,0,0,0,0,0,0,16
390544,1,1,1988,0,8,0,0,10,0,0,0,0,0
390544,2,1,1988,0,0,0,0,0,0,0,0,0,0
390545,0,1,1988,0,0,0,9,0,0,0,0,0,0
390545,1,1,1988,0,0,0,0,0,0,0,0,0,13
390546,1,1,1988,22,11,24,19,22,19,13,25,8,7
390547,1,1,1988,14,14,14,14,14,14,14,14,14,14
390548,1,1,1988,0,0,0,0,0,0,0,0,0,0
390548,2,1,1988,0,0,22,0,0,14,0,6,0,0
390549,1,1,1988,20,20,20,20,20,20,20,20,20,20
390549,2,1,1988,7,0,20,0,0,0,0,0,10,4
390549,3,1,1988,0,14,0,0,0,0,0,0,16,0
390550,0,1,1988,0,0,0,0,0,0,0,0,0,0
390550,1,1,1988,0,0,0,0,0,0,0,0,0,0
390551,1,1,1988,12,12,12,12,12,12,12,12,12,12
390552,1,1,1988,5,5,5,5,5,5,5,5,5,5
390552,2,1,1988,12,12,12,12,12,12,12,12,12,12
390553,1,1,1988,8,4,13,17,8,29,21,26,35,15
390554,1,1,1988,0,0,0,0,0,0,0,0,0,0
390554,2,1,1988,0,0,0,0,0,0,0,0,0,0
390555,1,1,1988,0,0,0,0,0,0,0,0,0,0
390555,2,1,1988,24,6,0,20,10,24,25,0,17,20
390556,1,1,1988,15,21,16,12,14,13,8,12,8,20
390557,0,1,1988,0,0,0,0,0,0,0,0,0,0
390557,0,2,1988,0,0,0,0,0,0,0,0,0,0
390557,1,1,1988,12,3,0,0,0,0,0,13,0,0
390558,1,1,1988,0,18,0,0,0,0,0,17,0,19
390558,2,1,1988,0,0,0,0,0,0,0,0,0,0
390559,1,1,1988,13,13,13,13,13,13,13,13,13,13
390560,1,1,1988,20,20,20,20,20,20,20,20,20,20
390561,1,1,1988,0,0,0,0,0,0,0,0,0,0
390561,2,1,1988,0,0,0,0,0,0,0,0,0,0
390562,1,1,1988,0,0,0,0,0,0,0,0,0,0
390562,2,1,1988,0,0,0,0,0,0,0,0,0,0
390563,1,1,1988,18,18,18,18,18,18,18,18,18,18
390564,1,1,1988,21,21,21,21,21,21,21,21,21,21
390566,1,1,1988,0,27,0,0,0,10,0,0,0,0
390566,2,1,1988,0,0,20,0,0,0,0,0,0,0
390568,0,1,1988,13,13,0,27,32,13,0,13,18,0
390568,1,1,1988,0,0,0,17,0,29,0,0,0,0
390569,1,1,1988,0,0,0,0,0,0,0,0,11,26
390569,2,1,1988,0,33,26,0,0,0,0,0,0,0
390570,1,1,1988,0,0,0,0,0,0,0,0,0,0
390570,2,1,1988,15,0,0,0,0,31,0,0,0,0
390571,1,1,1988,0,0,0,0,0,0,0,0,0,0
390571,2,1,1988,12,0,0,13,0,0,17,0,0,0
390572,1,1,1988,0,0,0,0,0,0,0,0,0,0
390572,2,1,1988,0,0,0,0,0,0,0,0,0,0
390573,1,1,1988,6,6,6,6,6,6,6,6,6,6
390573,2,1,1988,1,1,1,1,1,1,1,1,1,1
390574,1,1,1988,0,0,0,0,0,0,0,0,0,0
390576,1,1,1988,18,18,18,18,18,18,18,18,18,18
390578,1,1,1988,0,0,0,0,0,0,0,3,0,0
390579,1,1,1988,10,10,10,10,10,10,10,10,10,10
390580,1,1,1988,14,14,14,14,14,14,14,14,14,14
390583,1,1,1988,21,21,21,21,21,21,21,21,21,21
390584,1,1,1988,0,0,0,0,0,0,0,0,0,0
390584,2,1,1988,0,0,0,0,0,0,20,2,0,0
390586,0,1,1988,3,19,47,0,16,21,40,21,23,20
390586,1,1,1988,12,25,0,4,0,0,9,0,0,0
390587,1,1,1988,0,15,0,0,14,13,0,0,0,0
390589,1,1,1988,20,34,33,18,22,19,6,31,19,19
390590,1,1,1988,10,31,22,11,15,10,22,21,21,13
390591,1,1,1988,0,23,0,21,0,0,15,0,19,0
390591,2,1,1988,0,0,6,0,23,0,0,0,0,0
390592,1,1,1988,0,0,0,0,0,0,0,0,0,0
390593,1,1,1988,20,20,20,20,20,20,20,20,20,20
390593,2,1,1988,1,0,25,0,0,0,0,0,0,0
390593,3,1,1988,0,8,20,0,0,0,0,0,0,0
390594,1,1,1988,15,15,16,40,12,18,9,6,14,15
390595,1,1,1988,23,23,23,23,23,23,23,23,23,23
390595,2,1,1988,0,0,0,0,0,0,0,0,0,0
390596,1,1,1988,0,0,0,0,0,0,0,0,0,0
390597,1,1,1988,15,19,19,13,22,6,15,0,13,12
390597,2,1,1988,0,0,0,0,0,0,0,0,0,0
390598,1,1,1988,11,0,23,0,0,0,8,27,12,0
390599,1,1,1988,0,0,0,0,0,0,0,0,0,0
390599,2,1,1988,6,6,6,6,6,6,6,6,6,6
390600,1,1,1988,0,0,0,0,0,0,0,0,0,0
390601,1,1,1988,0,0,0,0,0,0,0,0,0,0
390601,2,1,1988,47,0,0,0,12,0,0,0,0,0
390602,0,1,1988,0,0,0,0,0,0,0,0,0,0
390602,1,1,1988,15,0,11,0,22,0,17,0,0,0
390603,1,1,1988,0,0,0,0,11,12,17,0,0,0
390604,0,1,1988,0,4,21,18,0,5,24,4,0,12
390604,1,1,1988,14,14,14,14,14,14,14,14,14,14
390605,1,1,1988,28,28,28,28,28,28,28,28,28,28
390605,2,1,1988,0,0,32,0,0,0,0,0,0,0
390606,1,1,1988,0,0,0,0,0,0,0,0,0,0
390606,2,1,1988,0,0,0,0,0,0,0,0,0,0
390607,1,1,1988,0,0,0,0,0,0,0,0,0,0
390607,2,1,1988,0,0,0,0,0,0,0,0,0,0
390608,1,1,1988,15,15,15,15,15,15,15,15,15,15
390610,1,1,1988,5,14,4,15,9,12,4,32,16,22
390611,1,1,1988,0,0,0,0,12,13,0,0,0,16
390611,2,1,1988,13,0,11,6,9,0,0,0,0,9
390612,0,1,1988,0,0,0,0,0,0,0,0,0,0
390612,1,1,1988,0,0,9,0,12,0,0,0,16,0
390613,1,1,1988,29,29,29,29,29,29,29,29,29,29
390613,2,1,1988,16,19,6,10,16,17,9,11,14,5
390614,1,1,1988,18,22,6,34,24,0,11,9,0,18
390614,2,1,1988,0,10,0,0,8,7,22,18,0,11
390615,1,1,1988,0,0,0,0,0,0,0,0,0,0
390615,2,1,1988,0,0,0,0,0,0,0,0,0,0
390616,1,1,1988,0,0,0,0,0,0,0,0,8,0
390617,1,1,1988,14,0,0,0,0,31,13,13,0,0
390617,2,1,1988,0,0,0,6,0,18,24,0,13,0
390617,3,1,1988,0,0,0,0,0,0,0,0,0,11
390618,1,1,1988,0,0,0,0,0,0,0,0,0,0
390618,2,1,1988,0,0,0,0,0,0,0,0,0,0
390619,1,1,1988,0,0,0,0,0,0,0,0,0,0
390620,1,1,1988,27,0,0,21,0,19,0,0,0,0
390620,2,1,1988,0,0,0,0,15,0,0,0,0,0
390621,1,1,1988,0,0,0,0,0,0,0,0,0,0
390621,2,1,1988,9,12,11,0,8,0,4,0,5,10
390621,3,1,1988,0,0,19,0,7,12,8,0,0,0
390622,1,1,1988,0,0,0,0,0,0,0,0,0,0
390622,2,1,1988,0,0,0,0,0,0,0,0,0,14
390623,1,1,1988,13,0,0,0,0,0,12,0,0,0
390623,2,1,1988,0,0,0,15,0,0,0,0,0,0
390624,1,1,1988,0,0,0,0,0,0,0,0,0,0
390624,2,1,1988,0,0,20,0,0,0,19,0,12,0
390625,1,1,1988,0,0,0,0,0,0,0,0,0,0
390625,2,1,1988,0,0,0,0,0,0,0,0,0,0
390625,3,1,1988,0,0,0,0,0,18,0,0,0,0
390626,1,1,1988,9,9,9,9,9,9,9,9,9,9
390627,1,1,1988,29,29,29,29,29,29,29,29,29,29
390628,1,1,1988,0,0,0,0,0,5,0,0,0,0
390629,1,1,1988,9,2,7,17,19,21,13,15,14,14
390630,0,1,1988,0,0,0,0,0,0,0,0,0,0
390630,1,1,1988,11,9,0,7,0,6,6,0,0,0
390631,1,1,1988,0,0,0,0,0,0,0,0,0,0
390633,1,1,1988,0,0,4,0,0,0,0,0,0,0
390633,2,1,1988,6,6,6,6,6,6,6,6,6,6
390634,1,1,1988,21,21,21,21,21,21,21,21,21,21
390635,1,1,1988,24,24,24,24,24,24,24,24,24,24
390635,2,1,1988,0,0,0,15,0,0,0,0,0,0
390635,3,1,1988,0,0,0,0,0,0,0,0,0,10
390636,1,1,1988,19,10,11,6,13,15,12,21,15,26
390637,1,1,1988,1,1,1,1,1,1,1,1,1,1
390637,2,1,1988,19,13,18,20,23,0,17,13,0,22
390638,1,1,1988,25,25,25,25,25,25,25,25,25,25
390639,1,1,1988,0,0,23,0,0,0,24,0,7,11
390640,1,1,1988,0,0,0,0,0,0,0,0,0,0
390640,2,1,1988,0,0,0,0,0,0,0,0,0,0
390641,1,1,1988,19,19,19,19,19,19,19,19,19,19
390642,1,1,1988,0,0,0,0,0,0,0,0,26,0
390642,2,1,1988,0,0,0,0,0,0,0,0,0,0
390643,1,1,1988,0,0,0,0,0,0,0,0,0,0
390644,1,1,1988,0,0,0,0,0,0,0,0,0,0
390644,2,1,1988,0,0,0,0,21,0,0,0,0,0
390645,1,1,1988,0,0,0,0,0,0,0,0,0,0
390645,2,1,1988,0,0,0,0,0,18,0,0,0,0
390646,1,1,1988,0,0,0,0,0,0,12,9,0,24
390646,2,1,1988,6,6,6,6,6,6,6,6,6,6
390647,1,1,1988,15,15,15,15,15,15,15,15,15,15
390647,2,1,1988,11,0,7,0,16,0,0,0,0,0
390648,1,1,1988,10,10,10,10,10,10,10,10,10,10
390649,1,1,1988,34,19,0,11,13,14,8,13,9,14
390650,1,1,1988,8,23,11,10,6,18,24,16,22,11
390652,1,1,1988,0,0,0,0,0,0,0,0,0,0
390652,2,1,1988,0,0,0,0,0,0,0,0,0,0
390653,1,1,1988,20,20,20,20,20,20,20,20,20,20
390654,1,1,1988,0,0,0,0,0,0,0,0,0,0
390654,2,1,1988,0,0,0,0,0,0,0,0,0,0
390655,1,1,1988,0,0,0,0,0,0,0,5,0,0
390655,2,1,1988,7,13,0,0,0,0,18,0,0,0
390656,0,1,1988,0,0,0,0,0,0,34,0,0,16
390656,1,1,1988,14,0,0,17,0,0,15,0,5,0
390657,1,1,1988,0,0,0,0,0,0,0,0,0,0
390657,2,1,1988,14,0,0,19,0,0,0,0,8,13
390658,1,1,1988,0,0,0,0,0,0,0,0,0,0
390659,1,1,1988,0,0,0,0,3,0,0,24,0,0
390659,2,1,1988,0,0,0,11,12,0,0,11,0,0
390660,1,1,1988,0,8,0,0,0,0,0,0,0,0
390660,2,1,1988,0,18,6,16,11,0,9,10,14,17
390661,1,1,1988,3,0,6,0,0,0,0,0,0,0
390661,2,1,1988,32,32,32,32,32,32,32,32,32,32
390662,1,1,1988,0,24,0,0,0,0,0,0,0,0
390664,1,1,1988,29,18,22,16,25,11,29,16,26,11
390665,1,1,1988,0,0,0,0,0,0,0,0,0,0
390665,2,1,1988,0,0,0,0,0,3,0,0,0,0
390666,1,1,1988,0,0,0,0,0,0,0,0,0,0
390667,1,1,1988,0,0,0,0,0,0,0,0,0,0
390667,2,1,1988,0,0,0,0,0,0,0,0,0,0
390668,1,1,1988,0,0,7,0,0,0,0,0,0,0
390668,2,1,1988,0,0,0,30,0,0,0,0,0,0
390669,1,1,1988,21,5,14,0,13,0,12,12,7,6
390669,2,1,1988,4,4,4,4,4,4,4,4,4,4
390670,1,1,1988,8,8,8,8,8,8,8,8,8,8
390671,1,1,1988,0,3,8,0,0,0,0,0,14,0
390671,2,1,1988,0,0,0,0,0,0,0,0,0,0
390672,1,1,1988,0,0,0,0,0,0,0,0,0,0
390672,2,1,1988,0,0,0,0,0,0,0,0,31,0
390672,3,1,1988,0,0,0,0,0,0,0,0,0,16
390672,4,1,1988,2,0,0,0,0,0,0,0,0,10
390673,1,1,1988,0,0,0,14,0,0,0,0,0,0
390673,2,1,1988,0,8,11,10,0,0,10,17,0,0
390674,1,1,1988,0,0,0,18,0,0,0,10,0,9
390674,2,1,1988,0,0,0,22,0,9,14,7,0,0
390675,1,1,1988,15,15,15,15,15,15,15,15,15,15
390676,1,1,1988,3,0,0,0,0,0,0,0,0,0
390676,2,1,1988,0,13,0,0,0,0,0,0,0,0
390677,1,1,1988,30,30,30,30,30,30,30,30,30,30
390678,1,1,1988,0,0,0,0,0,0,0,0,0,0
390678,2,1,1988,6,6,6,6,6,6,6,6,6,6
390679,1,1,1988,0,0,0,0,0,0,0,0,0,0
390679,2,1,1988,0,0,0,0,0,0,0,0,0,0
390680,1,1,1988,20,20,20,20,20,20,20,20,20,20
390680,2,1,1988,0,0,0,0,24,0,0,0,0,0
390680,3,1,1988,0,0,0,11,0,0,0,0,0,0
390680,4,1,1988,0,0,0,0,0,0,0,0,0,0
390681,1,1,1988,13,11,16,17,0,16,0,14,9,27
390681,2,1,1988,3,3,3,3,3,3,3,3,3,3