ST_CASE,VEH_NO,PER_NO,YEAR,P1,P2,P3,P4,P5,P6,P7,P8,P9,P10
390682,1,1,1988,14,0,13,0,0,0,0,0,0,0
390683,1,1,1988,0,8,0,0,0,0,0,0,0,19
390683,2,1,1988,0,0,0,0,0,0,0,0,0,0
390684,1,1,1988,0,0,0,0,0,0,0,0,0,0
390684,2,1,1988,0,0,0,30,0,0,0,0,0,0
390685,1,1,1988,0,0,0,0,0,0,0,0,0,0
390685,2,1,1988,12,12,9,7,0,0,9,7,0,12
390686,1,1,1988,0,0,0,0,0,0,0,0,0,0
390686,2,1,1988,0,0,0,0,0,0,0,0,0,0
390687,1,1,1988,25,25,25,25,25,25,25,25,25,25
390687,2,1,1988,0,0,0,24,0,0,0,12,0,0
390688,0,1,1988,0,0,0,0,0,0,0,0,0,0
390688,1,1,1988,0,0,0,0,0,0,0,0,0,0
390690,1,1,1988,10,10,10,10,10,10,10,10,10,10
390691,1,1,1988,22,22,22,22,22,22,22,22,22,22
390691,2,1,1988,13,10,0,0,0,0,0,8,0,11
390692,0,1,1988,0,20,16,13,29,43,13,46,12,27
390692,1,1,1988,0,7,9,41,0,9,13,0,14,13
390692,2,1,1988,17,17,17,17,17,17,17,17,17,17
390693,1,1,1988,15,11,23,18,11,16,12,20,21,7
390694,0,1,1988,35,35,35,35,35,35,35,35,35,35
390694,1,1,1988,0,0,0,0,22,0,0,5,23,0
390695,1,1,1988,0,0,0,7,10,13,0,0,0,11
390695,2,1,1988,14,6,8,20,0,16,8,26,15,0
390696,1,1,1988,12,29,9,11,15,13,27,13,12,18
390697,1,1,1988,16,19,16,9,18,7,10,17,20,16
390698,1,1,1988,0,0,0,0,0,0,0,0,0,0
390699,1,1,1988,14,0,0,0,0,0,0,0,0,0
390699,2,1,1988,0,0,0,0,0,0,0,0,0,0
390700,1,1,1988,0,0,0,0,0,0,0,0,11,0
390701,1,1,1988,20,20,20,20,20,20,20,20,20,20
390702,0,1,1988,0,0,0,0,0,0,0,0,0,0
390702,1,1,1988,0,0,12,0,0,0,0,12,0,8
390703,0,1,1988,0,0,0,0,0,0,0,0,0,0
390703,1,1,1988,0,0,0,0,0,0,0,0,0,0
390704,1,1,1988,0,0,0,0,0,0,0,0,0,0
390705,1,1,1988,0,0,0,0,0,0,0,0,0,0
390705,2,1,1988,0,10,0,0,0,0,0,0,0,0
390706,1,1,1988,0,0,0,0,0,0,0,0,0,0
390708,1,1,1988,0,0,0,0,0,20,0,0,0,0
390708,2,1,1988,0,0,0,0,0,0,0,0,0,0
390709,1,1,1988,39,39,39,39,39,39,39,39,39,39
390710,1,1,1988,18,18,18,18,18,18,18,18,18,18
390711,1,1,1988,14,14,14,14,14,14,14,14,14,14
390712,1,1,1988,9,9,31,25,16,34,10,10,11,14
390713,1,1,1988,8,18,14,22,34,18,25,5,19,36
390714,1,1,1988,36,36,36,36,36,36,36,36,36,36
390715,1,1,1988,17,17,17,17,17,17,17,17,17,17
390716,0,1,1988,0,0,0,0,0,0,0,0,0,0
390716,1,1,1988,0,0,0,0,25,0,0,9,0,0
390717,1,1,1988,0,0,0,0,0,0,0,0,0,0
390717,2,1,1988,0,0,15,0,0,8,10,0,0,14
390718,1,1,1988,5,5,5,5,5,5,5,5,5,5
390719,1,1,1988,11,11,11,11,11,11,11,11,11,11
390720,1,1,1988,0,0,0,0,0,0,0,0,0,0
390720,2,1,1988,0,0,0,0,0,0,0,0,0,0
390721,1,1,1988,16,16,16,16,16,16,16,16,16,16
390722,0,1,1988,0,0,0,0,0,0,0,0,0,0
390722,1,1,1988,0,0,15,0,0,0,0,0,0,0
390723,1,1,1988,31,0,7,11,36,0,26,14,0,24
390725,1,1,1988,0,0,0,0,0,0,0,0,0,0
390726,1,1,1988,0,0,16,0,0,0,0,0,0,0
390726,2,1,1988,0,0,0,0,0,0,0,21,0,0
390727,1,1,1988,10,0,0,12,0,0,0,0,7,0
390727,2,1,1988,0,0,0,0,0,0,0,0,0,0
390728,1,1,1988,0,18,15,0,0,0,19,13,0,15
390728,2,1,1988,28,28,28,28,28,28,28,28,28,28
390729,0,1,1988,0,0,0,0,0,0,0,0,0,0
390729,1,1,1988,0,0,0,0,0,3,0,0,0,0
390732,1,1,1988,0,0,0,0,0,0,0,0,0,0
390732,2,1,1988,11,11,11,11,11,11,11,11,11,11
390733,0,1,1988,23,0,21,0,9,0,0,0,0,24
390733,0,2,1988,0,0,0,0,0,0,0,0,0,0
390733,1,1,1988,0,0,6,10,0,0,0,0,4,0
390734,1,1,1988,3,3,3,3,3,3,3,3,3,3
390735,1,1,1988,9,9,9,9,9,9,9,9,9,9
390736,1,1,1988,0,0,0,0,0,0,0,0,0,0
390736,2,1,1988,0,0,0,0,0,0,0,0,0,0
390737,1,1,1988,0,0,0,7,12,15,0,0,0,0
390737,2,1,1988,6,23,5,0,0,0,0,0,0,0
390738,1,1,1988,21,21,21,21,21,21,21,21,21,21
390739,1,1,1988,0,0,0,0,0,0,0,0,0,0
390740,1,1,1988,28,28,28,28,28,28,28,28,28,28
390741,1,1,1988,20,16,8,18,17,13,8,21,11,24
390742,1,1,1988,11,11,11,11,11,11,11,11,11,11
390743,1,1,1988,26,26,26,26,26,26,26,26,26,26
390743,2,1,1988,17,17,17,17,17,17,17,17,17,17
390745,0,1,1988,0,0,0,0,0,0,0,0,0,0
390745,1,1,1988,0,0,0,0,0,0,0,0,0,0
390746,1,1,1988,4,4,4,4,4,4,4,4,4,4
390746,2,1,1988,0,0,0,0,0,0,0,0,0,0
390747,1,1,1988,0,0,0,0,0,0,0,0,0,0
390747,2,1,1988,0,0,0,0,0,0,0,0,0,0
390748,1,1,1988,0,0,0,0,0,0,0,0,0,0
390748,2,1,1988,0,0,0,0,0,0,0,0,0,0
390749,1,1,1988,24,18,0,11,30,27,14,0,18,15
390749,2,1,1988,0,0,0,9,0,0,0,0,0,0
390750,1,1,1988,0,0,0,0,0,0,0,0,0,0
390750,2,1,1988,7,0,16,0,15,0,0,0,5,8
390751,1,1,1988,16,16,16,16,16,16,16,16,16,16
390752,1,1,1988,17,17,17,17,17,17,17,17,17,17
390753,1,1,1988,0,0,0,0,0,0,0,0,0,0
390754,1,1,1988,0,0,0,0,0,0,0,0,0,0
390755,1,1,1988,33,33,33,33,33,33,33,33,33,33
390756,1,1,1988,0,0,0,0,0,0,0,0,0,0
390757,1,1,1988,0,0,0,0,0,0,0,0,0,0
390757,2,1,1988,0,0,0,0,0,0,0,0,0,0
390758,1,1,1988,5,5,5,5,5,5,5,5,5,5
390759,1,1,1988,0,0,0,0,0,0,0,0,0,0
390759,2,1,1988,24,24,24,24,24,24,24,24,24,24
390759,3,1,1988,0,0,0,0,0,15,0,0,9,0
390760,1,1,1988,29,29,29,29,29,29,29,29,29,29
390760,2,1,1988,0,7,0,0,0,0,0,0,5,0
390761,1,1,1988,0,0,0,0,0,0,0,13,0,0
390761,2,1,1988,0,0,0,0,0,0,0,0,0,0
390762,1,1,1988,17,17,17,17,17,17,17,17,17,17
390763,1,1,1988,0,0,0,0,0,0,0,0,0,0
390763,2,1,1988,0,0,0,0,9,0,0,0,0,0
390764,1,1,1988,0,0,0,0,0,0,0,0,0,0
390765,1,1,1988,13,43,24,20,13,32,30,17,12,20
390766,1,1,1988,8,8,8,8,8,8,8,8,8,8
390766,2,1,1988,8,15,3,9,0,0,0,0,0,6
390767,1,1,1988,0,0,0,0,0,0,0,0,0,0
390767,2,1,1988,0,0,0,0,0,0,0,0,0,0
390768,1,1,1988,0,0,0,0,0,0,0,0,0,0
390768,2,1,1988,0,21,19,10,10,0,10,11,20,13
390769,1,1,1988,0,19,18,42,6,2,13,18,26,11
390770,1,1,1988,0,0,0,0,0,0,0,0,0,0
390771,1,1,1988,14,14,14,14,14,14,14,14,14,14
390772,1,1,1988,14,0,0,0,0,0,0,0,0,16
390772,2,1,1988,6,0,0,0,0,0,0,0,0,0
390774,1,1,1988,14,14,14,14,14,14,14,14,14,14
390775,1,1,1988,15,15,15,15,15,15,15,15,15,15
390775,2,1,1988,24,24,24,24,24,24,24,24,24,24
390775,3,1,1988,0,0,13,0,0,0,0,0,0,18
390775,4,1,1988,0,0,0,0,0,0,0,0,0,0
390775,5,1,1988,0,11,0,0,8,0,0,0,0,0
390776,1,1,1988,0,0,0,0,0,0,0,0,0,0
390776,2,1,1988,0,0,0,0,0,0,0,0,0,0
390777,0,1,1988,0,0,0,0,0,0,0,0,0,0
390777,1,1,1988,0,0,0,0,0,0,0,0,0,0
390778,1,1,1988,22,15,7,20,18,17,7,31,23,4
390779,1,1,1988,0,12,0,0,0,16,9,6,10,0
390780,1,1,1988,27,27,27,27,27,27,27,27,27,27
390781,1,1,1988,15,19,22,10,8,8,8,15,10,7
390782,1,1,1988,0,0,0,0,0,0,0,0,0,0
390782,2,1,1988,0,20,0,0,0,0,0,0,0,0
390783,0,1,1988,0,0,0,0,0,0,0,0,0,0
390783,1,1,1988,0,19,0,0,17,0,0,0,9,0
390784,1,1,1988,12,12,12,12,12,12,12,12,12,12
390785,1,1,1988,6,6,6,6,6,6,6,6,6,6
390786,0,1,1988,0,0,0,0,0,0,0,0,0,0
390786,1,1,1988,0,0,0,0,0,0,0,0,13,0
390787,1,1,1988,0,0,0,0,0,0,0,0,0,0
390787,2,1,1988,0,0,0,0,0,0,0,0,0,14
390788,1,1,1988,0,0,0,0,0,0,0,0,0,12
390788,2,1,1988,8,9,6,13,7,3,18,5,12,14
390789,1,1,1988,0,0,0,0,0,0,0,0,0,0
390790,1,1,1988,13,16,0,0,0,0,11,27,0,0
390790,2,1,1988,10,10,10,10,10,10,10,10,10,10
390790,3,1,1988,0,20,13,13,0,22,0,14,0,0
390791,1,1,1988,12,3,14,14,43,21,10,7,0,24
390791,2,1,1988,17,17,17,17,17,17,17,17,17,17
390792,1,1,1988,0,0,16,21,0,0,0,5,0,0
390793,0,1,1988,18,37,0,20,0,0,0,24,0,13
390793,1,1,1988,0,10,0,0,0,0,0,16,0,17
390794,1,1,1988,23,0,22,0,8,0,25,17,24,30
390795,1,1,1988,14,14,14,14,14,14,14,14,14,14
390796,1,1,1988,20,20,20,20,20,20,20,20,20,20
390797,1,1,1988,0,0,0,0,0,0,0,0,0,0
390798,1,1,1988,0,0,0,0,0,0,0,0,0,0
390799,1,1,1988,4,4,4,4,4,4,4,4,4,4
390800,1,1,1988,20,10,11,28,0,21,14,28,20,0
390800,2,1,1988,24,4,13,0,0,0,0,11,0,0
390800,3,1,1988,0,0,0,0,0,0,0,0,0,0
390801,1,1,1988,22,22,22,22,22,22,22,22,22,22
390801,2,1,1988,0,0,0,0,0,0,0,0,0,0
390802,1,1,1988,0,0,0,0,0,0,0,0,0,0
390803,1,1,1988,5,10,11,9,13,14,10,21,14,24
390804,0,1,1988,0,0,0,0,0,0,0,5,0,0
390804,1,1,1988,0,0,0,0,0,0,0,0,14,0
390805,1,1,1988,0,0,0,0,0,0,13,0,7,0
390806,1,1,1988,19,19,19,19,19,19,19,19,19,19
390807,1,1,1988,0,23,36,14,18,0,27,21,0,0
390807,2,1,1988,13,0,14,0,0,27,25,0,0,14
390809,1,1,1988,0,0,0,0,0,0,0,0,0,0
390809,2,1,1988,0,0,0,0,0,0,0,0,0,0
390811,1,1,1988,0,0,0,0,0,0,0,0,0,0
390811,2,1,1988,0,0,0,6,12,0,0,0,0,0
390812,1,1,1988,0,0,0,0,0,0,0,0,0,10
390813,1,1,1988,0,0,0,29,0,0,0,0,10,0
390813,2,1,1988,0,9,0,0,0,0,0,0,0,0
390813,3,1,1988,0,0,0,0,12,0,0,0,6,0
390813,4,1,1988,0,0,0,0,0,0,0,0,0,0
390814,0,1,1988,0,0,0,0,0,0,0,0,0,0
390814,1,1,1988,0,0,0,0,0,0,0,0,0,0
390815,1,1,1988,0,0,0,5,0,0,0,0,6,0
390815,2,1,1988,0,0,0,0,0,0,0,25,0,18
390816,0,1,1988,0,5,0,6,0,5,11,29,16,0
390816,1,1,1988,0,10,0,0,0,14,0,0,0,0
390817,1,1,1988,13,13,13,13,13,13,13,13,13,13
390817,2,1,1988,0,0,0,0,0,0,0,0,0,0
390818,1,1,1988,18,0,0,0,5,0,0,6,0,0
390819,0,1,1988,0,0,0,0,0,0,0,0,5,0
390819,1,1,1988,0,0,0,0,0,0,0,0,0,0
390820,0,1,1988,0,6,0,22,8,0,0,21,0,0
390820,0,2,1988,0,9,9,0,0,0,0,0,0,22
390820,0,3,1988,0,0,0,0,0,0,0,0,0,0
390820,0,4,1988,5,0,0,0,10,0,0,0,0,0
390820,1,1,1988,10,10,10,10,10,10,10,10,10,10
390821,1,1,1988,13,13,13,13,13,13,13,13,13,13
390822,1,1,1988,0,0,0,0,0,0,0,0,0,0
390822,2,1,1988,0,0,0,0,0,0,0,0,0,0
390823,1,1,1988,0,6,0,12,0,0,0,7,0,8
390823,2,1,1988,0,0,0,0,0,9,0,10,29,0
390824,1,1,1988,0,0,0,0,0,0,0,0,0,0
390824,2,1,1988,0,0,0,0,0,0,0,0,0,0
390825,1,1,1988,0,0,6,0,0,0,0,0,0,0
390825,2,1,1988,0,0,0,0,0,0,0,22,0,0
390827,1,1,1988,38,15,12,26,17,20,8,4,1,15
390828,0,1,1988,0,0,0,0,0,0,0,0,0,0
390828,1,1,1988,0,0,0,0,0,0,0,0,0,0
390829,1,1,1988,0,0,0,0,0,0,0,0,0,0
390829,2,1,1988,0,0,0,0,0,0,0,0,0,0
390830,1,1,1988,0,0,3,0,0,0,0,13,12,17
390830,2,1,1988,19,35,29,14,0,21,0,15,0,16
390831,1,1,1988,0,0,0,0,0,0,0,0,0,0
390831,2,1,1988,0,17,0,0,0,0,7,0,12,18
390832,1,1,1988,0,0,0,0,0,0,0,0,0,0
390833,1,1,1988,20,20,20,20,20,20,20,20,20,20
390834,1,1,1988,9,18,24,27,21,32,17,24,18,11
390835,1,1,1988,0,0,0,0,0,0,0,0,0,0
390835,2,1,1988,2,2,2,2,2,2,2,2,2,2
390836,1,1,1988,0,0,0,0,0,0,0,0,0,0
390837,1,1,1988,0,0,0,0,0,0,0,0,0,0
390840,1,1,1988,18,18,18,18,18,18,18,18,18,18
390842,1,1,1988,0,0,0,0,0,0,0,0,0,0
390843,1,1,1988,0,0,0,0,0,0,0,0,0,0
390844,1,1,1988,0,0,0,0,0,0,0,0,0,0
390844,2,1,1988,0,0,0,0,0,0,0,0,0,0
390845,1,1,1988,0,0,0,0,0,0,0,0,0,0
390846,1,1,1988,0,0,0,0,0,0,0,0,0,0
390847,1,1,1988,21,6,16,13,15,4,5,13,29,17
390847,2,1,1988,14,0,0,0,0,0,21,0,0,0
390847,3,1,1988,26,0,22,0,0,0,0,0,0,0
390848,1,1,1988,0,0,4,0,0,16,10,0,0,15
390848,2,1,1988,0,0,0,0,0,0,0,0,0,0
390849,1,1,1988,0,0,0,0,0,0,0,0,0,0
390850,1,1,1988,42,19,28,13,24,16,22,4,5,33
390850,2,1,1988,0,0,0,0,0,17,0,0,0,0
390850,3,1,1988,0,0,7,0,27,45,0,0,0,0
390851,0,1,1988,0,0,0,0,0,0,0,0,0,0
390851,0,2,1988,0,0,0,0,0,0,0,0,0,0
390851,1,1,1988,0,0,0,0,20,0,0,0,0,10
390852,0,1,1988,0,0,0,0,0,0,0,0,0,0
390852,1,1,1988,0,0,0,0,0,0,0,0,0,0
390854,1,1,1988,0,0,9,0,18,3,0,0,0,17
390854,2,1,1988,28,28,28,28,28,28,28,28,28,28
390855,1,1,1988,13,11,18,33,18,0,12,0,28,8
390855,2,1,1988,0,0,0,0,0,0,0,0,0,0
390859,1,1,1988,18,0,14,12,12,32,0,14,10,0
390860,1,1,1988,0,0,0,0,0,0,0,0,0,0
390860,2,1,1988,0,0,0,0,0,0,0,0,0,0
390861,1,1,1988,0,0,0,0,0,0,0,0,0,0
390861,2,1,1988,0,21,0,0,16,0,16,0,0,5
390862,1,1,1988,6,25,9,9,12,17,13,10,21,27
390863,1,1,1988,20,20,20,20,20,20,20,20,20,20
390864,1,1,1988,20,17,16,0,16,11,15,7,9,0
390865,1,1,1988,24,24,24,24,24,24,24,24,24,24
390866,1,1,1988,3,3,3,3,3,3,3,3,3,3
390866,2,1,1988,0,0,0,0,0,0,0,0,0,0
390867,1,1,1988,0,0,0,0,0,0,0,0,0,0
390867,2,1,1988,0,0,5,0,0,0,0,0,0,0
390868,1,1,1988,9,9,9,9,9,9,9,9,9,9
390868,2,1,1988,0,0,0,0,0,0,5,0,0,0
390869,1,1,1988,14,0,0,18,0,0,0,0,0,0
390872,1,1,1988,13,0,0,0,0,7,0,0,0,0
390872,2,1,1988,13,20,8,16,11,8,8,20,5,17
390873,1,1,1988,9,9,9,9,9,9,9,9,9,9
390874,1,1,1988,0,0,0,0,0,0,0,0,0,0
390874,2,1,1988,0,0,0,0,0,0,0,0,0,0
390874,3,1,1988,0,0,0,0,0,0,0,0,0,0
390875,0,1,1988,16,16,16,16,16,16,16,16,16,16
390875,1,1,1988,0,0,0,0,5,0,0,0,0,0
390876,1,1,1988,0,0,0,0,0,0,0,0,0,0
390877,1,1,1988,0,0,0,0,0,0,0,0,0,0
390877,2,1,1988,0,0,0,0,0,0,0,0,0,0
390878,1,1,1988,0,0,0,0,0,0,0,0,0,0
390879,1,1,1988,15,15,15,15,15,15,15,15,15,15
390879,2,1,1988,0,0,0,3,8,0,0,0,3,0
390879,3,1,1988,8,0,0,14,8,11,0,11,20,0
390880,1,1,1988,0,0,0,0,0,0,0,0,0,0
390881,1,1,1988,5,5,5,5,5,5,5,5,5,5
390882,1,1,1988,0,0,5,0,6,0,0,0,0,0
390882,2,1,1988,6,6,6,6,6,6,6,6,6,6
390883,1,1,1988,41,17,22,14,12,19,30,18,16,22
390883,2,1,1988,18,18,16,17,10,12,0,22,14,21
390884,1,1,1988,16,50,22,24,19,20,27,31,8,47
390885,1,1,1988,10,10,10,10,10,10,10,10,10,10
390886,1,1,1988,0,0,0,0,0,0,0,0,0,0
390886,2,1,1988,2,0,0,14,16,0,0,0,0,0
390886,3,1,1988,0,17,7,0,0,0,8,0,0,0
390887,1,1,1988,0,0,0,0,0,0,0,0,0,0
390888,1,1,1988,21,21,21,21,21,21,21,21,21,21
390889,1,1,1988,12,12,31,14,30,14,6,34,17,21
390890,1,1,1988,0,0,0,0,0,0,0,0,0,0
390891,1,1,1988,18,0,28,0,0,0,10,0,22,0
390891,2,1,1988,0,19,0,13,0,14,0,0,0,0
390892,1,1,1988,24,13,23,30,15,6,7,10,10,7
390893,1,1,1988,0,0,0,0,0,0,0,0,0,0
390893,2,1,1988,13,13,13,13,13,13,13,13,13,13
390894,1,1,1988,0,25,24,0,13,0,10,0,0,0
390896,0,1,1988,35,35,35,35,35,35,35,35,35,35
390896,1,1,1988,0,0,0,0,0,0,0,0,0,0
390897,1,1,1988,0,0,0,0,0,0,0,0,0,8
390897,2,1,1988,0,0,0,0,0,0,0,0,0,0
390897,3,1,1988,0,0,0,0,0,0,0,0,0,0
390898,1,1,1988,18,18,18,18,18,18,18,18,18,18
390899,1,1,1988,0,0,0,0,0,0,0,0,0,0
390899,2,1,1988,9,20,0,20,0,0,17,0,3,36
390900,1,1,1988,35,35,35,35,35,35,35,35,35,35
390900,2,1,1988,0,0,0,0,12,0,0,0,0,0
390901,1,1,1988,0,0,7,0,0,0,12,0,13,0
390902,1,1,1988,0,0,0,0,0,0,0,0,0,0
390902,2,1,1988,0,0,0,0,0,0,0,0,0,0
390903,1,1,1988,0,0,0,0,0,0,0,0,0,0
390903,2,1,1988,0,0,0,0,0,0,0,0,0,0
390904,1,1,1988,14,14,14,14,14,14,14,14,14,14
390905,1,1,1988,16,16,16,16,16,16,16,16,16,16
390905,2,1,1988,0,0,0,0,0,11,0,0,0,0
390906,1,1,1988,0,0,0,0,0,0,0,0,0,0
390906,2,1,1988,0,0,0,0,12,0,0,0,0,0
390907,1,1,1988,31,31,31,31,31,31,31,31,31,31
390908,1,1,1988,0,0,0,0,0,0,0,0,0,0
390908,2,1,1988,0,0,0,0,0,0,0,0,0,0
390909,0,1,1988,19,19,19,19,19,19,19,19,19,19
390909,1,1,1988,0,0,0,0,0,0,0,0,0,0
390910,1,1,1988,0,0,0,0,0,0,0,0,0,5
390910,2,1,1988,0,0,0,0,0,0,0,0,0,0
390911,1,1,1988,16,16,16,16,16,16,16,16,16,16
390911,2,1,1988,16,19,0,0,20,16,0,29,0,21
390912,1,1,1988,6,9,24,0,15,5,17,16,0,12
390913,1,1,1988,21,21,21,21,21,21,21,21,21,21
390914,1,1,1988,17,17,17,17,17,17,17,17,17,17
390915,1,1,1988,25,25,25,25,25,25,25,25,25,25
390916,1,1,1988,0,0,0,0,0,8,0,0,0,0
390916,2,1,1988,0,0,0,0,0,0,0,0,0,0
390917,1,1,1988,0,0,0,0,0,0,0,0,0,0
390918,1,1,1988,0,0,0,0,0,0,0,0,0,0
390918,2,1,1988,8,0,0,0,0,0,0,0,0,0
390919,1,1,1988,14,21,10,23,4,15,26,17,16,2
390919,2,1,1988,0,0,0,0,0,0,0,0,0,0
390920,1,1,1988,15,17,11,15,14,12,13,11,16,15
390920,2,1,1988,15,6,18,11,30,12,26,15,32,10
390920,3,1,1988,0,0,4,0,0,0,0,14,0,0
390921,1,1,1988,0,0,0,0,0,0,0,0,0,0
390922,1,1,1988,0,0,0,0,0,0,0,0,0,11
390922,2,1,1988,0,0,0,0,0,0,0,0,0,0
390923,1,1,1988,4,0,0,0,0,0,0,13,0,19
390923,2,1,1988,0,0,0,0,0,0,0,0,0,0
390925,1,1,1988,10,10,10,10,10,10,10,10,10,10
390926,1,1,1988,6,6,6,6,6,6,6,6,6,6
390927,1,1,1988,9,28,12,0,34,20,26,31,0,0
390928,1,1,1988,23,0,18,0,0,0,0,0,0,6
390928,2,1,1988,0,0,0,0,0,0,0,0,0,0
390929,1,1,1988,27,27,27,27,27,27,27,27,27,27
390930,1,1,1988,0,0,0,0,0,0,0,0,0,0
390930,2,1,1988,0,0,0,0,0,0,0,0,0,0
390931,1,1,1988,23,23,23,23,23,23,23,23,23,23
390933,1,1,1988,0,0,0,0,0,0,0,0,0,0
390933,2,1,1988,0,0,0,0,0,0,19,0,0,0
390933,3,1,1988,0,0,0,0,0,0,0,16,0,0
390934,1,1,1988,0,0,0,0,0,0,0,0,7,0
390934,2,1,1988,0,0,0,0,0,0,0,0,0,0
390935,1,1,1988,0,0,0,0,0,0,0,0,0,0
390935,2,1,1988,0,0,0,0,0,0,16,0,0,0
390936,1,1,1988,42,42,42,42,42,42,42,42,42,42
390937,1,1,1988,0,0,0,0,0,0,0,0,0,0
390937,2,1,1988,0,0,0,0,0,0,0,0,0,0
390938,1,1,1988,0,0,0,0,0,0,0,0,0,0
390939,0,1,1988,0,0,0,0,0,0,0,0,0,0
390939,1,1,1988,0,0,0,15,0,20,0,0,0,18
390940,1,1,1988,0,0,10,11,18,0,25,0,0,0
390940,2,1,1988,40,0,17,0,5,0,0,0,0,0
390941,1,1,1988,0,0,0,0,0,0,0,0,0,9
390941,2,1,1988,0,0,0,0,0,0,0,0,0,0
390941,3,1,1988,0,9,0,0,15,0,0,27,0,12
390943,1,1,1988,11,11,11,11,11,11,11,11,11,11
390944,1,1,1988,0,0,0,0,10,0,0,0,0,0
390944,2,1,1988,0,0,0,0,0,0,0,6,0,0
390945,0,1,1988,0,0,0,0,0,0,0,0,0,0
390945,1,1,1988,0,0,0,0,0,0,0,0,0,0
390946,1,1,1988,18,16,13,28,0,22,0,0,0,0
390947,0,1,1988,34,0,13,0,0,0,0,6,14,0
390947,1,1,1988,0,0,0,0,0,26,0,0,0,12
390948,1,1,1988,14,0,0,0,0,0,12,32,20,32
390949,1,1,1988,9,30,25,30,20,11,24,7,17,0
390950,0,1,1988,17,21,11,22,30,0,26,0,15,8
390950,1,1,1988,0,0,0,0,0,0,0,0,7,20
390951,1,1,1988,0,0,0,9,0,0,0,9,6,0
390951,2,1,1988,0,0,0,0,0,0,0,0,0,0
390952,1,1,1988,0,0,0,0,0,0,26,13,0,0
390953,1,1,1988,5,14,26,19,12,11,18,7,29,8
390953,2,1,1988,0,6,0,22,0,0,0,0,13,0
390954,1,1,1988,0,0,13,0,0,0,0,8,0,0
390954,2,1,1988,0,8,23,0,0,0,0,0,0,0
390955,1,1,1988,0,0,0,7,0,0,0,0,0,0
390956,1,1,1988,13,0,14,20,0,16,0,17,12,29
390957,1,1,1988,0,0,0,0,0,0,0,0,0,0
390957,2,1,1988,0,0,18,0,0,0,0,0,0,0
390958,1,1,1988,0,0,0,0,11,0,0,13,0,0
390959,0,1,1988,0,0,0,0,0,0,0,0,0,0
390959,0,2,1988,0,13,0,8,45,0,33,6,14,11
390959,2,1,1988,13,0,19,8,8,0,0,0,0,9
390960,1,1,1988,15,13,13,0,17,11,11,17,0,0
390961,1,1,1988,11,0,0,0,0,0,0,0,0,0
390961,2,1,1988,0,0,0,0,0,0,0,0,0,0
390962,0,1,1988,21,21,21,21,21,21,21,21,21,21
390962,1,1,1988,18,0,10,14,10,6,3,0,12,0
390963,1,1,1988,20,20,20,20,20,20,20,20,20,20
390963,2,1,1988,17,14,26,13,0,0,16,13,0,0
390964,1,1,1988,7,9,22,18,21,28,26,14,14,23
390964,2,1,1988,9,9,9,9,9,9,9,9,9,9
390965,1,1,1988,0,17,13,0,28,0,0,30,0,0
390965,2,1,1988,0,8,0,18,16,19,0,0,0,0
390966,1,1,1988,19,19,19,19,19,19,19,19,19,19
390968,1,1,1988,0,0,0,0,0,0,0,0,0,0
390969,1,1,1988,7,13,11,11,16,5,0,11,0,19
390970,1,1,1988,0,0,0,0,0,0,0,0,0,0
390970,2,1,1988,0,0,0,0,0,0,0,0,0,0
390971,1,1,1988,0,0,0,0,0,0,0,16,0,0
390971,2,1,1988,0,0,0,0,0,0,0,0,0,19
390972,1,1,1988,0,0,0,0,12,0,0,0,0,0
390972,2,1,1988,0,0,0,0,0,0,0,0,0,0
390972,3,1,1988,0,0,0,0,0,0,0,0,0,0
390973,1,1,1988,19,3,10,22,8,12,19,16,24,19
390973,2,1,1988,0,0,0,0,19,0,0,0,0,0
390974,1,1,1988,0,0,0,0,0,16,0,0,0,0
390974,2,1,1988,0,0,0,0,0,0,0,8,0,0
390974,3,1,1988,0,0,0,0,0,0,0,0,7,0
390975,1,1,1988,0,0,0,0,0,0,0,0,0,0
390976,1,1,1988,21,21,21,21,21,21,21,21,21,21
390977,1,1,1988,22,22,22,22,22,22,22,22,22,22
390977,2,1,1988,0,0,2,0,0,0,0,10,0,7
390978,1,1,1988,7,7,7,7,7,7,7,7,7,7
390979,1,1,1988,25,25,25,25,25,25,25,25,25,25
390979,2,1,1988,9,16,20,6,0,0,13,0,11,0
390981,1,1,1988,19,14,0,0,15,0,0,0,0,0
390981,2,1,1988,12,0,21,13,25,18,0,0,0,0
390982,1,1,1988,20,20,20,20,20,20,20,20,20,20
390984,1,1,1988,15,0,0,0,14,0,0,0,0,0
390984,2,1,1988,16,0,0,0,0,0,0,0,0,0
390985,0,1,1988,0,0,0,32,15,0,26,0,0,0
390985,1,1,1988,0,0,0,0,10,0,0,0,0,0
390986,1,1,1988,18,18,18,18,18,18,18,18,18,18
390987,1,1,1988,0,13,0,0,0,11,7,0,9,17
390988,1,1,1988,0,0,0,0,0,0,0,0,0,0
390988,2,1,1988,0,0,0,0,0,0,0,0,0,0
390989,1,1,1988,0,13,0,0,0,0,17,0,11,0