ST_CASE,VEH_NO,PER_NO,YEAR,P1,P2,P3,P4,P5,P6,P7,P8,P9,P10
390990,0,1,1988,0,0,0,0,22,0,15,0,23,0
390990,1,1,1988,0,0,0,0,0,0,0,0,0,0
390991,1,1,1988,15,15,15,15,15,15,15,15,15,15
390992,1,1,1988,0,0,17,0,0,0,0,0,0,0
390993,1,1,1988,0,0,24,0,0,0,0,0,0,0
390993,2,1,1988,0,0,0,0,0,0,0,0,0,0
390994,1,1,1988,22,22,22,22,22,22,22,22,22,22
390996,0,1,1988,24,24,24,24,24,24,24,24,24,24
390996,1,1,1988,22,4,0,35,0,0,0,22,20,0
390997,0,1,1988,0,0,0,0,0,0,0,0,0,0
390997,1,1,1988,10,0,0,0,0,0,0,13,17,0
390998,1,1,1988,11,0,6,19,30,17,2,14,6,14
390999,1,1,1988,0,0,0,0,0,0,0,8,0,0
390999,2,1,1988,0,0,0,0,0,0,0,0,0,0
391000,1,1,1988,21,20,11,0,0,0,0,9,0,8
391000,2,1,1988,0,19,16,0,0,0,31,27,0,0
391001,1,1,1988,20,20,20,20,20,20,20,20,20,20
391002,0,1,1988,15,15,15,15,15,15,15,15,15,15
391002,1,1,1988,0,0,4,13,6,8,0,12,0,0
391003,1,1,1988,0,0,0,0,0,0,0,0,22,0
391004,1,1,1988,5,26,36,30,24,38,23,10,13,21
391005,1,1,1988,0,0,0,0,0,0,0,0,0,0
391005,2,1,1988,3,3,3,3,3,3,3,3,3,3
391006,0,1,1988,13,29,24,19,18,12,0,32,6,21
391006,1,1,1988,0,0,0,18,0,2,23,0,22,0
391008,1,1,1988,13,15,16,14,22,19,18,7,11,22
391009,0,1,1988,31,0,0,0,0,0,20,20,0,25
391009,1,1,1988,0,0,0,0,0,15,0,17,0,17
391010,1,1,1988,21,21,21,21,21,21,21,21,21,21
391011,1,1,1988,10,10,10,10,10,10,10,10,10,10
391012,1,1,1988,0,0,20,12,6,8,0,0,0,37
391013,0,1,1988,21,21,21,21,21,21,21,21,21,21
391013,1,1,1988,17,15,0,0,0,0,0,0,15,21
391014,1,1,1988,18,29,27,13,22,13,32,15,17,21
391015,1,1,1988,12,12,12,12,12,12,12,12,12,12
391016,1,1,1988,24,0,0,0,0,0,0,0,0,22
391017,1,1,1988,0,0,0,0,0,0,0,0,0,0
391017,2,1,1988,3,3,3,3,3,3,3,3,3,3
391018,1,1,1988,0,0,0,0,0,0,0,0,0,0
391018,2,1,1988,0,0,0,0,0,0,0,0,0,0
391019,1,1,1988,0,18,14,3,0,11,17,22,0,16
391021,1,1,1988,11,9,23,19,6,18,8,29,20,11
391021,2,1,1988,17,17,0,0,9,0,0,0,0,0
391022,0,1,1988,0,0,0,0,0,0,0,0,0,0
391022,1,1,1988,0,0,0,0,0,0,0,0,0,0
391023,1,1,1988,0,0,0,0,0,0,0,0,0,0
391023,2,1,1988,0,0,0,0,19,0,0,0,0,0
391024,1,1,1988,30,30,30,30,30,30,30,30,30,30
391025,0,1,1988,0,0,0,0,0,0,0,0,0,0
391025,1,1,1988,14,0,27,0,0,0,0,0,0,24
391026,0,1,1988,0,0,0,0,0,0,0,0,0,0
391027,0,1,1988,0,0,0,0,0,0,0,0,0,0
391027,1,1,1988,0,0,0,0,0,0,0,0,0,0
391028,1,1,1988,7,7,7,7,7,7,7,7,7,7
391028,2,1,1988,13,0,0,0,27,20,0,0,23,0
391029,1,1,1988,11,11,11,11,11,11,11,11,11,11
391029,2,1,1988,0,0,0,0,0,0,0,0,0,0
391030,1,1,1988,0,24,17,33,24,18,0,19,20,0
391031,0,1,1988,27,27,27,27,27,27,27,27,27,27
391031,1,1,1988,13,0,0,0,0,14,0,15,0,21
391032,1,1,1988,9,9,9,9,9,9,9,9,9,9
391034,1,1,1988,0,0,0,0,0,0,0,0,0,0
391034,2,1,1988,25,25,25,25,25,25,25,25,25,25
391036,1,1,1988,8,11,21,18,24,27,23,10,23,29
391037,1,1,1988,20,8,13,0,21,11,26,11,13,8
391037,2,1,1988,0,0,0,0,0,0,24,0,0,0
391038,1,1,1988,5,5,5,5,5,5,5,5,5,5
391038,2,1,1988,0,0,0,0,0,0,0,0,0,0
391038,3,1,1988,0,0,0,0,0,0,10,0,0,0
391039,1,1,1988,4,4,4,4,4,4,4,4,4,4
391039,2,1,1988,0,0,0,0,0,0,0,0,0,0
391040,1,1,1988,0,0,0,0,0,0,0,0,0,0
391041,1,1,1988,0,0,0,0,0,0,0,0,0,0
391041,2,1,1988,0,0,0,0,0,0,0,0,0,0
391042,0,1,1988,0,0,0,0,0,0,0,0,0,0
391042,1,1,1988,0,15,0,0,0,0,0,9,0,7
391044,1,1,1988,28,28,28,28,28,28,28,28,28,28
391045,1,1,1988,0,25,13,11,14,14,3,5,15,10
391046,1,1,1988,7,0,0,0,0,0,0,0,27,11
391047,1,1,1988,16,18,0,18,15,8,18,5,29,17
391049,1,1,1988,0,0,0,24,0,0,0,0,10,0
391049,2,1,1988,0,0,0,0,0,0,13,7,0,0
391051,1,1,1988,25,25,25,25,25,25,25,25,25,25
391052,1,1,1988,0,0,0,0,0,0,0,0,0,0
391052,2,1,1988,0,0,0,0,0,0,0,0,0,0
391053,0,1,1988,0,0,0,0,0,0,0,0,0,0
391053,1,1,1988,0,0,0,0,0,0,0,0,0,0
391054,1,1,1988,0,19,14,20,0,15,0,23,9,10
391055,1,1,1988,10,10,10,10,10,10,10,10,10,10
391056,1,1,1988,11,11,11,11,11,11,11,11,11,11
391057,1,1,1988,28,0,0,0,0,0,0,0,15,0
391059,1,1,1988,19,29,17,4,6,0,20,27,26,24
391060,1,1,1988,1,1,1,1,1,1,1,1,1,1
391061,2,1,1988,7,0,0,10,0,0,0,10,0,0
391062,0,1,1988,0,0,0,0,0,0,0,0,0,0
391064,1,1,1988,0,0,0,13,0,0,0,0,0,0
391064,2,1,1988,0,0,0,0,0,0,0,0,0,0
391065,1,1,1988,0,0,0,0,0,0,0,0,0,0
391066,0,1,1988,0,0,15,0,0,27,0,0,0,37
391066,1,1,1988,0,0,0,13,0,0,0,0,0,0
391068,1,1,1988,0,0,0,0,0,0,0,0,0,0
391068,2,1,1988,0,4,28,12,11,15,15,21,16,0
391070,1,1,1988,0,0,0,16,0,0,13,0,10,0
391070,2,1,1988,0,0,15,0,9,13,0,0,0,0
391071,1,1,1988,0,0,0,0,0,0,0,0,0,0
391071,2,1,1988,0,7,0,0,0,0,0,0,0,0
391072,0,1,1988,0,15,12,25,8,25,0,0,0,0
391072,0,2,1988,0,0,0,0,0,0,0,0,0,0
391072,1,1,1988,0,0,0,0,0,0,0,0,0,0
391073,1,1,1988,0,0,0,0,0,0,0,0,0,0
391073,2,1,1988,0,0,0,0,0,0,0,0,0,12
391074,1,1,1988,0,0,0,0,0,0,0,0,0,0
391074,2,1,1988,0,0,0,0,0,0,0,0,0,0
391074,3,1,1988,0,0,0,0,0,0,0,0,0,0
391074,4,1,1988,0,0,0,0,0,0,0,0,0,0
391075,1,1,1988,0,0,0,0,0,0,0,0,0,0
391076,1,1,1988,0,0,0,0,0,0,0,0,0,0
391077,1,1,1988,0,0,0,0,0,14,0,0,0,0
391077,2,1,1988,0,0,19,0,0,0,0,0,11,0
391078,1,1,1988,0,0,0,0,0,0,0,0,0,0
391078,2,1,1988,0,0,0,0,0,0,0,0,0,0
391079,1,1,1988,0,12,20,12,10,10,0,0,13,8
391079,2,1,1988,29,0,0,0,5,16,16,0,0,0
391080,1,1,1988,0,0,0,0,0,0,0,0,0,0
391080,2,1,1988,0,7,3,14,13,17,11,7,23,6
391081,1,1,1988,0,0,0,0,0,0,0,0,0,0
391081,2,1,1988,0,0,0,0,0,0,0,0,0,0
391081,3,1,1988,0,0,0,0,0,0,0,20,0,0
391082,0,1,1988,9,0,0,0,9,0,0,29,17,22
391082,1,1,1988,0,0,20,16,25,0,13,0,13,7
391082,2,1,1988,3,9,0,0,9,26,0,22,27,0
391083,1,1,1988,7,7,7,7,7,7,7,7,7,7
391084,0,1,1988,0,0,0,0,0,0,0,0,0,0
391084,1,1,1988,0,0,0,0,0,9,17,0,0,0
391086,1,1,1988,0,0,0,0,0,0,0,0,14,0
391087,1,1,1988,0,0,0,0,0,0,0,0,0,0
391087,2,1,1988,0,0,0,0,0,0,0,0,0,0
391088,1,1,1988,0,0,0,0,0,0,0,0,0,0
391088,2,1,1988,0,0,0,0,0,15,12,33,0,12
391089,0,1,1988,0,14,0,20,0,8,0,0,11,18
391089,1,1,1988,0,20,0,0,12,0,0,22,15,12
391090,1,1,1988,17,21,4,22,12,13,13,0,21,3
391091,1,1,1988,0,0,0,0,0,0,0,0,0,0
391091,2,1,1988,0,0,9,0,0,0,0,0,0,0
391093,0,1,1988,0,5,0,0,0,0,0,0,0,0
391094,1,1,1988,0,0,0,0,0,0,0,0,0,0
391094,2,1,1988,0,0,0,0,0,0,0,0,0,0
391095,1,1,1988,0,0,0,0,0,0,0,0,0,0
391096,1,1,1988,0,0,0,0,0,0,0,0,10,0
391098,1,1,1988,0,0,0,0,0,0,0,0,0,0
391098,2,1,1988,0,0,0,0,0,0,0,0,0,0
391099,1,1,1988,0,0,0,0,0,0,0,10,0,0
391099,2,1,1988,0,0,0,0,0,0,0,0,0,0
391100,1,1,1988,19,19,19,19,19,19,19,19,19,19
391100,2,1,1988,0,15,0,5,0,0,0,0,0,0
391101,1,1,1988,0,0,0,0,0,0,0,0,0,0
391101,2,1,1988,0,0,0,0,0,0,0,0,0,0
391102,1,1,1988,0,0,0,0,0,0,0,0,8,0
391102,2,1,1988,0,0,0,0,0,0,0,0,0,24
391104,1,1,1988,23,23,23,23,23,23,23,23,23,23
391105,1,1,1988,0,0,0,0,0,0,0,0,0,0
391106,0,1,1988,0,0,0,0,0,0,0,0,0,0
391106,1,1,1988,0,0,8,0,0,0,0,0,0,0
391107,1,1,1988,0,0,0,12,0,0,0,0,0,6
391108,1,1,1988,0,0,0,0,0,0,0,0,0,0
391109,1,1,1988,0,0,0,0,0,0,0,0,0,0
391109,2,1,1988,0,12,0,0,0,0,0,0,0,0
391110,1,1,1988,0,0,0,0,0,0,0,0,0,0
391111,1,1,1988,28,28,28,28,28,28,28,28,28,28
391112,1,1,1988,0,17,0,0,0,0,16,0,0,0
391112,2,1,1988,0,0,0,0,0,0,26,0,0,0
391113,1,1,1988,14,0,0,0,0,0,0,17,0,0
391113,2,1,1988,0,0,0,8,0,0,0,0,0,0
391114,1,1,1988,16,0,0,0,0,15,0,0,0,0
391114,2,1,1988,0,0,0,5,0,0,0,0,0,0
391114,3,1,1988,0,0,0,17,0,0,0,0,0,0
391115,1,1,1988,0,0,0,0,0,0,0,0,0,0
391116,1,1,1988,0,0,0,0,0,0,0,0,0,0
391116,2,1,1988,0,0,0,0,0,0,0,0,0,0
391117,1,1,1988,0,0,0,0,0,0,0,0,0,0
391117,2,1,1988,0,0,0,0,0,0,0,0,0,0
391118,1,1,1988,11,22,22,16,27,0,15,30,12,24
391119,1,1,1988,0,0,0,0,0,0,0,0,0,0
391119,2,1,1988,11,11,11,11,11,11,11,11,11,11
391120,1,1,1988,12,14,7,0,33,25,22,12,56,14
391121,1,1,1988,16,11,17,9,12,13,23,22,6,11
391122,1,1,1988,0,0,0,0,0,0,0,0,5,0
391123,1,1,1988,14,14,14,14,14,14,14,14,14,14
391124,1,1,1988,0,0,0,29,0,0,16,20,0,8
391125,1,1,1988,0,0,0,4,0,0,0,0,0,0
391125,2,1,1988,0,0,0,0,0,0,0,0,0,0
391126,1,1,1988,18,19,22,9,0,11,16,43,12,15
391126,2,1,1988,10,20,18,0,25,22,30,21,0,0
391126,3,1,1988,0,0,22,47,2,3,15,0,5,12
391127,1,1,1988,19,19,19,19,19,19,19,19,19,19
391128,1,1,1988,0,0,0,0,0,0,0,0,0,0
391128,2,1,1988,0,0,0,0,0,0,0,0,0,0
391129,1,1,1988,0,15,0,0,32,0,14,0,18,0
391129,2,1,1988,0,0,15,0,0,0,0,0,0,0
391130,1,1,1988,11,20,11,18,0,0,0,3,13,3
391130,2,1,1988,29,33,15,30,11,4,8,10,31,11
391131,1,1,1988,7,14,9,27,13,23,17,9,10,18
391132,1,1,1988,36,0,25,0,0,0,0,9,0,0
391133,1,1,1988,15,35,17,18,36,0,24,27,24,24
391134,1,1,1988,0,38,0,0,0,0,0,0,0,0
391134,2,1,1988,0,18,24,10,13,17,16,0,20,24
391135,1,1,1988,23,28,12,13,0,17,11,11,25,19
391136,1,1,1988,0,0,0,0,0,0,0,0,0,0
391137,1,1,1988,0,0,0,0,0,0,15,0,0,0
391137,2,1,1988,0,0,25,0,0,0,0,0,0,0
391138,1,1,1988,0,0,0,0,13,0,0,0,0,0
391138,2,1,1988,0,0,0,0,0,0,0,0,0,0
391139,1,1,1988,0,8,0,20,37,4,16,0,15,38
391141,1,1,1988,13,13,13,13,13,13,13,13,13,13
391141,2,1,1988,0,0,0,0,0,0,0,0,12,0
391142,1,1,1988,17,17,17,17,17,17,17,17,17,17
391142,2,1,1988,1,1,1,1,1,1,1,1,1,1
391143,1,1,1988,0,0,0,0,0,0,0,0,0,0
391146,0,1,1988,24,7,6,37,27,0,29,12,20,23
391146,1,1,1988,0,0,10,19,20,0,0,0,26,0
391147,1,1,1988,15,21,7,11,6,21,25,25,8,0
391148,1,1,1988,0,0,9,0,14,0,0,0,0,0
391148,2,1,1988,30,17,22,2,3,4,28,25,3,19
391149,1,1,1988,0,0,0,0,0,0,0,0,0,0
391149,2,1,1988,0,0,0,0,0,0,0,0,0,0
391150,1,1,1988,0,0,0,0,0,24,0,0,0,9
391150,2,1,1988,0,0,0,0,0,0,0,0,0,0
391150,3,1,1988,0,0,0,0,0,0,0,0,0,0
391151,1,1,1988,0,0,0,0,0,0,0,0,0,15
391151,2,1,1988,0,16,0,0,0,0,20,21,0,0
391152,1,1,1988,0,0,0,0,0,0,0,0,10,0
391152,2,1,1988,6,0,0,0,0,0,0,0,0,0
391153,1,1,1988,0,0,0,0,0,0,0,0,0,0
391153,2,1,1988,0,0,0,0,0,0,0,0,0,0
391154,1,1,1988,0,0,0,0,0,0,0,0,0,0
391154,2,1,1988,0,0,0,0,0,0,0,0,0,0
391155,1,1,1988,4,4,4,4,4,4,4,4,4,4
391155,2,1,1988,9,0,0,0,0,0,0,0,0,0
391156,1,1,1988,14,21,24,24,19,0,7,14,29,17
391156,2,1,1988,0,0,0,0,0,0,15,30,7,18
391157,1,1,1988,8,17,18,18,12,15,9,32,6,14
391157,2,1,1988,0,0,10,0,0,0,10,0,0,7
391158,1,1,1988,0,0,0,0,0,0,0,0,0,0
391159,1,1,1988,13,13,13,13,13,13,13,13,13,13
391159,2,1,1988,0,0,0,0,0,0,0,0,0,10
391160,1,1,1988,0,0,0,0,16,12,16,7,16,6
391161,1,1,1988,8,8,8,8,8,8,8,8,8,8
391161,2,1,1988,0,0,0,0,0,0,0,0,0,0
391162,1,1,1988,3,3,3,3,3,3,3,3,3,3
391162,2,1,1988,0,0,0,0,0,0,0,0,0,0
391163,1,1,1988,0,0,0,10,0,0,0,0,0,0
391163,2,1,1988,7,7,7,7,7,7,7,7,7,7
391164,1,1,1988,0,0,0,0,0,0,0,0,0,0
391165,1,1,1988,6,6,6,6,6,6,6,6,6,6
391166,1,1,1988,0,0,0,0,0,0,0,0,0,0
391166,2,1,1988,0,0,0,0,10,0,0,0,0,15
391167,1,1,1988,0,0,0,0,0,0,0,0,0,0
391168,1,1,1988,23,23,23,23,23,23,23,23,23,23
391170,1,1,1988,0,0,0,0,0,0,0,0,0,0
391170,2,1,1988,0,0,0,0,0,0,0,0,2,0
391171,0,1,1988,13,13,13,13,13,13,13,13,13,13
391171,1,1,1988,0,0,0,0,21,5,0,24,0,0
391173,1,1,1988,2,2,2,2,2,2,2,2,2,2
391174,1,1,1988,0,0,0,0,0,0,0,0,0,0
391174,2,1,1988,0,12,0,0,0,0,0,0,0,13
391175,1,1,1988,21,11,13,18,7,17,0,12,0,0
391175,2,1,1988,0,0,0,0,0,0,0,0,0,0
391176,1,1,1988,0,0,0,0,5,5,0,0,14,13
391177,1,1,1988,0,0,0,0,0,0,0,11,0,19
391177,2,1,1988,0,0,0,0,0,0,0,0,0,0
391178,1,1,1988,25,25,25,25,25,25,25,25,25,25
391179,1,1,1988,0,0,0,0,0,0,0,0,0,0
391179,2,1,1988,0,0,0,0,0,0,0,0,0,22
391180,1,1,1988,20,20,20,20,20,20,20,20,20,20
391181,1,1,1988,14,14,14,14,14,14,14,14,14,14
391182,1,1,1988,0,0,0,0,0,0,0,0,0,0
391182,2,1,1988,0,0,0,0,0,0,0,0,0,0
391182,3,1,1988,0,0,0,0,0,0,0,0,0,0
391183,1,1,1988,8,8,8,8,8,8,8,8,8,8
391185,1,1,1988,0,0,0,0,0,0,0,0,0,0
391185,2,1,1988,4,4,4,4,4,4,4,4,4,4
391186,0,1,1988,0,0,0,0,0,0,0,0,0,0
391186,1,1,1988,0,0,0,0,0,0,0,0,0,0
391187,1,1,1988,15,15,15,15,15,15,15,15,15,15
391187,2,1,1988,0,0,3,0,15,0,4,0,0,0
391188,1,1,1988,0,0,0,0,0,0,0,0,0,0
391188,2,1,1988,0,0,0,0,0,0,0,0,0,0
391190,0,1,1988,25,15,27,26,22,23,21,12,21,28
391190,0,2,1988,27,0,3,0,0,0,3,16,11,0
391190,1,1,1988,0,0,0,0,0,8,0,0,0,0
391191,1,1,1988,0,14,26,22,15,28,0,0,8,33
391191,2,1,1988,0,0,0,13,0,0,0,0,0,0
391192,1,1,1988,31,39,11,16,15,32,22,16,19,31
391193,1,1,1988,0,0,0,0,0,0,0,0,0,0
391193,2,1,1988,0,0,0,0,0,0,0,0,0,0
391194,0,1,1988,0,0,0,0,0,0,0,0,0,0
391194,1,1,1988,9,9,9,9,9,9,9,9,9,9
391195,1,1,1988,24,24,24,24,24,24,24,24,24,24
391196,1,1,1988,0,0,0,0,15,0,0,0,0,0
391196,2,1,1988,0,0,0,19,18,0,26,0,9,0
391197,1,1,1988,0,0,0,0,0,0,0,0,0,0
391197,2,1,1988,0,0,0,0,0,10,0,0,0,0
391198,0,1,1988,28,28,28,28,28,28,28,28,28,28
391198,1,1,1988,5,0,0,0,0,0,0,0,0,7
391199,1,1,1988,27,27,27,27,27,27,27,27,27,27
391200,1,1,1988,0,0,0,0,0,0,0,0,0,0
391201,1,1,1988,12,21,0,0,7,0,0,13,9,0
391202,1,1,1988,5,5,5,5,5,5,5,5,5,5
391203,1,1,1988,0,0,22,12,16,15,0,13,0,16
391204,1,1,1988,6,6,6,6,6,6,6,6,6,6
391205,1,1,1988,25,25,25,25,25,25,25,25,25,25
391206,1,1,1988,23,23,23,23,23,23,23,23,23,23
391207,1,1,1988,0,0,0,0,0,0,0,0,0,0
391208,1,1,1988,4,4,4,4,4,4,4,4,4,4
391208,2,1,1988,16,16,16,16,16,16,16,16,16,16
391209,1,1,1988,0,0,0,0,0,0,0,0,0,0
391209,2,1,1988,15,15,15,15,15,15,15,15,15,15
391210,1,1,1988,0,0,0,0,0,0,0,0,0,0
391210,2,1,1988,0,0,0,0,0,0,0,0,0,0
391211,1,1,1988,0,13,0,0,20,16,0,0,0,0
391213,1,1,1988,10,0,24,16,0,14,0,11,12,0
391213,2,1,1988,0,0,0,0,0,0,10,0,0,0
391214,1,1,1988,13,13,13,13,13,13,13,13,13,13
391214,2,1,1988,0,0,0,0,0,0,0,0,0,0
391215,1,1,1988,26,26,26,26,26,26,26,26,26,26
391216,1,1,1988,17,0,0,0,0,0,0,0,0,0
391216,2,1,1988,0,0,0,0,4,0,0,0,0,0
391217,1,1,1988,30,30,30,30,30,30,30,30,30,30
391218,1,1,1988,28,28,28,28,28,28,28,28,28,28
391219,1,1,1988,9,9,9,9,9,9,9,9,9,9
391219,2,1,1988,17,17,17,17,17,17,17,17,17,17
391220,1,1,1988,0,0,0,0,0,0,0,0,0,0
391220,2,1,1988,0,0,0,0,0,0,0,0,0,0
391220,3,1,1988,0,0,0,0,0,0,0,0,0,8
391221,0,1,1988,0,0,9,0,0,26,6,0,0,0
391221,1,1,1988,0,13,23,25,20,0,0,13,0,5
391222,1,1,1988,0,0,0,0,0,0,0,0,0,0
391222,2,1,1988,0,0,0,0,0,9,0,0,0,0
391223,0,1,1988,0,0,0,0,0,0,0,0,0,0
391223,1,1,1988,0,0,0,0,0,0,0,0,0,0
391224,1,1,1988,14,14,14,14,14,14,14,14,14,14
391225,1,1,1988,0,0,0,0,0,0,0,0,0,0
391226,1,1,1988,29,23,24,24,25,15,29,14,23,15
391228,1,1,1988,0,0,0,0,0,0,0,0,0,0
391229,1,1,1988,0,0,0,0,0,0,0,0,0,0
391229,2,1,1988,0,0,0,0,0,0,0,0,0,0
391230,1,1,1988,13,0,0,0,0,0,0,0,0,0
391230,2,1,1988,0,0,0,0,0,0,0,0,6,0
391231,1,1,1988,0,9,13,0,0,16,16,0,14,14
391232,1,1,1988,13,13,13,13,13,13,13,13,13,13
391233,0,1,1988,0,0,0,0,0,0,0,0,0,0
391233,1,1,1988,0,0,0,0,0,0,0,0,0,0
391234,1,1,1988,19,19,19,19,19,19,19,19,19,19
391235,1,1,1988,29,29,29,29,29,29,29,29,29,29
391236,1,1,1988,17,0,0,20,0,22,0,10,0,0
391236,2,1,1988,13,9,0,0,0,0,0,0,0,0
391237,1,1,1988,0,0,0,0,0,0,0,0,0,0
391237,2,1,1988,10,9,0,12,0,0,0,25,0,0
391238,1,1,1988,0,0,0,0,0,0,17,0,0,0
391238,2,1,1988,0,0,0,0,0,0,0,0,0,0
391239,1,1,1988,29,22,26,18,37,17,27,21,19,17
391240,1,1,1988,0,0,0,0,0,0,0,0,0,0
391241,0,1,1988,17,17,17,17,17,17,17,17,17,17
391241,1,1,1988,0,0,0,0,0,0,0,0,0,0
391242,1,1,1988,16,8,0,4,21,20,5,12,20,5
391243,1,1,1988,0,0,0,0,0,0,0,0,0,0
391243,2,1,1988,0,0,0,0,0,0,0,0,0,0
391243,3,1,1988,0,0,0,0,20,0,0,0,7,0
391244,1,1,1988,9,9,9,9,9,9,9,9,9,9
391244,2,1,1988,0,0,0,0,0,0,0,0,0,0
391245,0,1,1988,0,0,0,0,0,0,0,0,0,0
391245,1,1,1988,0,0,0,0,0,0,0,0,0,0
391246,1,1,1988,0,0,0,0,0,0,0,21,0,0
391246,2,1,1988,0,9,0,0,0,0,0,0,0,0
391246,3,1,1988,0,0,0,0,0,0,0,0,0,0
391247,0,1,1988,0,0,12,0,0,0,0,0,0,0
391247,1,1,1988,0,0,0,0,0,0,0,0,0,0
391248,1,1,1988,33,33,33,33,33,33,33,33,33,33
391249,1,1,1988,15,23,0,0,13,15,14,8,13,35
391250,1,1,1988,0,0,13,3,30,6,0,0,0,0
391251,1,1,1988,11,0,11,0,0,0,0,0,0,4
391251,2,1,1988,0,0,0,0,0,0,0,0,7,0
391253,1,1,1988,0,0,0,0,0,8,0,0,0,0
391253,2,1,1988,0,0,0,16,10,0,0,10,19,0
391254,1,1,1988,30,15,29,2,8,11,13,21,6,33
391255,1,1,1988,0,0,0,0,0,0,0,0,0,0
391256,1,1,1988,21,24,14,14,15,28,15,17,0,15
391258,1,1,1988,0,0,0,0,0,0,0,0,0,0
391258,2,1,1988,0,0,0,0,0,0,0,0,0,0
391259,1,1,1988,0,0,10,0,0,0,0,0,0,0
391259,2,1,1988,0,0,0,0,0,0,0,0,0,16
391260,1,1,1988,0,0,0,0,0,0,0,0,0,0
391260,2,1,1988,0,4,0,0,0,16,0,0,21,0
391261,1,1,1988,5,5,5,5,5,5,5,5,5,5
391262,1,1,1988,6,6,6,6,6,6,6,6,6,6
391263,1,1,1988,13,13,13,13,13,13,13,13,13,13
391264,0,1,1988,0,0,0,0,0,26,0,0,0,0
391264,1,1,1988,0,0,0,0,0,0,0,0,0,0
391265,1,1,1988,30,30,30,30,30,30,30,30,30,30
391266,1,1,1988,0,0,0,0,0,0,0,0,0,13
391266,2,1,1988,0,0,0,0,0,0,0,0,0,5
391267,1,1,1988,0,0,0,0,0,0,0,9,0,0
391267,2,1,1988,0,0,0,0,0,0,0,0,0,0
391268,0,1,1988,0,0,0,0,0,0,0,0,0,0
391268,1,1,1988,0,0,0,0,0,0,0,0,0,0
391269,1,1,1988,12,12,12,12,12,12,12,12,12,12
391270,1,1,1988,8,8,8,8,8,8,8,8,8,8
391272,1,1,1988,34,17,8,0,19,9,6,2,15,12
391273,0,1,1988,0,0,0,0,0,0,0,0,0,0
391273,1,1,1988,0,19,0,0,0,0,0,0,0,0
391274,1,1,1988,5,6,9,11,7,13,7,0,4,0
391275,1,1,1988,34,34,34,34,34,34,34,34,34,34
391276,1,1,1988,24,24,24,24,24,24,24,24,24,24
391277,0,1,1988,21,7,3,12,0,22,19,28,9,26
391277,1,1,1988,0,0,0,13,0,0,0,0,0,0
391278,1,1,1988,0,0,0,0,0,0,0,0,0,0
391278,2,1,1988,0,0,0,0,0,0,0,0,0,0
391279,1,1,1988,26,17,22,10,12,16,25,24,15,7
391279,2,1,1988,0,0,0,0,0,0,0,0,0,21
391280,1,1,1988,0,33,0,0,0,0,0,0,0,38
391280,2,1,1988,0,0,0,0,0,0,0,0,0,0
391281,1,1,1988,0,0,0,0,0,0,0,0,0,0
391281,2,1,1988,0,0,0,0,0,0,0,0,0,0
391282,0,1,1988,0,0,18,28,0,0,0,0,0,0
391282,1,1,1988,0,0,0,0,0,0,0,0,0,0
391283,1,1,1988,16,17,14,21,18,12,17,17,6,11
391283,2,1,1988,16,10,4,17,13,0,21,14,8,13
391284,1,1,1988,0,0,0,0,0,0,0,0,0,0
391284,2,1,1988,0,0,0,0,0,0,0,0,0,0
391285,1,1,1988,0,0,0,0,0,0,0,0,0,0
391286,1,1,1988,0,0,0,0,0,0,0,14,0,0
391286,2,1,1988,0,0,0,0,0,0,0,0,0,0
391288,1,1,1988,0,0,0,0,0,0,0,0,0,0
391288,2,1,1988,0,0,0,0,0,0,0,0,0,0
391289,1,1,1988,0,0,0,0,0,0,0,0,0,0
391290,1,1,1988,0,0,0,0,0,0,0,13,0,0
391290,2,1,1988,0,0,0,0,0,0,0,0,0,0
391291,0,1,1988,0,0,40,0,24,0,39,0,0,0
391291,1,1,1988,14,0,0,0,0,0,0,0,0,17
391292,1,1,1988,0,0,0,0,0,0,0,0,0,0
391293,1,1,1988,0,0,0,0,24,0,0,0,0,0
391293,2,1,1988,0,0,4,0,0,0,0,0,0,0
391294,1,1,1988,14,12,6,14,29,24,14,12,10,0
391294,2,1,1988,15,0,0,13,0,0,0,0,0,20
391295,1,1,1988,0,0,0,0,0,0,0,0,0,0
391295,2,1,1988,0,0,0,0,0,0,0,0,0,0
391296,0,1,1988,25,25,25,25,25,25,25,25,25,25
391296,1,1,1988,0,0,0,0,0,0,0,0,0,0
391297,1,1,1988,6,6,6,6,6,6,6,6,6,6
391298,1,1,1988,21,0,0,0,0,0,0,4,0,0
391298,2,1,1988,0,0,0,5,10,0,0,0,0,0
391300,1,1,1988,0,0,0,8,0,0,0,0,0,0
391300,2,1,1988,0,0,25,0,0,0,0,0,0,0
391301,0,1,1988,0,0,0,13,0,0,0,0,0,0
391301,1,1,1988,25,0,0,14,17,0,0,0,0,0
391302,0,1,1988,12,8,8,0,14,12,16,22,5,11
391302,1,1,1988,24,11,13,35,27,38,11,25,8,17
391303,0,1,1988,0,0,0,0,0,0,0,0,0,0
391303,1,1,1988,0,0,0,0,0,0,0,0,0,0
391304,1,1,1988,0,0,0,0,0,19,0,0,0,0
391304,2,1,1988,0,0,0,0,0,0,0,0,0,0
391305,1,1,1988,34,19,0,15,13,15,0,36,38,0
391306,1,1,1988,0,0,0,18,0,0,0,0,0,0