ST_CASE,VEH_NO,PER_NO,YEAR,P1,P2,P3,P4,P5,P6,P7,P8,P9,P10
391307,1,1,1988,0,0,0,9,16,0,0,32,5,0
391307,2,1,1988,14,13,0,0,0,0,8,0,0,0
391308,1,1,1988,5,5,5,5,5,5,5,5,5,5
391309,1,1,1988,0,0,11,12,0,24,0,0,0,0
391309,2,1,1988,0,13,0,17,0,33,0,0,19,0
391310,1,1,1988,10,10,10,10,10,10,10,10,10,10
391311,1,1,1988,4,4,4,4,4,4,4,4,4,4
391312,1,1,1988,21,21,21,21,21,21,21,21,21,21
391313,1,1,1988,0,0,0,0,0,0,0,0,0,0
391313,2,1,1988,0,0,0,0,0,0,0,0,0,0
391314,1,1,1988,0,0,0,0,2,0,0,0,0,0
391314,2,1,1988,0,0,0,0,0,0,0,0,0,0
391315,1,1,1988,0,0,0,0,0,0,0,0,0,0
391316,1,1,1988,0,0,0,0,0,0,0,0,0,0
391316,2,1,1988,0,0,0,0,0,0,0,0,0,0
391317,1,1,1988,0,0,24,0,0,0,0,0,0,0
391317,2,1,1988,6,17,21,14,0,0,0,0,0,0
391317,3,1,1988,0,0,0,0,0,0,0,0,0,0
391318,1,1,1988,19,0,0,11,0,27,0,17,9,0
391319,1,1,1988,0,0,0,0,0,0,0,0,0,0
391319,2,1,1988,0,0,0,0,0,0,0,0,7,0
391320,1,1,1988,23,23,23,23,23,23,23,23,23,23
391320,2,1,1988,0,0,0,0,0,0,0,11,0,0
391321,1,1,1988,23,23,23,23,23,23,23,23,23,23
391322,1,1,1988,0,11,10,0,0,7,0,0,20,0
391322,2,1,1988,5,5,5,5,5,5,5,5,5,5
391323,1,1,1988,0,0,0,0,0,0,0,0,0,0
391323,2,1,1988,22,22,22,22,22,22,22,22,22,22
391324,1,1,1988,35,35,35,35,35,35,35,35,35,35
391324,2,1,1988,0,0,0,23,0,0,0,30,0,0
391325,1,1,1988,10,10,10,10,10,10,10,10,10,10
391326,1,1,1988,14,14,14,14,14,14,14,14,14,14
391326,2,1,1988,25,25,25,25,25,25,25,25,25,25
391327,1,1,1988,0,0,0,0,0,0,0,0,0,0
391327,2,1,1988,0,0,0,0,0,0,0,0,0,0
391328,1,1,1988,17,17,17,17,17,17,17,17,17,17
391328,2,1,1988,24,0,10,0,19,29,36,39,16,14
391329,0,1,1988,0,0,0,0,0,0,0,0,0,0
391329,0,2,1988,0,0,0,0,0,0,0,0,0,0
391329,1,1,1988,0,0,3,0,13,0,4,0,0,0
391330,1,1,1988,0,0,0,0,0,0,0,0,0,0
391330,2,1,1988,0,0,0,0,0,0,0,0,0,11
391331,1,1,1988,17,17,17,17,17,17,17,17,17,17
391331,2,1,1988,12,15,0,0,0,10,25,0,8,32
391332,1,1,1988,0,0,0,0,0,0,0,0,0,0
391333,1,1,1988,22,22,22,22,22,22,22,22,22,22
391333,2,1,1988,0,7,23,0,0,0,0,0,34,0
391334,1,1,1988,28,28,28,28,28,28,28,28,28,28
391335,1,1,1988,18,19,16,21,7,27,21,13,48,23
391336,0,1,1988,0,0,0,0,0,0,0,0,0,0
391336,1,1,1988,0,0,0,0,0,0,0,8,4,0
391337,1,1,1988,0,0,0,0,0,0,0,0,15,0
391337,2,1,1988,0,0,5,0,0,0,0,12,0,0
391337,3,1,1988,0,0,0,0,0,0,0,16,34,18
391338,0,1,1988,0,0,0,0,0,0,0,0,0,0
391338,1,1,1988,0,0,0,0,0,0,0,0,0,0
391339,1,1,1988,20,20,20,20,20,20,20,20,20,20
391340,1,1,1988,26,26,26,26,26,26,26,26,26,26
391341,1,1,1988,4,0,0,0,12,0,0,0,0,0
391342,1,1,1988,0,0,0,0,0,0,0,0,0,0
391342,2,1,1988,0,14,0,0,0,0,0,0,0,0
391342,3,1,1988,0,0,0,0,0,0,0,0,0,0
391343,1,1,1988,0,0,0,0,0,0,0,0,0,0
391343,2,1,1988,33,0,0,0,0,0,0,18,0,13
391344,1,1,1988,15,0,18,28,21,5,6,0,0,0
391345,1,1,1988,0,0,0,0,0,0,0,0,0,0
391345,2,1,1988,0,0,0,0,0,0,0,0,0,0
391346,1,1,1988,0,0,0,0,0,0,0,0,0,0
391346,2,1,1988,0,0,0,0,0,0,0,0,0,0
391347,0,1,1988,0,0,0,14,0,0,0,0,0,14
391347,1,1,1988,0,0,0,0,0,0,0,0,0,0
391348,1,1,1988,0,0,0,0,0,0,0,0,0,0
391348,2,1,1988,0,0,0,0,0,36,0,0,0,0
391349,1,1,1988,0,0,0,0,0,0,0,0,0,0
391350,0,1,1988,0,30,0,11,18,0,0,0,0,0
391350,1,1,1988,0,0,32,18,0,0,8,0,0,21
391351,0,1,1988,0,0,0,0,0,0,0,0,0,0
391351,1,1,1988,0,0,0,0,0,0,0,0,0,0
391352,1,1,1988,30,30,30,30,30,30,30,30,30,30
391352,2,1,1988,0,0,0,0,0,0,0,0,0,0
391353,1,1,1988,0,0,0,0,0,0,0,0,0,0
391353,2,1,1988,14,0,0,0,0,0,12,0,0,0
391353,3,1,1988,0,0,0,0,0,0,0,0,0,0
391354,1,1,1988,0,0,0,0,0,0,0,0,0,0
391354,2,1,1988,0,0,0,0,0,0,0,0,0,0
391355,1,1,1988,0,0,0,0,0,0,0,0,0,0
391355,2,1,1988,0,0,0,0,0,0,0,0,0,0
391356,1,1,1988,0,0,0,0,0,0,0,0,0,0
391357,1,1,1988,11,11,11,11,11,11,11,11,11,11
391358,0,1,1988,2,2,2,2,2,2,2,2,2,2
391358,1,1,1988,0,0,0,0,12,0,0,0,0,0
391359,1,1,1988,11,9,21,19,3,33,27,12,25,18
391360,1,1,1988,26,22,0,0,0,0,28,0,0,20
391361,1,1,1988,6,6,6,6,6,6,6,6,6,6
391363,1,1,1988,25,25,25,25,25,25,25,25,25,25
391364,1,1,1988,0,0,0,0,0,0,0,0,0,0
391365,1,1,1988,0,0,0,0,0,0,0,0,0,0
391365,2,1,1988,0,0,0,0,0,0,0,0,0,0
391366,0,1,1988,25,0,0,0,0,0,0,0,0,0
391366,1,1,1988,20,9,0,19,10,0,20,13,0,31
391367,1,1,1988,9,9,9,9,9,9,9,9,9,9
391367,2,1,1988,0,13,0,0,0,27,0,0,0,18
391368,1,1,1988,0,0,0,0,0,0,0,0,0,0
391368,2,1,1988,0,0,0,0,0,0,0,0,0,0
391369,1,1,1988,20,20,20,20,20,20,20,20,20,20
391371,1,1,1988,0,0,0,0,0,0,0,0,0,0
391371,2,1,1988,0,0,0,0,0,0,0,0,0,0
391372,1,1,1988,13,13,13,13,13,13,13,13,13,13
391373,1,1,1988,13,13,13,13,13,13,13,13,13,13
391374,1,1,1988,23,0,0,12,0,5,27,0,15,23
391375,1,1,1988,23,23,23,23,23,23,23,23,23,23
391375,2,1,1988,10,10,10,10,10,10,10,10,10,10
391376,1,1,1988,0,0,0,0,0,0,0,0,0,0
391376,2,1,1988,0,0,18,0,0,0,0,0,0,0
391377,1,1,1988,0,0,0,0,0,17,0,0,0,0
391377,2,1,1988,0,0,0,0,0,0,0,0,0,9
391378,0,1,1988,0,0,0,0,0,0,0,0,0,0
391378,1,1,1988,0,0,0,0,0,0,0,0,0,0
391379,1,1,1988,0,0,0,0,0,0,21,0,0,0
391379,2,1,1988,0,0,0,0,0,0,0,0,0,0
391380,1,1,1988,18,9,0,21,0,0,0,0,41,0
391381,1,1,1988,0,0,0,0,0,0,11,0,0,0
391381,2,1,1988,0,0,0,0,0,0,0,0,0,0
391382,0,1,1988,0,0,53,41,11,20,6,37,31,15
391382,1,1,1988,0,0,0,0,0,0,7,0,0,0
391383,1,1,1988,11,11,11,11,11,11,11,11,11,11
391385,1,1,1988,0,0,0,0,0,0,0,0,0,0
391386,1,1,1988,0,0,0,0,0,10,22,26,0,0
391386,2,1,1988,14,28,21,14,33,12,16,3,32,18
391386,3,1,1988,0,0,0,0,0,0,0,0,0,0
391386,4,1,1988,15,12,17,13,11,9,0,22,10,20
391387,1,1,1988,0,20,0,0,0,0,20,0,0,0
391387,2,1,1988,0,0,0,0,0,11,0,0,0,0
391388,1,1,1988,1,1,1,1,1,1,1,1,1,1
391389,0,1,1988,25,25,25,25,25,25,25,25,25,25
391389,1,1,1988,0,0,9,0,0,0,0,0,0,0
391390,1,1,1988,0,0,0,0,0,5,0,0,0,0
391391,1,1,1988,10,10,10,10,10,10,10,10,10,10
391391,2,1,1988,13,0,0,0,24,15,0,0,0,0
391394,0,1,1988,31,31,31,31,31,31,31,31,31,31
391394,1,1,1988,0,0,0,20,0,0,6,0,26,0
391395,1,1,1988,0,0,0,0,0,10,0,0,0,0
391395,2,1,1988,0,0,0,0,0,0,0,0,0,0
391396,0,1,1988,20,0,6,33,36,20,0,0,3,17
391396,1,1,1988,0,0,0,0,0,0,0,0,0,0
391397,1,1,1988,0,0,0,14,11,14,0,21,0,0
391398,1,1,1988,0,0,0,0,0,0,0,0,0,0
391398,2,1,1988,11,11,11,11,11,11,11,11,11,11
391399,1,1,1988,0,0,0,0,0,0,0,0,0,4
391400,1,1,1988,26,26,26,26,26,26,26,26,26,26
391401,1,1,1988,0,22,12,0,0,0,0,0,0,0
391402,1,1,1988,18,18,18,18,18,18,18,18,18,18
391403,1,1,1988,0,0,0,0,0,0,0,0,0,0
391403,2,1,1988,0,0,0,0,0,0,0,0,0,0
391404,0,1,1988,20,20,20,20,20,20,20,20,20,20
391404,1,1,1988,0,0,0,0,0,0,0,0,0,0
391405,1,1,1988,0,0,0,0,0,0,0,12,0,0
391405,2,1,1988,0,0,0,0,0,0,0,0,0,19
391406,0,1,1988,0,0,0,0,0,0,0,0,0,0
391406,1,1,1988,16,0,0,0,14,0,0,0,9,0
391407,1,1,1988,14,0,17,0,23,0,0,0,25,0
391407,2,1,1988,0,0,0,0,0,0,0,0,8,0
391408,1,1,1988,0,0,0,0,0,0,0,0,0,0
391408,2,1,1988,0,0,0,0,0,0,0,0,0,0
391409,1,1,1988,0,0,0,11,0,0,27,0,10,0
391410,1,1,1988,23,23,23,23,23,23,23,23,23,23
391411,0,1,1988,11,40,13,12,0,59,31,25,42,11
391411,1,1,1988,0,0,11,0,22,0,0,0,14,0
391411,2,1,1988,0,17,6,0,0,0,10,0,0,6
391412,1,1,1988,11,11,11,11,11,11,11,11,11,11
391413,1,1,1988,0,0,0,0,0,0,0,0,0,0
391413,2,1,1988,0,0,0,9,0,0,0,0,0,4
391414,1,1,1988,14,15,2,15,21,10,0,15,4,5
391414,2,1,1988,0,0,0,20,14,33,11,0,17,5
391415,1,1,1988,18,18,18,18,18,18,18,18,18,18
391415,2,1,1988,0,0,0,0,0,0,0,0,7,0
391416,0,1,1988,0,0,0,0,0,0,0,0,0,0
391416,1,1,1988,0,0,0,0,0,0,0,0,0,0
391417,1,1,1988,14,14,14,14,14,14,14,14,14,14
391418,1,1,1988,0,0,0,0,0,0,0,0,0,0
391419,0,1,1988,0,0,0,6,0,0,0,0,39,0
391419,1,1,1988,0,0,0,0,0,0,0,0,18,0
391420,1,1,1988,14,23,16,18,22,9,34,22,10,16
391421,1,1,1988,0,19,0,0,0,0,0,0,0,0
391421,2,1,1988,0,0,0,0,0,0,0,0,0,0
391422,1,1,1988,19,19,19,19,19,19,19,19,19,19
391423,1,1,1988,0,0,0,0,0,0,0,0,0,0
391424,1,1,1988,12,12,12,12,12,12,12,12,12,12
391425,1,1,1988,0,0,0,0,0,0,0,0,0,0
391425,2,1,1988,17,0,0,0,0,0,0,0,0,0
391426,1,1,1988,0,0,0,0,0,0,0,0,0,0
391426,2,1,1988,1,1,1,1,1,1,1,1,1,1
391427,1,1,1988,0,0,0,0,0,0,0,0,0,0
391427,2,1,1988,0,0,0,7,0,0,0,0,0,0
391428,1,1,1988,0,0,9,0,0,0,14,0,0,3
391428,2,1,1988,0,0,0,0,0,0,0,0,0,27
391429,1,1,1988,0,0,0,0,0,0,0,0,0,0
391429,2,1,1988,0,0,0,0,16,0,0,0,0,0
391430,0,1,1988,4,0,0,32,0,10,0,0,0,0
391430,1,1,1988,0,0,0,0,18,0,0,0,16,0
391430,2,1,1988,0,0,0,21,25,0,0,0,17,0
391431,1,1,1988,19,19,19,19,19,19,19,19,19,19
391432,1,1,1988,18,0,0,0,10,0,0,0,0,0
391433,0,1,1988,0,0,0,0,0,0,0,0,0,0
391433,0,2,1988,0,0,0,0,0,51,0,0,0,0
391433,1,1,1988,0,0,0,0,0,0,0,0,0,0
391434,1,1,1988,45,6,25,5,28,16,22,11,29,11
391435,1,1,1988,14,17,24,23,10,18,27,20,7,20
391436,1,1,1988,0,0,10,0,0,0,0,0,0,0
391436,2,1,1988,18,18,18,18,18,18,18,18,18,18
391437,1,1,1988,25,0,0,0,0,0,16,26,0,13
391437,2,1,1988,0,0,0,0,0,0,0,0,0,0
391438,1,1,1988,5,21,0,0,0,0,7,0,0,0
391439,1,1,1988,23,23,23,23,23,23,23,23,23,23
391440,1,1,1988,24,24,24,24,24,24,24,24,24,24
391441,1,1,1988,17,17,17,17,17,17,17,17,17,17
391441,2,1,1988,15,28,10,11,0,22,40,20,21,8
391442,1,1,1988,0,0,0,0,0,0,0,0,0,0
391442,2,1,1988,12,44,11,1,19,14,6,30,26,10
391443,1,1,1988,0,0,0,0,0,0,0,0,0,0
391443,2,1,1988,0,0,0,22,0,0,0,0,0,0
391443,3,1,1988,0,0,9,27,0,0,0,0,0,23
391444,1,1,1988,23,23,23,23,23,23,23,23,23,23
391445,1,1,1988,0,0,4,0,21,0,11,0,0,0
391445,2,1,1988,0,0,0,0,0,0,0,0,0,0
391446,1,1,1988,0,0,0,0,0,0,0,0,0,0
391446,2,1,1988,20,20,20,20,20,20,20,20,20,20
391447,1,1,1988,0,0,0,0,0,0,0,0,0,0
391447,2,1,1988,0,0,0,0,0,0,0,0,0,0
391448,1,1,1988,0,0,0,0,6,0,0,0,0,15
391448,2,1,1988,0,0,0,0,0,0,0,0,0,0
391449,0,1,1988,0,0,0,17,10,0,0,0,0,0
391449,1,1,1988,0,10,0,11,0,0,19,0,22,0
391450,1,1,1988,19,19,19,19,19,19,19,19,19,19
391451,1,1,1988,0,0,0,0,0,0,0,0,0,25
391451,2,1,1988,0,0,0,0,0,0,0,0,21,0
391452,1,1,1988,0,7,5,13,0,4,23,0,16,14
391453,1,1,1988,0,0,0,0,0,0,9,0,0,0
391454,1,1,1988,0,0,0,0,0,0,0,0,0,0
391455,1,1,1988,0,0,0,0,0,0,0,0,0,0
391455,2,1,1988,0,0,0,0,0,0,0,0,0,0
391456,1,1,1988,10,6,13,17,12,16,15,0,9,7
391457,1,1,1988,0,4,0,4,0,0,0,0,0,0
391459,0,1,1988,14,14,14,14,14,14,14,14,14,14
391459,1,1,1988,9,0,0,7,14,0,16,0,0,0
391460,0,1,1988,35,35,35,35,35,35,35,35,35,35
391460,1,1,1988,9,8,0,0,17,0,20,0,0,0
391462,1,1,1988,13,13,13,13,13,13,13,13,13,13
391463,1,1,1988,17,17,17,17,17,17,17,17,17,17
391464,1,1,1988,31,31,31,31,31,31,31,31,31,31
391465,1,1,1988,0,0,0,0,4,0,0,0,0,0
391465,2,1,1988,0,0,0,0,16,6,20,31,0,0
391466,1,1,1988,11,0,0,0,0,0,0,0,0,14
391467,1,1,1988,0,0,0,0,0,0,0,0,0,0
391467,2,1,1988,0,0,0,0,12,0,0,0,29,0
391468,0,1,1988,24,24,24,24,24,24,24,24,24,24
391468,1,1,1988,0,0,0,9,0,0,0,0,0,0
391468,2,1,1988,13,0,0,0,3,0,0,15,0,5
391469,1,1,1988,0,0,0,11,0,0,0,20,0,0
391469,2,1,1988,0,0,0,0,0,0,0,0,0,0
391470,1,1,1988,8,26,14,4,29,14,11,23,26,19
391470,2,1,1988,16,12,17,0,24,9,12,9,12,15
391471,1,1,1988,0,0,19,0,0,0,0,0,0,0
391471,2,1,1988,20,20,20,20,20,20,20,20,20,20
391472,1,1,1988,7,17,15,19,27,35,14,17,14,28
391473,1,1,1988,0,0,0,0,0,0,0,0,0,0
391473,2,1,1988,0,0,0,0,0,0,0,0,0,0
391474,1,1,1988,33,33,33,33,33,33,33,33,33,33
391474,2,1,1988,0,0,0,25,30,0,34,20,0,0
391475,1,1,1988,0,0,0,0,0,0,0,0,0,0
391475,2,1,1988,0,8,0,0,0,0,0,0,12,0
391476,1,1,1988,12,12,12,12,12,12,12,12,12,12
391477,1,1,1988,0,0,0,0,0,0,0,0,0,0
391477,2,1,1988,0,0,0,0,0,0,0,0,0,17
391478,1,1,1988,0,0,0,0,0,0,12,18,0,0
391478,2,1,1988,0,0,0,0,0,0,0,0,0,0
391480,0,1,1988,0,0,0,0,0,0,10,0,0,0
391480,1,1,1988,0,0,0,0,0,0,0,0,0,0
391481,1,1,1988,0,0,0,0,0,0,0,0,0,0
391481,2,1,1988,0,0,0,0,0,0,0,0,0,0
391482,1,1,1988,0,0,0,0,2,0,0,0,0,0
391483,1,1,1988,12,12,12,12,12,12,12,12,12,12
391483,2,1,1988,0,0,0,0,0,0,0,0,0,0
391483,3,1,1988,0,0,12,0,0,0,0,0,0,0
391483,4,1,1988,0,0,0,0,0,0,0,8,0,0
391484,0,1,1988,0,0,15,0,0,0,0,0,0,0
391484,1,1,1988,13,0,0,0,0,0,0,0,0,0
391485,1,1,1988,33,33,33,33,33,33,33,33,33,33
391486,1,1,1988,0,0,0,0,0,0,0,0,10,0
391486,2,1,1988,0,0,0,0,0,0,0,0,0,0
391487,1,1,1988,10,0,14,17,0,17,16,14,6,14
391488,0,1,1988,14,0,18,0,41,22,19,5,10,0
391488,1,1,1988,0,0,19,0,0,0,0,0,0,0
391489,1,1,1988,0,0,0,0,0,0,0,0,0,0
391490,1,1,1988,49,49,49,49,49,49,49,49,49,49
391490,2,1,1988,0,0,0,0,0,0,0,0,0,0
391491,1,1,1988,9,9,9,9,9,9,9,9,9,9
391492,0,1,1988,0,0,24,0,0,0,0,0,0,0
391492,1,1,1988,10,8,0,5,0,0,0,0,17,0
391493,1,1,1988,22,22,22,22,22,22,22,22,22,22
391494,1,1,1988,0,0,0,0,0,0,0,0,0,0
391494,2,1,1988,0,0,0,0,0,0,0,0,0,0
391495,1,1,1988,0,0,0,0,0,0,0,0,23,14
391496,1,1,1988,44,44,44,44,44,44,44,44,44,44
391497,1,1,1988,0,0,0,0,0,52,0,0,0,0
391497,2,1,1988,0,0,0,0,0,0,0,0,0,0
391498,0,1,1988,20,20,20,20,20,20,20,20,20,20
391498,1,1,1988,20,0,21,7,0,0,4,9,6,7
391499,1,1,1988,0,0,0,0,0,0,7,0,0,0
391500,1,1,1988,12,24,34,10,11,10,25,0,0,28
391501,1,1,1988,24,24,24,24,24,24,24,24,24,24
391502,1,1,1988,0,0,0,0,0,0,0,0,0,0
391502,2,1,1988,0,0,0,0,0,0,0,3,0,27
391503,1,1,1988,0,0,0,0,12,10,0,0,0,0
391504,1,1,1988,8,8,8,8,8,8,8,8,8,8
391505,1,1,1988,12,12,12,12,12,12,12,12,12,12
391506,1,1,1988,0,0,0,0,0,0,0,0,0,11
391506,2,1,1988,0,0,0,0,0,0,0,0,0,0
391506,3,1,1988,0,0,0,0,0,0,0,0,0,0
391507,1,1,1988,0,0,0,0,0,0,0,0,0,0
391507,2,1,1988,0,0,0,0,0,0,0,0,0,0
391508,1,1,1988,0,0,0,0,0,0,0,0,0,0
391508,2,1,1988,0,0,0,0,0,0,0,0,0,0
391508,3,1,1988,0,0,0,0,0,0,0,0,0,0
391509,1,1,1988,0,0,0,0,0,0,0,0,0,0
391509,2,1,1988,0,0,0,0,0,0,0,0,0,0
391511,1,1,1988,8,16,12,13,8,13,15,16,32,20
391511,2,1,1988,0,19,16,0,2,16,0,0,17,13
391512,1,1,1988,0,0,11,0,0,35,0,0,0,0
391512,2,1,1988,0,0,0,0,0,0,0,0,0,0
391513,0,1,1988,20,26,22,14,12,28,16,26,13,22
391513,1,1,1988,27,0,29,3,8,0,21,6,24,6
391514,1,1,1988,12,12,12,12,12,12,12,12,12,12
391515,1,1,1988,5,10,0,9,0,0,33,0,12,0
391515,2,1,1988,0,0,0,0,0,0,0,0,0,0
391516,1,1,1988,0,0,17,37,0,0,0,25,6,0
391517,0,1,1988,31,0,0,0,0,0,19,0,0,0
391517,1,1,1988,0,0,0,0,0,0,0,0,0,0
391518,1,1,1988,0,0,0,0,0,0,0,0,0,0
391519,1,1,1988,7,7,7,7,7,7,7,7,7,7
391520,1,1,1988,16,30,11,0,14,22,0,0,15,28
391521,1,1,1988,0,0,0,0,0,0,0,0,0,0
391521,2,1,1988,0,15,0,26,0,0,0,0,10,0
391522,1,1,1988,8,26,2,19,9,20,16,18,12,10
391522,2,1,1988,0,22,19,13,21,19,9,6,3,18
391523,1,1,1988,0,0,0,0,0,0,0,0,0,0
391523,2,1,1988,0,0,0,18,0,3,0,0,0,0
391523,3,1,1988,0,0,0,0,0,0,0,0,0,0
391524,1,1,1988,17,17,17,17,17,17,17,17,17,17
391524,2,1,1988,2,2,2,2,2,2,2,2,2,2
391525,1,1,1988,4,0,18,7,16,17,19,25,26,18
391526,1,1,1988,17,6,31,20,22,17,14,0,15,10
391527,1,1,1988,0,0,0,0,12,0,0,0,14,0
391527,2,1,1988,0,0,0,0,0,0,5,0,0,0
391528,1,1,1988,2,2,2,2,2,2,2,2,2,2
391529,1,1,1988,20,21,0,23,0,0,0,19,0,0
391530,1,1,1988,0,0,0,0,0,0,5,0,0,0
391531,1,1,1988,23,0,23,13,31,11,10,38,13,20
391533,1,1,1988,30,30,30,30,30,30,30,30,30,30
391534,1,1,1988,0,0,0,0,0,0,0,0,0,0
391534,2,1,1988,0,0,0,0,0,8,18,0,8,0
391540,1,1,1988,17,30,23,28,0,25,21,17,19,0
391541,1,1,1988,0,0,0,0,0,0,0,0,0,0
391542,1,1,1988,0,0,0,0,14,0,0,0,0,0
391542,2,1,1988,19,19,19,19,19,19,19,19,19,19
391543,1,1,1988,14,0,17,28,10,28,16,38,0,19
391544,0,1,1988,0,0,0,0,0,0,0,0,0,0
391544,1,1,1988,0,0,0,0,0,4,1,0,0,0
391545,1,1,1988,6,6,6,6,6,6,6,6,6,6
391546,0,1,1988,21,37,12,0,5,14,10,0,0,26
391546,1,1,1988,0,0,0,0,0,0,0,0,0,0
391547,1,1,1988,15,0,0,0,5,11,0,0,0,0
391549,1,1,1988,0,16,0,32,0,0,0,0,28,0
391549,2,1,1988,22,22,22,22,22,22,22,22,22,22
391550,0,1,1988,0,0,0,11,0,0,0,0,0,0
391550,1,1,1988,0,0,0,0,0,0,0,0,0,0
391551,1,1,1988,0,0,18,0,0,0,0,0,0,0
391551,2,1,1988,0,0,0,0,0,0,0,0,0,8
391551,3,1,1988,0,0,0,0,0,0,0,0,0,0
391552,1,1,1988,41,41,41,41,41,41,41,41,41,41
391553,1,1,1988,0,20,26,0,21,40,0,9,0,0
391554,0,1,1988,21,23,0,0,19,0,24,19,0,10
391554,1,1,1988,0,15,0,0,0,0,0,0,0,0
391555,1,1,1988,0,0,0,0,0,0,0,0,0,0
391555,2,1,1988,0,0,0,0,0,0,0,0,2,0
391555,3,1,1988,60,60,60,60,60,60,60,60,60,60
391556,1,1,1988,0,0,0,0,0,0,0,0,0,0
391556,2,1,1988,0,0,16,18,0,0,0,0,0,0
391557,1,1,1988,0,0,0,0,0,0,7,5,0,0
391557,2,1,1988,21,0,0,6,0,0,0,18,0,20
391559,1,1,1988,0,0,19,0,5,0,0,10,0,0
391559,2,1,1988,0,0,0,0,0,0,0,0,0,0
391560,1,1,1988,20,13,34,32,19,28,22,13,8,20
391561,0,1,1988,27,0,18,35,24,31,25,24,6,24
391561,1,1,1988,0,0,0,0,24,0,0,15,0,0
391561,2,1,1988,0,0,0,0,0,0,0,0,0,0
391562,0,1,1988,0,0,0,0,0,0,0,0,0,0
391562,1,1,1988,0,0,0,0,0,0,0,0,0,0
391563,1,1,1988,0,0,0,0,0,0,0,0,0,0
391564,1,1,1988,0,0,0,0,0,36,0,0,0,0
391564,2,1,1988,0,0,0,0,0,0,0,0,0,0
391565,1,1,1988,16,16,16,16,16,16,16,16,16,16
391566,0,1,1988,0,0,0,24,0,0,0,16,0,21
391566,0,2,1988,39,6,12,17,0,9,0,18,33,35
391566,1,1,1988,0,14,0,0,0,0,0,0,0,0
391567,1,1,1988,14,0,0,0,0,0,5,0,12,0
391567,2,1,1988,0,0,0,0,0,0,0,0,0,0
391567,3,1,1988,0,0,0,0,0,0,0,0,0,0
391567,4,1,1988,0,0,0,0,0,0,0,0,0,0
391568,1,1,1988,23,23,23,23,23,23,23,23,23,23
391569,1,1,1988,0,0,0,0,0,0,0,5,0,0
391570,1,1,1988,16,10,26,21,32,19,13,9,30,8
391571,1,1,1988,9,21,13,11,22,22,6,3,7,7
391572,1,1,1988,8,0,0,0,0,0,0,0,0,0
391572,2,1,1988,11,0,0,0,0,0,0,11,0,0
391573,1,1,1988,0,0,0,10,21,0,0,16,20,0
391574,1,1,1988,28,28,28,28,28,28,28,28,28,28
391575,1,1,1988,18,18,18,18,18,18,18,18,18,18
391576,1,1,1988,0,0,0,0,0,0,0,0,0,0
391576,2,1,1988,0,0,0,0,0,0,0,0,0,0
391576,3,1,1988,0,0,0,0,0,0,0,0,0,0
391577,1,1,1988,0,0,0,0,0,0,0,0,0,0
391578,0,1,1988,0,0,0,0,0,0,0,0,0,0
391578,0,2,1988,17,19,12,0,0,10,0,0,0,6
391578,1,1,1988,0,13,0,0,0,0,0,0,0,0
391578,2,1,1988,0,0,0,0,0,0,0,0,6,0
391579,1,1,1988,16,16,16,16,16,16,16,16,16,16
391580,1,1,1988,0,0,0,0,0,0,0,0,0,0
391580,2,1,1988,0,0,0,0,0,0,0,0,0,0
391581,1,1,1988,19,19,19,19,19,19,19,19,19,19
391582,1,1,1988,16,16,16,16,16,16,16,16,16,16
391583,1,1,1988,3,3,3,3,3,3,3,3,3,3
391584,1,1,1988,0,0,35,0,12,23,0,0,16,0
391585,1,1,1988,0,0,0,0,0,0,0,0,0,0
391586,1,1,1988,3,3,3,3,3,3,3,3,3,3
391587,1,1,1988,0,0,0,0,0,0,0,0,0,0
391587,2,1,1988,0,0,0,0,0,0,0,0,0,0
391587,3,1,1988,0,0,0,0,0,0,17,0,0,0
391587,4,1,1988,0,0,0,0,0,0,0,0,0,0
391588,1,1,1988,17,17,17,17,17,17,17,17,17,17
391588,2,1,1988,0,0,0,0,0,0,0,0,0,0
391589,1,1,1988,0,0,20,0,0,0,0,26,17,0
391589,2,1,1988,0,0,0,0,0,0,0,0,0,4
391589,3,1,1988,0,0,0,0,0,0,0,0,0,0
391590,1,1,1988,9,19,0,0,0,10,18,15,0,11
391590,2,1,1988,14,5,11,18,14,14,26,24,13,0
391591,1,1,1988,0,0,0,0,0,0,0,0,0,0
391592,1,1,1988,0,0,0,0,0,0,0,0,0,0
391592,2,1,1988,0,0,0,0,20,20,0,0,0,12
391593,1,1,1988,0,0,0,0,0,0,0,0,0,0
391595,1,1,1988,0,0,0,0,0,0,0,0,0,0
391595,2,1,1988,0,0,0,0,0,0,0,0,16,0
391596,1,1,1988,0,0,0,0,0,0,0,0,0,0
391596,2,1,1988,0,0,0,0,0,0,0,0,0,0
391597,1,1,1988,5,5,5,5,5,5,5,5,5,5
391599,1,1,1988,14,4,14,14,21,17,21,13,21,24
391600,1,1,1988,0,0,20,0,0,9,0,0,0,0
391600,2,1,1988,0,0,0,0,0,0,0,0,0,0
391602,1,1,1988,0,3,0,0,0,0,0,0,0,0