ST_CASE,VEH_NO,PER_NO,YEAR,P1,P2,P3,P4,P5,P6,P7,P8,P9,P10
400190,2,1,1988,0,0,0,0,0,0,0,0,0,0
400191,1,1,1988,15,15,15,15,15,15,15,15,15,15
400192,1,1,1988,0,0,20,0,0,0,0,0,0,0
400192,2,1,1988,0,0,0,0,0,0,0,0,0,0
400193,1,1,1988,17,17,17,17,17,17,17,17,17,17
400194,1,1,1988,0,0,0,0,0,0,0,0,0,0
400194,2,1,1988,0,0,0,0,0,0,0,0,0,0
400195,0,1,1988,0,0,0,0,0,0,0,0,0,0
400195,1,1,1988,17,0,0,0,7,0,0,3,4,0
400196,1,1,1988,0,14,23,18,0,11,0,0,0,13
400197,1,1,1988,17,22,0,18,24,20,0,0,27,27
400198,1,1,1988,0,0,0,0,0,0,0,0,0,0
400200,1,1,1988,14,0,0,12,0,34,0,0,0,0
400200,2,1,1988,0,0,0,0,23,0,0,0,0,0
400201,1,1,1988,0,0,0,0,0,0,0,0,0,0
400201,2,1,1988,0,0,0,0,0,0,0,0,0,0
400202,1,1,1988,11,11,11,11,11,11,11,11,11,11
400203,1,1,1988,0,0,0,0,0,0,0,0,0,0
400203,2,1,1988,0,6,0,0,0,0,0,0,0,0
400204,1,1,1988,0,5,0,0,0,0,0,0,0,0
400205,1,1,1988,0,0,0,0,0,0,0,0,0,0
400206,1,1,1988,12,12,12,12,12,12,12,12,12,12
400207,1,1,1988,0,0,0,0,0,0,0,0,0,0
400207,2,1,1988,0,0,0,0,0,0,0,0,0,0
400207,3,1,1988,0,0,0,0,0,0,0,0,0,0
400208,1,1,1988,0,0,0,0,0,0,0,0,0,0
400208,2,1,1988,0,0,0,0,0,0,0,0,0,0
400209,1,1,1988,0,0,17,0,0,0,9,0,0,0
400209,2,1,1988,0,0,0,0,0,0,0,0,0,0
400210,1,1,1988,0,0,0,0,0,0,0,0,0,0
400211,1,1,1988,0,0,0,0,0,0,0,0,0,0
400211,2,1,1988,0,0,0,0,0,0,0,0,0,0
400212,1,1,1988,32,13,24,9,21,24,8,20,17,20
400213,1,1,1988,23,23,23,23,23,23,23,23,23,23
400213,2,1,1988,14,0,11,13,7,0,19,10,0,0
400214,1,1,1988,0,0,0,0,0,0,0,0,0,0
400214,2,1,1988,0,0,0,0,0,0,0,0,0,0
400215,1,1,1988,27,14,16,31,17,29,13,19,0,10
400216,0,1,1988,0,0,0,0,0,0,0,0,0,0
400216,1,1,1988,0,0,0,0,0,0,0,0,0,0
400217,1,1,1988,23,23,23,23,23,23,23,23,23,23
400218,1,1,1988,0,0,0,0,0,0,0,0,0,0
400218,2,1,1988,12,0,0,24,0,0,0,0,16,30
400219,1,1,1988,2,2,2,2,2,2,2,2,2,2
400220,1,1,1988,14,14,14,14,14,14,14,14,14,14
400220,2,1,1988,0,0,0,0,0,0,0,0,0,0
400221,1,1,1988,0,0,0,0,0,0,19,0,0,0
400222,1,1,1988,27,27,27,27,27,27,27,27,27,27
400223,1,1,1988,16,20,4,22,22,14,14,9,3,16
400224,0,1,1988,0,0,0,0,0,0,0,0,0,0
400224,1,1,1988,0,0,0,0,0,0,0,0,0,0
400225,1,1,1988,0,18,0,0,0,0,0,0,30,0
400226,1,1,1988,0,0,0,0,0,0,0,0,0,0
400227,1,1,1988,0,0,0,0,0,0,0,0,0,0
400227,2,1,1988,0,0,0,0,0,0,0,0,0,0
400228,1,1,1988,0,0,0,0,0,0,0,0,0,0
400228,2,1,1988,0,10,0,0,0,0,0,0,0,0
400229,1,1,1988,12,24,42,16,5,14,19,17,14,18
400230,0,1,1988,6,6,6,6,6,6,6,6,6,6
400230,1,1,1988,18,9,21,10,5,4,13,1,27,8
400231,1,1,1988,18,18,18,18,18,18,18,18,18,18
400231,2,1,1988,0,0,0,0,0,0,0,0,0,0
400232,1,1,1988,0,0,0,0,0,0,0,0,0,0
400232,2,1,1988,0,0,0,0,0,0,0,0,0,0
400232,3,1,1988,0,0,0,0,0,0,0,0,0,0
400232,4,1,1988,0,0,0,0,0,0,0,0,0,0
400233,1,1,1988,2,2,2,2,2,2,2,2,2,2
400233,2,1,1988,0,0,0,0,0,0,0,0,0,0
400235,1,1,1988,0,0,0,0,0,0,0,0,0,0
400235,2,1,1988,0,0,0,0,0,0,0,0,0,0
400236,1,1,1988,0,0,0,0,0,0,0,0,0,0
400237,0,1,1988,0,0,0,0,0,0,0,0,0,0
400237,1,1,1988,0,0,0,0,0,0,0,0,0,0
400238,1,1,1988,0,0,0,0,0,0,0,0,0,0
400238,2,1,1988,0,0,0,30,0,22,18,0,5,0
400239,1,1,1988,16,16,16,16,16,16,16,16,16,16
400241,1,1,1988,0,0,0,0,0,0,0,0,0,0
400242,1,1,1988,0,0,0,0,0,0,0,0,0,0
400242,2,1,1988,0,0,0,0,7,0,9,0,0,6
400243,1,1,1988,0,0,0,0,0,0,0,0,0,0
400244,1,1,1988,17,18,4,8,14,18,7,21,27,22
400245,1,1,1988,29,29,29,29,29,29,29,29,29,29
400246,1,1,1988,0,0,0,0,22,0,0,0,0,0
400247,1,1,1988,0,0,0,0,0,0,0,0,0,0
400248,1,1,1988,0,0,0,0,0,0,0,0,0,0
400249,1,1,1988,0,0,0,0,0,0,0,0,0,0
400250,1,1,1988,0,0,0,0,0,0,0,0,0,0
400251,0,1,1988,9,9,9,9,9,9,9,9,9,9
400251,1,1,1988,0,0,0,0,0,0,0,0,0,14
400252,1,1,1988,0,0,0,0,0,0,0,0,0,0
400253,1,1,1988,11,11,11,11,11,11,11,11,11,11
400253,2,1,1988,0,0,0,0,0,0,0,0,0,10
400253,3,1,1988,25,0,22,0,0,0,0,0,0,0
400254,1,1,1988,0,7,31,12,14,14,16,19,16,11
400255,1,1,1988,0,0,0,0,0,0,0,0,0,0
400255,2,1,1988,0,0,18,0,0,0,0,0,0,0
400255,3,1,1988,0,0,0,0,0,0,0,0,0,0
400256,1,1,1988,0,0,33,23,0,23,0,26,4,0
400257,1,1,1988,0,0,0,0,0,0,0,0,0,0
400258,1,1,1988,15,15,15,15,15,15,15,15,15,15
400258,2,1,1988,0,0,0,0,0,0,0,0,0,0
400259,1,1,1988,0,0,0,0,0,0,0,0,0,0
400259,2,1,1988,0,0,0,0,0,0,0,0,0,0
400260,1,1,1988,0,0,0,0,0,0,0,0,0,0
400260,2,1,1988,0,0,0,0,0,0,0,0,0,0
400261,1,1,1988,0,16,0,0,0,23,0,0,0,0
400261,2,1,1988,0,0,23,0,14,0,0,0,0,0
400262,1,1,1988,20,20,20,20,20,20,20,20,20,20
400263,1,1,1988,0,0,0,0,0,0,0,0,0,0
400264,1,1,1988,0,0,0,0,0,0,0,0,0,0
400264,2,1,1988,0,0,0,0,0,18,0,9,0,0
400265,1,1,1988,0,0,0,0,0,0,0,0,0,0
400265,2,1,1988,0,0,0,0,0,0,0,0,0,0
400265,3,1,1988,0,0,0,0,0,0,0,0,0,0
400266,1,1,1988,0,0,0,0,0,0,0,0,0,0
400266,2,1,1988,0,0,0,0,0,0,0,0,0,0
400267,1,1,1988,0,0,0,0,0,0,0,0,0,0
400267,2,1,1988,0,0,0,0,0,0,0,0,0,0
400268,0,1,1988,0,22,0,0,0,0,0,0,0,0
400268,1,1,1988,5,5,5,5,5,5,5,5,5,5
400269,0,1,1988,0,0,0,0,0,0,0,0,0,0
400269,1,1,1988,0,0,0,0,0,0,0,0,0,0
400270,1,1,1988,0,0,0,0,0,0,0,0,0,0
400270,2,1,1988,0,0,0,0,0,0,0,0,0,0
400271,0,1,1988,0,0,0,0,0,0,0,0,0,0
400271,1,1,1988,14,0,0,0,0,0,0,0,0,0
400272,1,1,1988,6,6,6,6,6,6,6,6,6,6
400273,1,1,1988,23,20,14,17,15,34,32,23,19,11
400274,1,1,1988,27,27,27,27,27,27,27,27,27,27
400275,0,1,1988,22,0,6,0,0,31,16,0,17,12
400275,1,1,1988,0,0,0,0,0,0,0,0,0,0
400276,1,1,1988,0,0,0,0,0,0,0,0,0,0
400276,2,1,1988,0,11,0,0,0,0,8,9,0,0
400277,1,1,1988,13,13,13,13,13,13,13,13,13,13
400278,1,1,1988,0,0,0,0,0,0,0,0,0,0
400278,2,1,1988,0,0,18,0,0,0,0,0,0,0
400279,1,1,1988,21,21,21,21,21,21,21,21,21,21
400279,2,1,1988,0,0,0,0,0,0,0,0,0,0
400280,1,1,1988,18,10,20,13,0,5,12,11,14,5
400281,1,1,1988,0,0,0,0,0,0,0,0,0,0
400281,2,1,1988,0,0,0,0,0,0,0,0,0,0
400282,1,1,1988,0,16,0,0,0,0,0,0,0,0
400282,2,1,1988,0,0,0,0,0,0,0,0,0,0
400283,1,1,1988,0,0,0,0,0,0,0,0,0,0
400283,2,1,1988,0,0,0,0,0,0,0,0,0,0
400284,1,1,1988,0,14,0,0,0,15,0,0,0,0
400285,1,1,1988,0,0,0,0,0,0,0,0,0,0
400285,2,1,1988,0,0,0,0,0,0,0,0,0,0
400286,1,1,1988,10,10,10,10,10,10,10,10,10,10
400286,2,1,1988,8,16,16,7,0,7,15,20,9,8
400287,1,1,1988,0,0,0,0,0,0,0,0,0,0
400287,2,1,1988,0,0,0,28,0,0,0,0,0,0
400288,0,1,1988,18,18,18,18,18,18,18,18,18,18
400288,1,1,1988,0,0,12,15,23,6,20,13,10,14
400290,1,1,1988,0,0,0,0,0,0,0,0,0,0
400291,1,1,1988,27,30,21,12,28,42,16,23,20,26
400292,1,1,1988,0,0,0,0,0,0,0,0,0,0
400293,1,1,1988,38,38,38,38,38,38,38,38,38,38
400293,2,1,1988,0,0,0,0,0,0,0,0,0,0
400294,1,1,1988,21,21,21,21,21,21,21,21,21,21
400295,1,1,1988,17,17,17,17,17,17,17,17,17,17
400296,1,1,1988,6,6,6,6,6,6,6,6,6,6
400296,2,1,1988,0,0,0,0,0,0,0,0,0,0
400297,1,1,1988,33,33,33,33,33,33,33,33,33,33
400298,1,1,1988,9,2,7,14,12,0,0,22,0,0
400299,1,1,1988,22,22,22,22,22,22,22,22,22,22
400300,1,1,1988,19,0,4,20,34,16,19,0,17,8
400300,2,1,1988,0,0,0,0,0,0,0,0,0,0
400302,1,1,1988,0,0,0,0,0,0,0,0,0,0
400303,1,1,1988,0,0,0,0,10,0,0,0,0,0
400303,2,1,1988,0,26,17,14,9,10,21,8,17,16
400304,1,1,1988,0,18,27,25,21,0,29,25,14,3
400305,1,1,1988,0,0,0,0,0,0,0,0,0,0
400305,2,1,1988,0,0,0,0,0,0,0,0,0,0
400306,1,1,1988,14,14,0,10,4,12,27,0,21,0
400307,1,1,1988,6,0,0,0,0,0,24,0,0,0
400307,2,1,1988,0,0,0,0,0,0,0,0,0,0
400307,3,1,1988,0,0,0,0,0,0,0,0,0,0
400308,1,1,1988,0,0,0,0,0,0,0,0,0,0
400309,1,1,1988,17,28,15,0,19,21,16,24,15,9
400309,2,1,1988,0,0,0,0,0,0,0,0,0,0
400309,3,1,1988,0,0,0,0,0,0,0,0,0,0
400310,1,1,1988,0,0,0,0,0,0,0,0,0,0
400310,2,1,1988,0,0,0,0,22,0,0,0,0,0
400311,1,1,1988,0,18,0,0,0,0,17,15,0,0
400312,1,1,1988,0,0,0,0,0,0,0,0,0,0
400313,1,1,1988,14,6,16,0,18,0,0,16,27,21
400314,1,1,1988,0,0,0,10,0,0,0,16,17,0
400315,1,1,1988,0,0,0,0,0,0,0,0,0,0
400315,2,1,1988,0,0,0,0,0,0,0,0,0,0
400316,1,1,1988,28,28,28,28,28,28,28,28,28,28
400316,2,1,1988,0,0,0,0,0,0,0,11,0,0
400317,1,1,1988,3,3,3,3,3,3,3,3,3,3
400318,1,1,1988,16,16,16,16,16,16,16,16,16,16
400318,2,1,1988,11,14,9,14,16,5,4,9,20,20
400319,1,1,1988,32,0,0,0,0,12,0,0,0,0
400320,1,1,1988,0,0,0,0,0,0,0,0,0,0
400321,0,1,1988,0,0,0,13,0,0,0,0,0,0
400321,1,1,1988,0,0,0,0,0,0,0,0,0,0
400322,0,1,1988,7,22,22,36,8,0,0,12,23,12
400322,1,1,1988,0,0,0,0,0,0,0,0,0,0
400323,1,1,1988,0,0,0,10,0,0,0,12,0,0
400324,1,1,1988,30,30,30,30,30,30,30,30,30,30
400325,1,1,1988,0,0,0,0,0,0,0,0,0,0
400326,1,1,1988,0,0,0,0,0,0,0,0,0,0
400327,1,1,1988,0,0,0,0,0,0,0,0,0,0
400328,1,1,1988,24,24,24,24,24,24,24,24,24,24
400329,1,1,1988,0,0,0,0,0,0,0,0,18,0
400329,2,1,1988,0,0,0,0,0,0,0,0,0,0
400330,1,1,1988,3,3,3,3,3,3,3,3,3,3
400331,1,1,1988,0,0,0,0,0,0,0,0,0,0
400331,2,1,1988,0,0,0,0,0,0,0,0,0,0
400332,1,1,1988,11,11,11,11,11,11,11,11,11,11
400333,1,1,1988,22,22,22,22,22,22,22,22,22,22
400334,1,1,1988,0,0,30,20,25,21,26,8,23,22
400335,1,1,1988,0,0,0,0,0,0,0,0,0,0
400336,1,1,1988,0,0,0,0,0,0,0,0,0,0
400336,2,1,1988,0,0,0,0,0,0,0,0,0,0
400337,1,1,1988,26,26,26,26,26,26,26,26,26,26
400337,2,1,1988,0,0,13,0,0,12,0,12,0,0
400338,1,1,1988,0,0,0,0,0,0,0,0,0,0
400338,2,1,1988,0,0,0,0,0,0,0,0,0,0
400339,1,1,1988,23,23,23,23,23,23,23,23,23,23
400340,1,1,1988,0,0,0,0,0,0,0,0,0,0
400341,1,1,1988,0,0,0,0,0,0,0,0,0,0
400342,1,1,1988,18,18,18,18,18,18,18,18,18,18
400343,0,1,1988,0,0,0,0,0,0,0,0,0,0
400343,1,1,1988,0,16,0,0,0,0,0,0,0,0
400344,1,1,1988,0,0,8,0,0,0,0,0,0,0
400345,1,1,1988,0,0,0,0,0,0,0,0,0,0
400346,1,1,1988,13,6,11,31,14,0,15,33,0,14
400347,1,1,1988,0,0,0,0,0,0,0,0,0,0
400348,1,1,1988,0,0,0,0,0,0,0,0,0,0
400348,2,1,1988,0,0,0,0,0,0,0,0,0,0
400349,1,1,1988,0,0,0,0,0,0,0,0,0,0
400349,2,1,1988,0,0,0,0,0,0,0,0,0,0
400350,1,1,1988,0,0,0,0,0,0,0,0,0,0
400350,2,1,1988,0,0,0,0,0,0,0,0,0,0
400351,1,1,1988,0,0,0,0,0,0,0,0,0,0
400351,2,1,1988,0,0,0,0,0,0,0,0,0,0
400352,1,1,1988,0,0,0,0,0,0,0,0,0,0
400352,2,1,1988,0,0,0,0,0,0,0,0,0,0
400353,1,1,1988,24,24,24,24,24,24,24,24,24,24
400354,1,1,1988,0,0,0,0,0,0,0,0,0,0
400354,2,1,1988,0,0,0,0,0,0,0,16,0,0
400355,1,1,1988,6,3,21,5,10,9,2,27,8,24
400355,2,1,1988,0,0,0,0,0,0,0,0,0,0
400356,1,1,1988,0,0,0,0,0,0,0,0,0,0
400357,1,1,1988,0,0,0,0,0,0,0,0,0,0
400357,2,1,1988,0,0,0,0,0,0,0,0,0,0
400357,3,1,1988,0,0,0,0,0,11,0,0,0,0
400358,1,1,1988,22,0,0,0,16,0,0,0,0,0
400358,2,1,1988,7,7,7,7,7,7,7,7,7,7
400359,1,1,1988,0,0,0,0,0,0,0,0,0,0
400360,1,1,1988,21,21,21,21,21,21,21,21,21,21
400361,1,1,1988,0,0,0,0,0,0,0,0,0,0
400361,2,1,1988,0,0,0,0,0,0,0,0,0,0
400361,3,1,1988,0,0,0,0,0,0,0,0,0,0
400362,1,1,1988,0,0,0,0,0,0,0,0,0,0
400362,2,1,1988,0,0,0,0,0,0,0,0,0,0
400363,1,1,1988,28,18,0,17,20,0,0,0,0,0
400364,1,1,1988,15,15,15,15,15,15,15,15,15,15
400365,1,1,1988,19,19,19,19,19,19,19,19,19,19
400366,1,1,1988,0,0,0,0,0,0,0,0,0,0
400366,2,1,1988,0,0,0,0,0,0,0,0,0,0
400367,1,1,1988,0,0,0,0,0,0,0,0,0,0
400367,2,1,1988,0,0,0,0,0,0,0,0,0,0
400367,3,1,1988,0,0,0,0,0,0,0,0,0,0
400368,1,1,1988,0,0,0,0,0,0,0,0,0,0
400369,1,1,1988,0,0,0,0,0,0,0,0,0,0
400369,2,1,1988,0,0,0,0,0,0,0,0,0,0
400370,1,1,1988,0,0,0,0,0,0,0,0,0,0
400371,1,1,1988,8,8,8,8,8,8,8,8,8,8
400372,1,1,1988,2,2,2,2,2,2,2,2,2,2
400372,2,1,1988,0,0,0,0,0,0,0,0,0,0
400373,1,1,1988,9,30,24,15,24,33,36,12,5,8
400374,1,1,1988,0,0,0,0,0,0,0,0,0,0
400375,1,1,1988,0,0,0,0,0,0,0,0,0,0
400375,2,1,1988,0,0,0,0,0,0,0,0,0,0
400376,1,1,1988,0,0,16,0,0,0,0,0,0,0
400376,2,1,1988,12,12,12,12,12,12,12,12,12,12
400377,1,1,1988,0,0,0,0,0,0,0,0,0,0
400378,1,1,1988,0,0,22,0,15,11,0,0,0,0
400379,1,1,1988,0,0,0,0,0,0,0,0,0,0
400379,2,1,1988,0,0,0,0,13,0,0,0,0,0
400380,1,1,1988,18,0,0,10,23,9,0,0,0,8
400381,1,1,1988,15,15,15,15,15,15,15,15,15,15
400382,1,1,1988,0,0,0,0,0,0,0,0,0,0
400383,1,1,1988,29,10,14,13,15,24,30,0,12,8
400383,2,1,1988,0,0,0,0,0,0,0,0,0,0
400384,1,1,1988,0,11,0,0,0,0,0,0,0,0
400384,2,1,1988,0,0,0,0,0,0,0,0,0,0
400385,1,1,1988,10,21,5,11,0,6,0,15,22,28
400385,2,1,1988,0,0,0,0,0,0,0,0,0,0
400386,1,1,1988,41,10,0,0,19,37,11,0,0,0
400386,2,1,1988,26,0,0,0,0,0,10,0,0,0
400387,1,1,1988,0,0,0,0,0,0,0,0,0,0
400388,1,1,1988,0,0,0,0,0,0,0,0,0,0
400389,1,1,1988,0,0,0,0,0,0,0,0,0,0
400390,0,1,1988,6,6,6,6,6,6,6,6,6,6
400390,0,2,1988,26,0,0,23,45,0,16,7,29,33
400390,1,1,1988,26,8,21,0,34,16,0,15,16,0
400391,0,1,1988,0,0,0,0,0,0,0,0,0,0
400391,1,1,1988,0,0,0,0,0,0,0,0,0,0
400392,1,1,1988,14,14,14,14,14,14,14,14,14,14
400393,1,1,1988,22,22,22,22,22,22,22,22,22,22
400395,1,1,1988,11,11,11,11,11,11,11,11,11,11
400396,1,1,1988,5,4,12,18,6,14,14,10,0,14
400397,1,1,1988,27,27,27,27,27,27,27,27,27,27
400398,1,1,1988,0,0,0,0,0,0,0,0,0,0
400398,2,1,1988,0,0,0,0,0,0,0,0,0,0
400399,1,1,1988,22,22,22,22,22,22,22,22,22,22
400399,2,1,1988,0,0,0,0,0,0,0,0,0,0
400400,1,1,1988,0,0,0,0,0,0,0,0,0,0
400400,2,1,1988,0,0,0,0,0,0,0,0,0,0
400402,0,1,1988,0,0,0,0,0,0,0,0,0,0
400402,1,2,1988,16,0,0,0,0,0,0,21,0,24
400403,1,1,1988,0,0,0,0,0,0,0,0,0,0
400403,2,1,1988,0,0,0,0,0,0,0,0,0,0
400404,1,1,1988,20,20,20,20,20,20,20,20,20,20
400405,1,1,1988,0,0,0,0,0,0,0,0,0,0
400405,2,1,1988,0,0,0,0,0,0,0,0,0,0
400406,0,1,1988,41,41,41,41,41,41,41,41,41,41
400407,1,1,1988,0,0,0,0,0,0,0,0,0,0
400407,2,1,1988,0,0,0,0,0,0,0,0,0,0
400408,1,1,1988,0,0,0,0,0,0,0,0,0,0
400409,1,1,1988,4,4,4,4,4,4,4,4,4,4
400409,2,2,1988,0,0,0,0,0,0,0,0,0,0
400410,1,1,1988,8,8,8,8,8,8,8,8,8,8
400410,2,1,1988,0,0,0,0,0,18,0,0,0,0
400410,3,1,1988,0,0,0,0,0,0,0,0,0,0
400410,4,1,1988,0,0,0,0,0,0,0,0,0,0
400411,1,1,1988,0,0,0,0,0,0,0,0,0,0
400411,2,1,1988,0,0,0,0,10,0,0,0,0,5
400412,1,1,1988,15,15,15,15,15,15,15,15,15,15
400413,0,1,1988,0,0,0,0,0,0,0,0,0,0
400413,1,1,1988,0,0,0,0,0,0,0,0,0,0
400414,1,1,1988,0,0,0,0,0,0,0,0,0,0
400414,2,1,1988,0,0,0,0,0,0,0,0,0,0
400414,3,1,1988,0,0,0,0,0,0,0,0,0,0
400415,1,1,1988,0,0,0,0,0,0,0,0,0,0
400415,2,1,1988,0,0,0,0,0,0,0,0,0,0
400416,1,1,1988,3,3,3,3,3,3,3,3,3,3
400416,2,1,1988,0,0,0,0,0,0,0,0,0,0
400417,1,1,1988,13,13,13,13,13,13,13,13,13,13
400418,1,1,1988,13,13,13,13,13,13,13,13,13,13
400419,1,1,1988,0,0,0,0,0,0,0,0,0,0
400419,2,1,1988,0,0,0,0,0,13,0,0,0,0
400419,3,1,1988,0,0,0,0,0,0,0,16,0,0
400420,1,1,1988,3,3,3,3,3,3,3,3,3,3
400421,1,1,1988,0,0,0,0,0,0,0,0,0,0
400421,2,1,1988,0,0,0,0,0,0,0,0,0,0
400422,1,1,1988,0,0,0,0,0,0,0,0,0,0
400422,2,1,1988,0,0,0,0,0,0,0,0,0,0
400424,1,1,1988,0,0,10,0,0,17,25,0,29,0
400424,2,1,1988,0,0,0,0,0,0,0,0,0,0
400425,1,1,1988,0,0,0,0,0,0,0,0,0,0
400425,2,1,1988,0,0,0,0,0,0,0,0,0,0
400425,3,1,1988,0,0,0,0,0,0,0,0,0,0
400426,1,1,1988,0,0,10,29,0,0,14,20,0,0
400428,1,1,1988,16,16,16,16,16,16,16,16,16,16
400429,1,1,1988,13,13,13,13,13,13,13,13,13,13
400430,1,1,1988,24,24,24,24,24,24,24,24,24,24
400431,0,1,1988,17,17,17,17,17,17,17,17,17,17
400431,1,1,1988,12,12,12,12,12,12,12,12,12,12
400432,1,1,1988,0,0,0,0,0,0,0,0,0,0
400433,1,1,1988,0,0,0,0,0,0,0,0,0,0
400434,1,1,1988,0,0,0,0,0,0,0,0,0,0
400434,2,1,1988,0,11,0,0,0,0,0,0,0,0
400435,1,1,1988,24,18,7,0,6,14,27,31,13,11
400436,0,1,1988,0,0,0,0,0,0,0,0,0,0
400436,1,1,1988,0,0,0,0,0,0,0,0,0,10
400437,1,1,1988,12,12,12,12,12,12,12,12,12,12
400437,2,1,1988,7,25,0,0,0,0,0,0,27,0
400438,0,1,1988,0,0,0,0,0,0,0,0,0,0
400438,1,1,1988,0,0,0,0,0,0,0,0,0,0
400439,1,1,1988,15,15,15,15,15,15,15,15,15,15
400440,1,1,1988,19,19,19,19,19,19,19,19,19,19
400440,2,1,1988,0,0,0,5,0,0,20,0,0,0
400441,1,1,1988,20,20,20,20,20,20,20,20,20,20
400442,1,1,1988,22,22,22,22,22,22,22,22,22,22
400442,2,1,1988,0,0,0,0,0,0,0,0,0,0
400443,0,1,1988,26,26,26,26,26,26,26,26,26,26
400443,1,1,1988,19,19,19,19,19,19,19,19,19,19
400444,1,1,1988,0,0,0,0,0,0,0,0,0,0
400444,2,1,1988,0,0,0,0,0,0,0,0,0,0
400445,1,1,1988,18,13,0,0,0,0,0,0,0,0
400445,2,1,1988,0,0,0,0,0,0,0,0,0,0
400446,1,1,1988,0,0,9,0,0,0,0,0,0,0
400446,2,1,1988,0,12,16,0,0,0,0,27,0,15
400447,1,1,1988,0,0,0,0,0,0,0,0,0,0
400447,2,1,1988,0,0,0,0,0,0,0,0,0,0
400448,1,1,1988,0,0,0,0,0,0,0,15,0,0
400448,2,1,1988,0,0,0,0,0,0,0,0,0,0
400449,0,1,1988,31,0,8,33,7,7,9,23,7,19
400449,1,1,1988,0,0,0,0,0,0,0,0,0,0
400450,1,1,1988,0,0,0,0,0,0,0,0,0,0
400451,1,1,1988,7,7,7,7,7,7,7,7,7,7
400451,2,1,1988,5,10,4,23,15,0,6,16,16,28
400452,0,1,1988,0,0,0,0,0,0,0,0,0,0
400452,1,1,1988,0,0,0,0,0,0,0,0,0,0
400453,0,1,1988,0,0,0,0,0,0,0,0,0,0
400453,1,1,1988,14,0,4,32,0,0,0,0,14,10
400455,1,1,1988,0,0,0,0,0,0,0,0,0,0
400456,1,1,1988,18,0,13,9,18,16,10,0,0,19
400457,1,1,1988,0,0,0,0,0,0,0,0,0,0
400458,1,1,1988,12,12,12,12,12,12,12,12,12,12
400458,2,1,1988,0,0,0,0,0,0,0,0,0,0
400459,1,1,1988,0,0,0,0,0,0,0,0,0,0
400460,0,1,1988,7,7,7,7,7,7,7,7,7,7
400460,1,1,1988,6,6,6,6,6,6,6,6,6,6
400461,1,1,1988,0,0,0,0,0,0,0,0,0,0
400462,1,1,1988,31,31,31,31,31,31,31,31,31,31
400462,2,1,1988,0,0,0,0,0,0,0,0,0,0
400462,3,1,1988,0,0,0,0,0,0,0,0,0,0
400462,4,1,1988,0,0,0,0,0,0,24,0,0,0
400463,1,1,1988,0,0,0,0,0,0,0,0,0,0
400463,2,1,1988,0,0,0,0,0,0,0,0,0,0
400464,1,1,1988,28,24,18,13,15,0,15,23,26,17
400465,1,1,1988,0,0,0,0,0,0,0,0,0,0
400465,2,1,1988,0,0,0,0,0,0,0,0,0,0
400465,3,1,1988,0,0,0,0,0,0,0,0,0,0
400466,1,1,1988,9,9,9,9,9,9,9,9,9,9
400467,1,1,1988,0,0,0,0,0,0,0,0,0,0
400467,2,1,1988,0,0,0,0,0,0,0,0,0,0
400468,1,1,1988,35,35,35,35,35,35,35,35,35,35
400468,2,1,1988,0,0,0,0,0,0,0,0,0,0
400469,1,1,1988,0,0,0,0,0,0,0,0,0,0
400470,1,1,1988,0,0,0,0,0,0,0,0,0,0
400471,1,1,1988,0,0,0,0,0,0,0,0,0,0
400472,1,1,1988,13,13,13,13,13,13,13,13,13,13
400472,2,1,1988,0,0,0,0,0,0,0,0,0,0
400473,1,1,1988,0,0,0,0,0,0,0,0,0,0
400474,1,1,1988,0,0,0,0,0,0,0,0,0,0
400474,2,1,1988,0,0,0,0,0,0,0,0,0,0
400475,1,1,1988,0,3,9,0,0,0,0,18,0,17
400476,0,1,1988,0,0,0,0,0,0,0,0,0,0
400476,0,2,1988,0,0,0,0,0,0,0,0,0,0
400476,1,1,1988,0,0,0,0,0,0,0,11,0,0
400477,1,1,1988,12,12,12,12,12,12,12,12,12,12
400478,0,1,1988,0,0,0,0,0,0,0,0,0,0
400478,1,1,1988,10,10,10,10,10,10,10,10,10,10
400479,1,1,1988,21,21,21,21,21,21,21,21,21,21
400479,2,1,1988,0,0,0,0,0,0,0,0,0,0
400480,1,1,1988,8,11,18,32,31,10,18,0,4,13
400481,1,1,1988,0,0,0,0,0,0,0,0,0,0
400481,2,1,1988,20,0,0,0,0,0,0,0,0,0
400482,1,1,1988,0,0,0,0,0,0,0,0,0,0
400483,1,1,1988,6,6,6,6,6,6,6,6,6,6
400484,1,1,1988,7,7,7,7,7,7,7,7,7,7
400485,0,1,1988,0,0,0,0,0,0,0,0,0,0
400485,1,1,1988,0,0,0,0,0,31,0,0,0,0
400486,1,1,1988,1,1,1,1,1,1,1,1,1,1
400487,1,1,1988,14,14,14,14,14,14,14,14,14,14
400488,1,1,1988,0,9,0,4,0,0,0,0,0,0
400488,2,1,1988,0,0,0,0,0,0,0,0,0,0
400489,1,1,1988,9,9,9,9,9,9,9,9,9,9
400489,2,1,1988,0,0,0,21,0,0,0,0,0,0
400490,1,1,1988,0,0,0,0,0,0,0,0,0,0
400491,1,1,1988,0,0,0,0,0,0,0,0,0,0
400491,2,1,1988,0,0,0,0,0,0,0,0,0,0
400492,1,1,1988,0,0,0,0,0,0,0,0,0,0
400493,1,1,1988,19,0,0,0,0,0,0,0,0,0
400494,1,1,1988,0,0,0,0,0,0,0,0,0,0
400494,2,1,1988,0,0,0,0,0,0,0,0,0,0
400496,1,1,1988,0,0,0,0,0,0,0,0,0,0
400496,2,1,1988,0,0,12,9,0,0,0,0,0,0
400497,1,1,1988,16,16,16,16,16,16,16,16,16,16