ST_CASE,VEH_NO,PER_NO,YEAR,P1,P2,P3,P4,P5,P6,P7,P8,P9,P10
400498,1,1,1988,0,0,0,0,0,0,0,18,0,0
400500,0,1,1988,31,31,31,31,31,31,31,31,31,31
400500,1,1,1988,0,0,0,29,0,0,0,13,0,0
400501,1,1,1988,0,0,0,0,0,0,5,0,0,0
400501,2,1,1988,0,0,0,0,0,0,0,0,3,0
400502,0,1,1988,0,0,0,0,0,0,0,0,0,0
400502,1,1,1988,0,0,0,0,0,0,0,0,0,0
400503,1,1,1988,22,12,11,0,19,13,14,17,14,15
400504,1,1,1988,8,8,8,8,8,8,8,8,8,8
400505,0,1,1988,0,0,0,0,0,0,0,0,0,0
400505,1,1,1988,8,0,0,0,0,0,0,2,4,0
400506,1,1,1988,0,12,0,0,0,0,0,24,0,0
400507,0,1,1988,5,0,0,0,0,0,0,0,0,0
400507,0,2,1988,22,0,0,0,0,0,43,0,0,0
400507,0,3,1988,10,0,22,0,0,0,9,0,24,0
400507,1,1,1988,10,10,10,10,10,10,10,10,10,10
400508,1,1,1988,23,23,23,23,23,23,23,23,23,23
400509,1,1,1988,16,16,16,16,16,16,16,16,16,16
400509,2,1,1988,10,16,13,20,16,7,20,0,7,0
400510,1,1,1988,15,19,18,0,23,19,21,0,17,14
400510,2,1,1988,0,0,0,0,0,0,0,0,0,0
400511,0,1,1988,0,0,0,0,0,0,0,0,0,0
400511,1,1,1988,0,0,0,0,0,0,0,0,0,0
400513,1,1,1988,0,0,0,0,0,0,0,0,0,0
400514,1,1,1988,0,0,0,0,7,0,0,0,0,14
400514,2,1,1988,0,0,0,0,0,0,0,0,0,0
400515,1,1,1988,0,0,0,0,0,0,0,0,0,0
400516,1,1,1988,4,18,9,16,25,21,19,24,9,15
400517,1,1,1988,0,0,0,0,0,0,0,0,0,0
400518,1,1,1988,0,0,0,0,0,0,0,0,0,0
400519,0,1,1988,0,0,0,0,0,0,0,0,0,0
400519,1,1,1988,0,0,0,0,0,0,0,0,0,0
400520,1,1,1988,0,0,0,0,0,0,0,0,0,0
400521,1,1,1988,0,0,0,0,0,0,0,0,0,0
400521,2,1,1988,0,0,0,0,0,0,0,0,0,0
400522,1,1,1988,0,14,15,0,0,0,0,0,0,0
400523,1,1,1988,11,11,11,11,11,11,11,11,11,11
400523,2,1,1988,0,0,0,0,0,0,0,0,0,0
400524,1,1,1988,22,22,22,22,22,22,22,22,22,22
400524,2,1,1988,0,0,0,0,0,0,0,0,0,0
400525,1,1,1988,0,21,12,13,23,19,18,21,23,17
400526,1,1,1988,24,24,24,24,24,24,24,24,24,24
400527,0,1,1988,0,0,0,0,0,0,0,0,0,0
400527,1,1,1988,0,0,0,0,0,16,0,0,0,0
400528,1,1,1988,7,22,23,12,0,13,10,0,0,19
400529,1,1,1988,0,0,0,0,0,0,0,0,0,0
400529,2,1,1988,0,0,0,0,0,0,0,0,0,0
400530,1,1,1988,0,20,0,0,16,0,0,0,0,0
400531,1,1,1988,0,0,10,0,0,0,0,0,0,0
400531,2,1,1988,0,0,0,0,0,0,0,0,0,0
400532,1,1,1988,0,13,17,24,16,5,14,0,16,17
400532,2,1,1988,13,0,0,0,0,0,0,19,0,0
400532,3,1,1988,0,0,0,0,0,0,0,0,0,0
400533,1,1,1988,18,18,18,18,18,18,18,18,18,18
400534,1,1,1988,10,10,10,10,10,10,10,10,10,10
400536,1,1,1988,8,0,0,7,0,0,0,0,0,17
400537,1,1,1988,14,14,14,14,14,14,14,14,14,14
400538,0,1,1988,0,0,0,0,0,0,0,0,0,0
400538,1,1,1988,17,17,17,17,17,17,17,17,17,17
400539,1,1,1988,0,0,0,0,0,0,0,0,0,0
400539,2,1,1988,0,0,0,0,0,0,0,0,0,0
400540,0,1,1988,0,0,0,0,0,0,0,0,0,0
400540,1,1,1988,0,27,0,0,0,0,0,0,22,0
400541,1,1,1988,18,18,18,18,18,18,18,18,18,18
400542,1,1,1988,23,23,23,23,23,23,23,23,23,23
400542,2,1,1988,0,0,12,0,0,0,0,0,0,0
400543,1,1,1988,23,23,23,23,23,23,23,23,23,23
400544,1,1,1988,14,14,14,14,14,14,14,14,14,14
400545,1,1,1988,0,0,0,0,0,0,0,0,0,0
400545,2,1,1988,7,0,0,0,0,0,0,0,0,0
400545,3,1,1988,0,0,0,0,0,0,0,0,0,0
400545,4,1,1988,0,0,0,0,0,7,0,0,0,0
400546,1,1,1988,20,20,20,20,20,20,20,20,20,20
400547,1,1,1988,0,0,8,0,0,0,0,0,6,0
400547,2,1,1988,0,0,0,0,0,0,0,0,6,0
400548,1,1,1988,7,7,7,7,7,7,7,7,7,7
400550,1,1,1988,4,4,4,4,4,4,4,4,4,4
400551,1,1,1988,23,0,10,25,0,0,19,22,7,13
400552,1,1,1988,19,25,26,30,18,0,27,0,47,0
400553,1,1,1988,14,14,14,14,14,14,14,14,14,14
400554,0,1,1988,26,26,26,26,26,26,26,26,26,26
400554,1,1,1988,0,0,0,0,15,0,8,0,0,0
400555,1,1,1988,16,16,16,16,16,16,16,16,16,16
400555,2,1,1988,0,0,0,0,0,0,0,0,0,0
400555,3,1,1988,0,0,0,0,0,0,0,0,0,0
400556,0,1,1988,0,0,0,0,0,0,0,0,0,0
400556,1,1,1988,0,0,0,0,0,0,0,0,0,0
400557,1,1,1988,28,0,17,0,0,17,0,0,8,13
400557,2,1,1988,0,0,0,0,0,0,0,0,0,0
400558,1,1,1988,0,0,0,0,0,0,0,0,0,0
400558,2,1,1988,0,0,0,0,0,0,0,0,0,0
400559,1,1,1988,42,19,5,18,10,36,18,26,24,11
400559,2,1,1988,7,20,12,27,23,9,13,16,11,12
400560,1,1,1988,26,26,26,26,26,26,26,26,26,26
400561,1,1,1988,0,0,0,0,0,0,0,0,0,0
400562,1,1,1988,13,13,13,13,13,13,13,13,13,13
400563,1,1,1988,9,9,9,9,9,9,9,9,9,9
400563,2,1,1988,0,0,0,0,0,0,0,0,0,0
400564,1,1,1988,0,0,0,0,0,0,0,0,0,0
400564,2,1,1988,0,0,0,0,0,0,0,0,0,0
400565,1,1,1988,30,24,28,11,14,4,14,23,15,14
400566,0,1,1988,0,31,26,25,0,15,46,6,23,0
400566,1,1,1988,0,0,0,0,0,0,0,0,0,0
400567,1,1,1988,27,27,27,27,27,27,27,27,27,27
400568,1,1,1988,0,0,0,0,0,0,0,0,0,0
400568,2,1,1988,0,0,0,0,0,0,0,0,0,0
400569,1,1,1988,0,0,0,0,0,0,0,0,0,0
400569,2,1,1988,23,14,0,10,0,0,0,0,0,14
400571,1,1,1988,0,0,0,0,0,0,0,0,0,0
400574,1,1,1988,10,0,24,0,13,5,10,12,0,8
400574,2,1,1988,0,0,0,0,17,0,0,0,0,0
400575,1,1,1988,0,0,0,0,0,0,0,0,0,0
400576,0,1,1988,0,0,14,0,0,0,21,0,12,0
400576,0,2,1988,0,0,0,11,25,0,38,0,0,0
400576,1,1,1988,0,0,0,0,0,0,0,0,0,0
400577,1,1,1988,0,0,0,0,0,0,0,0,0,0
400577,2,1,1988,0,0,0,0,0,0,0,15,0,0
400578,1,1,1988,0,0,0,0,0,0,0,0,0,0
400578,2,1,1988,0,0,0,0,0,0,0,0,0,0
400579,1,1,1988,14,14,14,14,14,14,14,14,14,14
400579,2,1,1988,5,0,0,0,0,0,0,0,0,0
400579,3,1,1988,0,0,0,0,0,0,0,0,0,0
400580,1,1,1988,0,0,0,0,0,0,0,0,0,0
400580,2,1,1988,8,8,8,8,8,8,8,8,8,8
400581,1,1,1988,0,0,0,0,0,0,0,0,0,0
400582,1,1,1988,0,0,0,0,0,0,0,0,0,0
400582,2,1,1988,0,0,0,0,0,0,0,0,0,0
400583,1,1,1988,0,0,0,0,0,0,0,0,0,0
400583,2,1,1988,0,17,0,0,0,0,0,0,0,0
400584,1,1,1988,0,0,0,0,0,0,0,0,0,0
400585,1,1,1988,24,24,24,24,24,24,24,24,24,24
400586,1,1,1988,0,25,26,0,0,13,9,21,12,14
400587,1,1,1988,0,0,0,0,12,0,0,0,0,0
400587,2,1,1988,0,0,0,0,0,0,0,0,0,0
400588,1,1,1988,0,0,0,0,0,0,0,0,0,0
400588,2,1,1988,18,0,0,8,0,22,0,0,0,0
400589,0,1,1988,0,0,0,0,0,0,0,0,0,0
400589,1,1,1988,0,0,0,0,0,0,0,0,0,0
400590,1,1,1988,0,0,0,0,0,0,0,0,0,0
400590,2,1,1988,0,0,0,0,0,0,0,0,0,0
400591,1,1,1988,5,5,5,5,5,5,5,5,5,5
400592,1,1,1988,0,0,0,0,0,0,0,0,0,0
400593,0,1,1988,31,31,31,31,31,31,31,31,31,31
400593,1,1,1988,0,0,0,0,0,0,0,0,0,0
400595,1,1,1988,17,17,17,17,17,17,17,17,17,17
400595,2,1,1988,0,0,0,0,0,0,0,0,0,0
410001,1,1,1988,0,0,0,0,0,0,0,0,0,0
410002,1,1,1988,0,0,0,0,0,0,0,0,0,0
410002,2,1,1988,0,0,0,0,0,0,0,0,0,0
410003,1,1,1988,12,12,12,12,12,12,12,12,12,12
410004,1,1,1988,20,20,20,20,20,20,20,20,20,20
410004,2,1,1988,0,21,0,0,0,0,0,0,9,0
410004,3,1,1988,0,0,0,0,0,0,0,0,0,0
410004,4,1,1988,0,0,0,14,0,0,0,0,0,0
410004,5,1,1988,0,0,0,0,0,0,0,0,0,0
410005,1,1,1988,0,0,0,0,0,0,0,0,0,0
410006,1,1,1988,0,0,0,0,0,0,0,0,0,0
410006,2,1,1988,0,0,0,0,0,0,0,0,0,0
410007,1,1,1988,0,0,0,0,0,0,0,0,0,0
410008,1,1,1988,0,0,0,0,0,0,0,0,0,0
410009,1,1,1988,28,28,28,28,28,28,28,28,28,28
410010,1,1,1988,0,0,0,0,0,0,0,0,19,0
410010,2,1,1988,0,0,0,0,0,0,0,0,0,0
410011,1,1,1988,0,0,0,0,0,0,0,0,0,0
410012,1,1,1988,21,21,21,21,21,21,21,21,21,21
410013,0,1,1988,13,13,13,13,13,13,13,13,13,13
410013,1,1,1988,0,0,0,0,0,0,0,0,0,0
410014,1,1,1988,0,0,0,0,0,0,0,0,0,0
410014,2,1,1988,0,0,0,0,0,0,0,0,0,0
410016,1,1,1988,0,0,0,0,0,0,0,0,0,0
410016,2,1,1988,0,0,0,0,0,0,0,0,0,0
410017,1,1,1988,0,0,0,0,0,0,0,10,0,0
410017,2,1,1988,0,0,0,0,0,0,0,0,0,0
410018,1,1,1988,7,7,7,7,7,7,7,7,7,7
410020,1,1,1988,31,31,31,31,31,31,31,31,31,31
410020,2,1,1988,0,0,0,0,0,0,0,0,0,0
410021,1,1,1988,0,0,0,0,0,0,0,0,0,0
410021,2,1,1988,0,0,0,0,5,0,0,0,0,0
410021,3,1,1988,0,0,0,0,0,0,0,0,0,0
410022,1,1,1988,0,0,0,0,0,0,0,0,0,0
410022,2,1,1988,30,30,30,30,30,30,30,30,30,30
410023,1,1,1988,0,0,0,0,0,22,0,0,0,0
410023,2,1,1988,0,0,0,0,0,0,0,0,0,0
410025,1,1,1988,0,0,0,0,0,0,0,0,0,22
410025,2,1,1988,0,10,0,0,0,0,0,0,0,0
410026,0,1,1988,5,5,5,5,5,5,5,5,5,5
410026,1,1,1988,0,0,0,0,0,0,0,0,0,0
410027,1,1,1988,0,0,0,0,0,0,0,0,0,0
410028,1,1,1988,16,16,16,16,16,16,16,16,16,16
410028,2,1,1988,0,0,0,0,0,0,0,0,0,0
410029,1,1,1988,0,0,0,0,0,0,0,0,0,0
410029,2,1,1988,0,0,0,0,0,0,0,0,0,0
410031,0,1,1988,0,0,0,0,0,0,0,0,0,0
410031,1,1,1988,0,0,0,0,0,0,0,0,0,0
410032,1,1,1988,0,0,0,0,0,0,0,0,0,0
410032,2,1,1988,0,0,0,0,0,0,0,0,0,0
410033,1,1,1988,0,0,0,0,0,0,0,0,0,0
410033,2,1,1988,0,0,0,0,0,0,0,0,0,0
410034,1,1,1988,0,0,0,0,0,0,0,0,0,0
410034,2,1,1988,0,0,0,0,0,0,0,0,0,0
410035,1,1,1988,3,3,3,3,3,3,3,3,3,3
410036,1,1,1988,13,13,13,13,13,13,13,13,13,13
410036,2,1,1988,0,0,0,0,0,0,0,0,0,0
410037,1,1,1988,0,0,0,0,0,0,0,0,0,0
410037,2,1,1988,0,0,0,0,0,0,0,0,0,0
410038,1,1,1988,0,0,0,0,0,0,25,0,10,0
410039,1,1,1988,0,0,0,0,0,0,0,0,0,0
410041,1,1,1988,0,0,0,0,0,0,0,0,0,0
410041,2,1,1988,19,19,19,19,19,19,19,19,19,19
410042,1,1,1988,0,0,0,19,0,0,0,0,0,0
410042,2,1,1988,0,0,0,0,0,0,0,0,0,0
410042,3,1,1988,0,0,0,0,0,0,0,0,0,0
410044,1,1,1988,5,5,5,5,5,5,5,5,5,5
410044,2,1,1988,0,0,0,0,0,0,0,0,0,0
410045,1,1,1988,0,0,0,0,0,0,0,0,0,0
410046,1,1,1988,19,0,0,0,0,0,0,0,0,0
410046,2,1,1988,0,0,0,17,14,0,0,0,0,0
410047,1,1,1988,21,21,21,21,21,21,21,21,21,21
410048,1,1,1988,0,0,0,0,0,0,0,0,0,0
410048,2,1,1988,19,19,19,19,19,19,19,19,19,19
410049,1,1,1988,0,0,0,0,0,0,0,0,0,0
410049,2,1,1988,0,0,0,0,0,0,0,0,0,0
410050,1,1,1988,0,0,0,0,0,0,0,0,0,0
410050,2,1,1988,0,0,0,0,0,0,0,0,0,0
410051,1,1,1988,0,0,0,0,0,0,0,0,0,0
410052,0,1,1988,0,0,0,0,0,0,0,0,0,0
410052,1,1,1988,0,0,0,0,0,0,0,0,0,0
410053,1,1,1988,0,0,0,0,0,0,0,0,0,0
410053,2,1,1988,0,0,0,0,0,0,0,0,0,0
410054,1,1,1988,2,2,2,2,2,2,2,2,2,2
410054,2,1,1988,0,0,0,0,0,0,0,0,0,0
410056,1,1,1988,16,16,16,16,16,16,16,16,16,16
410057,1,1,1988,0,0,0,0,0,0,0,0,0,0
410057,2,1,1988,0,0,0,0,0,0,0,0,0,0
410059,1,1,1988,12,12,12,12,12,12,12,12,12,12
410059,2,1,1988,0,0,0,0,0,0,0,0,0,0
410059,3,1,1988,0,0,0,0,0,0,0,0,0,0
410060,0,1,1988,17,17,17,17,17,17,17,17,17,17
410060,1,1,1988,9,9,9,9,9,9,9,9,9,9
410061,1,1,1988,0,0,0,0,0,0,0,0,0,0
410062,1,1,1988,0,0,0,0,0,0,0,0,0,0
410062,2,1,1988,0,0,0,0,0,0,0,0,0,0
410063,1,1,1988,0,0,0,0,0,0,0,0,0,0
410064,1,1,1988,0,0,0,0,0,0,0,0,0,0
410064,2,1,1988,0,0,0,0,0,0,0,0,0,0
410065,0,1,1988,40,40,40,40,40,40,40,40,40,40
410065,1,1,1988,17,17,17,17,17,17,17,17,17,17
410066,1,1,1988,0,0,0,0,0,0,0,0,0,0
410066,2,1,1988,0,0,0,0,0,0,0,0,0,0
410067,1,1,1988,0,0,0,0,0,0,0,0,0,0
410067,2,1,1988,0,0,0,0,0,0,0,0,14,0
410069,1,1,1988,0,0,0,0,0,0,0,0,0,0
410069,2,1,1988,0,0,0,0,0,0,0,0,0,0
410070,0,1,1988,0,0,0,0,0,0,0,0,0,0
410070,1,1,1988,0,0,0,0,0,0,0,0,0,0
410071,1,1,1988,0,0,0,0,0,0,0,0,0,0
410071,2,1,1988,0,0,0,0,0,0,0,0,0,0
410072,1,1,1988,0,0,0,0,0,0,0,0,0,0
410072,2,1,1988,0,0,0,0,0,0,0,0,0,0
410073,1,1,1988,0,0,0,0,0,0,0,0,0,0
410074,1,1,1988,0,0,0,0,0,0,0,0,0,0
410074,2,1,1988,0,0,0,5,0,0,0,0,0,0
410074,3,1,1988,0,0,0,0,0,0,9,0,0,0
410075,1,1,1988,21,21,21,21,21,21,21,21,21,21
410077,1,1,1988,20,20,20,20,20,20,20,20,20,20
410079,1,1,1988,6,6,6,6,6,6,6,6,6,6
410080,1,1,1988,16,27,16,39,17,32,17,35,6,9
410081,1,1,1988,0,0,0,0,0,0,0,0,0,0
410081,2,1,1988,0,0,23,0,0,0,0,0,0,0
410081,3,1,1988,0,0,0,0,0,0,0,0,0,0
410083,1,1,1988,0,23,0,0,0,0,0,0,0,0
410083,2,1,1988,0,0,0,0,0,0,0,22,0,0
410084,1,1,1988,42,42,42,42,42,42,42,42,42,42
410085,1,1,1988,15,15,15,15,15,15,15,15,15,15
410086,0,1,1988,0,0,0,12,0,0,0,0,0,0
410086,1,1,1988,0,0,0,0,0,0,0,0,0,0
410087,0,1,1988,0,0,0,0,0,0,0,0,0,0
410087,1,1,1988,0,0,29,0,0,0,0,0,0,0
410090,1,1,1988,0,0,0,0,0,0,0,0,0,0
410090,2,1,1988,0,0,0,0,0,0,0,0,0,0
410091,1,1,1988,0,0,0,0,0,0,0,0,0,0
410091,2,1,1988,0,0,0,0,0,0,10,0,0,24
410091,3,1,1988,0,0,0,0,0,0,0,0,0,0
410091,4,1,1988,0,0,0,0,0,0,0,0,0,0
410092,0,1,1988,0,0,0,0,0,0,0,0,0,0
410092,1,1,1988,0,0,0,0,0,0,0,0,0,0
410092,2,1,1988,0,0,0,0,0,0,0,0,0,0
410093,1,1,1988,0,0,0,0,0,0,0,0,0,0
410094,1,1,1988,0,0,0,0,0,0,0,0,0,0
410095,1,1,1988,0,0,0,0,0,0,0,0,0,0
410095,2,1,1988,0,0,0,0,0,0,0,0,0,0
410096,1,1,1988,8,8,8,8,8,8,8,8,8,8
410097,1,1,1988,0,0,0,0,0,0,0,0,0,0
410099,1,1,1988,0,0,0,0,0,0,0,0,0,0
410100,1,1,1988,14,14,14,14,14,14,14,14,14,14
410100,2,1,1988,0,0,0,0,0,0,0,0,0,0
410101,1,1,1988,0,26,0,0,0,4,0,30,0,14
410101,2,1,1988,0,0,0,0,0,0,0,0,0,0
410102,1,1,1988,21,21,21,21,21,21,21,21,21,21
410102,2,1,1988,3,3,3,3,3,3,3,3,3,3
410102,3,1,1988,22,0,0,0,0,0,0,0,0,0
410103,1,1,1988,14,14,14,14,14,14,14,14,14,14
410104,1,1,1988,6,6,6,6,6,6,6,6,6,6
410104,2,1,1988,0,0,0,0,0,0,0,0,0,0
410105,0,1,1988,0,0,0,0,0,0,0,0,0,0
410105,1,1,1988,0,0,0,20,6,0,0,0,0,0
410106,1,1,1988,16,16,16,16,16,16,16,16,16,16
410107,0,1,1988,14,0,0,0,0,0,0,0,0,0
410107,1,1,1988,0,0,0,0,0,0,0,0,0,0
410109,1,1,1988,0,0,0,0,0,0,0,0,0,0
410109,2,1,1988,0,0,0,0,0,0,0,0,0,0
410110,1,1,1988,0,0,0,0,0,0,0,0,0,0
410111,1,1,1988,19,19,19,19,19,19,19,19,19,19
410113,1,1,1988,24,24,24,24,24,24,24,24,24,24
410113,2,1,1988,20,0,0,0,0,0,0,0,0,0
410114,1,1,1988,26,0,0,0,0,0,0,0,0,0
410114,2,1,1988,0,0,0,0,5,0,0,6,0,0
410116,1,1,1988,6,6,6,6,6,6,6,6,6,6
410116,2,1,1988,5,5,5,5,5,5,5,5,5,5
410117,1,1,1988,15,15,15,15,15,15,15,15,15,15
410118,1,1,1988,0,0,0,0,0,0,0,0,0,0
410119,0,1,1988,0,0,0,0,0,0,0,0,0,0
410119,1,1,1988,18,8,3,23,14,49,15,23,19,12
410120,0,1,1988,0,0,0,0,0,0,0,0,0,0
410120,1,1,1988,0,0,0,0,0,0,0,0,0,0
410121,1,1,1988,0,0,0,0,0,0,0,20,0,0
410122,1,1,1988,1,1,1,1,1,1,1,1,1,1
410123,1,1,1988,21,21,21,21,21,21,21,21,21,21
410124,1,1,1988,0,0,0,0,0,0,0,0,0,0
410125,1,1,1988,18,18,18,18,18,18,18,18,18,18
410126,1,1,1988,0,0,0,0,0,0,0,0,0,0
410126,2,1,1988,0,0,0,0,0,0,0,0,0,0
410127,1,1,1988,0,7,7,11,13,2,12,27,17,0
410128,1,1,1988,13,13,13,13,13,13,13,13,13,13
410129,1,1,1988,0,0,0,15,0,0,0,0,0,0
410129,2,1,1988,0,0,0,0,0,0,0,0,0,0
410130,1,1,1988,0,0,0,0,0,0,0,0,0,0
410130,2,1,1988,23,23,23,23,23,23,23,23,23,23
410131,1,1,1988,9,23,0,0,13,17,12,0,0,13
410131,2,1,1988,0,16,0,0,17,8,0,0,0,20
410132,1,1,1988,0,0,0,0,0,0,0,0,0,0
410132,2,1,1988,0,0,0,0,0,0,0,0,0,0
410133,1,1,1988,9,9,9,9,9,9,9,9,9,9
410134,1,1,1988,0,0,0,0,0,0,0,0,0,0
410135,1,1,1988,0,0,0,0,0,0,0,0,0,0
410136,1,1,1988,0,0,0,0,0,0,0,0,0,0
410137,1,1,1988,0,0,0,0,0,0,0,0,0,0
410138,0,1,1988,29,0,0,0,20,6,37,0,27,0
410138,1,1,1988,23,23,23,23,23,23,23,23,23,23
410139,1,1,1988,15,13,0,28,0,15,13,0,6,15
410140,1,1,1988,20,20,20,20,20,20,20,20,20,20
410141,1,1,1988,16,16,16,16,16,16,16,16,16,16
410141,2,1,1988,0,14,31,13,14,17,9,3,30,17
410142,1,1,1988,14,14,14,14,14,14,14,14,14,14
410142,2,1,1988,0,0,0,0,0,0,0,0,0,0
410143,1,1,1988,20,20,20,20,20,20,20,20,20,20
410144,1,1,1988,18,18,18,18,18,18,18,18,18,18
410145,1,1,1988,0,0,0,0,0,0,0,0,0,0
410145,2,1,1988,0,0,0,0,0,0,0,0,0,0
410145,3,1,1988,0,0,0,0,0,0,0,0,0,0
410146,1,1,1988,0,0,0,19,0,0,22,13,12,12
410146,2,1,1988,13,0,0,0,0,0,0,0,0,0
410147,1,1,1988,0,0,0,0,0,0,0,0,0,0
410147,2,1,1988,0,0,0,0,0,0,0,0,0,0
410149,1,1,1988,29,29,29,29,29,29,29,29,29,29
410150,1,1,1988,0,0,0,0,0,0,0,0,0,0
410150,2,1,1988,0,0,0,0,0,0,0,0,0,0
410151,1,1,1988,0,0,0,0,0,0,24,0,0,0
410151,2,1,1988,22,0,0,0,0,0,0,0,0,0
410151,3,1,1988,0,0,0,0,0,0,0,0,0,0
410152,1,1,1988,0,0,0,0,19,0,0,0,0,0
410152,2,1,1988,0,0,0,0,0,0,0,0,0,0
410153,1,1,1988,23,23,23,23,23,23,23,23,23,23
410154,1,1,1988,0,0,0,0,0,0,0,0,0,0
410154,2,1,1988,19,19,19,19,19,19,19,19,19,19
410156,1,1,1988,0,0,0,0,9,0,0,0,0,6
410157,1,1,1988,0,0,0,0,0,0,14,0,0,0
410158,1,1,1988,26,26,26,26,26,26,26,26,26,26
410159,1,1,1988,11,11,11,11,11,11,11,11,11,11
410160,1,1,1988,18,18,18,18,18,18,18,18,18,18
410161,1,1,1988,25,25,25,25,25,25,25,25,25,25
410162,1,1,1988,0,0,0,0,0,0,0,0,0,0
410162,2,1,1988,0,0,0,0,0,0,0,0,0,0
410163,1,1,1988,0,0,12,0,0,0,22,0,0,0
410163,2,1,1988,0,0,9,5,0,0,0,0,25,0
410165,1,1,1988,0,0,0,0,0,0,0,0,0,0
410165,2,1,1988,0,0,0,0,0,0,0,0,0,0
410166,0,1,1988,0,0,0,0,0,0,0,0,0,0
410166,0,2,1988,0,0,7,14,0,2,19,0,0,23
410166,1,1,1988,0,0,0,0,0,0,0,0,0,0
410167,1,1,1988,0,0,16,0,14,0,0,0,0,0
410168,1,1,1988,0,0,0,0,0,0,0,0,0,0
410168,2,1,1988,0,0,0,27,0,0,0,0,0,0
410169,1,1,1988,0,0,0,0,0,0,0,0,0,0
410170,1,1,1988,9,9,9,9,9,9,9,9,9,9
410171,1,1,1988,0,0,0,0,0,0,0,0,0,0
410172,1,1,1988,12,12,12,12,12,12,12,12,12,12
410172,2,1,1988,0,0,0,0,0,0,0,0,0,0
410173,0,1,1988,20,20,20,20,20,20,20,20,20,20
410173,1,1,1988,12,12,12,12,12,12,12,12,12,12
410174,1,1,1988,0,0,0,0,0,0,0,0,0,0
410174,2,1,1988,0,0,0,0,0,9,0,0,0,0
410175,1,1,1988,0,0,0,0,0,0,0,0,0,0
410175,2,1,1988,0,0,0,0,0,0,0,0,0,0
410176,1,1,1988,3,3,3,3,3,3,3,3,3,3
410177,1,1,1988,0,0,0,0,0,0,0,0,0,0
410178,1,1,1988,14,14,14,14,14,14,14,14,14,14
410178,2,1,1988,0,0,0,0,0,0,0,0,0,0
410179,1,1,1988,12,12,12,12,12,12,12,12,12,12
410179,2,1,1988,0,0,0,0,0,0,0,0,0,0
410180,0,1,1988,8,8,8,8,8,8,8,8,8,8
410180,1,1,1988,0,0,0,0,0,0,0,0,0,0
410181,1,1,1988,21,21,21,21,21,21,21,21,21,21
410181,2,1,1988,13,13,13,13,13,13,13,13,13,13
410182,1,1,1988,10,10,10,10,10,10,10,10,10,10
410182,2,1,1988,0,0,0,0,0,0,0,0,11,0
410183,1,1,1988,1,1,1,1,1,1,1,1,1,1
410184,1,1,1988,0,0,0,0,0,0,0,0,0,0
410184,2,1,1988,0,17,0,0,0,0,0,0,0,0
410185,0,1,1988,0,0,0,0,0,0,0,0,0,0
410185,1,1,1988,0,0,0,0,0,0,0,0,19,0
410186,0,1,1988,0,0,0,0,0,0,0,0,0,0
410186,1,1,1988,0,0,0,0,0,0,0,0,0,0
410187,1,1,1988,0,0,0,0,0,0,0,0,0,0
410188,1,1,1988,0,0,0,0,0,0,0,0,0,0
410189,1,1,1988,0,0,0,0,0,0,0,0,0,0
410189,2,1,1988,13,13,13,13,13,13,13,13,13,13
410190,1,1,1988,0,0,0,0,0,0,0,0,0,0
410191,1,1,1988,11,11,11,11,11,11,11,11,11,11
410192,1,1,1988,0,0,0,0,0,0,0,0,0,0
410193,1,1,1988,17,17,17,17,17,17,17,17,17,17
410193,2,1,1988,0,0,0,0,0,0,0,0,0,0
410194,1,1,1988,20,20,20,20,20,20,20,20,20,20
410195,1,1,1988,23,20,0,12,12,0,0,20,6,0
410195,2,1,1988,0,0,0,0,0,0,0,0,0,0
410196,1,1,1988,20,20,20,20,20,20,20,20,20,20
410197,1,1,1988,0,0,0,0,0,0,0,0,0,0
410197,2,1,1988,17,17,17,17,17,17,17,17,17,17
410198,1,1,1988,0,0,0,0,0,0,0,0,0,0
410198,2,1,1988,0,0,0,0,0,0,0,0,0,0
410199,0,1,1988,0,0,0,0,0,0,0,0,0,0
410199,1,1,1988,0,0,0,0,0,0,0,0,0,0
410200,1,1,1988,0,0,0,0,0,0,0,0,0,0
410200,2,1,1988,0,0,0,0,0,0,0,0,0,0
410201,1,1,1988,0,0,0,0,0,0,0,0,0,0
410202,1,1,1988,10,0,13,10,14,10,12,20,5,4
410203,1,1,1988,0,0,0,0,0,0,0,0,0,0
410203,2,1,1988,21,21,21,21,21,21,21,21,21,21
410204,1,1,1988,0,0,0,0,0,0,0,0,0,0
410204,2,1,1988,0,0,0,0,0,0,0,0,0,0
410204,3,1,1988,0,0,0,0,0,0,0,0,0,0
410204,4,1,1988,0,0,0,0,0,0,0,0,0,0
410204,5,1,1988,11,0,0,17,0,0,0,0,0,0
410204,6,1,1988,0,0,0,0,0,0,0,0,0,0
410204,7,1,1988,0,0,0,0,0,0,0,0,0,0
410206,1,1,1988,0,0,0,0,0,0,0,0,0,0
410206,2,1,1988,0,0,0,0,0,0,0,0,0,0
410206,3,1,1988,0,0,0,0,0,0,0,0,0,6
410207,1,1,1988,0,0,0,0,0,0,0,0,0,0
410207,2,1,1988,27,27,27,27,27,27,27,27,27,27
410208,0,1,1988,0,0,0,0,0,0,0,0,0,0
410208,1,1,1988,0,0,0,0,0,0,0,0,0,0
410209,1,1,1988,0,0,0,0,0,0,0,0,0,0
410210,1,1,1988,26,26,26,26,26,26,26,26,26,26
410211,1,1,1988,10,10,10,10,10,10,10,10,10,10