ST_CASE,VEH_NO,PER_NO,YEAR,P1,P2,P3,P4,P5,P6,P7,P8,P9,P10
410512,1,1,1988,29,29,29,29,29,29,29,29,29,29
410513,1,1,1988,0,0,0,0,0,0,0,0,0,0
410513,2,1,1988,0,0,0,0,0,0,0,0,0,0
410514,1,1,1988,17,17,17,17,17,17,17,17,17,17
410514,2,1,1988,0,0,0,0,0,0,0,0,0,0
410514,3,1,1988,0,0,0,0,0,0,0,10,0,0
410515,1,1,1988,0,0,0,0,0,0,0,0,0,0
410516,1,1,1988,0,0,0,0,0,0,0,0,0,0
410517,1,1,1988,21,21,21,21,21,21,21,21,21,21
410517,2,1,1988,0,0,0,0,0,0,0,0,0,0
410518,1,1,1988,0,0,0,0,0,0,0,0,0,0
410518,2,1,1988,0,0,0,0,0,0,0,0,0,0
410519,1,1,1988,0,0,0,0,0,0,0,0,0,0
410521,1,1,1988,0,0,0,0,0,0,0,0,0,0
410521,2,1,1988,0,0,0,0,0,0,0,0,0,0
410522,1,1,1988,21,21,21,21,21,21,21,21,21,21
410522,2,1,1988,0,0,0,0,0,0,0,0,0,0
410522,3,1,1988,0,0,0,0,0,0,0,0,0,0
410523,1,1,1988,18,18,18,18,18,18,18,18,18,18
410524,1,1,1988,0,0,0,0,0,0,0,0,6,0
410525,1,1,1988,0,0,0,0,0,0,0,0,0,0
410525,2,1,1988,0,0,0,0,0,0,0,0,0,0
410526,1,1,1988,0,0,0,0,0,0,0,0,0,0
410526,2,1,1988,0,0,0,0,0,0,0,0,0,0
410526,3,1,1988,0,0,0,0,0,0,0,0,0,6
410527,1,1,1988,0,0,0,0,0,0,0,0,0,0
410527,2,1,1988,0,0,0,0,0,0,0,0,0,0
410528,1,1,1988,28,28,28,28,28,28,28,28,28,28
410529,1,1,1988,0,21,3,0,0,0,0,0,0,0
410530,1,1,1988,0,0,0,13,0,0,0,0,0,0
410530,2,1,1988,0,0,23,0,0,0,0,0,0,0
410531,0,1,1988,21,21,21,21,21,21,21,21,21,21
410531,1,1,1988,0,0,0,0,6,0,0,9,0,4
410532,1,1,1988,0,0,0,0,0,0,0,0,0,0
410532,2,1,1988,0,0,0,0,0,0,0,0,0,0
410533,0,1,1988,21,21,21,21,21,21,21,21,21,21
410533,1,1,1988,6,6,6,6,6,6,6,6,6,6
410534,1,1,1988,6,6,6,6,6,6,6,6,6,6
410535,0,1,1988,0,0,0,0,0,0,0,0,0,0
410535,1,1,1988,0,0,0,0,0,0,0,0,0,0
410536,0,1,1988,0,0,0,0,0,0,0,0,0,0
410536,1,1,1988,13,0,23,22,0,0,23,0,0,0
410537,1,1,1988,0,0,0,0,0,0,0,0,0,0
410538,1,1,1988,28,28,28,28,28,28,28,28,28,28
410539,1,1,1988,14,14,14,14,14,14,14,14,14,14
410540,1,1,1988,0,0,0,0,0,0,0,0,0,0
410542,1,1,1988,23,23,23,23,23,23,23,23,23,23
410543,1,1,1988,0,0,0,0,0,0,0,0,0,0
410544,1,1,1988,21,21,21,21,21,21,21,21,21,21
410545,1,1,1988,16,16,16,16,16,16,16,16,16,16
410546,1,1,1988,21,21,21,21,21,21,21,21,21,21
410546,2,1,1988,0,0,0,0,0,0,0,0,0,0
410547,1,1,1988,0,0,0,0,0,0,0,0,0,0
410547,2,1,1988,0,0,0,0,4,0,9,0,0,0
410548,1,1,1988,0,0,0,0,0,0,0,0,0,0
410548,2,1,1988,0,0,0,0,0,0,0,0,0,0
410548,3,1,1988,11,11,11,11,11,11,11,11,11,11
410548,4,1,1988,0,0,10,0,0,0,0,0,0,0
410549,1,1,1988,0,0,0,0,0,0,0,0,0,0
410549,2,1,1988,0,0,0,0,0,0,0,0,0,0
410550,0,1,1988,1,1,1,1,1,1,1,1,1,1
410550,1,1,1988,0,0,0,0,0,0,0,0,0,0
410551,1,1,1988,33,33,33,33,33,33,33,33,33,33
410552,1,1,1988,0,7,0,0,0,0,0,0,0,0
410552,2,1,1988,0,9,0,0,0,0,14,0,0,0
410552,3,1,1988,0,0,0,0,0,0,0,9,0,0
410553,0,1,1988,25,25,25,25,25,25,25,25,25,25
410553,1,1,1988,0,0,0,0,0,0,0,0,0,0
410555,1,1,1988,0,0,0,0,0,0,0,0,0,0
410555,2,1,1988,0,0,0,0,0,0,0,0,0,0
410556,1,1,1988,0,0,0,0,0,0,0,0,0,0
410556,2,1,1988,0,0,0,0,0,0,0,18,0,0
410557,0,1,1988,0,0,0,0,0,0,0,0,0,0
410557,0,2,1988,0,0,0,0,0,0,0,0,0,0
410557,1,1,1988,0,0,0,0,0,0,0,0,0,0
410558,1,1,1988,24,24,24,24,24,24,24,24,24,24
410559,1,1,1988,11,11,11,11,11,11,11,11,11,11
410560,1,1,1988,0,0,0,0,0,0,0,0,0,0
410560,2,1,1988,0,0,0,0,0,0,0,0,0,0
410562,0,1,1988,26,21,35,35,13,0,25,12,21,31
410562,0,2,1988,0,0,9,41,0,0,35,0,0,11
410562,2,1,1988,0,0,0,0,0,0,0,0,0,0
410563,0,1,1988,0,0,0,0,0,0,0,0,0,0
410563,1,1,1988,0,0,0,0,0,0,0,0,0,0
410563,2,1,1988,0,0,0,26,0,0,0,11,0,0
410564,1,1,1988,0,0,0,0,0,0,0,0,0,0
410565,1,1,1988,0,0,0,0,0,0,0,0,0,0
410565,2,1,1988,0,0,0,0,0,0,0,0,0,0
410566,1,1,1988,0,0,0,0,0,0,0,0,0,0
410566,2,1,1988,1,1,1,1,1,1,1,1,1,1
410567,1,1,1988,13,13,13,13,13,13,13,13,13,13
410567,2,1,1988,5,5,5,5,5,5,5,5,5,5
410568,1,1,1988,23,23,23,23,23,23,23,23,23,23
410569,1,1,1988,10,10,10,10,10,10,10,10,10,10
410569,2,1,1988,12,12,12,12,12,12,12,12,12,12
410570,1,1,1988,0,0,0,0,0,0,0,0,0,0
410570,2,1,1988,0,0,0,0,0,0,0,0,0,0
410571,1,1,1988,0,0,0,0,0,0,0,0,0,0
410571,2,1,1988,0,0,0,0,0,0,0,0,0,0
410572,1,1,1988,14,14,14,14,14,14,14,14,14,14
410573,1,1,1988,0,0,0,0,0,0,0,0,0,0
410573,2,1,1988,0,0,0,0,0,0,0,0,0,0
410574,1,1,1988,0,0,0,0,0,0,0,0,0,0
410574,2,1,1988,0,0,0,0,0,0,0,0,0,0
410575,0,1,1988,0,0,0,0,0,0,0,0,0,0
410575,1,1,1988,0,0,0,0,0,0,0,0,0,0
410576,1,1,1988,0,0,0,0,0,0,0,0,0,0
410576,2,1,1988,0,0,0,0,0,0,0,0,0,0
410577,1,1,1988,12,12,12,12,12,12,12,12,12,12
410578,1,1,1988,0,0,0,0,0,0,0,0,0,0
410578,2,1,1988,0,0,0,0,0,0,0,0,0,0
410579,0,1,1988,0,0,0,0,0,0,0,0,0,0
410579,1,1,1988,0,0,0,0,0,0,0,0,0,0
410579,2,1,1988,0,0,0,11,0,0,0,0,0,22
410580,0,1,1988,0,0,0,0,0,0,0,0,0,0
410580,1,1,1988,0,0,0,0,0,0,16,0,0,0
410581,1,1,1988,0,0,0,0,0,0,0,0,0,0
410582,1,1,1988,0,0,0,0,0,0,0,0,0,0
410582,2,1,1988,0,0,0,0,0,0,0,0,0,0
410582,3,1,1988,0,0,0,0,0,0,0,0,0,0
410583,0,1,1988,0,0,0,0,0,0,0,0,0,0
410583,1,1,1988,0,0,0,0,0,0,0,0,0,0
410584,1,1,1988,11,11,11,11,11,11,11,11,11,11
410584,2,1,1988,0,0,0,0,0,0,0,0,0,0
410585,0,1,1988,30,30,30,30,30,30,30,30,30,30
410585,1,1,1988,16,13,16,13,16,11,16,18,0,9
410586,1,1,1988,8,0,0,16,0,14,0,0,0,11
410587,1,1,1988,20,20,20,20,20,20,20,20,20,20
410588,1,1,1988,5,5,5,5,5,5,5,5,5,5
410589,1,1,1988,0,0,0,0,0,0,0,0,0,0
410590,1,1,1988,0,0,0,0,0,0,0,0,0,0
410592,1,1,1988,0,0,0,0,0,0,0,0,0,0
410592,2,1,1988,0,0,0,0,0,14,0,0,0,0
410592,3,1,1988,0,0,11,0,17,0,10,0,22,0
410593,1,1,1988,12,12,12,12,12,12,12,12,12,12
410594,0,1,1988,0,0,41,0,0,15,26,0,0,0
410594,1,1,1988,0,26,26,0,35,0,0,0,0,0
410595,1,1,1988,23,23,23,23,23,23,23,23,23,23
410596,1,1,1988,0,16,0,0,0,0,0,0,0,0
410597,1,1,1988,0,0,0,0,0,0,0,0,0,0
410597,2,1,1988,0,0,0,0,0,0,0,0,0,0
410598,1,1,1988,0,0,0,0,0,0,0,0,0,0
410598,2,1,1988,16,16,16,16,16,16,16,16,16,16
410599,1,1,1988,39,39,39,39,39,39,39,39,39,39
410599,2,1,1988,0,0,0,0,0,0,0,0,0,0
410600,1,1,1988,5,5,5,5,5,5,5,5,5,5
410600,2,1,1988,0,0,0,0,0,0,0,0,0,0
410601,0,1,1988,17,17,17,17,17,17,17,17,17,17
410601,1,1,1988,0,0,0,8,0,0,4,0,4,13
410602,1,1,1988,0,0,0,0,0,0,0,0,0,0
410602,2,1,1988,0,0,0,0,0,0,0,7,0,0
410603,1,1,1988,13,13,13,13,13,13,13,13,13,13
410604,1,1,1988,0,0,0,0,0,0,0,0,0,0
410605,1,1,1988,0,0,0,0,0,0,0,0,0,0
410605,2,1,1988,0,26,0,0,0,0,35,0,0,13
410606,0,1,1988,0,0,0,0,0,0,0,0,0,0
410606,1,1,1988,0,0,0,0,0,0,0,0,0,0
410607,1,1,1988,9,9,9,9,9,9,9,9,9,9
410607,2,1,1988,0,0,0,0,0,0,0,0,0,0
410608,1,1,1988,22,22,22,22,22,22,22,22,22,22
410609,0,1,1988,19,19,19,19,19,19,19,19,19,19
410609,1,1,1988,0,0,0,0,0,0,0,0,0,0
410610,1,1,1988,0,22,0,0,0,0,0,0,0,0
410610,2,1,1988,4,4,4,4,4,4,4,4,4,4
410611,1,1,1988,13,13,13,13,13,13,13,13,13,13
410612,1,1,1988,19,19,19,19,19,19,19,19,19,19
410612,2,1,1988,0,0,0,0,0,0,0,0,0,0
420001,1,1,1988,0,0,0,0,0,0,0,0,0,0
420002,1,1,1988,0,0,0,0,0,0,0,0,0,0
420002,2,1,1988,0,0,0,0,0,0,0,0,0,0
420002,3,1,1988,0,0,0,0,0,0,0,0,0,0
420003,1,1,1988,0,0,0,20,0,0,0,0,0,0
420004,1,1,1988,17,17,17,17,17,17,17,17,17,17
420004,2,1,1988,0,0,0,0,0,0,0,0,0,0
420005,1,1,1988,16,16,16,16,16,16,16,16,16,16
420006,1,1,1988,0,0,0,0,0,0,0,0,0,0
420006,2,1,1988,0,0,0,0,0,0,0,0,0,0
420006,3,1,1988,15,15,15,15,15,15,15,15,15,15
420007,1,1,1988,0,0,0,0,0,0,0,0,0,16
420008,1,1,1988,24,24,24,24,24,24,24,24,24,24
420009,1,1,1988,0,0,0,0,0,0,0,0,0,0
420009,2,1,1988,0,0,0,0,0,0,0,0,0,0
420010,1,1,1988,0,0,0,0,0,0,0,0,0,0
420010,2,1,1988,0,0,0,0,0,0,0,0,0,0
420011,1,1,1988,0,0,0,0,0,0,0,0,0,0
420011,2,1,1988,0,0,0,0,0,0,0,0,0,0
420012,1,1,1988,15,15,15,15,15,15,15,15,15,15
420013,1,1,1988,28,28,28,28,28,28,28,28,28,28
420014,1,1,1988,0,0,0,0,0,0,0,0,0,0
420014,2,1,1988,0,0,0,0,0,0,0,0,0,0
420015,1,1,1988,0,0,0,0,0,0,0,0,0,0
420016,1,1,1988,15,13,0,0,10,0,0,0,0,0
420016,2,1,1988,9,9,9,9,9,9,9,9,9,9
420017,0,1,1988,0,0,0,0,0,0,0,0,0,0
420017,1,1,1988,0,0,0,0,0,0,0,0,0,0
420018,1,1,1988,20,0,18,8,6,20,17,14,14,13
420018,2,1,1988,0,0,0,0,0,0,0,0,0,0
420019,1,1,1988,27,27,27,27,27,27,27,27,27,27
420020,1,1,1988,27,27,27,27,27,27,27,27,27,27
420021,1,1,1988,15,15,15,15,15,15,15,15,15,15
420021,2,1,1988,23,23,23,23,23,23,23,23,23,23
420022,1,1,1988,0,0,0,0,0,0,0,0,0,0
420022,2,1,1988,0,0,0,19,0,0,0,0,0,0
420023,1,1,1988,54,0,0,0,36,0,0,0,0,0
420024,1,1,1988,0,0,0,0,0,0,0,0,0,0
420024,2,1,1988,0,0,0,0,0,0,0,0,6,0
420025,1,1,1988,23,0,21,25,16,18,0,6,18,17
420026,1,1,1988,0,0,0,0,0,0,0,0,0,0
420027,1,1,1988,0,0,6,0,0,0,0,0,0,0
420027,2,1,1988,0,0,0,0,0,0,0,0,0,0
420028,1,1,1988,23,23,23,23,23,23,23,23,23,23
420028,2,1,1988,0,9,20,12,0,4,10,0,19,11
420029,1,1,1988,26,26,26,26,26,26,26,26,26,26
420029,2,1,1988,0,0,0,0,0,0,0,0,0,0
420029,3,1,1988,0,3,0,0,0,0,22,0,0,0
420030,1,1,1988,0,0,0,0,0,0,0,0,0,0
420030,2,1,1988,0,0,0,0,0,0,0,0,0,0
420031,1,1,1988,0,0,0,0,0,0,0,0,0,0
420032,1,1,1988,0,0,0,0,0,0,0,0,0,0
420032,2,1,1988,0,0,0,0,0,0,0,0,0,0
420033,1,1,1988,0,28,0,22,0,0,0,0,0,0
420033,2,1,1988,0,0,0,0,0,0,0,11,0,0
420034,0,1,1988,0,38,0,0,0,0,0,0,0,0
420034,1,1,1988,0,22,0,0,0,0,0,0,0,0
420035,0,1,1988,0,0,0,0,0,0,0,0,0,0
420035,1,1,1988,0,0,0,0,0,0,0,0,0,25
420036,1,1,1988,0,0,0,0,0,0,0,0,0,0
420036,2,1,1988,0,0,0,0,0,0,0,0,0,0
420037,1,1,1988,0,0,0,0,0,0,0,0,0,0
420038,1,1,1988,0,0,0,0,0,0,0,0,0,0
420038,2,1,1988,0,0,0,0,0,0,0,0,0,0
420039,1,1,1988,0,0,0,0,0,0,0,0,0,0
420040,0,1,1988,0,0,0,0,0,0,0,0,0,0
420040,1,1,1988,0,0,0,0,0,0,0,0,0,0
420041,1,1,1988,22,22,22,22,22,22,22,22,22,22
420041,2,1,1988,0,0,0,0,0,0,0,0,0,0
420042,1,1,1988,0,0,0,0,0,0,0,0,0,0
420042,2,1,1988,0,17,13,0,13,0,0,24,0,0
420043,1,1,1988,0,0,0,0,0,0,0,0,0,0
420043,2,1,1988,0,0,0,0,0,0,0,0,0,0
420043,3,1,1988,0,0,0,0,0,0,0,0,0,0
420044,1,1,1988,22,22,22,22,22,22,22,22,22,22
420044,2,1,1988,0,0,0,0,0,0,0,0,0,0
420045,1,1,1988,0,0,0,0,0,0,0,0,0,0
420046,1,1,1988,0,0,0,0,0,0,0,0,0,0
420046,2,1,1988,0,0,0,0,0,0,0,0,0,0
420047,0,1,1988,22,0,17,0,24,0,0,13,39,6
420047,1,1,1988,0,0,0,0,0,0,0,0,0,0
420048,1,1,1988,19,19,19,19,19,19,19,19,19,19
420049,1,1,1988,23,23,23,23,23,23,23,23,23,23
420049,2,1,1988,21,21,21,21,21,21,21,21,21,21
420050,1,1,1988,0,0,0,18,12,0,0,0,0,0
420050,2,1,1988,0,0,0,0,0,0,0,0,0,0
420051,1,1,1988,0,0,0,0,0,0,0,0,0,0
420051,2,1,1988,0,0,16,0,0,0,0,0,0,0
420052,1,1,1988,28,28,28,28,28,28,28,28,28,28
420053,1,1,1988,6,33,6,0,0,35,25,21,13,24
420053,2,1,1988,0,0,0,0,0,0,0,0,0,0
420053,3,1,1988,0,0,0,0,0,0,0,0,0,0
420054,1,1,1988,0,0,0,0,0,0,0,0,0,0
420055,1,1,1988,0,0,0,0,0,0,0,0,0,0
420056,1,1,1988,12,12,12,12,12,12,12,12,12,12
420057,1,1,1988,0,0,0,0,0,0,0,0,0,0
420057,2,1,1988,0,0,0,0,0,0,0,0,0,0
420058,1,1,1988,22,22,22,22,22,22,22,22,22,22
420059,0,1,1988,0,0,0,0,0,0,0,0,0,0
420059,1,1,1988,21,12,22,6,8,13,19,21,5,14
420060,1,1,1988,0,0,0,0,0,0,0,0,0,0
420060,2,1,1988,0,0,0,0,0,0,0,0,0,0
420061,1,1,1988,0,0,0,0,0,0,0,0,0,0
420061,2,1,1988,0,0,0,0,0,0,0,0,0,0
420062,1,1,1988,33,14,16,16,0,11,0,23,19,8
420063,1,1,1988,2,2,2,2,2,2,2,2,2,2
420064,1,1,1988,0,0,0,0,0,0,0,0,0,0
420064,2,1,1988,0,0,0,0,0,0,0,0,0,0
420065,1,1,1988,0,0,0,0,0,0,0,0,0,0
420066,1,1,1988,16,16,16,16,16,16,16,16,16,16
420067,1,1,1988,13,13,13,13,13,13,13,13,13,13
420068,1,1,1988,0,0,0,0,0,0,0,0,0,0
420069,1,1,1988,0,0,0,0,0,0,0,0,0,0
420069,2,1,1988,0,0,0,0,0,0,0,0,0,0
420070,1,1,1988,0,0,0,0,0,0,0,0,0,20
420071,1,1,1988,0,0,0,0,0,0,0,0,0,0
420071,2,1,1988,0,0,0,0,0,0,0,0,0,0
420072,1,1,1988,10,10,10,10,10,10,10,10,10,10
420073,1,1,1988,16,16,16,16,16,16,16,16,16,16
420074,1,1,1988,3,3,3,3,3,3,3,3,3,3
420074,2,1,1988,0,0,0,22,0,0,0,0,0,0
420075,1,1,1988,15,15,15,15,15,15,15,15,15,15
420076,1,1,1988,0,0,0,0,0,0,0,0,0,0
420076,2,1,1988,0,0,0,0,0,0,0,0,0,0
420077,1,1,1988,0,0,0,16,0,0,0,0,0,0
420077,2,1,1988,0,0,0,0,0,0,0,0,0,0
420078,1,1,1988,13,13,13,13,13,13,13,13,13,13
420078,2,1,1988,0,0,0,0,0,0,0,0,0,4
420079,1,1,1988,0,0,0,0,0,0,0,0,0,0
420080,1,1,1988,0,0,0,0,0,0,0,0,0,0
420080,2,1,1988,0,0,0,0,0,0,0,0,0,0
420081,1,1,1988,0,0,0,0,0,0,0,0,0,0
420081,2,1,1988,0,0,0,0,0,0,0,0,0,0
420081,3,1,1988,0,0,0,0,0,0,0,0,0,0
420081,4,1,1988,0,0,0,0,0,0,0,0,0,0
420082,1,1,1988,0,0,0,0,0,0,0,0,0,0
420083,0,1,1988,15,15,15,15,15,15,15,15,15,15
420083,1,1,1988,17,17,17,17,17,17,17,17,17,17
420084,1,1,1988,16,16,16,16,16,16,16,16,16,16
420084,2,1,1988,16,16,16,16,16,16,16,16,16,16
420085,1,1,1988,0,0,0,0,0,0,0,0,0,0
420086,1,1,1988,13,13,13,13,13,13,13,13,13,13
420086,2,1,1988,13,13,13,13,13,13,13,13,13,13
420086,3,1,1988,0,0,0,0,0,0,0,0,0,0
420087,1,1,1988,0,0,0,0,0,0,0,0,0,0
420087,2,1,1988,0,0,0,0,0,0,0,0,0,0
420088,1,1,1988,22,22,22,22,22,22,22,22,22,22
420089,1,1,1988,2,2,2,2,2,2,2,2,2,2
420089,2,1,1988,0,0,0,0,0,0,0,0,0,0
420089,3,1,1988,0,0,6,0,0,0,0,0,0,0
420090,1,1,1988,0,0,0,0,0,0,0,0,0,0
420090,2,1,1988,0,0,0,0,0,0,0,0,0,0
420090,3,1,1988,0,0,0,0,0,0,0,0,0,0
420090,4,1,1988,0,0,0,0,0,0,0,0,0,0
420090,5,1,1988,0,0,0,0,0,0,0,0,0,0
420091,1,1,1988,0,0,0,0,0,0,0,0,0,0
420092,0,1,1988,27,27,27,27,27,27,27,27,27,27
420092,1,1,1988,0,0,0,0,0,0,0,0,0,6
420093,0,1,1988,0,0,0,0,0,0,0,0,0,0
420093,1,1,1988,0,0,0,0,0,0,0,0,0,0
420094,1,1,1988,0,0,0,0,0,0,0,0,0,0
420094,2,1,1988,0,0,0,0,0,0,0,0,0,17
420094,3,1,1988,0,0,0,0,0,0,0,0,0,0
420095,0,1,1988,0,0,0,0,0,0,0,0,0,0
420095,1,1,1988,0,0,0,0,0,0,0,0,0,8
420096,0,1,1988,0,0,0,0,0,13,0,0,0,0
420096,1,1,1988,0,0,0,0,0,0,11,0,0,0
420097,1,1,1988,0,0,0,0,0,0,0,0,0,0
420098,1,1,1988,10,10,10,10,10,10,10,10,10,10
420099,0,1,1988,0,0,0,0,0,0,0,0,0,13
420099,1,1,1988,0,0,0,0,0,0,0,0,0,0
420099,2,1,1988,0,0,0,0,0,0,0,0,0,0
420099,3,1,1988,0,0,0,0,6,0,0,0,0,0
420099,4,1,1988,0,0,0,0,0,16,0,0,0,0
420100,0,1,1988,0,0,0,0,0,0,0,0,0,0
420100,1,1,1988,0,0,0,0,0,0,0,0,0,0
420101,1,1,1988,0,0,0,0,28,0,0,0,0,0
420102,1,1,1988,8,8,8,8,8,8,8,8,8,8
420102,2,1,1988,0,0,0,0,0,0,0,0,0,0
420103,1,1,1988,3,3,3,3,3,3,3,3,3,3
420104,1,1,1988,9,9,9,9,9,9,9,9,9,9
420105,1,1,1988,23,23,23,23,23,23,23,23,23,23
420105,2,1,1988,0,0,0,0,0,0,0,0,0,0
420106,1,1,1988,0,11,0,39,15,22,16,14,21,0
420107,0,1,1988,0,0,0,0,0,0,0,0,0,0
420107,1,1,1988,0,0,0,0,0,0,0,0,0,0
420108,1,1,1988,21,25,23,19,23,36,15,10,8,32
420109,1,1,1988,23,19,0,7,0,0,24,13,0,0
420109,2,1,1988,0,0,0,0,0,0,0,0,0,0
420110,1,1,1988,11,18,16,11,18,16,5,12,12,15
420110,2,1,1988,0,0,0,0,0,0,0,0,0,0
420111,1,1,1988,0,0,0,21,0,0,0,0,0,0
420111,2,1,1988,0,0,0,0,0,0,0,0,0,0
420112,1,1,1988,0,0,0,0,0,0,0,0,0,0
420113,1,1,1988,3,0,0,0,0,0,0,0,0,0
420113,2,1,1988,0,0,0,0,0,0,0,0,0,0
420114,1,1,1988,0,0,8,0,0,13,0,0,0,0
420114,2,1,1988,0,0,0,0,0,0,0,0,0,12
420115,1,1,1988,0,0,0,0,10,0,0,0,0,0
420115,2,1,1988,0,0,0,0,0,0,0,0,0,0
420116,1,1,1988,0,0,0,0,0,0,0,0,0,0
420117,1,1,1988,7,0,0,0,0,0,0,0,18,0
420118,1,1,1988,16,16,16,16,16,16,16,16,16,16
420118,2,1,1988,0,0,0,0,0,0,0,0,0,0
420119,1,1,1988,14,13,0,20,7,33,19,4,8,7
420119,2,1,1988,6,6,6,6,6,6,6,6,6,6
420120,1,1,1988,0,0,0,0,0,0,0,0,0,0
420120,2,1,1988,0,0,0,0,0,0,0,0,0,0
420121,0,1,1988,0,16,0,0,0,0,0,0,0,0
420121,0,2,1988,0,0,0,0,0,31,0,0,0,25
420121,1,1,1988,0,0,0,0,0,0,0,0,0,0
420122,1,1,1988,23,23,23,23,23,23,23,23,23,23
420122,2,1,1988,0,0,0,0,0,0,0,0,0,14
420123,1,1,1988,17,16,17,18,10,10,12,19,21,29
420124,1,1,1988,18,18,18,18,18,18,18,18,18,18
420125,0,1,1988,0,0,0,0,0,0,0,0,0,0
420125,1,1,1988,0,0,0,0,0,0,0,0,0,0
420126,1,1,1988,0,0,0,0,0,0,0,0,0,0
420126,2,1,1988,0,0,0,0,0,0,0,0,0,0
420127,1,1,1988,8,8,8,8,8,8,8,8,8,8
420128,0,1,1988,0,0,0,0,0,0,0,0,0,0
420128,1,1,1988,0,17,0,24,0,0,21,0,12,0
420129,0,1,1988,0,0,0,0,0,0,0,0,0,0
420129,1,1,1988,0,0,0,0,0,0,0,0,0,0
420130,1,1,1988,0,0,0,0,0,0,0,0,0,0
420131,1,1,1988,0,0,0,0,0,0,0,0,0,0
420131,2,1,1988,23,23,23,23,23,23,23,23,23,23
420132,1,1,1988,0,0,0,0,0,0,0,0,0,0
420132,2,1,1988,0,0,0,0,0,0,0,0,0,0
420133,1,1,1988,20,20,20,20,20,20,20,20,20,20
420133,2,1,1988,0,0,0,18,0,0,0,0,0,0
420134,1,1,1988,20,14,17,6,7,18,15,16,0,0
420134,2,1,1988,0,0,0,5,0,0,0,0,0,0
420135,1,1,1988,7,7,7,7,7,7,7,7,7,7
420136,1,1,1988,25,25,25,25,25,25,25,25,25,25
420137,1,1,1988,0,0,0,0,0,0,0,0,0,0
420137,2,1,1988,0,0,0,0,0,0,0,0,0,0
420138,1,1,1988,9,9,9,9,9,9,9,9,9,9
420138,2,1,1988,0,0,0,0,0,0,0,0,0,0
420139,0,1,1988,0,0,0,0,0,0,0,0,0,0
420139,1,1,1988,0,0,0,0,0,0,6,0,0,0
420140,1,1,1988,0,0,0,0,0,0,0,0,0,0
420141,1,1,1988,0,0,0,0,0,0,0,0,0,0
420142,1,1,1988,0,0,0,0,0,0,0,0,0,0
420143,1,1,1988,0,0,0,0,0,0,0,0,0,0
420143,2,1,1988,0,0,0,0,0,0,0,0,0,0
420144,1,1,1988,0,0,0,0,0,0,0,0,0,0
420144,2,1,1988,0,0,0,0,25,0,0,0,0,0
420145,1,1,1988,0,0,0,0,20,0,0,0,16,0
420145,2,1,1988,0,0,0,0,0,0,0,0,0,0
420146,1,1,1988,0,0,0,0,0,0,0,0,0,0
420146,2,1,1988,0,0,0,0,0,0,0,0,0,0
420147,1,1,1988,0,0,0,0,0,0,0,0,0,0
420147,2,1,1988,0,0,0,0,0,0,0,0,0,0
420148,1,1,1988,27,27,27,27,27,27,27,27,27,27
420148,2,1,1988,0,0,0,0,0,0,0,0,0,0
420149,1,1,1988,27,27,27,27,27,27,27,27,27,27
420150,1,1,1988,20,20,20,20,20,20,20,20,20,20
420151,1,1,1988,0,0,0,0,0,0,3,0,0,0
420151,2,1,1988,0,0,0,0,0,0,0,0,0,0
420152,1,1,1988,0,0,0,0,0,0,0,0,13,0
420152,2,1,1988,0,0,0,0,0,0,5,0,0,0
420153,1,1,1988,18,18,18,18,18,18,18,18,18,18
420153,2,1,1988,0,0,0,0,0,0,0,0,0,0
420153,3,1,1988,0,0,0,0,0,0,0,0,0,0
420154,1,1,1988,0,0,0,0,0,0,0,0,0,0
420154,2,1,1988,0,0,0,0,0,0,0,0,0,0
420154,3,1,1988,0,0,0,0,0,0,0,0,0,15
420154,4,1,1988,0,0,0,0,0,0,0,0,0,0
420155,1,1,1988,8,8,8,8,8,8,8,8,8,8
420156,1,1,1988,0,0,0,0,0,0,0,0,0,0
420156,2,1,1988,0,0,0,0,0,0,0,0,0,0
420157,1,1,1988,13,13,13,13,13,13,13,13,13,13
420158,1,1,1988,27,27,27,27,27,27,27,27,27,27
420158,2,1,1988,0,0,0,0,0,0,0,0,0,0
420159,0,1,1988,0,0,0,0,0,0,0,0,0,0
420159,1,1,1988,0,0,0,0,0,0,0,0,0,0
420160,0,1,1988,29,29,29,29,29,29,29,29,29,29
420160,1,1,1988,0,0,0,0,0,0,0,0,0,0
420161,1,1,1988,21,21,21,21,21,21,21,21,21,21
420161,2,1,1988,0,0,0,0,0,0,0,0,0,0
420162,1,1,1988,14,14,14,14,14,14,14,14,14,14
420162,2,1,1988,0,0,0,0,0,0,0,0,0,0
420163,0,1,1988,0,0,0,0,0,0,0,0,0,0
420163,1,1,1988,0,0,0,0,0,0,0,0,0,0
420164,1,1,1988,0,0,0,0,0,0,0,0,0,0
420164,2,1,1988,0,0,0,0,0,0,0,0,0,0
420165,1,1,1988,20,20,20,20,20,20,20,20,20,20
420166,0,1,1988,13,13,13,13,13,13,13,13,13,13
420166,1,1,1988,0,0,0,0,0,0,0,0,0,0
420167,1,1,1988,0,0,0,0,0,0,22,0,0,0
420167,2,1,1988,0,0,0,0,0,0,0,0,0,0
420168,0,1,1988,0,0,0,0,0,0,0,0,0,0
420168,0,2,1988,0,0,0,0,0,22,0,0,0,30
420168,1,1,1988,0,0,0,0,0,0,0,0,0,0
420169,1,1,1988,24,24,24,24,24,24,24,24,24,24
420170,1,1,1988,0,0,0,0,0,0,0,0,0,0
420171,1,1,1988,21,19,39,27,8,12,19,59,29,10
420172,1,1,1988,0,0,0,0,0,0,21,0,0,0