ST_CASE,VEH_NO,PER_NO,YEAR,P1,P2,P3,P4,P5,P6,P7,P8,P9,P10
420449,2,1,1988,24,24,24,24,24,24,24,24,24,24
420450,1,1,1988,0,0,0,0,0,0,0,0,0,0
420450,2,1,1988,0,0,0,0,0,0,30,0,0,0
420450,3,1,1988,0,0,0,0,0,0,0,0,0,0
420451,1,1,1988,0,0,0,0,14,0,0,26,7,17
420451,2,1,1988,0,0,0,0,0,0,0,0,0,0
420452,1,1,1988,20,20,20,20,20,20,20,20,20,20
420452,2,1,1988,0,0,0,10,14,0,4,9,0,0
420453,1,1,1988,0,0,0,0,0,0,0,0,0,0
420453,2,1,1988,0,0,0,0,0,0,0,0,0,0
420453,3,1,1988,0,0,0,0,0,0,0,0,0,0
420455,1,1,1988,0,0,0,0,0,0,0,0,0,0
420455,2,1,1988,0,0,0,0,0,0,0,0,0,0
420456,1,1,1988,0,0,0,0,0,0,0,0,0,0
420456,2,1,1988,0,0,0,0,0,0,0,0,0,0
420457,1,1,1988,18,0,0,9,0,6,0,11,0,0
420457,2,1,1988,0,0,0,9,0,0,0,0,0,0
420458,1,1,1988,0,0,0,0,0,0,0,0,0,0
420458,2,1,1988,0,0,0,0,0,0,0,0,0,0
420458,3,1,1988,0,0,0,0,0,0,0,0,0,0
420459,0,1,1988,0,0,0,0,0,0,0,0,0,0
420459,0,2,1988,0,0,0,0,0,0,0,0,0,0
420459,1,1,1988,0,0,17,0,0,20,0,14,0,14
420460,1,1,1988,26,26,26,26,26,26,26,26,26,26
420461,1,1,1988,18,18,18,18,18,18,18,18,18,18
420462,1,1,1988,0,0,0,0,0,0,0,0,0,0
420462,2,1,1988,0,0,0,0,0,0,0,2,26,0
420463,1,1,1988,0,0,0,0,0,0,0,0,0,0
420464,1,1,1988,0,0,0,0,0,0,0,0,0,0
420465,0,1,1988,20,20,20,20,20,20,20,20,20,20
420465,1,1,1988,11,11,11,11,11,11,11,11,11,11
420465,2,1,1988,0,0,0,0,0,0,0,0,0,25
420466,0,1,1988,16,16,16,16,16,16,16,16,16,16
420466,1,1,1988,0,0,0,0,0,0,0,0,0,0
420467,1,1,1988,10,0,0,0,9,13,0,24,15,6
420468,0,1,1988,10,10,10,10,10,10,10,10,10,10
420468,1,1,1988,0,0,0,0,0,0,0,0,0,0
420469,1,1,1988,0,0,0,0,0,0,0,0,0,0
420469,2,1,1988,0,13,0,0,31,0,0,0,0,0
420470,1,1,1988,0,0,0,0,0,0,0,0,0,0
420470,2,1,1988,0,0,0,0,0,0,0,7,0,0
420471,0,1,1988,0,0,0,0,14,0,0,0,0,0
420471,1,1,1988,0,0,0,0,0,0,0,0,0,0
420472,1,1,1988,27,27,27,27,27,27,27,27,27,27
420473,1,1,1988,15,15,15,15,15,15,15,15,15,15
420473,2,1,1988,1,1,1,1,1,1,1,1,1,1
420474,1,1,1988,0,0,0,0,0,0,0,0,0,0
420475,1,1,1988,16,16,16,16,16,16,16,16,16,16
420475,2,1,1988,0,0,0,0,0,0,0,0,0,0
420476,1,1,1988,0,0,0,0,0,0,0,0,0,0
420476,2,1,1988,0,0,0,0,0,0,0,0,0,0
420476,3,1,1988,0,0,0,0,0,0,0,12,0,0
420477,1,1,1988,18,18,18,18,18,18,18,18,18,18
420477,2,1,1988,0,0,0,0,0,0,17,0,0,0
420478,1,1,1988,0,0,0,0,0,0,0,0,0,0
420479,1,1,1988,28,18,0,0,0,0,0,0,10,0
420480,1,1,1988,0,0,17,5,14,15,17,23,14,27
420480,2,1,1988,0,0,0,0,0,0,0,0,0,0
420480,3,1,1988,0,0,0,0,0,0,0,0,0,0
420480,4,1,1988,0,0,0,0,0,0,0,0,0,0
420481,1,1,1988,0,0,0,0,0,0,0,0,0,7
420482,1,1,1988,0,0,0,0,0,0,0,0,0,0
420482,2,1,1988,0,0,0,0,0,0,0,0,0,9
420483,1,1,1988,0,0,0,0,0,0,0,0,0,0
420483,2,1,1988,17,17,17,17,17,17,17,17,17,17
420484,0,1,1988,21,21,21,21,21,21,21,21,21,21
420484,1,1,1988,13,11,30,14,29,13,32,35,16,13
420485,0,1,1988,0,0,0,0,0,0,0,0,0,0
420485,1,1,1988,0,0,0,0,0,0,0,0,0,0
420486,1,1,1988,2,15,19,22,12,23,23,0,27,21
420486,2,1,1988,16,19,8,9,11,13,0,9,14,5
420487,1,1,1988,0,0,0,0,10,0,0,0,0,14
420487,2,1,1988,0,0,0,0,0,0,0,0,0,0
420488,1,1,1988,0,0,2,0,0,0,0,0,0,11
420489,1,1,1988,20,20,20,20,20,20,20,20,20,20
420489,2,1,1988,0,25,0,0,0,11,22,0,0,0
420490,1,1,1988,16,16,16,16,16,16,16,16,16,16
420490,2,1,1988,0,9,20,0,9,4,13,0,11,6
420491,1,1,1988,22,22,22,22,22,22,22,22,22,22
420492,1,1,1988,0,0,0,0,0,0,0,0,0,0
420492,2,1,1988,0,0,0,0,0,0,0,0,0,0
420492,3,1,1988,0,0,0,0,0,0,0,0,0,0
420493,1,1,1988,0,0,0,0,0,0,0,0,0,0
420493,2,1,1988,0,0,0,0,0,0,0,0,0,0
420494,1,1,1988,0,0,0,0,0,0,0,0,0,0
420494,2,1,1988,0,0,0,0,0,0,0,0,0,0
420494,3,1,1988,0,0,16,0,0,0,0,0,0,0
420494,4,1,1988,0,0,0,0,0,0,0,0,0,0
420494,5,1,1988,0,0,0,0,0,0,0,0,0,0
420495,1,1,1988,0,0,13,16,28,0,0,0,0,0
420496,1,1,1988,0,17,10,0,13,0,11,12,9,23
420496,2,1,1988,0,0,0,0,0,0,0,0,0,0
420497,1,1,1988,20,20,20,20,20,20,20,20,20,20
420498,1,1,1988,10,0,0,10,6,0,0,16,0,0
420498,2,1,1988,0,0,0,0,0,0,0,0,0,0
420498,3,1,1988,0,0,0,0,0,0,0,0,0,0
420499,0,1,1988,15,15,15,15,15,15,15,15,15,15
420499,1,1,1988,0,0,0,0,0,0,0,0,0,0
420500,1,1,1988,7,7,7,7,7,7,7,7,7,7
420501,1,1,1988,30,30,30,30,30,30,30,30,30,30
420502,1,1,1988,0,0,0,0,0,0,0,0,0,0
420502,2,1,1988,0,0,0,0,0,0,0,0,0,0
420502,3,1,1988,0,0,0,0,0,0,0,0,0,0
420504,1,1,1988,1,1,1,1,1,1,1,1,1,1
420505,1,1,1988,0,0,0,0,0,0,0,0,0,0
420505,2,1,1988,0,0,0,0,0,0,0,0,0,17
420506,1,1,1988,24,24,24,24,24,24,24,24,24,24
420507,0,1,1988,0,0,0,0,0,0,0,0,0,0
420507,1,1,1988,0,0,0,0,0,0,0,0,0,0
420508,1,1,1988,0,0,0,0,0,0,0,0,0,0
420509,1,1,1988,0,0,0,0,0,0,0,0,0,0
420509,2,1,1988,0,0,0,0,0,0,0,0,0,0
420510,0,1,1988,9,9,9,9,9,9,9,9,9,9
420510,1,1,1988,0,0,0,0,0,0,0,0,0,0
420511,1,1,1988,0,0,0,0,0,0,0,0,0,0
420512,1,1,1988,15,15,15,15,15,15,15,15,15,15
420513,1,1,1988,0,0,0,0,0,0,0,0,0,0
420513,2,1,1988,0,0,0,0,0,0,0,0,0,0
420514,1,1,1988,0,0,0,0,0,0,0,0,0,0
420514,2,1,1988,0,0,0,0,0,0,0,0,0,0
420515,1,1,1988,0,0,0,0,0,0,0,0,8,0
420516,1,1,1988,0,0,0,0,0,0,0,0,0,0
420516,2,1,1988,0,0,0,0,0,0,0,0,0,0
420517,1,1,1988,17,0,0,0,0,0,0,0,0,0
420517,2,1,1988,0,0,0,0,9,0,6,0,0,0
420518,1,1,1988,28,28,28,28,28,28,28,28,28,28
420518,2,1,1988,0,0,0,0,0,0,0,0,0,0
420520,1,1,1988,41,41,41,41,41,41,41,41,41,41
420520,2,1,1988,0,0,0,0,0,0,0,0,0,0
420521,1,1,1988,22,22,22,22,22,22,22,22,22,22
420522,0,1,1988,0,0,0,0,0,0,0,0,0,0
420522,1,1,1988,0,0,0,0,0,0,0,0,0,0
420523,1,1,1988,0,0,0,0,0,0,0,0,0,0
420524,1,1,1988,0,0,0,0,0,0,0,0,0,0
420525,0,1,1988,0,0,0,0,0,0,0,0,0,0
420525,1,1,1988,0,0,0,24,0,0,0,0,0,0
420526,1,1,1988,0,0,0,0,0,0,0,0,0,0
420526,2,1,1988,11,0,0,0,0,0,0,0,0,0
420527,1,1,1988,19,19,19,19,19,19,19,19,19,19
420528,0,1,1988,0,0,0,0,0,0,0,0,0,0
420528,1,1,1988,0,0,0,0,0,0,0,0,0,0
420529,1,1,1988,0,0,0,0,0,0,0,0,0,0
420529,2,1,1988,0,0,0,0,0,0,0,0,0,0
420530,1,1,1988,0,0,0,0,0,0,0,0,0,0
420530,2,1,1988,0,0,0,0,0,0,0,0,0,0
420531,0,1,1988,0,0,0,0,0,0,0,0,0,0
420531,1,1,1988,0,0,0,0,0,0,0,0,0,0
420532,1,1,1988,30,30,30,30,30,30,30,30,30,30
420532,2,1,1988,10,10,10,10,10,10,10,10,10,10
420533,1,1,1988,12,12,12,12,12,12,12,12,12,12
420534,1,1,1988,0,0,0,0,0,0,0,0,0,0
420535,1,1,1988,0,0,0,0,0,0,0,0,0,0
420536,1,1,1988,0,0,0,0,0,0,0,0,0,0
420537,1,1,1988,0,0,0,33,19,15,26,0,0,8
420538,1,1,1988,23,23,23,23,23,23,23,23,23,23
420538,2,1,1988,0,0,0,0,0,0,0,0,0,0
420539,1,1,1988,0,0,0,0,0,0,0,0,0,0
420539,2,1,1988,11,3,14,2,16,9,0,10,0,9
420540,1,1,1988,14,14,14,14,14,14,14,14,14,14
420541,1,1,1988,27,27,27,27,27,27,27,27,27,27
420542,1,1,1988,0,0,0,0,0,0,0,0,0,0
420542,2,1,1988,0,0,0,0,0,0,0,0,0,0
420543,1,1,1988,17,17,17,17,17,17,17,17,17,17
420543,2,1,1988,0,0,0,29,0,0,0,0,0,0
420543,3,1,1988,20,13,30,0,4,19,30,6,5,3
420544,1,1,1988,0,0,0,0,0,8,12,0,0,0
420544,2,1,1988,0,0,0,0,0,0,0,0,0,0
420545,1,1,1988,11,11,11,11,11,11,11,11,11,11
420545,2,1,1988,0,0,0,0,0,0,0,0,0,0
420546,1,1,1988,21,21,21,21,21,21,21,21,21,21
420547,1,1,1988,0,0,0,0,0,0,0,0,0,0
420548,1,1,1988,0,0,0,0,0,0,0,0,0,0
420548,2,1,1988,0,0,0,0,0,0,0,0,0,0
420549,1,1,1988,0,0,0,0,0,0,0,0,0,0
420550,1,1,1988,0,0,0,0,0,0,0,0,0,0
420550,2,1,1988,0,0,16,0,0,8,0,0,0,0
420551,1,1,1988,7,7,7,7,7,7,7,7,7,7
420552,1,1,1988,6,6,6,6,6,6,6,6,6,6
420552,2,1,1988,9,0,0,0,0,0,0,0,0,0
420553,1,1,1988,39,39,39,39,39,39,39,39,39,39
420554,1,1,1988,16,16,16,16,16,16,16,16,16,16
420555,0,1,1988,11,11,11,11,11,11,11,11,11,11
420555,1,1,1988,7,7,7,7,7,7,7,7,7,7
420556,1,1,1988,20,20,20,20,20,20,20,20,20,20
420557,1,1,1988,0,0,0,0,21,0,0,0,0,0
420557,2,1,1988,0,0,0,0,0,0,0,0,0,0
420558,0,1,1988,0,0,0,0,0,0,0,0,0,0
420558,1,1,1988,0,0,0,0,0,0,0,0,0,0
420559,1,1,1988,0,0,16,0,0,13,0,0,0,0
420559,2,1,1988,16,0,0,0,0,0,0,0,0,0
420560,1,1,1988,17,17,17,17,17,17,17,17,17,17
420560,2,1,1988,9,9,9,9,9,9,9,9,9,9
420561,1,1,1988,18,18,18,18,18,18,18,18,18,18
420562,1,1,1988,0,0,0,0,0,0,0,0,0,0
420562,2,1,1988,0,0,0,0,0,0,0,0,0,0
420563,1,1,1988,0,0,0,0,0,0,0,0,0,0
420563,2,1,1988,0,0,0,0,0,0,0,0,0,0
420564,1,1,1988,0,0,0,0,0,0,0,0,0,0
420564,2,1,1988,0,0,0,0,0,0,0,0,0,0
420565,1,1,1988,0,0,0,0,0,0,0,0,0,0
420566,1,1,1988,0,0,0,0,0,0,0,0,0,0
420566,2,1,1988,0,0,0,0,0,0,0,0,0,0
420567,1,1,1988,0,0,0,0,0,0,0,0,0,0
420567,2,1,1988,0,0,0,0,0,0,0,0,0,0
420568,1,1,1988,0,0,0,0,0,0,0,0,0,0
420568,2,1,1988,0,0,0,0,0,0,0,0,0,0
420569,1,1,1988,0,0,0,0,0,0,0,0,0,0
420570,1,1,1988,8,8,8,8,8,8,8,8,8,8
420571,1,1,1988,27,27,27,27,27,27,27,27,27,27
420572,1,1,1988,0,0,0,0,0,0,0,0,0,0
420572,2,1,1988,0,0,0,0,0,0,0,0,0,0
420573,1,1,1988,15,15,15,15,15,15,15,15,15,15
420573,2,1,1988,0,0,0,0,0,0,0,0,0,0
420574,1,1,1988,0,0,0,0,0,0,0,0,0,0
420575,1,1,1988,0,0,0,0,25,21,0,21,0,0
420576,0,1,1988,0,0,0,30,0,0,0,0,0,0
420576,1,1,1988,0,0,0,0,0,0,0,0,0,0
420577,1,1,1988,26,26,26,26,26,26,26,26,26,26
420578,1,1,1988,26,26,26,26,26,26,26,26,26,26
420579,1,1,1988,20,20,20,20,20,20,20,20,20,20
420579,2,1,1988,5,21,12,10,20,6,0,27,26,0
420580,1,1,1988,15,15,15,15,15,15,15,15,15,15
420580,2,1,1988,0,0,0,0,0,0,0,0,0,0
420581,1,1,1988,0,0,0,0,0,0,0,0,0,0
420581,2,1,1988,0,0,0,0,0,0,0,0,0,0
420582,1,1,1988,0,0,0,0,0,0,0,0,0,0
420582,2,1,1988,0,0,0,0,0,0,0,0,0,0
420582,3,1,1988,0,0,0,0,0,0,10,0,0,0
420583,0,1,1988,0,0,0,0,0,0,0,0,0,0
420583,1,1,1988,0,0,0,0,0,0,0,0,0,0
420584,1,1,1988,17,17,17,17,17,17,17,17,17,17
420584,2,1,1988,0,0,0,0,0,0,0,0,0,0
420585,0,1,1988,0,19,21,25,18,0,0,0,0,0
420585,0,2,1988,10,0,4,37,33,0,34,30,0,16
420585,1,1,1988,13,13,13,13,13,13,13,13,13,13
420586,1,1,1988,11,11,11,11,11,11,11,11,11,11
420587,1,1,1988,0,0,0,0,0,0,0,0,0,0
420587,2,1,1988,0,0,0,0,0,0,0,0,0,0
420588,1,1,1988,35,23,24,8,21,19,32,18,0,29
420588,2,1,1988,30,12,24,14,9,14,0,0,15,14
420589,1,1,1988,0,0,0,0,0,0,0,0,0,0
420589,2,1,1988,0,0,0,0,0,0,0,0,0,0
420590,0,1,1988,0,0,0,0,0,0,0,0,0,0
420590,1,1,1988,0,0,0,0,0,0,0,0,0,0
420591,1,1,1988,12,12,12,12,12,12,12,12,12,12
420591,2,1,1988,15,15,15,15,15,15,15,15,15,15
420592,1,1,1988,14,16,9,15,15,21,11,13,31,15
420593,1,1,1988,0,11,10,0,0,0,0,0,0,14
420594,1,1,1988,0,0,0,0,0,0,0,0,0,0
420595,1,1,1988,35,35,35,35,35,35,35,35,35,35
420596,0,1,1988,0,0,0,0,0,0,0,0,0,0
420596,1,1,1988,0,0,0,0,0,14,0,0,0,0
420597,1,1,1988,0,14,11,19,22,37,29,18,23,14
420597,2,1,1988,0,0,0,0,0,6,12,0,0,16
420597,3,1,1988,0,0,0,0,0,0,0,0,0,0
420598,1,1,1988,16,16,16,16,16,16,16,16,16,16
420599,1,1,1988,19,19,19,19,19,19,19,19,19,19
420599,2,1,1988,0,0,0,0,0,0,0,0,0,0
420600,1,1,1988,16,16,16,16,16,16,16,16,16,16
420600,2,1,1988,0,0,0,0,0,0,0,0,0,0
420601,0,1,1988,12,12,12,12,12,12,12,12,12,12
420601,1,1,1988,0,0,0,0,0,0,0,0,0,0
420602,1,1,1988,0,0,0,0,0,0,0,0,0,0
420602,2,1,1988,0,0,0,0,0,0,0,0,0,0
420603,1,1,1988,0,0,0,0,0,7,0,0,15,0
420603,2,1,1988,0,0,0,0,0,0,0,0,0,0
420604,1,1,1988,14,14,14,14,14,14,14,14,14,14
420605,1,1,1988,26,26,26,26,26,26,26,26,26,26
420606,1,1,1988,19,19,19,19,19,19,19,19,19,19
420607,1,1,1988,20,18,0,4,17,8,10,17,14,15
420608,1,1,1988,10,10,10,10,10,10,10,10,10,10
420609,1,1,1988,0,0,0,0,0,0,0,0,0,0
420609,2,1,1988,0,0,0,0,0,0,0,0,0,0
420610,1,1,1988,14,0,0,30,17,0,0,0,14,0
420610,2,1,1988,2,2,2,2,2,2,2,2,2,2
420611,1,1,1988,18,18,18,18,18,18,18,18,18,18
420611,2,1,1988,8,18,0,29,0,27,12,0,0,0
420612,1,1,1988,0,0,0,0,0,0,0,0,0,0
420612,2,1,1988,0,0,0,0,0,0,0,0,0,0
420613,1,1,1988,0,0,0,0,0,0,0,0,0,0
420614,0,1,1988,0,0,0,0,0,0,0,0,0,0
420614,1,1,1988,15,21,0,16,17,12,12,12,14,22
420615,1,1,1988,0,0,0,0,0,0,0,0,0,0
420616,1,1,1988,28,36,10,8,0,9,15,22,21,0
420617,1,1,1988,0,0,0,0,0,0,0,0,0,0
420617,2,1,1988,0,0,0,0,0,0,0,0,0,0
420617,3,1,1988,0,0,0,0,0,0,0,0,0,0
420618,0,1,1988,0,0,0,0,0,0,0,0,0,0
420618,1,1,1988,0,0,0,0,0,0,0,0,0,0
420619,0,1,1988,0,0,0,0,0,0,0,0,0,0
420619,1,1,1988,34,0,0,0,0,0,0,0,0,0
420620,0,1,1988,0,0,0,0,0,0,0,0,0,19
420620,1,1,1988,0,0,0,0,0,0,0,0,16,0
420621,1,1,1988,11,11,11,11,11,11,11,11,11,11
420622,1,1,1988,0,0,0,0,0,0,0,0,0,0
420623,1,1,1988,0,0,15,17,10,8,24,25,14,9
420624,1,1,1988,30,30,30,30,30,30,30,30,30,30
420625,1,1,1988,17,17,17,17,17,17,17,17,17,17
420626,1,1,1988,29,29,29,29,29,29,29,29,29,29
420626,2,1,1988,12,12,12,12,12,12,12,12,12,12
420627,1,1,1988,21,21,21,21,21,21,21,21,21,21
420628,1,1,1988,28,0,0,12,0,0,0,0,23,0
420629,1,1,1988,0,0,0,0,0,0,0,0,0,0
420630,1,1,1988,0,0,0,0,0,0,0,0,0,0
420630,2,1,1988,0,0,0,0,0,0,0,0,0,0
420631,1,1,1988,15,15,15,15,15,15,15,15,15,15
420632,1,1,1988,0,0,0,0,0,0,0,0,0,0
420632,2,1,1988,0,23,19,0,0,0,0,0,0,0
420633,1,1,1988,0,18,12,9,20,26,24,14,13,19
420633,2,1,1988,0,0,0,0,0,0,0,0,0,0
420634,1,1,1988,19,19,19,19,19,19,19,19,19,19
420634,2,1,1988,0,0,0,0,13,0,0,0,0,0
420634,3,1,1988,0,0,8,0,0,0,0,0,0,0
420635,1,1,1988,0,0,0,0,0,0,0,0,0,0
420635,2,1,1988,0,0,22,0,0,0,0,0,0,0
420635,3,1,1988,0,0,0,0,0,0,0,0,0,0
420636,1,1,1988,0,0,0,0,0,0,0,0,0,0
420636,2,1,1988,0,0,0,0,0,0,0,0,0,0
420637,0,1,1988,0,0,0,0,0,0,0,0,0,0
420637,1,1,1988,0,0,0,0,0,0,0,0,0,0
420638,1,1,1988,0,0,0,0,0,0,0,0,0,0
420638,2,1,1988,0,0,0,0,0,0,0,0,0,0
420639,1,1,1988,0,0,0,23,0,0,0,26,37,11
420640,0,1,1988,0,0,0,0,0,0,0,0,0,0
420640,1,1,1988,0,0,0,0,0,0,0,0,0,0
420641,0,1,1988,0,0,0,0,0,0,0,0,0,0
420641,1,1,1988,0,0,0,0,0,0,0,0,0,0
420642,1,1,1988,0,0,0,0,0,0,0,0,0,0
420642,2,1,1988,0,0,0,0,0,0,0,0,0,0
420643,0,1,1988,0,0,0,0,0,0,0,0,0,0
420643,1,1,1988,0,0,0,0,0,0,0,0,0,0
420644,1,1,1988,0,0,0,0,0,0,0,0,0,0
420644,2,1,1988,0,0,0,0,0,0,0,0,0,0
420645,1,1,1988,0,0,0,0,0,0,0,0,0,0
420645,2,1,1988,0,0,0,0,0,0,0,0,0,0
420646,1,1,1988,0,0,0,7,0,0,0,0,0,0
420646,2,1,1988,17,17,17,17,17,17,17,17,17,17
420647,1,1,1988,23,23,23,23,23,23,23,23,23,23
420648,1,1,1988,0,0,0,0,0,0,0,0,0,0
420648,2,1,1988,0,0,0,0,0,0,14,17,0,0
420649,1,1,1988,9,0,0,15,17,16,0,14,18,9
420649,2,1,1988,0,0,0,0,0,0,0,0,0,0
420650,1,1,1988,12,12,12,12,12,12,12,12,12,12
420650,2,1,1988,0,0,19,0,0,0,0,8,0,0
420651,1,1,1988,0,0,0,0,0,0,0,0,0,0
420652,1,1,1988,10,10,10,10,10,10,10,10,10,10
420653,1,1,1988,0,0,0,0,0,0,0,0,0,29
420654,1,1,1988,22,22,22,22,22,22,22,22,22,22
420654,2,1,1988,0,0,0,0,0,0,0,0,0,0
420655,1,1,1988,0,0,0,0,0,0,0,0,0,0
420655,2,1,1988,4,4,4,4,4,4,4,4,4,4
420656,1,1,1988,14,14,14,14,14,14,14,14,14,14
420657,0,1,1988,0,0,0,0,0,0,0,0,0,0
420657,1,1,1988,0,0,0,0,0,0,0,0,0,0
420658,1,1,1988,0,0,0,0,0,0,0,0,0,0
420658,2,1,1988,0,0,0,0,0,0,0,0,0,0
420659,1,1,1988,11,11,11,11,11,11,11,11,11,11
420660,1,1,1988,0,0,0,0,0,0,0,0,0,0
420660,2,1,1988,0,0,0,0,0,0,0,0,0,0
420661,1,1,1988,19,19,19,19,19,19,19,19,19,19
420662,1,1,1988,27,27,27,27,27,27,27,27,27,27
420662,2,1,1988,19,19,19,19,19,19,19,19,19,19
420663,1,1,1988,24,24,24,24,24,24,24,24,24,24
420663,2,1,1988,0,0,0,0,0,0,0,0,0,0
420664,1,1,1988,0,0,0,0,0,0,0,0,0,0
420666,1,1,1988,22,22,22,22,22,22,22,22,22,22
420667,1,1,1988,0,0,0,0,0,0,0,0,0,0
420667,2,1,1988,0,0,0,0,0,0,0,0,0,0
420667,3,1,1988,0,0,0,0,0,0,0,0,0,0
420668,1,1,1988,0,0,0,0,0,0,0,0,0,0
420668,2,1,1988,0,5,0,0,0,0,0,0,0,0
420669,1,1,1988,21,21,21,21,21,21,21,21,21,21
420669,2,1,1988,0,0,0,0,0,0,0,0,0,0
420670,1,1,1988,0,0,0,0,0,0,0,0,0,0
420670,2,1,1988,0,0,0,0,0,0,0,0,0,0
420671,1,1,1988,0,0,0,0,0,0,0,0,0,0
420672,0,1,1988,0,0,0,0,0,0,0,0,0,0
420673,0,1,1988,0,0,0,0,0,0,0,0,0,0
420673,1,1,1988,17,17,17,17,17,17,17,17,17,17
420674,1,1,1988,18,18,18,18,18,18,18,18,18,18
420674,2,1,1988,0,0,0,0,0,0,0,0,0,0
420675,1,1,1988,22,22,22,22,22,22,22,22,22,22
420677,1,1,1988,12,12,12,12,12,12,12,12,12,12
420678,1,1,1988,0,0,0,0,0,0,0,0,0,0
420678,2,1,1988,0,0,0,0,0,0,0,0,0,0
420679,1,1,1988,0,0,0,0,0,0,0,0,0,0
420679,2,1,1988,11,11,11,11,11,11,11,11,11,11
420680,1,1,1988,22,22,22,22,22,22,22,22,22,22
420681,1,1,1988,0,0,0,0,0,0,0,0,0,0
420681,2,1,1988,0,0,0,0,0,0,0,0,0,0
420682,0,1,1988,34,34,34,34,34,34,34,34,34,34
420682,1,1,1988,0,19,0,0,0,0,24,0,0,0
420683,1,1,1988,0,0,0,0,0,0,0,0,0,0
420683,2,1,1988,0,0,0,0,0,0,0,0,0,0
420684,1,1,1988,0,0,0,0,0,0,0,0,0,0
420684,2,1,1988,0,0,0,0,0,0,0,0,0,0
420685,1,1,1988,0,0,0,0,0,15,0,0,0,0
420685,2,1,1988,0,0,0,0,0,0,0,0,0,0
420686,0,1,1988,0,0,0,0,0,0,0,0,0,0
420686,1,1,1988,0,0,0,0,0,0,0,0,0,0
420687,0,1,1988,0,0,0,0,0,0,0,0,0,0
420687,1,1,1988,0,0,0,0,0,0,0,0,0,11
420687,2,1,1988,0,0,3,0,0,0,12,0,0,0
420688,1,1,1988,0,0,0,0,0,0,0,0,0,0
420689,1,1,1988,17,19,17,0,0,13,0,15,11,0
420690,1,1,1988,15,11,16,10,19,15,0,0,0,12
420691,1,1,1988,0,0,0,0,0,0,0,0,0,0
420691,2,1,1988,18,0,0,0,22,4,0,12,26,20
420692,1,1,1988,31,31,31,31,31,31,31,31,31,31
420692,2,1,1988,0,0,0,0,0,0,0,0,0,0
420693,1,1,1988,11,11,11,11,11,11,11,11,11,11
420694,1,1,1988,0,0,0,0,0,0,0,0,0,0
420695,1,1,1988,19,19,19,19,19,19,19,19,19,19
420696,1,1,1988,0,0,0,0,0,0,0,0,0,0
420697,0,1,1988,0,0,0,0,0,0,0,0,0,0
420697,1,1,1988,0,0,0,0,0,0,0,0,0,0
420698,1,1,1988,75,75,75,75,75,75,75,75,75,75
420698,2,1,1988,0,0,0,0,0,0,0,0,0,0
420699,1,1,1988,38,38,38,38,38,38,38,38,38,38
420700,1,1,1988,2,2,2,2,2,2,2,2,2,2
420701,1,1,1988,21,8,43,0,13,34,0,6,20,24
420702,1,1,1988,0,12,0,0,0,0,0,0,0,0
420702,2,1,1988,0,14,0,0,0,0,0,0,23,0
420703,1,1,1988,19,19,19,19,19,19,19,19,19,19
420703,2,1,1988,0,0,0,0,0,0,0,0,0,0
420703,3,1,1988,11,18,11,14,17,0,3,0,6,7
420704,0,1,1988,0,0,0,0,0,0,0,0,0,0
420704,1,1,1988,0,0,0,0,0,0,0,0,0,0
420705,1,1,1988,14,14,14,14,14,14,14,14,14,14
420706,1,1,1988,15,14,24,15,24,16,23,20,30,11
420707,1,1,1988,0,0,0,0,0,0,0,0,0,12
420708,1,1,1988,15,11,38,15,6,0,9,19,12,0
420708,2,1,1988,0,0,0,0,0,0,0,0,0,0
420710,1,1,1988,32,32,32,32,32,32,32,32,32,32
420710,2,1,1988,0,0,0,13,0,0,0,0,0,0
420711,1,1,1988,17,17,17,17,17,17,17,17,17,17
420712,1,1,1988,15,15,15,15,15,15,15,15,15,15
420712,2,1,1988,0,0,0,0,0,0,0,0,0,0
420713,1,1,1988,0,0,0,0,0,0,0,0,0,0
420714,1,1,1988,12,12,12,12,12,12,12,12,12,12
420715,1,1,1988,34,34,34,34,34,34,34,34,34,34
420716,0,1,1988,24,0,29,0,32,0,0,0,0,16
420716,1,1,1988,20,7,26,12,14,15,23,9,24,27
420717,1,1,1988,0,0,0,0,0,0,0,0,0,0
420718,1,1,1988,0,0,0,0,0,0,0,0,0,0
420719,1,1,1988,0,0,0,0,0,0,0,0,0,0
420719,2,1,1988,0,0,9,0,0,0,0,0,0,0
420719,3,1,1988,0,0,0,0,0,0,0,21,0,0
420720,1,1,1988,0,13,0,18,0,11,13,0,0,0
420720,2,1,1988,0,0,0,8,0,0,0,0,0,0
420720,3,1,1988,0,0,0,0,0,0,0,0,0,0
420721,1,1,1988,17,17,17,17,17,17,17,17,17,17
420722,0,1,1988,0,0,0,0,0,0,0,0,0,0
420722,1,1,1988,0,0,0,0,0,0,0,0,0,0
420723,0,1,1988,0,0,0,0,0,0,0,0,0,0
420723,1,1,1988,0,0,0,0,0,0,0,0,0,0
420724,1,1,1988,0,0,0,0,0,0,0,0,0,0
420725,1,1,1988,0,0,0,0,0,0,0,0,0,0
420725,2,1,1988,0,0,0,0,0,0,0,0,0,0
420725,3,1,1988,0,0,0,0,0,0,0,0,0,0