ST_CASE,VEH_NO,PER_NO,YEAR,P1,P2,P3,P4,P5,P6,P7,P8,P9,P10
421001,1,1,1988,9,9,9,9,9,9,9,9,9,9
421002,1,1,1988,9,9,9,9,9,9,9,9,9,9
421003,0,1,1988,0,0,0,0,0,0,0,0,0,0
421003,1,1,1988,0,0,0,0,0,0,0,0,0,0
421004,1,1,1988,22,22,22,22,22,22,22,22,22,22
421005,1,1,1988,0,0,0,0,0,0,0,0,0,0
421005,2,1,1988,19,0,0,0,8,17,0,0,0,0
421006,1,1,1988,0,0,0,0,0,0,0,0,0,0
421007,0,1,1988,35,35,35,35,35,35,35,35,35,35
421007,1,1,1988,0,0,0,0,0,0,0,0,0,0
421008,1,1,1988,0,0,0,0,0,0,0,0,0,0
421008,2,1,1988,0,0,0,0,0,0,0,0,0,0
421009,1,1,1988,15,15,15,15,15,15,15,15,15,15
421010,1,1,1988,0,0,0,0,0,0,0,0,0,0
421010,2,1,1988,0,0,0,0,0,0,0,0,0,0
421011,1,1,1988,0,0,0,0,0,0,0,0,0,0
421011,2,1,1988,0,0,0,0,0,0,0,0,0,0
421011,3,1,1988,0,0,0,0,0,0,0,0,0,0
421011,4,1,1988,0,0,0,0,0,0,0,0,0,0
421012,1,1,1988,0,0,0,0,0,0,0,0,0,0
421012,2,1,1988,0,0,0,0,0,0,0,0,0,0
421013,1,1,1988,0,0,0,0,0,0,0,0,0,0
421014,1,1,1988,0,0,0,0,0,0,0,0,0,0
421014,2,1,1988,0,0,0,0,0,0,0,0,0,0
421015,1,1,1988,0,0,0,0,0,0,0,0,0,0
421016,1,1,1988,0,0,0,0,0,0,0,0,0,0
421017,1,1,1988,0,0,0,0,0,0,0,0,0,0
421017,2,1,1988,0,0,0,0,0,0,0,0,0,0
421018,0,1,1988,0,0,0,0,0,0,0,0,0,0
421018,1,1,1988,0,0,0,0,0,0,0,0,0,0
421019,1,1,1988,7,7,7,7,7,7,7,7,7,7
421019,2,1,1988,0,0,0,0,0,0,0,0,0,0
421019,3,1,1988,0,0,0,0,0,0,0,14,0,0
421020,1,1,1988,0,0,0,0,0,0,0,0,0,0
421021,1,1,1988,0,0,0,18,0,17,0,0,0,0
421021,2,1,1988,0,0,0,0,0,0,0,0,0,0
421022,1,1,1988,18,18,18,18,18,18,18,18,18,18
421023,1,1,1988,16,16,16,16,16,16,16,16,16,16
421023,2,1,1988,0,0,0,0,0,0,0,0,0,0
421024,0,1,1988,0,0,0,0,0,0,0,0,0,0
421024,1,1,1988,0,0,0,0,0,0,0,0,0,0
421025,1,1,1988,26,26,26,26,26,26,26,26,26,26
421026,1,1,1988,0,0,0,0,0,0,0,0,0,0
421026,2,1,1988,0,0,0,0,0,0,0,0,0,0
421027,1,1,1988,0,0,0,0,0,0,0,0,0,0
421027,2,1,1988,17,17,17,17,17,17,17,17,17,17
421028,1,1,1988,24,24,24,24,24,24,24,24,24,24
421029,1,1,1988,0,0,0,0,18,0,0,0,0,10
421029,2,1,1988,0,0,0,0,0,0,0,0,0,0
421030,1,1,1988,0,0,0,0,0,0,0,0,0,0
421030,2,1,1988,0,0,0,0,0,0,0,0,1,0
421031,1,1,1988,0,0,0,0,0,0,0,0,0,0
421031,2,1,1988,0,0,0,0,0,0,0,0,0,0
421032,1,1,1988,0,0,0,0,0,0,0,0,0,0
421032,2,1,1988,22,22,22,22,22,22,22,22,22,22
421033,1,1,1988,0,0,0,0,0,0,0,0,0,0
421033,2,1,1988,0,0,0,0,0,0,0,0,0,0
421034,0,1,1988,0,0,0,0,0,0,0,0,0,0
421034,1,1,1988,32,0,0,0,0,0,0,0,0,5
421035,1,1,1988,14,14,14,14,14,14,14,14,14,14
421036,1,1,1988,25,12,20,18,15,24,0,0,9,20
421037,1,1,1988,0,0,0,0,0,0,0,0,0,0
421037,2,1,1988,0,0,0,0,0,0,0,0,0,0
421038,1,1,1988,0,0,0,0,0,0,0,0,0,0
421039,0,1,1988,0,0,28,0,0,0,0,0,18,43
421039,1,1,1988,0,0,0,0,0,0,0,0,0,0
421039,2,1,1988,0,0,0,0,0,0,0,0,0,0
421039,3,1,1988,0,0,2,0,0,0,0,0,0,0
421040,1,1,1988,10,10,10,10,10,10,10,10,10,10
421040,2,1,1988,0,0,0,0,0,0,0,0,0,0
421041,1,1,1988,0,0,0,0,0,0,0,0,0,0
421041,2,1,1988,0,0,0,0,0,0,0,0,0,0
421042,1,1,1988,0,0,0,0,0,0,0,0,0,0
421043,1,1,1988,20,20,20,20,20,20,20,20,20,20
421044,1,1,1988,33,33,33,33,33,33,33,33,33,33
421045,1,1,1988,17,17,17,17,17,17,17,17,17,17
421046,1,1,1988,0,0,0,0,0,0,0,0,0,0
421046,2,1,1988,0,0,0,0,0,0,0,0,0,0
421047,1,1,1988,18,18,18,18,18,18,18,18,18,18
421047,2,1,1988,0,0,0,0,0,0,0,0,6,0
421048,1,1,1988,0,0,0,0,0,0,0,0,0,0
421048,2,1,1988,0,0,0,0,0,0,0,0,0,0
421048,3,1,1988,0,0,0,0,0,0,0,0,0,0
421048,4,1,1988,0,0,0,0,0,0,15,0,0,0
421049,1,1,1988,0,0,0,0,0,0,0,0,0,0
421049,2,1,1988,0,0,0,0,0,0,0,0,0,0
421050,1,1,1988,0,0,0,0,0,0,0,0,0,0
421051,1,1,1988,19,19,19,19,19,19,19,19,19,19
421051,2,1,1988,10,10,10,10,10,10,10,10,10,10
421052,1,1,1988,0,0,0,0,0,0,0,0,0,0
421052,2,1,1988,0,0,0,0,0,0,0,0,0,0
421053,0,1,1988,0,0,0,0,0,0,0,0,0,0
421053,1,1,1988,0,0,0,0,0,0,0,0,0,0
421054,0,1,1988,0,0,0,0,0,0,0,0,0,0
421054,1,1,1988,14,0,0,0,0,20,0,0,0,0
421055,1,1,1988,0,0,0,0,0,0,0,0,0,0
421055,2,1,1988,0,0,0,0,0,0,0,0,0,0
421056,1,1,1988,0,0,0,0,0,0,0,0,0,0
421056,2,1,1988,17,17,17,17,17,17,17,17,17,17
421056,3,1,1988,0,0,0,0,0,0,0,0,0,0
421057,1,1,1988,0,0,0,0,0,0,0,0,0,0
421057,2,1,1988,0,0,0,0,0,0,0,0,0,0
421058,1,1,1988,0,0,0,0,0,0,0,0,0,0
421058,2,1,1988,0,0,0,0,0,0,0,0,0,0
421059,1,1,1988,0,0,0,0,0,0,0,0,0,0
421059,2,1,1988,0,5,0,0,0,0,0,0,0,0
421060,1,1,1988,0,0,0,0,0,0,0,0,0,0
421060,2,1,1988,0,0,0,0,0,0,0,0,0,0
421060,3,1,1988,0,0,0,0,0,0,0,0,0,0
421060,4,1,1988,0,0,0,0,0,0,0,0,0,0
421061,1,1,1988,0,0,0,0,0,0,0,0,0,0
421061,2,1,1988,0,0,0,0,0,0,0,0,0,22
421062,1,1,1988,0,0,19,0,17,0,10,0,0,7
421063,1,1,1988,10,10,0,0,11,0,0,0,0,0
421063,2,1,1988,0,0,0,0,0,0,0,0,0,0
421064,1,1,1988,14,13,5,8,19,5,0,9,8,26
421066,2,1,1988,14,14,14,14,14,14,14,14,14,14
421067,1,1,1988,23,23,23,23,23,23,23,23,23,23
421067,2,1,1988,0,0,0,0,0,0,0,0,14,0
421068,0,1,1988,0,0,0,0,0,0,0,0,0,0
421068,1,1,1988,8,8,8,8,8,8,8,8,8,8
421069,1,1,1988,0,0,0,0,0,0,0,0,0,0
421069,2,1,1988,0,0,0,0,0,0,0,0,0,0
421069,3,1,1988,0,0,0,0,0,0,0,0,0,0
421069,4,1,1988,0,0,0,0,0,0,0,0,0,0
421070,1,1,1988,19,19,19,19,19,19,19,19,19,19
421070,2,1,1988,0,0,0,0,0,0,0,0,0,0
421070,3,1,1988,0,0,0,0,0,0,0,0,0,0
421071,1,1,1988,17,17,17,17,17,17,17,17,17,17
421071,2,1,1988,9,9,9,9,9,9,9,9,9,9
421072,1,1,1988,7,7,7,7,7,7,7,7,7,7
421073,1,1,1988,0,0,0,7,0,0,0,0,0,0
421073,2,1,1988,0,4,0,0,16,0,0,0,0,0
421074,0,1,1988,0,0,0,0,0,0,0,0,0,0
421074,1,1,1988,0,0,0,0,0,0,0,0,0,0
421075,1,1,1988,19,19,19,19,19,19,19,19,19,19
421075,2,1,1988,0,0,0,0,0,0,0,0,0,0
421076,1,1,1988,0,0,0,0,0,0,0,0,0,0
421076,2,1,1988,0,0,0,0,0,0,0,0,0,0
421077,0,1,1988,18,0,0,0,0,10,20,0,0,25
421077,0,2,1988,0,0,0,17,0,0,0,0,0,0
421077,1,1,1988,0,0,0,0,2,0,0,0,0,0
421078,1,1,1988,19,19,19,19,19,19,19,19,19,19
421078,2,1,1988,0,0,0,0,0,0,0,0,0,0
421079,0,1,1988,17,26,17,6,0,15,6,3,0,0
421079,1,1,1988,23,23,23,23,23,23,23,23,23,23
421080,1,1,1988,24,25,0,0,14,3,19,26,26,0
421081,1,1,1988,0,0,0,0,0,0,0,0,0,0
421081,2,1,1988,0,0,0,0,0,0,0,0,0,0
421081,3,1,1988,0,0,23,0,0,0,12,0,0,0
421082,0,1,1988,24,24,24,24,24,24,24,24,24,24
421082,1,1,1988,0,0,0,0,0,0,0,0,0,0
421083,0,1,1988,0,0,0,0,0,0,0,0,0,0
421083,1,1,1988,16,0,0,0,0,0,0,0,0,0
421084,1,1,1988,28,28,28,28,28,28,28,28,28,28
421084,2,1,1988,0,0,0,0,0,0,0,0,0,0
421085,1,1,1988,0,0,0,0,19,0,0,0,23,14
421086,1,1,1988,0,0,0,0,0,0,0,0,0,0
421086,2,1,1988,0,0,0,0,0,0,0,0,0,0
421087,1,1,1988,0,0,0,0,0,0,0,0,0,0
421088,1,1,1988,14,11,5,6,7,19,25,11,5,15
421088,2,1,1988,0,0,0,0,0,0,0,0,0,0
421089,1,1,1988,0,0,0,0,0,0,0,0,0,0
421089,2,1,1988,0,0,0,0,0,0,0,0,0,0
421089,3,1,1988,0,0,0,0,0,0,0,0,0,0
421090,1,1,1988,6,6,6,6,6,6,6,6,6,6
421091,1,1,1988,0,0,0,0,0,0,0,0,0,0
421092,1,1,1988,0,0,0,0,0,0,0,0,0,0
421093,1,1,1988,0,0,0,0,63,0,0,0,0,0
421094,0,1,1988,0,0,0,0,16,0,0,8,0,0
421094,1,1,1988,0,0,0,0,0,0,0,0,0,0
421095,1,1,1988,0,0,16,0,0,0,0,7,0,0
421095,2,1,1988,0,14,9,0,0,0,0,7,14,0
421096,1,1,1988,0,0,0,0,0,0,0,0,0,0
421096,2,1,1988,0,0,0,0,0,0,0,0,0,0
421097,1,1,1988,19,19,19,19,19,19,19,19,19,19
421098,1,1,1988,0,0,0,0,0,0,0,0,0,0
421099,0,1,1988,0,15,0,0,0,0,0,0,0,0
421099,0,2,1988,0,0,0,0,0,0,0,0,0,0
421099,1,1,1988,0,0,0,0,0,18,0,0,0,0
421100,1,1,1988,0,0,0,0,0,0,0,0,0,0
421100,2,1,1988,0,0,0,0,0,0,0,0,0,0
421101,1,1,1988,22,22,22,22,22,22,22,22,22,22
421102,1,1,1988,17,17,17,17,17,17,17,17,17,17
421103,1,1,1988,12,12,12,12,12,12,12,12,12,12
421104,1,1,1988,0,0,0,0,0,0,0,9,0,0
421104,2,1,1988,0,0,16,0,0,0,0,0,0,0
421105,0,1,1988,19,19,19,19,19,19,19,19,19,19
421105,1,1,1988,7,7,7,7,7,7,7,7,7,7
421106,1,1,1988,0,0,0,0,0,0,0,0,0,0
421107,1,1,1988,0,0,0,0,0,0,0,0,0,0
421107,2,1,1988,0,0,14,0,0,0,0,0,0,0
421107,3,1,1988,12,0,2,0,0,0,26,0,0,7
421108,1,1,1988,17,17,17,17,17,17,17,17,17,17
421109,0,1,1988,0,0,0,0,0,0,0,0,0,0
421109,1,1,1988,0,0,0,0,0,0,0,0,0,4
421110,1,1,1988,12,12,12,12,12,12,12,12,12,12
421111,1,1,1988,0,0,0,0,0,0,0,0,0,0
421111,2,1,1988,4,0,0,6,0,0,6,0,0,3
421111,3,1,1988,0,0,0,0,0,0,0,0,0,0
421112,1,1,1988,0,0,0,0,0,0,0,0,0,0
421112,2,1,1988,0,0,0,0,0,0,0,0,0,0
421113,1,1,1988,0,0,0,0,0,0,0,0,0,0
421113,2,1,1988,0,0,0,0,0,0,0,0,0,0
421114,1,1,1988,23,23,23,23,23,23,23,23,23,23
421114,2,1,1988,5,5,5,5,5,5,5,5,5,5
421115,1,1,1988,0,0,0,0,0,0,0,0,0,0
421116,1,1,1988,0,0,0,0,0,0,0,0,0,0
421116,2,1,1988,0,0,0,0,0,0,0,0,0,0
421116,3,1,1988,0,0,0,0,0,0,0,0,0,0
421117,0,1,1988,20,0,26,20,0,0,44,0,0,13
421117,1,1,1988,0,0,0,0,0,0,0,0,0,0
421117,2,1,1988,0,0,8,0,0,0,0,0,0,0
421118,1,1,1988,0,0,0,0,0,0,0,0,0,0
421118,2,1,1988,0,0,0,0,0,0,0,0,0,0
421119,1,1,1988,0,0,0,0,25,13,13,0,7,0
421119,2,1,1988,23,8,9,0,0,0,0,0,0,0
421120,1,1,1988,12,12,12,12,12,12,12,12,12,12
421120,2,1,1988,0,0,0,0,0,0,0,0,0,0
421121,1,1,1988,20,20,20,20,20,20,20,20,20,20
421122,1,1,1988,0,0,0,0,0,0,0,0,0,0
421122,2,1,1988,0,0,0,0,0,0,0,0,0,0
421123,0,1,1988,17,17,17,17,17,17,17,17,17,17
421123,1,1,1988,0,0,0,0,0,0,0,0,0,0
421124,1,1,1988,0,0,0,0,0,0,0,0,0,0
421125,1,1,1988,16,16,16,16,16,16,16,16,16,16
421126,1,1,1988,18,11,0,0,13,0,0,0,0,0
421126,2,1,1988,2,2,2,2,2,2,2,2,2,2
421127,0,1,1988,0,0,0,0,0,0,0,0,0,0
421127,1,1,1988,0,0,0,0,0,0,0,7,0,0
421128,1,1,1988,0,0,0,0,0,0,0,0,0,0
421128,2,1,1988,15,0,0,0,0,0,0,0,0,0
421129,1,1,1988,23,23,23,23,23,23,23,23,23,23
421130,1,1,1988,5,5,5,5,5,5,5,5,5,5
421130,2,1,1988,12,0,12,0,5,0,0,9,0,0
421131,1,1,1988,13,13,13,13,13,13,13,13,13,13
421132,1,1,1988,4,12,20,5,20,17,11,21,13,21
421132,2,1,1988,0,0,0,0,0,0,0,0,0,0
421133,1,1,1988,0,0,0,0,0,0,0,0,0,0
421133,2,1,1988,0,0,0,0,0,0,0,0,0,0
421134,0,1,1988,20,0,7,10,0,0,0,0,0,19
421134,0,2,1988,0,0,0,0,0,0,0,0,0,0
421134,1,1,1988,0,0,0,0,0,0,0,0,0,0
421135,1,1,1988,0,0,0,0,0,0,0,0,0,0
421135,2,1,1988,0,0,0,0,0,0,0,0,0,0
421136,1,1,1988,17,0,0,8,0,16,0,17,0,6
421136,2,1,1988,2,0,0,0,0,0,0,0,0,0
421137,1,1,1988,0,0,0,9,6,8,15,0,18,0
421137,2,1,1988,0,23,0,0,0,0,0,0,0,0
421138,1,1,1988,0,0,19,0,0,36,0,0,0,0
421139,0,1,1988,0,0,30,0,0,33,0,38,27,22
421139,1,1,1988,18,18,18,18,18,18,18,18,18,18
421140,1,1,1988,0,0,0,0,0,0,0,0,0,0
421140,2,1,1988,0,0,0,0,0,0,0,0,0,0
421141,1,1,1988,0,0,14,0,0,0,0,0,0,0
421142,1,1,1988,13,7,0,0,0,17,0,0,12,26
421142,2,1,1988,10,0,0,0,0,0,0,0,0,0
421143,1,1,1988,0,0,0,0,0,0,0,0,0,0
421144,1,1,1988,0,0,0,0,0,0,0,0,0,0
421144,2,1,1988,20,0,0,0,0,0,0,20,12,0
421144,3,1,1988,0,0,0,0,0,0,0,0,0,0
421144,4,1,1988,0,0,9,0,0,0,0,0,0,0
421144,5,1,1988,0,0,0,0,0,0,0,0,0,0
421144,6,1,1988,0,0,0,0,0,0,0,0,0,0
421144,7,1,1988,0,0,0,0,10,0,0,0,0,0
421144,8,1,1988,0,0,0,0,0,0,0,0,0,10
421145,1,1,1988,14,14,14,14,14,14,14,14,14,14
421146,1,1,1988,26,26,26,26,26,26,26,26,26,26
421146,2,1,1988,15,15,15,15,15,15,15,15,15,15
421147,1,1,1988,11,0,6,18,31,18,13,22,15,14
421148,1,1,1988,0,0,0,0,0,0,0,0,0,0
421149,1,1,1988,0,0,0,0,0,0,0,0,0,0
421149,2,1,1988,0,0,0,0,0,0,0,0,0,0
421150,1,1,1988,0,0,0,0,0,0,0,0,0,0
421150,2,1,1988,8,8,8,8,8,8,8,8,8,8
421151,1,1,1988,6,12,12,16,22,0,23,1,10,14
421152,1,1,1988,0,0,0,0,0,0,0,0,0,0
421152,2,1,1988,0,0,0,0,0,0,0,0,0,0
421153,1,1,1988,0,0,0,0,0,0,0,0,0,0
421153,2,1,1988,0,0,0,0,0,0,0,0,0,0
421154,1,1,1988,22,22,22,22,22,22,22,22,22,22
421155,0,1,1988,0,0,0,0,0,0,0,0,0,0
421155,1,1,1988,13,0,0,13,0,0,17,0,0,0
421156,0,1,1988,0,0,0,0,0,0,0,0,0,0
421156,1,1,1988,0,0,9,0,0,0,0,0,0,0
421157,1,1,1988,23,23,23,23,23,23,23,23,23,23
421158,1,1,1988,33,33,33,33,33,33,33,33,33,33
421159,1,1,1988,0,0,0,0,0,0,0,0,0,0
421159,2,1,1988,0,18,0,0,0,0,0,0,0,0
421160,1,1,1988,17,17,17,17,17,17,17,17,17,17
421161,0,1,1988,0,31,33,21,7,0,0,0,0,21
421161,1,1,1988,0,0,0,0,0,0,12,0,7,16
421162,1,1,1988,0,0,0,0,0,4,0,0,0,0
421163,0,1,1988,0,0,22,0,21,0,0,0,0,19
421163,1,1,1988,0,0,0,0,0,0,0,0,0,0
421164,1,1,1988,24,24,24,24,24,24,24,24,24,24
421164,2,1,1988,16,35,21,15,18,13,6,13,14,12
421165,1,1,1988,0,0,0,0,0,0,0,0,0,0
421166,1,1,1988,23,23,23,23,23,23,23,23,23,23
421167,1,1,1988,0,0,0,0,0,0,0,0,0,0
421167,2,1,1988,0,0,0,0,0,0,0,0,0,0
421168,1,1,1988,0,0,0,0,0,0,0,0,0,0
421169,1,1,1988,21,12,0,0,11,0,0,20,0,22
421170,1,1,1988,14,14,14,14,14,14,14,14,14,14
421170,2,1,1988,0,0,0,0,0,0,0,0,0,0
421171,1,1,1988,0,0,0,0,0,0,0,0,0,0
421171,2,1,1988,0,0,0,0,0,0,0,0,0,0
421172,1,1,1988,0,0,0,0,0,0,0,0,0,0
421173,1,1,1988,21,21,21,21,21,21,21,21,21,21
421173,2,1,1988,16,0,0,0,0,0,0,0,0,0
421174,1,1,1988,21,21,21,21,21,21,21,21,21,21
421175,1,1,1988,0,0,0,0,0,0,0,0,0,0
421176,0,1,1988,0,0,0,0,0,0,0,0,0,0
421176,1,1,1988,0,0,0,0,0,0,0,0,0,0
421177,1,1,1988,12,9,12,8,9,9,7,17,7,6
421177,2,1,1988,23,23,23,23,23,23,23,23,23,23
421178,1,1,1988,0,0,0,0,0,6,0,0,0,0
421178,2,1,1988,0,0,0,0,0,0,0,0,0,0
421179,1,1,1988,25,25,25,25,25,25,25,25,25,25
421180,0,1,1988,19,19,19,19,19,19,19,19,19,19
421180,1,1,1988,5,5,5,5,5,5,5,5,5,5
421181,0,1,1988,0,0,27,0,17,0,12,12,0,10
421181,1,1,1988,20,20,20,20,20,20,20,20,20,20
421182,0,1,1988,3,0,0,25,0,0,0,11,0,23
421182,1,1,1988,7,7,7,7,7,7,7,7,7,7
421183,1,1,1988,17,17,17,17,17,17,17,17,17,17
421184,1,1,1988,22,22,22,22,22,22,22,22,22,22
421185,1,1,1988,14,0,0,21,0,7,0,0,32,0
421185,2,1,1988,0,0,5,15,20,18,0,6,12,0
421186,1,1,1988,19,19,19,19,19,19,19,19,19,19
421187,0,1,1988,24,0,4,0,0,0,0,0,0,0
421187,1,1,1988,0,0,0,0,0,0,0,0,0,0
421188,1,1,1988,25,25,25,25,25,25,25,25,25,25
421189,1,1,1988,0,0,18,0,20,0,0,0,0,14
421189,2,1,1988,0,0,0,0,0,0,0,0,0,0
421190,1,1,1988,12,0,0,0,7,16,0,14,0,10
421190,2,1,1988,0,19,0,0,0,15,0,0,0,0
421191,1,1,1988,0,0,0,0,0,0,0,0,0,0
421192,1,1,1988,6,6,6,6,6,6,6,6,6,6
421192,2,1,1988,0,0,0,8,0,0,12,12,0,20
421193,0,1,1988,33,33,33,33,33,33,33,33,33,33
421193,1,1,1988,0,0,0,0,0,0,0,0,0,0
421194,1,1,1988,15,15,15,15,15,15,15,15,15,15
421195,1,1,1988,0,0,0,0,0,0,0,0,0,0
421196,0,1,1988,42,31,23,0,0,0,0,12,0,0
421196,1,1,1988,0,0,0,0,0,0,0,0,0,0
421197,1,1,1988,22,22,22,22,22,22,22,22,22,22
421197,2,1,1988,0,0,0,0,0,0,0,20,0,0
421198,0,1,1988,0,0,0,0,0,14,40,39,9,7
421198,1,1,1988,0,0,0,0,0,3,0,0,0,0
421199,0,1,1988,28,28,28,28,28,28,28,28,28,28
421199,1,1,1988,0,0,0,0,0,0,0,0,0,0
421200,1,1,1988,18,18,18,18,18,18,18,18,18,18
421201,1,1,1988,0,0,0,0,0,0,0,0,0,0
421201,2,1,1988,0,0,0,0,0,0,0,3,0,0
421201,3,1,1988,0,0,0,0,0,0,0,0,0,0
421202,1,1,1988,0,0,0,0,0,0,0,0,0,0
421202,2,1,1988,0,0,0,0,0,0,0,0,0,0
421203,1,1,1988,0,0,0,0,0,0,1,0,0,0
421203,2,1,1988,4,0,0,0,0,0,29,0,0,0
421203,3,1,1988,0,0,0,0,0,0,26,0,0,0
421204,1,1,1988,21,21,21,21,21,21,21,21,21,21
421205,1,1,1988,0,0,0,0,0,0,0,0,0,0
421206,1,1,1988,27,27,27,27,27,27,27,27,27,27
421207,1,1,1988,0,0,0,0,0,0,0,0,0,0
421208,1,1,1988,15,19,18,15,23,25,11,0,12,15
421209,1,1,1988,14,12,29,0,10,13,44,22,5,9
421210,0,1,1988,32,32,32,32,32,32,32,32,32,32
421210,1,1,1988,23,20,0,17,29,20,25,10,10,16
421211,1,1,1988,0,0,0,0,0,0,0,0,0,0
421212,1,1,1988,19,19,19,19,19,19,19,19,19,19
421213,1,1,1988,3,3,3,3,3,3,3,3,3,3
421214,1,1,1988,0,0,0,0,0,0,0,0,0,0
421216,1,1,1988,0,0,0,0,0,0,0,0,0,0
421216,2,1,1988,0,0,0,0,0,0,0,0,0,0
421217,1,1,1988,0,0,0,0,0,0,0,0,0,0
421217,2,1,1988,0,0,0,0,0,0,0,0,0,0
421218,1,1,1988,35,0,0,0,36,0,16,24,0,0
421218,2,1,1988,0,0,0,0,0,0,0,0,0,0
421219,1,1,1988,22,0,0,0,0,18,0,0,0,0
421219,2,1,1988,0,0,0,0,0,0,0,0,0,0
421220,1,1,1988,14,14,14,14,14,14,14,14,14,14
421220,2,1,1988,8,8,8,8,8,8,8,8,8,8
421221,0,1,1988,0,0,0,0,0,0,0,0,0,0
421221,1,1,1988,0,0,0,0,0,0,0,0,0,0
421222,1,1,1988,0,0,7,0,0,0,0,0,0,0
421223,1,1,1988,10,10,0,24,0,17,15,16,20,8
421224,1,1,1988,0,0,0,0,0,0,0,0,0,0
421224,2,1,1988,0,0,0,0,0,0,19,0,0,0
421225,1,1,1988,0,0,0,0,0,0,0,0,0,0
421225,2,1,1988,0,0,0,0,0,0,0,0,0,0
421225,3,1,1988,0,0,0,0,0,0,0,0,0,0
421226,1,1,1988,0,0,0,0,0,0,0,0,0,0
421227,1,1,1988,0,0,0,0,0,0,0,0,0,0
421227,2,1,1988,0,0,0,0,0,0,0,0,0,0
421228,0,1,1988,10,10,10,10,10,10,10,10,10,10
421228,1,1,1988,0,0,0,0,0,0,0,0,0,0
421229,1,1,1988,23,23,23,23,23,23,23,23,23,23
421230,1,1,1988,0,0,0,0,0,0,0,0,0,0
421230,2,1,1988,0,0,11,0,25,0,13,0,0,12
421231,1,1,1988,26,26,26,26,26,26,26,26,26,26
421232,1,1,1988,21,21,21,21,21,21,21,21,21,21
421233,1,1,1988,3,13,0,8,11,20,0,10,16,18
421234,1,1,1988,13,13,13,13,13,13,13,13,13,13
421235,0,1,1988,22,20,0,0,6,0,23,0,0,24
421235,1,1,1988,0,0,0,0,0,0,0,0,0,0
421236,1,1,1988,0,14,0,0,0,0,0,0,0,0
421236,2,1,1988,0,0,0,0,0,0,0,0,0,0
421236,3,1,1988,0,0,0,0,0,0,0,0,0,0
421236,4,1,1988,0,0,0,0,0,0,0,0,0,0
421236,5,1,1988,0,0,0,0,0,0,0,0,0,0
421237,1,1,1988,0,0,0,0,0,0,0,0,0,0
421237,2,1,1988,0,0,0,0,0,0,0,0,0,0
421238,1,1,1988,0,0,13,0,0,0,0,0,0,0
421238,2,1,1988,0,0,23,0,0,0,0,17,0,0
421239,1,1,1988,25,25,25,25,25,25,25,25,25,25
421240,1,1,1988,0,16,0,0,9,0,11,0,17,0
421241,1,1,1988,0,0,0,0,0,0,0,0,0,0
421241,2,1,1988,0,0,0,0,0,0,0,0,0,0
421242,1,1,1988,0,0,0,0,0,0,0,0,0,0
421242,2,1,1988,0,0,0,0,0,0,0,0,0,0
421243,0,1,1988,0,0,0,0,0,0,0,0,0,0
421243,0,2,1988,0,12,36,33,0,9,0,28,16,19
421244,1,1,1988,16,16,16,16,16,16,16,16,16,16
421245,1,1,1988,13,16,16,16,42,7,14,0,15,0
421246,1,1,1988,0,0,0,0,0,0,0,0,0,0
421246,2,1,1988,0,0,0,17,0,0,0,0,0,9
421247,1,1,1988,0,0,0,0,0,0,0,0,0,0
421247,2,1,1988,0,0,0,0,0,0,0,0,0,0
421247,3,1,1988,0,0,0,0,0,0,0,0,0,0
421248,1,1,1988,0,0,0,0,0,0,0,0,0,0
421249,1,1,1988,0,0,0,0,0,0,0,0,0,0
421249,2,1,1988,0,0,0,0,0,0,0,0,0,0
421250,1,1,1988,0,0,0,0,0,0,0,0,0,0
421251,0,1,1988,0,0,17,0,0,0,0,0,0,0
421251,1,1,1988,25,25,25,25,25,25,25,25,25,25
421252,0,1,1988,0,0,0,0,0,0,0,0,0,0
421252,1,1,1988,0,0,7,0,0,0,0,0,0,0
421253,0,1,1988,22,0,0,0,0,0,0,14,8,43
421253,1,1,1988,0,0,9,0,12,0,11,18,8,0
421254,1,1,1988,16,16,16,16,16,16,16,16,16,16
421254,2,1,1988,0,0,0,0,0,0,0,0,0,0
421255,1,1,1988,17,17,17,17,17,17,17,17,17,17
421256,1,1,1988,0,0,0,0,0,0,0,9,0,0
421257,1,1,1988,0,12,0,19,8,7,0,18,0,13
421257,2,1,1988,0,14,0,0,0,15,17,0,17,0
421258,1,1,1988,0,0,20,16,0,0,0,0,6,0
421259,1,1,1988,19,19,19,19,19,19,19,19,19,19
421260,1,1,1988,0,0,0,0,0,0,0,0,0,0
421260,2,1,1988,0,0,0,0,0,0,0,0,0,0
421261,1,1,1988,21,21,21,21,21,21,21,21,21,21
421262,1,1,1988,0,0,6,0,12,0,0,0,0,18
421262,2,1,1988,0,0,15,0,0,0,18,11,23,0
421263,0,1,1988,18,18,18,18,18,18,18,18,18,18
421263,1,1,1988,0,0,0,0,0,0,0,0,0,0
421264,1,1,1988,0,0,0,0,0,0,0,0,0,0
421265,1,1,1988,11,14,23,15,0,14,12,53,22,12
421266,0,1,1988,0,0,0,0,0,0,0,0,0,0
421266,1,1,1988,0,0,0,0,0,0,0,0,0,0
421267,1,1,1988,0,0,0,0,0,0,0,0,0,0
421267,2,1,1988,0,0,0,0,0,0,0,0,0,0
421268,1,1,1988,26,17,10,17,18,10,12,9,31,22
421268,2,1,1988,0,0,21,25,0,0,20,0,25,0
421268,3,1,1988,0,0,0,0,0,0,0,0,0,0
421269,1,1,1988,0,0,0,0,0,0,0,0,0,0