ST_CASE,VEH_NO,PER_NO,YEAR,P1,P2,P3,P4,P5,P6,P7,P8,P9,P10
421270,1,1,1988,19,19,19,19,19,19,19,19,19,19
421271,1,1,1988,12,12,12,12,12,12,12,12,12,12
421272,1,1,1988,31,31,31,31,31,31,31,31,31,31
421273,1,1,1988,0,0,0,0,0,0,0,0,0,0
421274,1,1,1988,0,0,0,0,3,15,0,0,0,0
421275,1,1,1988,0,0,0,0,0,0,0,0,0,0
421276,1,1,1988,28,28,28,28,28,28,28,28,28,28
421277,1,1,1988,0,0,0,0,0,0,0,0,0,0
421278,1,1,1988,27,27,27,27,27,27,27,27,27,27
421279,1,1,1988,0,0,0,11,0,0,0,0,0,0
421279,2,1,1988,0,0,0,0,0,0,0,0,0,0
421280,0,1,1988,0,0,0,0,0,0,0,0,0,0
421280,1,1,1988,0,0,0,0,0,0,0,0,0,0
421281,1,1,1988,23,23,23,23,23,23,23,23,23,23
421282,1,1,1988,7,3,15,19,0,33,9,14,7,0
421282,2,1,1988,0,0,0,0,0,0,0,0,0,0
421283,0,1,1988,0,0,0,0,0,0,0,0,0,0
421283,1,1,1988,0,0,0,0,0,0,0,0,0,0
421284,0,1,1988,0,0,0,0,0,0,0,0,0,0
421284,1,1,1988,0,0,0,0,0,0,0,0,0,0
421284,2,1,1988,0,0,0,0,0,0,0,0,0,0
421284,3,1,1988,0,0,0,9,0,0,0,18,0,0
421285,1,1,1988,0,0,0,0,0,0,0,0,10,0
421285,2,1,1988,0,25,0,13,0,19,0,0,6,0
421285,3,1,1988,0,0,0,0,0,0,0,0,0,0
421286,0,1,1988,0,0,0,0,0,0,0,0,0,0
421286,1,1,1988,0,0,0,0,0,0,0,0,0,0
421287,0,1,1988,19,19,19,19,19,19,19,19,19,19
421287,1,1,1988,6,14,0,0,0,0,0,0,3,0
421288,1,1,1988,6,6,6,6,6,6,6,6,6,6
421289,0,1,1988,0,0,3,0,0,0,0,0,7,0
421289,1,1,1988,0,0,0,0,0,0,0,0,0,0
421290,0,1,1988,0,0,0,0,0,0,0,0,0,0
421290,1,1,1988,0,0,0,0,0,0,0,0,0,0
421291,1,1,1988,18,18,18,18,18,18,18,18,18,18
421292,1,1,1988,3,0,0,0,0,0,0,13,8,0
421292,2,1,1988,0,0,18,0,0,0,0,0,0,0
421292,3,1,1988,0,8,0,0,0,0,0,0,0,0
421293,1,1,1988,0,0,0,0,0,0,0,0,0,0
421294,1,1,1988,0,0,0,0,0,0,0,0,0,0
421294,2,1,1988,0,0,0,0,0,0,0,0,0,0
421295,1,1,1988,0,0,0,0,0,0,0,0,0,0
421295,2,1,1988,13,13,13,13,13,13,13,13,13,13
421296,1,1,1988,0,0,0,0,0,0,0,0,0,0
421297,1,1,1988,23,23,23,23,23,23,23,23,23,23
421298,1,1,1988,0,0,0,0,0,0,0,0,0,0
421298,2,1,1988,0,0,0,0,0,0,0,0,0,0
421299,1,1,1988,30,30,30,30,30,30,30,30,30,30
421300,1,1,1988,0,0,0,0,0,0,0,0,0,0
421300,2,1,1988,4,4,4,4,4,4,4,4,4,4
421301,1,1,1988,0,0,0,0,0,0,0,0,0,0
421302,1,1,1988,26,26,26,26,26,26,26,26,26,26
421303,1,1,1988,7,7,7,7,7,7,7,7,7,7
421303,2,1,1988,0,0,0,0,0,0,0,0,0,0
421303,3,1,1988,0,0,0,0,0,0,0,0,0,0
421304,1,1,1988,0,0,0,0,0,0,0,0,0,0
421304,2,1,1988,1,1,1,1,1,1,1,1,1,1
421305,1,1,1988,22,22,22,22,22,22,22,22,22,22
421306,1,1,1988,19,19,19,19,19,19,19,19,19,19
421306,2,1,1988,21,0,19,0,16,11,0,14,0,17
421307,1,1,1988,0,17,31,21,11,0,10,14,0,20
421308,1,1,1988,17,17,17,17,17,17,17,17,17,17
421308,2,1,1988,0,0,0,12,0,0,0,0,0,0
421308,3,1,1988,18,0,0,0,0,0,14,0,0,0
421309,0,1,1988,0,0,0,0,0,0,0,0,0,0
421309,1,1,1988,0,0,0,0,0,0,0,0,0,0
421310,1,1,1988,0,0,0,0,0,0,0,0,0,0
421310,2,1,1988,0,0,0,0,0,0,0,0,0,0
421311,1,1,1988,0,0,0,0,0,0,0,0,0,0
421311,2,1,1988,25,23,0,22,12,25,20,12,21,21
421312,1,1,1988,0,20,0,0,12,0,0,18,26,0
421313,0,1,1988,0,0,0,0,0,0,0,0,0,0
421313,1,1,1988,0,0,0,0,0,0,0,24,0,0
421314,1,1,1988,0,0,0,0,0,0,6,0,7,0
421314,2,1,1988,0,0,4,0,0,0,0,0,0,0
421315,1,1,1988,0,0,0,0,0,0,0,0,0,0
421315,2,1,1988,0,10,0,0,0,17,0,0,0,0
421316,0,1,1988,28,0,20,20,0,0,0,0,0,42
421317,1,1,1988,18,13,11,21,9,0,18,10,7,19
421317,2,1,1988,0,0,0,0,0,0,0,0,0,0
421318,0,1,1988,0,0,0,0,0,0,0,0,0,0
421318,1,1,1988,0,0,0,0,0,0,0,0,0,0
421319,1,1,1988,27,27,27,27,27,27,27,27,27,27
421319,2,1,1988,3,3,3,3,3,3,3,3,3,3
421319,3,1,1988,0,0,0,0,0,0,0,0,0,0
421320,1,1,1988,0,0,0,0,0,0,0,0,0,0
421321,1,1,1988,0,0,0,0,0,0,0,0,0,0
421321,2,1,1988,0,0,0,0,0,0,0,0,10,0
421322,0,1,1988,0,0,0,0,0,0,0,0,0,0
421322,1,1,1988,0,0,0,0,0,0,0,0,0,0
421323,0,1,1988,0,0,0,0,0,0,0,0,0,0
421323,2,1,1988,0,0,0,13,0,0,0,0,0,0
421324,1,1,1988,15,15,15,15,15,15,15,15,15,15
421324,2,1,1988,34,34,34,34,34,34,34,34,34,34
421325,1,1,1988,14,10,12,31,31,9,10,25,23,21
421325,2,1,1988,0,0,0,0,0,0,0,0,0,0
421326,1,1,1988,0,0,0,0,0,0,0,0,0,0
421327,0,1,1988,0,0,0,0,0,0,0,0,0,0
421327,1,1,1988,0,0,0,0,0,0,0,0,0,0
421328,1,1,1988,0,0,0,0,0,0,0,0,0,0
421328,2,1,1988,0,0,0,0,0,0,0,0,0,0
421329,1,1,1988,14,14,14,14,14,14,14,14,14,14
421330,0,1,1988,0,0,0,0,0,0,0,0,0,0
421330,1,1,1988,0,0,0,0,0,0,0,0,0,0
421331,1,1,1988,0,0,0,0,0,0,0,0,0,0
421331,2,1,1988,0,0,0,0,0,0,0,0,0,0
421332,0,1,1988,0,0,0,0,0,0,0,0,0,0
421332,1,1,1988,0,0,0,0,0,0,0,0,0,0
421333,1,1,1988,22,22,22,22,22,22,22,22,22,22
421334,1,1,1988,0,0,0,0,0,0,0,0,0,0
421334,2,1,1988,0,0,0,0,0,0,0,0,0,0
421335,1,1,1988,0,0,0,0,0,0,0,0,0,0
421335,2,1,1988,0,0,0,0,0,0,0,0,0,0
421336,1,1,1988,19,19,19,19,19,19,19,19,19,19
421337,1,1,1988,13,13,13,13,13,13,13,13,13,13
421338,1,1,1988,24,24,24,24,24,24,24,24,24,24
421339,1,1,1988,0,0,0,0,0,0,0,0,0,0
421339,2,1,1988,0,0,0,0,0,0,0,7,0,0
421340,0,1,1988,25,0,0,0,12,24,0,0,0,0
421340,1,1,1988,0,0,0,0,0,11,0,0,0,0
421341,1,1,1988,14,26,18,9,9,0,12,11,14,0
421342,1,1,1988,18,10,0,23,0,18,12,8,12,23
421342,2,1,1988,0,0,0,0,0,0,0,23,0,0
421343,1,1,1988,0,32,37,17,16,26,6,22,17,17
421343,2,1,1988,0,0,0,0,0,0,0,23,0,0
421343,3,1,1988,0,0,0,0,0,0,0,0,0,0
421344,0,1,1988,29,29,29,29,29,29,29,29,29,29
421344,1,1,1988,14,14,14,14,14,14,14,14,14,14
421344,2,1,1988,0,0,0,0,0,0,0,0,0,0
421345,1,1,1988,11,27,11,0,8,27,10,15,18,8
421345,2,1,1988,0,0,0,0,0,0,0,0,0,0
421346,1,1,1988,0,3,23,0,11,0,0,0,13,4
421346,2,1,1988,0,0,0,12,0,0,0,6,0,0
421347,0,1,1988,9,0,0,9,0,0,12,5,18,0
421347,0,2,1988,5,36,40,15,0,16,0,14,12,14
421347,1,1,1988,0,0,0,0,0,0,0,0,0,0
421348,0,1,1988,0,0,0,0,0,0,0,0,0,13
421348,1,1,1988,0,0,0,0,0,0,0,0,0,0
421349,1,1,1988,0,0,0,0,0,0,17,0,6,0
421349,2,1,1988,0,0,0,0,0,0,0,0,0,0
421350,1,1,1988,19,19,19,19,19,19,19,19,19,19
421351,1,1,1988,0,0,0,0,0,0,0,0,0,0
421351,2,1,1988,0,0,0,0,0,0,0,0,0,0
421352,1,1,1988,23,11,16,9,17,9,21,44,8,16
421352,2,1,1988,0,0,0,0,0,0,0,0,0,0
421353,1,1,1988,0,0,0,0,0,0,0,0,0,0
421354,0,1,1988,3,3,3,3,3,3,3,3,3,3
421354,1,1,1988,0,0,0,0,0,0,0,0,0,0
421355,1,1,1988,0,0,0,0,0,0,0,0,0,0
421356,1,1,1988,9,9,9,9,9,9,9,9,9,9
421357,1,1,1988,16,16,16,16,16,16,16,16,16,16
421357,2,1,1988,4,4,4,4,4,4,4,4,4,4
421358,1,1,1988,23,0,0,0,18,0,0,0,0,11
421358,2,1,1988,0,0,0,0,0,0,0,0,0,0
421359,1,1,1988,0,0,0,0,0,0,0,0,0,0
421359,2,1,1988,0,0,0,0,0,0,0,0,0,0
421359,3,1,1988,0,0,0,0,0,0,0,0,0,0
421360,1,1,1988,6,6,6,6,6,6,6,6,6,6
421361,1,1,1988,29,29,29,29,29,29,29,29,29,29
421362,1,1,1988,0,0,0,0,0,0,0,0,0,0
421362,2,1,1988,0,0,0,0,0,0,0,0,0,0
421362,3,1,1988,0,0,0,0,0,0,0,0,0,0
421363,1,1,1988,0,0,0,0,0,0,0,0,0,0
421364,1,1,1988,15,15,15,15,15,15,15,15,15,15
421365,0,1,1988,0,5,0,22,0,33,5,18,0,0
421365,0,2,1988,0,0,0,0,0,0,0,0,0,0
421365,1,1,1988,0,0,0,0,0,0,0,0,0,0
421366,1,1,1988,30,30,30,30,30,30,30,30,30,30
421366,2,1,1988,0,0,0,0,0,0,0,0,0,0
421367,1,1,1988,0,0,0,0,0,0,0,0,0,0
421367,2,1,1988,0,0,0,0,0,0,0,0,0,0
421367,3,1,1988,0,0,0,0,0,0,0,0,0,0
421368,1,1,1988,0,0,0,0,0,0,0,0,0,0
421368,2,1,1988,0,0,0,0,0,0,0,0,0,0
421368,3,1,1988,0,0,0,0,0,0,0,0,0,0
421369,1,1,1988,0,0,0,0,0,0,0,0,0,0
421369,2,1,1988,2,0,0,0,15,0,0,0,0,9
421370,0,1,1988,0,0,0,0,0,0,0,0,0,0
421370,1,1,1988,0,0,0,0,0,0,0,0,8,0
421371,1,1,1988,0,0,0,0,0,0,0,0,0,0
421371,2,1,1988,0,0,0,0,0,0,0,0,0,0
421371,3,1,1988,0,0,0,0,0,0,0,0,0,0
421372,1,1,1988,0,0,0,0,0,0,0,0,0,0
421373,0,1,1988,0,0,0,0,0,0,0,0,0,0
421373,1,1,1988,0,0,0,0,0,0,0,0,0,0
421374,1,1,1988,17,14,21,0,0,0,0,0,0,0
421374,2,1,1988,0,0,0,0,0,0,0,0,0,0
421375,1,1,1988,0,0,0,0,0,0,0,0,0,0
421375,2,1,1988,0,0,0,0,0,0,0,0,0,0
421376,1,1,1988,0,0,0,0,0,0,0,0,0,0
421376,2,1,1988,0,0,0,0,0,0,0,0,0,0
421377,1,1,1988,0,0,0,0,0,0,0,0,0,0
421377,2,1,1988,0,0,0,0,0,0,0,0,0,0
421378,0,1,1988,0,0,0,0,0,0,0,0,0,0
421378,1,1,1988,0,0,0,0,0,0,0,0,0,14
421379,1,1,1988,0,0,0,0,0,0,0,0,0,0
421379,2,1,1988,0,0,0,0,0,0,0,0,0,0
421380,0,1,1988,0,0,0,0,0,0,0,0,0,0
421380,0,2,1988,0,0,0,0,0,0,0,0,0,0
421380,1,1,1988,0,0,0,0,0,0,0,0,0,0
421380,2,1,1988,0,0,0,0,0,0,0,0,0,0
421381,0,1,1988,0,0,0,40,0,0,0,0,0,0
421381,1,1,1988,0,16,0,0,0,0,0,0,0,0
421383,1,1,1988,0,0,0,2,0,0,0,0,0,0
421383,2,1,1988,0,0,0,0,0,0,0,0,0,0
421383,3,1,1988,0,0,0,0,0,0,0,0,0,0
421384,1,1,1988,0,0,0,0,0,0,0,0,0,0
421385,1,1,1988,0,0,28,16,0,0,19,0,0,0
421386,1,1,1988,0,0,0,11,0,0,0,0,0,0
421386,2,1,1988,0,0,0,0,0,0,0,0,0,0
421386,3,1,1988,0,0,0,0,0,0,0,0,0,0
421387,1,1,1988,21,16,10,15,21,14,20,20,11,6
421388,1,1,1988,20,21,11,15,11,13,24,19,24,26
421389,1,1,1988,26,26,26,26,26,26,26,26,26,26
421390,0,1,1988,0,0,0,29,0,0,34,0,16,0
421390,1,1,1988,0,0,0,0,14,0,0,0,10,0
421391,1,1,1988,0,0,0,0,16,0,5,0,0,19
421391,2,1,1988,0,0,0,0,0,0,0,0,0,0
421392,1,1,1988,30,30,30,30,30,30,30,30,30,30
421392,2,1,1988,0,0,0,0,0,0,0,0,0,0
421393,1,1,1988,26,26,26,26,26,26,26,26,26,26
421393,2,1,1988,6,6,6,6,6,6,6,6,6,6
421394,1,1,1988,0,0,0,0,0,0,0,0,0,0
421394,2,1,1988,0,0,0,0,0,0,0,0,0,0
421395,1,1,1988,0,0,0,0,0,0,0,0,0,0
421395,2,1,1988,0,0,0,0,0,0,0,0,0,0
421396,1,1,1988,0,0,0,0,0,0,0,0,0,0
421396,2,1,1988,0,0,0,0,0,23,0,0,0,0
421397,1,1,1988,0,0,10,0,0,0,31,0,0,0
421397,2,1,1988,0,0,15,0,0,0,0,0,0,0
421398,1,1,1988,17,17,17,17,17,17,17,17,17,17
421399,1,1,1988,0,0,0,0,0,0,0,0,0,0
421399,2,1,1988,20,20,20,20,20,20,20,20,20,20
421400,0,1,1988,12,12,12,12,12,12,12,12,12,12
421400,1,1,1988,15,0,2,0,21,0,9,0,0,0
421401,1,1,1988,6,6,6,6,6,6,6,6,6,6
421401,2,1,1988,2,2,2,2,2,2,2,2,2,2
421402,1,1,1988,13,20,15,11,29,3,27,20,17,14
421403,1,1,1988,0,4,8,0,0,0,0,11,0,0
421404,1,1,1988,0,0,0,0,0,0,0,0,0,0
421404,2,1,1988,0,0,0,0,0,0,0,9,0,0
421405,1,1,1988,12,12,12,12,12,12,12,12,12,12
421406,1,1,1988,0,0,0,0,0,6,0,0,16,0
421407,1,1,1988,14,14,14,14,14,14,14,14,14,14
421408,1,1,1988,0,0,0,0,0,0,0,0,0,15
421409,1,1,1988,0,0,0,0,0,0,0,0,0,0
421409,2,1,1988,0,0,0,0,0,0,0,0,0,0
421409,3,1,1988,0,0,0,0,0,0,0,0,0,0
421410,1,1,1988,0,0,0,0,0,0,0,0,0,0
421410,2,1,1988,0,0,0,0,0,0,0,0,0,0
421411,1,1,1988,0,0,0,0,0,0,0,0,0,0
421412,1,1,1988,0,0,0,0,0,0,0,0,0,0
421412,2,1,1988,0,0,0,0,0,0,0,0,0,0
421413,1,1,1988,4,7,17,18,10,7,16,3,7,23
421414,0,1,1988,0,0,0,0,0,0,0,0,0,0
421414,1,1,1988,0,0,0,0,0,0,0,0,0,4
421415,1,1,1988,0,0,0,0,0,0,0,0,0,0
421416,1,1,1988,38,38,38,38,38,38,38,38,38,38
421417,1,1,1988,24,24,24,24,24,24,24,24,24,24
421418,1,1,1988,9,9,9,9,9,9,9,9,9,9
421419,1,1,1988,17,17,17,17,17,17,17,17,17,17
421419,2,1,1988,22,7,11,9,14,7,20,29,0,16
421419,3,1,1988,0,0,8,0,0,22,0,0,0,0
421419,4,1,1988,0,0,0,0,0,0,0,0,0,0
421420,1,1,1988,0,0,0,0,0,0,0,0,0,0
421421,1,1,1988,6,6,6,6,6,6,6,6,6,6
421421,2,1,1988,0,0,0,0,0,0,0,0,0,0
421422,1,1,1988,23,23,23,23,23,23,23,23,23,23
421422,2,1,1988,0,0,0,0,0,0,0,0,0,0
421423,1,1,1988,9,0,24,44,30,4,8,35,0,11
421424,1,1,1988,0,0,0,0,0,0,0,0,0,0
421424,2,1,1988,0,0,0,0,0,0,0,0,0,0
421425,1,1,1988,0,0,0,0,0,0,0,0,0,0
421426,0,1,1988,0,0,0,0,0,0,0,0,0,0
421426,1,1,1988,0,0,0,0,0,0,0,0,0,0
421427,1,1,1988,36,36,36,36,36,36,36,36,36,36
421427,2,1,1988,0,0,0,0,0,0,0,0,0,0
421427,3,1,1988,0,0,0,0,32,14,0,0,0,0
421428,1,1,1988,0,0,0,0,0,0,0,0,0,0
421428,2,1,1988,0,5,0,0,0,0,0,0,0,0
421429,1,1,1988,0,0,0,0,0,0,0,0,0,0
421430,1,1,1988,0,0,0,0,0,0,0,0,0,0
421430,2,1,1988,0,0,0,0,0,0,0,0,0,0
421431,1,1,1988,0,0,0,0,0,0,0,0,0,0
421431,2,1,1988,0,0,0,0,0,0,0,0,0,17
421432,1,1,1988,0,7,0,23,0,16,17,8,21,23
421433,0,1,1988,0,26,0,0,0,0,0,0,0,0
421433,1,1,1988,0,0,0,0,0,0,0,0,0,0
421435,0,1,1988,0,0,0,0,0,0,0,0,0,0
421435,1,1,1988,0,0,0,0,0,0,0,12,0,0
421436,0,1,1988,0,0,0,0,0,0,0,0,0,0
421436,1,1,1988,0,0,14,0,0,0,0,17,0,0
421437,1,1,1988,0,0,9,0,0,0,11,0,0,0
421437,2,1,1988,0,0,0,0,0,0,0,0,0,0
421437,3,1,1988,0,0,0,0,0,0,0,0,0,0
421437,4,1,1988,0,0,0,0,0,0,0,0,0,0
421438,1,1,1988,5,32,11,16,19,19,13,12,14,9
421438,2,1,1988,8,8,8,8,8,8,8,8,8,8
421439,1,1,1988,25,25,25,25,25,25,25,25,25,25
421440,1,1,1988,0,0,0,0,0,0,0,0,0,0
421440,2,1,1988,0,0,0,0,0,0,0,0,0,0
421441,1,1,1988,6,33,0,18,0,0,5,8,6,12
421441,2,1,1988,0,0,0,0,0,0,0,0,0,0
421442,1,1,1988,0,0,0,0,0,0,0,0,0,0
421442,2,1,1988,0,0,16,13,13,0,27,19,0,0
421443,1,1,1988,18,21,28,20,17,15,15,12,27,14
421444,1,1,1988,14,14,14,14,14,14,14,14,14,14
421445,0,1,1988,0,0,0,0,0,0,0,0,0,0
421445,1,1,1988,0,0,0,0,0,0,0,0,0,0
421446,1,1,1988,7,7,7,7,7,7,7,7,7,7
421446,2,1,1988,0,0,0,0,0,0,0,0,0,0
421447,0,1,1988,0,0,0,0,0,0,7,7,0,3
421447,1,1,1988,0,0,0,0,0,0,0,0,0,0
421448,1,1,1988,0,0,0,0,0,0,0,0,0,0
421448,2,1,1988,16,16,0,0,4,0,0,0,0,0
421449,0,1,1988,0,0,0,0,0,0,0,0,0,0
421449,1,1,1988,0,0,0,0,0,0,0,0,0,0
421450,1,1,1988,0,0,0,0,0,0,0,0,0,0
421450,2,1,1988,0,0,0,0,0,0,0,0,0,0
421450,3,1,1988,0,0,0,0,0,0,0,0,0,0
421450,4,1,1988,0,0,0,0,0,0,0,15,0,17
421450,5,1,1988,0,16,10,0,0,0,0,0,0,0
421451,1,1,1988,25,15,7,22,29,9,15,6,16,22
421452,1,1,1988,0,0,0,0,0,0,0,0,0,0
421453,1,1,1988,0,0,0,0,0,0,0,0,0,0
421454,1,1,1988,0,0,0,0,0,0,0,0,0,0
421454,2,1,1988,0,0,0,0,6,0,0,0,0,0
421455,1,1,1988,15,15,15,15,15,15,15,15,15,15
421455,2,1,1988,0,0,0,0,0,0,0,0,0,0
421456,1,1,1988,5,5,5,5,5,5,5,5,5,5
421457,1,1,1988,27,27,27,27,27,27,27,27,27,27
421458,1,1,1988,30,30,30,30,30,30,30,30,30,30
421459,1,1,1988,24,24,24,24,24,24,24,24,24,24
421460,1,1,1988,16,16,16,16,16,16,16,16,16,16
421461,1,1,1988,24,24,24,24,24,24,24,24,24,24
421462,1,1,1988,25,16,0,17,0,24,8,10,17,32
421463,1,1,1988,23,23,23,23,23,23,23,23,23,23
421464,1,1,1988,33,33,33,33,33,33,33,33,33,33
421465,1,1,1988,26,26,26,26,26,26,26,26,26,26
421466,1,1,1988,13,13,13,13,13,13,13,13,13,13
421467,1,1,1988,0,0,0,0,0,0,0,0,0,0
421468,1,1,1988,0,0,0,0,0,0,0,0,0,31
421469,1,1,1988,0,0,0,0,0,0,0,0,0,0
421469,2,1,1988,0,0,0,0,0,0,0,0,0,0
421470,1,1,1988,0,0,0,0,0,0,0,0,0,0
421470,2,1,1988,0,0,0,0,0,0,0,0,0,0
421471,1,1,1988,0,0,0,0,0,0,0,0,0,0
421471,2,1,1988,0,0,0,0,0,0,0,0,0,0
421471,3,1,1988,27,0,0,0,0,0,0,16,9,0
421472,0,1,1988,0,0,0,0,0,0,0,0,0,0
421472,1,1,1988,0,0,0,0,0,0,0,0,0,0
421473,0,1,1988,0,13,23,48,18,16,13,12,38,0
421473,1,1,1988,11,11,11,11,11,11,11,11,11,11
421474,1,1,1988,0,0,0,0,0,0,0,0,0,0
421474,2,1,1988,0,0,0,0,0,0,0,0,0,0
421474,3,1,1988,0,0,0,0,0,0,0,0,0,0
421475,1,1,1988,0,0,0,0,0,0,0,0,0,0
421475,2,1,1988,0,0,0,0,0,0,0,0,0,0
421476,1,1,1988,0,0,0,0,0,0,0,0,0,0
421476,2,1,1988,0,0,0,0,0,0,0,0,0,0
421477,1,1,1988,0,0,0,0,0,0,0,0,0,0
421479,1,1,1988,0,0,0,0,0,0,0,0,0,0
421480,1,1,1988,0,0,6,0,0,0,0,0,0,0
421481,0,1,1988,0,0,0,0,0,0,0,0,0,0
421481,1,1,1988,0,0,0,0,0,15,0,0,0,0
421482,1,1,1988,0,0,0,0,0,0,0,0,0,0
421482,2,1,1988,0,0,0,0,0,0,0,0,0,0
421483,1,1,1988,17,17,17,17,17,17,17,17,17,17
421484,1,1,1988,14,14,14,14,14,14,14,14,14,14
421485,1,1,1988,0,0,0,0,0,0,0,0,0,0
421486,1,1,1988,5,5,5,5,5,5,5,5,5,5
421487,0,1,1988,0,17,15,0,0,0,0,17,23,0
421487,1,1,1988,27,27,27,27,27,27,27,27,27,27
421489,1,1,1988,0,0,0,0,0,0,0,0,0,0
421490,1,1,1988,0,0,0,0,0,0,0,0,0,0
421490,2,1,1988,0,0,0,0,0,0,0,0,0,0
421491,1,1,1988,0,0,0,16,0,8,0,0,0,0
421491,2,1,1988,0,0,0,0,0,0,0,0,0,0
421492,1,1,1988,0,0,0,0,0,0,0,0,0,0
421492,2,1,1988,0,0,0,0,0,0,0,0,0,0
421492,3,1,1988,0,0,0,0,0,0,0,0,0,0
421492,4,1,1988,0,0,0,0,0,0,0,0,0,0
421493,0,1,1988,0,0,0,0,0,0,0,0,0,0
421493,1,1,1988,0,0,0,0,0,0,0,0,0,0
421494,1,1,1988,12,14,12,23,22,26,20,14,0,14
421495,0,1,1988,0,0,0,0,0,0,15,0,14,23
421495,1,1,1988,0,0,0,10,17,10,0,0,0,0
421496,0,1,1988,0,0,0,0,14,24,20,0,0,16
421496,0,2,1988,14,22,17,0,0,0,10,53,0,30
421496,1,1,1988,11,0,0,7,0,0,0,0,0,0
421497,1,1,1988,0,19,27,7,24,13,17,16,7,18
421497,2,1,1988,0,25,0,0,6,0,0,0,0,0
421497,3,1,1988,2,2,2,2,2,2,2,2,2,2
421498,0,1,1988,6,6,6,6,6,6,6,6,6,6
421498,1,1,1988,0,0,0,0,0,0,0,0,0,0
421499,1,1,1988,0,0,0,0,0,0,0,0,0,0
421499,2,1,1988,0,0,19,0,0,0,0,12,0,0
421500,1,1,1988,0,0,0,0,0,0,0,0,0,0
421500,2,1,1988,0,0,0,0,16,14,0,0,0,3
421500,3,1,1988,0,0,0,0,0,0,0,0,0,0
421501,1,1,1988,14,14,14,14,14,14,14,14,14,14
421501,2,1,1988,0,0,0,0,0,0,0,0,0,0
421502,1,1,1988,16,16,16,16,16,16,16,16,16,16
421502,2,1,1988,6,6,6,6,6,6,6,6,6,6
421503,1,1,1988,23,23,23,23,23,23,23,23,23,23
421503,2,1,1988,0,0,0,0,0,0,0,0,0,0
421504,0,1,1988,15,15,15,15,15,15,15,15,15,15
421504,1,1,1988,0,0,0,0,0,0,0,0,0,0
421505,1,1,1988,0,0,0,0,0,0,0,0,0,0
421505,2,1,1988,0,0,0,0,0,0,0,0,0,0
421506,0,1,1988,26,26,26,26,26,26,26,26,26,26
421506,1,1,1988,0,0,0,0,0,0,0,0,0,0
421507,1,1,1988,16,16,16,16,16,16,16,16,16,16
421508,1,1,1988,17,17,17,17,17,17,17,17,17,17
421508,2,1,1988,26,26,26,26,26,26,26,26,26,26
421509,1,1,1988,0,0,0,0,0,0,0,0,0,0
421509,2,1,1988,0,0,0,0,0,0,0,0,0,0
421510,1,1,1988,0,0,0,0,0,0,0,0,0,10
421510,2,1,1988,0,0,0,0,0,0,0,0,0,0
421511,1,1,1988,0,0,0,0,0,0,0,0,0,0
421511,2,1,1988,0,0,0,0,0,0,0,0,0,0
421512,1,1,1988,19,19,19,19,19,19,19,19,19,19
421513,0,1,1988,13,13,13,13,13,13,13,13,13,13
421513,1,1,1988,0,0,0,10,0,0,0,0,0,0
421514,1,1,1988,0,0,0,0,0,0,0,0,0,0
421514,2,1,1988,0,0,0,0,0,0,0,0,0,0
421515,1,1,1988,0,0,0,13,0,0,0,0,0,0
421515,2,1,1988,0,0,0,0,0,0,0,0,0,0
421515,3,1,1988,0,0,0,0,0,0,0,0,0,0
421516,1,1,1988,0,0,0,0,0,0,0,0,0,0
421516,2,1,1988,0,0,6,0,0,0,0,0,0,0
421517,1,1,1988,0,0,0,0,0,0,0,0,0,0
421518,1,1,1988,8,8,8,8,8,8,8,8,8,8
421519,1,1,1988,7,7,7,7,7,7,7,7,7,7
421519,2,1,1988,0,0,0,0,0,0,0,0,0,0
421520,1,1,1988,0,0,0,0,0,0,0,0,10,0
421520,2,1,1988,10,0,0,0,0,0,0,0,0,0
421521,0,1,1988,34,34,34,34,34,34,34,34,34,34
421521,1,1,1988,21,21,21,21,21,21,21,21,21,21
421522,1,1,1988,0,0,0,0,0,0,0,0,0,0
421522,2,1,1988,0,0,18,0,0,0,0,0,0,0
421523,1,1,1988,0,0,0,0,0,0,0,0,0,0
421523,2,1,1988,8,8,8,8,8,8,8,8,8,8
421524,1,1,1988,0,0,0,0,21,0,0,0,6,0
421525,1,1,1988,0,0,0,0,0,0,0,0,0,0
421525,2,1,1988,0,0,0,0,0,0,0,0,0,0
421526,1,1,1988,18,18,18,18,18,18,18,18,18,18
421526,2,1,1988,0,0,0,0,0,0,0,0,0,0
421527,0,1,1988,0,0,0,0,0,0,0,0,0,0
421527,1,1,1988,0,0,0,0,0,0,0,0,0,0
421528,0,1,1988,0,0,0,0,0,0,0,0,0,0
421528,1,1,1988,0,0,0,0,0,0,0,0,0,0
421528,2,1,1988,0,0,0,0,0,0,0,0,0,0
421529,1,1,1988,0,0,0,0,0,0,0,0,0,0
421529,2,1,1988,0,0,0,0,0,0,0,0,0,0
421530,1,1,1988,0,0,0,0,0,0,0,0,0,0
421530,2,1,1988,0,0,0,0,0,0,0,0,0,0
421530,3,1,1988,0,0,0,0,0,0,0,0,0,0
421531,1,1,1988,0,0,0,0,0,0,0,0,0,0
421531,2,1,1988,0,0,0,0,0,0,0,0,0,0
421532,1,1,1988,0,0,0,0,0,0,0,0,0,0
421533,1,1,1988,7,7,7,7,7,7,7,7,7,7
421533,2,1,1988,9,9,9,9,9,9,9,9,9,9
421534,1,1,1988,0,0,0,0,0,0,0,0,0,0
421534,2,1,1988,0,0,0,0,0,0,0,0,0,0
421534,3,1,1988,0,0,0,0,0,0,0,0,0,0
421534,4,1,1988,0,0,0,0,0,0,0,0,0,0
421535,1,1,1988,24,24,24,24,24,24,24,24,24,24