ST_CASE,VEH_NO,PER_NO,YEAR,P1,P2,P3,P4,P5,P6,P7,P8,P9,P10
421536,1,1,1988,0,0,0,0,0,0,0,0,0,0
421537,0,1,1988,0,0,0,0,0,0,0,0,0,0
421537,1,1,1988,0,0,0,0,0,0,0,0,0,0
421538,1,1,1988,11,5,9,15,0,15,12,15,15,20
421539,1,1,1988,0,0,0,0,0,0,0,0,0,0
421539,2,1,1988,0,0,0,0,0,0,0,0,0,0
421540,1,1,1988,0,0,0,0,0,0,0,0,0,0
421541,0,1,1988,0,0,0,0,0,0,0,0,0,0
421541,1,1,1988,27,13,0,28,0,17,16,18,0,20
421542,0,1,1988,0,0,0,28,0,0,35,0,0,0
421542,1,1,1988,0,0,0,0,0,0,0,0,0,0
421543,1,1,1988,0,0,0,0,0,0,0,0,0,0
421543,2,1,1988,16,7,11,5,8,27,0,7,17,9
421544,1,1,1988,0,0,0,0,0,0,0,0,0,0
421545,1,1,1988,11,11,11,11,11,11,11,11,11,11
421545,2,1,1988,0,0,0,0,0,0,0,0,0,0
421546,1,1,1988,25,25,25,25,25,25,25,25,25,25
421547,0,1,1988,13,13,13,13,13,13,13,13,13,13
421547,1,1,1988,0,0,0,0,0,0,0,0,0,0
421548,1,1,1988,0,0,0,0,0,0,0,0,0,0
421548,2,1,1988,6,6,6,6,6,6,6,6,6,6
421549,1,1,1988,0,0,0,0,0,0,0,0,0,0
421549,2,1,1988,0,0,0,0,0,0,0,0,0,0
421550,1,1,1988,0,0,0,20,0,0,0,0,11,0
421550,2,1,1988,0,0,0,0,0,0,0,0,0,0
421551,0,1,1988,14,14,14,14,14,14,14,14,14,14
421551,1,1,1988,0,0,0,0,0,0,0,0,18,0
421552,1,1,1988,0,0,20,0,0,11,0,0,0,10
421552,2,1,1988,0,0,0,0,0,0,0,0,0,0
421554,1,1,1988,0,0,0,0,0,0,0,0,0,0
421554,2,1,1988,0,0,0,0,0,0,0,0,0,0
421554,3,1,1988,0,0,0,0,0,0,0,0,0,0
421554,4,1,1988,0,0,0,0,0,0,0,0,0,0
421555,1,1,1988,25,25,25,25,25,25,25,25,25,25
421556,1,1,1988,0,0,7,0,0,0,0,0,0,0
421557,1,1,1988,0,0,0,0,0,0,0,0,0,0
421558,1,1,1988,0,0,0,0,0,0,0,0,0,0
421558,2,1,1988,0,0,16,20,0,0,0,0,0,0
421559,0,1,1988,0,0,0,0,0,0,0,0,0,0
421559,1,1,1988,23,23,23,23,23,23,23,23,23,23
421560,1,1,1988,0,0,0,0,0,0,0,0,0,0
421560,2,1,1988,0,0,0,0,0,0,0,0,0,0
421561,1,1,1988,0,0,0,0,0,0,0,0,0,0
421562,0,1,1988,0,0,0,0,0,0,0,22,0,0
421562,1,1,1988,0,0,0,0,0,0,0,0,0,0
421563,0,1,1988,0,0,0,0,0,0,0,0,0,0
421563,1,1,1988,0,0,0,0,0,0,0,3,0,0
421564,1,1,1988,0,0,0,0,0,0,0,0,0,0
421565,1,1,1988,17,22,22,32,20,23,19,18,6,17
421565,2,1,1988,14,28,12,8,7,23,13,15,5,28
421566,1,1,1988,0,0,0,0,0,0,0,0,0,0
421566,2,1,1988,0,6,0,0,0,0,0,0,0,0
421567,1,1,1988,21,21,21,21,21,21,21,21,21,21
421569,0,1,1988,0,0,0,0,0,0,0,0,0,0
421569,1,1,1988,12,0,0,0,0,0,0,0,0,0
421570,1,1,1988,0,0,15,4,0,12,0,0,0,0
421571,1,1,1988,0,0,0,0,0,0,0,0,0,0
421571,2,1,1988,0,0,0,0,0,10,0,0,0,0
421572,1,1,1988,31,31,31,31,31,31,31,31,31,31
421573,1,1,1988,0,0,0,0,0,0,0,0,0,8
421573,2,1,1988,0,0,0,0,0,0,0,0,0,0
421574,0,1,1988,11,0,0,0,9,0,0,0,0,0
421574,1,1,1988,0,0,0,0,0,0,0,0,0,0
421575,1,1,1988,15,15,15,15,15,15,15,15,15,15
421576,1,1,1988,0,0,0,0,0,0,0,0,0,0
421576,2,1,1988,0,0,0,0,0,0,0,0,0,0
421576,3,1,1988,0,0,0,0,0,0,0,0,0,0
421577,1,1,1988,0,0,0,0,0,0,0,0,0,0
421578,1,1,1988,11,11,11,11,11,11,11,11,11,11
421578,2,1,1988,0,0,0,30,0,0,0,0,0,0
421578,3,1,1988,0,0,0,0,0,0,0,0,0,0
421579,0,1,1988,0,0,0,0,0,0,0,0,0,0
421579,1,1,1988,0,0,0,0,0,0,0,0,0,0
421581,0,1,1988,0,0,0,0,0,0,0,0,0,0
421581,1,1,1988,0,0,13,26,9,0,12,12,0,4
421582,1,1,1988,0,0,20,0,0,25,0,0,0,4
421582,2,1,1988,0,0,0,0,0,0,0,0,0,0
421583,0,1,1988,0,0,0,0,0,0,0,0,25,0
421583,1,1,1988,0,0,9,0,22,0,0,0,0,0
421584,1,1,1988,0,0,0,0,0,0,0,0,0,0
421584,2,1,1988,0,0,0,0,0,0,0,0,0,0
421585,0,1,1988,0,28,7,25,0,0,19,0,0,16
421585,1,1,1988,18,0,0,9,0,0,6,0,0,0
421586,0,1,1988,13,13,13,13,13,13,13,13,13,13
421586,1,1,1988,0,0,0,0,0,0,0,0,0,0
421587,1,1,1988,15,15,15,15,15,15,15,15,15,15
421588,1,1,1988,0,0,0,0,0,0,0,0,0,0
421588,2,1,1988,0,0,0,0,0,0,0,0,0,13
421589,1,1,1988,0,0,0,0,0,0,0,0,0,0
421590,1,1,1988,0,0,0,0,0,0,0,0,0,0
421590,2,1,1988,9,0,0,0,0,0,0,0,0,0
421591,1,1,1988,8,8,8,8,8,8,8,8,8,8
421592,0,1,1988,30,30,30,30,30,30,30,30,30,30
421592,1,1,1988,4,0,15,10,0,0,0,19,0,0
421593,1,1,1988,22,22,22,22,22,22,22,22,22,22
421594,1,1,1988,0,19,0,0,0,16,0,0,0,0
421594,2,1,1988,14,0,0,0,0,0,10,0,0,13
421595,1,1,1988,0,0,16,0,0,0,0,0,0,0
421595,2,1,1988,0,0,0,0,0,0,0,0,0,0
421596,0,1,1988,7,0,14,15,0,0,11,24,24,4
421596,1,1,1988,3,3,3,3,3,3,3,3,3,3
421597,1,1,1988,0,0,0,0,0,0,0,0,0,0
421597,2,1,1988,0,0,0,0,0,0,0,0,0,0
421598,0,1,1988,0,0,0,0,0,0,0,26,0,0
421598,1,1,1988,0,0,0,0,15,0,0,0,5,0
421599,1,1,1988,7,7,7,7,7,7,7,7,7,7
421599,2,1,1988,0,0,0,11,0,0,0,4,0,0
421600,1,1,1988,25,14,23,25,27,16,30,8,8,25
421601,1,1,1988,33,33,33,33,33,33,33,33,33,33
421602,1,1,1988,15,15,15,15,15,15,15,15,15,15
421602,2,1,1988,0,0,0,0,0,0,0,0,0,0
421603,1,1,1988,0,0,0,0,0,0,0,0,13,0
421603,2,1,1988,0,0,0,0,0,0,0,0,0,0
421604,1,1,1988,4,4,4,4,4,4,4,4,4,4
421605,0,1,1988,0,0,0,0,0,0,0,0,0,0
421605,1,1,1988,0,0,0,0,0,0,0,0,0,0
421606,1,1,1988,32,32,32,32,32,32,32,32,32,32
421606,2,1,1988,0,0,0,0,0,0,0,0,0,0
421607,1,1,1988,0,0,0,12,0,0,8,0,0,0
421607,2,1,1988,0,0,0,0,0,0,0,0,0,0
421607,3,1,1988,0,0,0,0,0,0,0,0,0,6
421608,1,1,1988,13,0,24,10,25,0,10,16,12,19
421609,1,1,1988,0,0,11,0,0,0,0,0,21,15
421610,0,1,1988,0,0,0,0,0,0,0,0,0,0
421610,1,1,1988,0,0,0,0,5,0,0,0,0,0
421611,1,1,1988,0,0,0,0,0,0,0,0,0,0
421611,2,1,1988,0,0,0,0,0,0,0,0,0,0
421612,1,1,1988,16,16,16,16,16,16,16,16,16,16
421613,1,1,1988,0,0,0,0,0,0,0,0,0,0
421614,1,1,1988,6,6,6,6,6,6,6,6,6,6
421614,2,1,1988,0,0,0,0,0,0,0,0,0,0
421615,1,1,1988,21,21,21,21,21,21,21,21,21,21
421616,1,1,1988,0,0,0,0,0,0,0,0,0,0
421616,2,1,1988,0,0,0,0,0,0,0,0,0,0
421617,1,1,1988,0,0,0,0,0,0,0,10,10,0
421618,1,1,1988,0,22,0,0,0,0,0,0,0,0
421619,1,1,1988,1,1,1,1,1,1,1,1,1,1
421620,1,1,1988,17,17,17,17,17,17,17,17,17,17
421621,1,1,1988,21,21,21,21,21,21,21,21,21,21
421621,2,1,1988,0,0,0,0,0,0,0,0,0,0
421622,1,1,1988,26,26,26,26,26,26,26,26,26,26
421623,1,1,1988,7,7,7,7,7,7,7,7,7,7
421624,1,1,1988,0,0,0,0,0,0,0,0,0,0
421625,1,1,1988,0,0,0,0,0,0,0,0,0,0
421625,2,1,1988,11,13,0,0,0,0,0,31,0,0
421625,3,1,1988,0,16,0,0,11,0,0,0,7,5
421626,0,1,1988,0,0,0,0,0,0,0,0,0,0
421626,1,1,1988,0,0,0,0,0,0,0,0,0,0
421627,1,1,1988,14,14,14,14,14,14,14,14,14,14
421628,1,1,1988,16,16,16,16,16,16,16,16,16,16
421628,2,1,1988,0,0,0,0,0,0,0,0,0,0
421628,3,1,1988,0,0,0,0,0,0,0,0,0,0
421629,1,1,1988,0,0,0,0,0,0,0,0,0,0
421629,2,1,1988,0,0,0,0,0,0,0,0,0,0
421630,1,1,1988,0,0,0,0,0,0,11,0,0,0
421630,2,1,1988,0,0,0,0,0,0,0,0,0,0
421630,3,1,1988,0,0,0,0,0,0,0,0,0,0
421631,1,1,1988,0,2,0,0,19,0,4,0,27,9
421632,1,1,1988,0,0,0,0,0,0,0,0,0,0
421632,2,1,1988,17,17,17,17,17,17,17,17,17,17
421633,1,1,1988,16,16,16,16,16,16,16,16,16,16
421633,2,1,1988,0,0,0,0,0,0,0,0,0,0
421634,1,1,1988,11,11,11,11,11,11,11,11,11,11
421635,1,1,1988,0,0,0,0,0,0,0,0,0,0
421635,2,1,1988,0,0,0,0,0,0,0,0,0,0
421635,3,1,1988,0,0,0,0,0,0,0,0,0,0
421636,1,1,1988,0,0,0,0,0,0,0,0,0,0
421636,2,1,1988,0,0,0,0,0,0,0,0,0,0
421637,1,1,1988,26,26,26,26,26,26,26,26,26,26
421637,2,1,1988,0,0,0,0,0,0,0,0,0,0
421638,1,1,1988,32,32,32,32,32,32,32,32,32,32
421638,2,1,1988,0,0,0,0,0,0,0,0,0,0
421639,1,1,1988,0,5,0,0,0,0,0,0,0,0
421639,2,1,1988,0,0,0,0,0,0,0,0,0,0
421640,0,1,1988,0,0,0,17,0,0,22,0,0,0
421640,1,1,1988,0,0,0,0,0,0,0,0,0,0
421641,1,1,1988,0,0,0,0,0,0,7,0,0,0
421641,2,1,1988,0,0,0,0,0,0,0,0,0,0
421642,1,1,1988,0,0,0,0,0,0,15,15,0,20
421643,1,1,1988,0,0,0,0,0,0,0,0,0,0
421643,2,1,1988,7,12,0,0,28,0,0,29,0,4
421644,0,1,1988,0,0,0,0,0,0,0,0,0,0
421644,1,1,1988,0,0,0,0,0,0,0,0,0,0
421645,1,1,1988,18,18,18,18,18,18,18,18,18,18
421646,1,1,1988,0,0,0,0,0,0,0,0,0,0
421647,1,1,1988,30,30,30,30,30,30,30,30,30,30
421648,0,1,1988,16,16,16,16,16,16,16,16,16,16
421648,1,1,1988,0,0,14,14,0,0,0,0,0,0
421649,1,1,1988,0,0,0,0,0,0,0,0,0,0
421649,2,1,1988,0,0,0,0,0,0,0,0,0,0
421650,1,1,1988,0,0,0,0,0,0,0,0,3,0
421650,2,1,1988,0,0,0,0,0,0,0,0,0,0
421651,0,1,1988,0,0,0,0,0,0,0,0,16,0
421651,1,1,1988,0,0,0,0,0,0,0,0,0,0
421652,1,1,1988,25,25,25,25,25,25,25,25,25,25
421653,1,1,1988,0,0,0,0,0,0,0,0,0,0
421653,2,1,1988,0,0,0,0,0,0,0,0,0,0
421653,3,1,1988,0,0,0,0,0,0,0,0,0,0
421654,1,1,1988,7,0,22,30,18,0,0,0,0,23
421654,2,1,1988,0,0,0,0,0,0,0,0,0,0
421655,1,1,1988,0,0,0,0,0,0,0,0,0,0
421655,2,1,1988,13,13,13,13,13,13,13,13,13,13
421656,1,1,1988,20,20,20,20,20,20,20,20,20,20
421657,1,1,1988,0,0,0,0,0,0,0,0,0,0
421657,2,1,1988,0,0,0,0,0,0,0,0,0,0
421658,1,1,1988,16,16,16,16,16,16,16,16,16,16
421659,1,1,1988,13,13,13,13,13,13,13,13,13,13
421659,2,1,1988,0,0,0,0,0,0,0,0,0,0
421660,1,1,1988,0,0,0,0,0,0,0,0,0,0
421660,2,1,1988,0,0,0,0,0,0,0,0,0,0
421661,1,1,1988,0,0,0,0,0,0,0,0,0,0
421661,2,1,1988,0,0,0,0,0,0,0,0,0,0
421662,1,1,1988,0,0,0,0,0,0,0,0,0,0
421662,2,1,1988,0,0,0,0,0,0,0,0,0,0
421663,1,1,1988,0,0,0,0,0,0,0,0,19,0
421663,2,1,1988,0,0,0,0,0,0,0,0,14,0
421664,1,1,1988,0,0,0,0,0,0,0,0,0,0
421665,1,1,1988,22,22,22,22,22,22,22,22,22,22
421666,0,1,1988,0,0,0,0,0,0,0,0,0,0
421666,1,1,1988,0,0,0,0,0,0,0,0,0,0
421667,1,1,1988,20,20,20,20,20,20,20,20,20,20
421668,1,1,1988,0,0,0,0,0,0,0,0,0,0
421668,2,1,1988,0,0,0,0,0,0,0,0,0,0
421669,0,1,1988,26,26,26,26,26,26,26,26,26,26
421669,1,1,1988,0,0,7,16,0,33,7,22,15,0
421670,0,1,1988,0,0,0,0,0,0,0,0,0,0
421670,1,1,1988,0,0,0,0,0,0,0,0,0,0
421671,1,1,1988,27,27,27,27,27,27,27,27,27,27
421672,1,1,1988,0,0,0,0,0,14,0,0,0,0
421672,2,1,1988,0,0,0,0,0,0,0,0,0,0
421673,1,1,1988,0,0,0,0,0,0,0,0,0,0
421673,2,1,1988,0,0,0,0,0,0,0,0,0,0
421674,1,1,1988,0,0,0,0,0,0,0,0,0,0
421675,1,1,1988,0,0,0,0,0,0,0,0,0,0
421676,1,1,1988,36,36,36,36,36,36,36,36,36,36
421676,2,1,1988,0,0,0,0,0,0,0,0,0,0
421678,1,1,1988,0,0,0,0,0,0,0,0,0,0
421678,2,1,1988,23,23,23,23,23,23,23,23,23,23
421678,3,1,1988,0,0,0,0,0,0,0,0,0,0
421679,1,1,1988,20,0,20,27,29,10,9,15,8,5
421680,0,1,1988,0,0,0,0,0,0,0,0,0,0
421680,0,2,1988,22,0,19,0,0,0,0,0,0,0
421680,1,1,1988,0,0,0,0,0,0,0,0,0,0
421681,1,1,1988,0,0,0,0,0,0,0,0,0,0
421681,2,1,1988,0,0,0,0,0,0,0,0,0,0
421682,1,1,1988,25,25,25,25,25,25,25,25,25,25
421682,2,1,1988,0,0,0,0,0,0,0,0,0,0
421683,1,1,1988,0,0,0,5,0,0,0,0,0,0
421684,1,1,1988,0,0,0,0,0,0,0,0,0,0
421684,2,1,1988,0,0,0,0,0,0,0,0,0,0
421685,1,1,1988,0,0,0,0,0,0,0,0,0,0
421685,2,1,1988,0,0,0,0,0,0,0,0,0,0
421686,1,1,1988,0,0,0,0,0,0,0,0,0,0
421686,2,1,1988,0,0,0,0,0,0,0,0,0,11
421687,1,1,1988,0,0,0,0,0,0,0,0,0,0
421687,2,1,1988,0,0,0,0,0,0,17,0,0,0
421688,0,1,1988,0,0,0,0,0,0,0,0,0,0
421688,1,1,1988,0,0,0,0,0,0,0,0,0,0
421689,1,1,1988,0,0,0,0,0,0,0,0,0,0
421689,2,1,1988,0,0,0,0,0,0,0,0,0,0
421690,1,1,1988,13,13,13,13,13,13,13,13,13,13
421691,1,1,1988,16,16,16,16,16,16,16,16,16,16
421692,1,1,1988,0,0,0,0,0,0,0,0,0,0
421692,2,1,1988,0,0,0,0,0,0,0,0,0,0
421693,0,1,1988,0,0,0,0,0,0,0,0,0,0
421693,1,1,1988,0,0,0,0,0,0,0,0,0,0
421694,1,1,1988,0,0,0,0,0,0,0,0,0,0
421694,2,1,1988,0,0,0,0,0,0,0,0,0,0
421695,1,1,1988,9,9,9,9,9,9,9,9,9,9
421695,2,1,1988,0,0,0,0,0,0,0,0,0,0
421696,1,1,1988,27,27,27,27,27,27,27,27,27,27
421697,1,1,1988,25,25,25,25,25,25,25,25,25,25
421698,1,1,1988,28,28,28,28,28,28,28,28,28,28
421698,2,1,1988,5,5,5,5,5,5,5,5,5,5
421699,0,1,1988,0,0,0,0,0,2,0,0,0,0
421699,1,1,1988,0,0,0,0,0,0,0,2,0,0
421700,1,1,1988,0,0,0,0,0,0,0,0,0,0
421701,1,1,1988,9,9,9,9,9,9,9,9,9,9
421701,2,1,1988,9,9,9,9,9,9,9,9,9,9
421702,1,1,1988,0,0,0,0,0,0,0,0,0,0
421703,1,1,1988,0,0,2,18,13,20,11,0,16,15
421703,2,1,1988,29,35,7,21,18,0,43,15,17,9
421704,0,1,1988,0,0,0,0,0,0,0,0,0,0
421704,1,1,1988,15,15,15,15,15,15,15,15,15,15
421705,1,1,1988,8,8,8,8,8,8,8,8,8,8
421705,2,1,1988,13,13,13,13,13,13,13,13,13,13
421706,1,1,1988,0,0,0,0,0,0,0,0,0,0
421706,2,1,1988,0,0,0,0,0,0,0,0,0,0
421707,1,1,1988,6,8,5,22,16,20,14,20,9,14
421708,1,1,1988,0,0,0,0,0,0,0,0,0,0
421709,1,1,1988,22,22,22,22,22,22,22,22,22,22
421710,1,1,1988,0,0,0,0,0,0,0,0,0,0
421711,1,1,1988,0,0,0,0,0,0,0,0,13,0
421711,2,1,1988,0,0,0,0,0,0,0,0,0,0
421711,3,1,1988,6,0,21,27,0,0,0,0,0,0
421711,4,1,1988,12,0,14,0,0,0,0,0,0,0
421711,5,1,1988,0,0,0,0,0,11,0,0,11,0
421712,1,1,1988,23,23,23,23,23,23,23,23,23,23
421712,2,1,1988,6,6,6,6,6,6,6,6,6,6
421713,1,1,1988,0,0,0,0,0,0,0,0,0,0
421714,0,1,1988,33,33,33,33,33,33,33,33,33,33
421714,1,1,1988,0,0,0,0,0,0,0,0,0,0
421715,1,1,1988,13,13,13,13,13,13,13,13,13,13
421715,2,1,1988,0,0,0,0,0,0,0,0,0,0
421716,1,1,1988,0,0,0,0,0,0,0,0,0,0
421717,1,1,1988,22,22,22,22,22,22,22,22,22,22
421717,2,1,1988,0,0,0,0,0,0,0,0,0,0
421718,1,1,1988,0,0,0,0,0,0,0,0,0,0
421718,2,1,1988,0,0,0,0,0,0,0,0,0,0
421719,1,1,1988,0,0,0,0,0,0,0,0,0,0
421720,1,1,1988,13,13,13,13,13,13,13,13,13,13
421720,2,1,1988,0,0,0,0,0,0,0,16,0,0
421721,1,1,1988,13,13,13,13,13,13,13,13,13,13
421722,1,1,1988,17,17,17,17,17,17,17,17,17,17
421723,0,1,1988,38,38,38,38,38,38,38,38,38,38
421723,1,1,1988,18,18,18,18,18,18,18,18,18,18
421724,1,1,1988,0,0,0,0,0,0,0,0,0,0
421725,1,1,1988,0,0,0,0,0,0,0,0,0,0
421726,1,1,1988,0,0,0,0,0,0,0,0,0,0
421727,1,1,1988,19,19,19,19,19,19,19,19,19,19
421728,1,1,1988,0,0,0,0,0,0,14,16,0,0
421728,2,1,1988,0,0,0,0,0,0,0,0,0,0
421729,1,1,1988,0,11,9,0,0,0,0,0,0,8
421730,1,1,1988,23,23,23,23,23,23,23,23,23,23
421731,1,1,1988,0,0,0,0,0,0,0,0,0,0
421731,2,1,1988,0,0,0,0,0,0,0,0,0,0
421733,1,1,1988,0,0,0,0,0,0,0,0,0,0
421733,2,1,1988,0,0,0,0,0,0,0,0,0,0
421733,3,1,1988,0,0,0,0,0,0,0,0,0,0
421734,0,1,1988,27,27,27,27,27,27,27,27,27,27
421734,1,1,1988,2,2,2,2,2,2,2,2,2,2
421735,1,1,1988,0,0,0,0,0,0,0,0,0,0
421735,2,1,1988,0,0,0,0,0,0,0,0,0,0
421736,1,1,1988,6,9,15,20,7,15,8,8,3,12
421736,2,1,1988,18,18,18,18,18,18,18,18,18,18
421737,1,1,1988,12,14,9,0,0,20,27,26,0,28
421738,0,1,1988,0,0,0,0,0,0,0,0,0,0
421738,1,1,1988,0,0,0,0,0,0,0,0,0,0
421739,0,1,1988,0,0,0,0,0,6,0,0,0,0
421739,1,1,1988,0,0,0,0,0,0,8,0,0,0
421740,1,1,1988,0,0,0,0,0,0,0,0,0,0
421741,1,1,1988,26,26,26,26,26,26,26,26,26,26
421742,1,1,1988,0,0,0,0,0,0,0,0,0,0
421742,2,1,1988,0,0,0,0,0,0,0,0,0,0
421743,1,1,1988,37,37,37,37,37,37,37,37,37,37
421744,1,1,1988,0,0,0,0,0,0,0,0,0,0
421745,0,1,1988,0,0,0,0,0,0,0,0,0,0
421745,1,1,1988,0,0,0,0,0,0,0,0,0,0
421746,0,1,1988,21,27,0,25,32,32,15,0,21,27
421746,1,1,1988,0,0,0,0,0,0,0,0,0,0
421747,1,1,1988,0,0,0,0,0,0,0,0,0,0
421747,2,1,1988,0,0,0,0,0,0,9,0,7,0
421748,1,1,1988,0,0,0,0,0,0,0,0,0,0
421748,2,1,1988,8,0,18,0,0,0,0,0,0,0
421749,1,1,1988,22,10,25,0,0,13,12,15,9,20
421749,2,1,1988,0,0,19,25,0,0,19,0,0,17
421750,1,1,1988,0,0,0,0,0,0,0,0,0,0
421751,1,1,1988,0,0,0,0,0,0,0,0,0,0
421752,1,1,1988,18,18,18,18,18,18,18,18,18,18
421752,2,1,1988,0,0,0,0,0,0,0,0,0,0
421753,1,1,1988,0,0,0,0,0,0,0,0,0,0
421753,2,1,1988,0,8,0,0,0,0,8,0,0,0
421754,0,1,1988,0,0,0,0,0,0,0,0,0,0
421754,1,1,1988,0,0,0,0,0,0,0,0,0,0
421755,1,1,1988,0,3,0,0,0,12,0,0,0,0
421756,1,1,1988,0,0,0,0,0,0,0,0,0,0
421756,2,1,1988,0,0,0,0,0,0,0,0,0,0
421757,1,1,1988,21,21,21,21,21,21,21,21,21,21
421758,1,1,1988,15,15,15,15,15,15,15,15,15,15
421758,2,1,1988,0,0,0,0,7,0,6,0,8,0
421759,1,1,1988,0,10,0,11,0,18,0,0,0,6
421759,2,1,1988,0,0,0,0,0,0,0,0,0,0
421760,1,1,1988,24,9,18,25,17,17,37,11,27,15
421761,1,1,1988,27,27,27,27,27,27,27,27,27,27
421761,2,1,1988,0,0,0,0,0,0,0,0,0,0
421762,1,1,1988,27,27,27,27,27,27,27,27,27,27
421762,2,1,1988,0,0,0,0,0,0,0,0,0,0
421763,1,1,1988,22,22,22,22,22,22,22,22,22,22
421764,1,1,1988,0,0,0,0,0,6,0,17,0,0
421765,1,1,1988,0,0,0,0,0,0,0,0,0,0
421765,2,1,1988,0,0,0,0,0,0,0,0,0,0
421766,1,1,1988,0,0,0,0,0,0,0,0,0,0
421767,0,1,1988,0,0,0,0,0,0,0,0,0,0
421767,1,1,1988,0,0,0,0,0,0,0,0,0,0
421768,0,1,1988,21,0,0,0,0,0,29,0,0,9
421768,1,1,1988,0,0,0,0,0,0,0,0,0,0
421769,1,1,1988,12,12,12,12,12,12,12,12,12,12
421769,2,1,1988,6,6,6,6,6,6,6,6,6,6
421770,1,1,1988,0,0,0,0,0,0,0,0,0,0
421771,0,1,1988,24,24,24,24,24,24,24,24,24,24
421771,1,1,1988,0,0,0,0,0,21,0,0,0,0
421772,1,1,1988,0,36,0,7,14,25,14,27,22,28
421773,0,1,1988,0,0,0,0,0,0,0,0,0,0
421773,1,1,1988,0,0,0,0,0,0,0,0,0,0
421774,1,1,1988,0,0,0,0,0,0,0,0,0,0
421774,2,1,1988,2,2,2,2,2,2,2,2,2,2
421775,1,1,1988,20,20,20,20,20,20,20,20,20,20
421775,2,1,1988,0,10,9,0,0,18,0,16,0,0
421776,1,1,1988,11,11,11,11,11,11,11,11,11,11
421777,1,1,1988,0,0,0,0,0,0,0,0,0,0
421778,1,1,1988,0,0,0,0,3,0,15,0,24,9
421778,2,1,1988,0,0,0,0,0,0,0,0,0,0
421779,0,1,1988,32,32,32,32,32,32,32,32,32,32
421779,1,1,1988,12,12,12,12,12,12,12,12,12,12
421780,1,1,1988,0,0,0,0,0,0,0,0,0,0
421781,1,1,1988,0,0,0,0,0,0,0,0,0,0
421782,1,1,1988,12,12,12,12,12,12,12,12,12,12
421782,2,1,1988,0,0,0,0,0,0,0,0,0,0
421783,1,1,1988,0,0,0,0,0,0,0,0,0,0
421784,1,1,1988,0,0,0,0,0,0,0,0,0,0
421784,2,1,1988,0,0,0,0,0,0,0,0,0,0
421785,0,1,1988,0,0,0,0,0,0,0,0,0,0
421785,1,1,1988,0,0,0,0,0,0,0,0,11,0
421786,1,1,1988,0,22,19,11,15,35,28,16,16,13
421788,1,1,1988,17,0,0,22,12,17,0,0,27,12
421790,1,1,1988,22,22,22,22,22,22,22,22,22,22
421790,2,1,1988,11,0,0,0,11,0,0,0,0,0
421790,3,1,1988,0,0,0,17,0,0,29,7,0,0
421791,1,1,1988,0,0,0,0,0,0,0,0,4,0
421791,2,1,1988,0,0,0,0,0,0,0,0,0,0
421792,1,1,1988,0,0,0,0,0,0,0,30,0,0
421792,2,1,1988,18,18,18,18,18,18,18,18,18,18
440001,1,1,1988,23,23,23,23,23,23,23,23,23,23
440002,1,1,1988,6,6,6,6,6,6,6,6,6,6
440003,1,1,1988,28,28,28,28,28,28,28,28,28,28
440003,2,1,1988,0,14,0,0,0,0,0,8,4,0
440004,0,1,1988,0,0,0,0,0,0,0,0,0,0
440004,1,1,1988,0,0,0,0,0,0,0,0,0,0
440005,1,1,1988,0,0,0,0,0,0,0,0,0,0
440005,2,1,1988,0,0,0,0,0,0,0,0,0,0
440006,1,1,1988,30,30,30,30,30,30,30,30,30,30
440007,0,1,1988,0,0,0,0,0,0,0,0,0,0
440007,1,1,1988,0,0,0,0,0,0,0,7,0,0
440009,1,2,1988,16,8,19,24,9,17,10,21,19,18
440010,1,2,1988,17,5,18,11,6,16,14,3,13,13
440011,1,1,1988,3,3,3,3,3,3,3,3,3,3
440012,1,1,1988,16,16,16,16,16,16,16,16,16,16
440013,1,2,1988,14,17,23,22,11,9,5,11,36,14
440014,1,3,1988,0,0,0,3,9,0,0,8,0,0
440014,2,1,1988,17,17,17,17,17,17,17,17,17,17
440015,1,1,1988,18,18,18,18,18,18,18,18,18,18
440016,1,2,1988,9,9,9,9,9,9,9,9,9,9
440017,1,2,1988,31,25,0,21,10,24,11,9,0,8
440018,1,1,1988,0,0,0,0,0,0,0,0,0,0
440018,2,1,1988,0,0,0,0,0,0,0,0,0,0
440018,3,1,1988,0,0,0,0,0,0,0,0,0,0
440019,0,1,1988,0,0,0,0,0,0,0,0,0,0
440019,1,1,1988,0,0,0,0,0,0,0,0,0,0
440020,0,1,1988,0,0,0,0,24,0,0,0,0,0
440020,1,1,1988,0,0,0,0,0,0,0,0,0,0
440021,1,1,1988,20,20,20,20,20,20,20,20,20,20
440022,1,1,1988,0,0,0,0,0,0,0,0,0,0
440023,1,2,1988,0,0,0,8,0,0,0,0,0,0
440024,1,1,1988,20,20,20,20,20,20,20,20,20,20
440025,0,1,1988,19,19,19,19,19,19,19,19,19,19
440025,1,1,1988,0,0,9,0,5,0,7,41,2,0
440026,1,1,1988,0,0,0,0,0,0,0,0,0,0
440026,2,1,1988,0,0,0,0,0,0,0,0,0,0
440026,3,1,1988,0,0,0,0,0,0,0,0,0,0
440027,0,1,1988,0,0,0,0,0,0,0,0,0,0
440027,0,2,1988,0,0,0,0,0,0,0,0,0,0
440027,1,1,1988,0,0,0,0,0,0,0,0,0,0
440028,1,2,1988,8,11,17,2,7,3,9,8,3,10
440029,1,1,1988,14,14,14,14,14,14,14,14,14,14