ST_CASE,VEH_NO,PER_NO,YEAR,P1,P2,P3,P4,P5,P6,P7,P8,P9,P10
440030,0,1,1988,0,0,0,0,0,0,0,0,0,0
440030,1,1,1988,0,16,9,20,0,14,0,21,12,0
440032,1,1,1988,0,0,0,0,0,0,0,0,0,0
440033,1,2,1988,0,0,0,0,0,0,0,10,13,0
440033,2,1,1988,0,24,0,0,0,0,0,0,0,0
440033,3,1,1988,0,0,0,0,0,0,0,0,0,0
440034,1,1,1988,22,22,22,22,22,22,22,22,22,22
440035,1,1,1988,28,28,28,28,28,28,28,28,28,28
440036,1,1,1988,27,27,27,27,27,27,27,27,27,27
440037,0,1,1988,0,0,0,0,0,0,0,0,0,0
440037,1,1,1988,0,0,0,0,0,0,0,0,0,0
440038,0,1,1988,1,1,1,1,1,1,1,1,1,1
440038,1,1,1988,0,0,0,0,0,0,0,0,0,0
440039,0,1,1988,0,0,0,0,0,0,0,0,0,0
440039,1,1,1988,21,0,3,9,0,7,8,9,9,21
440040,1,1,1988,0,0,0,0,0,0,0,0,0,0
440040,2,1,1988,0,0,0,0,0,0,0,0,0,0
440041,0,1,1988,0,0,0,0,0,0,0,0,0,0
440041,1,1,1988,0,0,0,0,0,0,0,0,0,0
440043,1,1,1988,0,0,0,0,0,0,0,0,0,0
440043,2,1,1988,0,0,0,0,0,0,0,0,0,0
440044,1,1,1988,21,21,18,27,25,0,16,18,22,16
440045,1,2,1988,19,24,16,21,15,12,4,12,8,4
440046,1,2,1988,0,0,8,0,0,0,0,0,0,0
440047,1,1,1988,11,0,25,26,19,24,17,17,17,38
440048,1,2,1988,0,0,0,0,0,0,0,0,0,0
440049,1,1,1988,29,29,29,29,29,29,29,29,29,29
440049,2,1,1988,0,0,0,0,0,0,0,0,20,0
440050,1,1,1988,13,13,13,13,13,13,13,13,13,13
440051,0,1,1988,0,0,0,0,0,0,0,0,0,0
440051,1,1,1988,0,0,0,0,0,0,0,0,0,0
440052,1,1,1988,0,0,0,0,0,0,0,0,0,0
440052,2,1,1988,10,0,0,17,0,20,0,0,0,0
440053,1,1,1988,0,0,0,0,0,0,0,0,0,0
440054,1,1,1988,0,0,0,0,0,0,0,0,0,0
440054,2,1,1988,0,0,0,0,0,0,0,0,0,0
440054,3,1,1988,0,0,0,0,0,0,0,0,0,0
440055,1,1,1988,0,0,0,0,0,0,0,0,0,0
440056,1,1,1988,0,0,0,0,0,0,0,0,0,0
440057,1,1,1988,18,18,18,18,18,18,18,18,18,18
440058,1,1,1988,0,0,0,0,0,0,0,0,0,0
440059,0,1,1988,0,0,0,0,0,0,0,0,0,0
440059,0,2,1988,0,0,0,0,0,0,0,0,0,0
440059,0,3,1988,0,19,0,0,0,0,0,0,0,0
440059,1,1,1988,0,0,0,0,0,0,0,0,0,0
440059,2,1,1988,0,0,0,0,0,0,0,0,0,0
440060,1,1,1988,20,20,20,20,20,20,20,20,20,20
440061,1,1,1988,0,0,0,0,0,0,0,0,0,0
440062,1,1,1988,0,0,0,0,0,0,0,0,0,0
440062,2,1,1988,0,0,0,0,0,0,0,0,0,0
440063,1,1,1988,0,0,0,0,0,0,0,0,0,0
440063,2,1,1988,0,0,0,0,0,0,0,0,0,0
440064,1,1,1988,22,22,22,22,22,22,22,22,22,22
440064,2,1,1988,0,0,0,0,0,0,0,0,0,0
440065,0,1,1988,25,25,25,25,25,25,25,25,25,25
440065,1,1,1988,0,0,0,0,0,0,0,0,0,0
440066,0,1,1988,0,0,0,0,0,0,0,0,0,0
440066,0,2,1988,23,18,0,10,5,9,0,13,35,37
440066,1,1,1988,0,0,0,25,0,0,25,15,0,9
440067,1,1,1988,6,6,6,6,6,6,6,6,6,6
440068,1,1,1988,0,0,0,0,0,0,0,0,0,0
440069,1,1,1988,12,12,12,12,12,12,12,12,12,12
440070,0,1,1988,0,0,0,0,0,0,0,0,0,0
440070,1,1,1988,7,7,7,7,7,7,7,7,7,7
440071,1,1,1988,0,0,0,0,0,0,0,0,0,0
440071,2,1,1988,9,0,10,21,0,0,3,0,8,2
440071,3,1,1988,0,0,0,0,0,0,0,0,0,0
440072,1,1,1988,27,27,27,27,27,27,27,27,27,27
440073,1,1,1988,0,0,0,0,0,0,0,0,0,0
440074,1,1,1988,0,0,0,0,0,0,0,0,0,0
440075,0,1,1988,25,25,25,25,25,25,25,25,25,25
440075,1,1,1988,0,0,28,6,0,0,14,18,21,0
440076,1,2,1988,9,0,10,0,14,26,0,0,0,3
440077,1,2,1988,0,15,0,0,0,0,0,16,0,8
440077,2,1,1988,0,0,0,0,8,0,0,0,0,0
440077,3,1,1988,17,0,0,0,0,0,0,0,0,0
440078,1,1,1988,14,14,14,14,14,14,14,14,14,14
440078,2,1,1988,0,0,0,0,0,0,0,0,0,0
440079,1,1,1988,0,0,0,0,0,0,0,0,0,0
440079,2,1,1988,0,0,0,0,0,0,0,0,0,0
440080,1,1,1988,25,25,25,25,25,25,25,25,25,25
440081,1,1,1988,0,0,0,0,0,0,0,0,0,0
440081,2,1,1988,0,0,0,0,0,0,0,0,0,0
440082,1,2,1988,0,0,0,0,0,0,0,0,0,0
440082,2,1,1988,0,0,0,0,0,0,0,0,0,0
440083,1,1,1988,0,0,0,0,0,0,0,0,0,0
440083,2,1,1988,0,0,0,0,0,0,0,0,0,0
440084,1,1,1988,18,18,18,18,18,18,18,18,18,18
440085,1,1,1988,5,5,5,5,5,5,5,5,5,5
440085,2,1,1988,0,0,0,0,0,0,0,0,0,6
440085,3,1,1988,0,0,0,0,0,13,0,0,0,0
440086,1,1,1988,4,4,4,4,4,4,4,4,4,4
440087,1,2,1988,0,0,0,0,0,0,0,0,0,0
440088,1,1,1988,0,0,0,0,0,0,0,0,0,0
440089,1,1,1988,0,0,0,0,0,0,0,0,0,0
440090,1,1,1988,16,16,16,16,16,16,16,16,16,16
440090,2,1,1988,10,12,13,17,18,8,4,14,17,18
440091,0,1,1988,21,21,21,21,21,21,21,21,21,21
440091,1,1,1988,21,0,14,25,11,12,16,13,11,29
440092,1,2,1988,0,0,0,0,0,0,0,0,0,0
440092,2,1,1988,0,0,0,0,0,0,0,0,0,0
440094,1,1,1988,22,22,22,22,22,22,22,22,22,22
440094,2,1,1988,0,4,0,16,0,0,0,0,0,0
440094,3,1,1988,0,0,0,0,26,17,0,0,0,0
440095,1,2,1988,0,0,0,0,0,0,0,0,0,0
440095,2,1,1988,0,0,0,0,0,0,0,0,0,0
440096,1,2,1988,0,0,0,0,0,0,0,0,0,0
440096,2,1,1988,0,0,0,0,0,0,0,0,0,0
440097,1,2,1988,25,9,17,11,7,21,23,36,12,22
440098,1,1,1988,22,22,22,22,22,22,22,22,22,22
440098,2,1,1988,0,0,0,0,0,0,0,0,0,0
440099,1,1,1988,2,2,2,2,2,2,2,2,2,2
440100,1,1,1988,0,0,0,0,0,0,0,0,0,0
440100,2,1,1988,0,0,0,0,0,0,0,0,0,0
440101,0,1,1988,17,17,17,17,17,17,17,17,17,17
440101,1,1,1988,0,0,0,0,0,0,0,0,0,0
440102,1,1,1988,0,0,0,0,0,0,0,0,0,0
440102,2,1,1988,0,0,0,0,0,0,0,0,0,0
440103,1,1,1988,21,21,21,21,21,21,21,21,21,21
440104,1,1,1988,0,0,0,0,0,0,0,0,0,0
440104,2,1,1988,0,0,9,38,0,17,0,0,0,0
440104,3,1,1988,0,0,0,0,0,0,0,0,0,0
440105,1,1,1988,0,0,0,0,0,0,0,0,0,0
440105,2,1,1988,0,0,0,0,0,0,0,0,0,0
440106,1,2,1988,0,0,0,0,0,0,0,0,0,0
440106,2,1,1988,0,0,0,0,0,0,0,0,0,0
440108,0,1,1988,0,0,0,0,0,0,0,0,0,0
440108,1,1,1988,0,0,0,0,0,0,0,0,0,0
440109,0,1,1988,0,0,0,0,0,0,0,0,0,0
440109,1,1,1988,0,0,0,0,0,0,0,20,0,0
440109,2,1,1988,0,0,0,0,10,0,0,0,0,0
440109,3,1,1988,0,0,0,0,0,0,0,0,0,0
440110,0,1,1988,0,0,0,0,0,0,0,0,0,0
440110,1,1,1988,0,0,0,0,0,0,0,0,0,0
440111,1,1,1988,26,26,26,26,26,26,26,26,26,26
440111,2,1,1988,0,0,24,7,0,0,0,0,0,0
440112,1,1,1988,0,0,0,0,0,0,0,0,0,0
440112,2,1,1988,0,0,0,0,0,5,0,0,0,0
440112,3,1,1988,0,0,0,0,0,0,0,25,0,0
440113,1,1,1988,34,34,34,34,34,34,34,34,34,34
440114,1,1,1988,19,19,19,19,19,19,19,19,19,19
440114,2,1,1988,0,0,0,0,0,0,0,0,0,0
440115,1,1,1988,5,5,5,5,5,5,5,5,5,5
440115,2,1,1988,0,0,0,0,0,30,0,17,0,0
440116,1,1,1988,0,0,0,0,0,0,0,0,0,0
440117,1,1,1988,0,0,0,0,0,0,0,0,0,0
440117,2,1,1988,0,0,0,0,0,0,0,0,0,0
440118,1,1,1988,9,9,9,9,9,9,9,9,9,9
440119,0,1,1988,15,15,15,15,15,15,15,15,15,15
440119,1,1,1988,20,39,8,36,21,42,4,28,36,19
440120,1,1,1988,26,26,26,26,26,26,26,26,26,26
440121,1,1,1988,0,0,0,0,0,0,0,0,0,0
440121,2,1,1988,0,0,0,0,0,0,0,0,0,0
440121,3,1,1988,0,0,0,0,0,0,0,0,0,0
440122,1,2,1988,20,15,3,15,19,3,16,7,11,9
440122,2,1,1988,1,1,1,1,1,1,1,1,1,1
440123,0,1,1988,23,0,11,34,0,24,0,20,15,5
440123,1,1,1988,14,14,14,14,14,14,14,14,14,14
450001,1,1,1988,0,0,0,0,0,0,0,0,5,14
450001,2,1,1988,0,12,0,7,0,0,0,15,20,0
450002,1,1,1988,0,0,0,0,0,0,0,0,0,0
450003,0,1,1988,0,33,0,0,0,0,0,0,0,0
450003,1,1,1988,20,11,5,9,3,10,10,12,16,11
450004,1,1,1988,26,26,26,26,26,26,26,26,26,26
450005,1,1,1988,0,0,0,0,0,0,0,0,0,0
450005,2,1,1988,0,6,21,20,0,0,0,0,28,12
450007,0,1,1988,0,0,0,0,0,0,0,0,0,0
450007,1,1,1988,0,0,0,0,0,0,0,0,0,0
450008,1,1,1988,0,0,0,0,0,0,0,0,0,0
450008,2,1,1988,0,0,0,0,0,0,8,0,0,0
450008,3,1,1988,0,0,0,0,0,0,0,0,0,14
450008,4,1,1988,1,1,1,1,1,1,1,1,1,1
450008,5,1,1988,0,0,0,0,0,0,0,0,0,0
450009,1,1,1988,13,13,13,13,13,13,13,13,13,13
450010,1,1,1988,27,27,27,27,27,27,27,27,27,27
450011,1,1,1988,5,5,5,5,5,5,5,5,5,5
450012,1,1,1988,31,31,31,31,31,31,31,31,31,31
450013,1,1,1988,0,0,0,0,0,0,0,0,0,0
450014,1,1,1988,0,0,0,0,0,0,0,0,0,0
450015,0,1,1988,0,0,0,0,0,0,0,0,0,0
450015,1,1,1988,0,4,0,0,0,0,0,0,0,20
450016,1,1,1988,0,0,0,0,0,0,0,0,0,0
450017,1,1,1988,24,24,24,24,24,24,24,24,24,24
450018,0,1,1988,0,0,0,17,0,0,10,0,0,0
450018,0,2,1988,0,0,8,0,0,0,19,0,14,0
450018,1,1,1988,0,0,0,0,0,0,0,0,0,0
450019,0,1,1988,0,0,0,0,0,0,0,0,0,0
450019,1,1,1988,0,0,0,0,0,0,0,0,0,0
450020,1,1,1988,0,0,0,0,0,0,0,0,0,0
450020,2,1,1988,0,0,0,0,0,0,0,0,0,0
450021,1,1,1988,0,0,0,0,0,0,0,32,0,22
450023,1,1,1988,28,28,28,28,28,28,28,28,28,28
450023,2,1,1988,0,0,0,0,0,0,0,0,0,0
450023,3,1,1988,15,0,30,0,0,0,15,0,0,0
450024,0,1,1988,0,0,0,0,0,0,0,0,0,0
450024,1,1,1988,0,0,0,0,0,0,0,0,0,0
450025,1,1,1988,12,12,12,12,12,12,12,12,12,12
450026,1,1,1988,20,21,18,19,21,15,0,0,0,15
450027,1,1,1988,0,0,0,0,0,0,0,0,0,0
450028,1,1,1988,0,0,0,0,0,0,0,0,0,0
450028,2,1,1988,4,4,4,4,4,4,4,4,4,4
450029,1,1,1988,0,0,0,0,0,0,0,0,0,0
450029,2,1,1988,0,0,0,0,0,0,0,0,0,0
450030,1,1,1988,27,27,27,27,27,27,27,27,27,27
450031,1,1,1988,6,6,6,6,6,6,6,6,6,6
450031,2,1,1988,17,17,17,17,17,17,17,17,17,17
450032,1,1,1988,0,0,0,0,0,0,0,0,0,0
450032,2,1,1988,17,17,17,17,17,17,17,17,17,17
450033,1,1,1988,0,0,0,0,0,0,0,0,0,0
450033,2,1,1988,0,0,0,0,0,0,0,0,0,0
450034,1,1,1988,0,0,0,0,0,0,0,0,0,0
450034,2,1,1988,0,0,0,0,0,0,0,7,0,0
450035,1,1,1988,0,0,0,0,0,0,0,0,0,0
450036,1,1,1988,0,0,0,0,0,0,0,0,0,0
450036,2,1,1988,18,0,0,20,10,20,0,0,14,26
450037,1,1,1988,0,0,0,0,0,0,0,0,0,0
450037,2,1,1988,11,0,0,0,0,8,7,0,0,0
450038,0,1,1988,23,23,23,23,23,23,23,23,23,23
450038,1,1,1988,0,21,0,6,0,0,0,0,0,7
450039,1,1,1988,58,58,58,58,58,58,58,58,58,58
450040,1,1,1988,0,0,0,0,0,0,0,0,0,0
450040,2,1,1988,0,0,0,0,0,0,0,0,0,0
450041,1,1,1988,0,0,0,0,0,0,7,0,16,0
450042,1,1,1988,0,0,0,0,0,0,0,0,0,0
450042,2,1,1988,0,0,0,0,0,0,0,0,0,0
450043,1,1,1988,17,17,17,17,17,17,17,17,17,17
450044,1,1,1988,0,0,0,0,0,0,10,0,0,0
450044,2,1,1988,0,0,0,21,0,0,0,0,0,19
450044,3,1,1988,0,0,0,0,0,0,0,0,0,0
450045,0,1,1988,0,0,0,0,0,0,0,0,0,0
450045,1,1,1988,0,0,0,0,0,0,0,0,0,0
450046,1,1,1988,26,26,26,26,26,26,26,26,26,26
450046,2,1,1988,0,0,0,0,0,0,0,0,0,25
450046,3,1,1988,0,0,0,0,0,0,33,18,0,0
450047,1,1,1988,11,11,11,11,11,11,11,11,11,11
450048,1,1,1988,12,12,12,12,12,12,12,12,12,12
450049,1,1,1988,20,20,20,20,20,20,20,20,20,20
450050,1,1,1988,6,6,6,6,6,6,6,6,6,6
450051,1,1,1988,0,0,0,0,0,0,0,0,0,0
450051,2,1,1988,0,0,0,0,0,0,0,0,0,0
450052,1,1,1988,22,22,22,22,22,22,22,22,22,22
450053,0,1,1988,30,30,30,30,30,30,30,30,30,30
450053,1,1,1988,0,0,0,0,0,0,0,0,0,0
450053,2,1,1988,0,7,0,8,0,0,0,38,0,0
450054,1,1,1988,17,0,11,0,0,0,0,0,0,0
450055,1,1,1988,0,0,0,0,0,0,0,0,0,0
450055,2,1,1988,0,0,31,0,0,0,20,0,0,0
450056,1,1,1988,2,2,2,2,2,2,2,2,2,2
450056,2,1,1988,25,25,25,25,25,25,25,25,25,25
450057,1,1,1988,0,0,0,0,0,0,0,0,13,0
450057,2,1,1988,0,0,0,0,0,0,0,0,0,0
450058,1,1,1988,0,0,0,0,0,30,0,0,0,0
450058,2,1,1988,17,0,0,0,0,0,0,0,0,0
450058,3,1,1988,0,0,0,0,0,0,0,0,0,0
450060,1,1,1988,7,7,7,7,7,7,7,7,7,7
450061,1,1,1988,13,0,23,0,0,0,0,0,0,0
450062,1,1,1988,34,34,34,34,34,34,34,34,34,34
450062,2,1,1988,0,0,0,0,0,0,0,0,0,0
450063,1,1,1988,0,0,0,29,0,0,0,0,0,0
450063,2,1,1988,0,17,0,0,0,0,0,0,0,14
450064,1,1,1988,0,0,0,10,0,0,0,11,0,5
450064,2,1,1988,0,0,0,0,0,0,0,0,0,0
450065,1,1,1988,4,18,0,23,0,23,0,8,39,30
450066,1,1,1988,13,29,12,14,30,18,23,13,22,5
450067,1,1,1988,12,0,0,0,0,0,0,0,0,0
450067,2,1,1988,0,0,0,0,0,0,0,0,0,0
450068,1,1,1988,0,0,0,0,0,0,0,0,0,0
450069,1,1,1988,0,0,0,0,0,0,0,0,0,21
450069,2,1,1988,0,0,0,0,0,0,3,0,0,0
450070,1,1,1988,0,5,34,13,0,4,39,19,26,0
450071,1,1,1988,0,0,0,0,0,0,4,0,0,0
450071,2,1,1988,7,23,0,22,0,0,24,0,0,0
450072,1,1,1988,0,14,13,10,9,16,0,17,0,12
450072,2,1,1988,0,0,0,0,0,0,0,0,0,0
450072,3,1,1988,14,0,0,7,0,0,0,9,0,15
450073,0,1,1988,0,0,16,0,0,0,0,0,0,20
450073,1,1,1988,0,0,0,0,0,0,10,0,0,0
450074,1,1,1988,0,0,0,0,0,0,0,0,0,0
450074,2,1,1988,12,12,12,12,12,12,12,12,12,12
450075,1,1,1988,20,18,18,13,17,25,24,22,42,9
450076,1,1,1988,26,26,26,26,26,26,26,26,26,26
450077,1,1,1988,26,19,33,11,0,28,18,18,17,28
450078,1,1,1988,17,17,17,17,17,17,17,17,17,17
450079,1,1,1988,17,17,17,17,17,17,17,17,17,17
450080,1,1,1988,0,0,0,0,0,0,0,0,0,0
450080,2,1,1988,0,0,0,0,0,0,0,0,0,0
450081,1,1,1988,0,0,15,0,0,7,0,17,0,0
450082,1,1,1988,19,19,19,19,19,19,19,19,19,19
450083,0,1,1988,0,0,14,4,0,0,10,0,0,12
450083,1,1,1988,0,0,0,0,0,0,0,0,0,0
450084,1,1,1988,26,26,26,26,26,26,26,26,26,26
450085,1,1,1988,0,0,0,0,39,0,0,0,0,0
450086,1,1,1988,0,0,0,0,0,0,0,0,0,0
450086,2,1,1988,0,0,0,0,6,3,14,14,0,30
450087,1,1,1988,0,0,0,0,0,0,0,0,0,0
450087,2,1,1988,0,0,11,16,0,0,11,0,10,20
450088,1,1,1988,41,13,12,24,14,19,9,18,15,15
450089,1,1,1988,19,19,19,19,19,19,19,19,19,19
450089,2,1,1988,0,0,0,0,0,0,0,0,0,0
450089,3,1,1988,10,13,8,19,10,0,0,0,0,0
450090,1,1,1988,1,1,1,1,1,1,1,1,1,1
450091,1,1,1988,0,0,0,33,0,0,0,0,0,0
450091,2,1,1988,0,0,0,0,0,0,0,0,0,0
450092,0,1,1988,0,4,9,36,20,11,21,0,11,21
450092,1,1,1988,0,0,0,0,0,0,0,0,0,0
450093,1,1,1988,16,16,16,10,18,16,22,18,15,31
450094,1,1,1988,0,0,0,0,0,0,0,0,0,0
450095,0,1,1988,17,6,9,0,0,9,21,18,22,0
450095,1,1,1988,15,15,15,15,15,15,15,15,15,15
450096,1,1,1988,15,15,15,15,15,15,15,15,15,15
450097,0,1,1988,21,0,11,15,4,25,0,0,34,18
450097,1,1,1988,0,0,0,0,0,0,0,15,0,0
450098,1,1,1988,11,11,11,11,11,11,11,11,11,11
450099,1,1,1988,0,0,0,0,0,0,0,15,0,0
450099,2,1,1988,0,0,0,0,0,0,17,17,13,0
450099,3,1,1988,0,0,0,0,0,0,0,0,17,0
450100,1,1,1988,0,0,0,0,0,0,0,0,0,0
450100,2,1,1988,0,0,0,0,0,0,0,0,0,0
450101,1,1,1988,0,0,0,0,0,24,0,0,0,0
450101,2,1,1988,17,17,17,17,17,17,17,17,17,17
450102,1,1,1988,0,0,0,0,0,0,0,0,0,0
450102,2,1,1988,0,0,0,0,0,0,0,0,0,0
450102,3,1,1988,17,17,17,17,17,17,17,17,17,17
450103,1,1,1988,0,0,0,0,0,0,0,0,0,0
450104,1,1,1988,0,0,0,0,0,0,0,0,0,0
450104,2,1,1988,0,0,0,0,0,38,0,6,0,0
450105,1,1,1988,0,0,0,0,13,0,19,0,0,16
450105,2,1,1988,7,7,7,7,7,7,7,7,7,7
450106,1,1,1988,0,14,9,0,0,0,0,0,0,0
450106,2,1,1988,0,0,0,0,0,0,0,0,0,0
450107,1,1,1988,11,11,11,11,11,11,11,11,11,11
450108,1,1,1988,6,6,6,6,6,6,6,6,6,6
450108,2,1,1988,0,0,0,0,0,0,0,0,0,0
450108,3,1,1988,0,0,0,0,6,0,0,0,0,0
450109,1,1,1988,0,0,14,11,20,9,0,0,0,16
450110,1,1,1988,0,0,0,0,0,0,0,0,0,0
450110,2,1,1988,19,19,19,19,19,19,19,19,19,19
450111,1,1,1988,0,0,0,26,0,0,28,19,21,0
450112,0,1,1988,0,0,0,0,0,0,0,0,0,0
450112,1,1,1988,11,11,11,11,11,11,11,11,11,11
450113,1,1,1988,12,11,17,28,25,30,11,26,17,18
450114,1,1,1988,18,4,10,0,13,9,0,26,14,11
450115,1,1,1988,0,0,0,0,0,0,0,0,0,0
450116,1,1,1988,11,11,11,11,11,11,11,11,11,11
450117,1,1,1988,0,9,0,13,0,0,35,11,16,0
450118,1,1,1988,0,11,0,25,13,6,0,30,11,0
450119,1,1,1988,0,0,0,0,0,0,0,0,0,0
450119,2,1,1988,0,0,0,0,0,0,8,0,0,0
450120,1,1,1988,18,26,22,26,0,17,21,24,0,16
450121,1,1,1988,0,0,0,0,0,0,0,0,0,0
450121,2,1,1988,0,0,0,0,0,0,0,0,0,0
450123,1,1,1988,0,0,0,0,0,0,0,0,0,0
450123,2,1,1988,0,0,0,0,0,0,0,0,0,0
450124,1,1,1988,0,0,0,0,0,0,0,0,0,0
450124,2,1,1988,6,6,6,6,6,6,6,6,6,6
450125,1,1,1988,2,2,2,2,2,2,2,2,2,2
450126,0,1,1988,0,0,0,0,18,0,0,0,13,0
450126,1,1,1988,0,0,17,0,0,0,0,0,0,0
450127,1,1,1988,0,0,0,0,0,0,0,0,0,0
450128,1,1,1988,17,17,17,17,17,17,17,17,17,17
450129,0,1,1988,14,14,14,14,14,14,14,14,14,14
450129,1,1,1988,7,7,7,7,7,7,7,7,7,7
450130,1,1,1988,18,18,18,18,18,18,18,18,18,18
450132,0,1,1988,9,9,9,9,9,9,9,9,9,9
450132,1,1,1988,0,0,0,0,0,0,0,0,0,0
450133,1,1,1988,0,0,16,0,0,0,0,0,0,29
450133,2,1,1988,0,19,0,0,23,0,0,0,0,0
450134,1,1,1988,0,0,0,0,0,0,0,0,0,0
450134,2,1,1988,0,0,0,0,0,0,0,0,0,0
450135,1,1,1988,0,0,0,0,17,9,0,13,0,11
450136,1,1,1988,0,0,0,0,0,0,0,0,0,0
450136,2,1,1988,17,17,17,17,17,17,17,17,17,17
450137,1,1,1988,0,0,5,0,0,0,0,0,0,0
450138,1,1,1988,0,0,0,18,0,0,0,8,0,0
450138,2,1,1988,0,0,0,0,0,0,0,0,0,0
450138,3,1,1988,0,0,0,0,0,0,0,0,0,0
450139,1,1,1988,0,0,0,0,0,0,0,0,0,0
450139,2,1,1988,5,12,7,9,0,15,19,10,21,0
450140,1,1,1988,0,0,0,0,0,0,0,0,0,0
450140,2,1,1988,0,0,0,0,0,19,0,0,0,0
450141,1,1,1988,0,0,0,0,22,0,0,0,0,0
450141,2,1,1988,0,0,0,0,0,0,0,0,0,0
450142,1,1,1988,0,0,0,0,0,0,0,0,0,0
450143,1,1,1988,6,6,6,6,6,6,6,6,6,6
450143,2,1,1988,0,0,0,0,0,0,0,0,0,0
450144,1,1,1988,10,10,10,10,10,10,10,10,10,10
450145,1,1,1988,0,0,0,0,38,0,0,0,0,0
450146,1,1,1988,23,23,23,23,23,23,23,23,23,23
450147,1,1,1988,17,17,17,17,17,17,17,17,17,17
450148,1,1,1988,22,22,22,22,22,22,22,22,22,22
450149,1,1,1988,20,20,31,32,19,18,18,27,11,15
450150,0,1,1988,0,0,0,0,0,0,0,0,0,0
450150,0,2,1988,0,0,0,0,0,0,0,0,0,0
450150,1,1,1988,12,12,12,12,12,12,12,12,12,12
450151,1,1,1988,0,0,0,0,0,0,0,0,0,0
450151,2,1,1988,19,19,19,19,19,19,19,19,19,19
450152,1,1,1988,0,0,0,0,0,0,0,0,0,0
450152,2,1,1988,32,32,32,32,32,32,32,32,32,32
450153,1,1,1988,0,0,0,0,0,0,0,0,0,0
450153,2,1,1988,0,26,32,0,0,0,18,0,9,22
450154,1,1,1988,32,32,32,32,32,32,32,32,32,32
450155,1,1,1988,21,21,21,21,21,21,21,21,21,21
450155,2,1,1988,0,5,21,3,4,0,0,0,0,0
450156,1,1,1988,13,13,13,13,13,13,13,13,13,13
450157,1,1,1988,0,0,0,0,0,0,0,0,0,0
450158,1,1,1988,0,0,0,0,0,0,0,0,0,0
450158,2,1,1988,7,7,7,7,7,7,7,7,7,7
450158,3,1,1988,0,0,0,0,0,0,0,0,0,0
450159,1,1,1988,0,0,0,0,0,0,0,0,0,0
450159,2,1,1988,13,13,13,13,13,13,13,13,13,13
450160,1,1,1988,0,0,0,0,0,0,0,0,0,0
450160,2,1,1988,22,22,22,22,22,22,22,22,22,22
450161,1,1,1988,0,0,0,0,0,0,0,0,0,0
450161,2,1,1988,0,0,0,0,0,0,0,0,0,0
450162,0,1,1988,16,16,16,16,16,16,16,16,16,16
450162,1,1,1988,8,13,0,6,0,0,0,10,12,35
450163,1,1,1988,17,17,17,17,17,17,17,17,17,17
450164,1,1,1988,0,0,0,0,0,0,0,0,0,0
450164,2,1,1988,0,0,0,0,0,0,0,0,0,0
450165,0,1,1988,0,0,0,0,0,0,0,0,0,0
450165,1,1,1988,0,0,0,0,0,0,0,0,0,0
450166,1,1,1988,0,0,0,0,0,0,0,0,0,0
450167,1,1,1988,21,20,27,7,31,28,0,29,12,0
450168,1,1,1988,0,5,0,0,0,0,0,0,0,0
450168,2,1,1988,11,11,11,11,11,11,11,11,11,11
450169,1,1,1988,0,0,0,0,0,0,0,0,0,23
450169,2,1,1988,0,0,0,0,19,0,17,0,0,0
450169,3,1,1988,24,19,0,0,0,0,0,0,0,9
450169,4,1,1988,24,21,22,0,16,0,0,13,0,14
450169,5,1,1988,0,0,0,0,0,0,0,0,0,0
450170,0,1,1988,27,5,0,0,0,0,0,14,0,0
450170,1,1,1988,0,0,0,0,0,0,0,0,0,0
450171,1,1,1988,0,0,0,0,0,0,0,0,0,0
450172,1,1,1988,11,11,11,11,11,11,11,11,11,11
450173,0,1,1988,43,0,0,32,0,13,0,20,13,0
450173,1,1,1988,12,0,0,14,0,9,0,0,15,12
450174,1,1,1988,0,0,0,0,0,0,0,0,0,0
450174,2,1,1988,0,0,0,0,0,0,0,0,0,0
450175,1,1,1988,0,0,0,0,0,0,0,0,0,0
450176,1,1,1988,0,0,0,0,0,0,0,0,0,0
450177,1,1,1988,25,0,0,0,21,0,0,0,19,0
450177,2,1,1988,0,0,0,9,0,12,0,13,0,0
450178,0,1,1988,0,0,0,0,0,0,0,0,0,0
450178,1,1,1988,0,0,13,0,0,0,0,0,0,0
450179,1,1,1988,0,0,0,0,0,0,0,0,0,0
450179,2,1,1988,13,0,10,0,18,0,0,12,33,0
450180,1,1,1988,0,0,0,0,0,0,0,0,0,0
450180,2,1,1988,0,0,0,0,0,0,0,0,0,0
450181,1,1,1988,0,0,0,0,0,0,0,0,20,0
450182,1,1,1988,7,7,7,7,7,7,7,7,7,7
450182,2,1,1988,0,0,0,0,0,0,0,0,0,0
450183,1,1,1988,0,0,0,0,0,0,0,0,0,0
450184,1,1,1988,0,0,0,0,0,0,0,0,0,0
450185,1,1,1988,20,22,22,0,31,11,27,13,0,0
450185,2,1,1988,0,0,0,0,0,0,0,0,0,0
450186,1,1,1988,0,23,33,37,16,16,12,45,15,16
450187,1,1,1988,0,1,0,17,0,0,2,0,0,23
450188,1,1,1988,11,11,11,11,11,11,11,11,11,11
450189,1,1,1988,0,0,0,0,0,0,0,0,0,0
450189,2,1,1988,0,0,0,0,0,0,0,0,0,0
450190,1,1,1988,0,0,19,0,0,0,6,9,0,17
450190,2,1,1988,0,0,0,0,0,0,0,8,0,12