ST_CASE,VEH_NO,PER_NO,YEAR,P1,P2,P3,P4,P5,P6,P7,P8,P9,P10
450491,1,1,1988,0,0,0,0,0,26,0,0,8,24
450492,1,1,1988,0,6,0,0,8,0,16,0,0,0
450492,2,1,1988,0,0,0,0,0,0,0,0,0,0
450494,1,1,1988,0,18,35,17,21,20,0,38,0,15
450494,2,1,1988,0,0,0,0,0,0,0,0,0,0
450495,1,1,1988,0,0,0,0,0,0,0,0,0,0
450496,0,1,1988,0,0,0,0,0,0,0,0,0,0
450496,1,1,1988,0,0,0,0,0,0,0,0,0,0
450497,1,1,1988,24,22,0,14,0,0,0,0,0,0
450497,2,1,1988,0,15,14,0,15,0,8,11,19,0
450498,0,1,1988,16,16,16,16,16,16,16,16,16,16
450498,1,1,1988,0,0,27,0,13,8,0,0,0,0
450499,1,1,1988,22,0,0,0,0,0,0,0,0,0
450499,2,1,1988,0,18,2,0,10,0,9,0,0,0
450500,1,1,1988,3,28,17,22,0,16,13,0,12,0
450501,1,1,1988,13,0,0,0,0,0,0,9,0,0
450502,1,1,1988,13,27,27,0,11,0,0,8,0,0
450504,1,1,1988,0,0,0,0,0,0,0,0,0,0
450504,2,1,1988,0,0,0,0,16,0,26,0,0,0
450506,1,1,1988,0,0,0,0,0,0,0,0,0,0
450506,2,1,1988,0,0,0,0,0,0,0,0,0,0
450507,0,1,1988,26,26,26,26,26,26,26,26,26,26
450507,1,1,1988,10,0,0,0,18,14,0,0,0,10
450508,1,1,1988,0,0,0,0,0,0,0,27,0,0
450508,2,1,1988,0,0,0,0,0,0,0,0,0,0
450508,3,1,1988,0,0,0,0,0,0,0,0,0,0
450509,1,1,1988,0,0,0,0,0,0,0,0,0,15
450509,2,1,1988,0,0,0,0,0,11,13,0,21,17
450510,0,1,1988,0,0,0,0,0,0,0,0,0,0
450510,1,1,1988,0,14,7,12,12,7,4,26,17,17
450511,1,1,1988,0,0,0,0,0,23,0,0,0,0
450511,2,1,1988,0,0,0,0,0,0,0,0,9,0
450512,1,1,1988,0,0,23,8,0,0,10,0,0,7
450512,2,1,1988,0,19,0,19,0,0,0,12,0,25
450513,1,1,1988,10,26,36,32,26,12,15,17,18,23
450514,0,1,1988,7,7,7,7,7,7,7,7,7,7
450514,1,1,1988,0,12,11,0,23,14,0,0,0,0
450515,1,1,1988,8,8,8,8,8,8,8,8,8,8
450515,2,1,1988,0,0,4,0,0,0,0,0,0,0
450516,1,1,1988,0,0,0,0,0,0,0,0,0,0
450516,2,1,1988,0,0,8,7,0,0,0,0,0,0
450519,1,1,1988,0,0,0,0,0,0,8,0,0,0
450519,2,1,1988,0,0,0,0,0,0,0,0,0,0
450519,3,1,1988,0,0,0,0,0,9,0,0,0,0
450520,1,1,1988,0,0,0,0,0,0,0,0,0,0
450520,2,1,1988,0,0,0,0,0,0,0,0,0,0
450521,1,1,1988,0,0,0,0,0,0,0,0,0,0
450521,2,1,1988,0,0,0,0,0,0,0,0,0,0
450522,1,1,1988,0,0,0,0,0,21,0,0,0,0
450522,2,1,1988,0,0,0,14,0,0,5,0,0,19
450523,1,1,1988,0,0,0,0,0,0,0,0,0,0
450523,2,1,1988,0,0,0,0,0,0,0,0,0,0
450524,1,1,1988,20,16,36,32,12,0,28,9,11,18
450525,0,1,1988,16,21,18,20,26,0,13,15,0,24
450525,0,2,1988,0,0,0,0,0,0,0,0,0,0
450525,1,1,1988,0,0,0,0,0,0,0,0,0,0
450526,1,1,1988,0,0,0,0,0,0,0,0,0,0
450527,1,1,1988,0,0,0,16,22,0,15,0,0,32
450528,1,1,1988,0,0,0,0,0,0,0,0,0,0
450528,2,1,1988,0,0,0,0,0,6,0,0,0,0
450529,0,1,1988,0,0,0,0,0,0,0,0,0,0
450529,1,1,1988,0,10,0,6,0,0,10,0,11,12
450530,0,1,1988,0,0,0,0,0,0,0,0,0,0
450530,1,1,1988,0,0,0,0,0,0,18,0,11,0
450531,1,1,1988,5,0,0,0,0,0,0,0,0,0
450532,1,1,1988,22,22,22,22,22,22,22,22,22,22
450533,1,1,1988,0,11,0,0,0,0,0,0,20,0
450534,1,2,1988,0,0,27,28,0,14,0,17,0,28
450535,1,2,1988,0,0,0,8,0,0,0,0,0,0
450535,2,1,1988,0,0,0,0,0,0,0,0,0,0
450536,1,1,1988,19,23,6,21,0,15,22,7,23,14
450537,1,1,1988,0,0,0,0,0,0,0,0,0,0
450537,2,1,1988,9,0,0,0,0,0,0,0,0,0
450538,0,1,1988,0,5,0,0,0,24,13,0,0,0
450538,1,1,1988,0,0,0,0,0,0,0,0,0,15
450539,0,1,1988,24,15,18,21,23,22,13,0,13,12
450539,0,2,1988,14,14,7,0,0,16,0,30,0,17
450539,1,1,1988,17,0,17,30,12,19,16,15,0,0
450540,1,1,1988,0,0,0,0,0,0,0,0,0,0
450540,2,1,1988,0,0,0,0,0,0,0,0,0,0
450541,1,1,1988,0,0,0,0,0,0,0,0,0,0
450541,2,1,1988,0,0,0,0,0,0,0,0,0,0
450542,1,1,1988,0,0,0,0,0,0,8,0,0,0
450543,1,1,1988,0,0,0,0,0,0,0,0,0,0
450543,2,1,1988,0,0,0,6,0,0,0,0,0,0
450544,1,1,1988,22,8,13,0,11,13,12,11,0,0
450545,1,1,1988,0,0,0,0,0,0,0,0,0,0
450546,0,1,1988,9,9,9,9,9,9,9,9,9,9
450546,1,1,1988,17,36,0,36,0,10,0,0,7,0
450547,1,1,1988,0,0,0,0,0,0,0,0,0,0
450547,2,1,1988,0,0,0,17,0,0,9,0,16,25
450548,1,1,1988,15,19,12,17,25,0,0,7,0,32
450548,2,1,1988,17,5,0,31,0,14,10,0,11,0
450549,1,1,1988,31,0,11,16,14,19,34,25,9,18
450551,1,1,1988,0,0,0,0,0,0,0,0,0,0
450552,1,1,1988,6,0,0,0,9,0,0,17,9,4
450553,1,1,1988,8,8,8,8,8,8,8,8,8,8
450554,1,1,1988,24,20,4,12,19,21,13,0,24,0
450555,1,1,1988,0,0,0,0,0,0,0,0,0,0
450555,2,1,1988,0,22,0,21,23,16,25,9,0,14
450556,1,1,1988,0,0,0,0,0,0,0,0,0,0
450556,2,1,1988,0,0,0,0,0,0,0,0,0,0
450557,1,1,1988,0,0,0,0,0,0,0,0,0,0
450557,2,1,1988,0,20,0,11,33,29,0,0,7,8
450558,1,1,1988,0,0,0,0,0,0,0,0,0,0
450559,1,1,1988,0,0,0,0,0,0,0,0,0,0
450559,2,1,1988,0,0,14,0,0,0,0,0,0,0
450559,3,1,1988,0,0,0,0,0,0,0,0,12,0
450560,1,1,1988,13,16,7,36,15,0,17,17,25,17
450561,1,1,1988,0,0,8,0,0,0,0,0,0,0
450562,1,1,1988,0,0,0,0,0,0,0,0,0,0
450563,1,1,1988,0,0,0,0,0,0,0,0,0,0
450563,2,1,1988,0,0,0,0,0,0,0,0,22,0
450563,3,1,1988,0,0,0,0,0,0,0,0,0,0
450563,4,1,1988,0,0,0,0,0,0,0,0,0,0
450563,5,1,1988,0,0,0,0,0,0,0,0,0,0
450563,6,1,1988,0,0,0,0,0,0,0,0,0,23
450563,7,1,1988,12,13,8,0,29,28,0,0,8,31
450563,8,1,1988,0,0,0,0,0,0,0,0,0,0
450563,9,1,1988,0,0,0,0,0,0,0,0,0,0
450563,10,1,1988,0,0,0,0,0,0,0,0,0,0
450563,11,1,1988,0,0,0,0,0,0,0,0,0,0
450563,12,1,1988,0,0,0,0,0,0,0,0,0,0
450563,13,1,1988,0,0,0,0,0,0,0,0,0,0
450563,14,1,1988,0,0,0,15,0,0,0,0,0,0
450563,15,1,1988,0,0,0,0,0,0,0,0,11,0
450563,16,1,1988,0,0,0,0,0,0,0,0,0,0
450563,17,1,1988,0,0,0,0,0,0,18,0,0,0
450564,1,1,1988,0,0,0,0,0,0,12,21,0,0
450565,1,1,1988,8,0,3,11,7,0,0,7,0,13
450565,2,1,1988,7,11,9,9,0,0,0,6,0,3
450566,0,1,1988,0,0,0,0,0,0,0,0,0,0
450566,1,1,1988,0,0,0,0,0,0,0,0,0,0
450567,1,1,1988,0,6,0,11,0,10,23,7,11,38
450568,0,1,1988,0,0,0,0,0,0,0,0,0,0
450568,1,1,1988,0,0,0,0,13,16,0,0,0,0
450570,1,1,1988,0,0,0,0,0,0,0,0,0,0
450570,2,1,1988,0,0,2,0,0,0,0,7,15,0
450571,1,1,1988,29,0,0,0,9,27,27,31,0,0
450572,1,1,1988,17,0,0,12,0,0,0,0,16,20
450573,0,1,1988,20,0,0,0,25,0,0,0,0,0
450573,1,1,1988,0,0,0,0,0,0,0,0,0,0
450574,1,1,1988,0,0,0,0,0,0,24,0,3,0
450575,1,1,1988,18,27,0,17,0,18,5,0,19,0
450575,2,1,1988,0,0,22,29,0,0,10,0,13,0
450576,1,1,1988,0,0,0,0,0,0,0,0,0,0
450576,2,1,1988,19,8,0,18,0,0,13,0,0,0
450577,0,1,1988,0,0,0,0,0,0,0,0,0,0
450577,1,1,1988,10,0,0,0,8,0,0,21,0,0
450578,1,1,1988,0,0,0,0,0,8,0,0,0,0
450579,1,1,1988,0,0,9,17,0,10,15,11,34,23
450580,1,1,1988,0,0,0,0,0,0,0,0,0,0
450580,2,1,1988,0,0,0,0,3,0,0,0,0,0
450581,1,1,1988,0,0,0,0,0,0,0,12,0,0
450581,2,1,1988,0,0,0,0,0,0,0,0,13,0
450582,1,1,1988,0,0,0,0,0,0,0,0,0,0
450583,1,1,1988,7,8,0,0,0,0,9,0,10,0
450583,2,1,1988,24,0,9,0,0,0,0,22,18,7
450584,1,1,1988,20,0,0,0,0,0,0,0,0,0
450584,2,1,1988,0,0,13,0,0,0,0,0,0,0
450585,1,1,1988,0,0,0,0,0,0,0,0,0,0
450585,2,1,1988,0,0,0,0,0,0,0,0,0,0
450585,3,1,1988,0,0,0,0,0,0,0,0,0,0
450586,1,1,1988,8,8,8,8,8,8,8,8,8,8
450586,2,1,1988,19,0,0,0,22,8,0,12,14,0
450587,1,1,1988,38,38,38,38,38,38,38,38,38,38
450588,1,1,1988,19,19,19,19,19,19,19,19,19,19
450589,1,1,1988,0,0,0,0,0,16,0,0,0,0
450589,2,1,1988,0,0,0,0,0,0,0,0,0,0
450590,0,1,1988,7,7,7,7,7,7,7,7,7,7
450590,1,1,1988,0,10,0,13,0,0,9,0,6,13
450591,1,1,1988,10,0,14,40,30,12,36,0,27,0
450592,1,1,1988,0,0,0,0,0,0,42,0,0,0
450592,2,1,1988,0,12,28,14,0,0,0,0,0,0
450593,1,1,1988,18,26,0,0,12,0,0,0,10,0
450594,1,1,1988,0,0,0,0,0,0,0,0,0,0
450594,2,1,1988,0,0,0,0,0,0,0,0,0,0
450595,1,1,1988,0,0,0,0,0,0,0,0,0,0
450595,2,1,1988,0,27,0,0,7,0,0,3,0,0
450596,1,1,1988,14,14,14,14,14,14,14,14,14,14
450597,1,1,1988,0,0,0,0,0,0,0,0,0,0
450597,2,1,1988,0,0,6,0,0,0,0,0,0,0
450598,1,1,1988,0,0,0,0,0,0,17,0,0,0
450598,2,1,1988,0,0,0,11,0,0,0,0,0,0
450599,1,1,1988,0,0,0,0,8,0,0,18,0,0
450600,1,1,1988,0,5,0,0,0,9,0,0,13,0
450600,2,1,1988,26,8,18,0,9,0,15,9,0,0
450601,1,1,1988,0,0,0,0,0,0,0,0,0,0
450601,2,1,1988,0,0,0,0,0,0,0,0,0,0
450603,0,1,1988,0,32,0,0,19,0,0,0,0,26
450603,1,1,1988,0,0,29,0,0,0,0,0,0,0
450604,1,1,1988,0,0,0,0,0,0,0,0,0,20
450605,1,1,1988,0,0,0,0,0,0,0,0,0,0
450605,2,1,1988,0,0,0,0,0,0,0,0,0,0
450606,1,1,1988,17,13,0,0,0,0,0,0,21,17
450606,2,1,1988,16,16,16,16,16,16,16,16,16,16
450607,1,1,1988,0,13,0,0,0,0,0,0,0,0
450607,2,1,1988,26,0,10,0,12,10,0,0,0,0
450608,1,1,1988,0,0,0,0,0,0,0,0,0,0
450608,2,1,1988,0,0,0,0,0,0,0,0,0,0
450609,0,1,1988,0,0,0,0,0,0,0,0,0,0
450609,1,1,1988,0,0,0,0,11,0,0,0,0,0
450610,1,1,1988,0,0,0,0,28,0,0,0,0,0
450610,2,1,1988,23,0,18,0,0,0,14,0,0,0
450611,1,1,1988,0,6,0,0,0,0,0,10,0,0
450612,1,1,1988,15,20,25,13,6,22,18,20,23,40
450613,0,1,1988,9,9,23,0,0,12,9,0,24,7
450613,1,1,1988,20,20,20,20,20,20,20,20,20,20
450615,1,1,1988,21,9,0,19,2,36,0,11,0,8
450616,1,1,1988,0,0,0,0,0,0,0,0,0,0
450616,2,1,1988,16,0,0,0,0,19,0,0,0,0
450617,1,1,1988,0,0,12,19,0,0,0,0,0,0
450617,2,1,1988,0,0,19,0,0,0,0,0,24,0
450618,1,1,1988,0,8,0,0,22,0,15,16,21,26
450618,2,1,1988,0,0,4,0,0,0,0,0,5,0
450619,1,1,1988,0,0,0,0,0,0,29,0,0,0
450619,2,1,1988,0,25,0,0,0,0,0,0,2,0
450620,0,1,1988,8,8,8,8,8,8,8,8,8,8
450620,1,1,1988,0,0,0,9,0,0,0,0,0,0
450621,1,1,1988,6,6,6,6,6,6,6,6,6,6
450622,1,1,1988,23,0,16,0,13,10,7,0,12,15
450623,1,1,1988,0,0,0,0,0,0,0,0,0,0
450623,2,1,1988,0,0,0,0,0,0,0,0,0,0
450624,1,1,1988,0,0,0,0,21,0,0,0,0,0
450624,2,1,1988,0,0,0,0,0,0,0,0,0,18
450625,1,1,1988,13,0,6,10,0,22,20,17,23,28
450625,2,1,1988,0,7,0,0,0,0,0,0,0,0
450626,0,1,1988,9,9,9,9,9,9,9,9,9,9
450626,1,1,1988,4,4,4,4,4,4,4,4,4,4
450627,0,1,1988,0,0,0,0,0,0,0,0,0,0
450627,0,2,1988,0,0,19,34,9,5,18,11,0,5
450627,1,1,1988,0,0,0,0,16,0,0,0,30,0
450628,1,1,1988,8,8,8,8,8,8,8,8,8,8
450629,1,1,1988,18,0,0,0,0,21,0,23,0,0
450629,2,1,1988,8,5,0,11,20,9,0,0,0,0
450630,1,1,1988,0,0,0,0,0,0,0,0,0,0
450631,1,1,1988,0,0,0,0,0,0,0,0,0,0
450631,2,1,1988,0,0,0,0,18,0,0,0,0,0
450632,0,1,1988,0,0,0,0,0,0,0,0,0,0
450632,1,1,1988,0,0,0,0,0,0,0,0,0,0
450633,1,1,1988,0,0,0,0,0,0,0,0,0,0
450633,2,1,1988,0,0,0,0,0,0,0,23,0,0
450634,0,1,1988,9,28,35,35,0,20,0,9,19,17
450634,1,1,1988,8,21,0,9,32,22,0,0,16,0
450635,0,1,1988,0,0,0,0,0,0,0,0,0,0
450635,1,1,1988,7,16,2,13,0,0,0,21,0,0
450636,1,1,1988,32,0,0,0,23,0,0,18,0,0
450636,2,1,1988,0,0,0,0,0,11,0,0,0,0
450637,1,1,1988,0,0,0,0,0,0,0,0,0,0
450638,1,1,1988,26,26,26,26,26,26,26,26,26,26
450639,0,1,1988,0,0,0,0,0,0,0,0,0,0
450639,1,1,1988,0,0,0,0,0,0,0,0,0,0
450640,1,1,1988,0,0,24,10,0,0,0,0,0,0
450640,2,1,1988,0,0,18,17,14,7,0,0,0,0
450641,1,1,1988,0,0,0,0,0,0,0,0,0,0
450641,2,1,1988,0,0,0,0,0,0,0,0,0,12
450642,1,1,1988,26,18,8,24,18,20,23,15,0,27
450643,1,1,1988,0,0,0,0,0,0,0,0,0,23
450643,2,1,1988,0,0,0,0,0,0,0,0,0,0
450644,1,1,1988,15,15,15,15,15,15,15,15,15,15
450645,1,1,1988,16,16,16,16,16,16,16,16,16,16
450646,1,1,1988,0,0,10,17,0,0,28,0,30,27
450646,2,1,1988,0,0,0,0,0,0,0,0,6,0
450647,0,1,1988,0,0,0,0,0,0,0,0,0,0
450647,1,1,1988,0,4,16,0,0,0,12,13,27,0
450648,1,1,1988,14,0,0,0,23,20,17,17,12,19
450649,1,1,1988,0,0,0,0,0,18,20,0,0,0
450650,1,1,1988,0,0,0,0,0,0,0,0,0,0
450651,1,1,1988,16,16,35,0,16,12,0,14,10,23
450651,2,1,1988,0,0,0,0,0,0,0,0,0,0
450652,1,1,1988,19,19,19,19,19,19,19,19,19,19
450653,1,1,1988,25,25,25,25,25,25,25,25,25,25
450654,0,1,1988,29,29,29,29,29,29,29,29,29,29
450654,1,1,1988,0,0,0,16,8,26,0,0,0,0
450655,1,1,1988,0,0,0,0,0,0,0,0,0,0
450655,2,1,1988,0,0,0,0,0,0,0,0,0,0
450656,1,1,1988,12,16,0,15,0,0,0,16,0,0
450658,1,1,1988,18,0,0,0,0,15,0,25,0,0
450660,0,1,1988,0,30,0,0,0,12,0,0,0,23
450660,1,1,1988,20,15,0,0,30,12,13,23,0,0
450661,1,1,1988,0,0,0,0,0,0,0,0,0,0
450661,2,1,1988,12,0,0,18,0,8,31,11,4,0
450662,1,1,1988,0,0,0,0,0,0,0,0,0,0
450662,2,1,1988,28,28,28,28,28,28,28,28,28,28
450664,1,1,1988,0,35,0,0,0,0,0,0,0,0
450664,2,1,1988,0,0,0,0,7,0,0,0,0,0
450665,1,1,1988,15,15,15,15,15,15,15,15,15,15
450666,1,1,1988,0,0,0,0,0,0,0,0,0,0
450667,1,1,1988,0,0,0,0,0,0,0,0,0,0
450667,2,1,1988,0,0,0,0,0,0,13,0,0,0
450668,1,1,1988,0,0,0,0,0,0,0,0,0,0
450668,2,1,1988,0,0,0,0,0,0,13,28,0,0
450670,1,1,1988,4,4,4,4,4,4,4,4,4,4
450671,1,1,1988,16,0,9,0,0,0,0,0,0,9
450672,1,1,1988,26,0,8,0,0,15,18,17,5,0
450673,0,1,1988,0,0,0,14,12,22,48,32,21,29
450673,0,2,1988,27,0,0,0,0,21,0,0,10,9
450673,1,1,1988,11,11,11,11,11,11,11,11,11,11
450674,1,1,1988,0,0,0,0,17,13,0,19,12,9
450675,1,1,1988,0,0,0,0,0,0,0,0,0,0
450676,0,1,1988,0,0,0,0,0,0,0,0,0,0
450676,1,1,1988,0,25,23,27,13,15,19,16,0,9
450677,1,1,1988,12,12,12,12,12,12,12,12,12,12
450678,0,1,1988,0,0,0,0,0,0,0,0,0,0
450678,1,1,1988,0,0,12,0,0,0,14,0,0,4
450679,1,1,1988,0,0,7,0,24,0,0,6,0,6
450680,1,1,1988,0,29,15,0,19,26,25,0,20,19
450681,1,1,1988,17,0,7,2,26,0,0,0,16,0
450682,1,1,1988,0,0,0,0,0,0,0,0,0,0
450682,2,1,1988,0,0,0,11,9,0,0,0,0,0
450683,1,1,1988,21,18,11,0,0,0,15,6,0,0
450683,2,1,1988,0,0,8,0,0,0,11,0,0,0
450683,3,1,1988,0,0,0,0,0,0,0,0,0,0
450684,1,1,1988,14,13,32,11,24,25,0,15,16,5
450685,1,1,1988,0,0,0,0,0,0,0,0,0,0
450685,2,1,1988,0,0,0,0,0,5,0,0,0,0
450686,1,1,1988,0,0,0,0,0,0,0,0,0,0
450686,2,1,1988,10,21,0,0,11,0,0,0,9,22
450687,1,1,1988,0,0,0,0,0,0,0,0,0,0
450687,2,1,1988,0,0,0,0,0,0,0,0,0,0
450688,1,1,1988,0,0,0,0,0,0,0,0,0,0
450688,2,1,1988,0,0,0,0,0,0,0,0,0,0
450689,0,1,1988,0,0,0,0,0,0,0,0,0,0
450689,1,1,1988,0,0,0,0,0,0,0,16,0,0
450690,1,1,1988,0,0,0,0,0,0,0,0,0,0
450690,2,1,1988,0,0,0,0,0,0,0,0,0,0
450691,1,1,1988,0,11,0,0,0,0,0,0,0,13
450692,0,1,1988,34,13,22,0,7,13,34,7,5,0
450692,1,1,1988,0,14,0,0,15,20,0,0,25,13
450693,1,1,1988,17,0,0,5,0,0,21,0,16,0
450693,2,1,1988,0,0,0,0,0,0,0,0,0,0
450694,1,1,1988,28,28,28,28,28,28,28,28,28,28
450695,1,1,1988,19,30,24,27,18,23,32,30,0,9
450696,0,1,1988,0,0,0,0,0,0,0,0,0,0
450696,1,1,1988,24,0,0,0,0,0,0,0,22,0
450697,1,1,1988,16,0,0,0,0,0,0,0,0,0
450698,1,1,1988,0,8,16,13,0,0,0,25,0,21
450699,1,1,1988,26,15,20,11,24,8,25,12,23,29
450700,0,1,1988,0,0,0,0,0,0,0,0,0,0
450700,1,1,1988,0,0,0,0,0,28,6,4,0,14
450701,1,1,1988,14,24,8,10,0,20,15,16,10,16
450702,1,1,1988,0,0,0,0,0,0,0,0,0,0
450703,1,1,1988,0,0,0,0,0,0,0,0,0,0
450703,2,1,1988,0,0,5,3,0,0,0,0,0,0
450704,1,1,1988,0,0,0,0,0,0,0,0,0,0
450705,1,1,1988,0,0,0,0,0,0,0,0,0,0
450705,2,1,1988,0,0,0,0,0,0,11,0,0,0
450706,1,1,1988,0,0,0,0,0,0,0,0,0,0
450706,2,1,1988,0,0,0,0,0,0,0,0,0,0
450707,1,1,1988,0,0,0,0,0,0,0,0,0,0
450708,1,1,1988,0,0,0,0,0,0,0,0,0,0
450708,2,1,1988,0,0,10,0,0,0,0,0,0,0
450709,1,1,1988,0,8,0,0,0,0,0,0,0,0
450709,2,1,1988,13,0,0,0,0,0,0,0,0,0
450710,1,1,1988,3,3,3,3,3,3,3,3,3,3
450711,0,1,1988,0,0,0,0,0,0,0,0,0,0
450711,1,1,1988,0,0,0,0,0,13,0,0,0,0
450712,1,1,1988,8,0,0,0,0,0,0,0,0,0
450712,2,1,1988,0,0,0,0,0,0,0,0,0,0
450712,3,1,1988,0,0,0,0,0,0,0,0,0,0
450713,1,1,1988,0,0,0,0,0,0,0,0,0,0
450714,1,1,1988,5,5,5,5,5,5,5,5,5,5
450715,1,1,1988,0,0,0,0,0,0,0,0,0,0
450715,2,1,1988,33,0,16,0,13,0,5,11,22,10
450716,1,1,1988,0,0,0,11,0,10,0,0,0,0
450717,1,1,1988,8,0,0,0,0,0,0,10,0,0
450718,1,1,1988,0,0,0,4,28,16,0,18,16,3
450720,1,1,1988,0,0,0,0,0,0,0,0,0,0
450721,1,1,1988,0,0,0,0,0,0,0,0,0,0
450721,2,1,1988,0,0,0,0,0,0,0,0,30,0
450722,1,1,1988,0,0,7,14,27,20,21,15,25,6
450723,1,1,1988,0,0,0,0,0,0,0,0,0,0
450724,1,1,1988,17,11,17,0,0,26,5,0,5,29
450725,1,1,1988,17,12,13,28,40,0,0,11,31,10
450726,1,1,1988,0,0,0,0,0,0,0,0,0,0
450728,1,1,1988,0,0,0,0,0,0,0,0,0,0
450728,2,1,1988,0,0,0,0,0,0,0,0,0,0
450729,1,1,1988,0,0,0,0,0,0,0,0,0,0
450729,2,1,1988,23,0,0,0,10,11,0,18,0,11
450730,1,1,1988,0,0,0,0,0,0,0,0,0,0
450730,2,1,1988,0,0,0,0,0,0,0,0,0,0
450731,1,1,1988,16,0,4,29,0,0,25,27,0,14
450732,1,1,1988,0,0,0,0,0,0,0,0,0,0
450733,1,1,1988,0,0,0,0,0,0,0,0,0,0
450735,1,1,1988,10,10,10,10,10,10,10,10,10,10
450736,1,1,1988,19,15,12,0,11,40,25,0,17,21
450737,1,1,1988,0,19,14,0,0,23,21,0,0,0
450738,1,1,1988,0,0,0,0,0,0,0,0,0,0
450738,2,1,1988,12,0,0,0,9,0,0,10,0,0
450739,1,1,1988,0,0,0,0,0,0,0,0,0,0
450739,2,1,1988,0,10,0,0,0,0,0,0,0,0
450740,1,1,1988,0,0,0,0,0,0,0,0,0,0
450740,2,1,1988,0,0,11,16,16,17,0,11,14,0
450741,0,1,1988,0,0,0,0,0,0,0,0,0,0
450741,0,2,1988,0,0,0,0,0,0,0,0,0,0
450741,1,1,1988,12,0,0,0,0,0,0,0,0,0
450742,1,1,1988,0,0,0,0,0,0,0,0,0,0
450743,1,1,1988,15,15,15,15,15,15,15,15,15,15
450744,1,1,1988,7,19,18,7,19,0,9,25,0,0
450745,0,1,1988,23,0,16,11,8,13,0,0,0,22
450745,1,1,1988,14,14,14,14,14,14,14,14,14,14
450746,1,1,1988,0,14,0,0,0,0,0,0,0,0
450746,2,1,1988,0,0,0,0,0,0,0,0,0,0
450746,3,1,1988,16,0,0,14,0,0,0,14,0,0
450747,1,1,1988,0,0,0,0,0,0,0,0,0,0
450747,2,1,1988,0,0,0,0,0,0,0,0,0,0
450748,1,1,1988,0,0,0,0,0,0,0,0,0,0
450748,2,1,1988,0,0,7,0,0,0,0,0,0,0
450749,1,1,1988,14,14,14,14,14,14,14,14,14,14
450751,1,1,1988,0,0,0,0,0,0,0,0,0,0
450751,2,1,1988,0,0,0,0,0,0,0,0,0,0
450752,1,1,1988,0,0,0,0,0,0,0,0,0,0
450752,2,1,1988,0,0,0,0,0,0,0,0,0,0
450752,3,1,1988,0,0,0,0,0,0,0,0,0,0
450753,1,1,1988,19,19,19,19,19,19,19,19,19,19
450754,1,1,1988,24,20,20,0,13,15,0,0,21,0
450755,1,1,1988,18,0,17,0,4,0,13,19,13,16
450756,1,2,1988,11,0,0,0,0,0,0,0,18,0
450756,2,1,1988,0,0,0,0,0,0,0,0,0,0
450757,1,1,1988,9,9,9,9,9,9,9,9,9,9
450758,1,1,1988,0,0,14,0,36,0,0,0,0,0
450759,1,1,1988,7,15,7,0,21,31,0,18,0,8
450761,1,1,1988,13,13,13,13,13,13,13,13,13,13
450762,1,1,1988,0,0,0,0,0,0,0,0,0,0
450762,2,1,1988,0,0,21,0,0,0,0,0,0,0
450763,1,1,1988,0,0,0,0,0,0,0,0,0,0
450763,2,1,1988,0,0,0,18,0,16,14,0,0,0
450764,0,1,1988,0,0,0,0,0,0,0,0,0,0
450764,1,1,1988,0,0,0,0,0,0,0,0,19,0
450765,1,1,1988,0,0,0,0,0,0,0,0,0,0
450766,1,2,1988,0,0,0,0,0,0,0,0,0,0
450766,2,1,1988,0,0,0,0,0,23,0,0,0,0
450767,1,1,1988,12,0,0,4,0,14,0,0,0,0
450767,2,1,1988,0,0,0,0,0,0,0,0,0,0
450768,0,1,1988,0,0,0,0,0,0,0,0,0,0
450768,0,2,1988,0,0,0,0,0,0,0,0,0,0
450768,1,1,1988,8,13,0,4,23,15,0,0,2,27
450769,1,1,1988,24,24,24,24,24,24,24,24,24,24
450770,1,1,1988,0,0,0,0,0,0,0,0,0,0
450771,1,1,1988,0,0,0,0,0,0,0,0,0,0
450772,1,1,1988,0,0,9,0,27,0,0,29,0,0
450773,0,1,1988,0,0,0,0,0,0,0,0,0,0
450773,1,1,1988,16,0,0,11,18,0,0,0,0,0
450774,0,1,1988,0,0,0,0,0,0,0,0,0,0
450774,1,1,1988,13,0,0,0,0,0,0,0,0,0
450775,1,1,1988,0,0,0,0,0,0,0,0,0,0
450775,2,1,1988,0,0,0,0,0,0,0,0,0,0
450776,1,1,1988,0,0,38,0,0,22,0,7,8,0
450776,2,1,1988,0,0,0,10,0,4,16,18,15,0
450777,1,1,1988,8,16,8,0,11,0,10,7,0,0
450778,1,1,1988,0,0,0,0,0,0,0,0,0,0
450779,1,1,1988,0,0,0,0,0,0,0,0,0,0
450779,2,1,1988,14,25,13,0,16,8,13,7,0,0
450780,0,1,1988,28,28,28,28,28,28,28,28,28,28
450780,1,1,1988,13,6,6,0,12,0,7,0,0,0
450781,1,1,1988,0,15,27,24,16,23,31,20,9,17
450782,1,1,1988,23,23,23,23,23,23,23,23,23,23
450782,2,1,1988,0,8,0,0,0,0,0,0,0,0
450783,1,1,1988,14,12,0,48,53,16,29,23,16,18
450784,1,1,1988,0,0,0,0,0,0,0,0,0,0
450785,1,1,1988,0,0,0,0,0,0,0,0,0,0
450785,2,1,1988,0,0,0,0,0,0,0,0,0,0
450786,0,1,1988,0,0,0,0,0,0,0,0,0,0
450786,0,2,1988,0,0,0,0,0,0,0,0,0,0
450786,1,1,1988,0,0,0,0,0,0,0,0,0,0
450787,0,1,1988,0,0,0,0,0,0,0,0,0,0
450787,1,1,1988,0,0,0,0,0,0,0,0,0,0
450788,1,1,1988,8,0,0,19,0,21,0,25,22,16
450789,0,1,1988,0,0,0,0,0,0,0,0,0,0