ST_CASE,VEH_NO,PER_NO,YEAR,P1,P2,P3,P4,P5,P6,P7,P8,P9,P10
450789,1,1,1988,0,22,32,0,0,13,0,0,0,4
450790,1,1,1988,0,0,22,13,11,0,0,0,0,0
450791,1,1,1988,0,19,0,0,0,0,0,0,5,0
450791,2,1,1988,0,0,0,0,0,0,0,0,0,0
450792,1,1,1988,28,28,28,28,28,28,28,28,28,28
450793,1,1,1988,0,0,0,0,0,0,0,0,0,0
450793,2,2,1988,0,0,0,5,0,0,0,0,0,0
450794,1,2,1988,0,0,0,0,0,0,0,0,0,0
450795,1,1,1988,0,19,0,0,0,0,0,0,0,0
450796,1,1,1988,0,20,0,0,0,0,0,0,0,0
450796,2,1,1988,0,0,0,0,0,0,0,0,0,0
450797,1,1,1988,0,0,0,0,0,0,0,0,0,0
450798,0,1,1988,0,23,24,32,0,33,8,13,27,0
450798,1,1,1988,0,21,19,0,0,0,0,0,0,0
450799,1,1,1988,0,0,0,0,18,13,0,15,0,0
450800,0,1,1988,19,19,19,19,19,19,19,19,19,19
450800,1,1,1988,11,4,17,16,17,7,0,0,0,25
450801,1,1,1988,0,0,0,0,0,0,0,0,0,0
450801,2,1,1988,0,16,8,0,10,18,0,0,0,0
450802,1,1,1988,18,18,18,18,18,18,18,18,18,18
450803,1,1,1988,8,0,3,28,0,0,28,0,0,0
450804,1,1,1988,0,0,0,0,0,0,0,0,0,0
450804,2,1,1988,14,0,0,0,0,33,21,0,0,0
450805,1,1,1988,0,11,33,0,11,29,9,19,32,20
450806,1,1,1988,22,7,3,24,20,11,27,0,17,14
450807,1,1,1988,11,11,10,22,20,20,11,22,23,5
450808,1,1,1988,23,0,22,21,22,17,20,12,17,0
450809,1,1,1988,29,29,29,29,29,29,29,29,29,29
450810,1,1,1988,0,0,0,0,0,0,0,0,0,0
450810,2,1,1988,28,28,28,28,28,28,28,28,28,28
450811,1,1,1988,13,13,13,13,13,13,13,13,13,13
450812,0,1,1988,0,0,0,0,0,0,0,0,0,0
450812,1,1,1988,0,0,0,0,0,0,0,0,0,0
450813,1,1,1988,20,0,11,19,24,3,34,13,10,16
450814,1,1,1988,0,9,0,0,20,18,11,0,0,8
450815,1,1,1988,0,0,0,0,0,0,0,0,0,0
450815,2,1,1988,0,0,0,0,0,0,0,0,0,0
450816,1,1,1988,0,0,0,0,0,0,0,0,0,0
450816,2,1,1988,17,0,0,0,0,0,0,0,0,0
450817,0,1,1988,0,0,0,0,0,0,0,0,0,0
450817,1,1,1988,7,7,7,7,7,7,7,7,7,7
450818,0,1,1988,30,32,34,13,12,25,39,19,20,21
450818,1,1,1988,0,0,0,0,0,0,5,0,0,0
450820,1,1,1988,14,18,24,0,19,0,17,14,37,14
450822,1,1,1988,0,0,0,0,0,0,0,0,0,0
450822,2,1,1988,0,0,0,0,0,0,0,21,0,0
450823,1,1,1988,0,0,0,0,0,0,0,0,0,0
450824,0,1,1988,0,13,23,34,24,24,5,0,0,0
450824,1,1,1988,0,0,0,0,0,0,0,0,0,0
450825,1,1,1988,0,0,0,0,0,0,0,0,0,0
450825,2,1,1988,19,0,10,0,24,12,0,0,0,17
450827,1,1,1988,0,0,0,0,0,0,0,0,0,0
450829,1,1,1988,0,0,0,0,0,0,0,0,0,0
450829,2,1,1988,0,0,0,0,0,0,0,0,0,0
450830,1,1,1988,0,0,0,0,0,0,0,0,0,0
450831,1,1,1988,0,0,0,0,0,0,0,0,0,0
450831,2,1,1988,0,0,0,0,17,0,0,0,0,0
450831,3,1,1988,0,0,0,0,0,0,0,0,0,0
450832,1,1,1988,0,0,0,0,0,0,0,0,0,0
450832,2,1,1988,0,0,0,0,0,0,0,0,0,0
450833,1,1,1988,0,0,0,0,0,0,0,0,0,0
450834,1,1,1988,0,0,0,0,0,0,0,0,0,0
450834,2,1,1988,0,0,0,0,0,14,0,0,0,0
450835,1,1,1988,0,0,0,0,0,0,0,0,0,0
450835,2,1,1988,0,0,0,0,0,0,0,0,0,0
450836,1,1,1988,0,2,0,16,15,0,18,0,17,16
450837,1,1,1988,0,0,0,0,0,0,0,0,0,0
450837,2,1,1988,0,0,0,0,0,0,0,0,0,0
450839,1,1,1988,0,0,0,0,0,0,0,6,0,0
450839,2,1,1988,0,0,0,0,0,0,0,0,0,30
450839,3,1,1988,0,20,0,0,0,0,0,0,0,0
450840,1,1,1988,10,10,10,10,10,10,10,10,10,10
450842,1,1,1988,0,42,10,6,0,6,6,7,0,15
450843,1,1,1988,9,9,9,9,9,9,9,9,9,9
450843,2,1,1988,0,0,0,0,0,13,0,0,0,0
450844,1,1,1988,0,0,0,0,0,0,0,0,0,0
450844,2,1,1988,0,0,0,0,17,16,16,13,0,0
450845,1,1,1988,19,19,19,19,19,19,19,19,19,19
450845,2,1,1988,0,0,0,19,15,0,0,0,0,0
450846,1,1,1988,11,11,11,11,11,11,11,11,11,11
450847,1,1,1988,0,0,0,0,0,0,0,0,0,0
450847,2,1,1988,0,0,0,0,0,0,0,0,0,0
450847,3,1,1988,5,0,0,0,0,0,16,0,0,0
450848,1,1,1988,21,21,21,21,21,21,21,21,21,21
450848,2,1,1988,0,0,0,18,0,0,0,0,0,24
450849,1,1,1988,0,0,0,0,0,0,0,0,0,0
450849,2,1,1988,0,0,0,0,0,0,0,19,0,0
450850,0,1,1988,0,0,0,0,0,0,0,0,0,0
450850,1,1,1988,0,0,0,0,0,0,0,10,0,0
450851,1,1,1988,0,0,0,0,0,0,0,0,0,0
450851,2,1,1988,0,0,0,0,0,0,0,0,0,0
450852,1,1,1988,0,0,0,18,0,0,0,0,0,0
450852,2,1,1988,0,0,0,0,0,0,0,0,0,0
450853,1,1,1988,0,0,0,0,0,0,0,5,0,0
450854,1,1,1988,16,16,16,16,16,16,16,16,16,16
450855,1,1,1988,0,0,0,0,0,0,0,0,0,0
450856,1,1,1988,0,0,16,22,0,0,0,24,0,0
450856,2,1,1988,14,11,0,0,0,0,0,0,0,0
450857,1,1,1988,0,0,0,0,0,6,0,0,0,0
450858,1,1,1988,1,1,1,1,1,1,1,1,1,1
450859,1,1,1988,0,0,0,0,0,0,0,0,0,0
450859,2,1,1988,0,0,0,0,0,0,0,0,0,0
450860,1,1,1988,23,13,16,0,0,0,0,0,0,0
450861,1,1,1988,34,0,10,24,16,11,0,0,13,23
450862,1,1,1988,0,0,0,0,0,0,0,0,0,0
450862,2,1,1988,0,0,0,0,0,0,0,0,0,0
450863,1,1,1988,0,0,0,0,0,0,0,0,0,0
450863,2,1,1988,13,0,0,0,0,27,0,0,0,0
450864,1,1,1988,18,24,25,0,0,11,14,0,0,24
450865,1,1,1988,0,0,0,0,0,0,0,0,0,0
450865,2,1,1988,0,0,6,14,11,17,18,0,0,11
450866,1,1,1988,9,0,10,3,0,26,17,0,3,9
450867,0,1,1988,14,0,0,0,0,0,0,0,0,0
450867,1,1,1988,0,0,0,0,0,25,0,18,0,0
450868,1,1,1988,31,0,13,24,11,27,17,13,5,7
450869,0,1,1988,0,30,15,5,36,48,0,23,17,47
450869,1,1,1988,0,0,0,0,21,0,12,0,0,0
450870,0,1,1988,0,0,0,0,0,0,0,0,0,0
450870,1,1,1988,0,0,0,0,0,0,0,0,0,0
450871,1,1,1988,0,0,0,0,0,0,0,0,0,0
450871,2,1,1988,0,0,0,0,0,0,0,0,0,0
450872,1,1,1988,34,0,22,0,25,0,0,0,35,0
450873,0,1,1988,0,0,0,0,0,0,0,0,0,0
450873,1,1,1988,0,17,12,0,24,0,0,0,0,0
450875,1,1,1988,0,10,0,5,0,0,0,0,0,0
450876,1,1,1988,0,0,0,0,0,0,0,0,0,0
450877,1,1,1988,0,0,0,0,0,0,0,0,0,0
450878,1,1,1988,27,10,11,21,33,17,19,11,6,15
450878,2,1,1988,0,0,0,0,0,0,0,0,0,0
450879,1,1,1988,0,0,0,0,0,0,0,0,0,0
450879,2,1,1988,0,0,0,0,0,0,0,0,0,0
450880,0,1,1988,0,0,0,0,0,0,0,0,0,0
450880,1,1,1988,0,0,0,0,0,0,0,0,0,0
450881,1,1,1988,18,18,18,18,18,18,18,18,18,18
450882,1,1,1988,0,0,0,0,0,0,0,0,0,0
450882,2,1,1988,0,0,0,0,0,0,0,0,0,0
450883,1,1,1988,0,0,0,0,0,0,0,0,0,0
450883,2,1,1988,0,28,0,0,0,0,0,0,0,0
450884,1,1,1988,5,5,5,5,5,5,5,5,5,5
450885,1,1,1988,16,16,16,16,16,16,16,16,16,16
450886,1,1,1988,0,0,0,0,0,0,0,0,0,0
450886,2,1,1988,0,0,0,0,0,0,0,0,0,0
450887,1,1,1988,0,19,35,8,0,0,0,14,15,0
450888,1,1,1988,0,0,0,0,0,0,0,0,0,0
450888,2,1,1988,3,3,3,3,3,3,3,3,3,3
450889,1,1,1988,15,0,0,0,2,15,0,0,12,10
450890,1,1,1988,0,0,0,0,0,0,0,0,0,0
450890,2,1,1988,0,0,0,0,0,0,0,0,0,0
450891,1,1,1988,14,14,14,14,14,14,14,14,14,14
450892,1,1,1988,0,0,0,0,22,0,0,0,0,9
450892,2,1,1988,0,0,0,0,0,0,0,0,0,0
450893,0,1,1988,0,0,0,0,0,0,0,0,0,0
450893,1,1,1988,0,0,0,0,0,0,0,0,0,0
450894,1,1,1988,18,18,18,18,18,18,18,18,18,18
450895,1,1,1988,0,0,0,0,0,0,0,0,0,0
450896,1,1,1988,0,0,0,0,0,0,0,0,0,0
450897,1,1,1988,0,0,0,0,0,0,0,0,0,0
450898,1,1,1988,20,20,20,20,20,20,20,20,20,20
450899,1,1,1988,0,0,0,0,0,0,0,0,0,0
450900,1,1,1988,0,0,0,0,0,0,0,0,0,0
450900,2,1,1988,0,0,0,0,0,0,0,0,0,0
450901,1,1,1988,0,0,0,0,0,0,0,0,0,0
450902,1,1,1988,0,0,0,0,0,0,0,0,0,0
450903,1,1,1988,0,0,0,0,0,0,0,0,0,0
450904,1,1,1988,0,0,0,11,0,0,0,0,0,0
450904,2,1,1988,16,0,11,0,23,0,0,0,0,0
450905,1,1,1988,0,0,13,0,15,10,19,0,13,10
450906,0,1,1988,0,0,0,0,0,0,0,0,0,0
450906,1,1,1988,0,0,0,0,0,0,0,0,0,0
450907,1,1,1988,7,7,7,7,7,7,7,7,7,7
450908,1,1,1988,0,6,13,0,24,18,4,0,0,0
450909,1,1,1988,0,0,0,0,0,0,0,0,0,0
450909,2,1,1988,0,0,0,0,0,0,0,0,0,0
450910,1,1,1988,24,39,21,17,8,27,47,26,0,17
450911,1,1,1988,0,0,0,0,9,7,0,0,0,16
450911,2,1,1988,0,0,0,0,0,0,0,0,0,0
450912,1,1,1988,12,14,9,6,17,19,8,0,18,0
450913,1,1,1988,0,0,0,13,0,0,0,0,0,0
450914,1,1,1988,0,0,0,0,0,0,0,0,11,0
450914,2,1,1988,0,0,0,0,0,0,0,0,0,6
450915,1,1,1988,11,11,11,11,11,11,11,11,11,11
450916,1,1,1988,0,0,14,14,0,39,0,0,0,0
450917,1,1,1988,3,3,3,3,3,3,3,3,3,3
450918,1,1,1988,0,0,0,0,0,13,3,0,0,0
450918,2,1,1988,0,0,0,0,0,0,0,0,0,0
450919,1,1,1988,0,9,0,11,13,0,0,24,0,0
450920,1,1,1988,0,0,0,0,0,0,0,0,0,0
450921,0,1,1988,5,5,5,5,5,5,5,5,5,5
450921,1,1,1988,0,0,0,17,0,0,0,13,0,0
450922,1,1,1988,0,0,0,0,0,0,0,0,0,0
450923,1,1,1988,12,32,13,25,0,16,17,23,22,21
450924,1,1,1988,18,18,18,18,18,18,18,18,18,18
450925,1,1,1988,0,0,0,24,0,31,35,24,9,0
450926,1,1,1988,27,15,0,0,0,15,11,0,0,0
450927,0,1,1988,0,0,0,0,0,0,0,0,0,0
450927,1,1,1988,0,0,0,0,0,0,0,0,0,0
450928,1,1,1988,0,22,3,0,21,0,5,25,0,14
450929,1,1,1988,27,16,0,0,0,14,12,10,23,25
450930,1,1,1988,10,10,10,10,10,10,10,10,10,10
450931,1,1,1988,0,22,11,23,0,14,0,24,9,19
450932,1,1,1988,12,12,12,12,12,12,12,12,12,12
450933,1,1,1988,0,0,0,0,14,0,0,27,17,0
450934,1,1,1988,0,0,0,0,0,0,0,0,0,0
450936,1,1,1988,0,0,0,0,0,0,0,0,0,0
450936,2,1,1988,0,0,0,0,0,0,0,0,0,0
450937,1,1,1988,0,0,0,0,0,0,0,32,25,14
450937,2,1,1988,4,0,0,11,0,0,8,0,0,32
450939,1,1,1988,0,0,0,23,9,0,0,25,0,0
450940,1,1,1988,0,0,18,0,0,11,0,0,0,0
450940,2,1,1988,0,0,0,0,15,0,0,0,14,0
450941,1,1,1988,8,3,17,0,9,0,19,0,8,7
450942,1,1,1988,0,15,0,0,0,0,0,0,0,0
450942,2,1,1988,0,1,15,0,13,14,16,13,0,0
450943,1,1,1988,0,0,0,0,0,0,0,0,0,0
450944,1,1,1988,17,17,17,17,17,17,17,17,17,17
450945,1,1,1988,15,0,0,12,8,17,0,0,0,19
450946,1,1,1988,22,16,0,0,30,0,0,0,21,34
450947,1,1,1988,0,0,0,0,0,0,0,0,0,0
450948,1,1,1988,6,6,6,6,6,6,6,6,6,6
450949,1,1,1988,16,36,16,13,0,24,14,12,24,21
450950,1,1,1988,0,0,0,0,5,0,0,0,0,0
450951,1,1,1988,5,5,5,5,5,5,5,5,5,5
450952,1,1,1988,2,2,2,2,2,2,2,2,2,2
450953,1,1,1988,7,0,0,0,0,0,0,0,0,0
450954,1,1,1988,12,13,31,36,0,22,38,20,24,17
450955,1,1,1988,18,18,18,18,18,18,18,18,18,18
450956,1,1,1988,7,7,7,7,7,7,7,7,7,7
460001,1,1,1988,12,0,0,0,0,0,0,0,0,0
460002,1,1,1988,14,14,14,14,14,14,14,14,14,14
460003,0,1,1988,26,26,26,26,26,26,26,26,26,26
460003,1,1,1988,0,0,0,6,0,0,0,0,0,11
460004,1,1,1988,0,0,0,0,0,0,0,0,0,0
460005,0,1,1988,29,29,29,29,29,29,29,29,29,29
460005,1,1,1988,25,25,25,25,25,25,25,25,25,25
460006,0,1,1988,0,0,0,0,0,0,0,0,0,0
460006,1,1,1988,0,0,0,0,0,0,0,0,0,0
460007,1,1,1988,14,14,14,14,14,14,14,14,14,14
460008,1,1,1988,0,0,0,0,0,0,0,0,0,0
460009,1,1,1988,0,0,0,0,0,0,0,0,0,0
460009,2,1,1988,0,0,0,0,0,0,0,0,0,0
460010,1,1,1988,0,0,0,0,0,0,0,0,12,0
460010,2,1,1988,0,0,0,0,0,0,0,0,0,0
460011,1,1,1988,20,20,20,20,20,20,20,20,20,20
460012,1,1,1988,22,22,22,22,22,22,22,22,22,22
460013,0,1,1988,0,0,0,0,0,0,0,0,0,0
460013,1,1,1988,0,0,0,0,0,0,0,0,0,0
460014,1,1,1988,17,17,17,17,17,17,17,17,17,17
460015,1,1,1988,0,0,0,0,0,0,0,0,0,0
460016,1,1,1988,0,0,0,0,0,0,0,0,0,0
460017,1,1,1988,11,11,11,11,11,11,11,11,11,11
460018,1,1,1988,17,17,17,17,17,17,17,17,17,17
460019,1,1,1988,19,19,19,19,19,19,19,19,19,19
460020,1,1,1988,0,0,0,0,0,0,0,0,0,0
460020,2,1,1988,0,0,0,0,0,0,0,0,0,0
460021,1,1,1988,0,0,0,0,0,0,0,0,0,0
460022,1,1,1988,5,5,5,5,5,5,5,5,5,5
460022,2,1,1988,0,0,0,0,0,0,0,0,0,0
460023,1,1,1988,0,0,0,0,0,0,0,0,0,0
460023,2,1,1988,0,0,17,0,0,0,0,0,5,0
460024,1,1,1988,27,27,27,27,27,27,27,27,27,27
460024,2,1,1988,0,0,0,0,0,0,0,0,0,0
460025,1,1,1988,13,13,13,13,13,13,13,13,13,13
460026,1,1,1988,23,17,15,0,0,17,0,19,16,0
460027,1,1,1988,11,11,11,11,11,11,11,11,11,11
460028,0,1,1988,0,0,0,0,0,0,0,0,0,0
460028,1,1,1988,0,0,0,0,0,0,0,0,0,0
460029,0,1,1988,0,0,0,0,0,0,0,0,0,0
460029,1,1,1988,0,0,0,0,0,0,0,0,0,0
460030,1,1,1988,20,20,20,20,20,20,20,20,20,20
460031,1,1,1988,0,0,0,0,0,0,0,0,0,0
460031,2,1,1988,0,0,0,0,0,0,0,0,0,0
460032,1,1,1988,0,0,0,0,0,0,0,0,0,0
460032,2,1,1988,0,0,0,0,0,0,0,0,0,0
460033,1,1,1988,4,4,4,4,4,4,4,4,4,4
460034,1,1,1988,24,24,24,24,24,24,24,24,24,24
460035,0,1,1988,0,0,0,0,0,0,0,0,0,0
460035,1,1,1988,0,0,0,32,0,0,0,0,0,0
460036,1,1,1988,0,0,0,0,0,0,0,0,0,0
460036,2,1,1988,0,0,0,0,0,0,0,0,0,0
460037,1,1,1988,0,0,0,0,0,0,0,0,0,0
460037,2,1,1988,0,0,0,0,0,0,0,0,0,0
460038,1,1,1988,0,0,0,0,0,0,0,0,0,0
460038,2,1,1988,0,0,0,0,0,0,0,0,0,0
460039,1,1,1988,0,0,0,0,0,0,0,0,0,0
460040,1,1,1988,8,8,8,8,8,8,8,8,8,8
460041,1,1,1988,0,0,0,0,0,0,0,0,0,0
460042,1,1,1988,19,19,19,19,19,19,19,19,19,19
460042,2,1,1988,18,18,18,18,18,18,18,18,18,18
460043,1,1,1988,0,0,0,0,0,0,0,0,0,0
460044,1,1,1988,19,19,19,19,19,19,19,19,19,19
460045,1,1,1988,0,0,0,0,0,0,0,0,0,0
460046,1,1,1988,0,0,0,0,0,0,0,0,0,0
460046,2,1,1988,0,0,0,0,0,0,0,0,0,0
460047,1,1,1988,0,0,0,0,0,0,0,0,0,0
460048,0,1,1988,0,0,0,0,0,0,0,0,0,0
460048,1,1,1988,0,0,0,0,0,0,0,0,0,0
460049,1,1,1988,0,0,0,0,0,0,0,0,0,0
460050,1,1,1988,17,17,17,17,17,17,17,17,17,17
460051,1,1,1988,0,0,0,17,15,0,0,13,0,0
460052,1,1,1988,18,18,18,18,18,18,18,18,18,18
460053,1,1,1988,8,8,8,8,8,8,8,8,8,8
460054,1,1,1988,17,17,17,17,17,17,17,17,17,17
460055,1,1,1988,0,0,0,0,0,0,0,0,0,0
460055,2,1,1988,0,0,0,0,0,0,0,25,0,0
460056,1,1,1988,22,22,22,22,22,22,22,22,22,22
460057,1,1,1988,4,4,4,4,4,4,4,4,4,4
460058,1,1,1988,17,0,0,0,0,0,0,0,0,0
460059,1,1,1988,22,22,22,22,22,22,22,22,22,22
460060,1,1,1988,0,0,10,0,0,12,0,0,0,20
460061,0,1,1988,0,0,0,0,0,0,0,0,0,0
460061,1,1,1988,0,0,0,0,0,0,0,0,0,0
460062,1,1,1988,19,19,19,19,19,19,19,19,19,19
460063,1,1,1988,3,3,3,3,3,3,3,3,3,3
460064,1,1,1988,0,0,0,0,0,0,0,0,0,0
460065,0,1,1988,27,27,27,27,27,27,27,27,27,27
460065,1,1,1988,0,5,0,0,34,33,21,41,0,23
460066,1,1,1988,12,12,12,12,12,12,12,12,12,12
460067,1,1,1988,0,0,0,0,0,0,0,0,0,0
460068,1,1,1988,8,8,8,8,8,8,8,8,8,8
460070,1,1,1988,0,0,0,0,0,0,0,0,0,0
460071,1,1,1988,16,16,16,16,16,16,16,16,16,16
460072,1,1,1988,0,0,0,0,0,0,0,0,0,0
460073,1,1,1988,0,0,0,0,0,0,0,0,0,0
460074,1,1,1988,0,0,18,0,0,6,0,0,0,0
460075,1,1,1988,0,0,0,0,0,0,0,0,0,0
460076,0,1,1988,26,14,16,6,21,31,18,0,17,22
460076,1,1,1988,6,6,6,6,6,6,6,6,6,6
460077,1,1,1988,0,0,0,11,0,0,12,8,0,0
460078,0,1,1988,0,0,0,0,0,0,0,0,0,0
460078,1,1,1988,12,0,4,31,18,10,4,24,16,21
460079,1,1,1988,13,13,13,13,13,13,13,13,13,13
460079,2,1,1988,5,5,5,5,5,5,5,5,5,5
460080,0,1,1988,0,0,0,0,0,0,0,0,0,0
460080,1,1,1988,0,0,0,0,0,0,0,0,0,0
460082,0,1,1988,0,0,0,0,0,0,0,0,0,0
460082,1,1,1988,17,13,23,19,0,8,8,2,6,22
460083,0,1,1988,0,0,0,0,0,0,0,0,0,0
460083,1,1,1988,20,20,20,20,20,20,20,20,20,20
460084,1,1,1988,10,10,10,10,10,10,10,10,10,10
460085,1,1,1988,0,0,0,0,0,0,0,0,0,0
460086,1,1,1988,0,0,0,0,0,0,0,0,0,0
460087,1,1,1988,12,12,12,12,12,12,12,12,12,12
460087,2,1,1988,16,16,16,16,16,16,16,16,16,16
460087,3,1,1988,0,0,0,0,0,0,0,0,0,0
460088,1,1,1988,31,31,31,31,31,31,31,31,31,31
460088,2,1,1988,0,0,0,0,0,0,0,0,0,0
460089,1,1,1988,10,10,10,10,10,10,10,10,10,10
460090,1,1,1988,0,0,0,0,0,0,0,0,0,23
460091,1,1,1988,0,0,0,0,11,0,0,0,0,0
460091,2,1,1988,0,0,0,0,0,8,0,18,0,0
460092,1,1,1988,0,0,0,0,0,0,0,0,0,0
460093,1,1,1988,0,0,0,0,0,0,0,0,0,0
460094,1,1,1988,0,0,0,0,0,0,0,0,0,0
460095,1,1,1988,0,0,0,0,0,0,0,0,0,0
460095,2,1,1988,0,0,0,0,0,0,0,0,0,0
460096,1,1,1988,0,0,0,0,0,0,0,0,0,0
460097,1,1,1988,21,21,21,21,21,21,21,21,21,21
460098,1,1,1988,0,0,0,0,0,0,0,0,0,0
460099,0,1,1988,0,0,0,0,0,0,0,0,0,0
460099,1,1,1988,0,0,0,0,0,0,0,0,0,0
460100,1,1,1988,0,0,0,0,0,0,0,0,0,0
460101,1,1,1988,25,25,25,25,25,25,25,25,25,25
460101,2,1,1988,0,0,0,0,0,0,0,0,0,0
460102,1,1,1988,16,16,16,16,16,16,16,16,16,16
460103,1,1,1988,0,0,0,0,0,0,0,0,0,0
460103,2,1,1988,0,0,0,0,0,0,0,0,0,0
460104,1,1,1988,0,0,0,0,0,0,0,0,0,0
460104,2,1,1988,2,2,2,2,2,2,2,2,2,2
460105,1,1,1988,0,23,7,0,0,0,0,0,0,0
460106,1,1,1988,17,17,17,17,17,17,17,17,17,17
460107,1,1,1988,0,0,0,0,0,0,0,0,0,0
460107,2,1,1988,0,0,0,0,0,0,0,0,0,0
460108,1,1,1988,32,32,32,32,32,32,32,32,32,32
460109,1,1,1988,0,0,0,0,0,0,0,0,0,0
460109,2,1,1988,0,0,0,0,0,0,0,0,0,0
460110,1,1,1988,0,0,0,0,0,0,0,0,0,0
460110,2,1,1988,13,13,13,13,13,13,13,13,13,13
460111,1,1,1988,0,0,0,0,0,0,0,0,0,0
460111,2,1,1988,16,16,16,16,16,16,16,16,16,16
460112,1,1,1988,19,19,19,19,19,19,19,19,19,19
460113,1,1,1988,0,0,0,0,0,0,0,0,0,0
460113,2,1,1988,0,0,0,0,0,0,0,0,0,0
460114,1,1,1988,0,0,0,0,0,0,0,0,0,0
460115,1,1,1988,16,16,16,16,16,16,16,16,16,16
460116,1,1,1988,10,10,10,10,10,10,10,10,10,10
460117,1,1,1988,11,11,11,11,11,11,11,11,11,11
460118,1,1,1988,0,0,0,0,0,0,0,0,0,0
460118,2,1,1988,8,8,8,8,8,8,8,8,8,8
460119,1,1,1988,1,1,1,1,1,1,1,1,1,1
460119,2,1,1988,25,25,25,25,25,25,25,25,25,25
460120,1,1,1988,7,7,7,7,7,7,7,7,7,7
460121,1,1,1988,0,0,0,0,0,0,0,0,0,0
460121,2,1,1988,25,25,25,25,25,25,25,25,25,25
460122,1,1,1988,0,0,0,0,0,0,0,0,0,0
460122,2,1,1988,0,0,0,0,0,0,0,0,0,0
460123,1,1,1988,32,32,32,32,32,32,32,32,32,32
460123,2,1,1988,0,0,0,0,0,0,0,0,0,0
460123,3,1,1988,0,0,0,0,0,0,0,0,0,0
460124,1,1,1988,22,22,22,22,22,22,22,22,22,22
460125,1,1,1988,0,0,0,0,0,0,0,0,0,0
460125,2,1,1988,0,0,0,0,0,0,0,0,0,0
460126,1,1,1988,0,0,0,0,0,0,0,0,0,0
460126,2,1,1988,2,2,2,2,2,2,2,2,2,2
460127,1,1,1988,0,0,0,0,0,0,0,0,0,0
460128,1,1,1988,14,14,14,14,14,14,14,14,14,14
460129,1,1,1988,11,11,11,11,11,11,11,11,11,11
470001,1,1,1988,20,20,20,20,20,20,20,20,20,20
470002,1,1,1988,32,32,32,32,32,32,32,32,32,32
470003,1,1,1988,13,13,13,13,13,13,13,13,13,13
470004,1,1,1988,0,0,0,0,0,0,0,0,0,0
470006,1,1,1988,0,0,0,0,0,0,0,0,0,0
470007,1,1,1988,0,0,0,0,0,0,0,0,0,0
470008,1,1,1988,0,0,0,0,0,0,0,0,0,0
470008,2,1,1988,0,0,0,0,0,0,0,0,0,0
470009,1,1,1988,41,41,41,41,41,41,41,41,41,41
470010,1,1,1988,0,0,0,0,0,0,0,0,0,0
470010,2,1,1988,0,0,0,0,0,0,0,0,0,0
470011,1,1,1988,13,13,13,13,13,13,13,13,13,13
470013,1,1,1988,21,21,21,21,21,21,21,21,21,21
470014,1,1,1988,6,6,6,6,6,6,6,6,6,6
470014,2,1,1988,3,3,3,3,3,3,3,3,3,3
470015,1,1,1988,0,0,0,0,0,0,0,0,0,0
470016,1,1,1988,5,5,5,5,5,5,5,5,5,5
470017,1,1,1988,12,12,12,12,12,12,12,12,12,12
470018,1,1,1988,0,0,0,0,0,0,0,0,0,0
470018,2,1,1988,0,0,0,0,0,0,0,0,0,0
470019,1,1,1988,0,0,18,0,0,25,8,0,0,0
470020,1,1,1988,0,0,0,0,0,0,0,0,0,0
470020,2,1,1988,14,14,14,14,14,14,14,14,14,14
470021,1,1,1988,0,0,0,0,0,11,0,0,0,0
470021,2,1,1988,0,0,0,0,0,0,0,0,0,0
470022,0,1,1988,0,0,0,0,0,0,0,0,0,0
470022,1,1,1988,0,0,0,0,0,0,0,0,0,0
470023,1,1,1988,0,0,0,0,0,0,0,0,0,0
470023,2,1,1988,0,0,0,0,0,0,0,0,0,0
470023,3,1,1988,0,0,0,0,0,0,0,0,0,0
470024,1,1,1988,0,0,0,0,0,0,0,0,0,0
470024,2,1,1988,0,0,0,0,0,0,0,0,0,0
470025,0,1,1988,0,0,0,0,0,0,0,0,0,0
470025,1,1,1988,0,0,0,0,17,0,0,0,0,0
470026,1,1,1988,5,5,5,5,5,5,5,5,5,5
470027,1,1,1988,0,0,0,0,0,0,0,0,0,0
470027,2,1,1988,13,13,13,13,13,13,13,13,13,13
470028,1,1,1988,33,33,33,33,33,33,33,33,33,33
470029,1,1,1988,13,13,13,13,13,13,13,13,13,13
470030,1,1,1988,19,19,19,19,19,19,19,19,19,19
470031,1,1,1988,39,39,39,39,39,39,39,39,39,39
470032,0,1,1988,14,14,14,14,14,14,14,14,14,14
470032,1,1,1988,0,0,0,0,0,0,0,0,0,0
470033,1,1,1988,0,0,0,0,0,0,0,0,0,0
470035,1,1,1988,23,23,23,23,23,23,23,23,23,23
470035,2,1,1988,0,0,0,0,0,0,0,0,0,0
470036,1,1,1988,0,0,0,0,0,0,0,0,0,0
470036,2,1,1988,0,0,0,0,0,0,0,0,0,0
470037,1,1,1988,19,19,19,19,19,19,19,19,19,19
470038,1,1,1988,0,0,0,0,0,0,0,0,0,0
470039,1,1,1988,0,0,0,0,0,0,0,0,0,0
470039,2,1,1988,0,0,0,0,0,0,0,0,0,0
470040,1,1,1988,9,0,21,0,0,18,0,25,0,0
470041,1,1,1988,23,23,23,23,23,23,23,23,23,23
470042,1,1,1988,0,0,0,0,0,0,0,0,0,0
470043,0,1,1988,0,0,29,0,0,0,0,0,0,0