ST_CASE,VEH_NO,PER_NO,YEAR,P1,P2,P3,P4,P5,P6,P7,P8,P9,P10
470346,2,1,1988,0,0,0,0,0,0,0,0,0,0
470347,1,1,1988,0,0,0,5,20,0,0,0,0,0
470348,1,1,1988,23,23,23,23,23,23,23,23,23,23
470349,1,1,1988,0,0,0,0,0,0,0,0,0,0
470349,2,1,1988,21,0,20,7,11,6,0,5,7,0
470350,0,1,1988,15,15,15,15,15,15,15,15,15,15
470350,1,1,1988,19,21,0,0,14,0,7,11,5,0
470351,1,1,1988,0,0,0,0,0,0,0,0,0,0
470351,2,1,1988,0,0,0,0,0,0,0,0,0,0
470352,1,1,1988,0,0,0,0,0,0,0,0,0,0
470353,1,1,1988,0,0,0,0,0,0,0,0,0,0
470354,1,1,1988,20,20,20,20,20,20,20,20,20,20
470355,1,1,1988,17,17,17,17,17,17,17,17,17,17
470356,1,1,1988,0,0,0,0,0,0,0,0,0,0
470356,2,1,1988,0,0,0,0,0,0,0,0,0,0
470356,3,1,1988,19,19,19,19,19,19,19,19,19,19
470357,1,1,1988,15,0,10,19,26,17,13,38,15,12
470357,2,1,1988,0,0,0,0,0,0,0,0,0,0
470358,1,1,1988,26,26,26,26,26,26,26,26,26,26
470358,2,1,1988,7,7,7,7,7,7,7,7,7,7
470359,1,1,1988,0,0,0,0,0,0,0,0,0,0
470359,2,1,1988,0,0,0,0,0,0,0,0,0,0
470360,1,1,1988,19,19,19,19,19,19,19,19,19,19
470360,2,1,1988,0,0,0,0,0,0,0,0,0,0
470361,1,1,1988,17,17,17,17,17,17,17,17,17,17
470362,1,1,1988,19,19,19,19,19,19,19,19,19,19
470363,1,1,1988,22,22,22,22,22,22,22,22,22,22
470364,1,1,1988,10,0,17,0,0,0,0,20,33,0
470364,2,1,1988,0,0,0,0,0,0,0,0,0,0
470365,1,1,1988,0,0,3,28,0,0,18,9,0,0
470365,2,1,1988,0,0,0,0,0,0,0,0,0,0
470366,1,1,1988,0,0,0,0,0,0,0,0,0,0
470369,1,1,1988,0,0,0,0,0,0,0,0,0,0
470370,1,1,1988,5,15,17,31,13,21,15,22,14,0
470371,1,1,1988,0,0,0,0,0,0,0,0,0,0
470371,2,1,1988,0,0,0,0,0,0,0,9,0,0
470371,3,1,1988,0,0,0,0,0,0,0,0,0,0
470371,4,1,1988,0,0,0,0,0,0,0,0,0,0
470371,5,1,1988,0,0,0,0,0,0,0,0,0,0
470372,0,1,1988,0,0,0,0,0,0,0,0,0,0
470372,1,1,1988,0,0,0,0,0,0,0,0,0,0
470373,1,1,1988,23,23,23,23,23,23,23,23,23,23
470374,1,1,1988,11,11,11,11,11,11,11,11,11,11
470375,1,1,1988,0,0,0,0,0,0,0,0,0,0
470376,1,1,1988,0,0,0,0,0,0,0,0,0,0
470377,1,1,1988,23,31,22,3,16,21,22,0,23,14
470378,1,1,1988,0,9,23,14,26,33,22,22,20,27
470378,2,1,1988,0,0,0,0,0,0,0,27,0,0
470379,1,1,1988,0,0,0,0,0,0,0,0,0,0
470379,2,1,1988,2,2,2,2,2,2,2,2,2,2
470380,1,1,1988,17,17,17,17,17,17,17,17,17,17
470380,2,1,1988,0,0,0,0,0,0,0,0,0,0
470381,1,1,1988,0,0,0,0,0,0,0,0,0,0
470381,2,1,1988,0,0,0,0,0,0,0,0,0,0
470382,1,1,1988,16,16,16,16,16,16,16,16,16,16
470383,1,1,1988,0,0,0,0,0,0,0,0,0,0
470383,2,1,1988,0,0,0,0,0,0,0,0,0,0
470384,1,1,1988,0,0,0,0,0,0,0,0,0,0
470384,2,1,1988,0,0,0,0,0,0,0,0,0,9
470385,1,1,1988,0,21,0,15,0,22,0,0,19,10
470386,1,1,1988,22,22,22,22,22,22,22,22,22,22
470387,1,1,1988,0,0,0,0,0,0,0,0,0,0
470387,2,1,1988,0,0,0,0,0,0,0,0,0,0
470388,1,1,1988,0,0,0,0,0,0,0,0,0,0
470388,2,1,1988,0,0,0,0,0,0,0,0,0,0
470389,1,1,1988,0,0,8,0,0,0,0,0,0,0
470389,2,1,1988,0,0,0,0,0,0,0,0,0,0
470390,1,1,1988,13,13,13,13,13,13,13,13,13,13
470391,0,1,1988,0,0,0,0,0,0,0,0,0,0
470391,1,1,1988,0,0,0,0,0,0,0,0,0,0
470392,1,1,1988,12,12,12,12,12,12,12,12,12,12
470393,1,1,1988,23,23,23,23,23,23,23,23,23,23
470394,1,1,1988,0,0,0,0,0,0,0,0,0,0
470394,2,1,1988,0,0,0,0,0,0,0,0,0,0
470395,1,1,1988,0,0,0,0,0,0,0,0,0,0
470395,2,1,1988,0,0,0,0,0,0,0,0,0,0
470396,1,1,1988,5,5,5,5,5,5,5,5,5,5
470397,1,1,1988,10,10,10,10,10,10,10,10,10,10
470398,1,1,1988,0,0,0,0,0,0,0,0,0,0
470399,1,1,1988,0,0,0,0,0,0,0,0,0,0
470400,1,1,1988,25,25,25,25,25,25,25,25,25,25
470400,2,1,1988,0,0,0,0,0,0,0,0,0,0
470402,1,1,1988,20,20,20,20,20,20,20,20,20,20
470403,1,1,1988,7,0,0,0,0,0,0,15,0,0
470404,1,1,1988,0,0,8,0,19,0,0,0,0,0
470404,2,1,1988,0,0,0,0,0,0,0,0,0,0
470405,1,1,1988,0,0,0,0,0,0,11,0,0,0
470408,1,1,1988,25,25,25,25,25,25,25,25,25,25
470409,1,1,1988,12,12,12,12,12,12,12,12,12,12
470409,2,1,1988,18,18,18,18,18,18,18,18,18,18
470410,1,1,1988,0,0,0,0,0,0,0,0,0,0
470410,2,1,1988,0,0,0,0,0,0,0,0,0,0
470411,1,1,1988,0,0,0,0,0,0,0,0,0,0
470411,2,1,1988,0,0,0,0,0,0,0,0,0,0
470412,0,1,1988,22,22,22,22,22,22,22,22,22,22
470412,1,1,1988,0,0,0,0,0,0,0,0,0,0
470413,1,1,1988,0,0,0,0,0,0,0,0,0,21
470414,1,1,1988,0,0,0,0,0,0,0,0,0,0
470415,1,1,1988,9,9,9,9,9,9,9,9,9,9
470416,1,1,1988,0,0,0,0,0,0,0,0,0,0
470417,1,1,1988,0,0,0,0,0,0,0,0,0,0
470419,1,1,1988,0,0,0,0,0,0,0,0,0,0
470419,2,1,1988,21,21,21,21,21,21,21,21,21,21
470420,1,1,1988,0,0,0,0,0,0,0,0,0,0
470421,1,1,1988,0,0,0,0,0,0,0,0,0,0
470422,1,1,1988,24,24,24,24,24,24,24,24,24,24
470422,2,1,1988,0,0,0,0,0,0,0,0,0,0
470423,1,1,1988,9,9,9,9,9,9,9,9,9,9
470424,1,1,1988,0,0,0,0,0,0,0,0,0,0
470425,0,1,1988,0,0,0,0,0,0,0,0,0,0
470425,1,1,1988,0,0,0,0,0,0,0,0,0,0
470425,2,1,1988,0,0,0,0,0,0,0,0,0,0
470426,1,1,1988,0,0,0,0,0,0,0,0,0,0
470427,1,1,1988,0,0,0,0,0,0,0,0,0,0
470427,2,1,1988,18,18,18,18,18,18,18,18,18,18
470428,1,1,1988,0,0,0,0,0,0,0,0,0,0
470429,1,1,1988,0,0,0,0,0,0,0,0,0,0
470430,1,1,1988,0,0,0,0,0,0,0,0,0,0
470431,1,1,1988,19,19,19,19,19,19,19,19,19,19
470433,1,1,1988,0,0,0,0,0,0,0,0,0,0
470433,2,1,1988,0,0,0,0,0,0,0,0,0,6
470433,3,1,1988,0,0,0,0,0,0,0,0,0,0
470434,1,1,1988,5,5,5,5,5,5,5,5,5,5
470435,1,1,1988,0,0,0,0,0,0,0,0,0,0
470435,2,1,1988,0,0,0,0,0,0,0,0,0,0
470436,1,1,1988,0,0,0,0,0,0,0,0,0,0
470436,2,1,1988,0,0,0,0,0,0,0,0,0,0
470437,1,1,1988,25,25,25,25,25,25,25,25,25,25
470439,0,1,1988,18,26,0,17,29,14,15,27,12,13
470439,1,1,1988,0,0,0,0,0,0,0,0,0,0
470440,0,1,1988,14,14,14,14,14,14,14,14,14,14
470440,1,1,1988,0,0,0,0,0,0,0,0,0,0
470441,1,1,1988,0,11,0,0,0,3,0,0,0,0
470442,1,1,1988,0,0,0,0,12,0,0,0,0,0
470443,0,1,1988,0,0,0,0,0,0,0,0,0,0
470443,1,1,1988,0,0,0,0,0,0,0,0,0,0
470444,0,1,1988,0,0,0,0,0,0,0,0,0,0
470445,1,1,1988,0,0,0,0,0,0,0,0,0,0
470445,2,1,1988,0,0,0,0,0,0,0,0,0,0
470446,1,1,1988,27,27,27,27,27,27,27,27,27,27
470446,2,1,1988,0,0,0,0,0,0,0,0,0,0
470446,3,1,1988,0,0,0,0,0,0,0,0,0,0
470447,1,1,1988,7,7,7,7,7,7,7,7,7,7
470448,1,1,1988,0,0,0,0,0,0,0,0,0,0
470449,1,1,1988,0,0,0,0,0,0,0,0,0,0
470449,2,1,1988,0,0,0,0,0,0,0,0,0,0
470449,3,1,1988,0,0,0,0,0,0,0,0,0,0
470451,1,1,1988,0,3,0,0,0,6,0,0,0,0
470452,1,1,1988,28,28,28,28,28,28,28,28,28,28
470453,1,1,1988,3,13,9,11,7,11,14,18,15,15
470454,1,1,1988,0,0,0,0,0,0,0,0,0,0
470454,2,1,1988,0,0,0,0,0,0,0,0,0,0
470456,1,1,1988,15,13,3,25,12,8,22,12,20,15
470458,1,1,1988,9,9,9,9,9,9,9,9,9,9
470459,1,1,1988,9,9,9,9,9,9,9,9,9,9
470460,0,1,1988,0,0,0,0,0,0,0,0,0,0
470460,1,1,1988,0,0,0,0,0,13,0,0,0,0
470461,1,1,1988,0,0,0,0,0,0,0,0,0,0
470462,1,1,1988,0,0,0,0,11,7,0,17,0,0
470463,1,1,1988,0,0,0,0,0,0,0,0,0,0
470463,2,1,1988,0,0,0,0,0,0,0,0,0,0
470464,1,1,1988,0,0,0,16,0,0,0,0,0,0
470464,2,1,1988,0,20,12,19,11,27,0,0,0,0
470465,1,1,1988,20,20,20,20,20,20,20,20,20,20
470466,1,1,1988,14,14,14,14,14,14,14,14,14,14
470467,1,1,1988,0,0,0,0,0,0,0,0,0,0
470468,1,1,1988,0,0,0,0,0,0,0,0,0,0
470468,2,1,1988,0,0,0,0,0,0,0,0,0,0
470469,0,1,1988,0,0,0,0,0,0,0,0,0,0
470469,1,1,1988,0,0,0,0,0,0,0,0,0,0
470471,0,1,1988,0,0,0,0,0,0,0,0,0,0
470471,0,2,1988,15,0,0,46,16,16,0,7,10,21
470471,1,1,1988,0,0,0,0,0,0,0,0,0,0
470472,1,1,1988,12,12,12,12,12,12,12,12,12,12
470473,1,1,1988,0,0,0,0,0,0,0,0,0,0
470473,2,1,1988,0,0,0,0,0,0,0,0,0,0
470473,3,1,1988,0,0,0,0,0,0,0,0,0,0
470475,1,1,1988,49,49,49,49,49,49,49,49,49,49
470477,1,1,1988,0,0,0,0,0,0,0,0,0,0
470477,2,1,1988,0,0,0,0,0,0,0,0,0,0
470478,1,1,1988,19,19,19,19,19,19,19,19,19,19
470479,1,1,1988,13,13,13,13,13,13,13,13,13,13
470480,1,1,1988,24,24,24,24,24,24,24,24,24,24
470481,1,1,1988,0,0,0,0,0,0,0,0,0,0
470482,1,1,1988,5,0,0,0,0,0,0,0,0,0
470482,2,1,1988,0,0,0,0,0,0,0,0,0,0
470483,1,1,1988,7,7,7,7,7,7,7,7,7,7
470483,2,1,1988,0,0,0,0,0,0,0,0,0,0
470484,1,1,1988,0,0,0,0,0,0,0,0,0,0
470485,1,1,1988,0,0,0,0,0,0,0,0,0,0
470485,2,1,1988,0,0,0,0,0,0,0,0,0,0
470487,1,1,1988,0,0,0,0,0,0,0,0,0,0
470488,1,1,1988,19,19,19,19,19,19,19,19,19,19
470489,1,1,1988,26,26,26,26,26,26,26,26,26,26
470489,2,1,1988,0,0,0,0,0,0,0,0,0,0
470489,3,1,1988,0,0,0,0,0,0,0,0,0,0
470490,1,1,1988,25,25,25,25,25,25,25,25,25,25
470490,2,1,1988,0,0,0,0,0,0,0,0,0,0
470491,1,1,1988,0,0,0,0,0,0,0,0,0,0
470491,2,1,1988,0,0,0,0,0,0,0,0,0,0
470492,1,1,1988,0,0,0,0,0,0,0,12,0,0
470492,2,1,1988,0,0,0,0,0,0,0,0,0,0
470493,1,1,1988,0,0,0,0,0,0,0,0,0,0
470493,2,1,1988,0,0,0,0,0,0,0,0,0,0
470494,1,1,1988,13,13,13,13,13,13,13,13,13,13
470495,1,1,1988,29,15,0,9,0,0,11,22,0,0
470495,2,1,1988,0,12,0,0,9,0,0,0,0,0
470496,1,1,1988,22,22,22,22,22,22,22,22,22,22
470497,1,1,1988,0,0,0,0,0,0,0,0,0,0
470498,1,1,1988,7,7,7,7,7,7,7,7,7,7
470499,0,1,1988,0,0,0,0,0,0,0,0,0,0
470499,1,1,1988,0,0,0,0,0,0,0,0,0,0
470500,1,1,1988,0,0,0,0,0,0,0,0,0,0
470500,2,1,1988,0,0,0,0,0,0,0,0,0,0
470501,1,1,1988,0,0,0,0,0,0,0,0,6,0
470501,2,1,1988,0,0,0,0,0,0,0,0,0,0
470502,0,1,1988,13,13,13,13,13,13,13,13,13,13
470502,1,1,1988,9,9,9,9,9,9,9,9,9,9
470503,1,1,1988,0,0,0,0,0,0,0,0,0,0
470503,2,1,1988,0,0,0,0,0,0,0,0,0,0
470504,1,1,1988,0,0,0,0,0,0,0,0,0,0
470505,1,1,1988,0,0,0,0,0,15,0,0,0,0
470506,1,1,1988,20,0,0,0,0,0,0,0,0,0
470507,0,1,1988,0,0,0,0,0,0,0,0,0,0
470507,1,1,1988,0,0,0,0,0,0,0,0,0,0
470508,1,1,1988,94,94,94,94,94,94,94,94,94,94
470509,1,1,1988,22,22,22,22,22,22,22,22,22,22
470510,1,1,1988,0,0,0,0,0,0,0,0,0,0
470510,2,1,1988,0,0,0,0,0,0,0,0,0,0
470511,1,1,1988,19,19,19,19,19,19,19,19,19,19
470512,1,1,1988,15,15,15,15,15,15,15,15,15,15
470513,1,1,1988,9,9,9,9,9,9,9,9,9,9
470514,1,1,1988,19,19,19,19,19,19,19,19,19,19
470514,2,1,1988,23,23,23,23,23,23,23,23,23,23
470515,1,1,1988,12,12,12,12,12,12,12,12,12,12
470516,1,1,1988,33,33,33,33,33,33,33,33,33,33
470517,1,1,1988,17,8,14,9,7,2,12,18,31,23
470518,1,1,1988,11,11,11,11,11,11,11,11,11,11
470519,1,1,1988,0,0,0,0,0,0,0,0,0,0
470519,2,1,1988,0,0,0,0,0,0,0,0,0,0
470520,1,1,1988,21,21,21,21,21,21,21,21,21,21
470521,1,1,1988,0,20,0,0,0,0,0,0,0,24
470521,2,1,1988,0,0,0,0,0,0,0,0,0,0
470522,1,1,1988,0,0,0,0,0,0,13,15,0,0
470523,1,1,1988,0,0,0,0,0,0,0,0,0,0
470523,2,1,1988,0,0,0,13,0,0,0,0,0,0
470523,3,1,1988,0,0,0,0,0,0,0,0,0,0
470524,1,1,1988,23,23,23,23,23,23,23,23,23,23
470525,1,1,1988,11,11,11,11,11,11,11,11,11,11
470526,1,1,1988,0,0,0,0,0,0,0,0,0,0
470526,2,1,1988,21,21,21,21,21,21,21,21,21,21
470527,1,1,1988,24,24,24,24,24,24,24,24,24,24
470528,1,1,1988,0,0,0,0,0,0,0,0,0,0
470529,0,1,1988,0,0,0,0,0,0,0,0,0,0
470529,1,1,1988,0,0,0,0,0,0,0,0,0,0
470530,1,1,1988,0,0,0,0,0,0,0,0,0,0
470530,2,1,1988,0,0,0,0,0,0,0,0,0,0
470531,0,1,1988,0,0,0,0,0,0,0,0,0,0
470531,1,1,1988,0,0,0,0,0,0,0,0,0,0
470532,0,1,1988,27,27,27,27,27,27,27,27,27,27
470532,1,1,1988,17,22,8,19,0,0,0,46,0,5
470533,1,1,1988,11,11,11,11,11,11,11,11,11,11
470533,2,1,1988,0,0,0,0,0,0,0,0,0,0
470534,0,1,1988,0,0,0,0,0,0,0,0,0,0
470534,1,1,1988,0,0,0,0,0,0,0,0,0,0
470535,1,1,1988,0,0,0,0,0,0,0,0,0,0
470536,0,1,1988,0,0,0,0,0,0,0,0,0,0
470536,1,1,1988,0,0,0,0,0,0,0,0,0,0
470537,1,1,1988,11,8,17,8,24,11,9,0,20,14
470538,1,1,1988,0,26,0,21,0,0,0,0,0,0
470538,2,1,1988,0,0,0,0,0,0,0,0,0,10
470539,1,1,1988,12,26,18,5,13,24,15,10,19,6
470540,1,1,1988,0,0,32,3,0,0,0,0,0,0
470541,1,1,1988,14,14,14,14,14,14,14,14,14,14
470541,2,1,1988,5,5,5,5,5,5,5,5,5,5
470542,1,1,1988,0,0,9,0,0,0,0,0,0,0
470542,2,1,1988,0,0,0,0,0,0,0,0,0,0
470543,1,1,1988,23,23,23,23,23,23,23,23,23,23
470543,2,1,1988,23,0,0,17,17,9,6,14,0,11
470544,1,1,1988,0,0,0,0,0,0,0,8,0,0
470544,2,1,1988,19,15,5,8,0,0,0,19,0,0
470545,1,1,1988,0,27,17,0,30,0,15,0,0,0
470545,2,1,1988,0,0,0,0,0,0,0,15,0,36
470546,1,1,1988,0,0,0,0,0,0,0,0,0,0
470546,2,1,1988,0,0,0,0,0,0,0,0,0,0
470547,1,1,1988,0,0,0,0,0,0,0,0,0,0
470547,2,1,1988,0,0,0,0,9,0,0,0,0,0
470548,1,1,1988,22,0,9,0,0,0,0,0,0,3
470548,2,1,1988,0,0,0,0,0,0,0,0,0,0
470549,1,1,1988,0,17,0,0,0,0,0,0,0,0
470550,1,1,1988,0,27,13,0,17,0,17,17,0,21
470550,2,1,1988,0,0,0,0,0,0,0,0,0,0
470550,3,1,1988,0,0,0,0,0,0,0,0,0,0
470551,1,1,1988,24,24,24,24,24,24,24,24,24,24
470552,1,1,1988,9,0,0,0,0,0,0,0,0,0
470552,2,1,1988,0,0,0,0,0,0,0,0,0,0
470553,1,1,1988,0,0,0,0,0,0,19,3,0,14
470554,0,1,1988,0,0,0,0,0,0,0,0,0,0
470554,1,1,1988,0,0,0,0,5,0,0,0,0,0
470555,1,1,1988,24,24,24,24,24,24,24,24,24,24
470556,1,1,1988,0,0,0,0,0,0,0,0,0,0
470556,2,1,1988,0,0,0,0,0,0,0,0,0,0
470557,1,1,1988,0,0,0,0,0,0,0,0,0,0
470558,1,1,1988,0,0,0,0,0,0,0,0,0,0
470558,2,1,1988,0,0,0,0,0,0,0,0,0,0
470559,1,1,1988,20,20,20,20,20,20,20,20,20,20
470560,1,1,1988,0,0,0,0,0,0,0,0,0,0
470560,2,1,1988,0,0,0,0,0,0,0,0,0,0
470561,1,1,1988,0,0,0,0,0,0,0,0,0,0
470562,1,1,1988,20,20,20,20,20,20,20,20,20,20
470562,2,1,1988,0,0,0,0,0,0,0,0,0,0
470563,1,1,1988,20,20,20,20,20,20,20,20,20,20
470564,1,1,1988,4,4,4,4,4,4,4,4,4,4
470565,1,1,1988,23,23,23,23,23,23,23,23,23,23
470566,1,1,1988,34,34,34,34,34,34,34,34,34,34
470567,1,1,1988,18,18,18,18,18,18,18,18,18,18
470568,1,1,1988,42,42,42,42,42,42,42,42,42,42
470568,2,1,1988,0,0,0,0,0,0,0,0,0,0
470568,3,1,1988,0,0,0,0,0,0,0,0,0,0
470569,1,1,1988,7,18,0,9,0,0,0,0,0,0
470570,1,1,1988,11,0,0,0,0,0,0,0,0,0
470570,2,1,1988,5,5,5,5,5,5,5,5,5,5
470570,3,1,1988,0,0,0,0,0,0,0,0,0,0
470571,1,1,1988,24,17,20,19,22,20,13,35,21,15
470571,2,1,1988,0,0,0,0,0,0,0,0,0,0
470574,1,1,1988,0,0,0,0,0,0,0,0,0,0
470574,2,1,1988,0,0,0,0,0,0,5,0,0,9
470575,1,1,1988,0,0,0,0,0,0,0,0,0,0
470576,1,1,1988,5,5,5,5,5,5,5,5,5,5
470577,1,1,1988,0,0,0,0,0,0,0,0,0,0
470577,2,1,1988,0,0,0,0,0,0,0,0,0,0
470578,1,1,1988,0,0,0,0,0,0,0,0,0,0
470578,2,1,1988,5,5,5,5,5,5,5,5,5,5
470579,1,1,1988,0,0,0,0,0,0,0,0,0,0
470579,2,1,1988,2,2,2,2,2,2,2,2,2,2
470580,0,1,1988,33,33,33,33,33,33,33,33,33,33
470580,1,1,1988,0,0,0,0,0,0,0,0,0,0
470581,1,1,1988,29,29,29,29,29,29,29,29,29,29
470582,0,1,1988,28,31,25,21,10,15,11,35,19,0
470582,0,2,1988,0,0,0,0,0,0,0,0,0,0
470582,1,1,1988,0,0,0,0,0,0,0,0,18,0
470583,0,1,1988,29,29,29,29,29,29,29,29,29,29
470583,1,1,1988,0,0,6,7,0,0,0,0,0,0
470584,1,1,1988,0,0,0,0,0,0,0,0,0,0
470585,1,1,1988,15,19,13,24,16,20,31,12,24,20
470586,1,1,1988,0,0,0,0,0,0,0,0,0,0
470587,1,1,1988,4,4,4,4,4,4,4,4,4,4
470588,1,1,1988,0,0,0,0,0,0,0,0,0,0
470589,0,1,1988,0,0,0,0,0,0,0,0,0,0
470589,1,1,1988,0,0,0,0,0,0,0,0,0,0
470590,1,1,1988,3,3,3,3,3,3,3,3,3,3
470590,2,1,1988,3,3,3,3,3,3,3,3,3,3
470590,3,1,1988,16,26,21,12,28,28,5,0,23,20
470591,1,1,1988,18,18,18,18,18,18,18,18,18,18
470592,1,1,1988,3,3,3,3,3,3,3,3,3,3
470593,0,1,1988,0,0,0,0,0,0,0,0,0,0
470593,1,1,1988,27,0,0,0,20,0,0,0,0,0
470595,0,1,1988,27,13,0,0,34,24,36,28,21,38
470595,1,1,1988,0,0,0,0,0,0,0,0,0,0
470596,1,1,1988,22,22,22,22,22,22,22,22,22,22
470597,1,1,1988,0,0,0,0,0,0,0,0,0,0
470598,1,1,1988,0,0,0,0,0,0,0,0,0,0
470598,2,1,1988,0,0,0,0,0,0,0,0,0,0
470598,3,1,1988,0,0,0,0,0,0,0,0,0,0
470599,1,1,1988,0,0,0,0,0,0,0,0,0,0
470599,2,1,1988,0,0,0,0,0,0,0,0,0,0
470600,0,1,1988,2,2,2,2,2,2,2,2,2,2
470600,1,1,1988,35,0,11,0,0,0,0,0,0,0
470601,1,1,1988,0,0,0,0,0,0,0,0,0,0
470601,2,1,1988,8,8,8,8,8,8,8,8,8,8
470602,1,1,1988,0,0,0,0,0,0,0,0,0,0
470603,1,1,1988,0,0,0,0,0,0,0,0,0,0
470604,1,1,1988,11,0,0,0,0,0,0,0,0,0
470604,2,1,1988,8,13,11,8,22,11,10,5,23,19
470605,1,1,1988,36,36,36,36,36,36,36,36,36,36
470606,0,1,1988,0,0,0,0,0,0,0,0,0,0
470606,1,1,1988,0,0,0,0,0,0,0,0,0,0
470607,1,1,1988,0,0,4,0,0,22,0,0,0,0
470607,2,1,1988,0,0,0,0,0,0,0,0,0,0
470609,1,1,1988,0,0,0,0,0,0,0,0,0,0
470610,1,1,1988,0,0,0,0,0,0,0,0,0,0
470610,2,1,1988,37,37,37,37,37,37,37,37,37,37
470611,1,1,1988,11,11,11,11,11,11,11,11,11,11
470612,1,1,1988,24,23,25,10,28,30,13,0,9,0
470613,1,1,1988,10,21,15,16,14,25,24,28,11,0
470614,1,1,1988,10,10,10,10,10,10,10,10,10,10
470614,2,1,1988,0,0,0,0,0,0,0,0,0,0
470614,3,1,1988,0,0,0,0,0,0,0,0,0,0
470615,1,1,1988,0,0,0,0,0,0,0,0,0,0
470615,2,1,1988,0,0,0,0,0,0,0,0,0,0
470616,1,1,1988,0,0,0,0,0,0,0,0,0,0
470616,2,1,1988,0,0,0,0,0,0,19,0,0,0
470617,1,1,1988,19,19,19,19,19,19,19,19,19,19
470618,1,1,1988,0,0,0,0,0,0,0,0,0,0
470618,2,1,1988,12,14,23,6,21,5,9,28,19,14
470619,1,1,1988,5,5,5,5,5,5,5,5,5,5
470620,1,1,1988,4,4,4,4,4,4,4,4,4,4
470620,2,1,1988,0,0,0,0,0,0,0,0,0,0
470621,1,1,1988,5,0,0,0,0,0,0,0,0,0
470621,2,1,1988,0,0,0,0,0,0,23,0,0,0
470621,3,1,1988,26,0,0,0,0,0,0,0,0,0
470621,4,1,1988,0,0,0,0,0,0,0,0,0,0
470622,1,1,1988,17,11,13,14,12,12,17,17,14,19
470623,1,1,1988,10,10,10,10,10,10,10,10,10,10
470624,1,1,1988,9,9,9,9,9,9,9,9,9,9
470625,1,1,1988,2,2,2,2,2,2,2,2,2,2
470626,1,1,1988,0,0,0,0,0,0,0,0,0,0
470627,1,1,1988,0,0,0,0,0,0,0,0,0,0
470627,2,1,1988,10,10,10,10,10,10,10,10,10,10
470628,1,1,1988,0,0,0,0,0,0,0,0,0,0
470629,1,1,1988,22,22,22,22,22,22,22,22,22,22
470630,1,1,1988,0,0,0,0,0,0,0,0,0,0
470631,1,1,1988,0,0,0,0,10,0,0,22,9,0
470631,2,1,1988,4,4,4,4,4,4,4,4,4,4
470632,1,1,1988,14,14,14,14,14,14,14,14,14,14
470633,1,1,1988,0,0,0,0,0,0,0,0,0,0
470633,2,1,1988,0,0,0,0,0,0,0,0,0,0
470634,0,1,1988,0,0,0,5,0,0,0,13,0,0
470634,0,2,1988,13,0,0,21,0,0,22,3,0,0
470634,1,1,1988,2,2,2,2,2,2,2,2,2,2
470635,1,1,1988,23,23,23,23,23,23,23,23,23,23
470636,1,1,1988,4,13,28,29,16,11,10,23,31,0
470637,1,1,1988,11,3,18,0,18,7,8,15,26,13
470638,1,1,1988,14,14,14,14,14,14,14,14,14,14
470638,2,1,1988,0,0,0,0,0,0,0,0,0,0
470639,1,1,1988,0,0,0,0,0,0,18,0,0,3
470639,2,1,1988,0,0,0,0,0,0,0,0,0,0
470640,1,1,1988,0,0,0,0,0,0,0,0,24,0
470641,1,1,1988,0,0,0,0,0,0,0,0,0,0
470641,2,1,1988,0,0,0,0,0,0,0,0,0,0
470642,1,1,1988,6,6,6,6,6,6,6,6,6,6
470643,1,1,1988,22,22,22,22,22,22,22,22,22,22
470643,2,1,1988,0,0,0,0,0,0,0,0,0,0
470644,1,1,1988,20,20,20,20,20,20,20,20,20,20
470645,1,1,1988,8,8,8,8,8,8,8,8,8,8
470646,1,1,1988,0,0,0,0,0,0,0,0,0,0
470646,2,1,1988,0,0,0,0,0,0,0,0,0,0
470647,1,1,1988,0,0,0,9,23,0,0,0,0,0
470647,2,1,1988,0,0,0,0,0,0,0,0,0,0
470648,1,1,1988,0,0,0,0,0,0,0,0,0,0
470648,2,1,1988,0,0,0,0,0,6,0,0,0,0
470649,1,1,1988,12,12,12,12,12,12,12,12,12,12
470650,1,1,1988,19,15,5,13,23,10,18,10,0,15
470650,2,1,1988,0,0,0,0,0,0,0,0,0,0
470650,3,1,1988,0,0,7,12,14,7,0,4,9,17
470652,1,1,1988,19,19,19,19,19,19,19,19,19,19
470654,1,1,1988,24,24,24,24,24,24,24,24,24,24
470655,1,1,1988,13,7,10,36,0,17,0,21,0,12
470656,0,1,1988,24,24,24,24,24,24,24,24,24,24
470656,1,1,1988,0,0,0,0,0,0,0,0,0,0
470656,2,1,1988,0,0,16,0,0,0,0,0,0,0
470656,3,1,1988,0,0,0,0,0,0,0,0,0,16
470657,1,1,1988,0,0,0,0,0,0,0,0,0,0
470657,2,1,1988,0,0,0,0,0,0,0,0,0,0
470658,1,1,1988,10,10,10,10,10,10,10,10,10,10
470659,1,1,1988,6,6,6,6,6,6,6,6,6,6
470659,2,1,1988,0,0,0,0,0,0,0,0,0,0
470660,1,1,1988,12,12,12,12,12,12,12,12,12,12
470660,2,1,1988,10,10,10,10,10,10,10,10,10,10
470661,1,1,1988,0,0,0,0,0,0,0,0,0,0
470662,1,1,1988,21,21,21,21,21,21,21,21,21,21
470663,1,1,1988,0,0,0,0,0,0,0,0,0,0