ST_CASE,VEH_NO,PER_NO,YEAR,P1,P2,P3,P4,P5,P6,P7,P8,P9,P10
470663,2,1,1988,0,0,0,0,0,15,0,0,0,0
470665,1,1,1988,0,0,0,0,0,0,0,0,0,0
470665,2,1,1988,0,0,0,0,0,0,0,0,0,0
470666,1,1,1988,14,0,0,0,0,0,0,0,0,0
470666,2,1,1988,0,0,0,0,0,12,0,0,0,0
470667,1,1,1988,3,3,3,3,3,3,3,3,3,3
470667,2,1,1988,0,0,0,0,0,0,0,0,0,0
470668,1,1,1988,0,0,0,0,0,0,0,0,0,0
470668,2,1,1988,0,0,0,0,0,0,0,0,0,0
470668,3,1,1988,0,0,0,0,0,0,0,0,0,0
470669,1,1,1988,16,16,16,16,16,16,16,16,16,16
470670,1,1,1988,0,0,0,0,0,0,0,0,0,0
470670,2,1,1988,0,0,15,0,0,19,16,17,22,21
470671,1,1,1988,19,19,19,19,19,19,19,19,19,19
470672,1,1,1988,12,12,12,12,12,12,12,12,12,12
470672,2,1,1988,0,0,0,0,0,0,0,0,0,0
470673,1,1,1988,0,0,0,0,0,0,0,0,0,0
470673,2,1,1988,0,0,0,0,0,0,0,0,0,0
470674,1,1,1988,5,5,5,5,5,5,5,5,5,5
470675,1,1,1988,12,12,12,12,12,12,12,12,12,12
470676,1,1,1988,5,5,5,5,5,5,5,5,5,5
470676,2,1,1988,0,0,0,0,0,0,0,0,0,0
470677,1,1,1988,4,4,4,4,4,4,4,4,4,4
470678,1,1,1988,0,0,0,0,0,0,0,0,0,0
470678,2,1,1988,0,0,0,0,0,0,0,0,0,0
470679,1,1,1988,0,0,0,0,0,0,0,0,0,0
470679,2,1,1988,0,0,0,0,0,0,0,0,0,0
470680,1,1,1988,17,17,17,17,17,17,17,17,17,17
470681,1,1,1988,17,17,17,17,17,17,17,17,17,17
470682,1,1,1988,0,0,0,0,0,0,0,0,0,0
470682,2,1,1988,26,26,26,26,26,26,26,26,26,26
470683,0,1,1988,11,7,0,0,9,24,29,22,21,4
470683,1,1,1988,0,0,0,0,0,0,0,0,0,0
470684,1,1,1988,17,18,22,27,22,27,22,36,11,24
470685,1,1,1988,12,12,12,12,12,12,12,12,12,12
470686,1,1,1988,15,15,15,15,15,15,15,15,15,15
470687,1,1,1988,0,0,0,0,0,0,0,0,0,0
470687,2,1,1988,0,0,0,0,0,0,0,0,0,0
470688,1,1,1988,13,13,13,13,13,13,13,13,13,13
470689,1,1,1988,7,7,7,7,7,7,7,7,7,7
470689,2,1,1988,0,0,0,0,0,0,0,0,0,0
470690,1,1,1988,18,18,18,18,18,18,18,18,18,18
470691,1,1,1988,0,0,0,0,0,0,0,0,0,0
470691,2,1,1988,0,0,0,0,0,0,0,0,0,0
470692,1,1,1988,31,31,31,31,31,31,31,31,31,31
470693,1,1,1988,17,23,10,0,30,8,10,12,7,0
470694,0,1,1988,6,6,6,6,6,6,6,6,6,6
470694,1,1,1988,0,0,0,0,0,0,0,0,0,0
470695,1,1,1988,0,0,0,0,17,0,0,0,0,0
470695,2,1,1988,0,0,0,0,0,0,0,0,0,0
470696,1,1,1988,24,24,24,24,24,24,24,24,24,24
470696,2,1,1988,0,0,0,0,0,0,0,0,0,0
470697,1,1,1988,28,8,27,0,10,27,16,36,16,0
470698,1,1,1988,0,0,0,0,0,0,0,0,0,0
470698,2,1,1988,0,0,0,0,0,0,0,0,0,0
470699,1,1,1988,0,9,0,0,17,0,22,0,0,0
470700,0,1,1988,20,0,29,24,36,32,0,23,31,17
470700,1,1,1988,0,9,14,10,23,0,0,18,26,0
470700,2,1,1988,9,9,9,9,9,9,9,9,9,9
470701,1,1,1988,0,0,0,0,0,0,0,0,0,0
470702,1,1,1988,15,15,15,15,15,15,15,15,15,15
470702,2,1,1988,0,0,0,0,0,0,0,0,13,0
470703,1,1,1988,0,0,0,0,0,0,0,0,0,5
470703,2,1,1988,0,0,0,0,0,0,0,0,0,0
470703,3,1,1988,0,0,0,0,0,7,0,0,0,0
470704,1,1,1988,6,12,9,23,19,19,24,18,3,0
470705,1,1,1988,17,17,17,17,17,17,17,17,17,17
470706,1,1,1988,17,17,17,17,17,17,17,17,17,17
470707,1,1,1988,0,0,0,0,0,0,31,0,0,0
470708,1,1,1988,7,7,7,7,7,7,7,7,7,7
470709,1,1,1988,0,0,0,0,0,0,0,0,0,0
470709,2,1,1988,0,0,0,0,0,0,0,0,0,0
470710,1,1,1988,0,0,0,0,0,0,0,0,0,0
470710,2,1,1988,0,0,0,0,0,0,0,0,0,0
470711,0,1,1988,18,21,0,32,25,7,0,7,17,19
470711,0,2,1988,23,4,7,13,37,26,2,19,0,16
470711,1,1,1988,14,14,14,14,14,14,14,14,14,14
470711,2,1,1988,28,6,21,4,0,13,15,20,3,0
470712,1,1,1988,33,16,12,15,21,27,15,31,12,15
470712,2,1,1988,0,0,0,0,0,0,0,0,0,0
470713,1,1,1988,0,0,0,0,0,0,0,0,0,0
470713,2,1,1988,0,0,0,0,0,0,0,0,0,0
470714,1,1,1988,25,25,25,25,25,25,25,25,25,25
470715,1,1,1988,21,21,21,21,21,21,21,21,21,21
470716,1,1,1988,16,16,16,16,16,16,16,16,16,16
470717,1,1,1988,0,0,0,0,0,0,0,0,0,0
470717,2,1,1988,0,0,0,0,0,0,0,0,0,0
470717,3,1,1988,0,0,0,0,0,0,0,0,0,0
470718,1,1,1988,8,8,8,8,8,8,8,8,8,8
470719,1,1,1988,7,7,7,7,7,7,7,7,7,7
470720,1,1,1988,0,0,0,0,0,0,0,0,0,0
470720,2,1,1988,17,17,17,17,17,17,17,17,17,17
470721,1,1,1988,0,0,4,0,0,17,23,16,18,0
470722,1,1,1988,0,0,0,0,0,0,0,0,0,0
470723,0,1,1988,0,0,0,0,0,0,0,0,0,0
470723,1,1,1988,0,21,0,0,16,0,0,18,0,0
470724,0,1,1988,20,20,20,20,20,20,20,20,20,20
470724,1,1,1988,0,13,0,0,0,21,0,25,0,0
470725,1,1,1988,28,20,15,27,6,10,18,0,9,25
470726,1,1,1988,4,4,4,4,4,4,4,4,4,4
470726,2,1,1988,0,0,0,0,0,0,5,0,0,0
470727,1,1,1988,0,0,0,0,0,0,0,0,0,0
470727,2,1,1988,0,0,0,0,0,0,0,0,0,0
470728,1,1,1988,0,8,0,13,0,0,0,0,0,0
470728,2,1,1988,0,0,0,0,0,0,0,3,0,0
470729,1,1,1988,4,4,4,4,4,4,4,4,4,4
470730,1,1,1988,28,28,28,28,28,28,28,28,28,28
470731,1,1,1988,25,25,25,25,25,25,25,25,25,25
470732,1,1,1988,17,17,17,17,17,17,17,17,17,17
470733,1,1,1988,25,25,25,25,25,25,25,25,25,25
470734,1,1,1988,0,0,0,0,0,0,0,0,0,0
470735,0,1,1988,35,35,35,35,35,35,35,35,35,35
470735,0,2,1988,4,4,4,4,4,4,4,4,4,4
470735,1,1,1988,17,12,0,10,0,11,0,0,0,0
470736,1,1,1988,16,16,8,6,11,10,6,0,8,11
470737,1,1,1988,0,0,0,0,0,0,0,0,0,0
470737,2,1,1988,11,11,11,11,11,11,11,11,11,11
470739,0,1,1988,0,0,0,0,0,0,0,0,0,0
470739,1,1,1988,0,9,0,0,0,0,0,0,0,0
470740,1,1,1988,0,0,0,0,0,0,0,0,0,0
470740,2,1,1988,0,0,0,0,0,0,0,0,0,0
470741,1,1,1988,0,0,0,0,0,0,0,0,0,12
470741,2,1,1988,0,0,0,0,0,0,0,0,0,0
470742,1,1,1988,0,0,0,0,0,0,0,0,0,0
470742,2,1,1988,0,0,0,0,0,0,0,0,0,0
470743,1,1,1988,12,12,12,12,12,12,12,12,12,12
470744,1,1,1988,0,9,36,0,0,0,0,14,5,10
470744,2,1,1988,0,0,0,0,0,0,0,0,0,0
470745,1,1,1988,0,0,0,0,0,0,0,0,0,0
470746,1,1,1988,18,18,18,18,18,18,18,18,18,18
470747,1,1,1988,21,21,21,21,21,21,21,21,21,21
470747,2,1,1988,0,0,0,0,0,0,0,0,0,0
470748,1,1,1988,0,0,0,0,0,0,0,0,0,0
470749,1,1,1988,0,0,0,0,0,0,0,0,0,0
470750,1,1,1988,0,0,0,0,0,0,0,0,0,0
470750,2,1,1988,0,0,0,0,0,0,0,0,0,0
470751,1,1,1988,0,0,0,0,0,0,0,0,0,0
470751,2,1,1988,0,0,0,0,0,0,0,0,0,0
470752,1,1,1988,0,0,0,0,0,0,0,0,0,0
470752,2,1,1988,0,0,0,0,0,0,0,0,0,0
470753,1,1,1988,0,0,0,0,0,0,0,0,0,0
470754,1,1,1988,0,0,0,0,0,0,0,0,0,0
470755,0,1,1988,0,0,0,0,0,0,0,0,0,0
470755,1,1,1988,0,0,0,0,0,0,0,0,0,0
470756,1,1,1988,30,30,30,30,30,30,30,30,30,30
470757,1,1,1988,0,0,0,0,0,0,0,0,0,0
470758,1,1,1988,29,29,29,29,29,29,29,29,29,29
470759,1,1,1988,0,0,0,0,0,0,0,0,0,0
470759,2,1,1988,0,0,0,0,0,0,0,9,0,0
470760,1,1,1988,22,0,0,0,0,0,0,0,0,0
470761,1,1,1988,0,0,0,0,0,0,0,0,0,0
470762,1,1,1988,0,0,0,0,0,0,0,0,0,0
470762,2,1,1988,0,0,0,0,0,0,0,0,0,0
470762,3,1,1988,0,0,0,0,0,0,0,0,0,0
470763,1,1,1988,0,0,0,0,0,0,0,0,0,0
470764,1,1,1988,0,0,0,0,0,0,0,0,0,0
470764,2,1,1988,5,5,5,5,5,5,5,5,5,5
470765,1,1,1988,18,18,18,18,18,18,18,18,18,18
470765,2,1,1988,0,15,9,9,0,0,6,0,0,0
470766,1,1,1988,26,26,26,26,26,26,26,26,26,26
470767,1,1,1988,5,5,5,5,5,5,5,5,5,5
470767,2,1,1988,0,0,0,0,0,0,0,0,0,0
470768,1,1,1988,0,0,0,0,0,0,0,0,0,0
470769,1,1,1988,0,0,17,0,0,0,0,0,0,0
470770,1,1,1988,25,25,25,25,25,25,25,25,25,25
470771,0,1,1988,32,32,32,32,32,32,32,32,32,32
470771,1,1,1988,0,0,0,0,0,0,0,0,0,0
470772,1,1,1988,0,0,0,0,0,0,0,0,0,0
470773,1,1,1988,0,0,0,19,0,0,0,0,0,0
470773,2,1,1988,24,24,24,24,24,24,24,24,24,24
470774,1,1,1988,8,8,8,8,8,8,8,8,8,8
470774,2,1,1988,0,0,0,0,0,0,0,0,0,0
470776,1,1,1988,13,0,0,0,0,0,0,0,0,0
470776,2,1,1988,0,17,15,11,0,0,25,0,0,17
470777,1,1,1988,23,23,23,23,23,23,23,23,23,23
470778,1,1,1988,0,0,0,0,0,0,0,0,0,0
470779,1,1,1988,11,11,11,11,11,11,11,11,11,11
470780,1,1,1988,21,21,21,21,21,21,21,21,21,21
470781,0,1,1988,0,0,0,0,0,0,0,0,0,0
470781,1,1,1988,3,3,3,3,3,3,3,3,3,3
470782,1,1,1988,3,3,3,3,3,3,3,3,3,3
470783,1,1,1988,0,0,0,0,0,0,0,0,0,0
470783,2,1,1988,22,22,22,22,22,22,22,22,22,22
470784,1,1,1988,0,0,0,11,0,0,0,0,0,0
470785,1,1,1988,0,0,0,0,0,0,0,0,0,0
470785,2,1,1988,0,0,0,0,0,0,0,0,0,0
470786,1,1,1988,18,26,9,0,0,11,0,48,0,24
470787,1,1,1988,0,0,0,0,0,0,0,0,0,0
470788,1,1,1988,13,13,13,13,13,13,13,13,13,13
470789,1,1,1988,27,18,39,21,13,6,20,20,10,8
470790,1,1,1988,22,26,0,0,0,0,21,0,0,0
470790,2,1,1988,0,0,0,0,0,0,0,0,0,0
470791,1,1,1988,0,0,0,0,0,0,0,0,0,0
470791,2,1,1988,24,24,24,24,24,24,24,24,24,24
470791,3,1,1988,0,0,0,0,0,0,5,0,0,0
470792,1,1,1988,29,29,29,29,29,29,29,29,29,29
470793,0,1,1988,13,13,13,13,13,13,13,13,13,13
470793,1,1,1988,0,0,0,0,0,0,0,0,0,0
470794,1,1,1988,9,9,9,9,9,9,9,9,9,9
470795,1,1,1988,0,0,0,0,0,0,0,0,0,0
470795,2,1,1988,0,0,0,0,0,0,0,0,0,0
470796,1,1,1988,0,0,0,0,0,0,0,0,0,0
470797,1,1,1988,17,17,17,17,17,17,17,17,17,17
470798,1,1,1988,13,0,13,20,0,14,0,0,0,0
470798,2,1,1988,0,0,0,0,0,0,0,0,0,0
470799,1,1,1988,0,0,0,0,0,0,0,0,0,0
470799,2,1,1988,0,0,0,0,0,0,0,0,0,0
470800,1,1,1988,0,0,0,0,0,0,0,0,0,0
470800,2,1,1988,0,0,0,0,0,0,0,0,0,0
470801,1,1,1988,0,0,0,0,0,0,0,0,0,0
470801,2,1,1988,0,0,0,0,0,0,0,0,0,0
470802,1,1,1988,0,0,0,0,0,0,0,0,0,0
470802,2,1,1988,0,0,0,0,0,0,0,0,0,0
470802,3,1,1988,0,0,0,0,0,0,0,0,7,0
470802,4,1,1988,0,0,0,0,0,0,0,0,0,0
470804,1,1,1988,0,0,0,0,22,0,0,0,0,18
470805,1,1,1988,0,0,0,0,0,0,0,0,0,0
470806,1,1,1988,5,5,5,5,5,5,5,5,5,5
470807,1,1,1988,0,0,0,0,0,0,0,0,0,0
470808,1,1,1988,0,0,0,0,0,0,0,0,0,0
470809,1,1,1988,0,21,0,0,0,5,0,0,0,0
470810,1,1,1988,19,0,0,0,0,0,15,0,0,0
470811,1,1,1988,20,20,20,20,20,20,20,20,20,20
470812,1,1,1988,0,0,0,0,0,0,0,0,0,0
470813,1,1,1988,13,13,13,13,13,13,13,13,13,13
470814,1,1,1988,0,0,0,0,0,0,0,0,0,0
470815,1,1,1988,12,12,12,12,12,12,12,12,12,12
470816,1,1,1988,17,17,17,17,17,17,17,17,17,17
470817,1,1,1988,35,35,35,35,35,35,35,35,35,35
470818,1,1,1988,17,27,28,32,25,19,18,19,14,0
470819,1,1,1988,7,7,7,7,7,7,7,7,7,7
470820,1,1,1988,0,0,0,0,0,0,0,0,0,0
470821,1,1,1988,0,0,0,0,0,0,0,0,0,0
470822,1,1,1988,0,0,0,0,0,0,0,0,0,0
470822,2,1,1988,0,0,0,0,0,0,0,0,0,0
470823,1,1,1988,0,0,0,0,0,0,0,0,0,0
470823,2,1,1988,0,14,0,0,0,0,0,0,0,0
470824,1,1,1988,0,0,0,0,0,0,0,0,0,0
470825,0,1,1988,0,0,0,0,0,0,0,0,0,0
470825,1,1,1988,0,0,0,0,0,13,0,0,0,0
470826,1,1,1988,0,0,0,0,0,0,0,0,0,0
470826,2,1,1988,0,0,0,0,13,0,0,0,0,0
470827,1,1,1988,0,0,0,0,0,0,0,0,0,0
470827,2,1,1988,0,0,0,0,0,0,0,0,0,0
470828,1,1,1988,0,0,0,19,0,0,0,0,0,0
470828,2,1,1988,0,0,0,13,0,0,0,0,0,10
470829,0,1,1988,0,0,0,0,0,0,0,0,0,0
470829,1,1,1988,14,14,14,14,14,14,14,14,14,14
470830,0,1,1988,0,0,0,0,0,0,0,0,0,0
470830,1,1,1988,0,0,0,0,0,0,0,0,0,0
470831,1,1,1988,0,0,0,0,0,0,0,0,0,0
470831,2,1,1988,0,0,0,0,0,0,0,0,0,0
470831,3,1,1988,0,0,0,0,0,0,0,0,0,0
470832,1,1,1988,0,0,0,0,0,0,0,0,0,0
470833,1,1,1988,20,20,20,20,20,20,20,20,20,20
470833,2,1,1988,0,0,0,0,0,0,0,0,0,0
470834,1,1,1988,0,0,0,0,0,0,0,0,0,0
470834,2,1,1988,0,0,0,0,0,0,0,0,0,0
470835,0,1,1988,19,19,19,19,19,19,19,19,19,19
470835,1,1,1988,0,0,0,0,0,0,0,0,0,0
470836,1,1,1988,0,0,0,0,0,0,0,0,0,0
470837,1,1,1988,19,19,19,19,19,19,19,19,19,19
470837,2,1,1988,5,5,5,5,5,5,5,5,5,5
470838,1,1,1988,0,0,0,0,0,0,0,0,0,0
470838,2,1,1988,0,0,0,0,0,0,0,0,0,0
470839,1,1,1988,0,0,0,0,0,0,0,0,0,0
470840,1,1,1988,22,22,22,22,22,22,22,22,22,22
470840,2,1,1988,17,8,12,5,38,14,33,16,17,32
470841,1,1,1988,0,3,7,0,0,0,23,0,0,0
470841,2,1,1988,0,0,0,0,0,0,0,0,0,0
470842,1,1,1988,9,9,9,9,9,9,9,9,9,9
470842,2,1,1988,0,0,0,0,0,0,0,0,0,0
470843,1,1,1988,0,0,0,0,0,0,0,0,0,0
470843,2,1,1988,0,0,0,0,0,0,0,0,0,0
470844,1,1,1988,0,0,0,0,0,0,0,0,0,0
470844,2,1,1988,23,23,23,23,23,23,23,23,23,23
470845,1,1,1988,11,11,11,11,11,11,11,11,11,11
470846,1,1,1988,0,0,0,0,0,0,0,0,0,0
470846,2,1,1988,0,0,0,0,0,0,0,0,0,0
470847,1,1,1988,20,20,20,20,20,20,20,20,20,20
470848,1,1,1988,4,0,0,0,0,0,0,0,0,0
470848,2,1,1988,0,0,0,0,0,0,0,0,0,0
470850,1,1,1988,0,0,0,0,0,0,0,0,0,0
470850,2,1,1988,3,3,3,3,3,3,3,3,3,3
470851,0,1,1988,0,0,0,0,10,0,0,0,21,0
470851,1,1,1988,0,0,10,18,0,0,0,0,0,0
470852,1,1,1988,12,12,12,12,12,12,12,12,12,12
470853,1,1,1988,0,0,0,0,0,0,0,0,0,0
470853,2,1,1988,0,0,0,0,0,0,0,0,0,10
470854,0,1,1988,0,0,0,4,0,0,0,0,0,0
470854,1,1,1988,0,20,0,18,0,0,44,0,17,24
470855,1,1,1988,0,0,0,0,0,0,0,0,0,0
470855,2,1,1988,26,14,27,21,22,19,9,22,22,21
470856,1,1,1988,0,0,3,0,0,10,0,22,21,28
470856,2,1,1988,0,0,0,0,0,0,0,0,0,0
470857,1,1,1988,0,0,0,0,0,0,0,0,0,0
470858,1,1,1988,25,25,25,25,25,25,25,25,25,25
470859,1,1,1988,0,26,15,17,23,0,6,14,10,5
470860,1,1,1988,0,0,0,0,0,0,0,13,0,14
470862,1,1,1988,0,0,0,0,0,0,0,0,0,0
470862,2,1,1988,0,0,0,0,0,0,0,0,0,0
470863,1,1,1988,0,0,19,0,0,0,0,29,32,0
470864,1,1,1988,0,0,0,0,0,0,0,0,0,0
470864,2,1,1988,0,0,0,0,0,0,0,0,0,0
470865,1,1,1988,26,26,26,26,26,26,26,26,26,26
470866,1,1,1988,0,0,0,0,0,0,0,0,0,0
470866,2,1,1988,0,0,0,0,0,0,0,0,0,0
470867,1,1,1988,0,0,0,0,0,0,0,0,0,0
470867,2,1,1988,0,0,0,0,0,0,0,0,0,0
470867,3,1,1988,0,0,0,0,0,0,0,0,0,9
470868,1,1,1988,9,9,9,9,9,9,9,9,9,9
470868,2,1,1988,0,0,0,0,0,0,0,0,0,0
470869,1,1,1988,22,22,22,22,22,22,22,22,22,22
470870,1,1,1988,0,0,0,0,0,0,0,0,0,0
470871,1,1,1988,0,0,0,0,0,0,0,0,0,0
470871,2,1,1988,0,0,0,0,0,0,0,0,0,0
470871,3,1,1988,0,0,0,0,0,0,0,0,0,0
470872,1,1,1988,22,22,22,22,22,22,22,22,22,22
470872,2,1,1988,0,0,0,0,0,0,0,0,0,0
470873,1,1,1988,0,0,0,0,0,0,0,0,0,0
470873,2,1,1988,0,0,0,18,0,0,27,6,0,14
470874,0,1,1988,15,15,15,15,15,15,15,15,15,15
470874,1,1,1988,6,6,6,6,6,6,6,6,6,6
470875,1,1,1988,6,6,6,6,6,6,6,6,6,6
470876,1,1,1988,0,0,0,0,0,0,0,0,0,0
470876,2,1,1988,0,0,0,0,0,0,0,0,0,0
470877,1,1,1988,11,11,11,11,11,11,11,11,11,11
470878,1,1,1988,0,0,0,0,0,0,0,0,0,0
470879,0,1,1988,0,0,0,0,0,31,0,0,0,0
470879,1,1,1988,8,8,8,8,8,8,8,8,8,8
470880,1,1,1988,15,15,15,15,15,15,15,15,15,15
470881,1,1,1988,0,0,0,0,0,0,0,0,0,0
470881,2,1,1988,0,0,0,0,0,0,0,0,0,0
470882,1,1,1988,0,0,0,0,0,0,0,0,0,0
470883,1,1,1988,0,0,0,0,0,0,0,0,0,0
470883,2,1,1988,0,0,0,0,0,0,0,0,0,0
470884,0,1,1988,0,0,0,0,0,0,0,0,0,0
470884,1,1,1988,0,0,0,0,0,0,0,0,0,0
470885,1,1,1988,16,16,16,16,16,16,16,16,16,16
470886,0,1,1988,0,0,0,0,0,0,0,0,0,0
470886,1,1,1988,0,0,0,0,0,0,0,0,0,0
470887,1,1,1988,0,0,0,0,0,0,0,0,0,0
470888,1,1,1988,0,0,0,0,0,0,0,0,0,0
470888,2,1,1988,0,0,0,0,0,0,0,0,0,0
470889,1,1,1988,0,12,0,4,0,0,0,0,0,0
470889,2,1,1988,0,0,0,0,0,0,0,0,0,0
470890,1,1,1988,30,30,30,30,30,30,30,30,30,30
470891,1,1,1988,11,11,11,11,11,11,11,11,11,11
470892,1,1,1988,0,0,0,0,0,0,0,0,0,0
470892,2,1,1988,0,0,0,0,0,0,0,0,0,0
470893,0,1,1988,20,20,20,20,20,20,20,20,20,20
470893,1,1,1988,0,0,10,17,12,0,0,0,0,10
470894,1,1,1988,0,0,0,0,0,0,0,0,0,0
470895,1,1,1988,24,24,24,24,24,24,24,24,24,24
470897,1,1,1988,0,0,0,0,0,35,0,0,0,13
470898,1,1,1988,0,0,0,0,0,0,0,0,0,0
470898,2,1,1988,0,0,0,0,0,0,0,0,0,0
470899,1,1,1988,11,11,11,11,11,11,11,11,11,11
470900,1,1,1988,0,0,0,0,0,0,0,0,0,0
470900,2,1,1988,0,0,0,0,0,0,0,0,0,0
470901,0,1,1988,0,0,0,0,0,0,21,0,0,0
470901,1,1,1988,0,4,0,0,21,0,0,0,0,0
470902,0,1,1988,0,0,0,0,0,0,0,0,0,0
470902,1,1,1988,0,0,0,0,0,0,0,0,0,0
470902,2,1,1988,0,0,0,0,0,0,0,0,0,0
470904,1,1,1988,0,0,0,0,0,0,0,0,0,0
470905,1,1,1988,0,0,0,0,0,0,0,0,0,0
470905,2,1,1988,0,0,0,0,0,5,0,0,0,0
470905,3,1,1988,0,0,0,0,0,0,0,0,0,0
470906,1,1,1988,18,18,18,18,18,18,18,18,18,18
470907,1,1,1988,0,0,0,0,0,0,0,0,0,0
470907,2,1,1988,0,0,0,0,0,0,0,0,0,0
470908,1,1,1988,15,15,15,15,15,15,15,15,15,15
470909,1,1,1988,20,20,20,20,20,20,20,20,20,20
470910,1,1,1988,21,21,21,21,21,21,21,21,21,21
470911,1,1,1988,25,25,25,25,25,25,25,25,25,25
470912,0,1,1988,0,0,0,0,0,0,0,0,0,0
470912,1,1,1988,0,0,0,0,0,0,0,0,0,0
470913,1,1,1988,6,6,6,6,6,6,6,6,6,6
470913,2,1,1988,10,10,10,10,10,10,10,10,10,10
470914,1,1,1988,24,24,24,24,24,24,24,24,24,24
470915,1,1,1988,0,0,0,0,0,0,0,0,0,0
470915,2,1,1988,0,0,0,0,0,0,0,0,0,0
470916,0,1,1988,23,23,23,23,23,23,23,23,23,23
470916,1,1,1988,0,0,0,0,0,0,0,0,0,0
470917,1,1,1988,0,0,0,0,0,0,0,0,0,0
470918,1,1,1988,14,0,7,24,0,3,9,12,18,9
470918,2,1,1988,0,0,0,0,0,0,0,0,0,19
470919,1,1,1988,13,13,13,13,13,13,13,13,13,13
470920,1,1,1988,0,11,0,0,0,0,0,10,0,17
470921,1,1,1988,0,0,0,0,0,0,0,0,0,0
470921,2,1,1988,0,0,0,0,0,0,0,0,0,0
470921,3,1,1988,0,0,0,0,0,0,0,0,18,0
470922,1,1,1988,5,29,15,4,17,10,19,10,25,41
470923,1,1,1988,6,6,6,6,6,6,6,6,6,6
470923,2,1,1988,7,0,0,0,0,12,0,21,0,0
470924,1,1,1988,0,0,0,0,0,0,0,0,0,0
470924,2,1,1988,0,0,0,0,0,0,0,0,0,0
470925,1,1,1988,14,0,0,0,0,0,0,0,0,0
470926,1,1,1988,28,28,28,28,28,28,28,28,28,28
470927,1,1,1988,0,0,0,0,0,0,0,0,0,0
470927,2,1,1988,0,0,0,0,0,0,0,0,0,0
470928,1,1,1988,0,0,22,11,7,19,21,0,0,0
470928,2,1,1988,0,0,0,0,0,0,0,0,0,0
470929,1,1,1988,0,0,0,0,0,0,0,0,0,0
470929,2,1,1988,13,13,13,13,13,13,13,13,13,13
470929,3,1,1988,0,0,0,0,13,0,11,13,0,17
470930,1,1,1988,0,0,0,0,0,0,0,0,0,0
470930,2,1,1988,0,0,0,0,0,0,0,0,0,0
470931,1,1,1988,12,12,12,12,12,12,12,12,12,12
470932,1,1,1988,3,3,3,3,3,3,3,3,3,3
470932,2,1,1988,0,0,0,0,0,0,0,0,0,0
470933,1,1,1988,0,0,0,0,0,0,0,0,0,0
470933,2,1,1988,0,0,0,0,0,0,0,0,0,0
470934,1,1,1988,0,0,0,0,0,0,0,0,0,0
470934,2,1,1988,0,0,0,0,0,0,0,0,0,0
470935,1,1,1988,0,0,0,0,0,0,0,0,0,0
470935,2,1,1988,0,0,0,0,0,0,0,0,0,0
470936,1,1,1988,9,9,9,9,9,9,9,9,9,9
470937,1,1,1988,10,16,22,15,0,0,22,13,35,14
470938,1,1,1988,8,11,16,9,33,14,23,24,18,16
470939,1,1,1988,0,0,0,0,0,0,0,0,0,0
470940,1,1,1988,0,0,0,0,0,0,0,0,0,0
470940,2,1,1988,0,0,7,0,0,0,0,0,0,0
470941,1,1,1988,11,11,11,11,11,11,11,11,11,11
470941,2,1,1988,0,0,0,0,0,0,0,0,0,0
470942,1,1,1988,9,0,0,0,0,0,0,0,0,0
470942,2,1,1988,0,0,0,0,0,0,0,0,0,0
470944,1,1,1988,0,0,0,0,0,0,0,0,0,0
470944,2,1,1988,0,0,0,0,0,0,0,0,0,0
470945,1,1,1988,16,16,16,16,16,16,16,16,16,16
470946,0,1,1988,18,18,18,18,18,18,18,18,18,18
470946,1,1,1988,0,0,0,0,0,0,0,0,0,0
470947,1,1,1988,12,12,12,12,12,12,12,12,12,12
470948,1,1,1988,0,0,0,0,0,0,0,0,0,0
470949,1,1,1988,0,0,0,0,0,0,0,0,0,0
470949,2,1,1988,0,0,0,0,0,0,0,0,0,0
470950,0,1,1988,25,25,25,25,25,25,25,25,25,25
470950,1,1,1988,6,6,6,6,6,6,6,6,6,6
470951,1,1,1988,0,0,0,0,0,14,0,0,0,19
470953,1,1,1988,3,3,3,3,3,3,3,3,3,3
470953,2,1,1988,0,0,0,0,0,0,0,0,0,0
470954,0,1,1988,0,0,0,0,0,0,0,0,0,0
470954,0,2,1988,0,0,0,0,11,9,0,0,20,0
470954,1,1,1988,13,13,13,13,13,13,13,13,13,13
470955,1,1,1988,0,0,0,0,0,0,0,0,0,0
470955,2,1,1988,0,0,0,0,0,0,0,0,0,0
470956,0,1,1988,22,22,22,22,22,22,22,22,22,22
470956,1,1,1988,14,14,14,14,14,14,14,14,14,14
470957,1,1,1988,4,4,4,4,4,4,4,4,4,4
470958,1,1,1988,36,36,36,36,36,36,36,36,36,36
470959,1,1,1988,0,0,0,0,0,0,0,0,0,0
470959,2,1,1988,0,0,0,0,0,0,0,0,0,0
470960,1,1,1988,0,0,17,0,14,7,0,0,6,25
470961,1,1,1988,0,0,0,0,0,0,0,0,0,0
470961,2,1,1988,0,0,0,0,0,0,0,0,0,0
470962,1,1,1988,13,13,13,13,13,13,13,13,13,13
470963,1,1,1988,0,0,0,0,0,0,0,0,0,0
470964,1,1,1988,0,0,0,0,0,0,0,0,0,0
470965,0,1,1988,0,0,0,0,0,0,0,0,0,0
470965,0,2,1988,0,0,14,20,27,7,0,20,14,12
470965,0,3,1988,0,0,0,0,0,0,0,0,0,0
470965,1,1,1988,0,0,0,0,0,0,0,0,0,0