ST_CASE,VEH_NO,PER_NO,YEAR,P1,P2,P3,P4,P5,P6,P7,P8,P9,P10
470965,2,1,1988,16,16,16,16,16,16,16,16,16,16
470966,1,1,1988,0,0,0,0,0,0,0,0,0,0
470967,1,1,1988,22,37,31,9,10,31,6,7,0,16
470967,2,1,1988,0,0,11,21,0,0,0,0,0,15
470968,0,1,1988,17,17,17,17,17,17,17,17,17,17
470968,1,1,1988,0,0,0,0,0,0,0,0,0,0
470969,1,1,1988,0,0,0,0,0,0,0,0,0,0
470970,1,1,1988,0,0,0,0,0,0,0,0,0,0
470970,2,1,1988,0,0,0,0,0,0,0,0,0,0
470971,1,1,1988,0,0,0,0,0,0,0,0,0,0
470971,2,1,1988,0,0,0,0,0,0,0,0,0,0
470972,0,1,1988,0,0,0,12,0,28,0,9,0,0
470972,1,1,1988,2,2,2,2,2,2,2,2,2,2
470974,1,1,1988,0,0,0,0,0,0,0,0,0,0
470974,2,1,1988,0,0,0,0,0,0,0,0,0,0
470976,1,1,1988,0,0,0,0,0,0,0,0,0,0
470976,2,1,1988,0,0,0,0,0,0,0,0,0,0
470977,0,1,1988,0,0,0,0,0,0,0,0,0,0
470977,1,1,1988,0,0,10,26,0,0,0,7,0,0
470978,1,1,1988,0,0,0,0,0,0,0,0,0,0
470979,1,1,1988,0,0,0,0,0,0,0,0,0,0
470980,1,1,1988,0,0,0,0,0,0,0,0,0,0
470981,1,1,1988,0,0,0,0,0,0,0,0,0,0
470981,2,1,1988,0,0,0,0,0,0,0,0,0,0
470982,0,1,1988,0,9,11,20,0,0,13,33,6,8
470982,1,1,1988,0,0,0,0,0,0,0,0,0,0
470983,1,1,1988,22,5,20,16,11,17,10,30,13,10
470984,1,1,1988,13,8,0,5,22,9,0,0,0,0
470985,1,1,1988,22,22,22,22,22,22,22,22,22,22
470986,1,1,1988,0,0,0,0,0,0,0,0,0,0
470987,0,1,1988,0,0,0,0,0,0,0,0,0,0
470987,1,1,1988,0,0,0,0,0,0,0,0,0,0
470988,1,1,1988,9,22,12,18,19,10,9,16,8,10
470989,1,1,1988,0,0,0,0,0,0,0,0,0,0
470989,2,1,1988,14,18,11,24,4,17,26,17,26,14
470991,1,1,1988,0,0,0,0,0,0,0,0,0,0
470992,1,1,1988,0,0,0,0,0,0,0,0,0,0
470993,1,1,1988,22,22,22,22,22,22,22,22,22,22
470994,1,1,1988,0,0,0,0,0,0,0,9,0,0
470995,1,1,1988,8,8,8,8,8,8,8,8,8,8
470996,0,1,1988,17,17,17,17,17,17,17,17,17,17
470996,1,1,1988,0,0,0,0,0,0,0,0,0,0
470997,1,1,1988,0,0,0,0,0,0,0,0,0,0
470998,1,1,1988,20,20,20,20,20,20,20,20,20,20
470999,1,1,1988,0,0,0,0,0,0,0,0,0,0
471000,1,1,1988,0,0,0,0,0,0,0,0,0,0
471000,2,1,1988,0,0,0,0,0,0,0,0,0,0
471001,1,1,1988,27,27,27,27,27,27,27,27,27,27
471002,1,1,1988,0,0,0,0,0,0,0,0,0,20
471003,1,1,1988,0,0,0,0,0,0,0,0,0,0
471003,2,1,1988,0,0,0,0,0,0,0,0,0,0
471004,1,1,1988,0,0,0,0,0,0,0,0,0,0
471005,1,1,1988,24,24,24,24,24,24,24,24,24,24
471005,2,1,1988,0,0,0,0,0,0,0,0,0,0
471006,1,1,1988,10,10,10,10,10,10,10,10,10,10
471007,1,1,1988,20,20,20,20,20,20,20,20,20,20
471007,2,1,1988,0,0,0,0,0,0,0,0,0,0
471008,1,1,1988,0,0,0,0,0,0,0,0,0,0
471008,2,1,1988,0,0,0,0,0,0,0,0,0,0
471010,1,1,1988,0,0,0,0,0,0,0,0,0,0
471010,2,1,1988,17,17,17,17,17,17,17,17,17,17
471011,0,1,1988,0,0,0,0,0,0,0,0,0,0
471011,1,1,1988,0,0,0,0,0,0,0,0,0,0
471012,1,1,1988,22,22,22,22,22,22,22,22,22,22
471013,1,1,1988,0,0,0,0,0,0,0,0,0,0
471014,1,1,1988,0,14,0,0,23,0,0,0,14,0
471014,2,1,1988,0,0,0,0,0,0,0,0,0,0
471015,1,1,1988,26,26,26,26,26,26,26,26,26,26
471016,0,1,1988,0,0,0,0,0,0,0,0,0,0
471016,1,1,1988,0,0,0,0,0,0,0,0,0,0
471017,1,1,1988,0,0,0,0,0,0,0,0,0,0
471017,2,1,1988,0,0,0,0,0,0,0,0,0,0
471017,3,1,1988,0,0,0,0,0,0,0,0,0,0
471018,0,1,1988,0,0,0,0,0,0,0,0,0,0
471018,1,1,1988,0,0,0,0,0,0,0,0,0,0
471019,1,1,1988,23,23,23,23,23,23,23,23,23,23
471020,1,1,1988,21,21,21,21,21,21,21,21,21,21
471021,1,1,1988,0,0,0,0,0,0,0,0,0,0
471021,2,1,1988,0,0,0,0,0,0,0,0,0,0
471021,3,1,1988,0,0,0,0,0,0,0,0,0,0
471022,1,1,1988,12,15,14,7,14,16,9,0,0,0
471023,1,1,1988,27,27,27,27,27,27,27,27,27,27
471024,1,1,1988,7,7,7,7,7,7,7,7,7,7
471026,1,1,1988,0,0,0,0,0,0,0,0,0,0
471028,1,1,1988,0,0,0,0,0,0,0,0,0,0
471029,1,1,1988,0,0,0,0,0,0,0,0,0,0
471029,2,1,1988,0,0,0,0,0,0,0,0,0,0
471029,3,1,1988,0,0,0,0,0,0,0,0,0,0
471030,1,1,1988,11,0,0,21,9,13,0,0,0,16
471030,2,1,1988,0,0,0,0,0,0,8,17,0,0
471030,3,1,1988,0,0,0,0,0,0,0,0,0,0
471031,1,1,1988,0,0,0,0,0,0,0,0,0,0
471031,2,1,1988,0,0,0,0,0,0,0,0,0,0
471032,1,1,1988,1,1,1,1,1,1,1,1,1,1
471033,1,1,1988,7,7,7,7,7,7,7,7,7,7
471033,2,1,1988,5,5,5,5,5,5,5,5,5,5
471033,3,1,1988,0,0,0,0,0,0,0,0,0,0
471035,0,1,1988,0,0,0,0,0,0,0,0,12,0
471035,1,1,1988,0,0,0,0,0,0,0,0,0,0
471036,1,1,1988,0,0,0,0,0,0,0,0,0,0
471036,2,1,1988,0,0,0,0,0,0,0,0,0,0
471037,1,1,1988,0,0,0,0,0,0,0,0,0,0
471037,2,1,1988,0,0,0,0,0,0,0,0,0,0
471038,1,1,1988,24,24,24,24,24,24,24,24,24,24
471038,2,1,1988,0,0,0,0,0,0,0,0,0,0
471040,1,1,1988,0,13,0,0,0,0,0,4,0,0
471041,1,1,1988,0,0,0,0,0,0,0,0,0,0
471042,1,1,1988,12,12,12,12,12,12,12,12,12,12
471043,1,1,1988,25,25,25,25,25,25,25,25,25,25
471044,1,1,1988,0,0,0,0,0,0,0,0,0,0
471045,1,1,1988,0,0,0,0,0,0,0,0,0,0
471046,1,1,1988,31,31,31,31,31,31,31,31,31,31
471046,2,1,1988,0,0,0,0,0,0,0,9,0,0
471046,3,1,1988,0,0,0,0,0,0,0,0,0,0
471046,4,1,1988,0,0,0,0,0,11,0,0,16,0
471047,1,1,1988,14,14,14,14,14,14,14,14,14,14
471048,1,1,1988,20,20,20,20,20,20,20,20,20,20
471049,1,1,1988,0,0,0,0,0,0,0,0,0,0
471050,1,1,1988,0,0,0,0,0,0,0,0,0,0
471050,2,1,1988,0,0,0,0,0,0,0,0,0,0
471051,1,1,1988,0,0,0,0,0,0,0,0,0,0
471051,2,1,1988,0,0,0,0,0,0,0,0,0,0
471052,1,1,1988,22,22,22,22,22,22,22,22,22,22
471053,1,1,1988,18,18,18,18,18,18,18,18,18,18
471053,2,1,1988,15,0,0,0,0,0,0,0,0,0
471054,1,1,1988,0,0,0,0,0,0,0,0,0,0
471055,0,1,1988,24,24,24,24,24,24,24,24,24,24
471055,1,1,1988,0,0,0,0,0,0,0,0,0,0
471056,1,1,1988,0,0,0,0,0,0,0,0,0,0
471056,2,1,1988,31,31,31,31,31,31,31,31,31,31
471057,1,1,1988,0,0,0,0,0,0,0,0,0,0
471057,2,1,1988,12,0,0,0,0,0,0,0,0,0
471058,1,1,1988,0,0,0,0,0,0,0,0,0,0
471058,2,1,1988,0,0,0,0,0,0,0,0,0,0
471059,1,1,1988,29,0,25,0,0,0,18,17,13,10
471060,1,1,1988,0,0,0,0,13,10,0,0,0,8
471061,1,1,1988,0,0,0,0,0,0,0,0,0,0
471061,2,1,1988,0,0,0,0,0,0,0,0,0,0
471062,1,1,1988,24,24,24,24,24,24,24,24,24,24
471062,2,1,1988,0,0,0,2,0,0,0,0,0,0
471063,1,1,1988,15,15,15,15,15,15,15,15,15,15
471064,1,1,1988,0,0,0,0,0,0,0,0,0,0
471065,1,1,1988,0,0,0,0,0,0,0,0,0,0
471065,2,1,1988,0,0,0,0,0,0,0,0,0,15
471066,1,1,1988,23,23,23,23,23,23,23,23,23,23
471067,1,1,1988,10,10,10,10,10,10,10,10,10,10
471068,1,1,1988,0,0,0,0,0,0,0,0,0,0
471069,1,1,1988,15,15,15,15,15,15,15,15,15,15
471070,1,1,1988,5,5,5,5,5,5,5,5,5,5
471071,1,1,1988,15,15,15,15,15,15,15,15,15,15
471072,1,1,1988,36,36,36,36,36,36,36,36,36,36
471073,1,1,1988,13,13,13,13,13,13,13,13,13,13
471073,2,1,1988,0,0,0,0,0,0,0,0,0,0
471074,1,1,1988,0,0,0,0,0,0,0,0,0,0
471074,2,1,1988,0,0,0,0,0,0,0,0,0,0
471075,1,1,1988,11,11,11,11,11,11,11,11,11,11
471075,2,1,1988,0,0,0,0,0,0,0,0,0,0
471076,1,1,1988,0,0,0,0,0,0,0,0,0,0
471076,2,1,1988,0,0,0,0,0,0,0,0,0,0
471076,3,1,1988,0,0,0,0,0,0,0,0,0,0
471077,0,1,1988,0,0,0,0,0,0,0,0,0,0
471077,1,1,1988,0,0,0,0,0,0,0,0,0,0
471078,1,1,1988,5,5,5,5,5,5,5,5,5,5
471079,1,1,1988,16,16,16,16,16,16,16,16,16,16
471080,1,1,1988,0,0,0,0,0,0,0,0,0,0
471080,2,1,1988,0,0,0,0,0,0,0,0,0,0
471081,1,1,1988,13,13,13,13,13,13,13,13,13,13
471082,1,1,1988,0,0,0,0,0,0,0,0,0,0
471083,1,1,1988,0,0,0,0,0,0,0,0,0,0
471083,2,1,1988,0,0,0,0,0,0,0,0,0,0
471084,1,1,1988,0,0,0,0,0,0,0,0,0,0
471085,1,1,1988,0,0,0,0,0,0,0,0,0,0
471085,2,1,1988,0,0,0,0,0,0,0,0,0,0
471086,1,1,1988,22,0,16,13,0,9,0,13,6,11
471086,2,1,1988,0,0,0,0,0,0,0,0,0,0
471087,1,1,1988,19,19,19,19,19,19,19,19,19,19
471088,1,1,1988,19,19,19,19,19,19,19,19,19,19
471089,1,1,1988,11,0,0,0,0,0,0,0,25,0
471090,1,1,1988,24,24,24,24,24,24,24,24,24,24
471091,1,1,1988,19,19,19,19,19,19,19,19,19,19
471092,1,1,1988,5,5,5,5,5,5,5,5,5,5
471092,2,1,1988,30,30,30,30,30,30,30,30,30,30
471093,1,1,1988,0,0,0,0,0,0,0,0,0,0
471093,2,1,1988,0,0,0,0,0,0,0,0,0,0
471094,1,1,1988,19,19,19,19,19,19,19,19,19,19
471095,1,1,1988,26,26,26,26,26,26,26,26,26,26
471096,0,1,1988,19,17,26,15,25,0,17,7,21,17
471096,0,2,1988,35,35,35,35,35,35,35,35,35,35
471096,1,1,1988,26,11,11,11,19,11,26,19,4,15
471097,1,1,1988,6,6,6,6,6,6,6,6,6,6
471098,1,1,1988,2,2,2,2,2,2,2,2,2,2
471099,1,1,1988,0,0,0,0,0,0,0,0,0,0
471099,2,1,1988,0,0,0,0,0,0,0,0,0,0
471100,1,1,1988,22,0,14,20,21,13,13,28,14,16
471101,1,1,1988,25,25,25,25,25,25,25,25,25,25
471102,1,1,1988,0,0,0,0,0,0,0,0,0,0
471103,1,1,1988,3,11,6,13,11,4,5,12,0,12
471103,2,1,1988,0,0,0,0,0,0,0,0,0,0
471104,1,1,1988,0,0,0,0,0,0,0,0,0,0
471105,1,1,1988,10,10,10,10,10,10,10,10,10,10
471106,1,1,1988,18,18,18,18,18,18,18,18,18,18
471107,1,1,1988,0,0,0,0,0,0,0,0,0,0
471108,1,1,1988,7,7,7,7,7,7,7,7,7,7
471109,1,1,1988,0,0,0,0,0,0,0,0,0,0
471109,2,1,1988,19,19,19,19,19,19,19,19,19,19
471110,1,1,1988,0,0,0,0,0,0,0,0,0,0
471111,1,1,1988,16,16,16,16,16,16,16,16,16,16
471112,1,1,1988,0,0,0,0,0,0,0,0,0,0
471112,2,1,1988,0,0,0,0,0,0,0,0,0,0
471113,1,1,1988,0,0,0,0,0,0,0,0,0,0
471114,1,1,1988,0,0,0,0,0,0,0,0,0,0
471114,2,1,1988,0,0,0,0,0,0,0,0,0,0
471115,1,1,1988,19,19,19,19,19,19,19,19,19,19
471115,2,1,1988,0,0,11,0,0,0,0,0,0,0
471116,1,1,1988,0,0,0,0,0,0,0,0,0,0
471116,2,1,1988,0,0,0,0,7,0,0,0,24,0
471117,1,1,1988,0,0,0,0,0,0,0,0,0,0
471117,2,1,1988,0,0,0,0,0,0,0,0,0,0
471118,1,1,1988,0,0,0,0,0,0,0,0,0,0
471118,2,1,1988,0,0,0,0,0,0,0,0,0,0
471119,1,1,1988,24,14,14,0,32,27,0,12,0,17
471120,1,1,1988,2,2,2,2,2,2,2,2,2,2
471120,2,1,1988,0,0,0,0,0,0,0,0,0,0
471121,0,1,1988,13,13,13,13,13,13,13,13,13,13
471121,0,2,1988,0,0,0,0,0,0,0,0,0,0
471121,1,1,1988,21,21,21,21,21,21,21,21,21,21
471122,1,1,1988,18,18,18,18,18,18,18,18,18,18
471122,2,1,1988,0,0,0,0,0,0,0,0,0,0
471123,1,1,1988,0,0,0,0,0,0,0,0,0,0
471124,1,1,1988,0,0,0,0,0,0,0,0,0,0
471124,2,1,1988,0,14,0,0,0,0,0,0,0,0
471125,1,1,1988,37,16,16,0,0,0,0,32,24,0
471126,1,1,1988,20,22,0,0,0,0,0,23,0,0
471126,2,1,1988,11,0,19,0,23,0,0,0,24,10
471127,1,1,1988,0,0,0,0,0,0,0,0,0,0
471127,2,1,1988,0,0,0,0,0,0,0,0,0,0
471127,3,1,1988,0,0,0,0,0,0,0,0,0,0
471127,4,1,1988,0,0,0,0,0,0,0,0,24,0
471127,5,1,1988,0,0,0,0,0,0,0,0,0,0
471127,6,1,1988,0,0,0,0,0,0,0,0,0,0
471127,7,1,1988,0,0,0,0,0,0,0,0,0,0
471128,1,1,1988,0,0,0,0,0,0,0,0,0,0
471128,2,1,1988,0,0,0,0,0,0,0,0,0,0
471129,1,1,1988,14,14,14,14,14,14,14,14,14,14
471130,0,1,1988,0,0,0,24,20,0,0,0,0,0
471130,1,1,1988,13,0,4,0,5,0,0,10,0,0
471131,1,1,1988,17,17,17,17,17,17,17,17,17,17
471132,1,1,1988,13,0,0,48,9,0,0,0,0,0
471133,1,1,1988,20,20,20,20,20,20,20,20,20,20
471134,1,1,1988,0,0,0,0,0,0,0,0,0,0
471134,2,1,1988,0,0,0,0,0,0,0,0,0,0
471135,1,1,1988,0,0,0,10,0,26,0,0,0,0
471136,1,1,1988,21,21,21,21,21,21,21,21,21,21
471137,1,1,1988,0,0,0,0,0,0,0,0,0,0
471138,0,1,1988,0,0,0,0,0,0,0,0,0,0
471138,1,1,1988,8,12,0,0,0,16,10,14,0,0
471139,1,1,1988,20,20,20,20,20,20,20,20,20,20
471140,1,1,1988,0,0,0,0,0,0,0,0,0,0
471141,1,1,1988,0,0,0,0,0,0,0,0,0,0
471141,2,1,1988,16,16,16,16,16,16,16,16,16,16
471142,1,1,1988,15,15,15,15,15,15,15,15,15,15
471142,2,1,1988,0,0,0,0,0,0,0,0,0,0
471142,3,1,1988,0,0,0,0,0,0,0,0,0,0
471143,1,1,1988,0,12,0,0,0,0,0,0,0,0
471143,2,1,1988,0,0,0,0,0,0,0,0,0,0
471144,1,1,1988,30,30,30,30,30,30,30,30,30,30
471144,2,1,1988,0,0,0,0,0,0,0,0,0,0
471145,1,1,1988,18,18,18,18,18,18,18,18,18,18
471146,1,1,1988,0,0,0,0,0,0,0,0,0,0
471146,2,1,1988,35,35,35,35,35,35,35,35,35,35
471147,1,1,1988,32,32,32,32,32,32,32,32,32,32
471148,1,1,1988,0,0,0,0,0,0,0,0,0,0
471148,2,1,1988,0,0,0,0,0,0,0,0,0,0
471148,3,1,1988,0,13,0,0,0,0,0,0,0,0
471149,1,1,1988,0,0,0,0,0,0,0,0,0,0
471149,2,1,1988,0,0,0,0,0,0,0,0,0,0
471150,1,1,1988,0,0,9,0,0,14,0,0,0,13
471150,2,1,1988,0,0,0,0,0,0,0,0,9,0
471152,1,1,1988,0,0,0,0,0,0,0,0,0,0
471152,2,1,1988,0,0,0,0,0,0,0,0,0,0
471153,1,1,1988,10,10,10,10,10,10,10,10,10,10
471154,1,1,1988,0,0,0,0,0,0,0,0,0,0
471154,2,1,1988,0,0,0,0,0,0,0,0,0,0
471155,1,1,1988,0,0,0,0,0,0,0,0,0,0
471155,2,1,1988,0,0,14,0,0,0,0,0,0,0
471155,3,1,1988,0,0,0,0,0,0,0,0,0,0
471155,4,1,1988,0,0,0,0,0,0,0,0,0,0
471155,5,1,1988,0,0,0,0,0,0,0,0,0,0
471156,1,1,1988,0,0,0,0,0,0,0,0,0,0
471156,2,1,1988,0,0,0,0,0,0,0,0,0,0
471157,1,1,1988,20,20,20,20,20,20,20,20,20,20
471158,0,1,1988,0,0,0,38,0,0,7,0,0,17
471158,0,2,1988,0,0,0,0,0,0,0,0,0,0
471158,0,3,1988,0,0,0,0,0,0,0,0,0,0
471158,0,4,1988,0,7,38,0,0,0,0,9,0,12
471158,0,5,1988,0,0,0,0,0,0,0,0,0,0
471158,0,6,1988,0,0,0,0,0,0,0,0,0,0
471158,0,7,1988,0,0,0,0,0,0,0,0,0,0
471158,0,8,1988,4,10,0,0,0,0,13,5,0,0
471158,1,1,1988,0,0,0,0,0,0,0,0,0,0
471158,2,1,1988,0,7,17,0,0,0,0,0,0,0
471158,3,1,1988,40,17,18,0,0,12,0,8,0,0
471158,4,1,1988,0,0,0,0,0,0,0,0,11,0
471158,5,1,1988,0,0,12,0,0,0,0,0,0,0
471158,6,1,1988,0,0,11,0,0,0,0,0,0,0
471158,7,1,1988,0,0,0,0,0,0,0,0,0,0
471158,8,1,1988,0,0,0,0,0,0,0,0,0,0
471158,9,1,1988,0,0,0,0,0,0,0,0,0,0
471158,10,1,1988,0,0,0,0,0,0,0,0,0,0
471158,11,1,1988,0,0,0,0,0,0,0,0,0,0
471159,1,1,1988,0,0,0,0,0,0,0,0,0,0
471160,1,1,1988,7,7,7,7,7,7,7,7,7,7
471160,2,1,1988,0,0,0,0,0,0,0,0,13,0
471161,1,1,1988,23,23,23,23,23,23,23,23,23,23
471163,1,1,1988,14,0,0,0,0,0,0,0,22,0
471163,2,1,1988,0,0,13,5,0,18,6,12,11,4
471164,1,1,1988,0,0,0,0,0,0,0,0,0,0
471164,2,1,1988,0,0,0,0,0,0,0,0,0,0
471165,1,1,1988,0,0,0,0,0,0,0,0,0,0
471165,2,1,1988,0,0,0,0,0,0,0,0,0,0
471166,1,1,1988,11,0,0,0,0,0,14,0,0,0
471167,1,1,1988,0,0,0,0,0,0,0,0,0,0
471167,2,1,1988,12,0,0,0,0,0,0,13,0,0
471168,1,1,1988,7,7,7,7,7,7,7,7,7,7
471169,1,1,1988,38,38,38,38,38,38,38,38,38,38
471170,1,1,1988,22,21,13,17,0,27,18,8,11,11
471171,1,1,1988,0,0,0,0,0,0,0,0,0,0
471172,1,1,1988,4,4,4,4,4,4,4,4,4,4
471173,1,1,1988,0,0,0,0,0,0,0,0,0,0
471173,2,1,1988,0,0,0,0,0,0,0,0,0,0
471174,1,1,1988,0,0,0,0,0,0,0,0,0,0
471174,2,1,1988,8,8,8,8,8,8,8,8,8,8
471175,1,1,1988,0,0,0,0,0,0,0,0,0,0
471176,1,1,1988,23,23,23,23,23,23,23,23,23,23
471177,0,1,1988,0,0,0,0,0,0,0,0,0,0
471177,1,1,1988,4,0,0,0,0,0,0,0,0,0
471179,0,1,1988,0,0,0,0,0,0,0,0,0,0
471179,1,1,1988,0,0,9,0,0,0,15,0,0,13
480001,1,1,1988,18,18,18,18,18,18,18,18,18,18
480002,0,1,1988,7,7,7,7,7,7,7,7,7,7
480002,1,1,1988,20,0,0,0,0,0,0,0,0,0
480003,1,1,1988,0,0,0,0,0,0,0,0,0,0
480003,2,1,1988,19,19,19,19,19,19,19,19,19,19
480004,0,1,1988,6,0,28,6,6,0,22,14,0,8
480004,0,2,1988,11,14,19,2,0,12,0,0,7,9
480004,1,1,1988,20,20,20,20,20,20,20,20,20,20
480005,0,1,1988,41,12,0,0,15,0,33,3,19,8
480005,1,1,1988,0,0,0,0,0,0,0,0,0,0
480006,0,1,1988,26,0,37,27,31,8,25,11,22,12
480006,1,1,1988,6,5,0,3,6,8,0,0,0,6
480007,0,1,1988,11,11,11,11,11,11,11,11,11,11
480007,1,1,1988,0,12,0,16,0,0,0,0,0,14
480008,0,1,1988,18,18,18,18,18,18,18,18,18,18
480008,1,1,1988,0,0,0,0,0,0,0,0,0,7
480009,1,1,1988,0,0,0,0,0,0,0,0,0,0
480009,2,1,1988,0,23,0,0,0,0,0,0,18,0
480010,0,1,1988,0,0,0,0,0,0,0,0,0,0
480010,1,1,1988,0,0,0,0,0,0,0,0,0,0
480011,1,1,1988,8,0,19,0,0,23,0,0,9,9
480011,2,1,1988,0,0,0,0,0,0,0,0,0,0
480012,1,1,1988,0,0,0,0,0,0,0,0,0,0
480012,2,1,1988,0,0,0,0,0,0,0,0,0,0
480013,1,1,1988,16,0,20,0,0,0,0,0,0,0
480014,1,1,1988,0,0,0,0,0,0,0,0,0,0
480014,2,1,1988,0,13,0,0,0,0,0,0,0,0
480015,0,1,1988,0,0,0,0,0,0,0,0,0,0
480015,1,1,1988,0,0,0,0,0,0,0,0,0,0
480015,3,1,1988,0,0,0,0,0,0,0,0,0,0
480016,1,1,1988,0,0,0,0,0,0,0,0,0,0
480016,2,1,1988,0,25,0,0,0,0,0,0,0,0
480017,1,1,1988,0,0,0,0,0,0,0,0,0,0
480017,2,1,1988,0,0,0,0,0,0,0,0,0,0
480018,1,1,1988,0,0,0,11,0,0,0,0,0,17
480018,2,1,1988,21,4,0,26,0,15,7,0,11,15
480019,1,1,1988,13,13,13,13,13,13,13,13,13,13
480020,1,1,1988,12,12,12,12,12,12,12,12,12,12
480021,1,1,1988,0,0,0,0,0,0,0,0,0,0
480021,2,1,1988,0,0,0,10,10,0,7,19,0,14
480022,1,1,1988,18,18,18,18,18,18,18,18,18,18
480023,1,1,1988,16,0,0,0,7,0,8,11,0,0
480024,1,1,1988,9,9,9,9,9,9,9,9,9,9
480025,1,1,1988,0,0,0,0,0,0,0,0,0,0
480025,2,1,1988,35,35,35,35,35,35,35,35,35,35
480026,1,1,1988,0,0,0,0,0,0,0,13,0,0
480026,2,1,1988,0,0,0,0,7,0,0,0,0,0
480027,1,1,1988,0,0,0,0,0,0,0,0,0,0
480027,2,1,1988,0,0,0,0,0,0,0,0,0,0
480028,1,1,1988,0,0,0,0,0,0,0,0,0,0
480029,1,1,1988,4,4,4,4,4,4,4,4,4,4
480029,2,1,1988,20,16,0,0,19,0,15,0,0,0
480030,1,1,1988,0,0,0,0,0,0,0,0,0,0
480030,2,1,1988,0,0,0,0,0,0,0,0,0,0
480031,1,1,1988,9,0,0,0,0,0,0,0,0,0
480031,2,1,1988,13,0,10,0,27,0,0,20,18,24
480032,1,1,1988,0,0,0,0,0,0,0,0,0,0
480032,2,1,1988,0,0,0,0,0,0,0,0,0,0
480033,0,1,1988,0,13,23,35,0,0,19,0,14,0
480033,1,1,1988,0,0,0,0,0,0,0,0,0,0
480034,1,1,1988,18,18,18,18,18,18,18,18,18,18
480035,1,1,1988,0,13,30,0,0,8,0,0,22,0
480035,2,1,1988,24,24,24,24,24,24,24,24,24,24
480036,1,1,1988,31,25,24,14,19,21,20,11,14,9
480036,2,1,1988,0,0,3,0,0,0,0,13,0,9
480037,1,1,1988,20,20,20,20,20,20,20,20,20,20
480037,2,1,1988,22,22,22,22,22,22,22,22,22,22
480038,1,1,1988,11,11,11,11,11,11,11,11,11,11
480039,1,1,1988,2,2,2,2,2,2,2,2,2,2
480040,1,1,1988,16,16,16,16,16,16,16,16,16,16
480041,1,1,1988,7,0,0,0,0,8,34,0,0,0
480041,2,1,1988,0,0,0,0,0,0,0,0,0,0
480042,1,1,1988,0,12,7,0,0,16,17,8,44,0
480042,2,1,1988,5,5,5,5,5,5,5,5,5,5
480043,1,1,1988,35,35,35,35,35,35,35,35,35,35
480043,2,1,1988,0,0,0,0,0,0,0,0,0,0
480044,1,1,1988,12,12,12,12,12,12,12,12,12,12
480045,1,1,1988,6,6,6,6,6,6,6,6,6,6
480046,0,1,1988,0,0,0,0,0,0,0,0,0,0
480046,1,1,1988,6,17,12,0,0,0,0,0,0,5
480047,1,1,1988,3,3,3,3,3,3,3,3,3,3
480048,0,1,1988,19,19,19,19,19,19,19,19,19,19
480048,1,1,1988,14,0,0,0,0,0,6,0,0,2
480049,1,1,1988,0,0,0,0,0,0,0,0,0,0
480049,2,1,1988,0,0,0,0,0,0,0,0,0,0
480050,1,1,1988,4,4,0,0,0,0,0,0,0,0
480050,2,1,1988,0,0,0,0,0,0,0,6,0,0
480051,1,1,1988,4,4,4,4,4,4,4,4,4,4
480052,1,1,1988,18,18,18,18,18,18,18,18,18,18
480053,0,1,1988,0,0,0,0,0,0,0,0,0,0
480053,1,1,1988,0,0,16,0,0,0,11,14,0,0
480054,1,1,1988,0,0,0,0,0,11,0,0,10,0
480054,2,1,1988,0,0,0,0,0,0,0,0,0,0
480055,1,1,1988,0,0,0,0,0,0,0,0,0,0
480055,2,1,1988,0,0,0,0,0,0,0,0,0,0
480056,1,1,1988,20,20,20,20,20,20,20,20,20,20
480057,1,1,1988,0,15,0,13,0,15,0,0,0,0
480057,2,1,1988,0,0,0,0,0,0,0,0,0,12
480058,1,1,1988,0,0,0,0,0,0,0,0,0,0
480058,2,1,1988,0,0,0,0,0,0,0,0,0,0
480059,1,1,1988,25,25,25,25,25,25,25,25,25,25
480060,1,1,1988,0,0,0,0,0,0,0,0,0,0
480061,1,1,1988,0,6,0,0,12,0,0,0,0,0
480062,1,1,1988,0,0,0,0,0,0,0,0,0,0
480063,1,1,1988,25,15,24,9,18,0,11,24,16,14
480064,1,1,1988,0,0,0,0,0,0,0,0,0,0
480065,1,1,1988,0,0,0,0,0,0,19,0,0,0
480065,2,1,1988,0,0,0,0,0,0,0,0,0,0
480065,3,1,1988,0,0,0,0,0,0,0,0,0,0
480066,1,1,1988,0,0,0,0,0,0,0,0,0,0
480066,2,1,1988,11,11,11,11,11,11,11,11,11,11
480067,1,1,1988,18,18,18,18,18,18,18,18,18,18
480067,2,1,1988,12,12,12,12,12,12,12,12,12,12
480068,1,1,1988,0,0,0,13,0,0,18,0,0,3
480068,2,1,1988,0,0,0,0,13,0,0,18,0,0
480069,0,1,1988,16,16,16,16,16,16,16,16,16,16
480069,1,1,1988,0,18,0,16,0,0,0,19,5,0
480070,1,1,1988,0,0,0,7,0,0,11,0,0,0
480071,1,1,1988,25,25,25,25,25,25,25,25,25,25
480072,0,1,1988,0,0,0,0,0,0,0,0,0,0
480072,1,1,1988,8,12,0,9,0,0,20,9,9,0
480073,1,1,1988,0,0,0,0,0,0,0,0,0,0
480073,2,1,1988,0,0,0,0,0,0,17,0,0,22
480074,0,1,1988,0,0,0,0,0,0,0,0,0,0