ST_CASE,VEH_NO,PER_NO,YEAR,P1,P2,P3,P4,P5,P6,P7,P8,P9,P10
480074,1,1,1988,13,4,27,0,8,0,16,0,0,0
480075,1,1,1988,20,20,20,20,20,20,20,20,20,20
480076,1,1,1988,0,0,0,0,0,0,0,0,0,0
480076,2,1,1988,0,0,0,0,0,0,0,4,0,0
480077,0,1,1988,0,0,0,0,0,0,0,0,0,0
480077,1,1,1988,13,17,0,0,0,0,0,0,0,0
480078,0,1,1988,21,21,21,21,21,21,21,21,21,21
480078,0,2,1988,12,10,25,22,0,15,19,0,4,15
480078,0,3,1988,13,13,0,8,3,42,0,24,19,19
480078,1,1,1988,0,0,9,21,0,0,0,0,0,0
480078,2,1,1988,0,0,0,0,0,0,0,0,0,0
480079,1,1,1988,0,0,0,0,0,0,0,0,19,0
480079,2,1,1988,0,0,18,0,15,0,0,0,0,0
480080,1,1,1988,26,26,26,26,26,26,26,26,26,26
480081,1,1,1988,0,0,0,0,0,0,0,6,0,0
480081,2,1,1988,14,14,14,14,14,14,14,14,14,14
480082,1,1,1988,0,0,0,0,0,0,0,0,0,0
480082,2,1,1988,3,3,3,3,3,3,3,3,3,3
480083,1,1,1988,26,26,26,26,26,26,26,26,26,26
480084,1,1,1988,0,0,0,0,17,0,0,0,0,0
480084,2,1,1988,7,0,0,0,0,0,0,0,0,0
480085,1,1,1988,7,11,14,28,13,15,27,8,19,4
480086,1,1,1988,12,12,12,12,12,12,12,12,12,12
480087,1,1,1988,0,0,0,0,0,0,0,0,0,0
480087,2,1,1988,0,0,0,0,0,0,0,0,0,0
480088,1,1,1988,39,39,39,39,39,39,39,39,39,39
480089,1,1,1988,22,24,15,13,15,0,12,30,23,10
480090,0,1,1988,0,0,0,0,0,0,0,0,0,0
480090,0,2,1988,0,0,0,0,0,0,0,0,0,0
480090,1,1,1988,0,0,0,14,0,7,0,0,16,0
480091,0,1,1988,30,0,0,0,0,0,0,0,0,25
480091,1,1,1988,0,0,0,0,0,0,0,0,0,0
480092,1,1,1988,9,9,9,9,9,9,9,9,9,9
480093,1,1,1988,28,28,28,28,28,28,28,28,28,28
480094,1,1,1988,11,11,11,11,11,11,11,11,11,11
480095,1,1,1988,0,0,0,0,0,0,0,0,0,0
480095,2,1,1988,11,11,11,11,11,11,11,11,11,11
480096,1,1,1988,25,25,25,25,25,25,25,25,25,25
480097,0,1,1988,15,15,23,17,0,19,17,33,13,7
480097,1,1,1988,0,0,0,0,0,0,0,0,0,0
480098,1,1,1988,17,17,17,28,11,23,11,5,8,15
480099,1,1,1988,15,15,15,15,15,15,15,15,15,15
480100,1,1,1988,0,0,0,0,0,0,0,0,24,0
480101,1,1,1988,0,0,0,0,0,0,0,0,0,0
480101,2,1,1988,0,0,0,0,0,0,0,0,0,0
480103,1,1,1988,18,0,26,0,19,15,15,17,24,29
480103,2,1,1988,24,24,25,14,12,6,32,13,36,31
480104,0,1,1988,0,0,0,0,0,0,0,0,0,0
480104,1,1,1988,0,0,0,0,0,0,0,0,0,0
480104,2,1,1988,0,0,0,0,20,0,0,0,23,0
480105,0,1,1988,6,6,6,6,6,6,6,6,6,6
480105,1,1,1988,17,0,0,0,0,0,0,0,17,0
480106,1,1,1988,10,3,12,11,21,32,11,11,25,17
480106,2,1,1988,0,0,0,0,0,0,0,0,0,0
480107,0,1,1988,0,0,0,0,0,0,0,0,0,0
480107,1,1,1988,0,0,0,0,0,0,0,0,13,0
480108,0,1,1988,0,0,0,0,0,0,0,0,0,12
480108,1,1,1988,0,0,0,23,21,10,0,0,0,0
480109,1,1,1988,0,0,0,0,0,0,0,0,0,0
480110,1,1,1988,0,0,0,0,0,0,11,0,0,0
480110,2,1,1988,0,0,0,0,0,0,0,0,0,0
480111,1,1,1988,0,11,0,0,0,0,0,0,16,0
480112,1,1,1988,0,0,0,0,0,0,0,0,0,0
480113,1,1,1988,0,0,0,0,0,0,0,0,0,0
480114,1,1,1988,16,16,16,16,16,16,16,16,16,16
480115,1,1,1988,0,0,0,0,0,0,0,0,0,0
480116,0,1,1988,0,0,0,0,0,0,0,0,0,0
480116,1,1,1988,16,0,0,0,16,0,0,0,0,0
480117,1,1,1988,0,0,0,0,0,0,0,0,0,0
480118,1,1,1988,0,0,18,10,20,0,17,0,33,17
480119,1,1,1988,0,0,0,0,0,0,0,0,0,0
480119,2,1,1988,8,0,0,0,0,0,0,0,0,0
480119,3,1,1988,0,0,0,0,0,0,0,0,0,0
480120,0,1,1988,16,16,16,16,16,16,16,16,16,16
480120,1,1,1988,0,0,4,9,5,6,14,20,5,0
480121,1,1,1988,33,30,26,23,17,19,9,11,27,22
480122,1,1,1988,0,0,13,14,0,13,0,18,20,34
480122,2,1,1988,22,22,22,22,22,22,22,22,22,22
480123,1,1,1988,9,11,8,16,5,0,19,25,10,0
480124,1,1,1988,0,0,0,0,0,0,0,0,0,0
480124,2,1,1988,0,0,0,0,0,0,0,0,0,0
480125,1,1,1988,14,14,14,14,14,14,14,14,14,14
480125,2,1,1988,0,0,0,0,22,0,0,0,0,0
480126,1,1,1988,0,0,0,0,0,0,0,0,0,0
480126,2,1,1988,0,0,0,0,0,0,0,5,0,0
480127,1,1,1988,13,13,13,13,13,13,13,13,13,13
480128,1,1,1988,0,0,0,0,0,0,0,0,0,0
480128,2,1,1988,0,0,0,0,0,0,0,0,0,0
480129,1,1,1988,12,13,19,0,19,15,23,21,21,14
480130,1,1,1988,6,29,19,0,15,18,14,32,11,0
480130,2,1,1988,0,0,8,0,0,16,0,0,18,4
480131,1,1,1988,0,0,0,0,0,19,0,0,25,0
480131,2,1,1988,0,0,0,0,8,12,4,21,0,0
480132,1,1,1988,29,29,29,29,29,29,29,29,29,29
480132,2,1,1988,12,23,0,8,0,0,0,0,5,0
480133,1,1,1988,28,28,28,28,28,28,28,28,28,28
480134,1,1,1988,0,0,0,0,0,14,0,0,0,0
480134,2,1,1988,0,0,0,14,0,0,0,0,0,0
480135,1,1,1988,16,16,16,16,16,16,16,16,16,16
480135,2,1,1988,35,13,0,0,26,0,12,12,16,28
480136,1,1,1988,35,35,35,35,35,35,35,35,35,35
480137,1,1,1988,0,0,0,0,0,0,0,0,0,0
480138,1,1,1988,13,13,13,13,13,13,13,13,13,13
480138,2,1,1988,10,10,10,10,10,10,10,10,10,10
480139,1,1,1988,3,3,3,3,3,3,3,3,3,3
480140,1,1,1988,0,0,0,0,0,0,0,0,0,0
480140,2,1,1988,0,0,0,0,0,0,0,0,0,0
480141,0,1,1988,40,15,0,15,19,8,15,37,19,13
480141,0,2,1988,0,0,0,0,0,0,0,0,0,0
480141,1,1,1988,0,0,11,0,0,0,0,0,0,0
480141,2,1,1988,0,0,0,0,0,0,0,0,0,0
480142,0,1,1988,14,14,14,14,14,14,14,14,14,14
480142,1,1,1988,0,0,0,0,0,7,0,0,0,0
480143,1,1,1988,0,0,13,19,17,0,0,0,0,0
480144,1,1,1988,13,12,18,14,7,19,29,32,27,5
480145,1,1,1988,23,17,16,12,6,0,16,12,24,10
480146,1,1,1988,0,0,0,0,0,0,0,0,0,0
480147,1,1,1988,0,0,0,22,0,0,0,0,0,11
480147,2,1,1988,0,0,0,8,3,0,0,0,0,0
480148,1,1,1988,0,0,0,0,0,0,0,0,0,0
480148,2,1,1988,0,0,0,0,0,0,0,0,0,0
480149,1,1,1988,0,0,0,0,0,0,0,0,20,0
480150,1,1,1988,17,17,17,17,17,17,17,17,17,17
480151,1,1,1988,0,0,0,0,0,0,0,0,0,0
480151,2,1,1988,0,0,0,0,0,6,0,0,0,0
480152,1,1,1988,4,16,0,0,17,25,0,0,0,0
480152,2,1,1988,0,0,0,0,0,0,0,0,0,0
480153,1,1,1988,0,0,0,0,0,0,0,0,0,0
480154,0,1,1988,27,27,27,27,27,27,27,27,27,27
480154,1,1,1988,0,0,14,7,5,0,0,4,0,6
480155,1,1,1988,38,23,12,16,27,0,24,18,26,25
480156,1,1,1988,25,25,25,25,25,25,25,25,25,25
480156,2,1,1988,11,11,11,11,11,11,11,11,11,11
480157,1,1,1988,0,0,0,0,0,0,0,0,0,0
480158,1,1,1988,0,0,0,0,0,0,0,0,0,0
480159,1,1,1988,0,18,0,0,0,9,0,0,0,0
480159,2,1,1988,0,14,0,11,0,0,17,0,0,0
480159,3,1,1988,0,0,15,0,0,0,0,0,13,0
480160,1,1,1988,8,21,20,39,16,17,32,19,8,23
480161,1,1,1988,0,0,0,0,0,6,0,0,0,0
480161,2,1,1988,0,0,0,0,0,0,3,0,0,0
480162,0,1,1988,0,0,0,0,0,0,0,0,0,0
480162,1,1,1988,0,0,11,0,0,0,0,0,0,0
480163,0,1,1988,0,0,0,0,0,0,0,0,0,0
480163,1,1,1988,0,15,0,0,0,5,0,0,0,0
480164,1,1,1988,7,7,7,7,7,7,7,7,7,7
480165,0,1,1988,0,0,0,0,0,0,0,0,0,0
480165,1,1,1988,0,0,0,0,0,0,0,0,0,0
480166,1,1,1988,19,19,19,19,19,19,19,19,19,19
480166,2,1,1988,0,0,0,0,0,0,0,0,0,0
480167,1,1,1988,31,31,31,31,31,31,31,31,31,31
480168,1,1,1988,1,1,1,1,1,1,1,1,1,1
480168,2,1,1988,0,0,0,0,0,0,0,0,12,0
480169,1,1,1988,51,25,22,0,12,34,10,20,0,46
480169,2,1,1988,0,0,0,0,0,0,0,0,0,0
480170,0,1,1988,15,15,15,15,15,15,15,15,15,15
480170,1,1,1988,20,25,3,26,0,0,15,10,16,0
480171,1,1,1988,20,22,15,10,9,9,0,26,12,22
480172,1,1,1988,23,23,23,23,23,23,23,23,23,23
480173,1,1,1988,18,18,18,18,18,18,18,18,18,18
480174,0,1,1988,0,0,0,0,0,0,0,0,0,0
480174,1,1,1988,0,0,0,0,11,0,12,0,0,0
480175,1,1,1988,21,21,21,21,21,21,21,21,21,21
480176,1,1,1988,12,12,12,12,12,12,12,12,12,12
480176,2,1,1988,14,14,14,14,14,14,14,14,14,14
480177,1,1,1988,14,14,14,14,14,14,14,14,14,14
480178,1,1,1988,10,10,10,10,10,10,10,10,10,10
480179,1,1,1988,13,13,13,13,13,13,13,13,13,13
480180,1,1,1988,15,15,15,15,15,15,15,15,15,15
480181,1,1,1988,0,0,0,0,0,0,0,0,0,0
480181,2,1,1988,5,5,5,5,5,5,5,5,5,5
480182,1,1,1988,0,0,0,0,0,0,0,0,0,0
480183,1,1,1988,14,14,14,14,14,14,14,14,14,14
480184,1,1,1988,0,0,0,0,0,0,0,0,0,0
480185,1,1,1988,0,0,0,0,0,0,0,0,0,0
480185,2,1,1988,0,0,0,0,0,0,0,0,0,0
480186,1,1,1988,11,12,17,23,14,17,12,23,24,10
480187,1,1,1988,32,32,32,32,32,32,32,32,32,32
480187,2,1,1988,0,0,0,0,0,0,0,0,0,0
480188,1,1,1988,0,0,0,0,0,0,0,0,0,0
480188,2,1,1988,7,7,7,7,7,7,7,7,7,7
480189,1,1,1988,22,22,22,22,22,22,22,22,22,22
480190,1,1,1988,0,0,0,0,0,0,0,0,0,0
480191,1,1,1988,0,0,14,0,36,0,0,0,8,0
480192,1,1,1988,9,9,9,9,9,9,9,9,9,9
480193,1,1,1988,24,0,0,5,0,0,0,0,0,0
480193,2,1,1988,0,0,0,0,0,0,12,0,0,0
480194,1,1,1988,0,0,0,6,0,0,0,0,0,0
480194,2,1,1988,0,0,0,0,0,0,0,0,0,0
480195,0,1,1988,0,0,0,0,0,0,0,0,0,0
480195,1,1,1988,0,0,0,0,0,0,0,0,0,0
480196,1,1,1988,16,0,0,0,12,16,11,0,0,0
480197,1,1,1988,0,12,20,0,6,0,20,10,0,0
480197,2,1,1988,0,0,0,21,16,0,0,0,0,0
480198,1,1,1988,3,3,3,3,3,3,3,3,3,3
480199,1,1,1988,34,34,34,34,34,34,34,34,34,34
480200,0,1,1988,0,0,0,0,0,0,0,0,0,0
480200,1,1,1988,0,0,0,0,0,0,0,0,15,0
480201,1,1,1988,11,11,11,11,11,11,11,11,11,11
480201,2,1,1988,0,16,28,0,0,0,0,0,0,0
480202,1,1,1988,6,6,6,6,6,6,6,6,6,6
480203,1,1,1988,24,24,24,24,24,24,24,24,24,24
480204,1,1,1988,32,32,32,32,32,32,32,32,32,32
480205,1,1,1988,0,0,0,0,0,0,0,0,0,0
480205,2,1,1988,0,0,0,0,0,0,0,0,0,0
480206,1,1,1988,0,0,0,0,0,0,0,8,0,0
480207,1,1,1988,0,0,0,17,0,0,0,0,0,0
480207,2,1,1988,0,9,0,0,0,15,26,20,9,0
480207,3,1,1988,0,0,23,7,0,0,22,12,9,0
480208,1,1,1988,5,5,5,5,5,5,5,5,5,5
480209,0,1,1988,24,24,24,24,24,24,24,24,24,24
480209,1,1,1988,0,0,0,7,0,0,0,5,0,0
480210,1,1,1988,0,19,0,0,0,0,0,0,0,0
480210,2,1,1988,0,0,0,9,0,0,11,0,26,0
480211,1,1,1988,0,0,24,13,18,0,0,0,0,0
480211,2,1,1988,0,0,0,0,0,0,0,0,0,0
480212,1,1,1988,0,0,0,0,0,0,0,0,19,0
480212,2,1,1988,5,0,0,0,0,0,0,0,0,0
480213,1,1,1988,0,0,0,0,0,0,0,0,0,0
480213,2,1,1988,17,17,17,17,17,17,17,17,17,17
480214,0,1,1988,0,0,0,0,0,40,37,0,0,0
480214,1,1,1988,0,0,0,0,0,0,0,0,0,0
480215,1,1,1988,19,0,0,0,17,40,0,0,18,0
480216,1,1,1988,14,14,14,14,14,14,14,14,14,14
480216,2,1,1988,7,7,7,7,7,7,7,7,7,7
480217,1,1,1988,7,7,7,7,7,7,7,7,7,7
480218,1,1,1988,10,0,0,0,0,0,0,0,18,0
480219,1,1,1988,0,0,0,0,0,0,0,0,0,0
480220,0,1,1988,0,0,0,22,24,0,0,0,0,5
480220,1,1,1988,0,0,0,0,0,0,0,0,0,0
480221,0,1,1988,0,0,0,0,0,0,0,0,0,0
480221,1,1,1988,17,2,0,0,0,0,0,17,0,0
480222,1,1,1988,0,12,0,0,0,0,19,0,20,0
480223,1,1,1988,16,16,16,16,16,16,16,16,16,16
480224,1,1,1988,0,0,0,0,0,0,0,0,0,0
480224,2,1,1988,0,0,0,0,0,0,0,0,0,0
480225,0,1,1988,0,0,0,0,0,0,0,0,0,0
480225,1,1,1988,0,0,0,0,0,0,0,15,3,18
480226,1,1,1988,15,15,15,15,15,15,15,15,15,15
480226,2,1,1988,0,0,0,0,0,0,0,0,0,0
480227,1,1,1988,16,9,0,24,9,0,22,27,12,5
480228,1,1,1988,35,35,35,35,35,35,35,35,35,35
480229,1,1,1988,8,8,8,8,8,8,8,8,8,8
480230,1,1,1988,21,21,21,21,21,21,21,21,21,21
480231,1,1,1988,9,9,9,9,9,9,9,9,9,9
480232,1,1,1988,15,13,24,21,17,16,0,0,23,35
480233,1,1,1988,0,31,0,0,0,0,0,0,0,0
480233,2,1,1988,4,0,0,0,0,0,0,0,0,17
480234,0,1,1988,31,31,31,31,31,31,31,31,31,31
480234,1,1,1988,9,5,3,0,35,0,30,16,0,0
480235,1,1,1988,0,0,0,0,0,0,0,0,0,0
480236,1,1,1988,0,0,0,0,0,0,0,0,0,0
480237,1,1,1988,18,18,18,18,18,18,18,18,18,18
480238,1,1,1988,11,11,11,11,11,11,11,11,11,11
480239,1,1,1988,0,0,0,0,0,0,0,0,0,0
480239,2,1,1988,0,0,0,0,0,0,0,0,0,0
480240,1,1,1988,28,28,28,28,28,28,28,28,28,28
480241,1,1,1988,27,27,27,27,27,27,27,27,27,27
480242,1,1,1988,0,0,0,0,0,0,0,0,0,0
480242,2,1,1988,4,4,4,4,4,4,4,4,4,4
480243,1,1,1988,17,17,17,17,17,17,17,17,17,17
480243,2,1,1988,5,21,0,0,0,0,0,10,0,0
480243,3,1,1988,0,0,0,0,15,0,0,0,27,12
480244,1,1,1988,19,21,0,27,14,15,18,14,0,34
480245,1,1,1988,0,0,0,0,0,0,0,0,0,0
480245,2,1,1988,0,0,0,0,0,0,0,0,0,0
480246,0,1,1988,0,0,0,0,0,6,0,0,0,0
480246,1,1,1988,0,0,0,0,0,0,0,0,0,0
480247,1,1,1988,16,16,16,16,16,16,16,16,16,16
480247,2,1,1988,3,3,3,3,3,3,3,3,3,3
480248,1,1,1988,0,0,0,0,0,0,0,0,0,0
480248,2,1,1988,0,0,0,0,0,0,0,0,0,0
480249,1,1,1988,21,24,19,0,0,0,26,0,0,21
480250,1,1,1988,0,0,0,0,0,0,0,0,0,0
480251,1,1,1988,0,0,0,0,0,0,0,0,0,0
480251,2,1,1988,0,0,0,0,0,0,0,0,0,0
480252,1,1,1988,0,0,0,0,0,0,0,0,0,0
480252,2,1,1988,0,0,0,0,0,0,0,0,0,0
480253,1,1,1988,12,12,12,12,12,12,12,12,12,12
480254,0,1,1988,0,0,0,0,0,0,0,0,16,27
480254,1,1,1988,0,0,32,24,0,16,6,0,8,0
480255,1,1,1988,16,17,49,20,19,28,0,18,27,15
480256,1,1,1988,0,16,15,0,10,0,20,13,6,27
480257,1,1,1988,0,0,0,0,0,0,0,0,0,0
480257,2,1,1988,0,0,0,0,0,0,0,0,0,0
480258,1,1,1988,24,24,24,24,24,24,24,24,24,24
480258,2,1,1988,0,0,0,0,0,0,0,0,0,0
480259,1,1,1988,0,0,0,0,0,0,0,0,0,0
480259,2,1,1988,0,0,0,0,0,0,0,0,0,0
480260,1,1,1988,0,0,0,0,0,0,0,0,0,0
480261,1,1,1988,0,9,25,14,29,0,11,0,25,20
480261,2,1,1988,0,0,0,0,0,0,0,0,0,0
480262,1,1,1988,0,0,0,0,0,0,0,0,0,0
480262,2,1,1988,12,12,12,12,12,12,12,12,12,12
480263,0,1,1988,0,0,0,0,0,0,0,0,0,0
480263,1,1,1988,0,17,0,0,0,0,0,0,9,0
480264,2,1,1988,0,0,0,6,0,0,0,0,0,0
480265,1,1,1988,3,3,3,3,3,3,3,3,3,3
480266,0,1,1988,14,14,14,14,14,14,14,14,14,14
480266,1,1,1988,0,0,0,0,0,0,0,0,0,0
480267,1,1,1988,11,0,0,25,24,13,9,0,0,0
480268,0,1,1988,0,0,0,0,0,0,0,0,0,0
480268,1,1,1988,0,0,0,9,0,0,0,0,2,0
480269,0,1,1988,15,53,0,22,26,4,3,0,11,8
480269,0,2,1988,0,0,0,0,0,0,0,0,0,0
480269,1,1,1988,10,10,10,10,10,10,10,10,10,10
480270,0,1,1988,32,32,32,32,32,32,32,32,32,32
480270,1,1,1988,25,19,0,0,0,0,7,6,0,0
480271,1,1,1988,9,9,9,9,9,9,9,9,9,9
480271,2,1,1988,0,0,0,0,0,0,0,0,0,0
480272,0,1,1988,0,36,0,0,38,0,18,0,32,8
480272,1,1,1988,0,0,0,0,0,0,0,0,0,0
480273,1,1,1988,4,4,4,4,4,4,4,4,4,4
480273,2,1,1988,13,0,9,13,0,0,17,0,40,0
480274,1,1,1988,12,12,12,12,12,12,12,12,12,12
480275,0,1,1988,0,0,0,0,0,0,0,0,0,0
480275,1,1,1988,0,0,0,0,0,0,0,0,0,0
480276,0,1,1988,0,0,0,0,0,0,0,0,0,0
480276,1,1,1988,0,0,0,0,0,0,0,0,0,0
480277,0,1,1988,0,0,0,0,10,0,0,15,26,7
480277,1,1,1988,0,0,0,0,0,0,0,18,0,22
480278,1,1,1988,6,6,6,6,6,6,6,6,6,6
480279,1,1,1988,16,16,16,16,16,16,16,16,16,16
480280,1,1,1988,8,8,8,8,8,8,8,8,8,8
480281,1,1,1988,0,18,24,0,11,0,8,11,0,0
480281,2,1,1988,0,0,0,9,0,0,7,0,0,0
480282,1,1,1988,13,13,13,13,13,13,13,13,13,13
480283,1,1,1988,19,15,26,9,20,17,16,0,4,16
480284,1,1,1988,0,0,0,0,0,0,0,0,0,0
480284,2,1,1988,0,0,0,0,0,0,0,0,0,0
480284,3,1,1988,30,30,30,30,30,30,30,30,30,30
480285,1,1,1988,0,0,0,18,0,0,0,0,0,0
480286,1,1,1988,0,0,0,0,0,0,0,0,0,0
480286,2,1,1988,0,0,0,0,0,0,0,0,0,0
480287,0,1,1988,0,0,0,0,0,0,0,0,0,0
480287,0,2,1988,0,0,0,0,0,0,0,0,0,0
480287,1,1,1988,32,32,32,32,32,32,32,32,32,32
480287,2,1,1988,0,0,0,0,0,22,0,0,0,0
480288,1,1,1988,11,11,11,11,11,11,11,11,11,11
480289,1,1,1988,0,12,0,16,0,0,0,0,19,0
480289,2,1,1988,0,0,0,0,12,0,0,0,0,24
480290,1,1,1988,20,20,20,20,20,20,20,20,20,20
480291,1,1,1988,28,28,28,28,28,28,28,28,28,28
480291,2,1,1988,0,0,0,0,0,0,4,0,0,4
480292,1,1,1988,0,0,0,0,0,0,0,0,0,0
480292,2,1,1988,0,0,0,0,0,0,0,0,0,0
480293,0,1,1988,0,0,0,0,0,0,0,0,0,0
480293,1,1,1988,0,0,0,0,0,0,0,0,0,0
480294,1,1,1988,16,16,16,16,16,16,16,16,16,16
480295,1,1,1988,0,0,0,0,0,0,0,0,0,0
480295,2,1,1988,12,0,0,0,0,24,0,0,0,0
480296,1,1,1988,0,0,8,0,0,0,0,0,0,0
480296,2,1,1988,0,0,0,0,0,0,0,0,0,0
480297,1,1,1988,0,0,0,0,0,0,0,0,0,0
480297,2,1,1988,0,0,22,0,4,0,5,29,0,29
480298,1,1,1988,19,19,19,19,19,19,19,19,19,19
480299,1,1,1988,20,20,20,20,20,20,20,20,20,20
480300,1,1,1988,0,0,0,5,0,0,0,0,0,0
480300,2,1,1988,0,0,17,0,0,4,0,0,0,0
480301,1,1,1988,0,0,0,0,0,0,0,0,0,0
480302,1,1,1988,17,17,17,17,17,17,17,17,17,17
480302,2,1,1988,0,0,0,0,0,0,0,0,0,0
480303,1,1,1988,10,10,10,10,10,10,10,10,10,10
480303,2,1,1988,1,1,1,1,1,1,1,1,1,1
480304,1,1,1988,17,17,17,17,17,17,17,17,17,17
480305,1,1,1988,33,33,33,33,33,33,33,33,33,33
480306,1,1,1988,33,33,33,33,33,33,33,33,33,33
480306,2,1,1988,0,10,14,5,2,0,2,16,7,20
480307,1,1,1988,4,4,4,4,4,4,4,4,4,4
480308,0,1,1988,21,21,21,21,21,21,21,21,21,21
480308,1,1,1988,9,0,0,0,0,0,0,18,0,0
480308,2,1,1988,7,0,0,15,0,0,9,0,0,16
480310,1,1,1988,0,17,17,16,0,0,14,0,12,0
480311,1,1,1988,13,21,30,33,11,24,23,26,15,26
480312,1,1,1988,0,0,0,0,0,0,0,0,0,0
480312,2,1,1988,0,0,0,0,3,0,0,0,0,0
480313,1,1,1988,22,22,22,22,22,22,22,22,22,22
480314,1,1,1988,0,5,0,0,0,10,0,0,12,0
480314,2,1,1988,0,0,0,0,0,0,0,0,0,0
480315,1,1,1988,0,0,0,0,0,0,0,0,0,0
480315,2,1,1988,0,0,27,7,0,0,9,0,0,0
480316,0,1,1988,0,0,0,0,0,0,0,0,0,0
480316,1,1,1988,0,0,0,0,0,0,0,0,0,0
480317,1,1,1988,0,0,0,0,0,0,0,0,11,0
480317,2,1,1988,0,23,0,7,0,10,0,12,0,0
480318,1,1,1988,0,0,0,0,0,0,0,0,0,0
480318,2,1,1988,0,0,0,0,0,0,0,0,0,0
480319,1,1,1988,0,0,0,0,0,0,0,0,0,0
480320,1,1,1988,9,9,9,9,9,9,9,9,9,9
480320,2,1,1988,0,13,0,0,0,0,0,0,0,0
480321,1,1,1988,14,14,14,14,14,14,14,14,14,14
480322,1,1,1988,0,0,0,0,0,0,0,0,0,0
480322,2,1,1988,0,0,0,0,0,0,0,0,0,0
480323,1,1,1988,5,0,0,0,0,0,15,0,0,0
480323,2,1,1988,0,0,13,0,0,31,10,0,0,0
480324,1,1,1988,23,23,23,23,23,23,23,23,23,23
480324,2,1,1988,20,0,3,0,0,0,0,0,9,0
480324,3,1,1988,0,0,5,0,7,0,0,0,0,0
480324,4,1,1988,0,10,30,0,7,0,0,0,15,0
480325,1,1,1988,0,20,0,0,0,0,0,0,0,0
480325,2,1,1988,13,13,13,13,13,13,13,13,13,13
480326,1,1,1988,0,0,0,0,0,0,0,0,0,0
480326,2,1,1988,0,0,0,17,0,0,17,0,0,4
480327,1,1,1988,0,4,0,0,28,0,0,0,0,0
480327,2,1,1988,0,0,0,0,0,0,0,0,0,0
480328,1,1,1988,0,6,0,0,0,0,0,0,0,11
480328,2,1,1988,0,0,0,0,0,0,0,0,0,0
480329,1,1,1988,0,0,0,0,0,0,0,0,0,0
480330,1,1,1988,0,14,11,18,6,28,0,11,0,12
480331,1,1,1988,0,20,0,15,31,0,0,0,13,25
480332,1,1,1988,19,19,19,19,19,19,19,19,19,19
480333,1,1,1988,10,10,10,10,10,10,10,10,10,10
480334,1,1,1988,0,0,0,0,0,0,0,0,0,0
480334,2,1,1988,9,0,0,0,25,0,0,0,0,0
480335,1,1,1988,0,0,0,0,0,0,0,0,0,0
480335,2,1,1988,0,0,0,0,0,0,0,0,0,0
480336,1,1,1988,21,0,0,0,0,0,0,0,0,0
480336,2,1,1988,0,0,0,0,0,0,0,0,0,0
480337,1,1,1988,0,0,0,0,0,0,0,0,0,0
480337,2,1,1988,0,0,0,0,12,0,0,20,0,0
480338,1,1,1988,16,16,16,16,16,16,16,16,16,16
480339,1,1,1988,15,14,21,13,8,10,23,0,0,0
480340,1,1,1988,0,0,0,0,0,0,0,0,0,0
480340,2,1,1988,0,0,0,0,0,0,0,0,0,0
480341,1,1,1988,10,10,10,10,10,10,10,10,10,10
480341,2,1,1988,0,0,0,0,0,0,0,12,0,0
480342,1,1,1988,28,28,28,28,28,28,28,28,28,28
480343,1,1,1988,0,0,0,0,0,0,0,0,0,0
480343,2,1,1988,0,0,0,0,0,0,0,0,0,0
480344,0,1,1988,6,6,6,6,6,6,6,6,6,6
480344,1,1,1988,0,17,7,0,0,0,22,0,0,26
480345,1,1,1988,0,0,0,0,0,0,0,0,0,0
480346,1,1,1988,11,11,11,11,11,11,11,11,11,11
480346,2,1,1988,12,0,17,17,0,19,0,0,17,15
480347,1,1,1988,23,23,23,23,23,23,23,23,23,23
480348,1,1,1988,18,18,18,18,18,18,18,18,18,18
480349,1,1,1988,9,9,9,9,9,9,9,9,9,9
480350,1,1,1988,0,0,0,0,0,0,0,0,0,0
480350,2,1,1988,0,2,9,0,0,0,3,0,21,16
480351,0,1,1988,0,0,0,0,0,0,0,0,0,0
480351,1,1,1988,0,0,0,0,0,0,0,0,0,0
480352,0,1,1988,0,0,0,0,6,0,0,0,0,0
480352,1,1,1988,0,0,0,0,0,0,0,0,0,0
480353,1,1,1988,11,11,11,11,11,11,11,11,11,11
480354,1,1,1988,20,9,8,23,25,10,31,20,9,9
480355,1,1,1988,8,8,8,8,8,8,8,8,8,8
480356,0,1,1988,20,29,24,12,10,31,19,25,41,0
480356,1,1,1988,26,3,21,14,0,19,0,9,0,17
480357,0,1,1988,4,4,4,4,4,4,4,4,4,4
480357,1,1,1988,0,0,0,0,0,0,0,0,0,0
480358,1,1,1988,10,10,10,10,10,10,10,10,10,10
480358,2,1,1988,0,0,0,0,0,0,0,0,0,0
480359,0,1,1988,0,0,0,0,0,0,0,0,0,0
480359,1,1,1988,14,0,4,9,0,0,0,0,0,0
480360,1,1,1988,0,0,0,0,0,25,17,0,0,0
480361,0,1,1988,0,0,0,0,0,0,0,12,0,0