ST_CASE,VEH_NO,PER_NO,YEAR,P1,P2,P3,P4,P5,P6,P7,P8,P9,P10
480648,1,1,1988,0,0,14,5,19,0,0,0,0,0
480648,2,1,1988,0,0,0,0,0,0,0,0,0,0
480649,1,1,1988,17,17,17,17,17,17,17,17,17,17
480650,1,1,1988,0,0,0,0,0,0,0,0,0,0
480651,1,1,1988,0,0,27,0,17,0,0,0,15,0
480652,1,1,1988,30,30,30,30,30,30,30,30,30,30
480652,2,1,1988,0,0,0,0,0,0,0,0,0,0
480652,3,1,1988,0,0,0,0,0,0,6,0,0,0
480653,1,1,1988,0,7,0,0,0,0,0,10,0,10
480653,2,1,1988,0,0,0,0,0,0,0,0,0,0
480654,1,1,1988,30,0,25,0,0,0,21,28,22,8
480655,1,1,1988,11,25,20,10,6,13,15,8,34,8
480656,1,1,1988,0,0,0,0,0,0,0,0,0,0
480656,2,1,1988,0,0,0,0,0,0,0,0,0,0
480657,1,1,1988,19,6,0,19,0,0,30,14,5,7
480657,2,1,1988,0,0,0,0,0,0,0,0,0,0
480658,1,1,1988,0,0,0,0,0,0,0,0,0,0
480658,2,1,1988,0,0,0,0,0,0,0,0,0,0
480658,3,1,1988,0,0,0,0,0,0,0,0,0,0
480658,4,1,1988,0,0,0,0,0,0,0,0,0,0
480659,1,1,1988,7,4,8,11,16,17,0,1,22,18
480660,1,1,1988,0,0,0,0,0,0,0,0,0,0
480660,2,1,1988,0,0,0,0,0,0,0,0,3,0
480661,1,1,1988,2,2,2,2,2,2,2,2,2,2
480662,1,1,1988,17,17,17,17,17,17,17,17,17,17
480663,1,1,1988,0,22,17,13,0,13,9,22,16,0
480664,0,1,1988,14,23,27,16,0,49,0,44,11,25
480664,0,2,1988,0,0,0,0,0,0,0,0,0,0
480664,0,3,1988,0,13,0,18,0,24,0,20,13,10
480664,0,4,1988,15,0,0,33,5,11,37,25,18,0
480664,1,1,1988,0,0,0,0,0,0,0,0,0,0
480665,1,1,1988,0,0,0,0,0,0,0,0,0,0
480665,2,1,1988,0,0,0,7,0,0,0,0,0,0
480666,1,1,1988,23,23,23,23,23,23,23,23,23,23
480667,1,1,1988,0,0,0,0,0,0,0,0,0,0
480667,2,1,1988,0,0,0,0,0,0,0,0,0,0
480668,1,1,1988,19,19,0,28,0,0,0,0,0,0
480668,2,1,1988,0,0,0,0,0,0,0,0,0,0
480669,1,1,1988,15,15,15,15,15,15,15,15,15,15
480669,3,1,1988,6,15,0,0,0,11,11,0,0,15
480670,1,1,1988,0,15,13,0,22,7,24,0,0,0
480671,1,1,1988,0,0,0,0,0,0,0,0,0,0
480672,1,1,1988,6,22,0,0,0,10,12,22,14,11
480673,1,1,1988,4,4,4,4,4,4,4,4,4,4
480674,1,1,1988,0,0,0,0,0,0,0,0,0,0
480674,2,1,1988,0,0,0,0,12,16,18,0,0,16
480675,1,1,1988,7,12,6,6,24,6,6,0,14,4
480676,1,1,1988,20,18,0,0,0,0,0,21,0,0
480676,2,1,1988,0,13,17,22,0,0,0,0,16,0
480676,3,1,1988,0,0,2,17,27,17,21,0,0,11
480677,1,1,1988,28,27,8,13,7,28,11,22,20,21
480678,1,1,1988,0,20,11,0,22,0,10,0,31,0
480678,2,1,1988,0,0,7,0,0,0,0,0,0,0
480679,1,1,1988,0,0,0,0,0,0,0,0,0,0
480679,2,1,1988,0,0,0,0,0,0,0,0,0,0
480680,1,1,1988,3,3,3,3,3,3,3,3,3,3
480680,2,1,1988,0,0,0,0,0,0,0,0,0,0
480681,0,1,1988,0,0,0,0,0,0,0,0,0,0
480681,0,2,1988,0,0,10,0,3,0,1,0,39,0
480681,1,1,1988,0,0,0,0,0,0,0,0,0,0
480682,0,1,1988,0,0,0,0,0,0,0,0,0,0
480682,1,1,1988,32,9,0,24,0,0,0,0,2,0
480683,1,1,1988,6,27,24,23,23,12,27,11,10,24
480683,2,1,1988,0,0,0,0,0,0,0,0,0,0
480684,1,1,1988,0,0,8,0,0,0,13,0,14,25
480684,2,1,1988,15,15,15,15,15,15,15,15,15,15
480685,0,1,1988,0,0,0,0,0,0,0,0,0,0
480685,1,1,1988,0,0,9,9,0,0,0,7,0,0
480686,1,1,1988,19,11,0,0,6,0,0,37,0,7
480686,2,1,1988,9,9,9,9,9,9,9,9,9,9
480687,1,1,1988,15,8,31,9,14,14,3,23,4,17
480688,1,1,1988,0,0,0,0,0,0,0,0,0,0
480688,2,1,1988,0,0,0,0,0,0,0,0,0,0
480689,0,1,1988,19,19,19,19,19,19,19,19,19,19
480689,1,1,1988,0,0,0,0,0,0,0,0,0,0
480690,1,1,1988,0,0,0,0,0,0,0,0,0,0
480690,2,1,1988,0,0,0,0,0,8,0,0,0,0
480691,1,1,1988,10,10,10,10,10,10,10,10,10,10
480691,2,1,1988,7,3,0,9,22,25,0,15,7,7
480692,1,1,1988,0,0,0,0,0,0,21,0,0,0
480692,2,1,1988,3,0,0,0,0,8,0,10,17,0
480693,1,1,1988,9,9,9,9,9,9,9,9,9,9
480694,1,1,1988,25,25,25,25,25,25,25,25,25,25
480695,1,1,1988,0,0,0,0,0,0,0,0,0,0
480695,2,1,1988,0,0,0,0,0,0,0,0,0,0
480696,1,1,1988,16,16,16,16,16,16,16,16,16,16
480696,2,1,1988,0,0,0,0,0,0,0,24,22,0
480697,1,1,1988,16,16,16,16,16,16,16,16,16,16
480698,1,1,1988,24,0,0,15,0,0,9,0,0,0
480699,1,1,1988,0,0,0,0,0,0,0,0,0,0
480699,2,1,1988,0,0,0,0,0,0,0,0,0,0
480700,0,1,1988,0,0,0,0,0,0,0,0,0,0
480700,1,1,1988,0,0,0,0,0,0,0,0,0,0
480701,1,1,1988,0,0,0,0,0,0,0,0,0,0
480702,1,1,1988,0,25,0,0,0,0,0,0,11,0
480702,2,1,1988,0,0,0,0,0,0,0,0,0,0
480703,1,1,1988,12,12,12,12,12,12,12,12,12,12
480704,1,1,1988,20,20,20,20,20,20,20,20,20,20
480705,1,1,1988,8,8,8,8,8,8,8,8,8,8
480705,2,1,1988,0,9,12,0,0,21,19,14,9,0
480706,1,1,1988,4,25,33,13,16,12,12,21,12,19
480707,0,1,1988,36,25,29,0,32,34,0,13,0,19
480707,1,1,1988,0,0,0,0,0,0,0,0,0,0
480708,1,1,1988,0,0,0,0,0,0,0,0,0,0
480708,2,1,1988,0,0,0,13,18,0,0,0,0,0
480709,1,1,1988,0,0,0,0,0,0,0,0,0,0
480709,2,1,1988,31,31,31,31,31,31,31,31,31,31
480710,1,1,1988,15,15,15,15,15,15,15,15,15,15
480711,1,1,1988,17,17,17,17,17,17,17,17,17,17
480712,0,1,1988,23,23,23,23,23,23,23,23,23,23
480712,1,1,1988,0,0,11,0,16,0,3,0,6,0
480713,1,1,1988,0,0,7,0,0,0,0,14,0,0
480713,2,1,1988,0,6,0,0,0,9,0,13,0,0
480714,1,1,1988,0,0,0,0,0,0,0,0,0,0
480714,2,1,1988,3,3,3,3,3,3,3,3,3,3
480715,1,1,1988,26,26,26,26,26,26,26,26,26,26
480715,2,1,1988,0,0,0,0,3,0,0,0,0,0
480716,0,1,1988,0,0,0,0,0,0,0,0,0,0
480716,1,1,1988,0,0,0,0,0,0,0,0,0,0
480717,1,1,1988,0,0,13,0,0,4,0,0,7,0
480718,1,1,1988,0,0,0,0,0,0,17,0,0,0
480718,2,1,1988,0,0,0,0,0,0,0,0,0,0
480719,1,1,1988,0,20,0,40,0,0,0,0,0,18
480719,2,1,1988,34,34,34,34,34,34,34,34,34,34
480720,0,1,1988,0,4,0,0,0,0,0,0,0,0
480720,1,1,1988,0,0,0,0,0,0,0,0,0,0
480720,2,1,1988,0,10,0,0,0,0,13,16,0,0
480721,1,1,1988,12,14,0,0,0,0,0,0,0,0
480721,2,1,1988,0,0,0,0,0,0,0,0,0,0
480722,0,1,1988,0,0,0,0,0,0,0,0,0,0
480722,1,1,1988,0,7,0,0,0,0,0,0,22,0
480723,0,1,1988,22,16,0,5,17,28,9,37,36,20
480723,1,1,1988,0,0,0,0,0,0,0,0,0,0
480724,1,1,1988,12,12,12,12,12,12,12,12,12,12
480725,1,1,1988,0,0,0,0,0,0,0,0,0,0
480725,2,1,1988,0,0,0,0,0,0,0,0,0,0
480726,1,1,1988,27,27,27,27,27,27,27,27,27,27
480727,0,1,1988,14,15,25,0,28,27,0,22,0,7
480727,1,1,1988,0,0,0,0,0,0,0,0,20,0
480728,0,1,1988,0,0,0,0,0,0,0,0,0,0
480728,1,1,1988,1,1,1,1,1,1,1,1,1,1
480729,0,1,1988,0,0,0,0,0,0,0,0,0,0
480729,1,1,1988,27,34,0,0,0,0,8,12,0,0
480730,0,1,1988,13,30,0,0,0,26,10,0,15,13
480730,1,1,1988,0,0,0,0,0,0,0,0,0,0
480731,0,1,1988,0,0,0,0,0,0,0,0,0,0
480731,1,1,1988,0,0,0,0,0,0,0,0,0,0
480732,1,1,1988,29,29,29,29,29,29,29,29,29,29
480733,1,1,1988,0,0,0,23,0,0,0,0,0,0
480733,2,1,1988,0,0,0,0,0,0,0,0,0,0
480734,1,1,1988,0,0,8,18,0,9,1,25,13,10
480735,1,1,1988,0,0,0,0,0,0,0,0,0,0
480735,2,1,1988,0,0,0,0,0,0,0,0,0,0
480736,0,1,1988,0,0,0,0,0,0,0,0,0,0
480736,1,1,1988,0,0,0,0,0,0,0,0,0,0
480737,1,1,1988,0,0,0,0,0,5,0,0,0,0
480737,2,1,1988,19,19,19,19,19,19,19,19,19,19
480738,1,1,1988,17,17,17,17,17,17,17,17,17,17
480738,2,1,1988,4,17,11,0,0,18,0,0,0,0
480739,1,1,1988,0,0,0,10,0,0,0,0,0,0
480739,2,1,1988,20,5,8,0,12,0,0,0,0,19
480740,1,1,1988,29,29,29,29,29,29,29,29,29,29
480741,1,1,1988,0,0,0,0,0,0,0,0,0,0
480742,1,1,1988,0,0,0,17,0,18,20,0,0,0
480742,2,1,1988,0,0,0,3,0,0,0,0,0,0
480743,0,1,1988,18,18,18,18,18,18,18,18,18,18
480743,1,1,1988,0,0,0,0,0,0,0,0,0,0
480744,1,1,1988,0,0,0,0,20,0,0,10,0,0
480744,2,1,1988,0,0,19,20,22,0,0,0,0,0
480745,1,1,1988,26,26,26,26,26,26,26,26,26,26
480746,1,1,1988,0,0,0,0,0,0,0,0,0,0
480747,1,1,1988,0,0,0,25,0,0,0,37,0,0
480747,2,1,1988,0,21,0,13,0,0,27,0,0,0
480748,1,1,1988,4,0,0,3,16,0,0,0,0,0
480748,2,1,1988,0,0,0,0,0,0,0,0,11,0
480749,1,1,1988,0,0,15,0,0,0,0,0,0,0
480751,1,1,1988,10,10,10,10,10,10,10,10,10,10
480752,1,1,1988,0,0,0,0,0,0,0,0,0,0
480752,2,1,1988,0,0,0,0,0,0,0,0,0,0
480753,1,1,1988,0,0,0,0,0,0,0,0,0,0
480753,2,1,1988,0,0,0,0,11,0,0,8,0,17
480753,3,1,1988,0,13,0,0,0,0,0,0,0,0
480753,4,1,1988,0,0,0,0,0,0,5,0,17,0
480753,5,1,1988,0,0,0,0,0,15,0,0,0,0
480754,1,1,1988,0,0,0,0,0,0,0,0,0,0
480754,2,1,1988,0,14,7,0,14,0,0,16,0,0
480755,1,1,1988,15,15,15,15,15,15,15,15,15,15
480755,2,1,1988,0,0,0,0,0,0,0,10,0,24
480756,1,1,1988,21,21,21,21,21,21,21,21,21,21
480757,1,1,1988,0,0,0,0,0,0,0,0,0,0
480758,1,1,1988,0,0,0,0,0,0,0,0,0,0
480759,1,1,1988,13,33,21,16,27,19,14,13,20,11
480760,1,1,1988,9,9,13,6,11,9,24,21,9,0
480761,0,1,1988,0,0,0,0,0,0,0,0,0,0
480761,1,1,1988,0,0,0,0,0,0,0,0,0,0
480761,2,1,1988,13,14,0,0,0,0,0,0,0,14
480762,1,1,1988,16,34,16,18,23,8,6,26,5,26
480763,1,1,1988,21,21,21,21,21,21,21,21,21,21
480763,2,1,1988,0,0,0,0,0,0,0,0,0,0
480764,1,1,1988,0,0,0,0,0,0,0,0,0,0
480764,2,1,1988,0,0,0,0,0,0,0,0,0,0
480765,1,1,1988,0,0,0,0,0,0,0,0,0,0
480765,2,1,1988,0,0,0,0,0,0,0,0,0,0
480766,1,1,1988,13,30,0,28,23,17,14,21,7,14
480767,1,1,1988,0,0,9,24,0,15,20,0,0,0
480767,2,1,1988,0,0,0,0,0,0,0,0,0,0
480768,1,1,1988,0,0,0,0,0,0,0,0,0,0
480768,2,1,1988,0,0,0,0,0,0,0,0,0,0
480769,1,1,1988,0,0,0,3,0,0,0,0,0,0
480769,2,1,1988,0,0,0,4,6,10,0,21,15,17
480770,0,1,1988,0,0,7,16,0,0,0,0,0,0
480770,1,1,1988,0,0,0,21,0,20,0,0,0,0
480771,0,1,1988,0,0,0,0,0,0,0,0,0,0
480771,1,1,1988,0,0,0,0,0,0,0,0,0,0
480772,1,1,1988,0,0,0,0,0,0,0,0,0,0
480772,2,1,1988,0,0,0,0,0,0,0,0,0,0
480773,1,1,1988,21,21,21,21,21,21,21,21,21,21
480774,1,1,1988,24,24,24,24,24,24,24,24,24,24
480775,1,1,1988,0,0,0,0,0,0,0,0,0,0
480776,0,1,1988,0,0,0,0,0,0,0,0,0,0
480776,1,1,1988,0,0,0,0,0,0,0,0,7,0
480777,1,1,1988,15,15,15,15,15,15,15,15,15,15
480778,1,1,1988,26,6,16,7,25,15,32,17,9,24
480779,1,1,1988,16,18,25,0,26,37,8,12,16,4
480779,2,1,1988,0,5,5,0,0,20,13,0,0,20
480779,3,1,1988,0,12,41,0,8,0,9,14,0,18
480779,4,1,1988,0,0,0,0,0,0,0,0,0,0
480780,0,1,1988,15,25,0,0,8,0,0,0,0,12
480780,0,2,1988,0,0,0,0,56,32,0,0,0,0
480780,0,3,1988,22,15,20,0,0,18,33,11,19,16
480780,1,1,1988,20,20,20,20,20,20,20,20,20,20
480781,1,1,1988,0,0,0,0,0,0,0,0,0,0
480781,2,1,1988,0,0,0,0,8,0,0,0,0,0
480782,1,1,1988,0,0,25,0,0,0,9,0,0,0
480783,1,1,1988,0,0,0,0,0,0,0,0,0,0
480784,1,1,1988,0,0,0,0,0,0,0,0,0,0
480785,1,1,1988,18,18,18,18,18,18,18,18,18,18
480786,1,1,1988,11,0,0,0,0,0,0,0,0,0
480787,1,1,1988,0,16,13,0,8,0,0,15,22,22
480787,2,1,1988,21,21,21,21,21,21,21,21,21,21
480788,0,1,1988,0,0,0,0,0,0,0,0,0,0
480788,1,1,1988,0,0,0,0,0,0,0,0,0,0
480789,1,1,1988,0,0,0,12,0,0,0,0,0,0
480789,2,1,1988,0,0,0,0,0,0,13,0,0,0
480790,1,1,1988,20,0,0,25,20,26,19,0,0,0
480791,1,1,1988,0,0,0,0,0,0,0,0,0,0
480792,1,1,1988,0,0,0,0,0,0,0,0,0,0
480792,2,1,1988,0,0,0,0,23,6,0,0,0,0
480793,1,1,1988,11,11,11,11,11,11,11,11,11,11
480793,2,1,1988,4,4,4,4,4,4,4,4,4,4
480794,1,1,1988,21,21,21,21,21,21,21,21,21,21
480795,1,1,1988,7,15,0,6,16,11,14,21,8,14
480796,1,1,1988,0,3,7,11,0,0,0,31,0,0
480796,2,1,1988,7,7,7,7,7,7,7,7,7,7
480797,1,1,1988,0,0,0,0,0,0,0,0,0,0
480797,2,1,1988,0,0,0,0,0,0,0,0,0,0
480798,1,1,1988,0,0,0,0,0,0,0,0,0,0
480799,0,1,1988,23,23,23,23,23,23,23,23,23,23
480799,1,1,1988,0,0,0,0,0,5,0,0,0,0
480800,0,1,1988,0,0,0,0,0,0,0,0,0,0
480800,1,1,1988,0,0,8,11,0,11,0,0,0,0
480801,1,1,1988,0,10,0,10,14,0,0,0,0,14
480802,1,1,1988,19,19,19,19,19,19,19,19,19,19
480803,1,1,1988,18,18,18,18,18,18,18,18,18,18
480803,2,1,1988,0,0,22,25,0,0,0,22,0,0
480804,1,1,1988,22,22,22,22,22,22,22,22,22,22
480805,0,1,1988,13,13,13,13,13,13,13,13,13,13
480805,1,1,1988,17,22,0,0,10,18,14,0,0,0
480806,1,1,1988,20,20,20,20,20,20,20,20,20,20
480806,2,1,1988,0,21,12,24,0,0,22,0,0,8
480807,1,1,1988,7,14,9,14,0,7,12,19,17,18
480808,1,1,1988,10,10,10,10,10,10,10,10,10,10
480808,2,1,1988,0,0,0,0,0,0,0,0,0,0
480808,3,1,1988,0,0,0,0,0,0,0,0,0,0
480809,0,1,1988,0,0,0,0,0,0,0,0,0,0
480809,0,2,1988,0,0,0,0,0,0,30,0,0,0
480809,1,1,1988,0,0,0,0,17,18,0,2,0,17
480810,0,1,1988,5,0,12,17,0,0,31,0,0,10
480810,1,1,1988,26,15,14,14,12,8,5,5,18,8
480811,1,1,1988,12,12,12,12,12,12,12,12,12,12
480812,1,1,1988,2,0,8,18,0,0,13,11,0,0
480812,2,1,1988,0,17,7,16,0,14,7,19,16,0
480813,1,1,1988,24,24,24,24,24,24,24,24,24,24
480814,1,1,1988,0,0,0,0,0,0,0,0,0,0
480814,2,1,1988,0,0,0,0,0,0,0,0,0,0
480815,1,1,1988,24,20,19,15,16,9,12,41,32,37
480816,1,1,1988,0,0,0,0,0,0,0,0,0,0
480816,2,1,1988,0,6,0,0,5,0,0,0,0,0
480817,1,1,1988,28,28,28,28,28,28,28,28,28,28
480818,1,1,1988,0,0,0,0,0,0,0,0,0,0
480818,2,1,1988,0,12,0,0,3,0,0,0,0,0
480819,1,1,1988,23,23,23,23,23,23,23,23,23,23
480820,1,1,1988,9,9,9,9,9,9,9,9,9,9
480821,1,1,1988,3,3,3,3,3,3,3,3,3,3
480821,2,1,1988,0,0,8,0,0,0,0,0,34,18
480822,1,1,1988,14,14,14,14,14,14,14,14,14,14
480822,2,1,1988,0,0,0,0,0,0,0,0,0,0
480823,1,1,1988,0,0,0,0,0,0,0,0,0,0
480823,2,1,1988,0,18,0,22,11,0,0,17,0,0
480824,1,1,1988,0,0,0,0,0,0,0,0,0,0
480824,2,1,1988,0,0,0,0,0,0,0,12,15,0
480825,1,1,1988,0,0,0,0,0,0,0,0,0,0
480826,1,1,1988,0,0,0,0,0,0,0,0,0,0
480827,0,1,1988,32,32,32,32,32,32,32,32,32,32
480827,1,1,1988,13,0,0,0,0,0,0,0,16,0
480828,1,1,1988,20,20,20,20,20,20,20,20,20,20
480829,0,1,1988,0,0,0,0,0,0,0,0,0,0
480829,1,1,1988,23,10,15,19,2,7,12,11,7,13
480830,1,1,1988,16,16,16,16,16,16,16,16,16,16
480831,1,1,1988,0,0,0,0,0,0,0,0,0,0
480831,2,1,1988,0,0,0,0,0,0,0,0,13,0
480832,1,1,1988,0,0,0,0,0,0,0,0,0,0
480833,1,1,1988,23,0,0,14,0,21,0,0,0,12
480834,1,1,1988,0,0,0,0,0,0,0,0,0,0
480834,2,1,1988,0,0,0,0,0,0,0,0,0,0
480835,1,1,1988,0,0,0,0,0,0,0,0,0,0
480836,1,1,1988,0,0,0,0,0,0,0,0,0,0
480837,0,1,1988,18,43,31,0,12,0,37,16,27,19
480837,1,1,1988,10,0,0,0,0,6,0,6,0,0
480838,1,1,1988,0,0,0,0,0,0,0,0,0,0
480838,2,1,1988,0,0,0,0,0,0,0,0,0,0
480838,3,1,1988,0,0,0,0,0,0,0,0,0,0
480839,1,1,1988,14,14,14,14,14,14,14,14,14,14
480840,1,1,1988,0,0,0,0,0,0,0,0,0,0
480841,1,1,1988,0,0,0,0,0,8,0,0,0,0
480842,1,1,1988,0,0,0,0,0,0,0,0,0,0
480843,1,1,1988,24,24,24,24,24,24,24,24,24,24
480844,1,1,1988,14,11,15,41,21,18,24,0,6,22
480845,1,1,1988,23,23,23,23,23,23,23,23,23,23
480845,2,1,1988,0,0,0,0,17,0,0,0,0,0
480846,1,1,1988,0,0,0,0,0,0,0,0,0,0
480846,2,1,1988,0,0,0,0,0,0,0,0,5,0
480847,1,1,1988,18,11,11,19,15,23,9,29,19,22
480848,1,1,1988,13,16,0,14,21,0,0,0,0,0
480849,1,1,1988,0,0,0,0,0,0,0,0,0,0
480849,2,1,1988,0,0,0,0,0,0,0,0,0,0
480850,1,1,1988,13,19,6,19,14,11,7,20,14,20
480850,2,1,1988,11,11,11,11,11,11,11,11,11,11
480851,1,1,1988,0,0,0,0,0,0,0,0,0,0
480852,1,1,1988,0,0,0,0,0,0,0,0,0,0
480852,2,1,1988,0,0,0,0,0,0,0,0,0,0
480853,1,1,1988,0,0,0,0,0,0,9,0,15,0
480853,2,1,1988,14,17,22,0,12,9,12,28,0,0
480854,1,1,1988,0,11,35,17,0,13,0,10,44,34
480855,1,1,1988,0,0,0,0,5,0,0,0,0,0
480855,2,1,1988,29,29,29,29,29,29,29,29,29,29
480856,1,1,1988,14,14,14,14,14,14,14,14,14,14
480856,2,1,1988,0,0,0,0,0,0,0,0,0,30
480857,1,1,1988,0,9,0,0,0,0,0,0,0,0
480857,2,1,1988,0,0,0,0,0,0,0,0,0,0
480858,1,1,1988,0,0,0,0,0,0,0,0,0,0
480858,2,1,1988,0,0,0,0,0,0,0,0,0,0
480859,1,1,1988,12,12,12,12,12,12,12,12,12,12
480860,1,1,1988,0,0,0,0,0,0,0,0,0,0
480860,2,1,1988,0,0,0,0,0,0,0,9,0,0
480861,1,1,1988,15,15,15,15,15,15,15,15,15,15
480862,1,1,1988,0,0,0,0,0,0,0,0,0,0
480863,1,1,1988,27,27,27,27,27,27,27,27,27,27
480863,2,1,1988,20,0,12,16,5,20,16,0,0,25
480864,1,1,1988,11,11,11,11,11,11,11,11,11,11
480865,1,1,1988,28,28,28,28,28,28,28,28,28,28
480866,1,1,1988,20,20,20,20,20,20,20,20,20,20
480867,1,1,1988,25,9,14,25,24,0,15,4,2,9
480868,1,1,1988,23,23,23,23,23,23,23,23,23,23
480868,2,1,1988,17,29,7,11,14,0,4,17,0,0
480869,1,1,1988,20,26,17,10,23,13,15,23,37,13
480870,1,1,1988,0,20,18,11,13,7,35,9,11,15
480871,1,1,1988,0,0,0,0,0,0,10,0,15,12
480871,2,1,1988,14,9,10,9,9,0,0,0,0,18
480872,0,1,1988,0,0,0,0,0,0,0,0,0,0
480872,1,1,1988,22,22,22,22,22,22,22,22,22,22
480873,1,1,1988,12,17,0,20,14,12,17,17,14,14
480873,2,1,1988,0,0,0,0,0,0,0,0,0,0
480873,3,1,1988,0,0,0,0,0,0,0,0,0,0
480874,1,1,1988,0,0,0,0,0,0,0,0,0,0
480874,2,1,1988,0,0,0,0,0,0,0,0,0,0
480875,1,1,1988,27,27,27,27,27,27,27,27,27,27
480876,1,1,1988,11,23,11,7,0,0,0,0,14,0
480877,1,1,1988,13,13,13,13,13,13,13,13,13,13
480877,2,1,1988,0,0,0,0,0,0,0,0,0,0
480878,1,1,1988,11,11,11,11,11,11,11,11,11,11
480879,1,1,1988,15,20,0,20,21,16,23,23,22,17
480880,1,1,1988,0,0,0,0,0,0,0,0,0,0
480881,1,1,1988,0,0,0,0,0,0,0,0,0,0
480882,1,1,1988,6,6,6,6,6,6,6,6,6,6
480883,0,1,1988,38,0,0,0,0,0,0,0,0,0
480883,1,1,1988,0,0,0,0,0,0,0,0,0,0
480884,1,1,1988,23,24,20,0,31,14,17,21,15,20
480885,1,1,1988,17,8,0,0,0,0,0,0,0,0
480885,2,1,1988,0,0,0,7,0,0,0,0,0,0
480886,0,1,1988,23,23,23,23,23,23,23,23,23,23
480886,1,1,1988,0,0,0,0,0,0,0,12,0,0
480887,1,1,1988,0,4,0,0,10,0,0,0,0,0
480888,1,1,1988,17,17,17,17,17,17,17,17,17,17
480889,1,1,1988,12,12,12,12,12,12,12,12,12,12
480890,0,1,1988,28,28,28,28,28,28,28,28,28,28
480890,1,1,1988,0,0,20,0,0,0,0,0,0,0
480890,2,1,1988,0,0,0,0,0,0,0,0,0,0
480890,3,1,1988,0,0,0,0,0,0,0,0,0,0
480892,1,1,1988,0,0,0,0,0,0,0,0,0,0
480892,2,1,1988,0,0,0,0,0,0,0,0,0,0
480893,1,1,1988,15,15,15,15,15,15,15,15,15,15
480894,1,1,1988,0,0,0,0,0,0,0,0,0,0
480894,2,1,1988,0,0,0,0,0,0,0,0,0,0
480895,1,1,1988,0,0,0,0,7,7,0,0,0,0
480895,2,1,1988,0,0,21,0,0,0,0,14,0,0
480896,0,1,1988,21,21,21,21,21,21,21,21,21,21
480896,1,1,1988,0,0,24,16,0,2,0,32,0,0
480897,1,1,1988,10,14,18,14,7,10,8,3,13,8
480898,0,1,1988,0,9,0,0,0,0,0,0,0,0
480898,1,1,1988,0,7,0,0,0,0,0,0,0,0
480899,1,1,1988,0,0,0,0,22,0,0,0,0,24
480899,2,1,1988,0,0,0,0,0,0,0,0,0,0
480900,1,1,1988,18,18,18,18,18,18,18,18,18,18
480901,0,1,1988,0,0,0,0,24,20,0,0,0,0
480901,1,1,1988,0,0,0,0,21,0,0,0,0,0
480902,1,1,1988,0,0,0,0,0,0,0,0,0,0
480902,2,1,1988,0,0,0,17,0,0,0,0,0,0
480903,1,1,1988,34,34,34,34,34,34,34,34,34,34
480904,1,1,1988,0,0,0,0,0,0,0,0,0,0
480904,2,1,1988,16,0,0,0,0,0,0,0,0,0
480905,1,1,1988,0,0,0,0,0,0,0,0,0,0
480906,1,1,1988,16,0,0,7,3,0,0,7,18,0
480906,2,1,1988,0,10,0,11,0,0,0,0,0,0
480907,0,1,1988,32,0,0,0,0,23,29,20,10,18
480907,1,1,1988,0,16,22,8,0,0,11,20,0,0
480908,0,1,1988,0,0,0,0,0,0,0,0,0,0
480908,1,1,1988,14,21,19,0,23,15,0,0,0,0
480909,1,1,1988,0,0,0,0,0,0,0,0,0,0
480910,1,1,1988,11,4,18,5,9,18,18,11,16,6
480911,1,1,1988,9,9,9,9,9,9,9,9,9,9
480912,1,1,1988,10,10,10,10,10,10,10,10,10,10
480912,2,1,1988,34,34,34,34,34,34,34,34,34,34
480913,1,1,1988,0,0,0,0,0,0,0,0,0,0
480914,1,1,1988,27,27,27,27,27,27,27,27,27,27
480915,1,1,1988,0,0,0,0,0,0,0,0,0,0
480915,2,1,1988,0,0,0,0,0,0,0,0,0,0
480916,1,1,1988,0,0,0,0,0,0,0,0,0,0
480917,1,1,1988,0,0,0,0,8,0,0,0,0,0
480917,2,1,1988,0,0,0,0,0,0,0,0,0,0
480918,1,1,1988,0,0,0,0,0,0,0,0,0,0
480918,2,1,1988,0,0,0,0,18,0,0,0,0,0
480919,1,1,1988,0,8,0,15,0,0,0,0,0,0
480919,2,1,1988,0,8,0,20,0,0,0,0,0,13
480920,1,1,1988,15,15,15,15,15,15,15,15,15,15
480920,2,1,1988,0,0,0,4,0,0,14,18,36,0
480921,0,1,1988,18,0,0,0,0,0,0,0,0,0
480921,1,1,1988,0,0,0,5,11,16,7,8,14,15
480922,1,1,1988,13,14,29,3,23,6,16,8,27,25
480923,1,1,1988,26,26,26,26,26,26,26,26,26,26
480924,0,1,1988,0,0,0,0,0,0,0,0,0,0
480924,1,1,1988,9,9,9,9,9,9,9,9,9,9
480925,1,1,1988,26,26,26,26,26,26,26,26,26,26
480926,1,1,1988,0,0,0,0,0,0,0,20,0,0
480926,2,1,1988,0,7,20,0,0,18,0,0,0,0
480927,1,1,1988,16,16,16,16,16,16,16,16,16,16
480928,0,1,1988,0,0,0,0,0,0,0,0,0,0