ST_CASE,VEH_NO,PER_NO,YEAR,P1,P2,P3,P4,P5,P6,P7,P8,P9,P10
480928,1,1,1988,0,0,0,0,0,18,0,0,0,0
480929,1,1,1988,6,30,23,26,10,41,12,18,15,11
480929,2,1,1988,10,0,0,0,0,0,0,0,0,0
480929,3,1,1988,0,0,0,0,0,5,0,0,0,0
480931,1,1,1988,5,0,0,0,0,0,0,0,0,0
480931,2,1,1988,0,0,0,0,14,0,0,0,0,0
480932,1,1,1988,0,0,0,0,0,0,0,0,0,0
480933,1,1,1988,8,8,25,5,0,0,18,28,24,0
480934,1,1,1988,0,0,0,0,0,0,0,0,0,0
480935,1,1,1988,24,24,24,24,24,24,24,24,24,24
480936,1,1,1988,0,0,0,0,0,0,0,0,0,0
480936,2,1,1988,0,0,0,0,0,0,0,0,0,0
480937,1,1,1988,0,0,0,0,0,0,0,0,0,0
480937,2,1,1988,0,0,0,0,0,0,0,0,0,0
480938,1,1,1988,0,0,0,0,0,0,0,4,0,0
480938,2,1,1988,4,4,4,4,4,4,4,4,4,4
480939,1,1,1988,0,0,0,0,0,0,0,0,0,0
480939,2,1,1988,0,0,0,0,0,0,0,0,0,0
480940,1,1,1988,0,0,0,0,0,0,0,0,0,0
480941,1,1,1988,0,0,0,0,0,0,0,0,0,0
480941,2,1,1988,0,0,0,0,0,0,0,0,0,0
480941,3,1,1988,0,0,0,0,0,0,10,0,0,0
480942,1,1,1988,0,0,0,0,0,0,0,0,0,0
480943,1,1,1988,23,12,0,0,22,0,20,11,8,0
480944,1,1,1988,17,0,16,0,0,0,0,0,0,0
480944,2,1,1988,17,17,17,17,17,17,17,17,17,17
480945,0,1,1988,46,0,33,0,0,0,0,0,0,5
480945,0,2,1988,32,15,0,16,0,35,0,13,9,8
480945,1,1,1988,8,0,0,0,0,0,0,21,0,8
480946,1,1,1988,16,16,16,16,16,16,16,16,16,16
480946,2,1,1988,0,5,0,11,0,4,0,0,0,12
480947,1,1,1988,32,21,24,13,4,16,9,4,16,14
480948,1,1,1988,0,0,0,0,0,0,0,0,0,0
480948,2,1,1988,0,0,0,0,0,0,0,0,0,0
480949,1,1,1988,0,0,0,0,0,0,0,0,0,0
480949,2,1,1988,0,0,0,0,0,0,0,8,0,0
480950,1,1,1988,13,0,0,0,0,0,0,0,0,0
480950,2,1,1988,20,0,0,0,0,0,0,0,0,0
480951,1,1,1988,0,0,0,0,0,0,0,0,0,0
480951,2,1,1988,0,0,0,0,0,0,0,0,0,0
480952,1,1,1988,3,0,0,0,0,0,0,0,0,0
480952,2,1,1988,19,19,19,19,19,19,19,19,19,19
480953,1,1,1988,20,20,20,20,20,20,20,20,20,20
480953,2,1,1988,23,14,15,0,0,0,0,23,0,14
480954,1,1,1988,18,18,18,18,18,18,18,18,18,18
480955,1,1,1988,0,0,0,0,0,0,0,0,0,0
480956,1,1,1988,26,26,26,26,26,26,26,26,26,26
480957,1,1,1988,0,0,0,0,0,0,0,0,0,0
480957,2,1,1988,5,5,5,5,5,5,5,5,5,5
480958,0,1,1988,0,0,0,0,0,0,0,0,0,0
480958,1,1,1988,13,13,13,13,13,13,13,13,13,13
480959,0,1,1988,26,26,26,26,26,26,26,26,26,26
480959,1,1,1988,0,0,0,0,0,0,0,0,0,0
480960,1,1,1988,12,12,12,12,12,12,12,12,12,12
480960,2,1,1988,17,21,20,12,9,15,8,8,22,5
480961,1,1,1988,15,15,15,15,15,15,15,15,15,15
480961,2,1,1988,0,0,0,0,0,15,0,0,17,6
480962,1,1,1988,25,25,25,25,25,25,25,25,25,25
480963,1,1,1988,12,12,12,12,12,12,12,12,12,12
480963,2,1,1988,0,0,0,11,0,0,0,0,0,0
480964,1,1,1988,0,0,0,0,8,10,19,0,0,0
480964,2,1,1988,3,10,0,0,0,11,8,0,0,0
480965,1,1,1988,0,3,16,27,7,6,0,10,21,0
480966,1,1,1988,18,0,32,10,0,0,0,0,0,18
480966,2,1,1988,8,0,0,0,0,0,0,0,0,15
480967,1,1,1988,17,17,11,25,23,13,5,16,12,0
480968,1,1,1988,22,22,22,22,22,22,22,22,22,22
480968,2,1,1988,20,11,0,0,20,7,0,0,7,0
480969,1,1,1988,39,0,0,0,0,0,0,0,0,0
480970,1,1,1988,29,29,29,29,29,29,29,29,29,29
480971,1,1,1988,33,33,33,33,33,33,33,33,33,33
480972,1,1,1988,0,0,0,0,0,7,0,0,0,0
480972,2,1,1988,0,0,9,0,0,0,17,0,0,0
480973,1,1,1988,9,9,9,9,9,9,9,9,9,9
480973,2,1,1988,0,0,14,0,0,0,0,0,20,6
480974,1,1,1988,0,0,0,0,0,0,0,0,0,0
480975,1,1,1988,34,34,34,34,34,34,34,34,34,34
480975,2,1,1988,0,0,0,0,0,0,0,0,0,0
480975,3,1,1988,0,0,11,0,0,0,0,0,0,0
480976,1,1,1988,0,0,0,16,0,0,0,0,0,12
480976,2,1,1988,0,0,0,0,0,0,0,0,0,0
480977,1,1,1988,14,14,14,14,14,14,14,14,14,14
480977,2,1,1988,0,0,0,0,0,0,0,0,0,0
480978,1,1,1988,15,0,16,18,0,24,0,0,0,0
480978,2,1,1988,0,0,0,0,0,0,7,0,0,0
480978,3,1,1988,0,16,0,0,0,0,0,0,0,0
480979,0,1,1988,19,26,32,32,18,9,0,7,25,18
480979,1,1,1988,8,8,8,8,8,8,8,8,8,8
480980,1,1,1988,0,3,0,0,0,0,0,9,0,0
480980,2,1,1988,0,0,0,0,0,0,0,0,0,0
480981,1,1,1988,0,0,0,0,0,0,0,0,0,0
480982,1,1,1988,33,33,33,33,33,33,33,33,33,33
480982,2,1,1988,14,20,30,20,0,12,0,0,0,0
480982,3,1,1988,0,0,0,0,0,0,0,0,0,0
480983,1,1,1988,0,0,0,0,0,0,0,0,0,0
480984,1,1,1988,6,8,0,18,0,18,12,10,0,0
480985,1,1,1988,0,0,0,6,0,11,0,0,0,0
480985,2,1,1988,11,23,18,27,0,0,0,20,29,18
480986,1,1,1988,19,0,0,0,14,15,0,22,32,0
480987,0,1,1988,0,0,0,0,0,0,0,0,0,0
480987,1,1,1988,0,24,0,8,23,14,14,24,23,20
480988,1,1,1988,11,11,11,11,11,11,11,11,11,11
480989,1,1,1988,20,20,20,20,20,20,20,20,20,20
480990,1,1,1988,0,0,0,0,0,0,0,0,0,0
480991,1,1,1988,29,0,11,0,0,23,27,39,0,0
480992,1,1,1988,0,0,0,0,0,0,0,0,0,0
480992,2,1,1988,0,0,0,8,0,0,0,0,0,0
480992,3,1,1988,0,0,0,0,0,0,0,0,0,0
480993,1,1,1988,0,0,13,0,0,0,0,0,0,0
480994,1,1,1988,0,0,0,0,0,0,0,0,0,0
480994,2,1,1988,0,0,0,0,10,0,0,0,0,0
480995,1,1,1988,0,0,0,0,0,0,0,0,0,0
480995,2,1,1988,0,0,0,0,0,0,0,0,0,0
480996,1,1,1988,0,0,0,0,0,0,0,0,0,0
480996,2,1,1988,14,14,14,14,14,14,14,14,14,14
480997,1,1,1988,0,2,0,16,0,0,13,21,0,7
480998,1,1,1988,3,3,3,3,3,3,3,3,3,3
480999,1,1,1988,17,17,17,17,17,17,17,17,17,17
481000,1,1,1988,16,11,0,7,20,0,2,10,9,15
481001,0,1,1988,0,0,0,0,0,0,0,0,0,0
481001,0,2,1988,0,0,31,18,0,15,0,18,0,15
481001,0,3,1988,20,16,0,32,0,0,0,10,0,0
481001,1,1,1988,0,0,0,0,0,0,0,0,0,0
481002,0,1,1988,28,14,0,0,19,23,0,0,0,0
481002,1,1,1988,16,15,0,0,0,4,0,8,0,0
481003,1,1,1988,0,24,0,0,0,0,0,0,0,0
481003,2,1,1988,0,0,0,0,0,0,0,0,0,0
481004,1,1,1988,0,0,0,0,0,0,0,0,0,0
481004,2,1,1988,0,0,16,0,0,0,0,0,0,10
481005,1,1,1988,0,20,21,22,30,15,14,18,24,11
481006,1,1,1988,22,22,22,22,22,22,22,22,22,22
481007,1,1,1988,12,12,12,12,12,12,12,12,12,12
481007,2,1,1988,0,0,5,0,19,12,0,21,0,14
481008,1,1,1988,0,0,8,0,0,0,0,9,0,7
481008,2,1,1988,0,0,0,0,0,21,3,7,13,4
481009,0,1,1988,17,17,17,17,17,17,17,17,17,17
481009,1,1,1988,0,3,0,0,0,0,29,9,26,0
481010,1,1,1988,0,0,0,0,0,0,0,0,0,0
481010,2,1,1988,0,0,0,0,0,0,10,0,0,0
481011,1,1,1988,0,0,0,0,0,0,0,0,0,0
481012,1,1,1988,16,16,16,16,16,16,16,16,16,16
481012,2,1,1988,8,16,0,0,30,0,18,0,16,20
481013,1,1,1988,0,0,0,0,0,0,0,0,0,0
481013,2,1,1988,13,13,13,13,13,13,13,13,13,13
481014,1,1,1988,0,0,0,0,0,0,5,0,0,0
481014,2,1,1988,0,0,0,0,0,0,0,0,0,0
481015,1,1,1988,20,20,20,20,20,20,20,20,20,20
481015,2,1,1988,0,15,0,0,0,0,0,0,5,0
481016,0,1,1988,0,0,0,0,0,0,0,0,0,0
481016,1,1,1988,10,10,10,10,10,10,10,10,10,10
481017,1,1,1988,0,0,0,0,0,0,0,0,0,0
481017,2,1,1988,0,0,0,0,0,0,30,17,0,0
481018,1,1,1988,0,0,0,0,0,0,0,0,0,0
481019,1,1,1988,14,14,14,14,14,14,14,14,14,14
481020,1,1,1988,0,0,0,0,0,0,0,0,0,0
481021,1,1,1988,9,9,9,9,9,9,9,9,9,9
481022,1,1,1988,0,0,0,0,0,0,0,0,0,0
481023,1,1,1988,20,20,20,20,20,20,20,20,20,20
481024,1,1,1988,11,11,11,11,11,11,11,11,11,11
481025,1,1,1988,0,0,10,17,0,9,6,0,18,21
481025,2,1,1988,45,14,0,0,7,8,13,34,17,13
481026,1,1,1988,29,18,13,10,12,21,9,15,28,15
481027,1,1,1988,0,0,0,0,0,0,0,0,0,0
481027,2,1,1988,18,12,0,15,0,0,0,0,20,13
481028,1,1,1988,0,0,0,0,0,0,0,0,0,0
481029,1,1,1988,16,16,16,16,16,16,16,16,16,16
481029,2,1,1988,0,0,0,0,0,0,0,0,0,0
481030,1,1,1988,14,14,14,14,14,14,14,14,14,14
481031,1,1,1988,13,13,13,13,13,13,13,13,13,13
481031,2,1,1988,29,29,9,0,24,26,20,11,18,27
481032,1,1,1988,22,22,22,22,22,22,22,22,22,22
481033,0,1,1988,0,0,0,0,0,0,17,0,0,0
481033,1,1,1988,6,4,0,26,14,0,0,31,10,25
481034,1,1,1988,0,0,0,0,0,0,0,0,0,0
481035,1,1,1988,0,0,0,0,0,0,0,0,0,0
481035,2,1,1988,0,0,0,0,0,0,0,0,0,14
481036,0,1,1988,13,0,28,0,0,0,6,0,0,27
481036,1,1,1988,0,0,0,0,0,0,0,0,0,0
481037,1,1,1988,27,27,27,27,27,27,27,27,27,27
481038,1,1,1988,0,0,0,0,0,0,0,0,0,0
481038,2,1,1988,0,13,0,17,5,0,0,13,5,35
481039,1,1,1988,13,13,13,13,13,13,13,13,13,13
481040,1,1,1988,0,0,0,0,0,0,0,0,0,0
481041,1,1,1988,0,18,15,21,28,19,25,18,25,43
481042,1,1,1988,0,0,0,0,0,0,0,0,0,0
481042,2,1,1988,0,0,0,0,0,0,0,17,0,0
481043,1,1,1988,18,18,18,18,18,18,18,18,18,18
481044,1,1,1988,0,0,0,0,0,0,0,0,0,0
481045,1,1,1988,13,13,13,13,13,13,13,13,13,13
481046,1,1,1988,9,9,19,12,11,16,15,17,21,23
481047,1,1,1988,0,0,0,0,0,0,0,0,0,0
481047,2,1,1988,0,0,0,0,0,0,0,0,0,0
481047,3,1,1988,0,0,0,0,0,0,0,0,0,0
481048,1,1,1988,0,0,0,0,0,0,0,0,0,0
481048,2,1,1988,0,0,0,0,0,0,0,0,0,0
481049,1,1,1988,0,0,0,0,13,0,0,0,0,31
481049,2,1,1988,13,13,13,13,13,13,13,13,13,13
481050,1,1,1988,0,0,13,16,14,0,12,7,0,0
481050,2,1,1988,0,14,0,0,0,0,0,0,0,0
481051,1,1,1988,25,25,25,25,25,25,25,25,25,25
481052,0,1,1988,0,0,0,0,0,0,0,0,0,0
481052,1,1,1988,3,0,0,0,0,0,0,0,0,0
481053,1,1,1988,0,0,0,18,12,42,22,0,4,0
481054,0,1,1988,10,10,10,10,10,10,10,10,10,10
481054,1,1,1988,11,11,11,11,11,11,11,11,11,11
481055,0,1,1988,0,0,0,0,0,0,0,0,0,0
481055,1,1,1988,0,0,0,0,0,0,0,0,0,0
481056,1,1,1988,0,0,14,0,0,0,0,17,14,0
481056,2,1,1988,3,3,3,3,3,3,3,3,3,3
481057,1,1,1988,19,19,19,19,19,19,19,19,19,19
481057,2,1,1988,0,24,0,0,0,0,22,0,0,0
481058,1,1,1988,12,12,12,12,12,12,12,12,12,12
481059,1,1,1988,9,9,9,9,9,9,9,9,9,9
481060,1,1,1988,0,0,0,0,0,0,0,0,0,0
481061,1,1,1988,0,0,0,0,0,0,0,0,0,0
481061,2,1,1988,13,13,13,13,13,13,13,13,13,13
481062,1,1,1988,0,23,0,0,0,0,0,0,0,0
481063,0,1,1988,0,0,0,0,0,11,0,0,0,12
481063,0,2,1988,0,0,0,0,0,0,0,0,0,0
481064,1,1,1988,19,19,19,19,19,19,19,19,19,19
481064,2,1,1988,0,0,0,0,0,0,0,0,0,0
481065,1,1,1988,0,0,0,0,0,0,0,3,0,0
481065,2,1,1988,23,23,23,23,23,23,23,23,23,23
481065,3,1,1988,0,0,10,0,12,0,9,0,9,0
481066,1,1,1988,0,0,0,0,0,0,0,0,0,0
481066,2,1,1988,0,0,0,0,0,0,0,0,0,0
481067,1,1,1988,14,0,0,10,0,13,18,0,0,0
481067,2,1,1988,0,0,0,0,0,0,0,0,0,0
481067,3,1,1988,0,5,0,0,18,4,0,0,0,3
481068,0,1,1988,32,32,32,32,32,32,32,32,32,32
481068,1,1,1988,10,12,0,14,6,0,0,0,7,0
481068,2,1,1988,0,0,0,0,0,0,0,0,0,0
481069,1,1,1988,0,0,0,0,5,0,11,18,17,19
481069,2,1,1988,14,0,0,0,0,16,19,11,0,27
481070,1,1,1988,11,11,11,11,11,11,11,11,11,11
481071,1,1,1988,0,0,0,0,0,0,0,0,0,0
481072,1,1,1988,13,13,13,13,13,13,13,13,13,13
481072,2,1,1988,11,0,17,3,35,0,0,12,16,0
481073,1,1,1988,17,17,17,17,17,17,17,17,17,17
481074,1,1,1988,10,10,10,10,10,10,10,10,10,10
481074,2,1,1988,28,28,28,28,28,28,28,28,28,28
481075,1,1,1988,0,0,0,0,0,0,0,0,0,0
481076,1,1,1988,0,0,0,0,0,0,0,0,0,0
481076,2,1,1988,0,0,0,0,0,0,0,0,0,0
481077,1,1,1988,0,30,0,0,0,0,17,0,0,0
481077,2,1,1988,0,0,0,20,0,0,15,11,0,5
481078,1,1,1988,10,10,10,10,10,10,10,10,10,10
481079,1,1,1988,3,3,3,3,3,3,3,3,3,3
481080,1,1,1988,0,0,0,0,0,0,0,0,0,0
481080,2,1,1988,0,0,0,0,0,0,6,0,0,0
481081,1,1,1988,28,28,28,28,28,28,28,28,28,28
481082,1,1,1988,16,12,11,8,0,7,4,0,22,3
481083,1,1,1988,22,22,22,22,22,22,22,22,22,22
481084,1,1,1988,21,15,16,31,15,11,40,13,13,23
481085,1,1,1988,0,0,0,0,0,0,0,0,0,0
481085,2,1,1988,0,0,0,0,0,0,0,0,0,0
481086,0,1,1988,0,0,0,0,0,0,0,0,0,0
481086,0,2,1988,11,17,0,12,21,36,41,23,0,18
481086,1,1,1988,28,28,28,28,28,28,28,28,28,28
481087,1,1,1988,13,13,13,13,13,13,13,13,13,13
481087,2,1,1988,0,0,0,0,0,0,0,0,0,0
481088,1,1,1988,0,0,0,0,0,0,0,0,0,0
481088,2,1,1988,0,0,0,0,0,0,0,0,0,0
481089,1,1,1988,0,0,0,0,0,0,0,0,0,0
481089,2,1,1988,0,0,0,9,0,0,0,0,0,0
481089,3,1,1988,0,0,0,0,0,0,0,0,0,0
481090,0,1,1988,0,21,19,0,0,0,0,0,0,0
481090,1,1,1988,1,1,1,1,1,1,1,1,1,1
481091,1,1,1988,0,0,0,0,0,0,4,0,0,0
481091,2,1,1988,0,0,0,0,0,0,0,0,0,0
481092,0,1,1988,0,0,0,0,0,0,0,0,0,0
481092,1,1,1988,0,0,0,20,0,0,0,0,0,0
481093,1,1,1988,26,26,26,26,26,26,26,26,26,26
481094,1,1,1988,0,0,0,0,6,0,0,0,0,0
481094,2,1,1988,0,0,0,0,0,0,0,0,0,0
481095,1,1,1988,21,0,0,0,0,0,0,0,0,0
481095,2,1,1988,0,0,0,0,0,0,16,0,0,0
481096,1,1,1988,28,28,28,28,28,28,28,28,28,28
481096,2,1,1988,0,5,0,0,0,0,0,0,0,0
481097,1,1,1988,0,0,0,0,0,0,0,0,0,0
481097,2,1,1988,15,15,15,15,15,15,15,15,15,15
481098,1,1,1988,29,29,29,29,29,29,29,29,29,29
481099,1,1,1988,0,0,0,0,0,0,0,0,0,0
481099,2,1,1988,18,0,0,4,4,0,0,0,6,1
481100,1,1,1988,6,11,18,19,23,10,0,24,29,21
481100,2,1,1988,0,0,14,0,0,0,0,6,0,24
481101,1,1,1988,0,0,0,0,0,0,0,0,0,0
481102,1,1,1988,0,0,0,0,0,9,13,4,0,26
481102,2,1,1988,0,0,0,0,0,0,0,0,0,20
481103,1,1,1988,14,0,30,12,0,0,0,9,0,0
481103,2,1,1988,36,36,36,36,36,36,36,36,36,36
481104,1,1,1988,25,25,25,25,25,25,25,25,25,25
481104,2,1,1988,0,0,22,18,15,32,0,0,0,18
481105,1,1,1988,0,6,15,23,11,9,10,13,8,0
481106,1,1,1988,0,0,0,0,0,0,0,0,0,0
481107,1,1,1988,0,0,0,0,0,0,0,0,0,0
481107,2,1,1988,0,0,0,0,0,0,0,0,0,0
481108,1,1,1988,13,0,6,0,0,0,0,0,0,0
481108,2,1,1988,16,2,16,19,19,0,18,12,19,11
481109,1,1,1988,0,0,0,0,0,0,0,0,0,0
481109,2,1,1988,0,0,0,16,0,0,0,0,0,7
481110,1,1,1988,3,3,3,3,3,3,3,3,3,3
481111,1,1,1988,22,14,10,25,20,23,12,9,17,0
481112,1,1,1988,13,13,13,13,13,13,13,13,13,13
481113,1,1,1988,17,5,11,5,18,26,15,26,36,34
481113,2,1,1988,0,0,0,18,0,15,15,0,0,0
481114,1,1,1988,38,0,8,0,18,0,0,0,0,13
481114,2,1,1988,15,15,15,15,15,15,15,15,15,15
481115,0,1,1988,0,0,0,0,0,0,0,0,0,0
481115,1,1,1988,0,0,0,0,0,0,0,0,0,0
481115,2,1,1988,0,0,0,0,0,0,0,0,0,0
481116,0,1,1988,0,0,0,0,0,0,0,0,0,0
481116,1,1,1988,0,20,0,0,0,0,0,0,0,0
481117,0,1,1988,18,18,18,18,18,18,18,18,18,18
481117,1,1,1988,0,0,0,0,0,0,0,0,0,0
481118,1,1,1988,25,25,25,25,25,25,25,25,25,25
481119,1,1,1988,0,0,0,10,19,13,7,12,2,0
481120,1,1,1988,0,0,0,0,0,0,0,0,0,0
481120,2,1,1988,20,20,20,20,20,20,20,20,20,20
481121,1,1,1988,0,0,0,0,0,0,0,0,0,0
481121,2,1,1988,0,0,0,0,0,0,0,0,0,0
481122,1,1,1988,6,0,0,0,0,0,0,0,0,0
481123,1,1,1988,16,16,16,16,16,16,16,16,16,16
481123,2,1,1988,0,0,0,0,0,20,0,0,0,0
481124,1,1,1988,13,13,13,13,13,13,13,13,13,13
481125,1,1,1988,6,6,6,6,6,6,6,6,6,6
481126,1,1,1988,0,0,0,0,0,0,0,0,0,0
481126,2,1,1988,0,0,0,0,0,0,0,0,0,0
481127,0,1,1988,0,0,0,0,0,0,0,0,0,0
481127,1,1,1988,0,0,12,0,25,0,10,0,0,0
481128,1,1,1988,27,27,27,27,27,27,27,27,27,27
481129,1,1,1988,31,31,31,31,31,31,31,31,31,31
481129,2,1,1988,0,0,0,0,0,0,0,0,0,0
481130,1,1,1988,0,0,0,0,0,0,0,0,0,0
481131,1,1,1988,0,0,0,0,0,0,0,0,0,0
481131,2,1,1988,0,0,0,14,26,0,14,0,0,0
481132,1,1,1988,0,0,0,0,0,0,0,0,0,0
481133,1,1,1988,0,16,0,0,0,0,0,0,0,17
481133,2,1,1988,0,0,0,0,0,0,0,0,0,0
481134,0,1,1988,0,0,0,0,0,0,0,0,0,0
481134,1,1,1988,0,0,0,0,0,0,0,0,0,0
481135,1,1,1988,13,24,10,4,0,0,23,4,11,15
481136,1,1,1988,0,0,0,0,0,0,0,0,0,0
481136,2,1,1988,0,0,0,0,0,0,0,0,0,0
481137,0,1,1988,0,0,0,0,0,0,0,0,0,0
481137,1,1,1988,0,0,0,0,0,0,0,0,0,0
481138,1,1,1988,0,0,0,0,0,0,0,0,0,0
481138,2,1,1988,0,0,0,0,0,0,0,0,0,0
481139,1,1,1988,31,19,30,8,20,0,13,11,25,30
481139,2,1,1988,0,0,0,0,0,0,0,7,2,0
481139,3,1,1988,0,17,0,0,0,0,0,0,0,22
481140,1,1,1988,0,17,0,0,0,0,0,0,0,0
481140,2,1,1988,0,0,8,19,15,0,12,0,21,0
481141,1,1,1988,0,14,0,0,0,0,0,0,11,0
481142,1,1,1988,17,17,17,17,17,17,17,17,17,17
481143,1,1,1988,2,0,0,10,3,0,0,0,0,0
481144,1,1,1988,13,13,13,13,13,13,13,13,13,13
481145,1,1,1988,14,14,14,14,14,14,14,14,14,14
481146,1,1,1988,15,15,15,15,15,15,15,15,15,15
481147,1,1,1988,0,0,0,16,0,0,21,0,9,0
481148,1,1,1988,0,0,0,0,17,0,21,0,0,0
481148,2,1,1988,19,12,0,0,14,0,0,0,0,16
481149,1,1,1988,19,19,19,19,19,19,19,19,19,19
481149,2,1,1988,0,0,0,0,0,0,0,0,0,24
481150,1,1,1988,0,0,0,0,0,14,0,0,0,0
481150,2,1,1988,0,0,0,0,0,0,0,0,0,0
481151,1,1,1988,11,10,22,26,15,20,24,25,12,17
481152,1,1,1988,8,35,33,18,15,9,21,43,11,12
481153,1,1,1988,10,0,0,28,0,0,0,25,0,0
481153,2,1,1988,0,0,0,0,0,0,0,0,0,0
481153,3,1,1988,0,15,19,0,0,0,0,0,0,16
481154,1,1,1988,0,0,0,0,0,0,0,14,0,0
481154,2,1,1988,0,0,0,0,0,11,0,13,0,0
481155,1,1,1988,0,0,0,0,0,0,0,0,0,0
481157,1,1,1988,0,0,0,0,20,13,0,0,12,0
481157,2,1,1988,0,0,0,0,0,0,0,0,0,0
481158,1,1,1988,15,15,15,15,15,15,15,15,15,15
481158,2,1,1988,6,6,6,6,6,6,6,6,6,6
481159,1,1,1988,0,23,13,19,25,32,14,0,23,0
481160,1,1,1988,17,17,17,17,17,17,17,17,17,17
481160,2,1,1988,0,18,0,25,12,6,18,0,10,0
481161,1,1,1988,0,0,0,0,0,0,0,0,0,0
481162,1,1,1988,8,8,8,8,8,8,8,8,8,8
481162,2,1,1988,0,0,0,0,0,0,0,0,0,0
481163,1,1,1988,22,22,22,22,22,22,22,22,22,22
481163,2,1,1988,0,18,0,0,0,0,0,0,10,18
481164,1,1,1988,0,0,0,0,0,0,0,0,0,0
481165,1,1,1988,18,18,9,0,0,0,0,21,26,22
481165,2,1,1988,0,0,0,0,0,0,0,0,0,0
481166,1,1,1988,23,23,23,23,23,23,23,23,23,23
481167,1,1,1988,6,6,6,6,6,6,6,6,6,6
481168,1,1,1988,20,20,20,20,20,20,20,20,20,20
481169,0,1,1988,20,5,22,16,15,26,34,17,14,22
481169,1,1,1988,0,0,29,0,0,0,0,18,0,7
481170,1,1,1988,12,12,12,12,12,12,12,12,12,12
481171,1,1,1988,17,17,17,17,17,17,17,17,17,17
481172,0,1,1988,27,27,27,27,27,27,27,27,27,27
481172,1,1,1988,0,0,0,0,0,0,0,0,0,0
481173,1,1,1988,35,35,35,35,35,35,35,35,35,35
481173,2,1,1988,1,1,1,1,1,1,1,1,1,1
481173,3,1,1988,4,4,4,4,4,4,4,4,4,4
481174,1,1,1988,25,25,25,25,25,25,25,25,25,25
481174,2,1,1988,0,0,0,0,0,0,0,0,0,0
481175,1,1,1988,24,24,24,24,24,24,24,24,24,24
481176,1,1,1988,3,3,3,3,3,3,3,3,3,3
481176,2,1,1988,0,0,0,0,0,0,0,0,0,0
481177,1,1,1988,32,28,13,10,18,25,33,20,24,11
481178,0,1,1988,0,0,0,0,0,0,0,0,0,0
481178,1,1,1988,0,0,0,0,0,0,6,0,0,0
481179,1,1,1988,7,15,18,0,0,0,8,0,0,0
481180,0,1,1988,17,17,17,17,17,17,17,17,17,17
481180,1,1,1988,0,0,3,0,17,0,21,14,11,20
481181,0,1,1988,20,20,20,20,20,20,20,20,20,20
481181,1,1,1988,0,0,0,23,0,0,7,23,11,0
481182,0,1,1988,0,0,0,0,0,0,0,0,0,0
481182,0,2,1988,0,0,14,0,0,0,0,0,28,7
481182,1,1,1988,21,21,21,21,21,21,21,21,21,21
481183,1,1,1988,14,14,14,14,14,14,14,14,14,14
481183,2,1,1988,0,0,0,0,0,0,0,0,0,0
481184,1,1,1988,0,0,0,0,0,0,0,0,0,0
481185,1,1,1988,35,16,18,15,15,17,13,8,10,21
481186,1,1,1988,18,18,18,18,18,18,18,18,18,18
481187,1,1,1988,23,23,23,23,23,23,23,23,23,23
481187,2,1,1988,0,0,0,0,0,0,0,0,0,0
481188,0,1,1988,10,11,0,0,0,8,0,0,4,17
481188,1,1,1988,0,19,0,0,0,13,0,21,11,0
481189,0,1,1988,11,11,11,11,11,11,11,11,11,11
481189,1,1,1988,0,0,0,0,0,0,0,0,0,0
481190,1,1,1988,26,26,26,26,26,26,26,26,26,26
481191,1,1,1988,0,0,0,0,0,0,0,0,0,0
481193,1,1,1988,4,4,4,4,4,4,4,4,4,4
481194,0,1,1988,22,0,12,18,0,14,27,0,0,0
481194,1,1,1988,0,17,0,13,0,0,6,10,0,0
481195,1,1,1988,0,0,7,0,6,10,11,10,0,0
481196,0,1,1988,0,24,0,32,29,30,17,31,0,25
481196,1,1,1988,0,0,0,0,0,0,0,0,0,0
481197,1,1,1988,9,0,0,0,18,0,17,0,0,0
481197,2,1,1988,17,17,17,17,17,17,17,17,17,17
481198,1,1,1988,22,22,22,22,22,22,22,22,22,22
481199,1,1,1988,0,0,0,0,0,0,0,0,0,0
481199,2,1,1988,0,0,8,0,0,0,0,0,0,0
481200,0,1,1988,0,0,0,0,0,0,0,0,0,28
481200,1,1,1988,24,24,24,24,24,24,24,24,24,24
481201,1,1,1988,6,6,6,6,6,6,6,6,6,6
481202,1,1,1988,22,22,22,22,22,22,22,22,22,22
481202,2,1,1988,0,0,0,0,4,0,0,0,0,0
481203,0,1,1988,7,7,7,7,7,7,7,7,7,7
481203,1,1,1988,0,0,10,19,4,0,27,7,12,0
481204,1,1,1988,0,0,0,0,0,0,0,0,0,0
481204,2,1,1988,0,6,0,0,0,0,0,0,0,0
481205,1,1,1988,3,18,0,0,15,34,12,20,0,20
481206,0,1,1988,1,1,1,1,1,1,1,1,1,1
481206,1,1,1988,0,0,20,0,0,0,0,0,0,0