ST_CASE,VEH_NO,PER_NO,YEAR,P1,P2,P3,P4,P5,P6,P7,P8,P9,P10
481207,1,1,1988,25,23,0,14,0,8,14,0,15,34
481207,2,1,1988,21,17,0,0,0,0,5,0,15,22
481208,0,1,1988,0,0,0,0,0,0,0,0,0,0
481208,1,1,1988,0,0,0,0,0,0,0,0,0,0
481209,1,1,1988,0,0,0,0,0,0,0,0,0,0
481209,2,1,1988,0,5,0,0,0,0,0,0,0,0
481210,1,1,1988,25,25,25,25,25,25,25,25,25,25
481211,1,1,1988,29,29,29,29,29,29,29,29,29,29
481212,1,1,1988,0,0,0,0,0,0,0,0,0,0
481212,2,1,1988,21,21,21,21,21,21,21,21,21,21
481213,1,1,1988,0,0,0,0,0,0,0,0,0,15
481214,1,1,1988,0,0,0,0,0,0,0,0,0,9
481214,2,1,1988,0,0,0,0,0,0,0,0,0,0
481215,1,1,1988,25,9,20,26,15,13,13,20,7,17
481215,2,1,1988,19,19,19,19,19,19,19,19,19,19
481216,1,1,1988,7,9,8,15,11,10,9,16,7,6
481217,1,1,1988,0,0,0,0,0,0,0,0,0,0
481217,2,1,1988,0,0,0,0,0,0,0,14,0,0
481218,1,1,1988,19,19,19,19,19,19,19,19,19,19
481218,2,1,1988,0,0,0,0,0,0,0,0,0,0
481219,0,1,1988,0,0,0,0,0,0,0,0,0,0
481219,1,1,1988,0,0,0,0,0,0,0,0,0,0
481220,1,1,1988,0,0,0,0,0,0,17,0,0,0
481220,2,1,1988,11,11,11,11,11,11,11,11,11,11
481221,0,1,1988,0,0,0,0,0,0,0,0,0,0
481221,1,1,1988,0,0,0,0,0,0,0,0,0,0
481222,1,1,1988,18,18,18,18,18,18,18,18,18,18
481223,1,1,1988,17,17,17,17,17,17,17,17,17,17
481223,2,1,1988,0,0,16,0,0,0,0,6,18,16
481224,1,1,1988,11,11,11,11,11,11,11,11,11,11
481225,0,1,1988,0,0,0,0,0,8,16,0,0,0
481225,1,1,1988,0,10,0,0,0,0,14,0,0,0
481226,1,1,1988,24,24,24,24,24,24,24,24,24,24
481226,2,1,1988,0,0,0,0,0,0,0,0,0,0
481226,3,1,1988,17,0,0,6,19,8,0,15,0,14
481226,4,1,1988,0,0,18,0,0,0,0,0,0,0
481227,1,1,1988,11,11,11,11,11,11,11,11,11,11
481228,1,1,1988,25,10,20,5,17,20,15,13,24,34
481229,1,1,1988,25,25,25,25,25,25,25,25,25,25
481230,1,1,1988,19,19,19,19,19,19,19,19,19,19
481231,1,1,1988,10,10,10,10,10,10,10,10,10,10
481231,2,1,1988,0,0,0,0,0,0,0,14,0,0
481232,1,1,1988,22,22,22,22,22,22,22,22,22,22
481233,1,1,1988,29,29,29,29,29,29,29,29,29,29
481234,1,1,1988,0,0,0,0,0,0,0,0,0,0
481235,1,1,1988,0,0,0,8,0,0,0,0,0,0
481236,1,1,1988,25,25,25,25,25,25,25,25,25,25
481237,1,1,1988,23,23,23,23,23,23,23,23,23,23
481237,2,1,1988,0,0,10,20,0,0,16,0,13,13
481238,1,1,1988,7,0,0,11,0,0,0,0,7,0
481239,1,1,1988,19,19,19,19,19,19,19,19,19,19
481240,1,1,1988,0,0,0,0,0,0,0,0,0,0
481240,2,1,1988,0,0,0,0,0,0,0,0,0,0
481241,1,1,1988,8,8,8,8,8,8,8,8,8,8
481242,1,1,1988,6,9,17,0,6,0,0,0,0,0
481243,1,1,1988,35,35,35,35,35,35,35,35,35,35
481244,1,1,1988,0,0,0,0,0,0,0,0,0,0
481245,1,1,1988,0,0,0,0,0,0,0,0,0,0
481245,2,1,1988,1,1,1,1,1,1,1,1,1,1
481246,1,1,1988,21,21,21,21,21,21,21,21,21,21
481246,2,1,1988,0,0,0,0,0,0,0,0,0,0
481247,1,1,1988,0,0,0,0,0,0,0,0,0,0
481248,1,1,1988,0,19,14,0,29,0,19,0,11,0
481249,1,1,1988,7,7,7,7,7,7,7,7,7,7
481250,1,1,1988,0,0,0,0,0,0,0,0,0,0
481250,2,1,1988,0,0,0,0,0,0,0,0,0,0
481251,0,1,1988,0,0,0,0,0,0,0,0,0,0
481251,1,1,1988,0,0,0,0,0,0,0,0,0,0
481252,1,1,1988,0,0,0,0,0,0,0,0,0,0
481252,2,1,1988,0,0,7,0,0,0,0,0,0,0
481253,0,1,1988,0,31,0,0,0,9,0,0,0,0
481253,1,1,1988,0,0,0,0,21,0,0,0,0,0
481254,1,1,1988,28,28,28,28,28,28,28,28,28,28
481254,2,1,1988,0,31,0,0,0,0,0,0,0,10
481254,3,1,1988,0,0,0,0,0,0,0,0,0,0
481255,0,1,1988,0,0,43,0,0,0,0,0,0,0
481255,1,1,1988,0,0,0,0,0,0,0,0,0,0
481256,1,1,1988,18,18,18,18,18,18,18,18,18,18
481256,2,1,1988,17,17,17,17,17,17,17,17,17,17
481257,0,1,1988,26,20,23,19,23,17,16,20,41,18
481257,1,1,1988,0,0,4,0,0,0,0,22,0,0
481258,1,1,1988,0,13,0,0,0,0,0,0,0,0
481259,1,1,1988,15,0,16,11,32,23,19,20,27,45
481260,1,1,1988,18,18,18,18,18,18,18,18,18,18
481261,1,1,1988,0,0,0,0,14,0,0,0,0,0
481261,2,1,1988,8,8,8,8,8,8,8,8,8,8
481262,1,1,1988,14,14,14,14,14,14,14,14,14,14
481263,1,1,1988,16,16,16,16,16,16,16,16,16,16
481263,2,1,1988,0,0,0,0,0,0,0,0,0,0
481264,1,1,1988,24,34,17,0,33,0,31,9,7,28
481265,1,1,1988,2,0,6,0,0,0,12,0,0,0
481266,1,1,1988,0,5,0,0,0,0,0,8,0,0
481266,2,1,1988,0,0,0,0,0,11,0,0,0,0
481266,3,1,1988,0,0,0,0,0,0,0,0,0,0
481267,1,1,1988,0,0,0,0,0,0,0,0,0,0
481267,2,1,1988,0,0,0,0,0,23,0,0,0,0
481268,0,1,1988,9,0,0,0,11,0,15,19,18,14
481268,1,1,1988,13,24,0,0,0,14,0,13,0,0
481269,1,1,1988,0,0,0,0,0,0,0,0,0,0
481269,2,1,1988,0,0,0,0,0,0,0,0,0,9
481270,1,1,1988,9,19,0,15,13,17,27,26,17,14
481271,1,1,1988,0,0,0,0,0,0,0,0,0,0
481271,2,1,1988,0,9,14,12,0,0,0,0,14,0
481272,0,1,1988,0,0,0,0,0,0,0,0,0,0
481272,1,1,1988,0,0,0,0,0,0,0,0,0,0
481273,1,1,1988,18,24,32,25,8,8,22,17,16,35
481274,1,1,1988,0,0,0,0,0,0,0,0,0,0
481274,2,1,1988,23,23,23,23,23,23,23,23,23,23
481275,1,1,1988,26,26,26,26,26,26,26,26,26,26
481275,2,1,1988,20,0,0,0,0,0,0,21,8,16
481276,1,1,1988,31,31,31,31,31,31,31,31,31,31
481277,1,1,1988,0,0,0,8,0,0,0,0,12,0
481277,2,1,1988,0,0,0,0,0,0,0,0,0,0
481277,3,1,1988,0,0,23,0,0,0,0,0,0,0
481278,1,1,1988,0,0,0,0,0,0,0,0,0,8
481278,2,1,1988,0,0,0,0,0,0,0,0,0,0
481279,1,1,1988,12,0,0,0,0,0,0,0,0,0
481279,2,1,1988,0,0,0,0,0,0,0,0,0,0
481280,1,1,1988,21,0,23,0,0,20,0,23,0,8
481281,1,1,1988,29,29,29,29,29,29,29,29,29,29
481281,2,1,1988,0,0,0,0,0,0,0,0,0,0
481282,1,1,1988,0,0,0,0,0,0,0,0,0,0
481282,2,1,1988,0,0,0,0,0,0,0,0,0,0
481283,1,1,1988,0,0,0,0,0,0,0,0,0,0
481283,2,1,1988,0,0,0,0,0,0,0,0,0,0
481284,1,1,1988,0,15,18,2,15,21,31,18,17,17
481285,1,1,1988,0,0,0,0,0,0,0,0,0,0
481285,2,1,1988,0,0,0,0,0,0,0,5,0,0
481286,1,1,1988,17,17,17,17,17,17,17,17,17,17
481287,1,1,1988,22,22,22,22,22,22,22,22,22,22
481288,0,1,1988,0,0,0,0,0,0,0,0,0,0
481288,1,1,1988,0,17,20,20,9,0,15,0,8,0
481289,1,1,1988,3,0,0,11,10,15,0,0,0,21
481290,0,1,1988,0,0,0,0,0,0,0,0,19,21
481290,1,1,1988,0,0,0,0,0,0,0,0,0,0
481290,2,1,1988,0,0,0,0,0,17,0,0,0,0
481291,1,1,1988,11,16,6,20,23,6,31,12,23,9
481292,1,1,1988,13,0,0,0,0,0,0,18,15,0
481293,1,1,1988,0,0,0,0,5,9,0,0,0,0
481294,1,1,1988,37,37,37,37,37,37,37,37,37,37
481295,1,1,1988,0,0,0,0,0,0,0,0,0,0
481295,2,1,1988,0,0,0,0,0,0,0,0,0,0
481296,1,1,1988,13,13,13,13,13,13,13,13,13,13
481296,2,1,1988,9,0,0,0,0,0,0,0,14,0
481296,3,1,1988,0,0,0,13,3,0,9,16,0,0
481297,1,1,1988,0,0,0,0,0,0,0,0,0,0
481297,2,1,1988,0,0,0,0,0,0,0,0,0,0
481298,0,1,1988,0,0,0,0,0,0,0,0,0,0
481298,1,1,1988,0,0,0,0,0,0,0,0,0,0
481299,0,1,1988,0,16,0,0,0,0,0,0,0,0
481299,0,2,1988,0,0,27,22,0,0,0,21,11,0
481299,0,3,1988,0,16,7,0,0,0,18,0,21,3
481299,1,1,1988,0,0,0,0,0,0,0,0,0,0
481300,1,1,1988,14,14,14,14,14,14,14,14,14,14
481300,2,1,1988,17,17,17,17,17,17,17,17,17,17
481301,1,1,1988,0,0,0,0,0,0,0,13,0,14
481301,2,1,1988,20,0,0,0,8,0,0,0,0,0
481302,1,1,1988,0,0,0,0,0,18,0,0,22,0
481302,2,1,1988,0,0,0,0,0,0,0,0,0,0
481303,1,1,1988,0,14,0,0,0,0,0,0,0,0
481303,2,1,1988,24,0,15,0,19,14,21,0,0,18
481304,1,1,1988,24,24,24,24,24,24,24,24,24,24
481304,2,1,1988,3,3,3,3,3,3,3,3,3,3
481305,1,1,1988,0,0,0,0,0,0,0,0,0,0
481306,1,1,1988,30,12,22,30,4,27,4,19,19,12
481307,0,1,1988,0,0,0,0,0,0,0,0,0,0
481308,1,1,1988,16,16,16,16,16,16,16,16,16,16
481309,1,1,1988,20,20,20,20,20,20,20,20,20,20
481309,2,1,1988,0,24,0,11,0,0,0,0,0,0
481310,1,1,1988,30,30,30,30,30,30,30,30,30,30
481311,1,1,1988,11,11,11,11,11,11,11,11,11,11
481311,2,1,1988,18,18,18,18,18,18,18,18,18,18
481311,3,1,1988,0,0,17,0,0,0,0,25,23,0
481312,1,1,1988,23,23,23,23,23,23,23,23,23,23
481313,1,1,1988,25,25,25,25,25,25,25,25,25,25
481314,1,1,1988,20,20,20,20,20,20,20,20,20,20
481314,2,1,1988,0,0,0,13,0,0,0,0,5,0
481315,1,1,1988,0,0,0,0,0,0,0,0,14,0
481316,1,1,1988,0,30,0,0,0,0,0,26,0,0
481317,1,1,1988,0,0,0,0,0,0,0,0,6,0
481318,1,1,1988,0,0,0,0,0,0,0,0,0,0
481319,1,1,1988,0,0,0,0,0,0,0,0,0,0
481320,0,1,1988,0,0,0,0,19,0,0,0,0,0
481320,1,1,1988,0,0,0,0,0,0,0,10,0,0
481321,0,1,1988,0,0,0,0,0,0,0,0,0,0
481321,1,1,1988,0,0,0,0,0,0,0,11,0,0
481322,1,1,1988,14,14,14,14,14,14,14,14,14,14
481322,2,1,1988,0,0,0,0,0,0,0,0,0,0
481323,1,1,1988,12,0,3,0,6,0,0,0,13,0
481323,2,1,1988,18,18,18,18,18,18,18,18,18,18
481324,1,1,1988,0,0,0,0,0,0,0,0,0,0
481324,2,1,1988,0,0,19,0,0,0,0,0,16,15
481325,1,1,1988,0,0,0,0,0,0,0,0,0,5
481325,2,1,1988,0,20,0,21,0,0,0,0,0,0
481326,0,1,1988,25,25,25,25,25,25,25,25,25,25
481326,1,1,1988,6,0,0,10,0,7,0,0,0,0
481327,0,1,1988,0,0,0,0,0,17,0,0,0,0
481327,1,1,1988,15,8,14,3,0,11,11,11,3,33
481328,0,1,1988,0,0,0,0,0,0,0,0,0,0
481328,0,2,1988,0,0,0,0,0,0,0,0,0,0
481328,1,1,1988,0,0,0,0,0,0,0,0,0,0
481329,1,1,1988,0,0,0,0,0,0,0,0,0,0
481329,2,1,1988,0,0,0,0,0,0,0,0,0,0
481330,0,1,1988,18,0,22,4,0,14,0,0,33,0
481330,1,1,1988,0,10,8,10,3,6,30,8,15,10
481330,2,1,1988,4,16,5,14,22,0,17,14,4,0
481330,3,1,1988,0,0,0,0,0,0,3,0,0,0
481331,1,1,1988,0,10,0,0,5,20,5,0,0,19
481331,2,1,1988,0,0,0,0,0,0,0,0,12,0
481332,1,1,1988,2,0,14,16,22,10,10,21,23,13
481333,0,1,1988,0,0,0,0,0,0,0,0,0,0
481333,0,2,1988,0,0,0,0,0,0,0,0,0,0
481333,0,3,1988,0,0,0,0,0,0,0,0,0,0
481333,1,1,1988,30,30,30,30,30,30,30,30,30,30
481333,2,1,1988,0,0,0,0,0,0,0,0,0,0
481334,1,1,1988,0,0,0,0,0,0,0,0,0,6
481334,2,1,1988,0,29,4,0,19,14,0,0,8,0
481335,0,1,1988,9,0,14,0,12,29,14,0,0,0
481335,1,1,1988,0,0,0,0,0,11,0,0,0,0
481336,1,1,1988,22,22,22,22,22,22,22,22,22,22
481337,1,1,1988,2,0,7,0,8,11,10,7,0,0
481337,2,1,1988,0,0,0,0,0,22,0,0,0,0
481338,1,1,1988,11,0,11,0,0,0,0,0,0,0
481338,2,1,1988,0,0,0,15,7,20,21,14,0,0
481339,1,1,1988,0,0,0,0,0,0,0,0,0,0
481339,2,1,1988,11,11,11,11,11,11,11,11,11,11
481340,1,1,1988,0,0,0,0,0,0,0,0,0,0
481341,1,1,1988,0,0,0,0,0,0,0,0,0,0
481342,1,1,1988,0,0,0,0,0,0,0,0,0,0
481342,2,1,1988,0,0,0,0,0,0,0,0,0,0
481343,1,1,1988,0,0,8,17,0,8,0,16,0,0
481344,1,1,1988,0,0,0,0,0,0,0,0,0,0
481344,2,1,1988,0,0,0,0,0,0,0,0,0,0
481345,1,1,1988,11,11,11,11,11,11,11,11,11,11
481346,0,1,1988,0,0,0,0,0,0,0,0,0,0
481346,1,1,1988,8,0,0,0,0,0,0,0,0,0
481347,1,1,1988,0,0,0,0,0,0,0,0,0,0
481347,2,1,1988,0,0,8,0,0,0,0,0,0,0
481348,1,1,1988,0,0,0,0,0,0,0,0,0,0
481348,2,1,1988,0,11,0,0,29,0,0,0,0,0
481349,1,1,1988,8,8,8,8,8,8,8,8,8,8
481350,0,1,1988,0,0,0,0,27,0,0,11,0,0
481350,1,1,1988,0,0,0,0,0,0,6,0,0,0
481351,1,1,1988,15,0,0,0,0,0,0,0,0,0
481351,2,1,1988,0,0,0,0,0,0,0,0,0,0
481352,1,1,1988,0,0,0,0,0,0,0,0,0,0
481353,1,1,1988,0,0,0,0,12,0,0,0,0,0
481354,0,1,1988,0,16,12,0,0,0,0,0,0,0
481354,1,1,1988,0,0,0,0,0,0,0,0,0,0
481355,1,1,1988,26,26,26,26,26,26,26,26,26,26
481355,2,1,1988,12,18,9,19,0,10,8,15,15,15
481356,1,1,1988,38,38,38,38,38,38,38,38,38,38
481356,2,1,1988,0,0,9,0,21,0,0,0,0,0
481357,1,1,1988,0,0,0,0,0,0,0,0,0,0
481358,1,1,1988,0,0,17,24,15,38,12,23,16,26
481359,1,1,1988,17,13,6,12,16,15,22,15,7,33
481360,0,1,1988,0,0,0,0,0,0,0,0,0,25
481360,1,1,1988,0,0,17,0,0,0,0,0,18,0
481361,1,1,1988,19,19,19,19,19,19,19,19,19,19
481361,2,1,1988,0,0,0,0,0,0,0,0,0,0
481362,0,1,1988,0,0,0,0,0,0,0,0,0,0
481362,1,1,1988,0,0,0,0,0,21,0,0,0,0
481363,0,1,1988,5,5,5,5,5,5,5,5,5,5
481363,1,1,1988,0,0,0,0,0,20,0,0,0,0
481364,1,1,1988,0,0,0,0,0,0,0,0,0,0
481365,0,1,1988,0,0,0,24,0,0,0,0,0,0
481365,1,1,1988,0,0,0,0,0,0,0,0,0,0
481366,1,1,1988,0,0,0,0,0,0,0,0,0,0
481366,2,1,1988,0,0,0,0,0,0,0,0,0,0
481366,3,1,1988,0,0,0,0,0,0,0,0,0,0
481367,1,1,1988,24,24,24,24,24,24,24,24,24,24
481367,2,1,1988,0,0,0,0,0,0,0,0,0,0
481368,1,1,1988,0,0,0,0,0,0,0,0,0,0
481368,2,1,1988,0,0,0,0,0,0,0,0,0,0
481369,1,1,1988,20,20,20,20,20,20,20,20,20,20
481370,1,1,1988,29,29,29,29,29,29,29,29,29,29
481371,1,1,1988,18,18,18,18,18,18,18,18,18,18
481372,1,1,1988,0,0,0,0,0,0,0,0,0,0
481372,2,1,1988,29,29,29,29,29,29,29,29,29,29
481373,0,1,1988,18,18,18,18,18,18,18,18,18,18
481373,1,1,1988,0,3,0,13,17,10,28,5,6,0
481374,1,1,1988,17,17,17,17,17,17,17,17,17,17
481375,1,1,1988,14,14,14,14,14,14,14,14,14,14
481376,0,1,1988,0,0,0,0,0,0,0,11,0,22
481376,1,1,1988,0,0,0,0,0,0,0,0,0,0
481377,1,1,1988,0,5,0,0,0,14,0,0,0,0
481378,1,1,1988,17,17,17,17,17,17,17,17,17,17
481379,0,1,1988,11,11,11,11,11,11,11,11,11,11
481379,1,1,1988,19,0,16,9,13,0,9,0,3,0
481380,1,1,1988,0,7,18,0,16,0,0,0,19,0
481381,1,1,1988,0,0,0,0,0,0,0,0,0,0
481382,1,1,1988,18,18,18,18,18,18,18,18,18,18
481382,2,1,1988,0,0,0,0,0,0,0,0,0,0
481383,1,1,1988,1,1,1,1,1,1,1,1,1,1
481384,1,1,1988,11,8,8,5,3,0,0,11,7,4
481385,1,1,1988,4,4,4,4,4,4,4,4,4,4
481386,0,1,1988,23,10,20,23,30,0,10,0,20,34
481386,1,1,1988,5,17,17,0,0,0,6,0,0,26
481387,0,1,1988,36,18,27,16,29,12,9,11,21,18
481387,1,1,1988,24,0,0,0,0,0,0,7,0,0
481388,1,1,1988,15,15,15,15,15,15,15,15,15,15
481388,2,1,1988,0,0,0,0,0,0,13,0,0,0
481389,1,1,1988,16,10,16,13,31,18,17,11,12,8
481390,1,1,1988,0,0,0,0,0,0,0,0,0,0
481392,1,1,1988,0,0,0,0,0,0,0,0,10,0
481392,2,1,1988,9,6,0,0,0,0,7,5,15,0
481393,1,1,1988,15,13,19,19,21,10,12,28,18,15
481394,1,1,1988,17,17,17,17,17,17,17,17,17,17
481395,1,1,1988,0,21,16,0,16,16,22,20,9,0
481396,1,1,1988,0,12,0,14,0,0,0,0,0,0
481396,2,1,1988,13,0,0,0,16,0,0,0,0,0
481397,1,1,1988,0,0,0,0,0,0,0,0,0,16
481397,2,1,1988,0,0,0,0,0,0,13,0,19,0
481398,1,1,1988,7,7,7,7,7,7,7,7,7,7
481398,2,1,1988,0,0,0,0,0,0,0,0,0,0
481399,1,1,1988,0,0,0,0,0,0,0,0,0,0
481399,2,1,1988,0,0,0,0,0,0,0,0,0,0
481400,1,1,1988,0,0,0,0,0,0,0,0,0,0
481400,2,1,1988,24,0,0,0,0,0,5,0,0,0
481401,1,1,1988,20,27,30,37,12,20,17,0,25,22
481402,1,1,1988,0,29,0,0,23,32,17,20,31,24
481403,1,1,1988,0,0,0,0,0,0,0,0,0,0
481403,2,1,1988,0,0,0,0,0,0,0,0,0,0
481404,0,1,1988,0,0,0,0,0,23,0,0,0,0
481404,1,1,1988,0,0,0,7,0,0,0,0,0,0
481404,2,1,1988,0,0,0,0,0,0,0,0,0,0
481405,1,1,1988,21,21,21,21,21,21,21,21,21,21
481406,1,1,1988,0,9,11,13,20,6,8,20,32,0
481407,0,1,1988,0,0,0,0,0,0,0,0,0,0
481407,1,1,1988,0,0,0,0,11,0,8,0,0,0
481408,1,1,1988,0,0,0,0,19,0,11,0,0,18
481408,2,1,1988,0,0,0,0,0,0,0,0,0,0
481409,1,1,1988,38,38,38,38,38,38,38,38,38,38
481409,2,1,1988,0,11,23,16,0,0,0,27,9,0
481410,0,1,1988,0,0,0,0,0,0,0,0,0,0
481410,1,1,1988,23,21,14,9,11,12,14,11,0,14
481411,0,1,1988,0,0,0,0,0,0,0,0,0,0
481411,1,1,1988,0,0,0,0,20,0,0,0,0,0
481412,0,1,1988,0,0,0,0,0,0,0,0,0,0
481412,1,1,1988,0,0,0,0,0,0,0,0,0,0
481413,1,1,1988,18,18,18,18,18,18,18,18,18,18
481414,1,1,1988,17,0,0,0,0,15,0,0,0,0
481414,2,1,1988,7,0,4,0,14,0,8,0,7,0
481415,1,1,1988,13,13,13,13,13,13,13,13,13,13
481416,1,1,1988,21,12,0,3,0,12,7,0,16,0
481417,1,1,1988,0,6,13,0,16,0,0,0,18,0
481417,2,1,1988,15,12,0,1,20,8,0,0,16,0
481418,1,1,1988,0,0,0,0,0,0,0,0,0,0
481418,2,1,1988,0,0,0,0,0,0,0,0,0,0
481419,1,1,1988,24,25,15,6,7,25,18,5,27,5
481419,2,1,1988,6,15,28,0,15,12,7,13,0,11
481420,1,1,1988,0,0,15,20,0,0,0,0,0,5
481421,1,1,1988,0,0,0,0,0,0,0,0,0,0
481421,2,1,1988,0,0,0,0,0,0,0,0,0,0
481422,0,1,1988,0,0,0,0,0,0,0,0,0,0
481422,1,1,1988,0,0,0,0,0,0,0,0,9,0
481423,1,1,1988,0,0,0,0,0,0,0,0,0,0
481423,2,1,1988,0,0,0,0,0,0,0,11,0,0
481424,1,1,1988,23,23,23,23,23,23,23,23,23,23
481424,2,1,1988,18,12,4,14,13,5,0,14,0,0
481425,0,1,1988,0,0,0,0,0,0,0,0,0,0
481425,1,1,1988,17,17,17,17,17,17,17,17,17,17
481426,1,1,1988,32,5,14,6,0,0,23,5,0,5
481427,1,1,1988,14,14,14,14,14,14,14,14,14,14
481428,1,1,1988,15,15,15,15,15,15,15,15,15,15
481428,2,1,1988,22,0,2,17,0,10,25,0,0,0
481429,1,1,1988,20,20,20,20,20,20,20,20,20,20
481430,1,1,1988,15,7,26,19,0,25,37,29,12,17
481431,1,1,1988,0,0,0,0,0,0,0,0,0,0
481431,2,1,1988,0,0,0,0,0,0,0,0,0,0
481432,1,1,1988,0,0,0,0,0,0,0,0,0,0
481432,2,1,1988,0,0,0,0,0,0,0,0,0,0
481433,1,1,1988,0,0,0,0,0,0,0,0,0,0
481434,1,1,1988,0,0,0,0,0,0,0,0,0,0
481434,2,1,1988,0,0,0,0,0,0,0,0,0,0
481435,1,1,1988,19,19,19,19,19,19,19,19,19,19
481436,0,1,1988,0,0,0,0,0,0,0,0,0,0
481436,1,1,1988,0,0,0,0,0,0,0,0,0,0
481437,0,1,1988,0,0,0,0,0,0,0,0,0,0
481437,1,1,1988,0,0,0,0,0,0,0,12,0,0
481438,0,1,1988,0,0,0,0,0,0,0,0,0,0
481438,1,1,1988,0,0,0,0,0,0,0,24,0,0
481439,1,1,1988,9,9,9,9,9,9,9,9,9,9
481440,1,1,1988,14,14,14,14,14,14,14,14,14,14
481440,2,1,1988,12,12,12,12,12,12,12,12,12,12
481441,1,1,1988,7,7,7,7,7,7,7,7,7,7
481442,1,1,1988,28,28,28,28,28,28,28,28,28,28
481442,2,1,1988,3,3,3,3,3,3,3,3,3,3
481443,0,1,1988,19,18,37,13,0,0,0,17,0,40
481443,0,2,1988,0,0,0,15,19,0,27,0,0,0
481443,1,1,1988,22,22,22,22,22,22,22,22,22,22
481444,1,1,1988,0,0,0,0,0,0,0,0,0,0
481445,1,1,1988,0,0,0,0,0,0,0,0,0,0
481446,0,1,1988,0,0,0,0,0,0,0,0,0,0
481446,1,1,1988,19,14,0,0,13,0,0,0,0,0
481447,1,1,1988,0,0,0,0,0,0,10,0,0,0
481449,1,1,1988,0,0,0,0,0,0,0,0,0,0
481450,1,1,1988,0,0,0,2,0,16,0,0,0,10
481451,1,1,1988,0,0,0,0,0,0,0,0,0,0
481451,2,1,1988,0,0,0,0,0,0,0,0,0,0
481452,0,1,1988,4,4,4,4,4,4,4,4,4,4
481452,1,1,1988,0,0,0,0,0,0,15,34,0,0
481453,0,1,1988,15,15,15,15,15,15,15,15,15,15
481453,1,1,1988,0,16,0,0,0,0,21,0,0,0
481454,0,1,1988,0,0,0,0,0,0,0,0,23,0
481454,1,1,1988,0,0,0,0,0,0,0,0,0,0
481455,1,1,1988,0,0,17,10,0,0,17,0,0,0
481456,1,1,1988,0,0,0,0,0,9,0,0,0,0
481457,0,1,1988,0,0,0,0,0,0,0,0,0,0
481457,1,1,1988,18,0,0,0,0,0,0,9,0,0
481458,1,1,1988,13,0,0,0,0,0,0,0,0,0
481459,1,1,1988,5,5,5,5,5,5,5,5,5,5
481460,1,1,1988,0,0,0,0,0,0,0,0,0,0
481460,2,1,1988,0,0,0,0,0,0,0,2,0,0
481461,1,1,1988,6,6,6,6,6,6,6,6,6,6
481462,1,1,1988,32,32,32,32,32,32,32,32,32,32
481463,1,1,1988,21,21,21,21,21,21,21,21,21,21
481463,2,1,1988,0,20,0,0,0,0,0,0,0,0
481464,1,1,1988,16,16,16,16,16,16,16,16,16,16
481465,1,1,1988,0,0,0,0,0,0,0,0,0,0
481465,2,1,1988,0,0,0,0,0,0,0,0,0,0
481466,1,1,1988,0,0,0,0,10,0,0,0,0,0
481467,1,1,1988,8,8,8,8,8,8,8,8,8,8
481468,1,1,1988,0,0,0,0,0,0,0,0,0,0
481468,2,1,1988,0,0,0,0,0,0,0,0,0,0
481469,1,1,1988,21,17,7,13,19,0,10,0,8,10
481470,1,1,1988,0,0,0,12,19,0,0,12,0,0
481470,2,1,1988,25,0,9,0,0,0,0,25,0,0
481471,1,1,1988,0,0,0,0,0,0,0,0,0,0
481471,2,1,1988,0,0,0,0,0,0,0,0,0,0
481471,3,1,1988,0,0,0,0,0,0,0,0,0,0
481472,1,1,1988,6,6,6,6,6,6,6,6,6,6
481472,2,1,1988,0,0,0,6,0,0,0,0,0,0
481473,0,1,1988,0,0,0,0,0,0,0,0,0,0
481473,1,1,1988,0,0,16,0,13,23,0,21,0,0
481474,1,1,1988,20,2,10,0,10,11,8,10,18,19
481474,2,1,1988,0,0,0,18,0,14,0,0,0,0
481475,1,1,1988,0,0,0,0,0,0,0,0,0,0
481476,0,1,1988,24,24,24,24,24,24,24,24,24,24
481476,1,1,1988,15,15,15,15,15,15,15,15,15,15
481477,1,1,1988,5,5,5,5,5,5,5,5,5,5
481478,1,1,1988,23,23,23,23,23,23,23,23,23,23
481479,1,1,1988,30,23,7,0,0,7,10,10,0,8
481480,0,1,1988,0,0,0,0,0,0,0,0,0,0
481480,1,1,1988,0,23,12,13,19,37,0,17,25,5
481481,1,1,1988,6,6,6,6,6,6,6,6,6,6
481482,1,1,1988,0,23,15,0,20,18,13,23,0,31
481482,2,1,1988,13,13,13,13,13,13,13,13,13,13
481483,1,1,1988,4,4,4,4,4,4,4,4,4,4
481484,0,1,1988,0,0,0,0,0,0,0,0,0,0
481484,1,1,1988,0,0,0,0,0,0,0,0,0,0
481485,1,1,1988,2,30,0,0,0,21,0,18,0,0
481486,1,1,1988,24,24,24,24,24,24,24,24,24,24
481487,1,1,1988,0,0,0,9,0,0,0,0,0,0
481488,1,1,1988,20,0,13,11,14,18,11,5,21,10
481489,1,1,1988,4,28,9,0,21,15,13,6,14,7
481490,1,1,1988,7,7,7,7,7,7,7,7,7,7