ST_CASE,VEH_NO,PER_NO,YEAR,P1,P2,P3,P4,P5,P6,P7,P8,P9,P10
481491,1,1,1988,0,0,0,0,0,0,0,0,0,0
481491,2,1,1988,0,0,0,19,0,0,0,0,0,0
481492,0,1,1988,0,0,0,0,0,0,0,0,0,0
481492,0,2,1988,0,0,0,0,0,0,0,0,0,0
481492,1,1,1988,14,24,12,24,12,26,8,10,13,14
481493,1,1,1988,25,25,25,25,25,25,25,25,25,25
481494,0,1,1988,0,0,0,0,0,0,0,0,0,0
481494,1,1,1988,0,0,0,0,0,0,0,0,0,0
481495,0,1,1988,0,0,0,0,0,0,0,0,0,0
481495,1,1,1988,0,0,0,0,0,0,0,0,0,0
481496,1,1,1988,11,11,11,11,11,11,11,11,11,11
481496,2,1,1988,23,23,23,23,23,23,23,23,23,23
481497,1,1,1988,0,0,16,0,13,0,0,0,0,0
481497,2,1,1988,0,0,0,0,0,0,0,0,0,0
481498,1,1,1988,40,40,40,40,40,40,40,40,40,40
481499,0,1,1988,0,0,0,0,0,0,0,0,0,0
481499,1,1,1988,0,0,0,0,0,0,0,0,0,0
481500,1,1,1988,0,0,11,0,0,0,0,0,0,0
481500,2,1,1988,0,0,0,0,0,0,0,0,0,0
481501,1,1,1988,0,0,15,0,0,10,0,6,0,0
481502,0,1,1988,18,18,18,18,18,18,18,18,18,18
481502,0,2,1988,16,16,16,16,16,16,16,16,16,16
481502,1,1,1988,0,0,0,0,0,0,0,0,0,0
481503,1,1,1988,22,0,0,0,16,0,16,23,0,0
481503,2,1,1988,0,12,0,0,0,0,0,8,0,0
481504,1,1,1988,0,0,0,0,0,0,0,0,0,0
481504,2,1,1988,0,0,0,0,0,0,0,0,0,0
481505,1,1,1988,0,0,10,0,0,0,0,0,0,0
481505,2,1,1988,0,0,8,0,18,0,0,0,12,0
481506,1,1,1988,0,15,0,0,5,38,0,0,0,0
481506,2,1,1988,0,0,0,0,0,0,0,0,0,26
481507,1,1,1988,0,0,0,0,0,0,0,0,0,0
481507,2,1,1988,0,0,0,0,0,0,0,0,0,0
481508,0,1,1988,0,0,8,0,0,16,0,0,37,0
481508,1,1,1988,0,10,0,0,0,0,0,11,7,0
481509,1,1,1988,0,0,0,0,0,0,0,0,0,0
481510,1,1,1988,30,30,30,30,30,30,30,30,30,30
481511,1,1,1988,0,13,3,0,0,0,0,0,0,0
481511,2,1,1988,0,0,0,0,0,0,0,0,0,0
481512,1,1,1988,0,0,0,11,0,0,0,0,0,0
481512,2,1,1988,0,0,0,0,18,0,0,0,0,14
481513,1,1,1988,40,40,40,40,40,40,40,40,40,40
481514,1,1,1988,25,25,25,25,25,25,25,25,25,25
481514,2,1,1988,4,4,4,4,4,4,4,4,4,4
481515,1,1,1988,0,11,0,8,20,0,0,0,0,0
481515,2,1,1988,0,0,0,0,0,0,0,0,0,0
481516,1,1,1988,8,8,8,8,8,8,8,8,8,8
481517,1,1,1988,19,29,30,32,18,27,33,19,17,17
481518,1,1,1988,0,0,0,12,0,0,0,0,0,0
481519,1,1,1988,0,0,9,0,0,0,0,0,0,0
481519,2,1,1988,0,0,0,0,0,0,0,0,0,0
481520,1,1,1988,0,0,0,0,0,0,0,0,0,0
481520,2,1,1988,0,0,0,0,0,0,0,0,0,0
481521,1,1,1988,0,19,0,0,0,0,0,9,0,0
481521,2,1,1988,16,31,13,24,23,26,1,10,6,6
481522,1,1,1988,0,0,0,0,0,0,0,0,0,0
481522,2,1,1988,0,0,0,0,4,0,0,0,4,0
481523,1,1,1988,0,0,0,0,0,0,0,0,0,0
481524,1,1,1988,13,13,13,13,13,13,13,13,13,13
481525,1,1,1988,0,0,0,0,0,0,0,0,0,0
481526,0,1,1988,21,21,21,21,21,21,21,21,21,21
481526,1,1,1988,15,5,0,14,0,0,21,14,10,11
481527,0,1,1988,0,0,0,0,0,0,0,0,0,0
481527,1,1,1988,0,0,0,0,0,0,0,0,0,0
481528,1,1,1988,20,20,20,20,20,20,20,20,20,20
481529,1,1,1988,30,18,12,19,19,25,23,16,27,13
481530,1,1,1988,0,0,0,0,0,0,0,0,0,0
481531,1,1,1988,13,13,13,13,13,13,13,13,13,13
481532,1,1,1988,0,0,0,0,0,20,0,0,0,0
481532,2,1,1988,26,26,26,26,26,26,26,26,26,26
481533,1,1,1988,20,20,20,20,20,20,20,20,20,20
481533,2,1,1988,6,0,0,0,0,0,0,0,0,10
481534,1,1,1988,9,9,9,9,9,9,9,9,9,9
481534,2,1,1988,0,0,0,0,0,0,0,0,0,0
481536,1,1,1988,27,5,16,21,28,25,17,15,12,8
481537,1,1,1988,22,22,22,22,22,22,22,22,22,22
481538,1,1,1988,0,0,0,0,0,5,0,12,0,0
481538,2,1,1988,0,13,0,0,4,5,17,19,0,28
481538,3,1,1988,8,0,0,12,0,9,0,0,0,12
481539,0,1,1988,0,32,13,19,11,19,0,11,25,15
481539,0,2,1988,47,9,43,42,0,5,10,21,15,11
481539,1,1,1988,22,22,22,22,22,22,22,22,22,22
481540,0,1,1988,30,30,30,30,30,30,30,30,30,30
481540,1,1,1988,12,20,16,21,22,18,16,11,24,18
481541,1,1,1988,0,0,0,13,0,11,6,17,0,7
481542,0,1,1988,35,35,35,35,35,35,35,35,35,35
481542,1,1,1988,0,0,0,0,0,0,0,0,0,0
481543,0,1,1988,0,0,0,0,0,0,0,0,0,0
481543,1,1,1988,0,12,0,0,0,0,0,0,0,23
481544,1,1,1988,19,19,19,19,19,19,19,19,19,19
481545,1,1,1988,0,0,0,0,0,0,0,0,0,0
481546,1,1,1988,27,27,27,27,27,27,27,27,27,27
481547,1,1,1988,0,0,0,0,0,0,0,0,0,0
481548,1,1,1988,0,0,0,0,0,0,0,0,0,0
481548,2,1,1988,0,0,0,0,0,0,0,0,0,0
481549,0,1,1988,15,15,15,15,15,15,15,15,15,15
481549,1,1,1988,13,15,0,8,11,16,10,25,46,20
481550,1,1,1988,12,12,12,12,12,12,12,12,12,12
481550,2,1,1988,12,10,0,0,0,4,0,0,0,0
481551,0,1,1988,30,30,30,30,30,30,30,30,30,30
481551,1,1,1988,0,3,14,11,0,0,0,0,0,0
481552,1,1,1988,16,16,16,16,16,16,16,16,16,16
481553,1,1,1988,25,25,25,25,25,25,25,25,25,25
481554,1,1,1988,6,0,29,22,24,32,0,30,18,16
481555,1,1,1988,43,21,10,17,22,22,9,24,16,23
481556,0,1,1988,0,0,0,0,0,0,0,0,0,0
481556,1,1,1988,0,0,0,0,0,0,0,0,0,0
481557,1,1,1988,16,16,16,16,16,16,16,16,16,16
481558,0,1,1988,3,3,3,3,3,3,3,3,3,3
481558,1,1,1988,0,17,0,0,20,0,0,0,0,0
481559,0,1,1988,0,0,0,0,0,0,0,0,0,0
481559,1,1,1988,0,21,0,3,0,0,0,0,0,0
481559,3,1,1988,0,0,0,0,0,0,0,0,0,0
481560,1,1,1988,0,0,0,0,0,0,0,0,10,0
481560,2,1,1988,0,0,0,0,0,0,0,0,0,0
481561,1,1,1988,7,5,10,21,0,21,10,0,12,0
481561,2,1,1988,12,18,0,8,12,6,0,0,19,0
481561,3,1,1988,12,0,0,16,2,4,5,18,0,14
481561,4,1,1988,4,24,0,23,18,0,4,7,13,0
481562,1,1,1988,22,22,22,22,22,22,22,22,22,22
481563,1,1,1988,0,0,0,0,0,0,9,0,0,0
481563,2,1,1988,22,22,22,22,22,22,22,22,22,22
481564,0,1,1988,0,25,0,15,27,0,9,0,20,0
481564,0,2,1988,0,0,0,0,0,0,0,0,0,0
481564,1,1,1988,5,0,15,0,0,0,0,0,0,0
481565,1,1,1988,25,25,25,25,25,25,25,25,25,25
481566,1,1,1988,30,30,30,30,30,30,30,30,30,30
481567,1,1,1988,0,0,0,0,0,0,0,0,0,0
481567,2,1,1988,0,0,0,0,0,0,0,0,12,0
481568,1,1,1988,0,15,0,0,0,0,0,0,0,0
481569,1,1,1988,0,0,0,0,0,0,0,0,0,0
481570,1,1,1988,3,3,3,3,3,3,3,3,3,3
481571,1,1,1988,0,0,0,0,0,0,0,0,0,0
481571,2,1,1988,12,0,0,0,0,0,0,25,0,0
481571,3,1,1988,0,0,0,0,0,0,0,0,0,0
481572,1,1,1988,22,22,22,22,22,22,22,22,22,22
481573,1,1,1988,0,0,0,0,0,0,0,0,0,0
481573,2,1,1988,0,0,0,0,7,0,20,0,0,0
481574,1,1,1988,22,22,22,22,22,22,22,22,22,22
481575,1,1,1988,0,0,20,0,0,7,0,0,0,0
481576,1,1,1988,0,0,0,0,0,0,0,0,0,0
481577,1,1,1988,15,15,15,15,15,15,15,15,15,15
481578,1,1,1988,0,0,0,0,12,0,0,0,0,0
481578,2,1,1988,0,0,0,18,20,0,0,7,0,0
481579,1,1,1988,19,19,19,19,19,19,19,19,19,19
481580,1,1,1988,0,0,0,0,0,0,0,0,14,0
481580,2,1,1988,0,0,0,0,0,0,0,0,0,0
481581,1,1,1988,7,0,0,0,10,0,0,0,0,0
481582,1,1,1988,0,0,0,0,0,0,0,0,0,0
481583,1,1,1988,0,0,0,0,0,0,0,0,0,0
481583,2,1,1988,0,0,0,0,0,0,0,0,0,0
481584,1,1,1988,0,0,0,0,0,0,0,0,0,0
481584,2,1,1988,0,0,14,0,0,0,2,0,11,0
481585,1,1,1988,17,17,17,17,17,17,17,17,17,17
481586,1,1,1988,0,0,0,0,0,0,0,0,0,0
481586,2,1,1988,0,0,0,0,0,0,0,0,0,0
481587,0,1,1988,27,27,27,27,27,27,27,27,27,27
481587,1,1,1988,0,0,0,0,0,0,0,0,0,0
481588,0,1,1988,12,12,12,12,12,12,12,12,12,12
481588,1,1,1988,0,9,0,0,0,0,0,0,0,0
481588,2,1,1988,0,0,0,0,0,0,0,0,0,0
481589,0,1,1988,23,6,18,14,22,49,0,10,9,18
481589,0,2,1988,18,19,23,8,12,18,6,8,33,26
481589,1,1,1988,18,18,18,18,18,18,18,18,18,18
481590,1,1,1988,0,0,0,0,0,0,0,0,0,0
481591,1,1,1988,0,0,0,0,0,0,0,0,0,0
481591,2,1,1988,0,0,0,0,0,0,0,0,0,0
481592,1,1,1988,12,0,0,20,25,9,15,0,13,0
481593,1,1,1988,18,18,18,18,18,18,18,18,18,18
481594,1,1,1988,0,0,0,0,0,0,0,0,0,0
481594,2,1,1988,13,0,0,0,27,0,0,0,0,0
481595,0,1,1988,0,0,0,0,0,0,0,0,0,0
481595,1,1,1988,0,0,0,0,0,0,0,14,10,0
481596,1,1,1988,0,0,0,0,0,0,0,0,0,6
481596,2,1,1988,0,0,0,0,0,0,0,0,0,0
481597,1,1,1988,6,6,6,6,6,6,6,6,6,6
481598,1,1,1988,0,0,0,0,0,0,0,0,0,0
481598,2,1,1988,0,0,0,0,0,0,0,0,27,0
481599,1,1,1988,17,11,13,21,25,25,17,8,15,22
481600,1,1,1988,27,27,27,27,27,27,27,27,27,27
481600,2,1,1988,4,8,6,23,8,20,0,22,4,38
481601,0,1,1988,18,25,11,3,12,18,2,20,17,24
481601,1,1,1988,14,14,14,14,14,14,14,14,14,14
481601,2,1,1988,0,0,0,0,0,0,0,0,0,0
481601,3,1,1988,0,20,0,0,0,0,0,0,0,11
481602,0,1,1988,22,22,22,22,22,22,22,22,22,22
481602,1,1,1988,20,14,0,0,5,0,0,0,22,0
481603,1,1,1988,2,2,2,2,2,2,2,2,2,2
481604,1,1,1988,0,0,0,0,0,0,0,0,0,0
481604,2,1,1988,0,0,0,0,0,0,6,0,0,0
481604,3,1,1988,0,0,0,0,0,0,0,0,0,0
481604,4,1,1988,0,0,0,0,0,0,0,0,0,0
481605,1,1,1988,9,9,9,9,9,9,9,9,9,9
481606,1,1,1988,0,0,0,0,0,0,0,0,0,0
481606,2,1,1988,0,0,21,15,18,0,0,0,13,14
481606,3,1,1988,0,0,9,0,0,0,0,0,16,0
481607,0,1,1988,0,0,0,0,0,0,0,0,0,0
481607,1,1,1988,0,0,0,0,0,0,0,0,0,0
481608,1,1,1988,0,0,0,0,0,0,0,0,0,0
481609,1,1,1988,0,0,0,0,0,0,0,0,0,0
481610,1,1,1988,0,0,0,0,0,0,0,0,0,0
481610,2,1,1988,0,0,0,0,0,0,0,0,8,0
481610,3,1,1988,0,0,0,0,0,0,0,0,0,0
481611,0,1,1988,20,20,20,20,20,20,20,20,20,20
481611,1,1,1988,0,0,0,0,0,0,0,0,0,0
481611,2,1,1988,28,26,0,9,6,26,0,0,18,4
481612,0,1,1988,0,0,0,0,0,0,0,0,0,0
481612,1,1,1988,14,14,14,14,14,14,14,14,14,14
481613,1,1,1988,21,21,21,21,21,21,21,21,21,21
481614,1,1,1988,0,0,0,0,0,0,0,0,10,0
481614,2,1,1988,0,0,0,4,0,0,0,0,0,0
481615,1,1,1988,0,0,16,0,0,0,13,0,16,0
481616,1,1,1988,23,15,21,0,18,11,20,36,32,12
481617,1,1,1988,13,24,28,31,18,14,12,20,0,7
481618,1,1,1988,7,7,7,7,7,7,7,7,7,7
481619,0,1,1988,14,14,14,14,14,14,14,14,14,14
481619,0,2,1988,13,13,13,13,13,13,13,13,13,13
481619,1,1,1988,3,3,3,3,3,3,3,3,3,3
481620,0,1,1988,0,0,0,0,0,0,0,0,0,0
481620,1,1,1988,0,0,0,0,0,0,0,0,0,0
481621,1,1,1988,0,0,14,0,0,9,20,0,0,0
481621,2,1,1988,26,26,26,26,26,26,26,26,26,26
481622,1,1,1988,9,9,9,9,9,9,9,9,9,9
481622,2,1,1988,10,0,0,0,0,12,0,0,0,0
481623,1,1,1988,11,0,9,0,0,0,0,0,11,0
481623,2,1,1988,0,0,11,0,23,34,20,21,6,0
481624,1,1,1988,0,9,14,4,0,0,0,0,16,0
481624,2,1,1988,16,16,16,16,16,16,16,16,16,16
481625,1,1,1988,15,18,23,12,30,5,18,25,12,29
481625,2,1,1988,0,0,0,16,0,0,0,0,0,0
481626,0,1,1988,28,20,42,39,13,17,17,35,0,13
481626,1,1,1988,0,7,7,17,0,2,0,0,4,0
481627,1,1,1988,25,20,0,27,17,9,0,33,7,22
481629,1,1,1988,12,12,12,12,12,12,12,12,12,12
481630,1,1,1988,18,16,12,14,0,22,12,0,0,11
481631,1,1,1988,14,0,0,0,0,0,0,0,0,0
481632,0,1,1988,0,17,0,0,0,0,0,0,0,0
481632,1,1,1988,18,0,0,0,0,0,0,0,0,13
481633,1,1,1988,0,26,3,0,7,7,19,14,6,22
481634,0,1,1988,0,0,0,0,0,0,0,0,0,0
481634,1,1,1988,10,15,0,15,0,6,38,12,13,5
481635,1,1,1988,0,0,0,0,0,0,0,0,0,0
481635,2,1,1988,28,28,28,28,28,28,28,28,28,28
481636,1,1,1988,0,0,0,0,0,22,0,0,13,0
481636,2,1,1988,0,0,0,0,0,0,0,0,0,0
481637,0,1,1988,0,28,0,0,35,0,7,0,0,0
481637,1,1,1988,23,23,23,23,23,23,23,23,23,23
481638,1,1,1988,0,0,0,0,0,0,0,0,0,0
481638,2,1,1988,0,0,0,0,0,0,0,0,0,0
481639,1,1,1988,11,0,23,35,32,23,0,27,19,0
481640,1,1,1988,0,0,0,0,0,0,0,0,0,0
481640,2,1,1988,0,0,0,0,0,0,0,0,0,8
481641,1,1,1988,0,17,5,11,0,0,0,0,50,0
481642,1,1,1988,4,0,0,0,0,10,0,8,0,0
481642,2,1,1988,5,0,20,14,17,0,0,11,0,0
481643,1,1,1988,0,0,0,0,0,0,0,17,10,0
481643,2,1,1988,0,0,0,0,0,0,18,5,7,0
481643,3,1,1988,0,0,0,10,0,0,0,0,0,0
481644,0,1,1988,0,0,0,19,0,0,0,0,0,0
481644,1,1,1988,0,0,0,0,0,0,0,0,0,0
481645,1,1,1988,18,18,18,18,18,18,18,18,18,18
481645,2,1,1988,0,0,0,0,0,0,0,0,0,0
481646,0,1,1988,0,0,0,0,0,0,0,0,0,0
481646,1,1,1988,0,15,0,0,0,0,0,0,0,0
481647,0,1,1988,18,17,28,28,57,51,31,14,22,25
481647,1,1,1988,0,7,16,23,0,0,0,19,0,0
481648,1,1,1988,29,0,0,0,20,14,10,0,5,9
481649,1,1,1988,0,0,0,0,0,0,0,0,0,0
481649,2,1,1988,0,0,0,7,0,19,0,0,0,0
481650,1,1,1988,6,11,0,0,6,0,0,16,0,0
481650,2,1,1988,20,0,6,12,31,11,25,20,0,10
481651,1,1,1988,0,2,20,0,0,0,0,0,0,0
481651,2,1,1988,0,0,0,0,0,0,0,0,0,0
481652,1,1,1988,12,12,12,12,12,12,12,12,12,12
481653,1,1,1988,9,9,9,9,9,9,9,9,9,9
481654,1,1,1988,0,0,0,0,0,0,0,0,0,25
481654,2,1,1988,5,0,0,0,0,0,0,0,0,0
481655,1,1,1988,8,8,8,8,8,8,8,8,8,8
481655,2,1,1988,18,20,26,8,16,0,0,0,0,12
481656,1,1,1988,0,0,0,0,0,0,0,0,0,0
481656,2,1,1988,0,0,0,0,0,0,0,0,0,0
481657,1,1,1988,0,25,0,0,0,0,0,0,4,0
481657,2,1,1988,10,10,10,10,10,10,10,10,10,10
481658,1,1,1988,0,0,10,0,0,0,0,19,0,5
481658,2,1,1988,0,0,0,14,0,0,0,0,2,0
481659,1,1,1988,0,0,0,0,0,0,0,0,0,0
481659,2,1,1988,0,0,0,0,0,0,0,0,0,0
481660,1,1,1988,0,0,0,0,0,0,0,0,0,0
481661,1,1,1988,32,27,0,17,0,19,0,10,36,17
481662,1,1,1988,9,9,9,9,9,9,9,9,9,9
481662,2,1,1988,0,0,0,0,0,0,0,0,0,0
481663,1,1,1988,0,0,0,0,0,0,0,0,0,0
481664,0,1,1988,10,21,0,24,28,16,19,32,0,10
481664,1,1,1988,0,13,19,0,0,15,7,0,8,6
481665,1,1,1988,0,15,4,0,0,0,0,0,12,0
481665,2,1,1988,20,0,0,0,0,0,0,0,21,0
481666,0,1,1988,0,0,0,0,0,0,0,0,0,0
481666,1,1,1988,14,14,14,14,14,14,14,14,14,14
481667,1,1,1988,17,29,30,43,12,33,41,0,18,16
481668,1,1,1988,0,0,0,0,0,0,0,0,0,0
481669,1,1,1988,21,3,11,15,15,20,19,26,14,13
481670,1,1,1988,15,10,4,5,8,18,14,17,10,21
481671,1,1,1988,6,6,6,6,6,6,6,6,6,6
481672,1,1,1988,14,14,14,14,14,14,14,14,14,14
481673,0,1,1988,26,38,0,11,23,29,0,20,0,26
481673,1,1,1988,0,21,0,0,0,0,0,0,0,0
481674,1,1,1988,13,13,13,13,13,13,13,13,13,13
481675,1,1,1988,0,0,0,0,0,0,0,0,0,0
481676,1,1,1988,0,0,0,0,0,0,0,0,0,0
481677,1,1,1988,0,0,0,0,0,0,0,0,0,0
481678,1,1,1988,21,21,21,21,21,21,21,21,21,21
481679,1,1,1988,0,0,0,0,0,0,0,0,0,0
481679,2,1,1988,0,0,0,45,0,0,0,0,0,0
481679,3,1,1988,0,0,0,0,0,0,0,0,0,0
481680,0,1,1988,33,33,33,33,33,33,33,33,33,33
481680,1,1,1988,16,3,0,7,4,0,31,0,0,0
481680,2,1,1988,0,0,0,0,0,0,5,0,12,0
481680,3,1,1988,0,0,11,0,0,0,0,22,0,18
481681,1,1,1988,0,0,0,0,0,0,0,0,0,0
481681,2,1,1988,0,0,0,24,0,15,0,0,0,0
481682,0,1,1988,26,26,26,26,26,26,26,26,26,26
481682,1,1,1988,0,9,7,9,12,0,0,0,11,2
481683,0,1,1988,0,0,0,0,0,0,0,0,0,0
481683,1,1,1988,24,0,22,0,16,0,24,0,12,7
481684,1,1,1988,20,0,22,0,0,0,0,0,0,0
481684,2,1,1988,31,31,31,31,31,31,31,31,31,31
481685,0,1,1988,28,9,15,0,29,21,52,28,22,0
481685,1,1,1988,0,0,0,5,0,0,0,26,24,0
481686,0,1,1988,19,31,24,11,13,22,0,14,21,25
481686,1,1,1988,0,0,8,6,0,0,14,0,0,6
481687,1,1,1988,13,13,13,13,13,13,13,13,13,13
481688,1,1,1988,12,12,7,0,13,0,0,21,5,12
481688,2,1,1988,13,22,0,26,0,0,20,0,0,0
481689,1,5,1988,0,0,0,0,0,0,0,0,0,0
481690,1,1,1988,0,0,0,0,0,0,0,0,0,0
481691,1,1,1988,0,0,0,0,0,0,12,0,0,0
481692,1,1,1988,13,13,13,13,13,13,13,13,13,13
481693,1,1,1988,18,18,18,18,18,18,18,18,18,18
481693,2,1,1988,0,0,0,0,0,0,4,0,0,0
481694,1,1,1988,31,31,31,31,31,31,31,31,31,31
481695,1,1,1988,0,0,0,0,0,0,0,0,0,0
481696,1,1,1988,12,14,28,18,27,13,39,24,26,14
481697,1,1,1988,8,8,8,8,8,8,8,8,8,8
481698,1,1,1988,0,0,0,0,0,0,0,0,12,0
481699,1,1,1988,18,18,17,24,9,30,16,7,25,22
481700,1,1,1988,4,4,4,4,4,4,4,4,4,4
481701,1,1,1988,22,26,13,23,7,16,26,19,12,24
481702,1,1,1988,0,0,0,0,0,0,0,0,10,0
481702,2,1,1988,18,12,0,5,15,8,4,29,0,0
481703,1,1,1988,0,0,0,15,0,0,0,0,0,15
481704,1,1,1988,0,0,0,27,0,0,23,0,0,12
481705,1,1,1988,0,0,10,0,0,0,0,0,0,0
481706,1,1,1988,9,9,9,9,9,9,9,9,9,9
481707,1,1,1988,21,21,21,21,21,21,21,21,21,21
481708,0,1,1988,0,0,0,0,0,0,0,0,0,0
481708,1,1,1988,0,0,0,0,0,0,0,0,0,0
481709,1,1,1988,0,0,0,0,0,0,0,0,0,0
481710,1,1,1988,34,34,34,34,34,34,34,34,34,34
481711,1,1,1988,0,0,0,0,0,0,0,0,3,0
481712,1,1,1988,16,0,0,0,0,0,0,0,0,13
481713,0,1,1988,0,0,0,0,0,0,0,0,0,0
481713,1,1,1988,0,0,0,0,0,0,0,0,0,0
481714,1,1,1988,0,0,0,0,0,0,0,0,0,0
481715,1,1,1988,0,12,0,2,25,0,0,0,12,0
481715,2,1,1988,0,0,0,18,0,0,10,0,0,0
481716,1,1,1988,17,17,17,17,17,17,17,17,17,17
481717,1,1,1988,0,0,0,0,0,0,0,0,0,0
481718,0,1,1988,0,0,0,0,0,12,0,0,0,0
481718,1,1,1988,7,7,7,7,7,7,7,7,7,7
481719,1,1,1988,13,13,13,13,13,13,13,13,13,13
481720,1,1,1988,0,21,8,0,0,0,0,0,3,0
481720,2,1,1988,0,16,0,0,7,0,24,20,1,0
481721,0,1,1988,0,0,0,0,0,0,0,0,0,0
481721,1,1,1988,0,0,0,0,0,0,0,0,0,0
481722,0,1,1988,6,0,0,0,0,0,0,0,0,0
481722,1,1,1988,0,0,0,0,0,0,0,0,0,0
481723,1,1,1988,0,0,0,0,0,0,0,0,0,0
481723,2,1,1988,0,0,0,0,0,0,0,0,0,0
481724,1,1,1988,21,16,18,0,0,11,19,12,39,26
481725,1,1,1988,18,18,18,18,18,18,18,18,18,18
481726,1,1,1988,0,0,0,0,0,0,0,0,0,0
481726,2,1,1988,0,0,5,0,0,0,0,24,0,23
481727,1,1,1988,0,0,0,0,0,9,0,0,0,0
481727,2,1,1988,10,10,8,19,9,11,14,13,14,9
481728,0,1,1988,0,0,0,0,0,0,0,0,0,0
481728,1,1,1988,0,0,0,0,0,0,0,0,0,0
481729,1,1,1988,23,23,23,23,23,23,23,23,23,23
481730,1,1,1988,0,0,0,0,0,0,0,0,0,0
481730,2,1,1988,16,16,16,16,16,16,16,16,16,16
481731,1,1,1988,0,0,0,0,0,0,0,0,0,17
481731,2,1,1988,0,0,0,0,0,10,0,0,0,0
481731,3,1,1988,0,0,19,0,25,0,0,0,0,0
481732,1,1,1988,25,43,47,23,10,21,7,21,13,30
481733,1,1,1988,0,9,15,4,10,0,0,0,21,0
481733,2,1,1988,19,19,19,19,19,19,19,19,19,19
481734,1,1,1988,18,18,18,18,18,18,18,18,18,18
481734,2,1,1988,0,0,0,0,0,0,0,0,0,0
481735,1,1,1988,15,15,15,15,15,15,15,15,15,15
481736,1,1,1988,14,22,11,12,15,0,20,16,17,9
481737,1,1,1988,15,6,9,28,15,29,18,6,19,7
481738,1,1,1988,4,4,4,4,4,4,4,4,4,4
481739,1,1,1988,0,0,0,0,0,0,0,0,0,0
481739,2,1,1988,0,0,0,0,0,24,0,0,3,0
481740,1,1,1988,18,18,18,18,18,18,18,18,18,18
481741,0,1,1988,0,18,0,0,0,0,0,0,18,0
481741,1,1,1988,0,0,0,0,0,7,0,4,5,0
481742,1,1,1988,0,0,0,0,0,0,0,0,0,0
481742,2,1,1988,0,0,0,0,0,15,0,0,0,0
481743,1,1,1988,0,0,0,0,0,0,0,0,0,0
481743,2,1,1988,0,0,0,0,0,0,0,0,0,0
481744,0,1,1988,0,0,0,0,0,0,0,0,0,0
481744,1,1,1988,8,0,0,0,0,11,0,0,0,0
481745,1,1,1988,0,0,0,0,0,0,0,0,0,0
481745,2,1,1988,0,0,0,0,0,0,0,0,0,0
481746,1,1,1988,0,0,0,0,0,0,0,0,0,10
481747,1,1,1988,0,0,0,0,0,0,0,0,0,0
481747,2,1,1988,0,0,0,8,0,0,0,0,0,0
481748,1,1,1988,0,0,0,0,0,0,0,0,0,0
481748,2,1,1988,0,0,0,0,0,0,0,0,0,0
481748,3,1,1988,0,0,0,22,3,0,0,0,0,7
481748,4,1,1988,8,0,0,0,21,0,0,0,0,0
481748,5,1,1988,0,6,0,0,0,0,0,0,0,0
481748,6,1,1988,0,0,0,0,0,0,0,12,0,0
481748,7,1,1988,0,0,8,8,0,0,0,0,0,0
481748,8,1,1988,0,0,0,0,0,0,0,0,15,0
481749,1,1,1988,29,29,29,29,29,29,29,29,29,29
481749,2,1,1988,0,0,0,0,0,0,0,0,0,0
481750,1,1,1988,44,44,44,44,44,44,44,44,44,44
481751,1,1,1988,17,17,17,17,17,17,17,17,17,17
481751,2,1,1988,0,0,0,19,7,0,25,0,12,0
481752,1,1,1988,16,0,0,0,0,0,0,0,0,0
481752,2,1,1988,0,0,0,0,0,0,0,0,0,0
481752,3,1,1988,0,0,0,0,0,0,0,0,0,0
481753,1,1,1988,22,0,0,0,0,0,0,0,0,0
481754,1,1,1988,12,0,0,0,0,0,0,0,0,0
481754,2,1,1988,0,0,0,0,0,0,0,0,0,0
481754,3,1,1988,0,0,0,0,0,0,0,0,0,0
481755,1,1,1988,15,13,4,14,0,0,0,7,0,16
481756,1,1,1988,16,28,0,12,0,16,0,19,17,22
481757,0,1,1988,0,0,0,0,0,0,0,0,0,0
481757,1,1,1988,0,0,0,0,0,0,0,0,0,0
481758,1,1,1988,0,0,0,0,6,0,0,0,4,12
481758,2,1,1988,0,0,0,0,0,0,0,0,0,0
481759,1,1,1988,0,0,0,0,0,0,0,0,0,0
481759,2,1,1988,0,0,0,0,0,0,0,0,0,10
481760,1,1,1988,0,0,0,0,0,0,0,0,0,0
481761,1,1,1988,0,0,0,0,0,0,0,0,0,0
481762,1,1,1988,0,0,0,0,0,0,0,0,0,0
481763,1,1,1988,26,26,26,26,26,26,26,26,26,26
481764,0,1,1988,21,21,21,21,21,21,21,21,21,21
481764,1,1,1988,0,0,0,0,0,0,0,0,0,0
481765,1,1,1988,0,0,0,0,0,0,0,0,0,0
481766,1,1,1988,0,0,0,0,0,0,0,0,0,0
481766,2,1,1988,0,0,0,0,0,0,0,0,0,0
481767,1,1,1988,18,18,18,18,18,18,18,18,18,18
481768,1,1,1988,1,1,1,1,1,1,1,1,1,1
481769,1,1,1988,0,8,26,0,0,0,0,32,0,0