ST_CASE,VEH_NO,PER_NO,YEAR,P1,P2,P3,P4,P5,P6,P7,P8,P9,P10
481770,1,1,1988,0,0,0,0,0,0,0,0,20,0
481770,2,1,1988,0,0,0,0,0,0,0,0,0,0
481771,0,1,1988,19,19,19,19,19,19,19,19,19,19
481771,1,1,1988,0,0,0,0,0,0,0,0,0,0
481772,1,1,1988,26,26,26,26,26,26,26,26,26,26
481773,1,1,1988,13,13,13,13,13,13,13,13,13,13
481773,2,1,1988,0,0,0,0,0,0,0,0,0,0
481774,0,1,1988,0,0,0,0,0,0,0,0,0,0
481774,1,1,1988,0,0,0,0,0,0,0,0,0,0
481775,1,1,1988,0,0,0,0,0,0,0,0,0,0
481775,2,1,1988,0,0,15,10,0,0,0,0,0,20
481776,1,1,1988,20,20,20,20,20,20,20,20,20,20
481777,1,1,1988,0,0,0,0,0,0,0,0,0,0
481777,2,1,1988,0,0,0,0,0,4,0,0,0,0
481778,0,1,1988,0,0,13,0,0,10,0,0,0,0
481778,1,1,1988,29,2,0,0,0,0,0,0,0,33
481779,1,1,1988,20,20,20,20,20,20,20,20,20,20
481780,1,1,1988,22,22,22,22,22,22,22,22,22,22
481780,2,1,1988,0,0,16,0,0,0,0,9,0,0
481780,3,1,1988,10,0,0,0,0,7,13,16,0,0
481780,4,1,1988,0,0,0,0,0,0,0,0,0,0
481781,0,1,1988,28,28,28,28,28,28,28,28,28,28
481781,1,1,1988,0,0,0,0,0,7,0,19,17,9
481782,1,1,1988,0,0,0,17,0,0,0,0,0,0
481782,2,1,1988,0,0,0,0,0,0,0,0,0,0
481783,0,1,1988,0,22,19,0,0,24,0,0,0,14
481783,1,1,1988,0,15,0,0,13,0,0,15,0,0
481784,0,1,1988,0,0,0,23,8,0,0,13,32,29
481784,1,1,1988,2,18,21,3,15,0,27,24,11,13
481785,1,1,1988,0,0,0,0,0,0,0,0,0,0
481785,2,1,1988,0,0,0,0,0,0,4,0,0,0
481786,0,1,1988,0,0,0,0,0,0,0,0,0,0
481786,1,1,1988,0,0,0,13,21,17,13,0,0,23
481786,2,1,1988,0,10,11,14,13,20,0,10,32,0
481786,3,1,1988,0,0,0,0,12,0,0,12,0,0
481786,4,1,1988,22,0,0,0,0,8,0,10,0,9
481787,1,1,1988,0,0,6,0,0,9,0,0,0,8
481788,0,1,1988,13,0,0,19,33,30,0,0,14,0
481788,1,1,1988,14,0,0,0,0,0,0,0,0,10
481789,1,1,1988,10,10,10,10,10,10,10,10,10,10
481790,1,1,1988,0,0,0,0,0,0,0,0,0,0
481790,2,1,1988,0,0,0,0,0,0,0,0,0,0
481790,3,1,1988,0,0,0,0,0,0,0,0,0,0
481791,1,1,1988,13,0,0,30,0,0,0,0,8,22
481791,2,1,1988,24,24,24,24,24,24,24,24,24,24
481792,1,1,1988,21,21,21,21,21,21,21,21,21,21
481793,1,1,1988,29,0,13,18,18,16,27,10,25,16
481794,1,1,1988,20,20,20,20,20,20,20,20,20,20
481795,1,1,1988,20,20,20,20,20,20,20,20,20,20
481795,2,1,1988,0,0,0,0,0,0,10,0,0,0
481796,1,1,1988,0,0,0,0,0,0,0,0,0,0
481797,0,1,1988,0,0,0,0,0,0,0,0,0,0
481797,1,1,1988,0,0,0,0,0,6,0,9,0,0
481798,0,1,1988,0,0,0,12,0,0,32,0,0,0
481799,1,1,1988,20,23,33,19,14,17,18,16,25,30
481800,1,1,1988,0,9,0,0,0,0,0,0,12,0
481800,2,1,1988,0,0,0,0,0,0,0,0,0,0
481801,1,1,1988,0,0,0,0,0,0,29,35,0,0
481802,0,1,1988,0,0,0,0,0,0,0,0,0,0
481802,1,1,1988,0,0,0,0,0,0,0,0,0,0
481803,0,1,1988,11,16,0,37,9,0,34,0,17,9
481803,1,1,1988,14,14,14,14,14,14,14,14,14,14
481804,1,1,1988,15,15,15,15,15,15,15,15,15,15
481805,1,1,1988,10,20,0,11,5,0,0,17,29,0
481806,1,1,1988,27,27,27,27,27,27,27,27,27,27
481807,1,1,1988,23,23,23,23,23,23,23,23,23,23
481808,1,1,1988,0,0,0,0,0,0,0,0,0,0
481809,1,1,1988,0,0,0,0,0,0,0,9,0,0
481809,2,1,1988,0,0,0,0,0,0,0,0,0,0
481810,0,1,1988,0,24,23,19,13,0,22,37,0,0
481810,1,1,1988,0,4,0,8,0,0,0,0,0,0
481811,1,1,1988,11,11,11,11,11,11,11,11,11,11
481812,1,1,1988,21,10,33,16,12,15,22,16,24,18
481813,0,1,1988,0,0,0,0,0,0,0,0,0,0
481813,0,2,1988,0,0,0,0,0,0,0,0,0,0
481813,1,1,1988,0,0,0,0,0,0,0,0,0,0
481814,1,1,1988,0,0,0,0,0,0,0,0,0,0
481815,1,1,1988,16,16,16,16,16,16,16,16,16,16
481816,1,1,1988,0,0,0,0,0,0,0,0,0,0
481817,1,1,1988,6,9,16,0,5,22,0,0,0,0
481818,0,1,1988,0,0,0,0,0,0,0,0,0,0
481818,1,1,1988,0,0,0,0,0,0,0,0,0,0
481819,0,1,1988,22,0,0,0,0,13,0,0,4,0
481819,1,1,1988,0,0,0,0,0,0,0,0,0,0
481820,1,1,1988,0,13,20,9,0,0,0,15,0,0
481820,2,1,1988,0,0,0,0,0,0,0,0,6,0
481821,0,1,1988,0,11,0,0,0,0,0,0,0,0
481821,1,1,1988,0,0,0,0,0,0,0,0,23,0
481822,1,1,1988,0,0,0,0,0,0,0,0,0,0
481823,1,1,1988,29,29,29,29,29,29,29,29,29,29
481824,1,1,1988,10,26,15,34,7,26,29,0,24,11
481825,1,1,1988,20,20,20,20,20,20,20,20,20,20
481826,1,1,1988,25,25,25,25,25,25,25,25,25,25
481827,1,1,1988,16,16,16,16,16,16,16,16,16,16
481828,1,1,1988,19,19,19,19,19,19,19,19,19,19
481828,2,1,1988,0,0,0,25,0,25,0,3,0,0
481829,1,1,1988,12,12,12,12,12,12,12,12,12,12
481830,1,1,1988,5,5,5,5,5,5,5,5,5,5
481831,0,1,1988,0,0,0,0,0,0,0,0,0,0
481831,1,1,1988,0,0,17,0,0,0,0,0,0,15
481832,1,1,1988,17,26,25,29,0,7,5,25,10,28
481833,1,1,1988,21,10,30,23,0,16,29,25,25,23
481834,1,1,1988,0,17,0,0,12,12,0,6,0,10
481835,1,1,1988,0,7,20,0,0,0,0,0,0,0
481835,2,1,1988,0,0,0,0,0,0,0,0,0,0
481836,1,1,1988,24,24,24,24,24,24,24,24,24,24
481837,1,1,1988,10,10,10,10,10,10,10,10,10,10
481838,1,1,1988,0,0,0,0,0,0,0,0,0,0
481838,2,1,1988,0,0,0,0,6,0,0,0,0,0
481839,1,1,1988,0,21,0,11,0,0,0,0,12,0
481839,2,1,1988,0,0,0,6,0,0,12,0,0,0
481840,1,1,1988,0,0,0,0,0,0,0,0,0,0
481840,2,1,1988,0,0,0,0,22,4,0,20,0,0
481841,1,1,1988,18,18,18,18,18,18,18,18,18,18
481841,2,1,1988,0,0,0,0,0,0,0,0,0,0
481842,0,1,1988,32,32,32,32,32,32,32,32,32,32
481842,1,1,1988,0,4,0,8,26,0,0,10,11,25
481843,1,1,1988,0,0,0,0,0,0,0,0,0,0
481843,2,1,1988,0,0,0,0,0,0,0,0,0,0
481844,1,1,1988,18,18,18,18,18,18,18,18,18,18
481844,2,1,1988,0,0,0,0,0,0,0,0,0,0
481845,1,1,1988,0,0,0,0,0,0,0,0,22,0
481846,1,1,1988,0,0,0,14,0,0,0,20,19,0
481846,2,1,1988,0,0,0,0,0,0,0,0,0,0
481847,1,1,1988,0,13,0,9,0,4,0,0,11,0
481847,2,1,1988,7,7,7,7,7,7,7,7,7,7
481848,1,1,1988,0,0,0,0,0,0,0,0,0,0
481848,2,1,1988,0,0,0,0,0,0,0,0,0,0
481849,0,1,1988,0,0,0,0,0,0,0,0,0,0
481849,1,1,1988,0,0,0,0,0,0,0,0,0,0
481850,0,1,1988,10,0,0,26,18,0,0,6,25,22
481850,1,1,1988,0,7,0,5,15,20,0,0,0,0
481851,1,1,1988,29,29,29,29,29,29,29,29,29,29
481852,1,1,1988,13,13,13,13,13,13,13,13,13,13
481853,1,1,1988,12,12,12,12,12,12,12,12,12,12
481854,1,1,1988,20,20,20,20,20,20,20,20,20,20
481855,1,1,1988,7,7,7,7,7,7,7,7,7,7
481856,1,1,1988,0,0,0,0,0,12,21,0,25,0
481857,1,1,1988,15,15,15,15,15,15,15,15,15,15
481858,1,1,1988,15,12,13,13,27,16,12,23,23,7
481859,1,1,1988,10,10,10,10,10,10,10,10,10,10
481860,1,1,1988,0,0,0,0,0,0,0,0,0,0
481860,2,1,1988,0,0,0,0,0,0,0,0,0,0
481861,1,1,1988,23,23,23,23,23,23,23,23,23,23
481862,1,1,1988,6,22,20,0,10,17,20,19,19,21
481863,1,1,1988,0,0,0,0,0,0,0,0,0,0
481863,2,1,1988,0,0,6,0,14,0,14,17,0,0
481864,1,1,1988,20,20,20,20,20,20,20,20,20,20
481864,2,1,1988,11,20,15,17,0,16,5,0,11,7
481864,3,1,1988,20,0,0,0,0,3,0,6,0,20
481864,4,1,1988,11,19,0,0,7,0,0,0,0,9
481865,1,1,1988,0,0,0,0,0,0,0,0,0,0
481866,1,1,1988,0,15,0,0,13,17,0,7,0,13
481867,0,1,1988,29,29,29,29,29,29,29,29,29,29
481867,1,1,1988,0,19,16,0,0,0,0,0,7,0
481867,2,1,1988,0,3,7,13,0,0,0,0,16,24
481868,1,1,1988,34,34,34,34,34,34,34,34,34,34
481869,1,1,1988,7,7,7,7,7,7,7,7,7,7
481870,1,1,1988,0,0,0,0,0,0,0,0,0,15
481870,2,1,1988,0,0,0,0,0,0,0,0,0,0
481871,1,1,1988,0,0,0,0,0,0,0,0,0,0
481872,1,1,1988,12,14,21,15,16,16,17,17,4,11
481872,2,1,1988,7,12,0,20,0,0,0,17,10,0
481873,1,1,1988,0,0,0,0,0,0,0,0,0,0
481873,2,1,1988,0,0,0,0,0,0,0,0,0,0
481874,1,1,1988,0,0,0,0,0,0,0,0,0,0
481874,2,1,1988,0,0,0,0,0,0,0,0,0,0
481875,1,1,1988,14,22,14,22,3,16,9,16,7,11
481876,1,1,1988,25,25,25,25,25,25,25,25,25,25
481877,1,1,1988,6,6,6,6,6,6,6,6,6,6
481877,2,1,1988,0,0,0,0,0,0,0,11,0,9
481878,1,1,1988,0,0,0,0,0,0,0,0,0,0
481878,2,1,1988,0,0,0,0,0,13,0,0,0,0
481878,3,1,1988,0,0,0,0,0,0,0,0,0,0
481879,1,1,1988,29,29,29,29,29,29,29,29,29,29
481879,2,1,1988,0,0,0,0,0,0,0,0,0,0
481879,3,1,1988,0,0,0,0,0,0,0,0,0,0
481879,4,1,1988,0,0,0,0,0,0,0,0,0,0
481880,1,1,1988,20,20,20,20,20,20,20,20,20,20
481880,2,1,1988,18,18,18,18,18,18,18,18,18,18
481881,1,1,1988,6,0,0,0,14,0,26,0,27,3
481881,2,1,1988,10,0,0,0,12,0,0,26,13,0
481881,3,1,1988,21,0,0,0,0,0,0,0,0,7
481881,4,1,1988,0,0,0,0,19,0,0,0,0,0
481882,1,1,1988,14,23,0,0,17,18,13,21,25,20
481883,1,1,1988,16,16,16,16,16,16,16,16,16,16
481884,1,1,1988,0,0,0,0,0,0,0,0,0,0
481884,2,1,1988,0,0,0,0,0,0,0,0,0,0
481886,1,1,1988,0,0,0,0,0,10,0,0,0,0
481886,2,1,1988,0,0,0,0,0,0,0,0,0,0
481887,0,1,1988,23,30,0,0,0,19,25,0,23,23
481887,1,1,1988,13,13,13,13,13,13,13,13,13,13
481888,1,1,1988,13,13,13,13,13,13,13,13,13,13
481889,0,1,1988,33,37,6,18,12,34,24,29,27,3
481889,1,1,1988,6,5,0,0,22,0,0,0,0,0
481890,0,1,1988,0,0,0,0,0,0,0,0,0,0
481890,1,1,1988,0,0,0,0,0,0,0,0,0,0
481891,1,1,1988,0,0,0,0,0,0,0,0,0,0
481891,2,1,1988,0,0,0,0,0,0,0,0,0,0
481892,1,1,1988,0,0,0,0,0,0,0,0,0,0
481893,1,1,1988,0,0,0,0,0,0,0,0,0,0
481893,2,1,1988,0,0,0,0,3,0,0,0,0,0
481893,3,1,1988,0,0,0,0,0,0,0,0,0,0
481894,1,1,1988,0,0,0,0,0,0,31,0,0,0
481894,2,1,1988,4,0,0,0,0,0,0,0,0,0
481894,3,1,1988,0,0,0,0,0,0,0,0,0,0
481894,4,1,1988,0,0,0,0,0,23,0,0,0,0
481895,0,1,1988,37,0,0,0,24,0,0,0,0,0
481895,1,1,1988,0,0,9,9,8,0,30,0,0,0
481896,0,1,1988,0,0,0,0,14,0,0,15,0,9
481896,1,1,1988,0,0,0,0,0,0,0,0,0,0
481897,0,1,1988,12,8,35,0,0,14,22,13,8,33
481897,1,1,1988,19,19,19,19,19,19,19,19,19,19
481898,1,1,1988,0,0,0,0,0,0,0,0,0,0
481898,2,1,1988,0,0,11,0,0,0,0,0,0,0
481899,1,1,1988,0,0,19,13,20,0,22,13,23,20
481900,1,1,1988,0,0,0,0,0,0,0,0,0,0
481900,2,1,1988,0,0,25,0,18,23,0,0,0,19
481901,1,1,1988,0,0,0,0,0,0,0,0,0,0
481902,1,1,1988,24,5,13,0,15,16,23,0,0,30
481903,1,1,1988,0,0,17,0,15,0,0,0,0,0
481904,1,1,1988,0,0,0,0,0,0,0,0,0,0
481904,2,1,1988,27,27,27,27,27,27,27,27,27,27
481905,1,1,1988,32,32,32,32,32,32,32,32,32,32
481905,2,1,1988,3,0,0,0,0,0,0,0,0,0
481906,1,1,1988,36,0,0,14,21,0,13,0,12,0
481907,1,1,1988,0,0,0,0,0,29,0,0,0,0
481908,0,1,1988,23,23,23,23,23,23,23,23,23,23
481908,1,1,1988,0,0,0,0,0,0,0,0,0,0
481909,1,1,1988,0,0,8,19,0,0,16,7,0,17
481909,2,1,1988,0,0,0,0,0,0,0,13,0,7
481910,0,1,1988,25,25,25,25,25,25,25,25,25,25
481910,1,1,1988,15,15,15,15,15,15,15,15,15,15
481911,1,1,1988,0,0,0,0,0,0,0,0,0,0
481911,2,1,1988,0,0,0,0,0,11,0,0,0,4
481912,1,1,1988,11,0,12,8,16,0,0,0,0,19
481912,2,1,1988,0,0,0,0,0,0,13,0,0,0
481913,1,1,1988,0,0,0,0,0,0,0,0,0,0
481913,2,1,1988,0,0,22,0,0,0,0,15,0,0
481914,1,1,1988,0,0,0,0,0,0,19,0,0,0
481915,1,1,1988,21,21,21,21,21,21,21,21,21,21
481915,2,1,1988,0,14,0,7,17,0,18,9,10,15
481916,1,1,1988,14,14,14,14,14,14,14,14,14,14
481916,2,1,1988,13,13,13,13,13,13,13,13,13,13
481917,1,1,1988,18,11,18,12,11,23,23,14,20,17
481918,1,1,1988,4,4,4,4,4,4,4,4,4,4
481918,2,1,1988,0,0,0,0,0,0,0,0,0,0
481919,0,1,1988,0,0,0,0,0,0,0,0,0,0
481919,1,1,1988,0,0,0,0,0,0,0,0,0,0
481920,1,1,1988,18,18,18,18,18,18,18,18,18,18
481921,1,1,1988,24,24,24,24,24,24,24,24,24,24
481922,1,1,1988,0,0,0,0,0,0,0,0,0,0
481922,2,1,1988,0,0,0,0,0,0,0,0,0,0
481923,1,1,1988,11,11,11,11,11,11,11,11,11,11
481924,1,1,1988,17,17,17,17,17,17,17,17,17,17
481925,1,1,1988,12,12,12,12,12,12,12,12,12,12
481925,2,1,1988,0,0,0,0,0,0,0,0,0,0
481926,0,1,1988,0,0,0,0,0,0,0,0,0,0
481926,1,1,1988,0,0,0,0,0,0,0,0,13,0
481927,1,1,1988,9,9,9,9,9,9,9,9,9,9
481928,1,1,1988,0,0,0,0,0,0,0,0,0,0
481929,1,1,1988,18,18,18,18,18,18,18,18,18,18
481930,1,1,1988,0,0,0,0,0,0,0,0,0,14
481930,2,1,1988,0,0,0,0,0,0,0,0,0,0
481931,0,1,1988,0,0,8,8,0,16,0,0,0,0
481931,1,1,1988,0,3,14,18,0,7,19,18,30,0
481932,1,1,1988,21,21,21,21,21,21,21,21,21,21
481933,1,1,1988,0,0,0,0,0,0,0,0,0,0
481934,1,1,1988,18,0,12,0,0,0,9,0,0,32
481934,2,1,1988,0,0,0,12,0,0,0,35,0,0
481935,1,1,1988,0,0,0,0,0,0,0,18,0,0
481936,1,1,1988,0,17,0,0,0,13,0,0,0,0
481936,2,1,1988,0,0,0,0,0,0,0,19,0,0
481936,3,1,1988,0,0,0,0,0,0,0,0,0,0
481937,1,1,1988,7,7,7,7,7,7,7,7,7,7
481938,1,1,1988,0,0,21,12,15,24,23,21,7,12
481938,2,1,1988,7,12,0,0,0,0,13,0,0,0
481939,1,1,1988,0,0,0,0,0,0,0,0,0,0
481939,2,1,1988,0,0,0,0,0,0,0,0,0,0
481940,1,1,1988,0,9,0,0,0,0,22,26,0,13
481940,2,1,1988,0,0,0,0,0,0,0,0,0,0
481941,1,1,1988,14,0,36,0,27,0,33,15,12,0
481942,1,1,1988,20,20,20,20,20,20,20,20,20,20
481943,1,1,1988,0,0,26,22,0,0,5,14,26,31
481943,2,1,1988,0,0,0,0,0,0,8,0,0,0
481944,1,1,1988,51,51,51,51,51,51,51,51,51,51
481945,0,1,1988,0,0,0,0,0,0,0,0,0,0
481945,1,1,1988,0,0,0,0,0,0,0,0,0,0
481946,1,1,1988,0,0,0,0,0,0,0,0,0,0
481946,2,1,1988,0,0,0,0,0,0,0,0,0,0
481946,3,1,1988,0,0,0,0,0,0,0,0,0,0
481947,0,1,1988,0,0,0,0,0,0,0,0,0,0
481947,1,1,1988,0,0,0,0,0,0,0,0,0,0
481948,1,1,1988,0,0,0,0,0,16,0,0,27,0
481949,0,1,1988,0,0,0,0,0,0,0,0,0,0
481949,1,1,1988,0,0,0,0,0,0,0,0,0,0
481950,1,1,1988,0,0,0,0,0,0,0,0,0,0
481950,2,1,1988,0,0,0,0,0,0,0,0,0,0
481951,1,1,1988,13,13,13,13,13,13,13,13,13,13
481952,1,1,1988,0,24,0,0,0,0,23,16,0,8
481953,0,1,1988,0,0,0,0,0,0,0,0,0,0
481953,1,1,1988,0,0,0,0,0,0,9,0,0,0
481954,0,1,1988,18,0,16,0,10,0,0,8,0,0
481954,1,1,1988,0,0,0,0,0,0,0,0,0,0
481955,1,1,1988,23,34,8,0,15,30,27,17,16,0
481956,1,1,1988,23,23,23,23,23,23,23,23,23,23
481956,2,1,1988,0,0,0,0,23,0,0,0,0,9
481956,3,1,1988,0,0,0,12,0,0,19,0,0,10
481956,4,1,1988,0,0,15,24,0,14,27,29,20,17
481957,1,1,1988,0,0,0,0,0,0,0,0,0,0
481957,2,1,1988,0,0,0,0,0,0,0,0,0,0
481958,0,1,1988,23,23,23,23,23,23,23,23,23,23
481958,1,1,1988,0,0,0,0,0,0,0,0,0,0
481959,1,1,1988,23,7,0,15,5,24,13,37,18,29
481960,1,1,1988,0,0,0,0,0,0,0,0,0,0
481960,2,1,1988,0,0,0,0,0,21,0,0,0,0
481961,1,1,1988,27,27,27,27,27,27,27,27,27,27
481962,1,1,1988,12,12,12,12,12,12,12,12,12,12
481963,1,1,1988,0,0,0,0,0,0,0,0,0,0
481963,2,1,1988,0,0,0,0,0,0,0,0,0,0
481964,1,1,1988,34,34,34,34,34,34,34,34,34,34
481965,0,1,1988,0,11,0,0,13,4,0,0,6,8
481965,0,2,1988,6,19,5,38,15,20,15,41,0,16
481965,1,1,1988,19,19,19,19,19,19,19,19,19,19
481966,1,1,1988,20,20,20,20,20,20,20,20,20,20
481967,1,1,1988,0,17,9,0,0,10,0,0,0,0
481967,2,1,1988,16,16,16,16,16,16,16,16,16,16
481968,0,1,1988,13,13,13,13,13,13,13,13,13,13
481968,1,1,1988,9,18,0,0,19,16,0,0,9,0
481969,0,1,1988,0,0,0,0,0,0,0,0,0,0
481969,1,1,1988,0,0,0,0,0,0,0,0,0,0
481970,0,1,1988,30,30,30,30,30,30,30,30,30,30
481970,1,1,1988,0,0,10,3,0,7,0,0,17,0
481971,1,1,1988,24,24,24,24,24,24,24,24,24,24
481972,0,1,1988,0,0,0,0,0,0,0,0,0,24
481972,1,1,1988,0,0,0,0,0,0,0,0,0,0
481973,1,1,1988,10,28,0,0,9,9,0,4,14,14
481973,2,1,1988,4,4,4,4,4,4,4,4,4,4
481974,0,1,1988,0,13,3,0,24,0,10,0,0,19
481974,1,1,1988,5,0,0,0,8,0,13,0,0,0
481975,1,1,1988,12,13,11,2,29,22,10,23,20,20
481976,1,1,1988,12,12,12,12,12,12,12,12,12,12
481977,1,1,1988,28,28,28,28,28,28,28,28,28,28
481978,0,1,1988,0,15,33,0,17,27,0,6,17,10
481978,1,1,1988,15,0,11,14,8,0,8,0,9,13
481979,0,1,1988,6,0,15,34,23,0,0,19,17,47
481979,1,1,1988,0,0,0,0,0,0,0,14,0,0
481980,0,1,1988,4,4,4,4,4,4,4,4,4,4
481980,0,2,1988,32,18,38,8,10,13,17,5,10,0
481980,0,3,1988,20,8,0,23,17,21,11,4,14,14
481980,1,1,1988,15,15,15,15,15,15,15,15,15,15
481981,1,1,1988,0,0,0,0,0,0,0,0,0,0
481982,0,1,1988,0,0,0,0,0,0,0,0,0,0
481982,1,1,1988,19,15,28,9,0,0,0,10,0,20
481983,1,1,1988,4,4,4,4,4,4,4,4,4,4
481984,1,1,1988,20,20,20,20,20,20,20,20,20,20
481985,1,1,1988,15,15,15,15,15,15,15,15,15,15
481986,1,1,1988,0,0,30,0,0,0,0,0,0,0
481987,1,1,1988,12,19,11,11,17,6,23,12,28,18
481987,2,1,1988,25,20,0,26,24,19,13,11,25,37
481988,1,1,1988,25,25,25,25,25,25,25,25,25,25
481989,1,1,1988,0,0,0,0,0,0,0,0,0,0
481990,0,1,1988,0,0,2,0,36,29,0,0,14,0
481990,1,1,1988,7,7,7,7,7,7,7,7,7,7
481991,0,1,1988,24,12,0,0,0,14,35,19,21,0
481991,1,1,1988,0,0,0,15,0,0,0,0,0,0
481992,1,1,1988,0,8,10,0,0,0,18,0,0,0
481992,2,1,1988,0,0,0,0,0,0,22,0,0,0
481993,1,1,1988,18,18,18,18,18,18,18,18,18,18
481994,1,1,1988,5,24,15,21,18,35,25,0,15,40
481995,1,1,1988,25,25,25,25,25,25,25,25,25,25
481995,2,1,1988,0,0,0,0,0,0,0,0,0,0
481996,1,1,1988,29,29,29,29,29,29,29,29,29,29
481997,1,1,1988,22,22,22,22,22,22,22,22,22,22
481998,1,1,1988,0,0,0,0,12,25,0,15,0,0
481999,1,1,1988,17,17,17,17,17,17,17,17,17,17
482000,1,1,1988,13,0,11,18,20,0,23,0,14,24
482000,2,1,1988,14,9,37,10,0,0,0,0,0,0
482001,0,1,1988,0,0,0,0,0,0,0,0,0,0
482001,1,1,1988,13,16,9,22,23,13,14,18,31,21
482002,1,1,1988,0,0,0,0,0,0,0,0,0,0
482003,0,1,1988,15,20,16,2,0,33,19,4,9,0
482003,1,1,1988,20,20,20,20,20,20,20,20,20,20
482004,1,1,1988,0,0,0,0,0,0,0,0,0,0
482004,2,1,1988,4,4,4,4,4,4,4,4,4,4
482005,1,1,1988,0,0,0,0,0,0,0,0,0,0
482006,1,1,1988,14,8,0,14,19,0,10,0,0,0
482006,2,1,1988,0,13,9,29,0,23,14,4,0,7
482007,0,1,1988,0,0,0,0,0,17,17,0,0,0
482007,1,1,1988,0,0,0,0,0,0,0,0,0,0
482008,1,1,1988,2,2,2,2,2,2,2,2,2,2
482009,1,1,1988,12,12,12,12,12,12,12,12,12,12
482010,1,1,1988,17,0,26,25,22,22,10,13,12,19
482011,1,1,1988,4,0,0,0,12,4,0,0,0,0
482012,1,1,1988,0,0,3,0,0,0,0,0,0,0
482013,1,1,1988,15,15,15,15,15,15,15,15,15,15
482014,1,1,1988,14,0,0,0,25,0,0,0,16,0
482015,1,1,1988,0,0,0,0,0,0,0,0,0,12
482015,2,1,1988,0,0,0,0,0,0,0,0,0,0
482016,1,1,1988,22,22,22,22,22,22,22,22,22,22
482017,1,1,1988,14,14,14,14,14,14,14,14,14,14
482017,2,1,1988,0,0,0,0,0,0,0,0,0,0
482018,0,1,1988,0,20,35,0,0,25,0,0,0,0
482018,1,1,1988,9,0,0,0,0,17,0,16,8,24
482019,1,1,1988,0,0,0,0,0,0,0,0,0,0
482020,1,1,1988,4,4,4,4,4,4,4,4,4,4
482020,2,1,1988,0,0,0,0,0,0,0,0,0,0
482021,1,1,1988,18,18,18,18,18,18,18,18,18,18
482021,2,1,1988,3,3,3,3,3,3,3,3,3,3
482021,3,1,1988,0,0,0,0,0,0,0,0,0,0
482022,1,1,1988,14,0,26,8,0,4,0,29,19,14
482023,1,1,1988,5,0,0,0,0,15,0,0,0,15
482024,1,1,1988,0,0,0,0,7,0,0,0,10,0
482024,2,1,1988,18,18,18,18,18,18,18,18,18,18
482024,3,1,1988,0,0,0,0,0,0,0,0,0,0
482025,1,1,1988,0,0,0,0,0,0,0,0,0,0
482025,2,1,1988,0,0,0,0,0,0,0,0,0,0
482026,1,1,1988,0,0,0,0,0,0,0,0,0,0
482026,2,1,1988,21,0,0,0,0,3,0,0,0,0
482027,1,1,1988,0,0,0,0,0,0,9,0,0,0
482028,0,1,1988,0,11,39,38,0,25,0,23,14,33
482028,1,1,1988,17,17,17,17,17,17,17,17,17,17
482029,0,1,1988,15,15,15,15,15,15,15,15,15,15
482029,1,1,1988,0,0,0,0,0,0,0,6,0,0
482030,0,1,1988,21,21,21,21,21,21,21,21,21,21
482030,1,1,1988,0,2,0,0,0,18,15,0,8,0
482030,2,1,1988,0,5,36,33,7,0,12,0,21,0
482031,1,1,1988,20,28,17,0,19,29,24,13,14,0
482032,1,1,1988,5,5,5,5,5,5,5,5,5,5
482033,1,1,1988,0,0,0,0,6,0,0,0,0,0
482033,2,1,1988,0,0,0,0,14,15,23,0,7,28
482034,0,1,1988,42,42,42,42,42,42,42,42,42,42
482034,1,1,1988,2,2,2,2,2,2,2,2,2,2
482034,2,1,1988,0,0,0,0,0,0,0,0,0,0
482035,1,1,1988,17,16,17,0,0,24,8,17,26,18
482036,1,1,1988,0,0,0,0,0,0,0,0,0,0
482036,2,1,1988,8,8,8,8,8,8,8,8,8,8
482036,3,1,1988,11,11,11,11,11,11,11,11,11,11
482037,1,1,1988,0,0,0,0,0,0,0,0,0,0
482038,1,1,1988,23,0,24,15,14,11,19,27,0,14
482038,2,1,1988,0,6,14,0,31,0,21,23,9,23
482039,1,1,1988,0,0,0,0,0,0,0,0,0,0
482040,1,1,1988,0,0,0,0,0,0,0,0,0,0
482041,0,1,1988,0,0,18,34,0,0,0,0,20,0
482041,1,1,1988,4,4,4,4,4,4,4,4,4,4
482042,1,1,1988,27,27,27,27,27,27,27,27,27,27
482043,1,1,1988,0,0,19,3,7,6,0,0,0,0
482043,2,1,1988,0,0,0,0,0,0,0,0,0,9
482044,1,1,1988,0,0,0,0,6,0,0,14,0,0
482044,2,1,1988,0,24,19,0,0,0,0,0,10,30
482045,1,1,1988,21,21,21,21,21,21,21,21,21,21
482045,2,1,1988,13,0,31,11,0,0,0,13,0,0