ST_CASE,VEH_NO,PER_NO,YEAR,P1,P2,P3,P4,P5,P6,P7,P8,P9,P10
482046,0,1,1988,31,31,31,31,31,31,31,31,31,31
482046,1,1,1988,0,18,0,0,0,8,9,0,6,0
482047,1,1,1988,0,0,0,0,0,0,0,0,0,0
482047,2,1,1988,0,0,0,0,0,0,0,0,0,0
482048,1,1,1988,0,0,0,0,0,8,0,0,0,4
482048,2,1,1988,22,25,12,0,12,22,17,17,6,19
482049,1,1,1988,9,0,0,0,0,0,0,0,0,0
482049,2,1,1988,0,0,0,5,0,0,0,0,36,0
482049,3,1,1988,0,0,0,21,0,0,0,0,0,0
482050,0,1,1988,0,0,0,0,0,0,0,0,0,0
482050,1,1,1988,0,0,0,0,0,0,0,0,0,0
482051,0,1,1988,16,16,16,16,16,16,16,16,16,16
482051,1,1,1988,0,0,10,0,0,0,0,0,0,0
482052,1,1,1988,0,0,0,0,0,0,0,0,0,0
482052,2,1,1988,0,0,0,0,0,0,0,0,0,0
482053,1,1,1988,21,21,21,21,21,21,21,21,21,21
482054,1,1,1988,19,19,19,19,19,19,19,19,19,19
482055,0,1,1988,18,18,18,18,18,18,18,18,18,18
482055,1,1,1988,0,0,0,0,0,0,0,0,0,0
482056,1,1,1988,0,0,0,0,0,0,0,0,0,0
482056,2,1,1988,0,0,0,0,0,0,0,0,0,0
482057,1,1,1988,24,24,24,24,24,24,24,24,24,24
482058,1,1,1988,0,0,0,6,23,0,0,0,14,0
482059,1,1,1988,0,16,0,0,11,0,14,18,17,17
482060,0,1,1988,0,0,0,0,21,22,0,0,0,0
482060,1,1,1988,0,0,0,11,0,13,19,0,12,11
482061,1,1,1988,4,4,4,4,4,4,4,4,4,4
482061,2,1,1988,12,12,12,12,12,12,12,12,12,12
482062,1,1,1988,0,0,0,0,0,0,0,0,6,0
482062,2,1,1988,0,20,0,0,0,0,0,0,0,0
482064,1,1,1988,9,12,18,0,16,29,0,0,26,12
482065,1,1,1988,17,0,0,0,0,0,13,0,0,0
482066,1,1,1988,19,19,19,19,19,19,19,19,19,19
482066,2,1,1988,6,6,6,6,6,6,6,6,6,6
482067,1,1,1988,7,7,7,7,7,7,7,7,7,7
482067,2,1,1988,22,22,22,22,22,22,22,22,22,22
482068,1,1,1988,14,14,14,14,14,14,14,14,14,14
482068,2,1,1988,8,8,8,8,8,8,8,8,8,8
482069,1,1,1988,22,0,0,39,11,18,6,0,0,18
482070,0,1,1988,25,25,25,25,25,25,25,25,25,25
482070,1,1,1988,0,16,0,19,0,0,0,0,23,0
482071,1,1,1988,19,19,19,19,19,19,19,19,19,19
482072,1,1,1988,1,1,1,1,1,1,1,1,1,1
482073,1,1,1988,26,26,26,26,26,26,26,26,26,26
482074,1,1,1988,0,0,0,0,0,0,0,0,0,0
482075,1,1,1988,0,6,9,10,10,0,21,30,0,0
482076,0,1,1988,0,0,0,0,0,0,0,0,0,0
482076,1,1,1988,0,13,0,0,0,0,0,0,0,0
482077,1,1,1988,0,0,0,0,0,0,0,0,0,13
482077,2,1,1988,0,0,0,0,0,0,0,0,0,0
482078,1,1,1988,0,0,0,0,0,11,23,8,12,0
482079,1,1,1988,20,11,15,0,20,14,15,0,18,13
482080,1,1,1988,0,0,0,0,0,0,0,0,0,0
482080,2,1,1988,0,0,0,0,0,0,0,0,0,0
482080,3,1,1988,0,0,0,0,11,0,0,0,0,0
482081,1,1,1988,0,0,0,9,0,0,4,0,0,0
482081,2,1,1988,15,15,15,15,15,15,15,15,15,15
482082,1,1,1988,17,17,17,17,17,17,17,17,17,17
482082,2,1,1988,0,0,0,0,0,0,0,0,0,0
482083,1,1,1988,0,0,0,0,0,0,0,0,0,0
482083,2,1,1988,0,0,8,19,0,6,26,15,3,0
482084,1,1,1988,0,0,0,0,0,0,0,0,0,0
482084,2,1,1988,0,0,0,0,0,0,0,0,0,0
482085,1,1,1988,8,8,8,8,8,8,8,8,8,8
482086,1,1,1988,31,31,31,31,31,31,31,31,31,31
482087,1,1,1988,18,18,18,18,18,18,18,18,18,18
482088,1,1,1988,0,0,0,0,0,0,0,0,0,0
482089,1,1,1988,14,14,14,14,14,14,14,14,14,14
482090,1,1,1988,0,15,0,16,0,0,9,10,12,7
482091,1,1,1988,0,0,0,0,0,0,0,0,0,0
482092,1,1,1988,27,27,27,27,27,27,27,27,27,27
482092,2,1,1988,0,0,0,0,0,0,0,16,0,0
482093,1,1,1988,35,35,35,35,35,35,35,35,35,35
482093,2,1,1988,0,0,0,0,0,0,8,0,3,11
482094,1,1,1988,8,13,28,15,20,32,9,21,15,10
482095,1,1,1988,4,0,0,0,16,0,0,0,0,10
482095,2,1,1988,14,14,14,14,14,14,14,14,14,14
482096,0,1,1988,5,5,5,5,5,5,5,5,5,5
482096,1,1,1988,9,9,9,9,9,9,9,9,9,9
482097,1,1,1988,17,26,18,19,9,0,13,20,28,45
482098,1,1,1988,20,20,20,20,20,20,20,20,20,20
482098,2,1,1988,3,8,7,12,0,24,6,18,26,9
482099,1,1,1988,28,28,28,28,28,28,28,28,28,28
482100,1,1,1988,12,12,12,12,12,12,12,12,12,12
482100,2,1,1988,11,11,11,11,11,11,11,11,11,11
482101,1,1,1988,17,17,17,17,17,17,17,17,17,17
482102,1,1,1988,0,0,0,0,0,0,0,0,0,0
482103,1,1,1988,0,0,0,0,0,0,0,0,0,0
482104,1,1,1988,12,12,12,12,12,12,12,12,12,12
482105,0,1,1988,0,0,0,0,0,0,0,0,0,0
482105,1,1,1988,4,4,4,4,4,4,4,4,4,4
482106,1,1,1988,0,0,0,0,0,0,0,0,0,0
482106,2,1,1988,0,0,0,0,0,0,0,0,0,0
482107,1,1,1988,0,0,0,0,15,0,0,0,0,0
482107,2,1,1988,0,0,0,31,15,0,0,0,0,0
482108,1,1,1988,0,0,11,26,8,10,23,6,0,17
482109,1,1,1988,6,6,6,6,6,6,6,6,6,6
482110,1,1,1988,4,4,4,4,4,4,4,4,4,4
482111,1,1,1988,0,9,0,20,0,0,0,15,0,0
482112,1,1,1988,0,0,0,0,0,0,0,0,0,0
482112,2,1,1988,0,3,15,0,4,0,24,0,5,0
482113,1,1,1988,26,26,26,26,26,26,26,26,26,26
482114,0,1,1988,0,0,0,0,0,0,0,0,0,0
482114,1,1,1988,0,0,5,13,0,24,0,0,0,0
482115,1,1,1988,0,0,0,0,0,0,0,0,0,0
482116,1,1,1988,13,27,0,19,24,15,28,23,13,36
482117,1,1,1988,30,30,30,30,30,30,30,30,30,30
482118,1,1,1988,0,0,0,0,0,0,0,9,0,0
482119,1,1,1988,45,45,45,45,45,45,45,45,45,45
482120,1,1,1988,23,23,23,23,23,23,23,23,23,23
482121,0,1,1988,0,0,0,0,0,0,0,0,0,0
482121,1,1,1988,0,0,0,0,0,0,0,0,0,0
482122,0,1,1988,0,0,0,0,0,0,0,0,0,14
482122,1,1,1988,16,0,0,0,0,0,0,0,0,0
482123,1,1,1988,0,0,0,0,19,0,0,0,0,0
482123,2,1,1988,0,0,0,0,0,0,0,0,0,0
482124,1,1,1988,0,0,0,0,0,0,0,0,0,0
482124,2,1,1988,0,0,0,0,0,0,0,0,0,9
482125,1,1,1988,10,10,10,10,10,10,10,10,10,10
482126,1,1,1988,17,17,17,17,17,17,17,17,17,17
482127,1,1,1988,0,0,0,0,0,0,0,0,0,0
482128,1,1,1988,21,21,21,21,21,21,21,21,21,21
482129,1,1,1988,23,23,23,23,23,23,23,23,23,23
482129,2,1,1988,0,0,0,0,0,0,0,0,0,0
482130,1,1,1988,0,14,0,0,0,0,4,5,0,0
482130,2,1,1988,0,0,0,0,0,0,0,0,0,0
482131,0,1,1988,0,0,0,0,0,0,0,0,0,0
482131,0,2,1988,0,0,0,0,0,0,0,0,0,0
482131,0,3,1988,0,0,0,0,0,0,0,0,0,0
482131,0,4,1988,0,0,0,0,0,0,0,0,0,0
482131,0,5,1988,0,0,0,0,0,0,0,0,0,0
482131,1,1,1988,0,0,0,0,0,0,0,0,0,0
482132,1,1,1988,23,6,16,18,24,13,0,33,0,0
482133,0,1,1988,21,0,0,20,14,21,11,14,16,20
482133,1,1,1988,0,0,0,0,0,0,0,0,0,0
482134,0,1,1988,0,0,20,7,0,0,0,0,0,0
482135,0,1,1988,0,0,0,0,0,0,0,0,0,0
482135,0,2,1988,0,0,0,10,0,0,0,0,6,0
482135,1,1,1988,9,0,0,0,0,0,0,0,0,0
482136,1,1,1988,0,0,0,0,0,0,0,0,0,0
482137,1,1,1988,0,0,0,3,13,0,7,4,17,22
482138,1,1,1988,20,0,0,0,0,0,10,0,0,15
482138,2,1,1988,2,11,11,0,5,0,0,0,0,0
482138,3,1,1988,2,0,0,0,0,0,0,0,0,0
482139,1,1,1988,0,0,0,0,0,0,0,0,0,0
482140,1,1,1988,0,0,0,0,0,0,0,0,0,0
482140,2,1,1988,0,0,0,24,0,0,0,0,0,0
482141,1,1,1988,0,0,0,0,0,0,0,0,0,0
482142,1,1,1988,0,0,0,0,0,6,0,0,0,0
482143,2,1,1988,0,0,0,0,0,0,0,0,0,0
482144,1,1,1988,20,20,20,20,20,20,20,20,20,20
482145,1,1,1988,14,14,14,14,14,14,14,14,14,14
482146,0,1,1988,0,0,0,0,0,0,0,0,0,0
482146,1,1,1988,0,0,0,0,0,0,0,0,0,0
482147,1,1,1988,4,0,0,0,0,0,0,0,11,0
482147,2,1,1988,0,0,0,0,0,0,0,0,0,0
482148,1,1,1988,22,22,22,22,22,22,22,22,22,22
482149,1,1,1988,0,0,0,0,0,0,0,0,0,0
482149,2,1,1988,0,0,0,0,0,0,0,0,0,0
482150,1,1,1988,19,19,19,19,19,19,19,19,19,19
482151,1,1,1988,10,10,10,10,10,10,10,10,10,10
482152,1,1,1988,0,20,0,0,26,0,13,0,0,8
482152,2,1,1988,0,0,0,0,0,0,0,0,0,0
482153,1,1,1988,22,0,0,0,0,0,0,0,0,0
482154,1,1,1988,0,0,0,0,0,0,0,0,0,0
482154,2,1,1988,0,9,0,0,0,8,0,2,0,33
482155,1,1,1988,0,0,0,0,0,0,0,0,0,0
482155,2,1,1988,0,0,0,0,13,0,6,0,0,0
482156,1,1,1988,0,0,0,0,0,0,0,0,0,0
482157,1,1,1988,0,0,0,0,0,0,0,0,0,0
482157,2,1,1988,0,16,0,0,0,17,0,0,0,0
482158,1,1,1988,0,0,0,0,0,0,0,0,0,0
482159,1,1,1988,0,0,0,0,0,0,0,0,0,0
482159,2,1,1988,0,0,0,0,0,0,0,0,0,0
482160,1,1,1988,19,19,19,19,19,19,19,19,19,19
482161,0,1,1988,0,21,16,0,0,15,0,40,0,0
482161,0,2,1988,10,10,29,15,19,21,0,0,0,28
482161,1,1,1988,12,12,12,12,12,12,12,12,12,12
482162,1,1,1988,0,0,0,0,0,0,0,0,0,0
482163,0,1,1988,0,0,0,0,0,0,0,0,0,0
482163,1,1,1988,0,0,0,0,0,0,0,0,0,0
482164,1,1,1988,0,0,0,0,0,0,0,0,0,0
482165,1,1,1988,0,0,0,0,0,0,0,0,0,0
482166,1,1,1988,6,6,6,6,6,6,6,6,6,6
482166,2,1,1988,0,15,12,0,0,0,0,0,0,0
482167,1,1,1988,15,15,15,15,15,15,15,15,15,15
482168,1,1,1988,0,0,0,0,0,0,0,0,0,0
482168,2,1,1988,11,0,0,0,0,0,0,0,0,0
482169,1,1,1988,0,0,0,0,0,0,0,0,0,0
482169,2,1,1988,0,0,0,0,0,28,0,17,0,0
482169,3,1,1988,0,5,0,0,0,0,0,0,0,0
482169,4,1,1988,0,0,0,0,0,0,0,0,0,0
482170,1,1,1988,0,0,0,0,12,0,0,19,0,16
482170,2,1,1988,0,0,0,0,0,0,0,0,0,0
482171,1,1,1988,21,21,21,21,21,21,21,21,21,21
482172,0,1,1988,0,0,0,0,0,0,0,0,0,0
482172,1,1,1988,0,0,0,0,0,0,0,0,0,0
482173,1,1,1988,0,0,0,0,0,0,0,0,0,0
482173,2,1,1988,0,0,0,0,0,33,0,0,0,0
482174,0,1,1988,15,15,15,15,15,15,15,15,15,15
482174,1,1,1988,10,28,20,0,9,10,10,11,22,13
482175,1,1,1988,0,0,0,0,0,0,0,0,0,0
482175,2,1,1988,0,0,0,0,0,0,0,0,0,0
482176,1,1,1988,0,0,0,0,0,0,0,0,0,0
482176,2,1,1988,0,0,0,0,0,0,0,0,0,0
482176,3,1,1988,0,0,0,0,0,0,0,0,0,0
482177,1,1,1988,0,0,7,0,14,27,0,17,0,14
482177,2,1,1988,0,13,3,0,14,0,0,15,0,11
482177,3,1,1988,14,9,29,18,27,8,12,20,5,17
482178,1,1,1988,0,0,0,0,0,0,0,0,0,0
482178,2,1,1988,21,0,0,0,0,0,0,0,0,0
482179,2,1,1988,0,6,22,11,22,0,0,18,0,0
482179,3,1,1988,0,3,9,0,0,9,0,0,0,0
482180,1,1,1988,0,0,0,0,0,0,0,0,0,0
482180,2,1,1988,0,0,0,0,0,0,0,9,0,0
482181,1,1,1988,0,0,0,0,0,0,0,0,0,9
482182,1,1,1988,0,0,0,0,0,0,0,0,0,0
482182,2,1,1988,0,25,9,0,0,0,0,0,0,0
482183,1,1,1988,13,13,13,13,13,13,13,13,13,13
482184,1,1,1988,0,0,0,0,0,0,0,0,0,0
482184,2,1,1988,0,0,11,0,0,0,0,0,0,12
482185,0,1,1988,22,22,22,22,22,22,22,22,22,22
482185,1,1,1988,0,13,6,0,0,0,0,26,0,0
482185,2,1,1988,12,2,0,25,0,3,24,0,2,0
482185,3,1,1988,0,5,0,0,0,0,0,16,0,0
482186,0,1,1988,0,0,0,0,0,0,0,0,0,0
482186,1,1,1988,7,7,7,7,7,7,7,7,7,7
482187,1,1,1988,9,18,32,28,17,17,0,13,10,21
482188,0,1,1988,19,19,19,19,19,19,19,19,19,19
482188,1,1,1988,0,14,0,16,0,0,0,19,0,14
482189,1,1,1988,0,0,0,0,0,15,14,0,0,0
482189,2,1,1988,13,21,16,13,21,26,16,11,9,24
482190,0,1,1988,0,0,0,0,0,0,0,0,0,0
482190,1,1,1988,0,0,0,0,0,0,0,0,0,0
482191,1,1,1988,20,21,12,7,17,4,19,6,16,0
482191,2,1,1988,24,0,20,0,20,26,32,15,17,0
482192,1,1,1988,11,11,10,4,0,8,5,0,5,10
482192,2,1,1988,0,0,0,9,0,0,0,4,0,0
482193,1,1,1988,23,23,23,23,23,23,23,23,23,23
482194,0,1,1988,6,0,0,21,0,0,0,0,7,0
482194,2,1,1988,0,0,0,0,0,19,0,6,0,0
482195,1,1,1988,22,22,22,22,22,22,22,22,22,22
482196,1,1,1988,16,16,16,16,16,16,16,16,16,16
482197,1,1,1988,15,22,18,14,0,23,20,16,25,25
482198,1,1,1988,18,18,18,18,18,18,18,18,18,18
482199,1,1,1988,0,0,16,0,29,11,0,24,14,16
482200,1,1,1988,18,18,18,18,18,18,18,18,18,18
482201,1,1,1988,0,0,0,0,0,0,0,0,0,0
482202,1,1,1988,18,18,18,18,18,18,18,18,18,18
482203,0,1,1988,24,24,24,24,24,24,24,24,24,24
482203,1,1,1988,0,11,5,0,0,0,17,0,0,4
482204,1,1,1988,21,7,7,0,19,0,7,0,0,0
482205,1,1,1988,18,8,6,23,27,18,0,24,18,26
482205,2,1,1988,0,0,0,0,0,5,0,0,13,0
482206,1,1,1988,15,24,13,21,14,19,13,13,20,15
482207,1,1,1988,0,0,0,0,0,0,0,0,0,0
482207,2,1,1988,0,0,0,0,0,6,0,0,0,0
482207,3,1,1988,0,0,0,0,0,0,0,0,0,0
482208,1,1,1988,19,19,19,19,19,19,19,19,19,19
482208,2,1,1988,0,0,0,22,0,0,0,9,19,0
482209,1,1,1988,0,9,26,8,21,15,0,0,9,0
482210,0,1,1988,13,14,20,24,14,22,18,13,29,16
482210,1,1,1988,5,20,0,0,0,0,8,0,6,1
482211,1,1,1988,0,0,0,0,0,0,9,0,0,0
482211,2,1,1988,9,0,0,0,0,0,0,0,0,13
482212,0,1,1988,4,4,24,26,0,8,14,12,0,0
482212,0,2,1988,21,14,0,20,0,22,0,0,0,16
482212,0,3,1988,0,0,8,28,0,13,16,32,32,0
482212,0,4,1988,0,0,0,0,0,0,0,0,0,0
482212,0,5,1988,0,18,0,0,16,0,0,0,0,3
482212,0,6,1988,0,0,0,0,0,21,1,9,0,6
482212,1,1,1988,0,0,0,0,0,0,0,0,0,0
482213,1,1,1988,0,0,0,0,0,0,0,0,0,0
482213,2,1,1988,0,0,0,0,0,0,0,14,0,0
482213,3,1,1988,0,0,0,0,0,10,0,26,0,25
482214,1,1,1988,0,0,9,18,0,0,0,0,0,0
482214,2,1,1988,0,0,0,0,0,0,10,0,0,0
482215,1,1,1988,14,0,3,0,0,12,0,17,0,0
482215,2,1,1988,17,10,5,9,13,16,0,0,0,9
482216,1,1,1988,0,0,0,0,0,0,0,0,0,0
482216,2,1,1988,0,0,26,0,0,0,0,0,0,0
482217,1,1,1988,0,16,0,0,0,0,0,0,0,0
482217,2,1,1988,0,0,0,0,0,0,0,0,0,0
482218,0,1,1988,0,0,0,0,0,0,0,0,0,0
482218,1,1,1988,21,21,21,21,21,21,21,21,21,21
482219,1,1,1988,0,25,0,0,0,0,0,0,0,0
482219,2,1,1988,0,7,0,0,0,0,6,0,0,0
482220,1,1,1988,0,0,0,0,0,0,0,0,0,0
482220,2,1,1988,8,0,0,0,0,0,0,0,0,0
482221,1,1,1988,18,15,16,16,8,19,23,17,15,16
482222,1,1,1988,16,37,5,31,24,40,22,9,13,22
482223,1,1,1988,0,0,0,0,0,0,0,0,0,0
482223,2,1,1988,9,0,0,0,0,0,0,0,0,0
482224,0,1,1988,37,37,37,37,37,37,37,37,37,37
482224,1,1,1988,0,0,0,0,0,0,0,0,0,0
482225,1,1,1988,16,23,24,30,0,28,17,25,25,11
482226,1,1,1988,0,0,0,0,0,0,0,0,0,0
482227,0,1,1988,39,17,13,41,46,35,36,8,14,0
482227,1,1,1988,0,23,0,10,0,10,0,0,0,0
482228,1,1,1988,20,20,20,20,20,20,20,20,20,20
482228,2,1,1988,12,12,12,12,12,12,12,12,12,12
482229,1,1,1988,0,0,0,0,0,0,0,0,0,0
482229,2,1,1988,18,30,12,17,3,21,0,13,15,0
482230,1,1,1988,0,0,0,0,0,0,4,0,0,0
482231,0,1,1988,0,0,0,0,0,0,0,0,0,0
482231,1,1,1988,0,0,0,0,0,0,0,0,0,0
482232,1,1,1988,0,0,0,0,0,0,0,0,0,0
482232,2,1,1988,0,0,0,0,0,0,8,0,0,0
482233,1,1,1988,0,0,0,0,0,0,0,0,0,0
482234,1,1,1988,0,0,0,6,0,0,0,9,0,0
482235,0,1,1988,19,19,19,19,19,19,19,19,19,19
482235,1,1,1988,0,0,0,0,0,0,0,0,0,0
482236,1,1,1988,0,0,0,0,0,0,0,0,0,0
482237,1,1,1988,0,0,0,0,0,0,0,0,0,0
482237,2,1,1988,38,38,38,38,38,38,38,38,38,38
482238,0,1,1988,0,0,0,0,14,9,0,0,0,0
482238,1,1,1988,0,0,0,0,0,0,0,0,0,0
482239,1,1,1988,7,7,7,7,7,7,7,7,7,7
482239,2,1,1988,13,0,0,0,0,0,0,0,0,0
482240,0,1,1988,21,25,11,39,19,32,40,20,0,16
482240,1,1,1988,0,7,6,0,0,0,23,0,7,0
482241,1,1,1988,25,28,15,12,16,14,0,27,0,20
482242,0,1,1988,0,9,24,12,0,5,0,21,0,12
482242,0,2,1988,31,16,35,18,15,27,13,43,13,46
482242,1,1,1988,20,20,20,20,20,20,20,20,20,20
482243,1,1,1988,13,13,13,13,13,13,13,13,13,13
482244,1,1,1988,32,32,32,32,32,32,32,32,32,32
482245,1,1,1988,0,0,0,0,0,0,0,0,0,0
482246,1,1,1988,11,0,0,7,0,11,16,0,0,22
482247,1,1,1988,27,13,5,15,15,30,12,10,8,17
482248,1,1,1988,14,8,5,5,5,7,0,26,9,2
482248,2,1,1988,6,0,16,0,0,0,0,22,9,0
482249,1,1,1988,0,0,19,0,0,0,0,0,0,0
482249,2,1,1988,11,11,11,11,11,11,11,11,11,11
482250,1,1,1988,0,0,0,0,0,0,0,0,0,0
482251,1,1,1988,0,0,0,0,27,0,0,0,10,0
482251,2,1,1988,0,0,0,0,0,0,18,0,0,0
482252,1,1,1988,0,0,0,0,0,0,0,0,28,0
482252,2,1,1988,0,0,0,0,0,0,0,0,0,0
482253,1,1,1988,2,0,15,0,0,0,0,0,0,0
482254,1,1,1988,0,0,0,0,0,0,0,0,0,0
482255,1,1,1988,17,17,17,17,17,17,17,17,17,17
482256,1,1,1988,1,1,1,1,1,1,1,1,1,1
482257,1,1,1988,0,0,0,0,0,0,0,0,0,0
482257,2,1,1988,17,17,17,17,17,17,17,17,17,17
482258,1,1,1988,20,39,13,26,20,33,14,24,0,9
482259,1,1,1988,21,21,21,21,21,21,21,21,21,21
482260,1,1,1988,8,32,31,12,19,16,19,10,20,11
482261,1,1,1988,6,6,6,6,6,6,6,6,6,6
482262,1,1,1988,18,18,18,18,18,18,18,18,18,18
482262,2,1,1988,0,0,0,0,5,0,0,0,0,0
482263,0,1,1988,8,8,8,8,8,8,8,8,8,8
482263,1,1,1988,6,6,6,6,6,6,6,6,6,6
482264,1,1,1988,16,16,16,16,16,16,16,16,16,16
482265,1,1,1988,7,7,7,7,7,7,7,7,7,7
482266,1,1,1988,22,22,22,22,22,22,22,22,22,22
482267,1,1,1988,21,21,21,21,21,21,21,21,21,21
482268,1,1,1988,1,1,1,1,1,1,1,1,1,1
482268,2,1,1988,0,0,0,0,0,0,0,0,0,0
482269,1,1,1988,19,5,0,0,15,18,0,11,38,20
482270,1,1,1988,22,0,5,0,15,19,0,20,0,11
482271,0,1,1988,34,34,34,34,34,34,34,34,34,34
482271,1,1,1988,0,0,10,11,0,0,21,21,0,14
482272,0,1,1988,0,12,0,0,0,0,0,30,0,0
482272,1,1,1988,0,0,0,16,0,0,0,0,0,14
482273,1,1,1988,26,40,21,18,17,0,14,22,18,13
482273,2,1,1988,21,7,20,0,17,11,7,28,0,0
482274,1,1,1988,27,0,10,0,0,0,0,22,0,0
482275,0,1,1988,8,8,8,8,8,8,8,8,8,8
482275,1,1,1988,0,0,0,0,0,0,9,17,7,8
482276,1,1,1988,0,0,0,0,0,0,0,0,0,4
482276,2,1,1988,0,27,0,0,0,13,5,0,0,0
482277,0,1,1988,35,12,15,0,11,27,0,0,14,29
482277,1,1,1988,21,23,0,0,0,0,17,0,4,17
482278,0,1,1988,32,0,23,0,0,0,0,18,0,0
482278,1,1,1988,0,0,0,23,7,8,21,6,0,11
482279,1,1,1988,13,0,11,0,0,14,0,0,14,0
482279,2,1,1988,12,13,24,17,23,29,19,44,0,0
482280,1,1,1988,10,8,9,14,13,6,24,11,7,8
482281,1,1,1988,27,27,27,27,27,27,27,27,27,27
482282,1,1,1988,0,0,0,0,0,0,0,0,0,0
482282,2,1,1988,0,0,0,19,0,16,0,0,17,0
482283,0,1,1988,0,0,0,0,0,0,0,0,0,0
482283,1,1,1988,0,0,0,0,0,0,0,0,0,0
482284,0,1,1988,0,0,0,0,0,0,0,0,0,0
482284,1,1,1988,0,0,0,0,0,15,0,0,0,0
482285,1,1,1988,0,0,0,0,0,0,0,0,39,0
482285,2,1,1988,8,32,0,0,15,0,0,0,0,0
482286,1,1,1988,29,29,29,29,29,29,29,29,29,29
482286,2,1,1988,0,0,0,0,0,0,0,0,0,0
482287,1,1,1988,0,0,0,0,0,0,0,0,0,0
482287,2,1,1988,0,0,0,0,0,0,0,0,0,0
482288,0,1,1988,0,0,0,0,0,0,0,0,0,0
482288,1,1,1988,0,0,8,25,0,0,20,0,0,2
482289,1,1,1988,0,11,21,15,15,11,19,12,14,0
482290,1,1,1988,12,12,12,12,12,12,12,12,12,12
482291,1,1,1988,12,12,12,12,12,12,12,12,12,12
482291,2,1,1988,0,0,0,0,0,0,0,23,29,0
482292,1,1,1988,12,19,12,14,25,8,8,11,7,16
482293,1,1,1988,20,20,20,20,20,20,20,20,20,20
482294,1,1,1988,0,0,0,0,0,0,0,0,0,0
482294,2,1,1988,24,24,24,24,24,24,24,24,24,24
482295,0,1,1988,0,0,0,0,0,0,0,0,0,0
482296,0,1,1988,0,0,0,0,0,0,0,0,0,0
482296,1,1,1988,9,0,0,0,0,0,0,0,0,0
482297,1,1,1988,0,0,0,0,0,0,0,0,0,0
482297,2,1,1988,0,0,0,0,0,0,0,0,0,0
482298,1,1,1988,13,0,0,0,1,0,0,0,0,0
482298,2,1,1988,0,0,0,0,0,0,0,0,0,0
482299,1,1,1988,19,19,19,19,19,19,19,19,19,19
482299,2,1,1988,0,12,6,0,0,0,0,0,15,28
482300,0,1,1988,25,25,25,25,25,25,25,25,25,25
482300,1,1,1988,0,20,2,0,18,30,8,0,2,9
482301,1,1,1988,15,15,15,15,15,15,15,15,15,15
482302,1,1,1988,0,0,0,0,0,0,0,0,0,0
482302,2,1,1988,0,0,0,0,0,0,0,0,0,0
482303,1,1,1988,0,7,0,0,0,0,0,0,0,0
482303,2,1,1988,24,24,24,24,24,24,24,24,24,24
482304,1,1,1988,0,0,0,0,0,0,0,0,0,0
482304,2,1,1988,6,4,19,13,19,24,16,0,12,17
482305,1,1,1988,0,0,9,0,0,9,0,0,19,26
482306,1,1,1988,0,0,0,0,0,0,0,0,0,0
482306,2,1,1988,0,0,0,0,0,0,0,0,0,0
482307,1,1,1988,9,29,11,32,10,19,10,9,7,6
482308,1,1,1988,16,16,16,16,16,16,16,16,16,16
482309,1,1,1988,28,28,28,28,28,28,28,28,28,28
482310,1,1,1988,0,0,0,0,0,0,0,0,0,0
482310,2,1,1988,0,0,0,0,0,15,0,0,0,0
482310,3,1,1988,0,0,19,0,0,0,0,0,0,0
482311,1,1,1988,20,20,20,20,20,20,20,20,20,20
482311,2,1,1988,0,38,8,0,20,0,16,12,18,9
482312,0,1,1988,18,18,18,18,18,18,18,18,18,18
482312,1,1,1988,15,0,0,0,0,0,0,0,0,0
482313,1,1,1988,26,13,13,20,22,27,34,16,17,38
482314,1,1,1988,0,0,0,0,0,0,0,11,8,11
482314,2,1,1988,0,0,0,0,0,0,0,0,0,0
482315,1,1,1988,0,0,0,0,0,0,0,0,0,0
482316,0,1,1988,0,0,0,25,9,16,0,0,0,0
482316,1,1,1988,0,0,0,0,0,0,0,0,0,0
482317,0,1,1988,0,0,0,0,0,0,0,0,0,0
482317,1,1,1988,19,19,19,19,19,19,19,19,19,19
482318,1,1,1988,14,11,24,12,11,21,0,0,16,0
482319,1,1,1988,0,0,0,0,0,0,0,0,0,0
482319,2,1,1988,0,0,0,0,0,0,0,0,0,0
482320,1,1,1988,16,16,16,16,16,16,16,16,16,16
482321,1,1,1988,13,0,29,16,7,18,9,8,19,7
482322,1,1,1988,0,0,0,0,0,0,0,0,0,0
482322,2,1,1988,0,0,0,0,0,0,0,0,0,0
482323,1,1,1988,33,33,33,33,33,33,33,33,33,33
482323,2,1,1988,13,13,13,13,13,13,13,13,13,13
482324,1,1,1988,28,28,28,28,28,28,28,28,28,28
482325,1,1,1988,17,17,17,17,17,17,17,17,17,17
482325,2,1,1988,31,12,13,18,0,0,0,12,19,24
482326,0,1,1988,5,0,29,12,25,0,6,19,14,22