ST_CASE,VEH_NO,PER_NO,YEAR,P1,P2,P3,P4,P5,P6,P7,P8,P9,P10
482326,1,1,1988,0,0,0,9,0,15,0,0,0,0
482327,1,1,1988,21,21,21,21,21,21,21,21,21,21
482327,2,1,1988,0,0,0,0,0,0,0,0,0,0
482328,1,1,1988,20,20,20,20,20,20,20,20,20,20
482329,1,1,1988,0,0,0,0,0,24,0,0,0,0
482330,1,1,1988,20,20,20,20,20,20,20,20,20,20
482331,1,1,1988,0,0,0,0,0,0,0,0,0,0
482332,1,1,1988,0,0,0,0,0,0,0,0,0,0
482333,1,1,1988,20,20,20,20,20,20,20,20,20,20
482334,1,1,1988,1,1,1,1,1,1,1,1,1,1
482334,2,1,1988,8,8,8,8,8,8,8,8,8,8
482335,1,1,1988,0,0,0,0,0,0,0,0,0,0
482335,2,1,1988,0,0,0,0,0,0,0,0,0,0
482336,1,1,1988,17,17,17,17,17,17,17,17,17,17
482337,1,1,1988,15,0,18,15,0,27,13,38,20,25
482338,0,1,1988,0,0,0,0,0,0,0,0,0,0
482339,1,1,1988,0,0,5,0,0,0,0,0,0,25
482340,0,1,1988,22,22,22,22,22,22,22,22,22,22
482340,1,1,1988,19,22,15,12,0,20,12,6,21,7
482341,1,1,1988,0,0,0,0,18,0,2,0,0,0
482341,2,1,1988,0,0,0,0,0,0,0,0,0,0
482342,1,1,1988,0,0,0,0,0,0,0,0,0,0
482342,2,1,1988,0,0,0,0,0,0,0,0,0,0
482343,1,1,1988,0,6,0,0,0,0,0,0,0,0
482343,2,1,1988,0,0,0,0,0,0,0,0,0,0
482344,1,1,1988,10,10,10,10,10,10,10,10,10,10
482345,0,1,1988,0,0,0,0,0,0,0,0,0,0
482345,1,1,1988,0,0,0,0,0,0,0,0,0,0
482346,0,1,1988,21,21,21,21,21,21,21,21,21,21
482346,1,1,1988,0,0,0,0,0,0,0,0,0,0
482347,1,1,1988,20,0,0,0,0,25,7,0,0,14
482348,2,1,1988,16,16,16,16,16,16,16,16,16,16
482349,0,1,1988,0,0,0,0,0,0,0,0,0,0
482349,1,1,1988,14,0,0,0,0,18,0,0,0,23
482350,1,1,1988,16,34,20,36,35,9,27,32,26,17
482351,1,1,1988,20,20,20,20,20,20,20,20,20,20
482352,0,1,1988,0,0,0,0,0,0,0,0,0,0
482352,1,1,1988,0,0,0,0,0,0,0,0,0,0
482353,1,1,1988,0,0,0,0,0,25,0,0,0,0
482353,2,1,1988,0,0,0,0,0,0,0,0,0,9
482354,1,1,1988,0,0,0,0,0,0,0,0,0,0
482355,1,1,1988,23,0,10,0,10,0,26,22,0,0
482355,2,1,1988,0,13,10,0,0,19,12,15,0,0
482356,1,1,1988,0,0,0,0,0,0,0,0,0,0
482356,2,1,1988,7,11,11,0,0,0,19,0,0,0
482357,1,1,1988,0,0,0,0,0,0,0,0,0,0
482358,1,1,1988,0,0,0,0,0,0,0,0,0,0
482358,2,1,1988,0,0,0,0,0,0,0,0,0,0
482359,1,1,1988,16,16,16,16,16,16,16,16,16,16
482360,1,1,1988,25,25,25,25,25,25,25,25,25,25
482361,1,1,1988,12,12,12,12,12,12,12,12,12,12
482362,0,1,1988,0,0,0,0,0,0,0,0,0,0
482363,1,1,1988,7,12,11,0,6,15,0,0,20,18
482363,2,1,1988,0,0,5,0,0,10,0,0,0,0
482364,1,1,1988,25,8,20,21,20,9,16,16,24,21
482364,2,1,1988,0,0,0,0,0,0,0,0,0,0
482365,0,1,1988,0,0,0,0,0,0,0,0,0,15
482365,0,2,1988,20,22,17,16,0,0,0,28,44,0
482365,1,1,1988,0,0,0,0,0,0,0,0,0,0
482365,2,1,1988,0,0,0,0,0,0,7,0,0,0
482366,1,1,1988,17,17,17,17,17,17,17,17,17,17
482366,2,1,1988,6,0,15,7,0,0,0,0,11,0
482367,1,1,1988,0,0,0,0,0,0,0,0,0,0
482367,2,1,1988,0,0,0,0,0,0,0,0,0,0
482368,1,1,1988,0,17,11,13,0,16,0,0,27,0
482368,2,1,1988,0,0,0,0,0,0,0,0,0,0
482368,3,1,1988,0,0,0,0,0,0,0,0,0,0
482369,1,1,1988,0,0,25,0,0,0,0,0,19,0
482370,1,1,1988,22,22,22,22,22,22,22,22,22,22
482371,1,1,1988,0,0,19,12,11,16,18,32,27,0
482372,1,1,1988,29,32,0,29,9,0,17,18,0,0
482372,2,1,1988,0,0,10,11,7,0,0,0,0,0
482373,0,1,1988,35,0,27,20,5,15,24,25,11,0
482373,1,1,1988,0,18,0,0,14,23,0,8,19,0
482374,0,1,1988,26,24,0,0,2,20,39,18,28,31
482374,0,2,1988,5,5,5,5,5,5,5,5,5,5
482374,1,1,1988,15,17,0,0,5,29,0,0,0,0
482375,0,1,1988,14,29,12,10,25,21,0,23,0,23
482375,0,2,1988,21,17,0,0,10,0,0,19,45,6
482375,0,3,1988,25,0,0,33,0,17,27,18,36,29
482375,1,1,1988,6,19,13,26,22,0,13,12,20,0
482376,1,1,1988,0,0,0,0,8,0,0,0,0,0
482376,2,1,1988,0,0,0,0,0,0,0,23,0,0
482376,3,1,1988,0,0,13,0,0,10,0,0,0,0
482377,1,1,1988,0,0,0,0,0,12,16,0,13,0
482378,1,1,1988,0,17,16,15,0,13,40,0,16,7
482378,2,1,1988,4,24,9,0,0,0,0,0,0,0
482379,1,1,1988,9,0,6,0,0,0,0,0,0,0
482380,1,1,1988,11,12,5,0,11,25,10,13,0,4
482381,1,1,1988,6,6,6,6,6,6,6,6,6,6
482382,1,1,1988,0,2,0,0,12,0,0,0,0,12
482382,2,1,1988,0,0,4,0,0,0,0,0,0,0
482383,1,1,1988,0,0,0,0,0,0,13,0,0,0
482383,2,1,1988,0,0,0,0,8,0,0,0,0,0
482384,1,1,1988,0,0,0,0,0,0,0,0,0,0
482384,2,1,1988,6,0,0,0,0,0,0,0,0,0
482385,1,1,1988,10,10,10,10,10,10,10,10,10,10
482385,2,1,1988,17,17,17,17,17,17,17,17,17,17
482386,1,1,1988,0,0,0,0,0,0,0,10,0,0
482386,2,1,1988,0,0,0,0,0,0,0,0,0,0
482387,1,1,1988,5,5,5,5,5,5,5,5,5,5
482388,1,1,1988,0,0,0,0,10,0,0,0,20,18
482388,2,1,1988,1,1,1,1,1,1,1,1,1,1
482389,1,1,1988,3,3,3,3,3,3,3,3,3,3
482390,1,1,1988,21,26,17,19,27,21,13,0,26,12
482391,1,1,1988,15,15,15,15,15,15,15,15,15,15
482392,1,1,1988,13,42,10,23,18,13,4,25,23,28
482393,1,1,1988,0,0,0,0,0,0,0,0,0,0
482393,2,1,1988,0,0,0,0,0,0,0,0,0,0
482393,3,1,1988,0,0,0,0,0,0,12,0,0,0
482394,1,1,1988,28,19,14,20,0,16,0,22,16,20
482395,0,1,1988,8,0,11,18,10,15,12,31,23,19
482395,1,1,1988,2,0,24,0,0,0,0,0,0,0
482396,1,1,1988,0,0,0,0,0,0,0,0,0,0
482396,2,1,1988,0,0,0,0,0,0,0,0,0,0
482397,1,1,1988,11,11,11,11,11,11,11,11,11,11
482398,1,1,1988,0,0,0,0,0,0,0,0,0,0
482399,1,1,1988,0,0,0,0,0,0,0,0,0,0
482399,2,1,1988,9,17,9,13,15,0,23,34,0,14
482400,1,1,1988,0,0,0,0,0,0,0,0,0,0
482400,2,1,1988,0,0,0,0,0,0,0,0,0,0
482400,3,1,1988,0,0,0,0,0,0,0,0,0,0
482401,1,1,1988,25,25,25,25,25,25,25,25,25,25
482401,2,1,1988,10,0,0,0,21,0,0,0,0,0
482402,0,1,1988,18,18,18,18,18,18,18,18,18,18
482402,1,1,1988,0,0,0,0,0,0,0,4,0,0
482403,1,1,1988,0,0,0,0,0,0,0,0,0,0
482404,1,1,1988,0,13,21,0,0,0,0,0,0,18
482405,1,1,1988,28,14,24,0,18,12,30,23,17,16
482406,1,1,1988,0,0,0,0,0,0,0,0,0,0
482406,2,1,1988,0,0,0,0,0,0,0,0,0,0
482406,3,1,1988,0,0,0,0,0,0,0,0,0,0
482407,0,1,1988,0,23,0,0,0,0,0,0,0,0
482407,0,2,1988,8,17,14,0,18,17,17,11,32,0
482407,1,1,1988,0,0,0,0,14,0,0,0,0,0
482408,1,1,1988,0,0,0,0,0,0,0,0,0,0
482409,1,1,1988,0,0,0,0,0,0,0,0,0,0
482409,2,1,1988,0,0,0,0,0,0,0,0,0,0
482410,1,1,1988,0,0,0,0,0,16,0,18,0,0
482410,2,1,1988,0,0,0,0,0,0,0,0,0,0
482411,1,1,1988,15,15,15,15,15,15,15,15,15,15
482411,2,1,1988,4,4,4,4,4,4,4,4,4,4
482412,1,1,1988,0,0,0,14,0,19,0,0,0,0
482412,2,1,1988,13,23,21,12,14,17,14,12,8,15
482413,0,1,1988,0,0,30,24,0,0,0,0,0,22
482413,1,1,1988,0,18,0,0,0,0,0,25,0,10
482415,0,1,1988,12,12,12,12,12,12,12,12,12,12
482415,1,1,1988,0,0,0,0,8,12,0,0,0,0
482415,2,1,1988,4,4,4,4,4,4,4,4,4,4
482416,1,1,1988,0,0,20,18,9,0,13,0,10,10
482416,2,1,1988,0,0,11,22,0,18,8,0,9,0
482416,3,1,1988,7,7,7,7,7,7,7,7,7,7
482417,1,1,1988,15,0,0,6,0,0,0,16,21,0
482418,0,1,1988,20,20,20,20,20,20,20,20,20,20
482418,1,1,1988,0,0,0,0,0,0,0,0,11,13
482419,1,1,1988,6,6,6,6,6,6,6,6,6,6
482419,2,1,1988,0,0,0,0,7,0,0,0,0,0
482420,0,1,1988,0,0,11,0,27,0,24,0,15,18
482420,1,1,1988,0,0,0,9,0,0,11,7,8,0
482421,1,1,1988,0,0,0,0,0,0,0,0,0,0
482422,1,1,1988,27,8,14,10,21,24,0,14,32,19
482423,1,1,1988,21,21,21,21,21,21,21,21,21,21
482423,2,1,1988,0,0,9,6,0,0,0,19,0,0
482424,0,1,1988,23,23,23,23,23,23,23,23,23,23
482424,1,1,1988,0,0,0,0,0,0,14,0,0,0
482425,1,1,1988,10,10,10,10,10,10,10,10,10,10
482426,1,1,1988,3,0,25,0,0,20,0,18,17,0
482426,2,1,1988,0,0,0,0,0,0,17,0,0,0
482426,3,1,1988,45,0,0,0,0,0,0,0,0,0
482427,1,1,1988,0,15,20,32,7,33,13,9,12,11
482427,2,1,1988,14,5,21,17,0,0,9,0,0,0
482428,1,1,1988,0,0,15,0,0,14,0,0,0,0
482428,2,1,1988,0,0,0,0,0,0,5,0,0,0
482428,3,1,1988,22,22,22,22,22,22,22,22,22,22
482429,1,1,1988,13,13,13,13,13,13,13,13,13,13
482430,1,1,1988,33,33,33,33,33,33,33,33,33,33
482430,2,1,1988,0,0,0,0,0,0,0,0,0,0
482431,1,1,1988,21,21,21,21,21,21,21,21,21,21
482432,1,1,1988,0,0,11,0,0,0,0,0,16,18
482433,1,1,1988,19,19,19,19,19,19,19,19,19,19
482434,0,1,1988,7,7,7,7,7,7,7,7,7,7
482434,1,1,1988,10,10,10,10,10,10,10,10,10,10
482435,1,1,1988,6,6,6,6,6,6,6,6,6,6
482436,1,1,1988,27,27,27,27,27,27,27,27,27,27
482436,2,1,1988,0,0,0,0,0,0,0,0,0,0
482437,0,1,1988,23,23,23,23,23,23,23,23,23,23
482437,1,1,1988,0,0,15,0,0,4,9,0,15,0
482438,1,1,1988,10,14,0,11,16,13,0,17,6,0
482438,2,1,1988,2,0,0,0,0,0,0,0,0,0
482438,3,1,1988,0,0,0,0,0,0,0,0,0,0
482439,1,1,1988,14,14,14,14,14,14,14,14,14,14
482440,1,1,1988,14,14,14,14,14,14,14,14,14,14
482441,1,1,1988,0,20,0,0,0,7,21,0,0,9
482441,2,1,1988,6,0,0,0,0,0,0,0,0,0
482442,1,1,1988,0,0,0,0,0,0,0,0,0,0
482443,1,1,1988,0,0,0,0,0,0,0,0,0,0
482443,2,1,1988,0,0,0,0,0,0,0,0,0,0
482444,1,1,1988,0,0,0,0,0,0,0,0,0,0
482445,1,1,1988,23,23,23,23,23,23,23,23,23,23
482446,1,1,1988,8,0,0,0,0,0,0,0,0,0
482446,2,1,1988,0,0,0,0,0,0,0,0,0,0
482447,1,1,1988,0,0,0,0,0,0,0,0,0,0
482448,1,1,1988,0,0,0,0,0,0,0,0,0,0
482448,2,1,1988,0,0,0,0,0,0,0,0,0,0
482449,1,1,1988,12,0,0,17,14,0,9,0,0,0
482450,1,1,1988,0,0,0,0,13,0,0,0,0,0
482451,1,1,1988,6,20,0,9,3,0,0,5,14,0
482452,0,1,1988,0,0,11,0,0,0,0,0,0,0
482452,1,1,1988,0,0,0,21,0,0,0,0,0,0
482453,1,1,1988,0,18,25,0,11,21,10,10,16,0
482454,1,1,1988,0,8,0,0,15,0,10,0,22,0
482454,2,1,1988,0,0,0,0,0,0,0,0,0,0
482455,1,1,1988,14,14,14,14,14,14,14,14,14,14
482456,1,1,1988,25,25,25,25,25,25,25,25,25,25
482457,1,1,1988,0,13,0,0,0,0,0,0,0,0
482458,1,1,1988,0,0,0,0,14,0,0,0,0,0
482458,2,1,1988,0,0,0,0,0,0,0,0,0,0
482459,0,1,1988,0,0,0,0,0,0,0,0,0,0
482459,1,1,1988,0,0,0,0,0,0,0,0,0,0
482460,0,1,1988,28,0,27,0,0,0,16,7,0,0
482460,1,1,1988,0,11,11,10,0,24,10,32,8,14
482461,1,1,1988,31,31,31,31,31,31,31,31,31,31
482462,1,1,1988,16,19,37,11,27,17,13,0,4,0
482463,1,1,1988,0,11,0,0,18,0,17,0,0,0
482463,2,1,1988,21,21,21,21,21,21,21,21,21,21
482464,1,1,1988,12,12,12,12,12,12,12,12,12,12
482464,2,1,1988,0,0,0,0,0,0,0,0,0,0
482465,1,1,1988,8,10,12,0,6,11,0,20,18,11
482466,1,1,1988,21,13,22,17,25,17,23,16,43,15
482467,1,1,1988,30,0,0,0,0,0,0,0,0,0
482467,2,1,1988,0,19,0,0,0,0,0,0,0,0
482468,1,1,1988,0,0,0,0,0,0,0,0,0,0
482468,2,1,1988,0,0,0,0,0,0,12,0,0,0
482469,1,1,1988,7,13,14,31,20,20,20,24,18,12
482470,1,1,1988,0,0,0,0,0,0,0,0,0,0
482470,2,1,1988,0,0,0,0,0,0,0,0,0,0
482471,1,1,1988,0,0,0,0,0,0,0,0,0,0
482471,2,1,1988,0,0,0,0,0,0,0,0,0,0
482472,1,1,1988,0,0,0,0,0,0,0,0,0,0
482472,2,1,1988,0,0,0,0,0,0,0,0,0,0
482473,1,1,1988,0,0,0,0,0,0,0,0,0,0
482474,1,1,1988,0,0,0,0,0,0,0,0,0,0
482474,2,1,1988,0,0,0,0,0,12,0,0,0,0
482475,0,1,1988,25,35,22,10,0,0,26,0,0,0
482475,0,2,1988,23,22,4,7,0,22,29,0,9,9
482475,1,1,1988,0,0,0,0,0,0,8,13,0,19
482476,0,1,1988,0,0,0,0,0,0,0,0,0,0
482476,0,2,1988,0,0,0,0,0,0,0,0,0,0
482476,1,1,1988,0,0,0,0,0,0,0,0,0,0
482477,1,1,1988,0,0,0,0,0,0,0,0,0,0
482477,2,1,1988,0,0,0,0,0,0,0,0,0,0
482478,0,1,1988,0,0,0,0,0,0,0,0,0,0
482478,1,1,1988,0,0,0,0,0,25,0,12,19,0
482479,0,1,1988,0,0,0,0,0,0,0,0,0,0
482479,1,1,1988,0,0,0,0,0,0,0,0,0,0
482479,2,1,1988,0,0,0,0,0,0,0,0,0,0
482479,3,1,1988,0,0,0,0,0,0,0,0,0,14
482480,0,1,1988,0,0,0,0,0,0,0,0,0,0
482480,1,1,1988,17,13,8,13,0,0,0,6,0,0
482480,2,1,1988,0,0,0,14,14,0,29,13,14,16
482481,0,1,1988,7,7,7,7,7,7,7,7,7,7
482481,1,1,1988,0,0,0,4,0,0,24,0,0,0
482482,1,1,1988,0,0,0,0,0,0,0,0,0,0
482482,2,1,1988,0,0,0,0,0,0,0,0,0,0
482483,1,1,1988,0,0,0,0,0,0,0,0,0,0
482483,2,1,1988,0,0,0,4,0,0,12,0,0,0
482484,1,1,1988,0,0,0,0,0,0,0,0,0,0
482485,1,1,1988,24,24,24,24,24,24,24,24,24,24
482485,2,1,1988,20,20,20,20,20,20,20,20,20,20
482486,1,1,1988,17,17,17,17,17,17,17,17,17,17
482487,0,1,1988,0,0,0,0,0,0,0,0,0,0
482487,1,1,1988,0,8,0,0,0,0,0,0,0,0
482488,1,1,1988,0,0,0,0,0,0,0,0,0,0
482488,2,1,1988,20,12,0,0,0,0,0,0,9,0
482489,1,1,1988,0,0,0,0,0,0,0,0,0,0
482490,1,1,1988,18,18,18,18,18,18,18,18,18,18
482491,1,1,1988,0,0,0,0,32,24,16,27,0,17
482492,1,1,1988,0,0,0,0,0,0,0,0,0,0
482493,1,1,1988,2,11,14,7,23,9,18,8,14,18
482494,1,1,1988,23,6,15,22,8,8,19,8,13,15
482495,1,1,1988,25,25,25,25,25,25,25,25,25,25
482495,2,1,1988,21,0,0,24,0,0,0,22,0,13
482496,1,1,1988,0,0,0,0,6,0,0,0,0,0
482496,2,1,1988,0,0,0,0,0,0,0,0,0,0
482497,1,1,1988,0,0,0,0,15,21,0,0,0,0
482497,2,1,1988,4,0,0,0,0,0,0,0,0,0
482498,1,1,1988,26,26,26,26,26,26,26,26,26,26
482499,0,1,1988,7,45,12,0,26,0,16,23,35,0
482499,1,1,1988,0,0,0,0,0,0,0,0,0,0
482499,2,1,1988,0,18,17,0,0,13,0,21,21,0
482500,1,1,1988,0,0,0,0,0,0,0,0,0,0
482501,1,1,1988,8,18,29,32,36,0,31,21,23,26
482502,1,1,1988,30,4,14,17,7,20,11,13,25,14
482503,1,1,1988,0,0,18,0,0,0,0,0,0,0
482503,2,1,1988,0,0,0,0,0,0,0,0,0,0
482504,1,1,1988,10,12,10,19,0,0,7,11,0,25
482505,1,1,1988,27,27,27,27,27,27,27,27,27,27
482506,1,1,1988,15,15,15,15,15,15,15,15,15,15
482506,2,1,1988,12,0,0,0,0,0,0,0,0,0
482507,0,1,1988,0,0,0,0,0,0,0,0,0,0
482507,0,2,1988,16,6,15,17,17,21,21,0,13,0
482507,1,1,1988,21,21,21,21,21,21,21,21,21,21
482508,1,1,1988,17,17,17,17,17,17,17,17,17,17
482509,1,1,1988,21,21,21,21,21,21,21,21,21,21
482510,0,1,1988,0,0,0,0,0,0,0,0,0,0
482510,1,1,1988,0,0,0,0,0,0,0,0,0,0
482511,0,1,1988,0,0,0,0,0,0,0,0,0,0
482511,1,1,1988,0,0,0,0,0,0,0,0,0,0
482512,1,1,1988,0,0,0,0,12,0,0,19,0,26
482513,1,1,1988,0,0,0,0,0,0,0,0,0,0
482513,2,1,1988,0,0,0,0,0,0,0,0,0,0
482514,1,1,1988,0,19,11,31,23,11,4,0,8,0
482515,0,1,1988,30,0,24,0,14,23,0,0,15,0
482515,1,1,1988,0,0,0,0,0,0,0,0,0,0
482516,1,1,1988,5,5,5,5,5,5,5,5,5,5
482516,2,1,1988,0,0,0,0,0,0,0,0,6,4
482517,1,1,1988,32,0,0,0,0,0,0,0,0,0
482518,1,1,1988,0,0,0,0,0,0,0,0,0,0
482518,2,1,1988,0,0,14,0,0,0,0,0,0,0
482519,1,1,1988,22,22,22,22,22,22,22,22,22,22
482520,1,1,1988,0,0,0,0,0,0,0,26,0,0
482520,2,1,1988,0,0,0,0,0,0,0,0,0,0
482521,1,1,1988,22,22,22,22,22,22,22,22,22,22
482521,2,1,1988,0,0,0,0,0,0,0,0,0,0
482522,1,1,1988,0,0,0,0,0,0,0,0,0,0
482522,2,1,1988,0,0,0,0,0,0,0,0,0,0
482523,1,1,1988,0,0,21,0,0,0,0,0,0,0
482523,2,1,1988,0,0,0,0,0,0,0,0,0,0
482524,1,1,1988,10,10,10,10,10,10,10,10,10,10
482525,0,1,1988,22,22,22,22,22,22,22,22,22,22
482525,1,1,1988,0,11,0,26,0,0,0,15,0,12
482526,1,1,1988,18,23,10,16,15,13,26,14,19,6
482527,1,1,1988,0,6,0,0,11,0,0,0,0,0
482527,2,1,1988,9,0,0,0,0,0,0,0,0,0
482528,1,1,1988,0,0,14,0,7,13,14,0,12,0
482529,1,1,1988,0,15,16,0,0,0,0,11,0,5
482530,1,1,1988,0,0,0,0,0,0,0,0,0,0
482530,2,1,1988,0,0,0,0,0,0,0,0,0,0
482531,1,1,1988,6,23,13,15,19,12,17,26,27,24
482532,0,1,1988,0,0,0,0,0,0,0,0,0,0
482532,1,1,1988,0,0,0,9,0,0,0,14,0,0
482533,1,1,1988,0,0,0,0,0,0,0,0,0,0
482533,2,1,1988,0,25,0,0,0,0,0,0,0,0
482534,1,1,1988,13,0,0,26,26,0,0,0,0,0
482534,2,1,1988,0,0,0,0,0,19,0,0,0,0
482535,1,1,1988,39,21,17,17,13,10,8,9,24,25
482536,1,1,1988,24,28,18,11,24,20,20,18,19,19
482537,1,1,1988,11,18,37,16,22,22,17,15,18,30
482538,0,1,1988,0,39,0,17,0,22,0,0,18,10
482538,0,2,1988,23,9,11,16,28,0,18,23,25,0
482538,1,1,1988,0,12,10,0,16,21,12,0,0,0
482539,1,1,1988,0,0,0,0,0,0,0,0,0,0
482539,2,1,1988,24,24,24,24,24,24,24,24,24,24
482540,1,1,1988,26,26,26,26,26,26,26,26,26,26
482541,1,1,1988,0,0,0,0,16,0,0,0,0,0
482541,2,1,1988,7,0,0,0,0,0,0,0,0,0
482542,0,1,1988,8,17,26,40,0,0,13,17,24,0
482542,1,1,1988,2,2,2,2,2,2,2,2,2,2
482543,1,1,1988,0,0,0,0,0,0,0,0,0,0
482544,1,1,1988,0,0,0,22,23,0,25,0,5,27
482544,2,1,1988,0,0,0,0,0,0,0,12,16,0
482545,1,1,1988,3,3,3,3,3,3,3,3,3,3
482546,1,1,1988,0,15,9,0,0,15,0,22,0,0
482547,1,1,1988,0,0,0,0,0,22,15,0,0,14
482548,1,1,1988,0,0,0,0,0,0,0,0,0,0
482548,2,1,1988,0,27,13,0,0,35,0,18,0,0
482549,1,1,1988,22,22,22,22,22,22,22,22,22,22
482550,1,1,1988,0,0,0,12,0,18,0,13,0,0
482551,1,1,1988,16,33,0,0,0,0,0,9,10,30
482552,1,1,1988,4,4,4,4,4,4,4,4,4,4
482553,1,1,1988,0,0,0,0,0,0,0,0,0,0
482554,1,1,1988,0,0,0,0,0,0,0,0,0,0
482554,2,1,1988,0,15,0,0,0,0,0,0,4,0
482555,1,1,1988,0,0,0,0,0,0,0,0,0,0
482555,2,1,1988,0,0,0,0,0,0,0,0,0,0
482556,1,1,1988,17,9,26,5,19,0,0,0,23,0
482557,0,1,1988,22,22,22,22,22,22,22,22,22,22
482557,1,1,1988,0,0,0,0,12,0,0,0,0,0
482558,1,1,1988,0,8,0,0,0,0,0,0,0,0
482559,1,1,1988,2,0,0,0,0,0,0,0,0,0
482559,2,1,1988,0,0,0,0,0,0,0,0,0,0
482560,1,1,1988,28,28,28,28,28,28,28,28,28,28
482561,1,1,1988,0,0,0,0,0,19,0,0,9,13
482561,2,1,1988,2,2,2,2,2,2,2,2,2,2
482562,1,1,1988,10,35,31,10,0,21,0,24,20,9
482563,1,1,1988,7,0,0,0,0,0,0,0,0,0
482563,2,1,1988,0,9,13,0,0,0,0,0,0,28
482564,1,1,1988,0,0,0,9,0,0,0,0,0,0
482564,2,1,1988,0,0,0,0,0,9,13,0,0,0
482565,0,1,1988,0,0,0,0,0,0,0,0,0,0
482565,1,1,1988,0,0,0,0,0,0,0,0,0,0
482566,1,1,1988,21,21,21,21,21,21,21,21,21,21
482567,1,1,1988,0,0,0,0,0,18,0,0,0,0
482567,2,1,1988,0,0,0,0,0,0,0,0,0,0
482568,1,1,1988,0,0,0,0,0,0,0,0,0,0
482569,1,1,1988,1,1,1,1,1,1,1,1,1,1
482570,1,1,1988,0,0,10,0,0,0,0,0,0,0
482571,0,1,1988,23,0,0,0,0,0,0,0,0,0
482571,1,1,1988,0,0,0,0,0,0,0,0,0,0
482571,2,1,1988,0,0,8,0,0,0,0,0,15,0
482571,3,1,1988,0,0,11,0,0,0,0,0,0,0
482572,1,1,1988,0,0,0,0,0,0,0,0,0,0
482572,2,1,1988,0,0,0,0,0,0,0,0,0,0
482573,1,1,1988,0,21,0,0,0,0,0,0,0,0
482573,2,1,1988,0,0,0,10,0,0,0,0,0,0
482574,0,1,1988,0,0,0,0,0,0,0,0,0,0
482574,1,1,1988,0,0,0,0,0,0,0,7,0,0
482575,1,1,1988,33,23,23,15,25,21,7,26,9,31
482576,1,1,1988,10,10,10,10,10,10,10,10,10,10
482577,1,1,1988,0,0,0,0,7,0,0,0,5,0
482577,2,1,1988,0,0,0,0,0,0,0,0,0,0
482577,3,1,1988,21,0,0,0,0,0,0,0,0,0
482578,1,1,1988,0,13,0,12,0,0,18,0,0,0
482579,1,1,1988,0,0,0,0,0,0,0,0,0,0
482579,2,1,1988,0,0,0,0,0,0,0,0,0,0
482579,3,1,1988,0,0,0,0,0,0,0,0,0,0
482579,4,1,1988,0,0,0,0,0,0,0,0,0,0
482580,0,1,1988,0,0,0,0,15,0,4,0,0,10
482580,1,1,1988,0,0,0,0,0,0,0,0,0,0
482581,0,1,1988,0,0,6,9,0,8,0,0,0,0
482581,1,1,1988,0,0,0,0,0,0,0,0,0,0
482582,0,1,1988,19,0,8,18,0,0,27,0,7,0
482582,1,1,1988,0,30,0,0,0,0,0,0,0,0
482582,2,1,1988,0,0,0,0,0,0,0,0,0,0
482582,3,1,1988,0,0,0,0,0,0,0,0,0,0
482583,1,1,1988,0,0,0,7,0,0,0,22,0,19
482583,2,1,1988,20,0,10,0,0,0,21,0,0,0
482584,1,1,1988,9,14,10,12,15,6,12,6,15,7
482585,1,1,1988,16,16,16,16,16,16,16,16,16,16
482586,1,1,1988,22,0,19,27,0,0,0,0,13,0
482586,2,1,1988,0,0,0,0,0,0,0,0,0,0
482587,1,1,1988,0,0,0,0,0,0,0,0,0,0
482588,1,1,1988,19,19,19,19,19,19,19,19,19,19
482588,2,1,1988,0,0,0,0,0,0,0,0,0,0
482589,1,1,1988,0,0,0,0,26,0,0,0,0,0
482589,2,1,1988,0,0,0,0,0,0,0,0,0,0
482590,1,1,1988,0,0,0,0,0,0,0,0,0,0
482590,2,1,1988,0,0,0,0,0,0,0,0,0,0
482591,1,1,1988,67,0,0,0,22,0,0,20,13,20
482592,0,1,1988,0,0,0,0,0,0,0,0,0,0
482592,1,1,1988,17,0,0,20,0,0,13,0,11,0
482593,1,1,1988,4,0,8,0,7,0,0,0,0,0
482594,0,1,1988,16,16,16,16,16,16,16,16,16,16
482594,1,1,1988,0,0,0,0,0,0,0,0,0,0
482595,1,1,1988,14,14,14,14,14,14,14,14,14,14
482595,2,1,1988,0,0,0,0,0,0,0,0,0,0
482595,3,1,1988,0,22,0,0,0,0,16,0,15,0
482596,1,1,1988,0,0,0,0,0,0,0,0,0,0
482596,2,1,1988,15,15,15,15,15,15,15,15,15,15
482597,1,1,1988,20,0,0,0,0,0,11,0,0,0
482598,1,1,1988,11,11,11,11,11,11,11,11,11,11
482599,1,1,1988,0,0,0,0,0,0,0,0,0,0
482600,0,1,1988,23,18,26,21,17,16,18,12,19,23
482600,1,1,1988,0,0,0,0,0,0,0,0,0,0
482601,1,1,1988,0,0,0,0,0,0,0,0,0,0
482601,2,1,1988,0,0,13,0,0,8,0,0,0,0
482602,1,1,1988,7,0,0,18,25,10,10,6,9,9
482603,0,1,1988,0,0,0,0,0,0,0,0,0,0