ST_CASE,VEH_NO,PER_NO,YEAR,P1,P2,P3,P4,P5,P6,P7,P8,P9,P10
490131,0,1,1988,0,0,0,0,0,0,0,0,0,0
490131,1,1,1988,0,11,0,0,0,0,0,0,0,0
490132,0,1,1988,0,0,0,0,0,0,0,0,0,0
490132,1,1,1988,0,0,0,0,0,0,0,0,0,0
490133,1,1,1988,0,0,0,0,0,0,0,0,0,0
490134,1,1,1988,27,27,27,27,27,27,27,27,27,27
490134,2,1,1988,0,0,0,0,0,0,0,0,0,0
490135,1,1,1988,0,0,0,0,0,0,0,0,0,0
490136,1,1,1988,15,15,15,15,15,15,15,15,15,15
490137,1,1,1988,0,0,0,0,0,0,0,0,0,0
490137,2,1,1988,0,0,0,0,0,0,0,0,0,0
490138,1,1,1988,18,18,18,18,18,18,18,18,18,18
490139,1,1,1988,24,24,24,24,24,24,24,24,24,24
490140,1,1,1988,8,8,8,8,8,8,8,8,8,8
490141,1,1,1988,27,27,27,27,27,27,27,27,27,27
490142,0,1,1988,0,0,0,0,0,0,0,0,0,0
490142,1,1,1988,20,20,20,20,20,20,20,20,20,20
490143,1,1,1988,0,0,0,0,0,0,0,0,0,0
490144,1,1,1988,0,0,0,0,0,0,0,0,0,0
490145,1,1,1988,3,3,3,3,3,3,3,3,3,3
490146,1,1,1988,0,0,0,0,0,0,0,0,0,0
490147,1,1,1988,0,0,0,0,0,0,0,0,0,0
490147,2,1,1988,0,0,0,0,0,0,0,0,0,0
490148,1,1,1988,48,48,48,48,48,48,48,48,48,48
490149,1,1,1988,0,0,0,0,0,0,0,0,0,0
490149,2,1,1988,7,7,7,7,7,7,7,7,7,7
490150,1,1,1988,12,12,12,12,12,12,12,12,12,12
490151,1,1,1988,0,0,0,0,0,0,0,0,0,0
490151,2,1,1988,0,0,0,0,0,0,0,0,0,0
490152,1,1,1988,26,26,26,26,26,26,26,26,26,26
490153,0,1,1988,0,0,0,0,0,0,0,0,0,0
490153,1,1,1988,0,0,0,0,0,0,0,0,0,0
490154,1,1,1988,0,0,0,0,0,0,0,0,0,0
490154,2,1,1988,0,0,0,0,0,0,0,0,0,0
490155,1,1,1988,25,25,25,25,25,25,25,25,25,25
490156,1,1,1988,0,0,0,0,0,0,0,0,0,0
490157,0,1,1988,0,0,0,0,0,0,0,0,0,0
490157,1,1,1988,0,0,0,0,0,0,0,0,0,0
490157,2,1,1988,0,0,16,8,0,0,0,0,13,0
490158,1,1,1988,18,18,18,18,18,18,18,18,18,18
490159,1,1,1988,0,0,0,0,0,0,0,0,0,0
490159,2,1,1988,0,20,0,0,0,11,0,0,19,0
490160,1,1,1988,21,21,21,21,21,21,21,21,21,21
490161,1,1,1988,0,0,0,0,0,0,0,0,0,0
490161,2,1,1988,0,0,0,0,0,0,0,0,12,24
490163,0,1,1988,0,0,0,0,0,0,0,0,0,0
490163,0,2,1988,0,0,16,0,24,17,0,0,15,0
490163,1,1,1988,0,0,0,0,0,0,0,0,0,0
490164,1,1,1988,9,16,22,19,33,0,26,22,25,12
490165,1,1,1988,3,3,3,3,3,3,3,3,3,3
490166,0,1,1988,0,8,18,0,0,0,0,0,0,0
490166,0,2,1988,0,0,0,0,0,12,39,0,18,17
490166,1,1,1988,0,0,0,0,0,10,0,0,0,0
490167,1,1,1988,0,0,29,0,0,0,0,0,0,0
490168,1,1,1988,20,20,20,20,20,20,20,20,20,20
490168,2,1,1988,0,0,0,0,0,0,0,0,0,0
490169,1,1,1988,0,0,0,0,0,0,0,0,0,0
490169,2,1,1988,0,0,0,0,0,0,0,0,0,0
490170,0,1,1988,19,0,0,10,0,0,0,0,0,0
490170,1,1,1988,0,0,0,0,0,0,0,0,0,0
490171,1,1,1988,0,0,0,0,0,0,0,0,0,0
490172,1,1,1988,0,0,0,0,0,0,0,0,0,0
490173,1,1,1988,15,15,15,15,15,15,15,15,15,15
490174,1,1,1988,22,22,22,22,22,22,22,22,22,22
490175,1,1,1988,0,0,0,0,0,0,0,0,0,0
490175,2,1,1988,0,0,0,0,0,0,0,0,0,0
490177,1,1,1988,0,0,0,0,0,0,0,0,0,0
490177,2,1,1988,0,0,0,0,0,0,0,0,0,0
490178,1,1,1988,0,0,0,0,0,0,0,0,0,0
490178,2,1,1988,0,0,14,0,0,0,0,0,16,0
490179,1,1,1988,0,0,0,0,0,0,0,0,0,0
490180,1,1,1988,6,6,6,6,6,6,6,6,6,6
490181,0,1,1988,27,0,0,0,0,28,0,0,0,0
490181,1,1,1988,0,0,0,6,0,0,0,0,0,0
490182,1,1,1988,12,12,12,12,12,12,12,12,12,12
490183,1,1,1988,11,11,11,11,11,11,11,11,11,11
490184,1,1,1988,0,0,0,0,0,0,0,0,0,0
490185,1,1,1988,0,0,0,0,0,0,0,0,0,0
490186,1,1,1988,0,0,0,0,0,0,0,0,0,15
490186,2,1,1988,0,0,0,0,0,0,0,0,0,0
490187,1,1,1988,9,9,9,9,9,9,9,9,9,9
490188,1,1,1988,0,0,0,0,0,0,0,0,0,0
490189,0,1,1988,10,10,10,10,10,10,10,10,10,10
490189,1,1,1988,0,0,0,0,0,0,0,0,0,0
490190,1,1,1988,16,16,16,16,16,16,16,16,16,16
490190,2,1,1988,0,0,0,0,0,0,0,0,0,0
490190,3,1,1988,0,0,0,0,0,0,0,0,0,0
490191,1,1,1988,0,0,0,0,0,0,0,0,0,0
490191,2,1,1988,0,0,0,0,0,0,0,0,0,0
490192,1,1,1988,0,0,0,0,0,0,0,0,0,0
490193,1,1,1988,26,26,26,26,26,26,26,26,26,26
490194,1,1,1988,0,0,0,0,0,0,0,0,0,0
490194,2,1,1988,0,0,0,0,0,0,0,0,0,0
490195,1,1,1988,0,0,0,0,0,0,0,0,0,0
490195,2,1,1988,0,0,0,0,0,0,0,0,0,0
490196,1,1,1988,0,0,0,0,0,0,0,0,0,0
490197,1,1,1988,16,16,16,16,16,16,16,16,16,16
490197,2,1,1988,0,0,0,0,0,0,0,0,0,0
490198,1,1,1988,0,0,0,0,0,0,0,0,0,0
490199,1,1,1988,0,0,0,0,0,0,0,31,0,0
490199,2,1,1988,0,0,0,0,0,0,0,0,0,0
490199,3,1,1988,0,0,0,0,3,0,0,0,0,0
490200,1,1,1988,18,18,18,18,18,18,18,18,18,18
490201,1,1,1988,17,17,17,17,17,17,17,17,17,17
490202,1,1,1988,0,0,0,0,0,0,0,0,0,0
490202,2,1,1988,0,0,0,0,0,0,0,0,0,0
490202,3,1,1988,0,5,0,0,0,0,0,0,0,0
490204,0,1,1988,0,0,0,0,0,0,0,0,0,0
490204,1,1,1988,0,0,0,0,0,0,0,0,0,0
490205,1,1,1988,0,11,0,0,0,0,0,0,0,0
490206,0,1,1988,0,0,0,0,0,0,12,0,0,0
490206,1,1,1988,0,0,0,0,0,0,0,0,0,0
490207,1,1,1988,0,0,0,0,0,0,0,0,0,0
490208,0,1,1988,0,0,0,0,0,0,0,0,8,0
490208,1,1,1988,9,9,9,9,9,9,9,9,9,9
490209,1,1,1988,0,0,0,0,0,0,0,0,0,0
490209,2,1,1988,0,0,0,0,0,0,0,0,0,0
490210,1,1,1988,15,15,15,15,15,15,15,15,15,15
490210,2,1,1988,0,0,0,0,0,0,0,0,0,0
490211,0,1,1988,0,0,38,0,28,0,0,0,0,0
490211,1,1,1988,0,0,0,0,0,0,0,0,0,0
490212,0,1,1988,0,0,0,0,0,0,0,0,0,0
490212,1,1,1988,0,0,0,0,0,9,0,0,0,0
490213,1,1,1988,16,16,16,16,16,16,16,16,16,16
490214,1,1,1988,0,15,0,0,0,7,0,0,0,0
490215,1,1,1988,0,0,0,0,0,0,0,0,0,0
490216,1,1,1988,0,0,0,0,0,0,0,0,0,0
490217,1,1,1988,19,19,19,19,19,19,19,19,19,19
490218,0,1,1988,30,0,0,0,20,0,0,0,0,0
490218,1,1,1988,0,0,0,0,0,0,0,0,0,0
490220,1,1,1988,11,11,11,11,11,11,11,11,11,11
490221,0,1,1988,0,0,0,0,0,0,0,0,0,0
490221,1,1,1988,0,0,0,0,0,0,0,0,0,0
490222,1,1,1988,4,4,4,4,4,4,4,4,4,4
490223,1,1,1988,7,7,7,7,7,7,7,7,7,7
490224,0,1,1988,0,0,0,0,0,0,0,0,0,0
490224,1,1,1988,0,0,0,0,0,0,0,0,0,0
490225,1,1,1988,0,0,0,0,0,0,0,0,0,0
490226,1,1,1988,0,0,0,0,0,0,0,0,0,0
490227,1,1,1988,0,0,0,0,0,0,0,0,0,0
490227,2,1,1988,0,0,0,0,0,0,0,0,0,0
490228,0,1,1988,0,0,0,0,8,0,0,0,0,0
490228,1,1,1988,0,0,0,0,0,0,0,0,0,0
490229,1,1,1988,0,0,0,0,0,0,0,0,0,0
490229,2,1,1988,0,0,0,0,0,0,0,0,0,0
490230,1,1,1988,12,17,12,31,7,26,21,24,11,22
490231,1,1,1988,0,0,0,0,0,0,0,0,0,0
490232,1,1,1988,0,0,0,0,0,0,0,0,0,0
490232,2,1,1988,0,0,0,0,0,0,0,0,0,0
490233,1,1,1988,0,0,0,0,0,0,0,0,0,0
490234,1,1,1988,6,6,6,6,6,6,6,6,6,6
490235,1,1,1988,0,0,0,0,0,0,0,0,0,0
490236,1,1,1988,0,0,0,0,0,0,0,0,0,0
490236,2,1,1988,0,0,0,0,0,0,0,0,0,0
490237,1,1,1988,0,0,0,0,0,0,0,0,0,0
490237,2,1,1988,0,0,0,0,0,0,0,0,0,0
490238,1,1,1988,0,0,0,0,0,0,0,0,0,0
490238,2,1,1988,20,20,20,20,20,20,20,20,20,20
490239,1,1,1988,16,16,16,16,16,16,16,16,16,16
490240,1,1,1988,0,0,0,0,0,0,0,0,0,0
490241,1,1,1988,0,0,0,0,0,34,0,15,15,0
490242,1,1,1988,20,20,20,20,20,20,20,20,20,20
490243,1,1,1988,0,21,24,0,15,15,0,8,0,0
490244,1,1,1988,0,0,0,0,0,0,0,0,0,0
490244,2,1,1988,0,0,0,0,0,0,0,0,0,0
490244,3,1,1988,0,0,0,0,0,0,0,0,0,0
490244,4,1,1988,0,0,0,0,0,4,0,0,0,0
490245,1,1,1988,0,0,0,0,0,0,0,0,0,0
490245,2,1,1988,0,0,0,0,0,0,0,0,0,0
490245,3,1,1988,0,0,0,0,0,0,0,0,0,0
490245,4,1,1988,0,0,0,0,0,0,0,0,0,0
490247,1,1,1988,0,0,0,11,0,0,0,0,0,0
490247,2,1,1988,0,0,0,0,0,0,0,0,0,0
490248,1,1,1988,0,0,0,0,0,0,0,0,0,0
490248,2,1,1988,0,0,0,0,0,0,0,0,0,0
490249,1,1,1988,20,20,20,20,20,20,20,20,20,20
490250,0,1,1988,0,0,0,0,0,0,0,0,0,0
490250,1,1,1988,0,0,0,0,0,0,0,0,0,0
490251,1,1,1988,0,0,0,0,0,0,0,0,0,0
490252,1,1,1988,0,0,0,0,0,0,0,0,0,0
490253,1,1,1988,0,0,0,0,0,24,0,0,0,0
490253,2,1,1988,0,0,0,0,0,0,6,0,0,0
490254,1,1,1988,0,0,0,0,0,0,0,0,0,0
490254,2,1,1988,0,0,0,0,0,0,0,0,0,0
490255,1,1,1988,0,0,0,0,0,0,0,0,0,0
490255,2,1,1988,0,0,0,0,0,0,0,0,0,0
490255,3,1,1988,0,0,0,0,0,0,0,0,0,0
490256,1,1,1988,0,0,0,0,0,0,0,0,0,0
490256,2,1,1988,0,0,0,0,0,0,0,0,0,0
490256,3,1,1988,0,0,0,0,0,12,0,0,0,0
490257,1,1,1988,0,0,0,0,0,0,0,0,0,0
490257,2,1,1988,0,0,0,0,0,0,0,0,0,0
490258,1,1,1988,10,10,10,10,10,10,10,10,10,10
490259,1,1,1988,0,0,0,0,0,0,0,0,0,0
490259,2,1,1988,0,0,0,0,0,0,0,0,0,0
490260,1,1,1988,0,0,0,0,0,0,0,0,0,0
490260,2,1,1988,0,0,0,0,0,0,0,0,0,0
490261,1,1,1988,29,29,29,29,29,29,29,29,29,29
490261,2,1,1988,0,0,0,0,0,0,0,0,0,0
490262,0,1,1988,0,0,0,0,0,0,0,0,0,0
490262,1,1,1988,0,0,18,0,0,11,0,0,0,0
490263,1,1,1988,0,0,0,0,0,0,0,0,0,0
490264,1,1,1988,0,0,0,0,0,0,0,0,0,0
490264,2,1,1988,0,0,0,0,0,0,0,0,0,6
490265,1,1,1988,0,0,0,0,0,0,0,0,0,0
490265,2,1,1988,0,0,0,0,0,0,0,0,0,0
490266,1,1,1988,26,26,26,26,26,26,26,26,26,26
500001,1,1,1988,0,0,0,0,0,0,0,0,0,0
500001,2,1,1988,0,0,0,0,0,0,0,0,0,0
500002,1,1,1988,0,0,0,0,0,0,0,0,0,0
500003,1,1,1988,0,0,0,0,0,0,0,0,0,0
500004,1,1,1988,16,16,16,16,16,16,16,16,16,16
500005,1,1,1988,0,0,0,0,0,0,0,0,0,0
500005,2,1,1988,0,0,0,0,0,0,0,0,0,0
500006,1,1,1988,0,0,0,0,0,0,0,0,0,0
500006,2,1,1988,0,0,0,0,0,0,0,0,0,0
500007,1,1,1988,0,0,0,0,0,0,0,0,0,0
500007,2,1,1988,0,0,0,0,0,0,0,0,0,0
500008,1,1,1988,18,18,18,18,18,18,18,18,18,18
500009,1,1,1988,0,0,0,0,0,0,0,0,0,0
500009,2,1,1988,0,0,0,0,0,0,0,0,0,0
500010,0,1,1988,0,0,0,0,0,0,5,0,0,0
500010,1,1,1988,0,0,0,0,0,0,0,0,0,0
500011,1,1,1988,0,0,0,0,0,0,0,0,0,0
500012,1,1,1988,0,0,0,0,0,0,0,0,0,0
500013,1,1,1988,0,0,0,0,0,0,0,0,0,0
500013,2,1,1988,0,0,0,0,0,0,0,0,0,0
500014,1,1,1988,0,0,0,0,0,0,0,0,0,0
500015,1,1,1988,10,10,10,10,10,10,10,10,10,10
500016,1,1,1988,24,24,24,24,24,24,24,24,24,24
500017,1,1,1988,0,0,0,0,0,0,0,0,0,0
500017,2,1,1988,0,0,0,0,0,0,0,0,0,0
500018,1,1,1988,2,2,2,2,2,2,2,2,2,2
500019,1,1,1988,13,13,13,13,13,13,13,13,13,13
500019,2,1,1988,0,0,0,0,0,0,0,0,0,0
500020,1,1,1988,12,12,12,12,12,12,12,12,12,12
500020,2,1,1988,0,0,0,0,0,0,0,0,0,0
500021,1,1,1988,32,32,32,32,32,32,32,32,32,32
500022,1,1,1988,14,14,14,14,14,14,14,14,14,14
500024,1,1,1988,15,6,23,11,17,14,20,14,12,20
500025,0,1,1988,0,0,0,0,0,0,0,0,0,0
500025,1,1,1988,0,0,0,0,0,0,0,0,0,0
500026,1,1,1988,10,10,10,10,10,10,10,10,10,10
500027,1,1,1988,0,0,0,0,0,0,0,0,0,0
500027,2,1,1988,0,0,0,0,0,0,0,0,0,0
500028,1,1,1988,8,8,8,8,8,8,8,8,8,8
500029,1,1,1988,0,0,0,0,0,0,0,0,0,0
500030,1,1,1988,16,16,16,16,16,16,16,16,16,16
500031,1,1,1988,0,0,0,0,0,0,0,0,0,0
500031,2,1,1988,0,0,0,0,0,0,0,0,0,0
500032,1,1,1988,0,0,0,0,0,0,0,0,0,0
500032,2,1,1988,0,0,0,0,0,0,0,0,0,0
500032,3,1,1988,0,0,0,0,0,0,0,0,0,0
500033,1,1,1988,0,0,0,0,0,0,0,0,0,0
500033,2,1,1988,0,0,0,0,0,0,0,0,0,0
500034,0,1,1988,0,0,0,0,0,0,0,0,0,0
500034,1,1,1988,0,0,0,0,0,0,0,0,0,0
500035,1,1,1988,2,2,2,2,2,2,2,2,2,2
500036,1,1,1988,0,0,0,0,0,0,0,0,0,0
500037,1,2,1988,6,14,45,15,0,15,0,0,0,0
500039,1,1,1988,12,12,12,12,12,12,12,12,12,12
500039,2,1,1988,0,0,0,0,0,0,0,0,0,0
500040,0,1,1988,20,0,29,0,0,0,0,0,0,0
500040,1,1,1988,22,23,0,19,19,22,17,7,23,26
500041,1,1,1988,0,0,0,0,0,0,0,0,0,0
500041,2,1,1988,0,0,0,0,0,0,0,0,0,0
500042,1,1,1988,0,0,0,0,0,0,0,0,0,0
500043,1,1,1988,23,23,23,23,23,23,23,23,23,23
500044,1,1,1988,9,9,9,9,9,9,9,9,9,9
500044,2,1,1988,0,0,0,0,0,0,0,0,0,0
500045,1,1,1988,0,0,0,0,0,0,0,0,0,0
500045,2,1,1988,0,0,0,0,0,0,0,0,0,0
500046,1,1,1988,0,0,0,0,0,0,0,0,0,0
500047,1,1,1988,14,14,14,14,14,14,14,14,14,14
500048,1,1,1988,0,0,0,0,0,0,0,0,0,0
500050,1,1,1988,0,0,17,0,0,0,0,0,20,0
500050,2,1,1988,0,0,0,0,0,0,0,0,0,0
500051,1,1,1988,6,22,21,17,17,23,17,12,18,27
500052,1,1,1988,25,25,25,25,25,25,25,25,25,25
500053,1,1,1988,0,0,0,0,0,0,0,0,0,0
500054,1,1,1988,5,5,5,5,5,5,5,5,5,5
500055,1,1,1988,14,14,14,14,14,14,14,14,14,14
500056,1,1,1988,7,7,7,7,7,7,7,7,7,7
500057,1,1,1988,9,9,9,9,9,9,9,9,9,9
500057,2,1,1988,0,0,0,0,0,0,0,0,0,0
500058,1,1,1988,0,0,0,0,0,0,0,0,0,0
500059,1,1,1988,0,0,0,0,0,0,0,0,0,0
500059,2,1,1988,0,0,0,0,0,0,0,0,0,0
500060,1,1,1988,0,0,0,0,0,0,0,0,0,0
500060,2,1,1988,10,0,0,0,0,0,0,0,0,0
500061,1,1,1988,30,30,30,30,30,30,30,30,30,30
500062,1,1,1988,0,0,0,0,0,0,0,0,0,0
500063,1,1,1988,0,0,0,0,0,0,0,0,0,0
500063,2,1,1988,6,17,13,18,29,14,30,24,26,10
500065,1,1,1988,0,0,12,20,0,0,13,17,17,0
500066,1,1,1988,20,13,0,8,15,10,13,15,11,14
500067,1,1,1988,20,20,20,20,20,20,20,20,20,20
500068,1,1,1988,0,0,0,0,0,0,0,0,0,0
500069,1,1,1988,0,0,0,0,0,0,0,0,0,0
500069,2,1,1988,0,23,0,0,0,27,0,36,15,14
500070,1,1,1988,22,22,22,22,22,22,22,22,22,22
500071,1,1,1988,0,0,0,0,0,0,0,0,0,0
500071,2,1,1988,0,0,0,0,0,0,0,0,0,0
500072,1,1,1988,0,0,0,0,0,0,0,0,0,0
500073,1,1,1988,0,0,0,0,0,0,0,0,0,0
500073,2,1,1988,0,0,0,0,0,0,0,0,0,0
500074,0,1,1988,0,0,0,0,18,23,0,26,0,39
500074,1,1,1988,8,14,11,11,13,28,17,31,13,11
500075,1,1,1988,0,0,0,0,0,0,0,0,0,0
500075,2,1,1988,0,0,0,0,0,0,0,0,0,0
500076,1,1,1988,0,0,0,0,0,0,0,0,0,0
500077,0,1,1988,0,0,0,0,0,0,0,0,0,0
500077,1,1,1988,0,0,0,0,0,0,0,0,0,0
500078,1,1,1988,0,14,0,0,0,0,21,0,0,0
500078,2,1,1988,0,0,0,0,0,0,0,0,0,0
500079,0,1,1988,0,0,0,0,0,0,0,0,0,0
500079,1,1,1988,0,0,0,0,0,0,0,0,0,0
500080,0,1,1988,30,30,30,30,30,30,30,30,30,30
500080,1,1,1988,0,0,0,0,0,0,0,0,0,0
500081,1,1,1988,1,1,1,1,1,1,1,1,1,1
500082,1,1,1988,16,16,16,16,16,16,16,16,16,16
500083,1,1,1988,0,0,15,0,23,0,0,21,0,4
500084,1,1,1988,22,0,26,0,24,8,36,29,16,0
500084,2,1,1988,0,0,0,0,0,0,0,0,0,0
500085,1,1,1988,0,0,0,0,0,0,0,0,0,0
500085,2,1,1988,0,0,0,0,0,0,0,0,0,0
500086,1,1,1988,0,0,0,0,0,0,0,0,0,0
500087,1,1,1988,13,13,13,13,13,13,13,13,13,13
500088,1,1,1988,17,17,17,17,17,17,17,17,17,17
500089,1,1,1988,0,0,0,0,0,0,0,0,0,0
500089,2,1,1988,0,0,0,0,0,0,0,0,0,0
500090,1,1,1988,0,0,0,0,0,0,0,0,0,0
500093,1,1,1988,17,17,17,17,17,17,17,17,17,17
500094,1,1,1988,27,27,27,27,27,27,27,27,27,27
500095,1,1,1988,13,13,13,13,13,13,13,13,13,13
500096,1,1,1988,15,6,17,14,23,0,14,17,23,24
500097,1,1,1988,20,20,20,20,20,20,20,20,20,20
500098,1,1,1988,0,0,0,0,0,0,0,0,0,0
500098,2,1,1988,0,0,0,0,0,0,0,0,0,0
500099,1,1,1988,15,5,14,2,31,13,0,19,14,24
500099,2,1,1988,0,0,0,0,0,0,0,0,0,0
500100,1,1,1988,0,0,0,0,0,0,0,0,0,0
500101,1,1,1988,0,0,0,0,0,0,0,0,0,0
500102,1,1,1988,0,0,0,0,0,0,0,0,0,0
500103,1,1,1988,9,9,9,9,9,9,9,9,9,9
500104,1,1,1988,0,0,0,0,0,0,0,0,0,0
500104,2,1,1988,0,0,0,0,0,0,0,0,0,0
500105,1,1,1988,0,0,0,0,0,0,0,0,0,0
500105,2,1,1988,0,0,0,0,0,0,0,0,0,0
500105,3,1,1988,0,0,0,0,0,0,0,0,0,0
500105,4,1,1988,0,0,0,0,0,0,0,0,0,0
500105,5,1,1988,0,0,0,0,0,0,0,0,0,0
500105,6,1,1988,0,0,0,0,0,0,0,0,0,0
500106,1,1,1988,21,21,21,21,21,21,21,21,21,21
500106,2,1,1988,0,0,0,0,0,0,0,0,0,0
500107,1,1,1988,22,0,8,8,0,17,18,21,19,0
500108,1,1,1988,12,12,12,12,12,12,12,12,12,12
500108,2,1,1988,12,12,12,12,12,12,12,12,12,12
500109,1,1,1988,0,0,0,0,0,0,0,0,0,0
500110,1,1,1988,19,19,19,19,19,19,19,19,19,19
500111,1,1,1988,10,10,10,10,10,10,10,10,10,10
500112,1,1,1988,0,0,0,0,0,0,0,0,0,0
500113,1,1,1988,23,23,23,23,23,23,23,23,23,23
500114,1,1,1988,0,0,0,0,0,0,0,0,0,0
500114,2,1,1988,0,0,0,0,0,0,0,0,0,0
500115,1,1,1988,26,26,12,6,6,13,21,18,0,17
500116,1,1,1988,25,32,0,27,18,15,31,15,3,17
500116,2,1,1988,5,5,5,5,5,5,5,5,5,5
500117,1,1,1988,27,27,27,27,27,27,27,27,27,27
500118,1,1,1988,19,19,19,19,19,19,19,19,19,19
500118,2,1,1988,0,0,0,0,0,0,0,0,0,0
500120,1,1,1988,22,22,22,22,22,22,22,22,22,22
500121,1,1,1988,18,18,18,18,18,18,18,18,18,18
500121,2,1,1988,0,0,0,0,0,0,0,0,0,0
500122,1,1,1988,0,0,0,0,0,0,0,0,0,0
500123,1,1,1988,0,0,0,0,0,0,0,0,0,0
500123,2,1,1988,3,0,0,0,0,0,0,0,5,0
500124,1,1,1988,21,29,29,26,13,11,16,18,5,16
510001,1,1,1988,38,38,38,38,38,38,38,38,38,38
510002,1,1,1988,7,7,7,7,7,7,7,7,7,7
510003,1,1,1988,32,32,32,32,32,32,32,32,32,32
510004,0,1,1988,0,0,0,0,0,0,0,0,0,0
510004,1,1,1988,0,0,0,0,0,0,0,0,0,0
510006,0,1,1988,17,17,17,17,17,17,17,17,17,17
510006,1,1,1988,24,27,28,13,15,6,28,7,13,20
510007,1,1,1988,27,27,27,27,27,27,27,27,27,27
510008,0,1,1988,36,36,36,36,36,36,36,36,36,36
510008,1,1,1988,30,24,10,7,21,22,22,16,16,11
510009,1,1,1988,7,7,7,7,7,7,7,7,7,7
510010,1,1,1988,0,0,0,0,0,0,0,0,0,0
510011,1,1,1988,0,0,0,0,0,0,0,0,0,0
510012,0,1,1988,0,0,0,0,0,0,0,0,0,0
510012,1,1,1988,0,0,0,0,0,0,0,0,0,0
510014,1,1,1988,0,0,0,0,0,0,0,0,0,0
510014,2,1,1988,0,0,0,0,0,0,0,0,0,0
510015,1,1,1988,0,0,0,0,0,0,0,0,0,0
510015,2,1,1988,0,0,0,0,0,0,0,0,0,0
510016,1,1,1988,0,0,0,0,0,0,0,0,0,0
510016,2,1,1988,0,0,0,0,0,0,0,0,0,0
510017,0,1,1988,0,0,0,0,0,0,0,0,0,0
510017,1,1,1988,0,0,0,0,0,0,0,0,0,0
510018,1,1,1988,0,0,0,0,0,0,0,0,0,0
510019,1,1,1988,0,0,0,0,0,0,0,0,0,0
510020,1,1,1988,0,0,0,0,0,0,0,0,0,0
510020,2,1,1988,12,11,6,26,7,16,0,7,0,12
510021,1,1,1988,0,0,0,0,0,0,0,0,0,0
510021,2,1,1988,0,0,0,0,0,0,0,0,0,0
510022,1,1,1988,5,5,5,5,5,5,5,5,5,5
510023,1,1,1988,27,27,27,27,27,27,27,27,27,27
510024,1,1,1988,0,0,0,0,0,0,0,0,0,0
510024,2,1,1988,5,5,5,5,5,5,5,5,5,5
510025,0,1,1988,0,0,0,0,0,19,7,0,12,0
510025,1,1,1988,12,15,13,18,5,4,19,7,32,7
510026,1,1,1988,0,17,0,0,17,27,0,0,0,0
510027,1,1,1988,7,0,0,0,0,0,4,12,0,0
510028,0,1,1988,7,17,23,0,12,31,29,32,37,0
510028,1,1,1988,0,0,0,0,0,0,0,0,0,0
510028,2,1,1988,0,0,0,0,0,5,0,0,0,0
510029,1,1,1988,0,0,0,0,0,0,0,0,0,0
510030,1,1,1988,22,22,22,22,22,22,22,22,22,22
510031,1,1,1988,11,24,6,12,14,9,0,11,7,10
510031,2,1,1988,0,0,0,0,0,0,0,0,0,0
510032,1,1,1988,16,9,20,19,11,11,26,8,14,21
510033,0,1,1988,8,8,8,8,8,8,8,8,8,8
510033,1,1,1988,0,0,0,0,22,0,0,0,0,0
510034,1,1,1988,20,20,20,20,20,20,20,20,20,20
510035,1,1,1988,0,0,0,0,0,0,0,0,0,0
510036,1,1,1988,15,15,15,15,15,15,15,15,15,15
510037,1,1,1988,0,0,0,0,0,0,0,0,0,0
510038,1,1,1988,0,0,0,0,0,0,0,0,0,0
510038,2,1,1988,0,0,0,0,0,0,0,0,0,0
510039,1,1,1988,25,12,16,0,18,18,19,20,7,8
510040,0,1,1988,30,30,30,30,30,30,30,30,30,30
510040,1,1,1988,17,13,9,12,18,7,0,10,13,14
510041,1,1,1988,0,0,0,0,0,0,0,0,0,0
510041,2,1,1988,0,0,0,0,0,10,0,0,0,0
510042,1,1,1988,0,0,0,0,0,0,0,0,0,0
510043,0,1,1988,0,0,0,0,0,0,0,0,0,0
510043,1,1,1988,0,0,0,0,0,0,0,15,0,0
510043,2,1,1988,0,0,0,0,0,0,0,0,0,0
510044,1,1,1988,0,0,0,0,0,0,0,0,0,0
510044,2,1,1988,0,0,0,0,0,0,0,0,0,0
510045,1,1,1988,0,0,0,0,0,0,0,0,0,0
510045,2,1,1988,0,0,0,0,0,0,0,0,0,0
510046,1,1,1988,17,17,17,17,17,17,17,17,17,17
510047,1,1,1988,24,24,24,24,24,24,24,24,24,24
510048,1,1,1988,31,31,31,31,31,31,31,31,31,31
510048,2,1,1988,0,0,0,0,0,0,0,0,0,0
510049,1,1,1988,0,0,0,0,0,0,0,0,0,0
510050,1,1,1988,16,16,16,16,16,16,16,16,16,16
510051,1,1,1988,0,15,0,7,43,26,0,16,12,13
510052,0,1,1988,0,0,0,0,0,0,0,0,0,0
510052,1,1,1988,2,7,15,25,8,12,4,7,14,0
510053,1,1,1988,0,0,0,0,0,0,0,0,0,0
510053,2,1,1988,0,0,0,0,0,0,0,0,0,0
510054,1,1,1988,0,0,0,0,0,0,0,0,0,0
510054,2,1,1988,0,0,0,0,11,0,0,9,0,0
510054,3,1,1988,0,0,0,0,0,0,3,0,0,0
510054,4,1,1988,0,0,0,0,0,0,0,0,0,0
510055,1,1,1988,0,0,0,0,0,0,0,0,0,0
510055,2,1,1988,0,0,0,0,0,0,0,0,0,0
510056,1,1,1988,0,0,0,0,0,0,0,0,0,0
510056,2,1,1988,0,0,0,0,0,0,0,0,0,0
510057,1,1,1988,13,13,13,13,13,13,13,13,13,13
510058,1,1,1988,21,0,13,30,0,0,40,0,9,14
510059,1,1,1988,18,18,18,18,18,18,18,18,18,18