ST_CASE,VEH_NO,PER_NO,YEAR,P1,P2,P3,P4,P5,P6,P7,P8,P9,P10
510059,2,1,1988,0,0,0,0,0,0,0,0,0,0
510059,3,1,1988,0,0,0,0,0,0,0,0,0,0
510060,1,1,1988,29,29,29,29,29,29,29,29,29,29
510060,2,1,1988,0,0,0,0,0,0,0,0,0,0
510061,1,1,1988,31,31,31,31,31,31,31,31,31,31
510062,1,1,1988,0,0,0,0,0,0,0,0,0,0
510063,1,1,1988,15,35,12,8,22,8,3,17,10,9
510063,2,1,1988,3,11,0,19,3,15,3,4,14,16
510064,1,1,1988,0,0,0,0,0,0,0,0,0,0
510064,2,1,1988,0,0,0,0,0,0,0,0,0,0
510065,1,1,1988,0,0,0,0,0,0,0,0,0,0
510065,2,1,1988,0,0,14,0,0,0,0,0,0,0
510066,1,1,1988,18,18,18,18,18,18,18,18,18,18
510067,1,1,1988,0,0,0,0,0,0,0,0,0,0
510068,1,1,1988,10,13,0,18,23,23,20,10,18,8
510068,2,1,1988,7,17,2,0,13,15,4,12,0,0
510068,3,1,1988,0,0,0,0,0,0,0,0,0,0
510069,1,1,1988,41,41,41,41,41,41,41,41,41,41
510070,1,1,1988,4,0,16,23,5,13,12,16,12,18
510071,1,1,1988,0,0,0,0,0,0,0,0,0,0
510072,1,1,1988,12,12,12,12,12,12,12,12,12,12
510073,1,1,1988,0,0,0,0,0,0,0,0,0,0
510074,1,1,1988,17,17,17,17,17,17,17,17,17,17
510075,1,1,1988,14,4,15,15,13,14,25,19,8,7
510076,1,1,1988,0,0,0,0,0,0,0,0,0,0
510076,2,1,1988,0,0,0,0,0,0,0,0,0,0
510077,1,1,1988,0,0,0,0,0,0,0,0,0,0
510077,2,1,1988,7,16,14,11,26,17,5,14,5,10
510078,1,1,1988,1,1,1,1,1,1,1,1,1,1
510079,0,1,1988,2,0,0,0,0,0,0,0,0,0
510079,1,1,1988,0,0,0,0,0,0,0,0,0,0
510079,2,1,1988,0,0,0,0,0,0,0,0,0,0
510080,1,1,1988,0,0,0,7,0,0,0,14,23,28
510081,1,1,1988,0,0,0,0,0,0,0,0,0,0
510081,2,1,1988,0,0,0,0,0,0,0,0,0,0
510082,1,1,1988,0,0,0,0,0,0,0,0,0,0
510082,2,1,1988,9,9,9,9,9,9,9,9,9,9
510083,0,1,1988,19,19,19,19,19,19,19,19,19,19
510083,1,1,1988,0,0,0,0,0,0,0,0,0,0
510084,1,1,1988,0,0,0,0,0,0,0,0,0,0
510084,2,1,1988,0,0,0,0,0,0,0,0,0,0
510085,1,1,1988,22,22,22,22,22,22,22,22,22,22
510086,1,1,1988,0,0,0,0,0,0,0,0,0,0
510086,2,1,1988,0,12,17,19,18,17,13,29,15,0
510087,1,1,1988,31,31,31,31,31,31,31,31,31,31
510088,1,1,1988,0,9,9,11,14,12,23,16,33,9
510089,1,1,1988,0,0,0,0,0,0,0,0,0,0
510090,1,1,1988,0,0,0,0,0,0,0,0,0,0
510090,2,1,1988,0,0,0,0,0,0,0,0,0,0
510091,0,1,1988,0,0,0,0,7,0,0,0,0,0
510091,1,1,1988,10,16,19,4,16,15,27,4,20,21
510092,1,1,1988,0,0,0,0,0,0,0,0,0,0
510092,2,1,1988,0,0,0,0,0,0,0,0,0,0
510093,1,1,1988,23,23,23,23,23,23,23,23,23,23
510094,1,1,1988,5,13,31,22,8,19,20,19,19,20
510095,1,1,1988,0,0,12,0,0,0,0,0,0,0
510096,1,1,1988,19,15,41,26,23,14,17,21,19,12
510097,1,1,1988,19,16,0,10,31,8,5,34,7,15
510097,2,1,1988,0,0,0,0,0,0,0,0,0,0
510098,1,1,1988,0,0,0,0,0,0,0,0,0,0
510098,2,1,1988,9,9,9,9,9,9,9,9,9,9
510098,3,1,1988,0,0,0,0,0,0,0,0,0,0
510100,1,1,1988,24,10,13,4,18,18,13,14,10,5
510101,1,1,1988,0,0,0,0,0,0,0,0,0,0
510101,2,1,1988,21,21,21,21,21,21,21,21,21,21
510102,1,1,1988,0,0,0,0,0,0,0,0,0,0
510102,2,1,1988,0,0,0,0,0,0,0,0,0,0
510103,1,1,1988,25,25,25,25,25,25,25,25,25,25
510103,2,1,1988,0,0,0,0,0,0,0,0,0,0
510104,0,1,1988,0,0,20,0,0,0,18,21,0,0
510104,1,1,1988,0,0,0,0,0,0,0,0,0,0
510105,0,1,1988,8,8,8,8,8,8,8,8,8,8
510105,1,1,1988,0,0,0,0,0,0,13,0,0,14
510106,1,1,1988,13,13,13,13,13,13,13,13,13,13
510107,0,1,1988,21,22,26,11,28,5,35,16,19,37
510107,1,1,1988,0,0,0,0,14,0,0,0,0,0
510108,1,1,1988,19,33,8,21,37,12,5,21,16,20
510108,2,1,1988,19,19,19,19,19,19,19,19,19,19
510109,1,1,1988,0,0,0,0,0,0,0,0,0,0
510110,1,1,1988,23,23,23,23,23,23,23,23,23,23
510111,1,1,1988,1,1,1,1,1,1,1,1,1,1
510112,1,1,1988,0,0,0,0,0,0,0,0,0,0
510113,1,1,1988,17,23,14,36,24,22,29,28,24,0
510114,2,1,1988,0,0,0,0,0,0,0,0,0,10
510115,1,1,1988,0,0,0,0,0,0,0,0,0,0
510115,2,1,1988,0,0,0,0,0,0,0,0,0,0
510116,1,1,1988,0,0,7,8,0,0,0,0,0,0
510116,2,1,1988,0,0,0,0,0,0,0,0,0,0
510117,0,1,1988,0,0,0,0,0,0,0,0,0,0
510117,1,1,1988,0,0,0,0,0,0,0,0,0,0
510118,1,1,1988,20,11,13,13,28,34,9,14,13,4
510118,2,1,1988,0,0,0,0,0,0,0,0,0,0
510118,3,1,1988,0,0,0,0,0,0,0,0,0,9
510120,1,1,1988,10,5,11,4,9,7,8,3,10,5
510121,1,1,1988,0,0,7,0,0,0,0,0,0,0
510122,1,1,1988,0,0,0,0,0,0,0,0,0,0
510122,2,1,1988,0,0,0,0,0,0,0,0,0,0
510122,3,1,1988,0,0,0,0,0,0,0,0,0,0
510123,0,1,1988,0,0,0,0,0,45,0,0,0,0
510123,1,1,1988,0,0,0,0,0,0,0,0,0,0
510124,0,1,1988,0,0,0,0,0,0,0,0,0,0
510124,0,2,1988,17,17,17,17,17,17,17,17,17,17
510124,0,3,1988,0,0,0,0,0,0,0,0,0,0
510124,0,4,1988,0,28,44,24,0,20,0,36,31,16
510124,1,1,1988,6,19,23,0,12,12,11,3,17,18
510125,1,1,1988,0,0,0,0,0,0,0,0,0,0
510126,1,1,1988,13,10,14,3,4,14,13,13,6,23
510127,1,1,1988,0,0,0,0,0,0,0,0,0,0
510128,1,1,1988,0,0,0,6,0,0,0,0,0,0
510128,2,1,1988,0,0,24,0,0,0,0,0,0,0
510128,3,1,1988,0,0,0,0,0,0,0,0,0,0
510129,1,1,1988,0,0,0,0,0,0,0,0,0,0
510129,2,1,1988,0,0,0,0,0,0,0,0,0,0
510129,3,1,1988,0,0,0,0,0,0,0,0,0,0
510130,1,1,1988,0,0,0,0,0,0,0,0,0,0
510131,0,1,1988,0,0,0,0,0,0,0,0,0,0
510131,1,1,1988,0,0,0,0,0,0,0,0,0,0
510132,1,1,1988,0,0,0,0,0,0,0,0,0,0
510133,1,1,1988,0,0,0,0,0,0,0,0,0,0
510134,1,1,1988,0,0,0,0,0,0,0,0,0,0
510135,1,1,1988,0,0,0,0,0,0,0,0,0,0
510135,2,1,1988,0,0,0,0,0,0,0,0,0,0
510136,1,1,1988,29,9,17,9,15,0,0,38,22,19
510137,1,1,1988,0,0,0,0,0,0,0,0,0,0
510138,1,1,1988,0,0,0,0,0,0,0,0,0,0
510138,2,1,1988,0,0,0,0,0,0,0,0,0,0
510139,1,1,1988,36,25,43,10,32,11,14,36,0,32
510140,1,1,1988,0,0,0,0,0,0,0,0,0,0
510140,2,1,1988,0,0,0,0,0,0,0,0,0,0
510140,3,1,1988,0,0,0,0,0,0,0,15,0,5
510140,4,1,1988,0,0,0,0,0,15,0,0,0,0
510140,5,1,1988,0,0,0,0,0,0,0,0,0,0
510141,1,1,1988,0,0,0,0,0,0,0,0,0,0
510142,0,1,1988,0,0,0,0,0,0,0,0,0,0
510142,1,1,1988,0,0,0,0,0,0,0,0,0,0
510143,1,1,1988,0,0,0,0,0,0,0,0,0,0
510144,1,1,1988,0,0,0,0,0,0,0,0,0,0
510144,2,1,1988,0,0,0,0,0,0,0,0,0,0
510144,3,1,1988,0,0,0,0,0,0,0,0,0,0
510145,1,1,1988,13,13,13,13,13,13,13,13,13,13
510146,1,1,1988,20,20,20,20,20,20,20,20,20,20
510147,1,1,1988,12,12,12,12,12,12,12,12,12,12
510148,1,1,1988,0,0,13,0,0,0,0,0,0,0
510148,2,1,1988,12,12,12,12,12,12,12,12,12,12
510149,0,1,1988,0,0,0,0,0,0,0,0,0,0
510149,1,1,1988,6,12,7,10,19,24,5,10,7,18
510150,1,1,1988,0,0,0,0,0,0,0,0,0,0
510151,1,1,1988,0,0,0,0,0,12,0,0,0,0
510151,2,1,1988,0,0,0,12,0,0,16,0,0,0
510151,3,1,1988,0,0,0,0,0,6,0,0,0,0
510152,1,1,1988,0,0,0,0,0,0,0,0,0,0
510152,2,1,1988,0,0,0,0,0,0,0,0,0,0
510153,1,1,1988,23,23,23,23,23,23,23,23,23,23
510154,1,1,1988,20,20,20,20,20,20,20,20,20,20
510155,0,1,1988,25,5,20,30,22,0,0,19,16,18
510155,1,1,1988,0,0,0,0,0,0,0,0,0,0
510156,1,1,1988,0,0,0,0,0,0,0,0,0,0
510156,2,1,1988,0,0,0,0,0,0,0,0,0,0
510157,1,1,1988,12,0,30,0,0,0,0,0,0,0
510157,2,1,1988,0,0,0,0,0,0,0,0,0,0
510158,1,1,1988,0,0,0,0,0,0,23,0,0,0
510158,2,1,1988,0,0,0,0,0,0,0,0,0,0
510159,1,1,1988,18,25,15,23,20,10,15,11,24,0
510160,1,1,1988,0,0,0,0,0,0,0,0,0,0
510161,1,1,1988,18,18,18,18,18,18,18,18,18,18
510161,2,1,1988,0,0,0,0,0,0,0,0,0,0
510162,1,1,1988,0,0,0,0,0,0,0,0,0,0
510162,2,1,1988,0,0,0,0,0,0,0,0,0,0
510163,1,1,1988,1,1,1,1,1,1,1,1,1,1
510164,0,1,1988,0,0,0,0,0,0,0,0,0,0
510164,1,1,1988,0,0,0,0,0,0,0,0,0,0
510165,1,1,1988,0,0,0,0,0,0,0,0,0,0
510166,1,1,1988,0,0,0,0,0,0,0,0,0,0
510167,1,1,1988,7,9,0,16,0,17,0,19,11,5
510167,2,1,1988,0,0,0,12,0,2,0,0,0,0
510168,1,1,1988,25,25,25,25,25,25,25,25,25,25
510168,2,1,1988,0,0,0,0,0,0,0,0,0,0
510169,0,1,1988,1,1,1,1,1,1,1,1,1,1
510169,1,1,1988,20,22,0,9,23,0,30,10,16,11
510170,1,1,1988,0,0,0,0,0,0,0,0,0,0
510171,1,1,1988,0,0,0,0,0,0,0,0,0,0
510171,2,1,1988,0,0,0,0,0,0,0,0,0,0
510172,1,1,1988,0,0,0,0,0,0,0,0,0,0
510172,2,1,1988,0,0,0,0,0,0,9,0,0,0
510173,1,1,1988,0,0,0,0,0,9,0,0,0,0
510174,1,1,1988,36,36,36,36,36,36,36,36,36,36
510175,1,1,1988,0,0,0,0,0,0,0,0,0,0
510175,2,1,1988,0,0,0,0,0,0,0,0,0,0
510176,1,1,1988,0,0,0,0,0,16,0,0,0,0
510176,2,1,1988,4,4,4,4,4,4,4,4,4,4
510177,0,1,1988,0,0,0,0,0,0,0,0,0,27
510177,1,1,1988,0,0,0,0,0,0,0,0,0,0
510178,0,1,1988,0,0,0,0,0,0,0,0,0,0
510178,1,1,1988,0,0,0,0,0,0,0,0,0,0
510179,1,1,1988,0,0,0,0,0,0,0,0,0,0
510179,2,1,1988,0,0,0,0,0,0,9,0,0,0
510180,1,1,1988,0,0,0,0,0,0,0,0,0,0
510180,2,1,1988,0,7,0,0,0,0,0,0,0,0
510181,1,1,1988,20,25,12,22,10,21,18,20,31,9
510182,1,1,1988,0,0,0,0,0,0,0,0,0,0
510182,2,1,1988,0,0,0,0,0,0,0,18,0,0
510183,1,1,1988,29,29,29,29,29,29,29,29,29,29
510184,1,1,1988,20,15,23,34,11,0,42,24,14,12
510185,0,1,1988,29,29,29,29,29,29,29,29,29,29
510185,1,1,1988,0,0,0,0,0,0,0,0,0,9
510186,1,1,1988,0,0,0,0,0,0,0,0,0,0
510187,1,1,1988,0,0,0,0,0,0,0,0,0,0
510189,0,1,1988,0,0,0,0,0,0,0,0,0,0
510189,1,1,1988,0,0,0,0,0,0,0,0,0,0
510190,1,1,1988,0,0,0,0,0,0,0,0,0,0
510190,2,1,1988,0,0,0,0,0,0,0,0,0,0
510190,3,1,1988,0,0,0,0,0,9,0,0,0,0
510191,1,1,1988,27,27,27,27,27,27,27,27,27,27
510192,1,1,1988,18,18,18,18,18,18,18,18,18,18
510193,0,1,1988,18,18,18,18,18,18,18,18,18,18
510194,1,1,1988,0,0,0,0,0,0,0,0,0,0
510194,2,1,1988,0,0,0,0,0,0,0,0,0,0
510195,1,1,1988,0,29,14,0,7,0,0,0,0,0
510195,2,1,1988,0,0,0,0,0,0,0,0,0,0
510196,1,1,1988,31,14,15,9,18,27,4,8,12,24
510197,1,1,1988,0,0,4,0,0,7,0,30,0,12
510197,2,1,1988,0,0,0,0,0,0,0,0,0,0
510198,1,1,1988,0,0,0,0,0,0,0,0,0,0
510198,2,1,1988,0,0,0,0,0,0,0,0,0,0
510199,0,1,1988,0,0,0,0,0,0,0,0,0,0
510199,1,1,1988,25,16,6,15,18,14,18,17,31,26
510201,0,1,1988,0,0,0,0,0,0,0,0,0,0
510201,1,1,1988,0,0,0,0,0,0,0,0,0,0
510202,1,1,1988,0,0,0,0,0,0,0,0,0,0
510202,2,1,1988,0,0,0,0,0,0,0,0,0,0
510203,1,1,1988,0,0,0,0,0,0,0,0,0,0
510204,1,1,1988,14,14,14,14,14,14,14,14,14,14
510204,2,1,1988,0,0,0,0,0,0,0,0,0,0
510205,1,1,1988,0,0,0,0,0,0,0,0,0,0
510206,0,1,1988,13,13,13,13,13,13,13,13,13,13
510206,1,1,1988,0,0,0,0,0,0,0,0,0,0
510207,1,1,1988,18,18,18,18,18,18,18,18,18,18
510208,1,1,1988,19,6,19,12,18,12,28,17,0,11
510208,2,1,1988,23,30,9,19,34,29,0,12,0,22
510209,1,1,1988,19,19,19,19,19,19,19,19,19,19
510209,2,1,1988,0,0,0,0,0,0,0,0,0,0
510210,1,1,1988,0,0,0,0,0,0,0,0,0,0
510210,2,1,1988,0,0,0,0,0,0,0,0,0,0
510211,1,1,1988,39,34,23,14,15,29,26,10,17,17
510212,1,1,1988,0,0,0,0,0,0,0,0,0,0
510214,1,1,1988,0,0,0,0,0,0,0,0,0,0
510214,2,1,1988,0,0,0,0,0,0,0,0,0,0
510215,1,1,1988,0,16,0,0,0,0,21,0,32,15
510215,2,1,1988,16,17,4,5,27,4,15,8,8,16
510216,1,1,1988,14,15,7,5,17,11,17,21,5,21
510217,1,1,1988,0,0,0,0,0,22,0,0,0,0
510217,2,1,1988,0,0,0,0,0,0,0,0,0,0
510218,1,1,1988,19,19,19,19,19,19,19,19,19,19
510219,1,1,1988,0,0,0,0,0,0,0,0,0,0
510219,2,1,1988,0,0,0,0,0,0,0,0,0,0
510220,1,1,1988,0,0,0,0,0,0,0,0,0,0
510220,2,1,1988,0,0,0,0,0,0,0,0,0,0
510221,1,1,1988,0,0,0,0,0,0,0,0,0,0
510221,2,1,1988,0,0,0,0,0,0,0,0,14,0
510222,1,1,1988,0,0,0,0,0,0,0,0,0,0
510222,2,1,1988,0,0,0,0,0,0,0,0,0,0
510223,0,1,1988,0,0,0,0,0,0,0,0,0,0
510223,1,1,1988,0,0,0,0,0,0,0,0,0,0
510224,1,1,1988,0,10,0,0,0,12,0,0,0,0
510224,2,1,1988,0,0,0,16,0,5,27,32,0,0
510225,1,1,1988,0,0,0,0,0,0,0,0,0,0
510226,1,1,1988,0,0,0,0,0,0,0,0,0,0
510227,1,1,1988,0,0,0,0,0,0,0,0,0,0
510227,2,1,1988,0,0,0,0,0,0,0,0,0,0
510228,1,1,1988,0,0,0,0,0,0,0,0,0,0
510229,1,1,1988,17,33,2,15,28,17,27,15,11,18
510230,1,1,1988,0,7,0,0,0,0,0,0,0,0
510231,1,1,1988,0,0,0,0,0,0,0,0,0,0
510231,2,1,1988,0,0,0,0,0,0,0,0,0,0
510231,3,1,1988,0,0,0,0,0,0,0,0,0,0
510232,1,1,1988,0,0,0,0,0,0,0,4,0,0
510232,2,1,1988,0,0,0,8,0,0,0,0,0,0
510233,1,1,1988,26,3,9,17,21,19,16,10,43,13
510234,1,1,1988,0,0,0,0,0,0,0,0,0,0
510234,2,1,1988,0,0,0,0,0,0,0,0,0,0
510235,1,1,1988,0,0,0,0,0,0,0,0,0,0
510236,0,1,1988,0,0,0,0,0,0,0,0,0,0
510236,1,1,1988,0,20,0,7,0,0,0,0,0,0
510237,1,1,1988,13,21,9,12,14,29,18,15,22,25
510238,0,1,1988,0,0,0,0,0,0,0,0,0,0
510238,1,1,1988,10,0,15,0,14,11,7,12,10,17
510239,1,1,1988,12,30,29,30,4,9,24,19,4,23
510240,1,1,1988,0,0,0,0,0,0,0,0,0,0
510241,1,1,1988,0,0,0,0,0,0,0,0,0,0
510241,2,1,1988,0,0,0,0,0,0,0,0,0,0
510242,1,1,1988,33,33,33,33,33,33,33,33,33,33
510243,1,1,1988,0,0,0,0,0,0,0,0,0,0
510244,1,1,1988,0,0,0,0,0,0,0,0,0,0
510244,2,1,1988,0,0,0,0,0,0,0,0,0,0
510245,1,1,1988,14,14,14,14,14,14,14,14,14,14
510246,1,1,1988,23,23,23,23,23,23,23,23,23,23
510247,1,1,1988,16,16,16,16,16,16,16,16,16,16
510248,1,1,1988,0,0,0,0,0,0,0,0,0,0
510248,2,1,1988,0,0,0,0,0,0,0,0,0,0
510249,0,1,1988,0,0,0,0,0,0,0,0,0,0
510249,1,1,1988,0,0,0,0,0,0,0,0,0,0
510250,1,1,1988,19,19,19,19,19,19,19,19,19,19
510251,1,1,1988,8,8,8,8,8,8,8,8,8,8
510252,1,1,1988,0,0,0,0,0,0,0,0,0,0
510252,2,1,1988,0,0,0,9,0,0,0,0,0,0
510252,3,1,1988,0,0,0,0,0,0,0,0,0,0
510253,0,1,1988,29,29,29,29,29,29,29,29,29,29
510253,1,1,1988,0,0,0,0,0,0,0,0,0,0
510254,1,1,1988,0,0,0,0,0,0,0,0,0,0
510254,2,1,1988,0,0,0,0,0,0,0,0,0,0
510254,3,1,1988,0,0,0,0,0,0,0,0,0,0
510255,1,1,1988,0,0,0,0,0,0,0,0,0,0
510256,1,1,1988,0,0,0,0,0,0,0,0,0,0
510257,1,1,1988,13,13,13,13,13,13,13,13,13,13
510258,1,1,1988,0,0,0,0,0,0,0,0,0,0
510258,2,1,1988,0,0,0,0,0,0,0,0,0,0
510259,1,1,1988,0,0,0,0,0,0,0,0,0,0
510259,2,1,1988,0,15,0,0,0,0,0,0,0,0
510260,1,1,1988,0,14,10,19,8,9,13,16,10,0
510260,2,1,1988,19,0,0,0,0,0,0,0,0,0
510261,1,1,1988,11,18,12,16,11,0,11,27,10,12
510261,2,1,1988,0,0,0,0,0,0,0,0,0,0
510261,3,1,1988,0,0,0,18,0,0,20,0,0,0
510262,1,1,1988,0,0,0,0,0,0,0,0,0,0
510262,2,1,1988,0,0,0,0,0,0,0,0,0,0
510262,3,1,1988,0,0,0,0,0,2,0,0,0,0
510262,4,1,1988,0,0,0,0,0,0,0,0,0,0
510262,5,1,1988,0,0,0,0,0,0,0,0,0,0
510263,1,1,1988,0,0,0,0,0,0,0,0,0,0
510263,2,1,1988,0,0,0,0,0,0,0,0,0,0
510263,3,1,1988,0,0,0,0,0,0,0,0,0,0
510264,1,1,1988,14,14,14,14,14,14,14,14,14,14
510265,1,1,1988,1,1,1,1,1,1,1,1,1,1
510265,2,1,1988,0,0,0,0,12,0,0,0,0,0
510266,1,1,1988,0,0,0,20,0,14,0,0,0,0
510267,0,1,1988,0,0,0,0,0,0,0,0,0,0
510267,0,2,1988,0,0,0,0,0,0,0,0,0,0
510267,1,1,1988,0,0,0,0,0,0,0,0,0,0
510268,1,1,1988,0,0,0,0,0,0,0,0,0,0
510268,2,1,1988,0,0,0,0,0,0,0,0,0,0
510269,1,1,1988,0,0,0,0,0,0,0,0,0,0
510269,2,1,1988,9,9,9,9,9,9,9,9,9,9
510270,0,1,1988,0,0,0,0,0,0,0,0,0,0
510270,1,1,1988,0,0,0,0,0,0,0,0,0,0
510271,1,1,1988,0,14,0,0,0,0,0,14,0,0
510271,2,1,1988,13,13,13,13,13,13,13,13,13,13
510272,1,1,1988,2,2,2,2,2,2,2,2,2,2
510272,2,1,1988,0,0,0,7,0,7,0,0,0,0
510272,3,1,1988,0,0,0,0,0,0,0,0,0,0
510273,1,1,1988,34,18,0,0,0,14,14,14,5,0
510274,1,1,1988,0,0,0,0,0,0,0,0,0,0
510275,1,1,1988,27,27,27,27,27,27,27,27,27,27
510276,1,1,1988,30,30,30,30,30,30,30,30,30,30
510277,1,1,1988,0,0,0,0,0,0,0,0,0,0
510277,2,1,1988,0,0,0,0,0,0,0,0,0,0
510278,1,1,1988,16,16,16,16,16,16,16,16,16,16
510279,0,1,1988,30,0,0,3,0,0,0,0,0,0
510279,1,1,1988,0,0,0,0,0,0,0,0,16,16
510280,1,1,1988,0,0,0,0,0,0,0,0,0,0
510281,1,1,1988,0,0,0,0,0,0,0,0,0,0
510281,2,1,1988,0,0,0,0,0,0,0,0,0,0
510282,0,1,1988,7,7,7,7,7,7,7,7,7,7
510282,1,1,1988,0,0,0,0,0,0,0,0,0,0
510283,1,1,1988,0,0,0,0,0,0,0,0,0,0
510283,2,1,1988,0,0,0,0,0,0,0,0,0,0
510284,1,1,1988,0,0,0,0,0,0,0,0,0,0
510284,2,1,1988,0,0,0,0,0,0,3,0,0,0
510285,1,1,1988,17,3,21,0,3,0,0,3,22,22
510285,2,1,1988,0,0,0,0,0,0,0,0,0,0
510286,0,1,1988,0,0,0,0,0,0,0,0,0,0
510286,1,1,1988,0,0,4,14,16,0,8,7,16,10
510286,2,1,1988,0,0,0,0,0,13,0,0,0,0
510287,1,1,1988,0,0,0,0,0,0,0,0,0,0
510288,1,1,1988,0,0,0,0,0,0,0,0,0,0
510288,2,1,1988,0,0,0,0,0,0,0,0,0,0
510289,1,1,1988,0,0,0,0,0,0,0,0,0,0
510291,1,1,1988,0,0,0,0,0,0,0,0,0,0
510292,1,1,1988,0,0,0,0,0,0,0,0,0,0
510293,1,1,1988,14,14,18,3,0,7,26,11,6,13
510293,2,1,1988,0,0,0,0,0,0,0,0,0,0
510294,1,1,1988,0,0,0,0,0,0,0,0,0,0
510294,2,1,1988,0,0,0,0,0,0,0,0,0,0
510295,1,1,1988,8,8,8,8,8,8,8,8,8,8
510296,1,1,1988,31,8,16,12,16,23,19,24,14,18
510296,2,1,1988,0,18,0,0,0,0,0,0,14,0
510297,1,1,1988,17,17,17,17,17,17,17,17,17,17
510298,0,1,1988,0,0,0,0,0,0,0,0,0,0
510298,1,1,1988,0,0,0,0,0,0,0,0,0,0
510299,1,1,1988,16,16,16,16,16,16,16,16,16,16
510300,0,1,1988,0,0,0,0,0,0,0,0,0,0
510300,1,1,1988,0,0,0,0,0,0,0,0,0,0
510301,0,1,1988,0,0,0,0,0,0,0,0,0,0
510301,1,1,1988,8,4,0,24,8,19,7,11,17,0
510302,1,1,1988,0,0,0,0,0,0,0,0,0,0
510302,2,1,1988,0,0,0,0,0,0,0,0,0,0
510303,1,1,1988,0,0,0,0,0,0,0,0,0,0
510303,2,1,1988,0,0,0,0,0,12,0,0,0,0
510303,3,1,1988,0,0,0,0,0,0,0,0,0,0
510304,1,1,1988,0,0,0,0,0,0,0,0,0,0
510304,2,1,1988,0,0,0,0,0,0,0,0,0,0
510305,1,1,1988,0,0,0,0,0,0,0,0,0,0
510305,2,1,1988,0,0,0,0,0,0,0,0,0,12
510306,0,1,1988,31,31,31,31,31,31,31,31,31,31
510306,1,1,1988,0,0,0,0,0,0,0,0,0,0
510307,1,1,1988,25,6,6,10,0,0,5,9,26,8
510308,1,1,1988,0,0,0,0,0,0,0,0,0,0
510308,2,1,1988,22,22,22,22,22,22,22,22,22,22
510309,1,1,1988,0,0,0,13,0,0,0,0,0,0
510309,2,1,1988,0,0,0,0,0,0,0,0,0,0
510310,1,1,1988,24,24,24,24,24,24,24,24,24,24
510311,1,1,1988,4,4,4,4,4,4,4,4,4,4
510312,1,1,1988,0,0,0,0,0,0,0,0,0,0
510313,1,1,1988,0,0,0,0,0,0,0,0,0,0
510313,2,1,1988,0,0,0,0,0,0,0,0,0,0
510315,0,1,1988,0,0,0,0,0,0,0,0,0,0
510315,1,1,1988,10,21,20,8,14,4,18,10,2,15
510316,1,1,1988,0,0,0,0,0,0,0,0,0,0
510316,2,1,1988,0,0,0,0,0,0,0,0,0,0
510317,1,1,1988,6,10,21,0,0,0,0,0,20,0
510317,2,1,1988,6,17,17,0,5,4,9,13,12,7
510317,3,1,1988,0,0,0,8,0,0,0,27,0,0
510318,1,1,1988,0,0,0,0,0,0,0,0,0,0
510319,1,1,1988,0,0,0,4,13,0,0,0,0,0
510320,1,1,1988,0,0,0,9,0,0,21,12,34,15
510321,1,1,1988,8,8,8,8,8,8,8,8,8,8
510322,1,1,1988,20,0,0,0,0,0,0,8,16,0
510323,1,1,1988,0,0,0,0,0,0,0,0,0,0
510323,2,1,1988,0,0,0,0,0,0,0,0,0,0
510324,1,1,1988,12,12,12,12,12,12,12,12,12,12
510325,1,1,1988,26,15,17,8,0,27,9,0,14,17
510326,1,1,1988,0,0,0,0,0,0,0,0,0,0
510327,1,1,1988,0,0,0,0,0,0,0,0,0,0
510327,2,1,1988,0,0,0,0,0,0,0,0,0,0
510328,1,1,1988,0,0,0,0,0,0,0,0,0,0
510329,1,1,1988,13,13,13,13,13,13,13,13,13,13
510329,2,1,1988,0,0,0,0,0,0,0,0,0,0
510330,1,1,1988,0,0,0,0,0,0,0,0,0,0
510330,2,1,1988,0,0,0,0,0,0,0,0,0,0
510331,1,1,1988,0,0,0,0,0,0,0,0,0,0
510332,1,1,1988,0,0,0,0,14,0,0,0,0,0
510333,1,1,1988,0,0,0,0,0,0,0,0,0,0
510333,2,1,1988,12,17,11,16,14,0,17,18,9,11
510334,1,1,1988,0,0,0,0,0,0,0,10,0,0
510334,2,1,1988,0,0,0,0,0,0,18,0,0,0
510335,1,1,1988,8,16,15,17,14,13,15,24,7,16
510335,2,1,1988,0,0,7,0,10,19,0,0,0,0
510335,3,1,1988,0,0,0,0,0,0,0,0,0,0
510336,0,1,1988,0,0,0,0,0,19,0,0,0,14
510336,1,1,1988,0,0,0,0,0,0,0,0,0,0
510337,1,1,1988,0,0,0,0,0,0,0,0,0,0
510337,2,1,1988,0,0,0,0,0,0,0,0,0,0
510338,1,1,1988,0,0,0,0,0,0,0,0,0,0
510339,1,1,1988,19,13,0,17,0,0,6,7,21,11
510339,2,1,1988,26,3,9,11,6,18,10,10,16,3
510340,1,1,1988,0,0,0,0,0,0,0,0,0,0
510340,2,1,1988,0,0,0,0,0,0,0,0,0,0
510341,1,1,1988,13,3,17,13,14,17,12,10,6,15
510342,1,1,1988,0,0,0,0,0,0,0,0,0,0
510342,2,1,1988,0,0,0,0,0,0,0,0,8,0
510343,0,1,1988,0,0,0,0,0,0,0,0,0,0
510343,1,1,1988,0,0,0,0,0,0,0,6,0,0
510344,1,1,1988,10,29,25,0,0,21,16,30,17,0
510346,0,1,1988,22,0,0,0,0,0,0,0,0,0
510346,0,2,1988,0,0,0,0,0,0,0,0,0,0
510346,1,1,1988,0,0,0,0,0,0,0,0,0,0
510347,1,1,1988,0,0,0,0,0,0,0,0,0,0
510347,2,1,1988,0,0,0,0,0,0,0,0,0,0
510347,3,1,1988,0,0,0,0,0,0,0,0,0,0