ST_CASE,VEH_NO,PER_NO,YEAR,P1,P2,P3,P4,P5,P6,P7,P8,P9,P10
510348,1,1,1988,0,0,7,0,0,0,0,0,0,0
510348,2,1,1988,0,0,0,0,5,0,5,2,0,0
510349,1,1,1988,26,26,26,26,26,26,26,26,26,26
510350,1,1,1988,0,0,0,0,0,0,0,0,0,0
510350,2,1,1988,0,0,21,0,0,0,0,0,0,0
510351,1,1,1988,15,15,15,15,15,15,15,15,15,15
510352,1,1,1988,24,31,16,12,18,14,14,16,15,21
510353,1,1,1988,0,0,0,0,0,0,0,0,0,0
510353,2,1,1988,17,17,17,17,17,17,17,17,17,17
510354,1,1,1988,0,0,0,0,0,0,13,0,0,0
510355,1,1,1988,0,0,0,0,0,0,0,15,0,0
510356,1,1,1988,0,0,0,0,0,0,0,0,0,0
510357,1,1,1988,0,0,0,0,0,0,0,0,0,0
510357,2,1,1988,0,0,0,0,0,0,0,0,0,0
510358,1,1,1988,0,0,0,0,0,0,3,0,0,0
510358,2,1,1988,0,0,0,0,0,0,0,0,0,0
510359,0,1,1988,3,3,3,3,3,3,3,3,3,3
510359,1,1,1988,0,0,0,0,0,0,0,0,0,0
510360,1,1,1988,12,12,12,12,12,12,12,12,12,12
510361,1,1,1988,0,0,0,0,0,0,0,0,0,0
510361,2,1,1988,0,0,0,0,0,0,0,0,0,0
510361,3,1,1988,0,0,0,0,0,0,0,0,0,0
510362,1,1,1988,0,0,0,0,0,0,0,0,0,0
510362,2,1,1988,0,0,0,0,0,0,0,0,0,0
510363,1,1,1988,0,0,0,0,0,0,0,0,0,0
510364,1,1,1988,0,0,0,0,0,0,0,0,0,0
510365,1,1,1988,8,8,8,8,8,8,8,8,8,8
510366,1,1,1988,6,7,8,5,3,15,15,2,18,23
510366,2,1,1988,0,0,0,0,0,0,0,0,0,0
510367,1,1,1988,20,20,20,20,20,20,20,20,20,20
510368,1,1,1988,0,0,0,0,3,0,0,0,0,0
510368,2,1,1988,0,0,0,0,0,0,0,0,0,0
510369,1,1,1988,0,0,0,0,0,0,0,0,0,0
510370,1,1,1988,11,11,11,11,11,11,11,11,11,11
510371,1,1,1988,0,0,0,0,0,0,0,0,0,0
510371,2,1,1988,0,0,0,0,0,0,0,0,0,0
510372,1,1,1988,4,4,4,4,4,4,4,4,4,4
510373,1,1,1988,0,0,0,0,0,0,0,0,0,0
510374,1,1,1988,18,0,0,19,0,16,20,27,0,3
510375,1,1,1988,6,6,6,6,6,6,6,6,6,6
510376,1,1,1988,14,14,14,14,14,14,14,14,14,14
510376,2,1,1988,0,0,0,0,0,0,0,0,0,0
510377,1,1,1988,0,0,0,0,0,0,0,0,0,0
510377,2,1,1988,0,0,0,0,0,0,0,0,0,0
510378,0,1,1988,0,0,0,0,0,0,0,0,0,0
510378,1,1,1988,7,11,18,13,0,0,8,27,13,23
510379,1,1,1988,12,7,16,22,11,10,9,21,17,31
510380,0,1,1988,0,0,0,0,0,0,0,0,35,0
510380,1,1,1988,0,0,0,13,0,0,0,0,0,0
510381,1,1,1988,0,0,0,0,0,0,0,0,0,0
510382,0,1,1988,0,0,0,0,0,0,0,0,0,0
510382,1,1,1988,0,0,0,0,0,0,0,0,0,0
510383,1,1,1988,31,31,31,31,31,31,31,31,31,31
510384,1,1,1988,5,20,17,7,0,17,36,17,10,8
510386,1,1,1988,0,0,0,0,0,0,0,0,0,0
510386,2,1,1988,0,0,0,0,0,0,0,0,0,0
510387,1,1,1988,18,18,18,18,18,18,18,18,18,18
510388,1,1,1988,0,9,8,37,20,0,0,0,0,0
510388,2,1,1988,14,13,23,10,8,16,25,5,22,12
510389,1,1,1988,0,0,0,0,0,0,0,0,0,0
510390,1,1,1988,11,31,12,15,10,11,20,7,5,14
510391,1,1,1988,9,9,9,9,9,9,9,9,9,9
510392,1,1,1988,0,0,0,0,0,0,0,0,0,0
510393,1,1,1988,15,15,15,15,15,15,15,15,15,15
510394,1,1,1988,8,18,20,27,26,37,13,21,10,16
510395,1,1,1988,0,0,0,0,0,0,0,0,0,0
510395,2,1,1988,0,0,0,0,0,0,0,0,0,0
510396,1,1,1988,0,0,0,0,0,0,0,0,0,0
510397,1,1,1988,0,0,0,0,0,0,0,0,0,0
510397,2,1,1988,0,0,0,0,0,0,0,0,0,0
510398,1,1,1988,7,17,23,25,29,14,27,10,9,8
510399,1,1,1988,0,0,0,0,0,0,0,0,0,0
510399,2,1,1988,0,0,0,0,0,0,0,0,0,0
510400,1,1,1988,0,0,0,0,0,0,0,0,0,0
510400,2,1,1988,0,0,7,0,0,0,0,0,0,0
510401,1,1,1988,28,28,28,28,28,28,28,28,28,28
510402,1,1,1988,0,0,0,11,0,0,0,0,18,0
510402,2,1,1988,10,0,0,0,0,0,0,0,0,0
510403,1,1,1988,0,0,0,0,0,0,0,0,0,0
510403,2,1,1988,0,0,0,0,0,0,0,0,0,0
510404,1,1,1988,0,0,0,0,0,0,0,0,0,0
510404,2,1,1988,0,0,0,0,0,0,0,0,0,0
510405,0,1,1988,0,0,0,0,0,0,0,0,0,0
510405,1,1,1988,0,0,0,0,0,0,0,0,0,0
510405,2,1,1988,0,0,0,0,0,0,0,0,0,0
510406,1,1,1988,30,30,30,30,30,30,30,30,30,30
510406,2,1,1988,0,0,0,0,0,0,0,0,0,0
510407,1,1,1988,16,0,0,0,0,0,0,0,22,0
510408,1,1,1988,0,0,0,0,0,0,0,0,0,0
510408,2,1,1988,0,0,0,0,0,0,0,0,0,0
510409,1,1,1988,3,3,3,3,3,3,3,3,3,3
510410,1,1,1988,9,8,15,11,31,8,18,7,8,17
510411,1,1,1988,20,20,20,20,20,20,20,20,20,20
510412,1,1,1988,0,0,28,0,0,0,0,0,15,0
510412,2,1,1988,0,0,0,0,0,17,0,0,0,0
510413,1,1,1988,0,0,0,0,0,0,0,0,0,0
510414,0,1,1988,0,0,0,0,0,0,0,0,0,0
510414,1,1,1988,0,0,0,0,0,0,0,0,0,0
510415,1,1,1988,20,20,0,0,14,0,18,38,15,10
510416,0,1,1988,0,0,3,15,0,19,0,0,0,27
510416,1,1,1988,0,0,14,20,0,0,18,9,10,0
510417,1,1,1988,0,0,0,0,0,0,0,0,0,0
510417,2,1,1988,0,0,0,0,0,0,0,0,0,0
510418,1,1,1988,0,0,0,0,0,0,0,0,0,0
510419,1,1,1988,0,0,0,0,0,0,0,0,0,0
510419,2,1,1988,0,0,0,0,0,0,0,0,0,0
510420,1,1,1988,16,16,16,16,16,16,16,16,16,16
510420,2,1,1988,1,1,1,1,1,1,1,1,1,1
510420,3,1,1988,0,0,0,0,0,0,0,0,0,0
510420,4,1,1988,0,0,0,0,0,0,0,0,0,0
510421,1,1,1988,0,0,0,0,0,0,0,0,0,0
510422,1,1,1988,7,7,7,7,7,7,7,7,7,7
510423,1,1,1988,8,2,19,8,8,6,2,15,12,18
510424,1,1,1988,0,0,0,0,0,0,0,0,0,0
510424,2,1,1988,1,1,1,1,1,1,1,1,1,1
510425,1,1,1988,0,0,0,0,0,0,0,0,0,0
510425,2,1,1988,11,0,0,0,0,0,0,0,0,0
510426,0,1,1988,0,0,0,0,0,0,0,0,0,0
510426,1,1,1988,0,0,0,0,0,0,0,0,0,0
510427,1,1,1988,0,0,0,0,0,0,0,0,9,0
510428,1,1,1988,20,20,20,20,20,20,20,20,20,20
510429,1,1,1988,0,0,0,0,0,0,0,0,0,0
510430,1,1,1988,0,4,0,0,0,0,0,0,0,0
510430,2,1,1988,0,0,0,0,0,0,0,0,0,0
510431,1,1,1988,17,17,17,17,17,17,17,17,17,17
510432,1,1,1988,36,36,36,36,36,36,36,36,36,36
510433,1,1,1988,0,0,0,0,0,0,0,0,0,0
510434,1,1,1988,31,31,31,31,31,31,31,31,31,31
510434,2,1,1988,0,0,0,0,0,0,0,0,0,0
510435,1,1,1988,0,0,28,0,0,6,17,19,0,14
510435,2,1,1988,0,0,0,0,0,0,0,0,0,0
510436,1,1,1988,0,0,0,0,0,0,0,0,0,0
510437,1,1,1988,0,0,0,0,0,0,0,0,0,22
510437,2,1,1988,14,14,14,14,14,14,14,14,14,14
510438,1,1,1988,0,0,0,0,0,0,0,0,0,0
510439,1,1,1988,0,0,0,0,0,0,0,0,0,0
510439,2,1,1988,0,0,0,0,0,0,0,0,0,0
510440,1,1,1988,15,9,23,5,5,24,20,21,14,10
510441,0,1,1988,2,2,2,2,2,2,2,2,2,2
510441,1,1,1988,5,8,9,7,6,6,5,32,14,22
510442,1,1,1988,0,0,0,22,0,0,0,0,0,0
510442,2,1,1988,29,19,18,24,7,18,8,17,8,13
510443,1,1,1988,18,18,18,18,18,18,18,18,18,18
510444,1,1,1988,24,24,24,24,24,24,24,24,24,24
510445,1,1,1988,18,9,9,12,25,8,9,0,8,14
510446,1,1,1988,0,0,0,0,0,0,0,0,0,0
510446,2,1,1988,14,14,14,14,14,14,14,14,14,14
510447,1,1,1988,18,0,0,0,0,0,0,0,11,0
510448,0,1,1988,0,0,0,0,0,0,0,0,0,0
510448,1,1,1988,0,0,0,0,0,0,0,0,0,0
510449,1,1,1988,0,0,0,0,0,0,0,0,0,0
510449,2,1,1988,0,0,0,0,0,0,0,0,0,0
510450,1,1,1988,11,11,11,11,11,11,11,11,11,11
510451,1,1,1988,0,0,0,0,0,0,0,0,0,0
510451,2,1,1988,0,0,0,0,0,0,0,0,0,0
510452,1,2,1988,3,3,3,3,3,3,3,3,3,3
510453,1,1,1988,0,0,0,0,0,0,0,0,0,0
510453,2,1,1988,0,0,0,0,0,0,0,0,0,0
510454,1,1,1988,14,14,14,14,14,14,14,14,14,14
510455,0,1,1988,0,0,0,0,0,0,0,0,0,0
510455,1,1,1988,0,0,0,0,0,0,0,0,0,0
510456,1,1,1988,0,0,0,0,0,0,0,0,0,0
510457,1,1,1988,0,0,0,0,0,0,0,0,0,0
510457,2,1,1988,13,13,13,13,13,13,13,13,13,13
510458,1,1,1988,0,0,5,0,11,0,0,0,26,39
510459,1,1,1988,0,0,0,0,0,0,0,0,0,0
510460,1,1,1988,0,0,0,0,0,0,0,0,0,0
510461,1,1,1988,53,53,53,53,53,53,53,53,53,53
510461,2,1,1988,0,0,0,0,0,0,0,0,0,18
510461,3,1,1988,0,0,0,0,0,0,0,0,0,0
510462,1,1,1988,0,0,16,0,0,0,0,0,23,0
510463,1,1,1988,0,9,0,25,5,0,0,0,8,0
510464,1,1,1988,0,0,0,0,0,0,0,0,0,0
510465,1,1,1988,0,0,0,0,0,0,0,0,0,0
510466,1,1,1988,0,0,0,0,0,0,0,0,0,0
510466,2,1,1988,0,0,0,0,0,0,0,0,0,0
510467,1,1,1988,15,15,15,15,15,15,15,15,15,15
510468,1,1,1988,19,19,19,19,19,19,19,19,19,19
510469,1,1,1988,0,0,0,0,0,0,0,0,0,0
510470,0,1,1988,0,17,0,0,0,0,0,0,0,10
510470,1,1,1988,0,0,0,0,0,0,0,0,0,0
510471,1,1,1988,0,0,0,0,0,0,0,0,0,0
510472,1,1,1988,0,0,0,6,0,0,0,0,0,0
510472,2,1,1988,0,0,0,0,0,0,0,0,0,0
510473,1,1,1988,13,13,13,13,13,13,13,13,13,13
510474,1,1,1988,0,0,0,0,0,0,0,0,0,0
510475,1,1,1988,0,0,0,0,0,0,0,0,0,0
510475,2,1,1988,0,0,0,0,0,0,0,0,0,0
510476,1,1,1988,0,0,0,0,0,0,0,0,0,0
510477,1,1,1988,0,0,0,0,4,0,0,0,0,0
510477,2,1,1988,0,0,0,0,0,0,0,0,0,0
510478,1,1,1988,0,0,0,0,0,0,0,0,0,0
510478,2,1,1988,0,0,0,0,0,0,0,0,0,0
510479,1,1,1988,0,0,0,0,0,0,0,0,0,0
510479,2,1,1988,0,0,0,0,0,0,0,0,0,0
510480,1,1,1988,0,0,0,0,0,0,0,0,0,0
510480,2,1,1988,0,9,0,0,0,0,0,0,0,0
510480,3,1,1988,0,0,0,0,0,0,0,0,0,0
510481,1,1,1988,0,0,0,0,0,0,0,0,0,0
510481,2,1,1988,0,0,0,0,0,0,0,0,0,0
510482,1,1,1988,0,0,0,0,0,0,0,0,0,0
510483,1,1,1988,14,14,14,14,14,14,14,14,14,14
510484,1,1,1988,0,0,0,0,0,0,0,0,0,0
510484,2,1,1988,0,0,0,0,0,0,0,0,0,0
510485,1,1,1988,0,0,0,0,0,0,0,0,0,0
510486,1,1,1988,19,33,24,7,20,13,0,11,21,27
510487,0,1,1988,0,0,0,0,0,0,0,0,0,0
510487,1,1,1988,0,0,0,0,0,0,0,0,0,0
510488,1,1,1988,0,0,0,0,0,0,0,0,0,0
510488,2,1,1988,0,0,0,0,0,0,0,0,0,0
510489,1,1,1988,17,17,17,17,17,17,17,17,17,17
510490,1,1,1988,31,31,31,31,31,31,31,31,31,31
510491,1,1,1988,0,0,0,0,0,0,0,0,0,0
510492,1,1,1988,14,16,27,0,31,0,32,0,19,30
510493,1,1,1988,0,0,0,0,0,0,0,0,0,0
510494,1,1,1988,0,0,0,0,0,0,0,0,0,0
510494,2,1,1988,0,0,0,0,0,0,0,0,0,0
510494,3,1,1988,0,0,0,0,0,0,0,0,0,0
510494,4,1,1988,0,0,0,0,0,0,0,0,0,0
510495,0,1,1988,0,0,8,0,0,18,0,0,15,12
510495,1,1,1988,0,23,19,1,25,10,11,15,6,10
510495,2,1,1988,0,0,0,0,0,0,0,0,0,0
510496,1,1,1988,0,0,0,0,0,0,0,11,0,0
510497,1,1,1988,0,0,0,0,0,0,0,0,0,0
510498,1,1,1988,39,39,39,39,39,39,39,39,39,39
510499,0,1,1988,0,0,0,0,0,0,0,0,0,0
510499,0,2,1988,0,0,0,0,0,0,0,0,0,6
510499,1,1,1988,15,36,10,10,16,23,19,35,10,13
510500,1,1,1988,14,0,29,30,45,7,35,8,21,18
510500,2,1,1988,0,0,0,0,0,0,0,0,0,0
510500,3,1,1988,0,0,0,0,0,0,27,0,0,0
510501,1,1,1988,0,0,0,0,0,22,0,17,0,0
510502,1,1,1988,21,12,38,24,31,28,5,32,19,2
510503,1,1,1988,17,0,0,0,0,33,0,0,0,0
510503,2,1,1988,0,0,0,0,0,0,0,0,0,0
510504,0,1,1988,0,0,0,0,0,0,0,0,0,0
510504,1,1,1988,0,0,0,0,0,0,0,0,0,0
510505,0,1,1988,24,24,24,24,24,24,24,24,24,24
510505,1,1,1988,24,6,21,9,0,10,0,17,13,0
510506,1,1,1988,11,10,10,12,12,9,13,6,0,8
510507,0,1,1988,9,0,0,5,0,20,0,0,16,15
510507,1,1,1988,17,17,17,17,17,17,17,17,17,17
510507,2,1,1988,0,0,0,0,0,0,0,0,0,0
510508,1,1,1988,22,22,22,22,22,22,22,22,22,22
510509,1,1,1988,0,20,0,0,0,0,0,20,0,18
510510,1,1,1988,0,0,0,0,0,0,0,0,0,0
510510,2,1,1988,0,0,0,0,0,0,0,0,0,0
510511,1,1,1988,0,0,0,0,0,0,0,0,0,0
510511,2,1,1988,0,0,0,0,0,0,0,0,0,0
510512,0,1,1988,0,0,0,0,0,0,0,0,0,0
510512,1,1,1988,0,0,0,0,0,0,0,0,0,0
510513,1,1,1988,18,17,21,25,17,14,23,13,11,9
510514,1,1,1988,0,0,0,0,0,0,0,0,0,0
510515,1,1,1988,0,0,0,0,0,0,0,0,0,0
510515,2,1,1988,0,0,0,0,0,0,0,0,0,0
510516,1,1,1988,10,22,20,4,12,13,10,15,13,3
510516,2,1,1988,0,0,0,0,0,0,0,0,0,0
510517,1,1,1988,0,0,0,0,0,0,0,0,0,0
510518,1,1,1988,15,11,6,28,11,12,8,0,29,17
510518,2,1,1988,4,4,4,4,4,4,4,4,4,4
510519,1,1,1988,0,0,0,0,0,0,0,0,0,0
510519,2,1,1988,0,0,0,0,0,0,0,0,0,0
510520,1,1,1988,0,0,0,0,0,0,0,0,0,0
510521,1,1,1988,0,0,0,0,0,0,0,0,0,0
510522,1,1,1988,14,0,7,14,16,15,4,0,11,9
510523,1,1,1988,0,0,0,0,0,0,0,0,0,0
510524,1,1,1988,18,18,18,18,18,18,18,18,18,18
510525,1,1,1988,0,0,0,0,0,0,0,0,0,0
510526,1,1,1988,0,0,0,0,0,0,0,0,0,0
510526,2,1,1988,19,0,0,0,0,0,0,0,0,0
510527,1,1,1988,0,0,0,0,0,0,0,0,0,0
510527,2,1,1988,0,0,0,0,0,0,0,0,0,0
510527,3,1,1988,0,13,8,0,0,0,0,0,0,0
510527,4,1,1988,0,0,0,0,0,0,0,0,0,0
510528,1,1,1988,13,9,9,28,0,13,23,13,3,12
510529,1,1,1988,6,8,0,4,8,5,6,22,9,9
510530,1,1,1988,11,11,11,11,11,11,11,11,11,11
510530,2,1,1988,0,0,0,0,0,0,0,0,0,0
510531,0,1,1988,0,0,0,0,0,0,0,0,0,0
510531,1,1,1988,0,0,0,0,0,0,0,0,0,0
510532,1,1,1988,0,0,0,0,0,0,0,0,0,0
510532,2,1,1988,0,0,0,0,0,0,0,0,0,0
510533,1,1,1988,0,0,0,0,0,0,0,0,0,0
510533,2,1,1988,0,0,0,0,0,0,0,0,0,0
510534,0,1,1988,0,0,0,0,0,0,0,0,0,0
510534,1,1,1988,0,0,0,0,0,0,0,0,0,0
510535,1,1,1988,0,0,0,0,0,0,0,0,0,0
510535,2,1,1988,0,0,0,0,0,0,0,0,0,13
510536,1,1,1988,0,0,0,0,0,0,0,0,0,0
510536,2,1,1988,0,0,0,0,0,0,0,0,0,0
510537,1,1,1988,0,0,0,16,0,0,9,0,0,0
510537,2,1,1988,0,0,0,0,0,0,0,0,0,0
510538,1,1,1988,0,10,17,23,9,11,5,14,18,13
510539,1,1,1988,13,17,15,22,13,7,6,16,15,5
510540,0,1,1988,0,0,0,0,0,0,0,0,0,0
510540,1,1,1988,0,10,0,0,0,0,0,0,0,0
510541,1,1,1988,0,0,0,0,0,0,0,0,0,0
510541,2,1,1988,0,0,0,0,0,0,0,0,0,0
510542,0,1,1988,12,12,12,12,12,12,12,12,12,12
510542,1,1,1988,0,0,0,0,0,0,0,0,0,0
510543,1,1,1988,3,3,3,3,3,3,3,3,3,3
510544,1,1,1988,5,10,30,27,14,4,10,5,4,10
510545,0,1,1988,18,18,18,18,18,18,18,18,18,18
510545,1,1,1988,14,12,30,2,10,12,10,11,0,8
510546,1,1,1988,7,22,11,24,37,15,11,14,16,15
510546,2,1,1988,0,0,0,0,0,0,0,0,0,0
510547,1,1,1988,4,13,23,8,17,27,13,35,10,9
510548,1,1,1988,0,0,0,0,0,0,0,0,0,0
510549,1,1,1988,8,8,8,8,8,8,8,8,8,8
510549,2,1,1988,0,0,0,0,9,23,23,10,15,12
510550,2,1,1988,0,0,0,0,0,0,0,0,0,0
510551,0,1,1988,0,0,25,18,27,0,21,0,27,0
510551,1,1,1988,30,30,30,30,30,30,30,30,30,30
510551,2,1,1988,0,0,0,0,0,33,0,0,0,0
510551,3,1,1988,0,0,0,0,0,0,0,0,0,12
510551,4,1,1988,0,0,0,0,0,0,0,0,0,0
510552,1,1,1988,0,0,0,0,0,0,0,0,0,0
510553,1,1,1988,0,0,0,0,0,0,0,0,0,0
510553,2,1,1988,0,0,0,0,0,0,0,0,0,0
510554,1,1,1988,0,0,0,0,0,0,0,0,0,0
510555,1,1,1988,0,0,0,0,0,0,0,0,0,0
510556,1,1,1988,14,14,14,14,14,14,14,14,14,14
510557,1,1,1988,21,17,0,5,18,22,17,15,25,0
510558,1,1,1988,0,0,0,0,0,0,0,0,0,0
510558,2,1,1988,0,0,0,0,0,0,3,0,0,0
510559,1,1,1988,17,17,17,17,17,17,17,17,17,17
510560,1,1,1988,0,7,20,0,25,6,22,0,0,0
510561,1,1,1988,0,0,0,0,0,0,0,0,0,0
510562,1,1,1988,9,4,27,6,5,14,14,12,20,11
510563,1,1,1988,15,14,25,19,21,5,8,12,18,0
510564,1,1,1988,0,0,0,0,0,0,0,0,0,0
510565,1,1,1988,0,0,0,0,0,0,0,0,0,0
510565,2,1,1988,0,0,0,0,0,0,0,0,0,0
510566,1,1,1988,0,0,0,0,0,0,0,0,0,0
510566,2,1,1988,0,0,0,0,0,0,0,0,0,0
510566,3,1,1988,0,0,0,0,0,0,0,0,0,0
510567,1,1,1988,25,25,25,25,25,25,25,25,25,25
510568,1,1,1988,0,0,0,0,0,0,0,0,0,0
510569,1,1,1988,0,0,0,0,0,0,0,0,0,0
510569,2,1,1988,0,0,0,0,0,0,0,0,0,0
510570,1,1,1988,0,0,0,0,0,0,0,0,0,0
510570,2,1,1988,0,0,0,0,0,0,0,0,0,0
510571,1,1,1988,0,0,0,0,0,0,0,0,0,0
510572,1,1,1988,0,0,0,0,0,0,0,0,0,0
510573,1,1,1988,11,11,11,11,11,11,11,11,11,11
510574,0,1,1988,0,0,0,0,0,0,0,0,0,0
510574,1,1,1988,0,0,0,24,0,0,0,0,0,0
510575,0,1,1988,16,0,0,29,0,0,0,0,0,0
510575,1,1,1988,0,0,0,0,0,0,0,0,0,0
510576,1,1,1988,4,4,4,4,4,4,4,4,4,4
510576,2,1,1988,0,0,0,12,0,0,0,0,0,0
510577,1,1,1988,3,3,3,3,3,3,3,3,3,3
510578,1,1,1988,12,12,12,12,12,12,12,12,12,12
510578,2,1,1988,0,0,0,0,0,0,0,0,0,0
510579,0,1,1988,0,0,0,0,0,0,0,0,0,0
510579,1,1,1988,0,0,0,0,0,0,0,0,0,0
510580,1,1,1988,0,0,0,0,0,0,0,0,0,0
510580,2,1,1988,20,17,20,7,20,18,7,15,14,13
510581,1,1,1988,0,0,0,0,0,0,4,0,0,0
510581,2,1,1988,0,40,0,0,0,0,0,0,0,0
510582,1,1,1988,31,31,31,31,31,31,31,31,31,31
510583,1,1,1988,2,8,0,0,9,15,0,0,0,13
510584,0,1,1988,0,0,0,0,0,0,0,0,0,0
510584,1,1,1988,17,21,0,0,0,0,0,0,0,0
510585,1,1,1988,4,4,4,4,4,4,4,4,4,4
510586,1,1,1988,26,26,26,26,26,26,26,26,26,26
510587,1,1,1988,0,0,0,0,0,0,0,0,0,0
510587,2,1,1988,18,0,0,0,0,0,0,0,22,0
510588,1,1,1988,0,0,0,0,0,0,0,0,0,0
510589,1,1,1988,0,0,0,0,0,0,0,0,0,0
510589,2,1,1988,0,0,0,0,0,8,0,0,0,0
510591,1,1,1988,0,0,0,0,0,0,0,0,0,0
510592,1,1,1988,9,14,14,16,30,23,16,22,10,17
510593,1,1,1988,0,0,0,0,0,0,0,0,0,0
510593,2,1,1988,0,0,0,0,0,0,0,0,0,0
510594,1,1,1988,0,0,0,0,0,0,0,0,0,0
510595,0,1,1988,0,0,0,0,0,0,0,0,0,0
510595,1,1,1988,0,0,0,0,0,0,0,0,0,0
510596,1,1,1988,0,0,0,0,0,0,0,0,0,0
510597,0,1,1988,0,0,0,0,0,0,0,0,0,0
510597,1,1,1988,0,0,0,0,0,0,0,0,0,0
510598,0,1,1988,0,0,0,0,0,0,0,0,0,0
510598,1,1,1988,0,0,0,0,0,0,0,0,0,0
510599,1,1,1988,14,14,14,14,14,14,14,14,14,14
510600,1,1,1988,18,0,8,24,25,14,0,0,0,0
510601,2,1,1988,11,11,11,11,11,11,11,11,11,11
510602,0,1,1988,0,0,0,0,0,0,0,0,0,0
510602,1,1,1988,0,0,0,0,0,0,0,0,0,0
510603,1,1,1988,5,5,5,5,5,5,5,5,5,5
510603,2,1,1988,0,0,0,0,0,0,0,0,0,0
510604,1,1,1988,0,0,0,0,0,0,0,0,0,0
510605,0,1,1988,0,0,0,0,0,0,0,0,0,0
510605,1,1,1988,0,0,0,0,0,0,0,0,0,0
510606,1,1,1988,0,0,0,0,0,0,0,0,0,0
510606,2,1,1988,3,3,3,3,3,3,3,3,3,3
510607,1,1,1988,17,12,15,26,17,29,20,22,16,26
510607,2,1,1988,0,0,0,0,0,0,0,0,0,0
510608,1,1,1988,0,0,0,0,0,0,0,0,0,0
510608,2,1,1988,0,0,0,0,0,0,0,0,0,0
510609,1,1,1988,0,0,0,0,0,0,0,0,0,0
510609,2,1,1988,8,0,13,10,15,9,6,12,12,13
510610,1,1,1988,0,0,0,0,0,0,0,0,0,0
510610,2,1,1988,0,0,0,0,0,0,0,0,0,0
510611,1,1,1988,0,0,0,0,0,0,0,0,0,0
510612,1,1,1988,7,7,7,7,7,7,7,7,7,7
510612,2,1,1988,0,0,0,0,0,0,0,0,0,0
510613,1,1,1988,0,0,0,0,0,0,0,0,0,0
510614,1,1,1988,0,0,0,0,0,0,0,0,0,0
510614,2,1,1988,0,0,0,0,0,0,0,0,0,0
510615,0,1,1988,0,0,0,0,0,0,0,0,0,0
510615,1,1,1988,0,0,0,0,0,0,0,0,0,0
510616,0,1,1988,0,0,0,0,11,0,0,0,0,0
510616,1,1,1988,0,0,0,0,0,0,0,0,0,0
510617,1,1,1988,0,0,0,0,0,0,0,0,0,0
510617,2,1,1988,0,0,0,0,13,0,14,0,0,0
510618,1,1,1988,21,21,21,21,21,21,21,21,21,21
510618,2,1,1988,16,6,10,44,20,4,13,14,5,11
510619,1,1,1988,0,0,0,0,0,0,0,0,0,0
510620,1,1,1988,22,22,22,22,22,22,22,22,22,22
510621,1,1,1988,12,12,12,12,12,12,12,12,12,12
510622,1,1,1988,0,0,0,0,0,0,0,0,6,0
510622,2,1,1988,0,0,0,0,0,0,0,0,0,0
510622,3,1,1988,0,0,0,0,0,0,0,0,0,0
510623,1,1,1988,0,0,0,0,0,0,0,15,25,0
510623,2,1,1988,10,4,9,7,0,11,11,5,13,14
510624,1,1,1988,0,0,0,0,0,0,0,0,0,0
510625,1,1,1988,21,22,12,15,16,28,21,27,12,28
510626,1,1,1988,4,4,4,4,4,4,4,4,4,4
510627,0,1,1988,0,0,30,0,0,0,0,0,0,28
510627,1,1,1988,0,0,0,0,0,0,9,0,0,0
510628,1,1,1988,20,17,12,10,7,30,11,14,11,9
510629,1,1,1988,12,17,15,0,5,11,9,0,9,25
510630,1,1,1988,0,0,0,0,0,0,0,0,0,0
510631,1,1,1988,3,3,3,3,3,3,3,3,3,3
510632,1,1,1988,0,0,0,0,0,0,0,0,0,0
510632,2,1,1988,0,0,0,0,0,0,0,0,0,0
510633,0,1,1988,24,24,24,24,24,24,24,24,24,24
510633,1,1,1988,12,6,35,18,12,15,20,21,7,0
510634,0,1,1988,0,0,0,0,0,0,0,0,0,0
510634,1,1,1988,0,0,0,0,0,0,0,0,0,0
510636,1,1,1988,9,13,7,20,11,21,11,11,11,12
510637,1,1,1988,6,6,6,6,6,6,6,6,6,6
510638,1,1,1988,18,18,18,18,18,18,18,18,18,18
510639,1,1,1988,26,26,26,26,26,26,26,26,26,26
510640,1,1,1988,0,0,0,0,0,0,0,0,0,0
510641,0,1,1988,22,42,33,16,21,12,26,40,18,31
510641,1,1,1988,0,0,0,0,0,0,0,19,0,17
510642,0,1,1988,0,0,0,0,0,0,0,0,0,0
510642,1,1,1988,0,0,0,0,0,0,0,0,0,0
510643,1,1,1988,27,27,27,27,27,27,27,27,27,27
510644,1,1,1988,22,22,22,22,22,22,22,22,22,22
510644,2,1,1988,0,0,0,0,0,0,0,0,0,0
510645,0,1,1988,0,0,0,0,0,0,0,0,0,0
510645,1,1,1988,0,0,25,0,0,0,0,0,0,0
510646,1,1,1988,12,12,12,12,12,12,12,12,12,12
510647,1,1,1988,6,6,6,6,6,6,6,6,6,6
510647,2,1,1988,0,0,0,0,0,0,0,0,0,0
510648,1,1,1988,54,54,54,54,54,54,54,54,54,54
510649,1,1,1988,0,0,0,0,0,0,0,0,0,0
510650,0,1,1988,0,0,0,0,0,0,0,0,0,0
510650,1,1,1988,24,20,11,31,4,12,2,6,9,9
510650,2,1,1988,0,0,0,0,0,0,0,0,0,20
510651,1,1,1988,12,22,28,11,25,10,21,9,0,9
510652,1,1,1988,0,0,0,0,0,0,0,0,0,0
510653,1,1,1988,0,0,0,0,0,0,0,0,0,0
510654,1,1,1988,0,0,0,0,0,0,0,0,0,0
510654,2,1,1988,2,2,2,2,2,2,2,2,2,2
510655,0,1,1988,33,33,33,33,33,33,33,33,33,33