ST_CASE,VEH_NO,PER_NO,YEAR,P1,P2,P3,P4,P5,P6,P7,P8,P9,P10
530239,1,1,1988,8,8,8,8,8,8,8,8,8,8
530240,1,1,1988,23,23,23,23,23,23,23,23,23,23
530240,2,1,1988,0,0,0,0,0,0,0,0,0,0
530241,1,1,1988,0,0,0,0,12,0,0,0,11,0
530241,2,1,1988,0,0,0,0,0,0,0,0,20,0
530242,1,1,1988,27,27,27,27,27,27,27,27,27,27
530244,0,1,1988,0,0,0,0,0,0,0,0,0,0
530244,1,1,1988,38,38,38,38,38,38,38,38,38,38
530245,1,1,1988,11,11,11,11,11,11,11,11,11,11
530245,2,1,1988,0,0,0,0,0,0,0,0,0,0
530246,1,1,1988,24,24,24,24,24,24,24,24,24,24
530247,1,1,1988,33,17,13,11,22,21,12,11,17,11
530248,1,1,1988,0,0,0,0,0,0,0,0,0,0
530248,2,1,1988,0,0,0,0,0,0,0,0,0,0
530248,3,1,1988,0,0,0,0,0,0,0,0,0,0
530249,1,1,1988,21,21,21,21,21,21,21,21,21,21
530249,2,1,1988,11,11,11,11,11,11,11,11,11,11
530250,1,1,1988,0,0,0,0,0,0,0,0,0,0
530250,2,1,1988,0,0,24,0,0,0,0,0,0,0
530251,1,1,1988,20,20,20,20,20,20,20,20,20,20
530252,1,1,1988,24,24,24,24,24,24,24,24,24,24
530252,2,1,1988,0,0,0,0,3,0,0,4,0,0
530253,0,1,1988,0,0,0,0,0,0,0,0,0,0
530253,1,1,1988,0,0,0,0,0,0,0,0,0,0
530254,1,1,1988,15,15,15,15,15,15,15,15,15,15
530254,2,1,1988,0,0,0,53,14,25,0,0,0,0
530255,1,1,1988,14,14,14,14,14,14,14,14,14,14
530256,1,1,1988,25,25,25,25,25,25,25,25,25,25
530257,1,1,1988,12,12,12,12,12,12,12,12,12,12
530257,2,1,1988,20,20,20,20,20,20,20,20,20,20
530258,1,1,1988,0,0,0,0,0,0,0,0,0,0
530258,2,1,1988,14,0,20,7,0,7,15,0,0,0
530259,1,1,1988,18,2,10,15,8,16,25,23,20,23
530260,1,1,1988,22,22,22,22,22,22,22,22,22,22
530260,2,1,1988,0,0,0,0,0,0,0,0,0,0
530261,1,1,1988,11,11,11,11,11,11,11,11,11,11
530262,1,1,1988,0,0,0,0,0,0,0,0,0,0
530262,2,1,1988,0,0,0,0,0,0,0,0,0,0
530263,0,1,1988,30,30,30,30,30,30,30,30,30,30
530263,1,1,1988,18,14,8,14,13,17,10,18,31,17
530264,1,1,1988,0,0,0,0,0,0,0,0,0,0
530264,2,1,1988,0,0,0,0,0,0,0,0,0,0
530265,1,1,1988,15,15,15,15,15,15,15,15,15,15
530266,1,1,1988,23,23,23,23,23,23,23,23,23,23
530266,2,1,1988,0,0,0,0,0,0,0,0,0,0
530267,0,1,1988,0,0,0,0,0,0,0,0,0,0
530267,1,1,1988,0,0,0,0,0,0,0,0,0,0
530268,1,1,1988,20,20,20,20,20,20,20,20,20,20
530269,1,1,1988,14,14,14,14,14,14,14,14,14,14
530269,2,1,1988,0,0,0,0,0,0,0,0,0,0
530271,1,1,1988,9,9,9,9,9,9,9,9,9,9
530271,2,1,1988,6,6,6,6,6,6,6,6,6,6
530271,3,1,1988,14,14,14,14,14,14,14,14,14,14
530272,1,1,1988,20,20,20,20,20,20,20,20,20,20
530272,2,1,1988,0,0,0,0,0,0,0,0,0,0
530273,1,1,1988,11,0,0,14,0,0,0,0,0,8
530274,1,1,1988,0,0,0,0,0,0,0,0,0,0
530274,2,1,1988,0,0,0,0,0,0,0,0,0,0
530274,3,1,1988,0,0,0,0,0,0,0,0,0,0
530275,0,1,1988,39,39,39,39,39,39,39,39,39,39
530275,0,2,1988,20,11,21,25,18,23,30,32,16,11
530275,0,3,1988,41,21,10,0,19,13,12,7,25,11
530275,1,1,1988,27,27,27,27,27,27,27,27,27,27
530276,1,1,1988,13,13,13,13,13,13,13,13,13,13
530276,2,1,1988,0,0,10,15,0,0,21,0,0,0
530277,1,1,1988,14,14,14,14,14,14,14,14,14,14
530278,1,1,1988,18,18,18,18,18,18,18,18,18,18
530279,1,1,1988,21,21,21,21,21,21,21,21,21,21
530280,1,1,1988,2,2,2,2,2,2,2,2,2,2
530280,2,1,1988,0,0,0,0,0,0,0,19,0,0
530281,0,1,1988,0,0,0,0,0,0,0,0,0,0
530281,1,1,1988,0,0,0,0,0,0,0,0,0,0
530282,1,1,1988,14,14,14,14,14,14,14,14,14,14
530282,2,1,1988,0,0,0,0,0,0,0,0,0,0
530283,1,1,1988,0,0,0,0,0,0,0,0,0,0
530284,1,1,1988,24,24,24,24,24,24,24,24,24,24
530284,2,1,1988,0,0,0,0,0,0,0,0,0,0
530285,1,1,1988,9,9,9,9,9,9,9,9,9,9
530286,1,1,1988,16,16,16,16,16,16,16,16,16,16
530286,2,1,1988,10,10,10,10,10,10,10,10,10,10
530286,3,1,1988,0,9,22,17,0,12,19,19,12,29
530287,1,1,1988,0,0,0,0,0,0,0,0,0,0
530287,2,1,1988,0,0,0,0,0,0,0,0,0,0
530288,1,1,1988,41,41,41,41,41,41,41,41,41,41
530289,1,1,1988,0,0,0,0,0,0,0,0,0,0
530289,2,1,1988,11,10,0,0,0,0,0,0,0,0
530290,1,1,1988,17,17,17,17,17,17,17,17,17,17
530291,0,1,1988,0,0,0,0,0,0,0,0,0,0
530291,1,1,1988,0,0,0,0,0,0,0,0,0,22
530292,1,1,1988,0,0,0,0,0,0,0,0,0,0
530293,0,1,1988,0,0,0,0,0,0,0,0,0,0
530293,1,1,1988,0,0,0,0,0,0,0,0,0,0
530293,2,1,1988,0,0,0,0,0,0,0,0,0,0
530294,1,1,1988,0,0,0,0,0,0,0,0,0,0
530294,2,1,1988,0,0,8,0,0,0,0,0,23,0
530295,0,1,1988,0,0,0,0,0,0,0,0,0,0
530295,1,1,1988,0,0,0,0,0,0,0,0,0,0
530296,1,1,1988,0,0,0,0,0,0,0,0,0,0
530297,1,1,1988,0,0,2,0,0,0,6,5,0,0
530298,1,1,1988,19,19,19,19,19,19,19,19,19,19
530299,1,1,1988,14,14,14,14,14,14,14,14,14,14
530299,2,1,1988,0,0,0,0,0,0,0,0,0,0
530300,1,1,1988,0,0,0,0,0,0,0,0,0,0
530300,2,1,1988,0,0,0,0,0,0,0,0,0,0
530301,1,1,1988,0,0,0,0,0,0,0,0,0,0
530301,2,1,1988,0,0,0,0,0,0,0,0,0,0
530302,1,1,1988,30,30,30,30,30,30,30,30,30,30
530303,1,1,1988,17,17,17,17,17,17,17,17,17,17
530303,2,1,1988,0,0,0,0,14,0,0,0,0,9
530304,1,1,1988,23,23,23,23,23,23,23,23,23,23
530305,1,1,1988,0,0,0,0,0,0,0,0,0,0
530306,1,1,1988,0,0,0,0,0,0,0,0,0,0
530307,0,1,1988,0,0,0,0,0,0,0,0,0,0
530307,1,1,1988,0,0,0,0,0,0,0,0,0,0
530308,1,1,1988,19,19,19,19,19,19,19,19,19,19
530309,0,1,1988,0,0,0,0,0,0,0,0,0,0
530309,1,1,1988,14,0,0,0,0,0,0,0,0,0
530310,0,1,1988,22,22,22,22,22,22,22,22,22,22
530310,1,1,1988,15,15,15,15,15,15,15,15,15,15
530311,1,1,1988,18,18,18,18,18,18,18,18,18,18
530312,1,1,1988,26,26,26,26,26,26,26,26,26,26
530313,1,1,1988,6,6,6,6,6,6,6,6,6,6
530314,1,1,1988,15,15,15,15,15,15,15,15,15,15
530314,2,1,1988,26,26,26,26,26,26,26,26,26,26
530316,1,1,1988,0,0,0,0,0,0,0,0,0,0
530316,2,1,1988,0,0,0,0,0,0,0,0,0,0
530317,1,1,1988,0,0,0,0,0,0,0,0,0,0
530318,1,1,1988,22,22,22,22,22,22,22,22,22,22
530318,2,1,1988,0,0,0,0,0,0,0,0,0,15
530319,1,1,1988,0,0,0,0,0,0,0,0,0,0
530321,1,1,1988,19,19,19,19,19,19,19,19,19,19
530321,2,1,1988,19,17,12,9,23,6,12,8,8,0
530322,1,1,1988,0,0,0,0,0,0,0,0,0,0
530323,0,1,1988,0,0,0,0,0,0,0,0,0,0
530323,1,1,1988,3,12,0,25,14,0,8,35,15,0
530324,0,1,1988,0,0,0,0,0,0,0,0,0,0
530324,1,1,1988,0,0,0,0,0,0,0,0,0,0
530325,1,1,1988,2,2,2,2,2,2,2,2,2,2
530326,1,1,1988,15,26,7,20,5,18,10,15,17,9
530326,2,1,1988,0,0,0,0,0,0,0,0,0,0
530327,1,1,1988,19,19,19,19,19,19,19,19,19,19
530328,1,1,1988,0,0,0,0,0,0,0,0,0,0
530328,2,1,1988,0,0,0,0,0,0,0,0,0,0
530329,1,1,1988,10,10,10,10,10,10,10,10,10,10
530330,1,1,1988,19,19,19,19,19,19,19,19,19,19
530332,1,1,1988,10,0,18,11,6,0,10,8,13,11
530332,2,1,1988,9,9,9,9,9,9,9,9,9,9
530333,1,1,1988,0,0,0,0,0,0,0,0,0,0
530333,2,1,1988,0,0,6,0,0,0,22,0,0,0
530334,1,1,1988,14,14,14,14,14,14,14,14,14,14
530335,1,1,1988,10,10,10,10,10,10,10,10,10,10
530336,1,1,1988,23,23,23,23,23,23,23,23,23,23
530337,1,1,1988,19,19,19,19,19,19,19,19,19,19
530337,2,1,1988,0,0,0,0,0,18,0,0,0,0
530337,3,1,1988,9,0,0,0,0,0,0,0,0,0
530338,1,1,1988,8,8,8,8,8,8,8,8,8,8
530338,2,1,1988,0,0,0,0,0,0,0,0,0,0
530339,0,1,1988,0,0,0,0,0,0,0,0,0,0
530339,1,1,1988,0,0,0,0,0,0,0,0,0,0
530340,1,1,1988,0,0,0,0,0,0,0,0,0,0
530341,1,1,1988,0,0,0,0,0,0,0,0,0,0
530341,2,1,1988,15,15,15,15,15,15,15,15,15,15
530342,0,1,1988,0,0,0,0,0,0,0,0,0,0
530342,0,2,1988,0,0,0,34,0,10,0,0,0,0
530342,1,1,1988,21,21,21,21,21,21,21,21,21,21
530343,1,1,1988,2,2,2,2,2,2,2,2,2,2
530343,2,1,1988,0,0,0,0,0,0,0,0,0,0
530344,1,1,1988,1,1,1,1,1,1,1,1,1,1
530345,1,1,1988,19,19,19,19,19,19,19,19,19,19
530345,2,1,1988,0,0,0,0,0,0,0,0,0,0
530346,0,1,1988,32,32,32,32,32,32,32,32,32,32
530346,1,1,1988,0,0,26,0,0,0,0,0,0,0
530347,1,1,1988,0,0,0,0,0,0,0,0,0,0
530348,1,1,1988,4,4,4,4,4,4,4,4,4,4
530348,2,1,1988,0,27,10,0,0,0,9,0,19,0
530349,0,1,1988,0,0,0,0,0,0,0,0,0,0
530349,1,1,1988,0,0,0,0,0,0,0,0,0,0
530350,1,1,1988,13,13,13,13,13,13,13,13,13,13
530351,1,1,1988,21,21,21,21,21,21,21,21,21,21
530352,1,1,1988,0,0,0,0,0,0,0,0,0,0
530353,1,1,1988,0,0,0,0,0,0,0,0,0,0
530354,1,1,1988,12,12,12,12,12,12,12,12,12,12
530355,1,1,1988,7,7,7,7,7,7,7,7,7,7
530356,0,1,1988,0,11,0,19,16,33,28,22,0,0
530356,1,1,1988,0,0,0,0,0,0,0,0,0,0
530357,1,1,1988,0,0,0,0,0,0,0,0,0,0
530358,1,1,1988,17,17,17,17,17,17,17,17,17,17
530358,2,1,1988,0,0,0,0,0,0,0,0,0,0
530359,1,1,1988,15,15,15,15,15,15,15,15,15,15
530359,2,1,1988,15,15,15,15,15,15,15,15,15,15
530360,0,1,1988,0,0,0,0,0,0,0,0,0,0
530360,1,1,1988,0,0,0,0,0,0,0,0,0,0
530361,1,1,1988,21,21,21,21,21,21,21,21,21,21
530362,1,1,1988,0,0,0,0,0,0,0,0,0,0
530363,1,1,1988,0,0,0,0,0,0,0,0,0,0
530363,2,1,1988,15,8,8,13,10,11,5,17,10,4
530364,1,1,1988,0,0,0,0,0,0,0,0,0,0
530365,1,1,1988,19,18,28,20,13,40,22,34,36,13
530366,1,1,1988,13,13,13,13,13,13,13,13,13,13
530367,0,1,1988,18,18,18,18,18,18,18,18,18,18
530367,1,1,1988,19,19,19,19,19,19,19,19,19,19
530368,1,1,1988,18,18,18,18,18,18,18,18,18,18
530369,0,1,1988,4,4,4,4,4,4,4,4,4,4
530369,1,1,1988,0,0,0,0,0,0,0,0,0,0
530370,1,1,1988,0,0,0,0,0,0,0,0,0,0
530370,2,1,1988,0,0,0,0,0,0,0,0,0,0
530371,1,1,1988,0,0,0,0,0,0,0,0,0,0
530371,2,1,1988,0,0,0,0,0,0,8,0,0,0
530372,1,1,1988,0,0,0,0,0,0,0,0,0,0
530373,0,1,1988,0,0,0,0,0,0,0,0,0,0
530373,1,1,1988,0,0,0,0,0,0,0,0,0,0
530374,1,1,1988,11,11,11,11,11,11,11,11,11,11
530374,2,1,1988,0,0,0,0,0,0,0,2,0,0
530375,1,1,1988,0,0,0,0,0,0,0,12,0,0
530376,1,1,1988,5,5,5,5,5,5,5,5,5,5
530377,1,1,1988,0,0,0,0,0,0,0,0,0,0
530377,2,1,1988,0,0,0,0,0,0,0,0,0,0
530377,3,1,1988,5,5,5,5,5,5,5,5,5,5
530378,1,1,1988,0,0,0,0,0,0,0,0,0,0
530378,2,1,1988,0,0,0,0,0,0,0,0,0,0
530379,0,1,1988,0,0,0,0,0,0,0,0,0,0
530379,1,1,1988,0,0,0,0,0,0,0,0,0,0
530380,1,1,1988,0,0,0,0,0,0,0,0,0,0
530380,2,1,1988,0,0,0,0,0,12,0,0,0,0
530380,3,1,1988,0,0,0,0,0,0,0,0,0,0
530381,1,1,1988,13,13,13,13,13,13,13,13,13,13
530381,2,1,1988,0,0,0,0,0,0,0,0,0,0
530382,1,1,1988,0,0,0,0,0,0,0,0,0,0
530382,2,1,1988,0,0,6,0,0,0,0,0,0,0
530383,1,1,1988,0,0,0,0,0,0,0,0,0,0
530384,1,1,1988,11,11,11,11,11,11,11,11,11,11
530384,2,1,1988,2,2,2,2,2,2,2,2,2,2
530385,1,1,1988,10,3,13,20,12,18,0,30,6,6
530386,1,1,1988,0,0,0,0,0,0,0,0,0,0
530386,2,1,1988,0,0,0,0,0,0,0,0,0,0
530387,1,1,1988,6,6,6,6,6,6,6,6,6,6
530387,2,1,1988,0,11,0,0,19,0,0,0,0,0
530388,1,1,1988,25,25,25,25,25,25,25,25,25,25
530389,1,1,1988,16,16,16,16,16,16,16,16,16,16
530389,2,1,1988,7,7,7,7,7,7,7,7,7,7
530390,1,1,1988,19,19,19,19,19,19,19,19,19,19
530390,2,1,1988,0,0,0,0,0,0,0,0,0,0
530391,0,1,1988,22,22,22,22,22,22,22,22,22,22
530391,1,1,1988,11,11,11,11,11,11,11,11,11,11
530392,1,1,1988,34,5,23,13,10,20,19,17,0,11
530392,2,1,1988,0,0,0,0,22,0,0,0,0,0
530393,1,1,1988,0,0,0,0,0,0,0,0,0,0
530393,2,1,1988,0,0,0,0,0,0,0,0,0,0
530394,1,1,1988,0,0,0,0,0,0,0,0,0,0
530395,1,1,1988,0,0,0,0,0,0,0,0,0,0
530395,2,1,1988,0,0,0,0,0,0,0,0,0,0
530396,1,1,1988,0,0,0,0,23,0,0,0,0,0
530396,2,1,1988,0,0,0,0,0,0,0,0,0,0
530397,1,1,1988,24,24,24,24,24,24,24,24,24,24
530397,2,1,1988,0,0,0,0,0,0,0,0,0,0
530398,1,1,1988,0,0,0,0,0,0,0,0,0,0
530399,0,1,1988,0,0,0,0,0,0,0,0,0,0
530399,1,1,1988,0,0,0,0,0,0,0,0,0,0
530400,1,1,1988,0,0,0,0,0,0,0,0,0,0
530401,1,1,1988,32,32,32,32,32,32,32,32,32,32
530402,1,1,1988,10,10,10,10,10,10,10,10,10,10
530402,2,1,1988,18,18,18,18,18,18,18,18,18,18
530403,1,1,1988,23,23,23,23,23,23,23,23,23,23
530403,2,1,1988,0,0,0,0,0,0,0,0,0,0
530404,1,1,1988,8,8,8,8,8,8,8,8,8,8
530405,0,1,1988,0,0,0,0,0,0,0,0,0,0
530405,1,1,1988,0,0,0,0,0,0,0,0,0,0
530406,1,1,1988,17,17,17,17,17,17,17,17,17,17
530407,1,1,1988,18,26,15,0,26,11,12,17,12,26
530408,0,1,1988,0,0,0,0,0,0,0,0,0,0
530408,0,2,1988,11,5,0,0,24,0,0,3,0,0
530408,1,1,1988,19,19,19,19,19,19,19,19,19,19
530409,1,1,1988,0,0,0,0,0,0,0,0,0,0
530409,2,1,1988,0,0,0,0,0,0,0,0,0,0
530410,1,1,1988,0,0,0,0,0,0,0,0,0,0
530410,2,1,1988,0,20,0,0,0,0,0,0,0,0
530411,1,1,1988,0,0,0,0,0,0,0,0,0,0
530412,1,1,1988,12,12,12,12,12,12,12,12,12,12
530413,1,1,1988,0,0,0,0,0,0,0,0,0,0
530413,2,1,1988,0,0,0,0,0,0,0,0,0,0
530414,1,1,1988,31,31,31,31,31,31,31,31,31,31
530414,2,1,1988,12,12,12,12,12,12,12,12,12,12
530414,3,1,1988,0,0,0,0,0,0,0,0,0,0
530415,0,1,1988,0,0,0,0,0,0,0,0,0,0
530415,1,1,1988,0,0,0,0,0,0,0,0,0,0
530416,1,1,1988,0,0,0,0,0,0,0,0,0,0
530416,2,1,1988,0,0,0,0,0,2,0,0,11,0
530417,1,1,1988,0,0,0,0,0,0,0,0,0,0
530417,2,1,1988,0,0,0,0,0,0,0,0,0,0
530417,3,1,1988,0,0,0,0,0,0,0,0,0,0
530418,1,1,1988,0,0,0,0,0,0,0,0,0,0
530418,2,1,1988,0,0,0,0,0,0,0,0,0,0
530419,1,1,1988,0,0,0,0,0,0,0,0,0,0
530421,1,1,1988,17,17,17,17,17,17,17,17,17,17
530421,2,1,1988,0,0,0,0,0,0,7,0,24,0
530421,3,1,1988,0,0,0,0,0,0,0,0,0,0
530422,1,1,1988,0,0,0,0,0,0,0,0,0,0
530422,2,1,1988,0,0,0,0,0,0,0,0,0,0
530423,1,1,1988,0,0,0,0,0,0,0,0,0,0
530423,2,1,1988,0,0,0,0,0,0,0,0,0,0
530424,1,1,1988,0,0,0,0,0,0,0,0,0,0
530426,1,1,1988,25,25,25,25,25,25,25,25,25,25
530427,1,1,1988,0,0,0,13,0,2,0,0,12,0
530428,1,1,1988,0,0,0,0,0,0,0,0,0,0
530428,2,1,1988,0,0,0,0,0,0,0,0,0,0
530429,1,1,1988,0,0,0,0,0,0,0,0,0,0
530429,2,1,1988,0,0,0,0,0,0,0,0,0,0
530430,0,1,1988,19,19,19,19,19,19,19,19,19,19
530430,1,1,1988,0,0,0,0,0,0,0,0,0,0
530431,1,1,1988,22,22,22,22,22,22,22,22,22,22
530432,1,1,1988,0,0,0,0,0,0,0,0,0,0
530433,1,1,1988,8,8,8,8,8,8,8,8,8,8
530434,1,1,1988,0,0,0,0,0,0,0,0,0,0
530434,2,1,1988,0,0,0,0,0,0,0,0,0,0
530435,1,1,1988,0,0,18,0,0,16,0,0,0,0
530435,2,1,1988,0,0,0,0,0,0,0,0,0,0
530435,3,1,1988,0,0,0,0,0,0,0,0,0,0
530436,1,1,1988,0,0,0,0,0,0,0,0,0,0
530436,2,1,1988,0,0,0,0,0,0,0,0,0,0
530437,1,1,1988,15,15,15,15,15,15,15,15,15,15
530438,1,1,1988,17,17,17,17,17,17,17,17,17,17
530439,1,1,1988,13,13,13,13,13,13,13,13,13,13
530439,2,1,1988,19,6,6,10,12,8,10,17,8,7
530440,1,1,1988,0,0,0,0,0,0,0,0,0,0
530440,2,1,1988,0,0,0,0,0,0,0,0,0,0
530441,1,1,1988,0,0,0,0,0,0,0,0,0,0
530441,2,1,1988,0,0,0,0,0,0,0,0,0,0
530442,1,1,1988,13,13,13,13,13,13,13,13,13,13
530444,0,1,1988,0,0,5,0,0,0,12,0,0,22
530444,1,1,1988,0,0,0,0,0,0,0,7,0,0
530445,1,1,1988,8,8,8,8,8,8,8,8,8,8
530445,2,1,1988,0,0,0,0,0,0,0,0,0,0
530446,1,1,1988,0,0,11,0,0,0,11,0,0,0
530446,2,1,1988,0,0,0,0,0,0,0,0,0,0
530447,1,1,1988,0,0,0,0,0,0,0,0,0,0
530448,1,1,1988,6,6,6,6,6,6,6,6,6,6
530449,1,1,1988,8,8,8,8,8,8,8,8,8,8
530450,1,1,1988,20,20,20,20,20,20,20,20,20,20
530451,0,1,1988,0,12,14,0,0,14,24,0,0,34
530451,0,2,1988,30,30,16,16,13,13,6,22,40,15
530451,1,1,1988,22,13,21,12,0,12,15,40,19,12
530452,1,1,1988,0,0,0,0,0,0,26,21,27,0
530452,2,1,1988,0,0,0,0,0,0,0,0,0,0
530453,1,1,1988,19,19,19,19,19,19,19,19,19,19
530454,1,1,1988,0,0,0,0,0,0,0,0,0,0
530454,2,1,1988,0,8,0,0,6,5,0,0,0,10
530455,1,1,1988,18,18,18,18,18,18,18,18,18,18
530456,1,1,1988,24,24,24,24,24,24,24,24,24,24
530457,1,1,1988,0,0,0,0,0,0,0,0,0,0
530458,1,1,1988,0,0,0,0,0,0,0,0,0,0
530459,1,1,1988,0,0,0,0,0,0,0,0,0,0
530460,1,1,1988,16,16,16,16,16,16,16,16,16,16
530461,1,1,1988,0,0,0,0,0,0,0,0,0,0
530461,2,1,1988,0,0,0,0,0,0,0,0,0,0
530461,3,1,1988,0,0,12,0,0,0,0,0,0,0
530461,4,1,1988,8,0,0,0,0,0,7,0,0,0
530462,0,1,1988,0,0,0,0,0,0,0,0,0,0
530462,1,1,1988,21,21,21,21,21,21,21,21,21,21
530463,1,1,1988,0,0,0,0,0,0,0,0,0,0
530464,1,1,1988,0,0,0,0,0,0,0,0,0,0
530465,1,1,1988,25,25,25,25,25,25,25,25,25,25
530466,1,1,1988,0,0,20,0,0,0,0,0,0,0
530466,2,1,1988,2,2,2,2,2,2,2,2,2,2
530467,0,1,1988,39,0,19,20,10,10,18,0,22,0
530467,0,2,1988,0,0,0,0,0,10,28,0,0,13
530467,1,1,1988,0,0,0,0,0,0,0,0,0,0
530468,1,1,1988,12,12,12,12,12,12,12,12,12,12
530469,1,1,1988,25,25,25,25,25,25,25,25,25,25
530470,1,1,1988,0,0,0,0,0,0,0,0,0,0
530471,1,1,1988,0,0,0,0,0,0,0,0,0,0
530471,2,1,1988,0,0,0,0,0,0,0,0,0,0
530472,0,1,1988,0,0,0,0,0,0,0,0,0,0
530472,1,1,1988,0,0,0,0,0,0,0,0,0,0
530473,1,1,1988,22,22,22,22,22,22,22,22,22,22
530473,2,1,1988,0,0,0,0,0,0,0,0,0,0
530474,1,1,1988,16,16,16,16,16,16,16,16,16,16
530475,1,1,1988,0,0,0,0,0,0,0,0,0,0
530476,1,1,1988,18,18,18,18,18,18,18,18,18,18
530476,2,1,1988,0,0,0,0,0,0,0,0,0,0
530477,1,1,1988,0,0,0,0,0,0,0,0,0,0
530478,1,1,1988,8,8,8,8,8,8,8,8,8,8
530480,1,1,1988,6,6,6,6,6,6,6,6,6,6
530481,1,1,1988,19,19,19,19,19,19,19,19,19,19
530482,1,1,1988,14,14,14,14,14,14,14,14,14,14
530482,2,1,1988,11,0,0,0,0,15,0,17,21,24
530482,3,1,1988,0,0,0,0,0,0,20,0,0,12
530483,1,1,1988,13,13,13,13,13,13,13,13,13,13
530484,0,1,1988,13,13,13,13,13,13,13,13,13,13
530484,1,1,1988,9,9,9,9,9,9,9,9,9,9
530485,1,1,1988,0,0,0,0,0,0,0,0,0,0
530486,1,1,1988,4,0,0,0,0,0,0,0,0,0
530486,2,1,1988,0,0,0,0,0,0,0,0,0,0
530487,1,1,1988,0,0,0,0,0,0,0,0,0,0
530488,1,1,1988,37,37,37,37,37,37,37,37,37,37
530488,2,1,1988,0,0,0,0,0,0,0,0,0,0
530489,1,1,1988,0,0,0,0,0,0,0,0,0,0
530489,2,1,1988,0,0,0,11,0,0,0,0,0,0
530490,1,1,1988,0,0,6,0,0,0,0,0,0,0
530490,2,1,1988,0,0,0,0,0,0,0,0,0,0
530491,0,1,1988,0,0,0,0,0,0,0,0,0,0
530491,1,1,1988,0,0,0,13,0,0,0,0,0,0
530492,1,1,1988,20,20,20,20,20,20,20,20,20,20
530493,1,1,1988,0,0,0,0,0,0,0,0,0,0
530494,1,1,1988,0,0,0,0,0,0,0,0,27,0
530495,1,1,1988,23,23,23,23,23,23,23,23,23,23
530495,2,1,1988,0,0,0,0,0,0,0,0,0,0
530496,1,1,1988,0,0,0,0,0,0,0,0,0,0
530496,2,1,1988,0,0,0,0,0,0,0,0,0,0
530496,3,1,1988,0,0,0,0,0,0,0,0,0,0
530497,1,1,1988,12,12,12,12,12,12,12,12,12,12
530498,0,1,1988,18,18,18,18,18,18,18,18,18,18
530498,1,1,1988,0,0,0,0,0,0,0,0,0,0
530499,1,1,1988,21,21,21,21,21,21,21,21,21,21
530500,1,1,1988,26,26,26,26,26,26,26,26,26,26
530501,1,1,1988,11,11,11,11,11,11,11,11,11,11
530502,1,1,1988,19,19,19,19,19,19,19,19,19,19
530503,1,1,1988,4,0,11,10,8,0,0,0,0,0
530504,0,1,1988,0,0,0,0,0,0,0,0,0,0
530504,1,1,1988,0,0,0,0,0,0,0,0,0,0
530505,1,1,1988,9,9,9,9,9,9,9,9,9,9
530506,0,1,1988,0,0,0,0,0,0,0,0,0,0
530506,1,1,1988,0,0,0,0,0,0,0,0,0,0
530507,1,1,1988,23,23,23,23,23,23,23,23,23,23
530508,1,1,1988,11,11,11,11,11,11,11,11,11,11
530509,1,1,1988,22,22,22,22,22,22,22,22,22,22
530510,1,1,1988,0,0,0,0,0,0,0,0,0,0
530511,1,1,1988,8,8,8,8,8,8,8,8,8,8
530512,1,1,1988,0,0,0,0,0,0,0,0,0,0
530512,2,1,1988,0,0,0,0,0,0,0,0,0,0
530513,1,1,1988,30,30,30,30,30,30,30,30,30,30
530514,0,1,1988,0,0,0,0,0,0,0,0,0,0
530514,1,1,1988,0,0,0,10,0,0,0,0,0,0
530515,1,1,1988,0,0,0,0,0,0,0,0,0,0
530516,1,1,1988,16,16,16,16,16,16,16,16,16,16
530517,0,1,1988,0,0,0,0,0,0,0,0,0,0
530517,1,1,1988,0,0,0,0,0,0,0,0,0,0
530518,1,1,1988,25,25,25,25,25,25,25,25,25,25
530519,1,1,1988,0,0,0,0,0,0,0,0,0,0
530519,2,1,1988,0,0,0,0,0,0,0,0,0,0
530520,0,1,1988,0,0,0,0,0,0,0,0,0,0
530520,1,1,1988,0,0,0,0,0,0,0,0,0,0
530521,1,1,1988,0,0,0,0,0,0,0,0,0,0
530521,2,1,1988,26,26,26,26,26,26,26,26,26,26
530522,1,1,1988,19,19,19,19,19,19,19,19,19,19
530522,2,1,1988,0,0,0,0,0,0,0,0,0,0
530522,3,1,1988,0,21,6,22,23,0,26,13,9,18
530522,4,1,1988,7,0,28,7,30,11,16,21,9,21
530523,1,1,1988,0,0,0,0,0,0,0,0,0,0
530523,2,1,1988,0,0,0,0,0,0,0,0,0,0
530524,1,1,1988,0,0,0,0,0,0,0,0,0,0
530524,2,1,1988,0,0,0,0,0,0,0,0,0,0
530525,1,1,1988,0,0,0,0,0,0,0,0,0,0
530525,2,1,1988,0,0,0,0,0,0,0,0,0,0
530526,1,1,1988,6,6,6,6,6,6,6,6,6,6