ST_CASE,VEH_NO,PER_NO,YEAR,P1,P2,P3,P4,P5,P6,P7,P8,P9,P10
530527,1,1,1988,14,14,14,14,14,14,14,14,14,14
530528,1,1,1988,0,0,0,0,0,0,0,0,0,0
530529,1,1,1988,0,0,0,0,0,0,0,0,0,0
530530,1,1,1988,22,22,22,22,22,22,22,22,22,22
530531,1,1,1988,0,0,0,0,0,0,0,0,0,0
530531,2,1,1988,12,0,0,0,0,0,0,0,0,0
530532,1,1,1988,0,0,0,0,0,0,0,0,0,0
530532,2,1,1988,11,0,0,0,0,0,0,0,0,0
530533,1,1,1988,13,13,13,13,13,13,13,13,13,13
530534,0,1,1988,0,0,0,0,0,0,0,0,0,0
530534,1,1,1988,0,0,0,0,0,0,0,0,0,0
530535,1,1,1988,18,18,18,18,18,18,18,18,18,18
530536,1,1,1988,33,33,33,33,33,33,33,33,33,33
530537,1,1,1988,0,0,0,0,0,0,0,0,0,0
530538,1,1,1988,0,0,0,0,0,0,0,0,0,0
530539,1,1,1988,11,11,11,11,11,11,11,11,11,11
530540,1,1,1988,19,19,19,19,19,19,19,19,19,19
530540,2,1,1988,0,0,0,0,0,0,0,0,0,0
530541,1,1,1988,18,18,18,18,18,18,18,18,18,18
530542,1,1,1988,0,0,0,0,0,0,0,0,0,0
530543,1,1,1988,13,13,13,13,13,13,13,13,13,13
530544,1,1,1988,7,7,7,7,7,7,7,7,7,7
530544,2,1,1988,0,0,0,0,0,0,0,0,0,0
530545,1,1,1988,0,0,0,0,0,0,0,0,0,0
530545,2,1,1988,0,0,0,0,0,0,0,0,0,0
530546,0,1,1988,0,0,0,0,0,0,0,0,0,0
530546,1,1,1988,0,0,0,0,0,0,0,0,0,0
530547,1,1,1988,0,0,0,0,0,0,0,0,0,0
530547,2,1,1988,0,0,0,0,0,0,0,0,17,0
530548,1,1,1988,22,22,22,22,22,22,22,22,22,22
530549,1,1,1988,0,0,0,0,0,0,0,0,0,0
530549,2,1,1988,0,0,0,0,0,0,0,0,0,0
530550,1,1,1988,19,19,19,19,19,19,19,19,19,19
530551,1,1,1988,0,0,0,0,0,0,0,0,0,0
530552,1,1,1988,11,11,11,11,11,11,11,11,11,11
530553,1,1,1988,19,19,19,19,19,19,19,19,19,19
530554,0,1,1988,0,0,0,0,0,0,0,0,0,0
530554,1,1,1988,0,0,0,0,0,0,0,0,0,0
530555,1,1,1988,0,0,0,0,0,0,0,0,0,0
530555,2,1,1988,0,0,0,0,0,0,0,0,0,0
530555,3,1,1988,0,0,0,0,21,0,4,0,0,0
530555,4,1,1988,0,0,0,0,0,0,0,0,0,0
530556,1,1,1988,23,23,23,23,23,23,23,23,23,23
530557,1,1,1988,16,16,16,16,16,16,16,16,16,16
530557,2,1,1988,0,0,0,0,0,0,0,0,0,0
530558,1,1,1988,10,10,10,10,10,10,10,10,10,10
530560,1,1,1988,0,0,0,0,0,0,0,0,0,0
530560,2,1,1988,0,0,0,0,0,0,0,0,0,0
530561,1,1,1988,0,0,0,0,0,0,0,0,0,0
530562,0,1,1988,0,0,0,0,0,0,0,0,0,0
530562,1,1,1988,0,0,0,0,0,0,0,0,0,0
530563,1,1,1988,12,0,0,0,0,0,0,0,0,0
530563,2,1,1988,0,0,0,0,0,0,0,0,0,0
530563,3,1,1988,0,0,0,0,0,0,0,0,0,0
530564,1,1,1988,0,0,0,0,0,0,0,0,0,0
530564,2,1,1988,18,18,18,18,18,18,18,18,18,18
530565,1,1,1988,0,0,0,0,0,0,0,0,0,0
530565,2,1,1988,0,0,0,0,0,0,14,0,0,0
530566,1,1,1988,12,12,12,12,12,12,12,12,12,12
530567,1,1,1988,12,12,12,12,12,12,12,12,12,12
530567,2,1,1988,0,0,0,0,0,0,0,11,0,0
530567,3,1,1988,0,0,0,0,0,0,0,0,0,0
530568,0,1,1988,0,0,0,0,0,0,0,0,0,0
530568,1,1,1988,0,0,0,0,0,0,0,0,0,0
530570,1,1,1988,27,27,27,27,27,27,27,27,27,27
530570,2,1,1988,0,0,0,0,0,0,0,0,0,0
530570,3,1,1988,0,0,0,0,0,0,0,0,0,0
530571,1,1,1988,0,0,0,0,0,0,0,0,0,0
530571,2,1,1988,0,0,0,0,0,0,0,0,0,0
530572,1,1,1988,0,0,0,0,0,0,0,0,0,0
530572,2,1,1988,0,0,21,0,17,0,0,0,0,0
530573,1,1,1988,0,0,0,0,0,0,0,0,0,0
530573,2,1,1988,0,0,0,0,0,0,0,0,0,0
530574,0,1,1988,0,0,0,0,0,0,0,0,0,0
530574,1,1,1988,0,0,0,0,10,0,0,0,0,26
530575,1,1,1988,0,0,0,0,0,0,0,0,0,0
530576,1,1,1988,0,0,0,8,0,0,0,0,0,0
530577,1,1,1988,22,22,22,22,22,22,22,22,22,22
530578,1,1,1988,17,17,17,17,17,17,17,17,17,17
530579,1,1,1988,16,16,16,16,16,16,16,16,16,16
530580,1,1,1988,0,0,0,0,0,0,0,0,0,0
530581,1,1,1988,0,0,0,0,0,0,0,0,0,0
530581,2,1,1988,0,0,0,0,0,0,0,0,0,0
530582,0,1,1988,0,14,0,17,0,0,0,13,17,10
530582,0,2,1988,2,2,2,2,2,2,2,2,2,2
530582,1,1,1988,18,18,18,18,18,18,18,18,18,18
530583,1,1,1988,0,0,0,0,0,0,0,0,0,0
530584,1,1,1988,0,0,0,0,0,0,0,0,0,0
530584,2,1,1988,0,0,0,0,0,0,0,0,0,28
530585,1,1,1988,0,0,0,0,0,0,0,0,0,0
530586,0,1,1988,0,11,0,0,0,0,0,12,0,38
530586,1,1,1988,5,5,5,5,5,5,5,5,5,5
530587,0,1,1988,0,0,0,0,0,0,0,0,0,0
530587,1,1,1988,0,0,0,0,0,0,0,0,0,0
530588,1,1,1988,0,0,0,0,18,0,0,0,0,6
530588,2,1,1988,12,12,12,12,12,12,12,12,12,12
530589,1,1,1988,0,0,0,0,0,0,0,0,0,0
530590,1,1,1988,13,13,13,13,13,13,13,13,13,13
530590,2,1,1988,0,0,0,0,0,0,16,0,26,0
530591,1,1,1988,0,0,0,0,0,0,0,0,0,0
530592,1,1,1988,24,24,24,24,24,24,24,24,24,24
530592,2,1,1988,0,0,41,0,0,0,0,0,0,7
530593,1,1,1988,14,14,14,14,14,14,14,14,14,14
530594,1,1,1988,14,14,14,14,14,14,14,14,14,14
530595,1,1,1988,0,0,0,0,0,0,0,0,0,0
530595,2,1,1988,0,0,0,0,0,0,16,0,20,0
530596,0,1,1988,0,0,0,0,0,0,0,0,0,0
530596,1,1,1988,0,0,0,0,0,0,0,0,0,0
530597,1,1,1988,0,0,0,0,0,0,0,0,0,0
530598,1,1,1988,21,21,21,21,21,21,21,21,21,21
530598,2,1,1988,0,0,0,0,0,0,0,0,0,0
530599,1,1,1988,2,2,2,2,2,2,2,2,2,2
530600,1,1,1988,8,8,8,8,8,8,8,8,8,8
530601,1,1,1988,10,10,10,10,10,10,10,10,10,10
530601,2,1,1988,14,14,14,14,14,14,14,14,14,14
530602,1,1,1988,14,14,14,14,14,14,14,14,14,14
530603,1,1,1988,14,14,14,14,14,14,14,14,14,14
530603,2,1,1988,0,0,0,0,0,0,0,0,0,0
530603,3,1,1988,0,0,0,22,0,0,0,0,0,0
530604,1,1,1988,0,24,0,0,0,0,0,0,0,0
530604,2,1,1988,0,0,0,0,0,0,0,0,0,0
530605,0,1,1988,0,0,0,0,0,0,0,0,0,0
530605,1,1,1988,0,0,0,0,0,0,0,0,0,0
530607,1,1,1988,0,0,0,0,0,0,0,0,0,0
530608,1,1,1988,0,0,0,0,0,0,0,0,0,0
530608,2,1,1988,0,0,0,0,0,0,0,0,0,0
530609,1,1,1988,0,0,0,0,0,0,0,0,0,0
530609,2,1,1988,0,0,0,0,0,0,0,0,0,0
530610,1,1,1988,23,23,23,23,23,23,23,23,23,23
530610,2,1,1988,6,6,6,6,6,6,6,6,6,6
530611,1,1,1988,9,9,9,9,9,9,9,9,9,9
530611,2,1,1988,0,0,0,0,0,11,0,0,0,0
530612,1,1,1988,21,21,21,21,21,21,21,21,21,21
530613,1,1,1988,0,0,0,0,0,0,0,0,0,0
530613,2,1,1988,0,0,0,0,0,0,0,0,0,0
530614,1,1,1988,0,0,0,0,0,0,0,0,0,0
530614,2,1,1988,0,0,0,0,0,0,0,0,0,0
530616,1,1,1988,0,0,0,0,0,0,0,0,0,0
530616,2,1,1988,0,0,0,0,0,0,0,0,0,0
530617,0,1,1988,15,15,15,15,15,15,15,15,15,15
530617,1,1,1988,0,10,8,0,11,8,4,7,2,8
530618,1,1,1988,0,0,0,0,0,0,0,0,0,0
530619,1,1,1988,0,0,0,0,0,0,0,0,0,0
530619,2,1,1988,0,0,0,0,0,0,0,0,0,0
530620,1,1,1988,17,17,17,17,17,17,17,17,17,17
530622,1,1,1988,0,0,0,0,0,0,0,0,0,0
530622,2,1,1988,0,0,0,0,0,0,0,0,0,0
530623,1,1,1988,0,0,0,0,0,0,0,0,0,0
530624,1,1,1988,23,23,23,23,23,23,23,23,23,23
530624,2,1,1988,0,0,0,0,0,0,0,0,0,0
530625,1,1,1988,0,0,0,0,0,0,0,0,0,0
530625,2,1,1988,0,0,0,0,0,0,0,0,0,0
530628,1,1,1988,19,19,19,19,19,19,19,19,19,19
530629,0,1,1988,19,24,0,0,34,10,0,0,13,0
530629,0,2,1988,0,0,0,0,0,0,0,0,0,0
530629,1,1,1988,23,23,23,23,23,23,23,23,23,23
530630,0,1,1988,0,0,0,0,0,0,0,0,0,0
530630,1,1,1988,4,4,4,4,4,4,4,4,4,4
530630,2,1,1988,5,5,5,5,5,5,5,5,5,5
530631,1,1,1988,25,25,25,25,25,25,25,25,25,25
530632,1,1,1988,0,0,0,0,0,0,0,0,0,0
530633,1,1,1988,0,0,0,0,0,0,0,0,0,0
530633,2,1,1988,19,0,9,0,0,0,0,0,0,0
530634,1,1,1988,8,8,8,8,8,8,8,8,8,8
530634,2,1,1988,0,0,0,17,0,8,0,0,7,12
530635,1,1,1988,0,0,0,0,0,0,0,0,0,0
530635,2,1,1988,0,0,0,0,0,0,0,0,0,0
530636,1,1,1988,19,19,19,19,19,19,19,19,19,19
530637,1,1,1988,12,12,12,12,12,12,12,12,12,12
530638,1,1,1988,23,23,23,23,23,23,23,23,23,23
530639,0,1,1988,0,0,0,0,0,0,0,0,0,0
530639,0,2,1988,0,16,5,37,0,7,29,0,16,0
530639,1,1,1988,8,8,8,8,8,8,8,8,8,8
530640,1,1,1988,0,0,0,0,0,0,0,0,0,0
530640,2,1,1988,0,0,0,0,0,0,0,0,0,0
530641,1,1,1988,12,12,12,12,12,12,12,12,12,12
530642,1,1,1988,4,4,4,4,4,4,4,4,4,4
530643,1,1,1988,19,19,19,19,19,19,19,19,19,19
530643,2,1,1988,0,0,0,0,0,0,0,0,0,0
530644,1,1,1988,14,14,14,14,14,14,14,14,14,14
530645,1,1,1988,9,9,9,9,9,9,9,9,9,9
530645,2,1,1988,0,0,0,0,0,0,0,0,0,0
530645,3,1,1988,0,0,0,0,0,0,0,17,0,0
530645,4,1,1988,0,0,14,0,0,0,0,0,0,0
530646,1,1,1988,10,10,10,10,10,10,10,10,10,10
530647,1,1,1988,16,16,16,16,16,16,16,16,16,16
530648,1,1,1988,0,0,0,0,0,0,0,0,0,0
530648,2,1,1988,0,0,0,0,0,0,4,0,0,0
530649,1,1,1988,0,0,0,0,0,0,0,0,0,0
530649,2,1,1988,0,0,0,0,0,0,0,0,0,0
530650,1,1,1988,0,0,0,0,0,0,0,0,0,0
530651,1,1,1988,0,0,0,0,0,0,0,0,0,0
530652,1,1,1988,0,0,0,0,0,0,0,0,0,0
530653,1,1,1988,13,13,13,13,13,13,13,13,13,13
530654,1,1,1988,0,0,0,0,0,0,0,0,0,0
530654,2,1,1988,2,2,2,2,2,2,2,2,2,2
530655,0,1,1988,14,14,14,14,14,14,14,14,14,14
530655,1,1,1988,1,1,1,1,1,1,1,1,1,1
530656,0,1,1988,0,0,0,0,0,0,0,0,0,0
530656,1,1,1988,0,0,0,0,0,0,0,0,0,0
530656,2,1,1988,0,0,0,0,0,0,0,17,0,0
530657,1,1,1988,0,0,0,0,0,0,0,0,0,0
530658,1,1,1988,12,12,12,12,12,12,12,12,12,12
530658,2,1,1988,0,0,0,0,0,0,0,0,0,0
530659,1,1,1988,16,16,16,16,16,16,16,16,16,16
530660,1,1,1988,0,0,0,0,0,0,0,0,0,0
530661,0,1,1988,0,0,0,0,0,0,0,0,0,0
530661,1,1,1988,0,0,0,0,0,0,0,0,0,0
530662,1,1,1988,0,0,0,0,0,0,0,0,0,0
530662,2,1,1988,0,0,0,0,0,0,0,0,0,0
530662,3,1,1988,0,0,0,0,0,0,0,0,0,0
530663,1,1,1988,0,0,0,0,0,0,0,0,0,0
530663,2,1,1988,0,0,0,0,0,0,0,0,0,0
530664,1,1,1988,19,19,19,19,19,19,19,19,19,19
530665,1,1,1988,0,0,0,0,0,0,0,0,0,0
530666,1,1,1988,0,0,0,0,0,0,0,0,0,0
530666,2,1,1988,0,0,0,0,0,0,0,0,0,0
530667,0,1,1988,0,0,0,0,0,0,0,0,0,0
530667,1,1,1988,1,0,19,0,0,0,0,0,0,0
530668,0,1,1988,14,14,14,14,14,14,14,14,14,14
530668,1,1,1988,22,0,0,21,10,20,11,24,13,0
530669,1,1,1988,0,0,0,0,0,0,0,0,0,0
530669,2,1,1988,0,0,0,0,0,0,0,0,0,0
530670,1,1,1988,0,0,0,0,0,0,0,0,0,0
530671,0,1,1988,15,15,15,15,15,15,15,15,15,15
530671,1,1,1988,0,0,9,0,0,0,0,0,0,0
530672,1,1,1988,19,19,19,19,19,19,19,19,19,19
530673,1,1,1988,13,13,13,13,13,13,13,13,13,13
530673,2,1,1988,0,0,0,0,0,0,0,0,0,0
530674,0,1,1988,26,26,26,26,26,26,26,26,26,26
530674,1,1,1988,0,0,0,0,0,0,0,0,0,0
530675,1,1,1988,15,15,15,15,15,15,15,15,15,15
530676,1,1,1988,0,11,12,0,5,17,10,10,17,16
530677,1,1,1988,0,0,0,0,0,0,0,0,0,0
530678,1,1,1988,0,0,0,0,0,0,0,0,0,0
530679,1,1,1988,18,18,18,18,18,18,18,18,18,18
530679,2,1,1988,1,1,1,1,1,1,1,1,1,1
530681,1,1,1988,0,0,0,0,0,0,0,0,0,0
530683,2,1,1988,0,0,0,0,0,0,0,0,0,0
530684,0,1,1988,22,22,22,22,22,22,22,22,22,22
530684,1,1,1988,0,0,0,0,0,0,0,0,0,0
530685,1,1,1988,19,19,19,19,19,19,19,19,19,19
530686,1,1,1988,21,21,21,21,21,21,21,21,21,21
530687,1,1,1988,0,0,0,0,0,0,0,0,0,0
530687,2,1,1988,0,0,0,0,0,0,0,0,0,0
530688,1,1,1988,0,0,0,0,0,0,0,0,0,0
530688,2,1,1988,0,0,0,0,0,0,0,0,0,0
530689,1,1,1988,0,0,0,0,0,0,0,0,0,0
530690,1,2,1988,0,9,0,0,0,0,0,0,0,0
530690,2,1,1988,0,0,0,0,0,0,0,0,0,4
530691,0,1,1988,0,0,0,0,0,0,0,0,0,0
530691,1,1,1988,0,0,0,0,0,0,0,0,0,0
530692,1,1,1988,0,0,0,0,0,0,0,0,0,0
530692,2,1,1988,0,0,0,0,0,0,0,0,0,0
530693,1,1,1988,0,0,4,0,0,0,11,17,3,9
530693,2,1,1988,0,0,0,0,0,0,0,0,0,0
530693,3,1,1988,0,0,0,0,0,0,0,0,0,0
530693,4,1,1988,0,0,0,0,0,0,0,0,0,0
530694,0,1,1988,13,13,13,13,13,13,13,13,13,13
530694,2,1,1988,25,25,25,25,25,25,25,25,25,25
530695,1,1,1988,0,0,0,0,0,0,0,0,0,0
530695,2,1,1988,0,0,0,0,0,0,0,0,0,0
530696,1,1,1988,8,8,8,8,8,8,8,8,8,8
530697,1,1,1988,0,0,0,0,0,0,38,0,0,0
530698,1,1,1988,12,12,12,12,12,12,12,12,12,12
530699,1,1,1988,20,20,20,20,20,20,20,20,20,20
530700,1,1,1988,34,10,39,35,11,16,20,32,15,0
530701,1,1,1988,0,0,0,0,0,0,0,0,0,0
530701,2,1,1988,0,0,0,0,0,0,0,0,0,0
530702,1,1,1988,24,24,24,24,24,24,24,24,24,24
530702,2,1,1988,25,25,25,25,25,25,25,25,25,25
530703,1,1,1988,0,0,3,0,0,0,0,0,0,0
530704,1,1,1988,0,0,0,0,0,0,0,0,0,0
530705,0,1,1988,0,0,0,0,0,0,0,0,0,0
530705,1,1,1988,0,0,0,0,0,0,0,0,0,0
530706,0,1,1988,0,0,0,0,0,0,0,0,0,0
530706,1,1,1988,0,0,0,0,0,0,0,0,0,0
530707,1,1,1988,0,0,0,0,0,0,0,0,0,0
530707,2,1,1988,0,0,0,0,0,0,0,0,0,0
530708,0,1,1988,0,0,0,0,0,0,0,0,0,0
530708,1,1,1988,0,0,0,0,0,0,0,0,0,0
530709,1,1,1988,0,0,0,0,0,0,0,0,0,0
530709,2,1,1988,0,0,0,0,0,0,0,0,0,0
530709,3,1,1988,31,0,0,0,0,0,0,0,0,0
530710,1,1,1988,0,0,0,0,0,0,0,0,0,0
530710,2,1,1988,0,0,0,0,0,0,0,0,0,0
530711,1,1,1988,0,0,0,0,0,0,0,0,0,0
530711,2,1,1988,0,0,0,0,0,0,0,0,0,0
530712,0,1,1988,26,26,26,26,26,26,26,26,26,26
530712,1,1,1988,0,0,0,0,0,0,0,0,0,0
530712,2,1,1988,13,10,0,0,0,13,0,0,0,0
530712,3,1,1988,0,0,0,0,0,17,0,0,0,0
530712,4,1,1988,8,0,0,0,0,15,21,10,33,5
530713,1,1,1988,0,0,0,0,0,0,0,0,0,0
530713,2,1,1988,0,0,0,0,0,0,0,0,0,0
530714,1,1,1988,0,0,0,0,0,0,0,0,0,0
530714,2,1,1988,0,0,0,0,0,0,0,0,0,0
530715,1,1,1988,0,22,0,0,0,12,0,0,0,14
530715,2,1,1988,0,0,0,0,0,0,0,0,0,0
530716,0,1,1988,18,0,0,23,9,0,19,25,34,14
530716,0,2,1988,22,26,0,33,32,33,26,0,33,24
530716,0,3,1988,22,12,0,11,14,24,24,31,34,18
530716,1,1,1988,6,6,6,6,6,6,6,6,6,6
530716,2,1,1988,11,11,11,11,11,11,11,11,11,11
530717,0,1,1988,0,0,0,0,0,0,0,0,0,0
530717,1,1,1988,0,0,0,0,0,0,0,0,0,0
530718,1,1,1988,18,18,18,18,18,18,18,18,18,18
530719,1,1,1988,0,0,0,0,0,0,0,0,0,0
530719,2,1,1988,0,0,0,0,0,0,0,24,0,0
530721,1,1,1988,0,0,0,0,0,0,0,0,0,0
530721,2,1,1988,0,0,0,0,0,0,0,0,0,0
530722,0,1,1988,0,0,23,0,0,0,17,0,0,0
530722,1,1,1988,0,0,0,0,0,0,0,0,0,0
530723,1,1,1988,0,0,0,0,0,0,0,0,0,0
530723,2,1,1988,0,0,0,0,0,0,0,0,0,0
530724,1,1,1988,25,25,25,25,25,25,25,25,25,25
530725,1,1,1988,6,0,0,30,23,36,11,0,13,0
540001,1,1,1988,0,0,0,0,0,0,0,0,0,0
540002,0,1,1988,0,0,0,0,0,0,0,0,0,0
540002,1,1,1988,0,0,0,0,0,0,0,0,0,0
540003,1,1,1988,25,25,25,25,25,25,25,25,25,25
540004,1,1,1988,0,0,0,0,0,0,0,0,0,0
540004,2,1,1988,5,5,5,5,5,5,5,5,5,5
540004,3,1,1988,0,0,0,0,0,0,0,0,0,0
540005,1,1,1988,0,0,0,0,0,0,0,0,0,0
540006,1,1,1988,17,17,17,17,17,17,17,17,17,17
540007,1,1,1988,18,18,18,18,18,18,18,18,18,18
540008,1,1,1988,0,0,0,0,0,0,0,0,0,0
540009,1,1,1988,0,0,0,0,0,0,0,0,0,0
540009,2,1,1988,26,26,26,26,26,26,26,26,26,26
540010,0,1,1988,0,0,0,0,0,0,0,0,0,0
540010,1,1,1988,0,0,0,0,0,0,0,0,0,0
540011,1,1,1988,28,28,28,28,28,28,28,28,28,28
540012,1,1,1988,0,0,0,0,0,0,0,0,0,0
540013,1,1,1988,13,13,13,13,13,13,13,13,13,13
540014,1,1,1988,27,27,27,27,27,27,27,27,27,27
540015,0,1,1988,0,0,0,0,0,0,0,0,0,0
540015,1,1,1988,0,0,0,0,0,0,0,0,0,0
540016,1,1,1988,0,0,0,0,0,0,0,0,0,0
540016,2,1,1988,0,0,0,0,0,0,0,0,0,0
540016,3,1,1988,0,0,0,0,0,0,0,0,0,0
540017,1,1,1988,18,18,18,18,18,18,18,18,18,18
540018,1,1,1988,0,0,0,0,0,0,0,0,0,0
540018,2,1,1988,0,7,0,25,0,0,0,0,0,0
540019,1,1,1988,21,21,21,21,21,21,21,21,21,21
540020,1,1,1988,22,22,22,22,22,22,22,22,22,22
540020,2,1,1988,0,0,0,0,0,0,0,0,0,0
540021,1,1,1988,10,10,10,10,10,10,10,10,10,10
540022,1,1,1988,0,0,0,11,0,0,0,0,0,0
540022,2,1,1988,12,12,12,12,12,12,12,12,12,12
540023,1,1,1988,0,0,0,0,0,0,0,0,0,0
540023,2,1,1988,0,0,0,0,0,0,0,0,0,0
540024,0,1,1988,39,39,39,39,39,39,39,39,39,39
540024,1,1,1988,0,0,0,0,0,0,0,0,0,0
540025,1,1,1988,0,0,0,0,0,0,0,0,0,0
540025,2,1,1988,4,4,4,4,4,4,4,4,4,4
540026,0,1,1988,0,0,0,0,0,0,0,0,0,0
540026,1,1,1988,0,0,0,0,0,0,0,0,0,0
540027,1,1,1988,22,22,22,22,22,22,22,22,22,22
540029,1,1,1988,10,10,10,10,10,10,10,10,10,10
540030,1,1,1988,24,24,24,24,24,24,24,24,24,24
540031,1,1,1988,0,0,0,0,0,0,0,0,0,0
540031,2,1,1988,0,0,0,0,0,0,0,0,0,0
540032,1,1,1988,0,0,0,0,0,0,0,0,0,0
540033,1,1,1988,0,0,0,0,0,0,0,0,0,0
540034,1,1,1988,0,0,0,0,0,0,0,0,0,0
540034,2,1,1988,21,21,21,21,21,21,21,21,21,21
540035,1,1,1988,14,14,14,14,14,14,14,14,14,14
540036,1,1,1988,0,0,0,0,0,0,0,0,0,0
540037,1,1,1988,0,0,0,0,0,0,0,4,0,0
540037,2,1,1988,0,0,0,0,0,0,0,0,0,0
540038,1,1,1988,9,9,9,9,9,9,9,9,9,9
540038,2,1,1988,0,0,0,33,0,0,0,0,11,0
540038,3,1,1988,0,0,0,0,0,0,0,0,0,0
540039,1,1,1988,25,25,25,25,25,25,25,25,25,25
540040,1,1,1988,32,32,32,32,32,32,32,32,32,32
540041,1,1,1988,0,0,0,0,0,0,0,0,0,0
540042,1,1,1988,12,12,12,12,12,12,12,12,12,12
540043,1,1,1988,0,0,0,0,0,0,0,0,0,0
540044,1,1,1988,0,0,0,0,0,0,0,0,0,0
540044,2,1,1988,0,0,0,0,0,0,0,0,0,0
540045,1,1,1988,0,0,0,0,0,0,0,0,0,0
540045,2,1,1988,0,0,6,0,0,0,0,0,0,0
540046,1,1,1988,0,0,0,0,0,0,0,0,0,0
540046,2,1,1988,23,23,23,23,23,23,23,23,23,23
540047,1,1,1988,15,15,15,15,15,15,15,15,15,15
540048,1,1,1988,0,0,0,0,0,0,0,0,0,0
540048,2,1,1988,19,19,19,19,19,19,19,19,19,19
540049,1,1,1988,0,0,0,0,0,0,0,0,0,0
540050,1,1,1988,0,0,0,0,0,0,0,0,0,0
540051,1,1,1988,0,0,0,0,0,0,0,0,0,0
540051,2,1,1988,1,1,1,1,1,1,1,1,1,1
540052,1,1,1988,19,24,7,15,37,12,8,13,12,11
540053,1,1,1988,0,0,0,0,0,0,0,0,0,0
540053,2,1,1988,0,0,0,0,0,0,0,0,0,0
540054,1,1,1988,0,0,0,0,0,0,0,0,0,0
540055,1,1,1988,0,0,0,7,0,0,0,0,18,0
540055,2,1,1988,0,0,0,0,0,0,0,0,0,0
540056,1,1,1988,16,16,16,16,16,16,16,16,16,16
540057,1,1,1988,0,0,0,0,0,0,0,0,0,0
540058,0,1,1988,33,33,33,33,33,33,33,33,33,33
540058,1,1,1988,0,0,0,0,0,0,0,0,0,0
540059,1,1,1988,0,0,0,0,0,0,0,0,0,0
540059,2,1,1988,0,0,0,0,0,0,0,0,0,0
540059,3,1,1988,0,0,0,0,0,0,0,0,0,0
540060,1,1,1988,13,13,13,13,13,13,13,13,13,13
540061,0,1,1988,34,34,34,34,34,34,34,34,34,34
540061,1,1,1988,0,0,0,0,0,0,0,0,0,0
540062,1,1,1988,24,24,24,24,24,24,24,24,24,24
540063,1,1,1988,0,0,0,0,0,0,0,0,0,0
540063,2,1,1988,23,23,23,23,23,23,23,23,23,23
540064,1,1,1988,0,0,0,0,0,0,0,0,0,0
540065,1,1,1988,0,0,0,0,0,0,0,0,0,0
540065,2,1,1988,0,0,0,0,0,0,0,0,0,0
540066,0,1,1988,0,0,0,0,0,0,0,0,0,0
540066,1,1,1988,0,0,0,0,0,0,0,0,0,0
540067,0,1,1988,14,14,14,14,14,14,14,14,14,14
540067,1,1,1988,0,0,0,0,0,0,0,0,0,0
540068,1,1,1988,0,22,0,0,0,0,0,0,0,0
540068,2,1,1988,0,0,0,0,0,0,0,0,0,0
540069,1,1,1988,13,13,13,13,13,13,13,13,13,13
540069,2,1,1988,0,0,0,0,0,0,0,0,0,0
540070,1,1,1988,0,0,0,0,0,0,0,0,0,0
540071,1,1,1988,0,0,0,0,0,0,0,0,0,0
540071,2,1,1988,0,0,0,0,0,0,0,0,0,0
540072,1,1,1988,0,0,0,0,0,0,0,0,0,0
540072,2,1,1988,18,18,18,18,18,18,18,18,18,18
540072,3,1,1988,0,0,0,0,0,0,0,0,0,0
540073,0,1,1988,0,0,0,0,0,0,0,0,0,0
540073,1,1,1988,0,16,0,0,15,14,7,0,19,0
540073,2,1,1988,0,0,0,0,0,0,0,0,0,0
540074,1,1,1988,0,0,0,0,0,0,14,0,0,0
540074,2,1,1988,0,0,0,0,0,0,0,0,0,0
540075,1,1,1988,0,0,0,0,0,0,0,0,0,0
540075,2,1,1988,0,0,0,0,0,0,0,0,0,0
540076,1,1,1988,12,12,12,12,12,12,12,12,12,12
540077,1,1,1988,26,26,26,26,26,26,26,26,26,26
540078,1,1,1988,16,16,16,16,16,16,16,16,16,16
540079,1,1,1988,0,0,0,0,0,0,0,0,0,0
540080,1,1,1988,0,0,0,0,0,0,0,0,0,0
540080,2,1,1988,0,0,0,0,0,0,0,0,0,0
540081,0,1,1988,13,13,13,13,13,13,13,13,13,13
540081,0,2,1988,23,23,23,23,23,23,23,23,23,23
540081,1,1,1988,0,0,0,0,0,0,0,0,0,11
540082,0,1,1988,0,0,0,0,0,0,0,0,0,0
540082,1,1,1988,0,0,0,0,0,0,20,0,15,0
540083,1,1,1988,13,13,13,13,13,13,13,13,13,13
540084,0,1,1988,14,14,14,14,14,14,14,14,14,14
540084,1,1,1988,11,0,11,14,8,6,5,0,0,0
540085,1,1,1988,0,0,0,0,0,0,0,0,0,0
540087,0,1,1988,0,0,0,0,0,0,0,0,0,0
540087,1,1,1988,11,0,0,0,0,0,0,0,0,0
540088,1,1,1988,0,0,0,0,0,0,0,0,0,0
540088,2,1,1988,0,0,0,0,0,0,0,0,0,0
540089,1,1,1988,20,20,20,20,20,20,20,20,20,20
540090,1,1,1988,0,0,0,0,0,0,0,0,0,0
540091,1,1,1988,15,15,15,15,15,15,15,15,15,15
540092,1,1,1988,19,19,19,19,19,19,19,19,19,19
540093,1,1,1988,0,0,0,0,0,0,0,0,0,0
540093,2,1,1988,0,0,0,0,0,0,0,0,0,0
540094,1,1,1988,0,0,0,0,0,0,0,0,0,0