ST_CASE,VEH_NO,PER_NO,YEAR,P1,P2,P3,P4,P5,P6,P7,P8,P9,P10
540394,2,1,1988,0,0,0,0,0,0,0,0,0,0
540395,0,1,1988,28,28,28,28,28,28,28,28,28,28
540395,1,1,1988,0,0,6,0,0,0,0,16,0,0
540396,0,1,1988,0,0,0,0,0,0,0,0,0,0
540396,1,1,1988,0,0,0,0,0,0,0,0,0,0
540396,2,1,1988,0,0,0,0,0,0,0,0,0,0
540396,3,1,1988,0,0,0,0,0,0,0,0,0,0
540396,4,1,1988,0,7,0,0,0,0,0,18,0,0
540397,1,1,1988,0,0,0,0,0,0,0,0,0,0
540397,2,1,1988,0,0,0,0,0,0,0,0,0,0
540398,0,1,1988,20,20,20,20,20,20,20,20,20,20
540398,1,1,1988,0,0,0,0,0,0,0,0,0,0
540398,2,1,1988,0,0,0,0,0,0,0,0,0,0
540399,1,1,1988,15,15,15,15,15,15,15,15,15,15
540400,1,1,1988,23,23,23,23,23,23,23,23,23,23
540401,1,1,1988,12,12,12,12,12,12,12,12,12,12
540401,2,1,1988,0,0,0,0,0,0,0,0,0,0
540402,1,1,1988,0,0,0,0,0,0,0,0,0,0
540402,2,1,1988,0,0,0,19,0,0,0,0,0,0
540403,1,1,1988,23,23,23,23,23,23,23,23,23,23
540404,1,1,1988,0,0,0,0,0,0,0,0,0,0
540405,1,1,1988,24,24,24,24,24,24,24,24,24,24
540406,1,1,1988,23,23,23,23,23,23,23,23,23,23
540407,1,1,1988,25,25,25,25,25,25,25,25,25,25
540408,1,1,1988,0,9,0,0,0,0,0,0,8,0
540408,2,1,1988,11,11,11,11,11,11,11,11,11,11
540409,1,1,1988,31,31,31,31,31,31,31,31,31,31
540410,1,1,1988,17,17,17,17,17,17,17,17,17,17
540410,2,1,1988,0,0,0,0,0,0,0,0,0,8
540412,1,1,1988,8,8,8,8,8,8,8,8,8,8
540412,2,1,1988,0,0,0,0,0,0,0,0,0,0
540412,3,1,1988,0,0,0,0,0,0,0,0,0,0
540413,1,1,1988,16,31,32,43,9,23,23,18,20,11
550001,1,1,1988,23,23,23,23,23,23,23,23,23,23
550002,1,1,1988,13,13,13,13,13,13,13,13,13,13
550003,1,1,1988,0,0,18,17,16,0,18,0,19,12
550003,2,1,1988,9,0,0,0,0,0,12,14,0,0
550004,1,1,1988,17,17,17,17,17,17,17,17,17,17
550005,1,1,1988,0,0,0,0,0,0,0,0,0,0
550005,2,1,1988,0,0,0,0,0,0,0,0,0,0
550005,3,1,1988,0,0,0,0,0,20,14,0,0,0
550006,1,1,1988,16,16,16,16,16,16,16,16,16,16
550006,2,1,1988,21,13,8,6,16,0,25,5,9,8
550007,0,1,1988,0,0,0,0,0,0,0,0,0,0
550007,1,1,1988,0,0,0,0,0,16,0,0,0,0
550008,1,1,1988,0,0,0,0,0,0,11,0,0,0
550008,2,1,1988,0,0,0,0,0,0,0,0,0,0
550008,3,1,1988,0,0,0,0,0,0,0,0,0,0
550009,1,1,1988,0,20,0,0,0,0,0,29,17,0
550010,1,1,1988,19,19,19,19,19,19,19,19,19,19
550010,2,1,1988,6,6,6,6,6,6,6,6,6,6
550011,0,1,1988,20,20,20,20,20,20,20,20,20,20
550011,1,1,1988,0,0,9,8,14,0,0,20,13,0
550011,2,1,1988,0,0,0,9,0,15,0,0,0,0
550012,0,1,1988,12,12,12,12,12,12,12,12,12,12
550012,1,1,1988,0,0,7,0,0,0,0,0,0,0
550013,1,1,1988,0,10,8,0,0,15,0,12,0,0
550013,2,1,1988,0,0,0,0,0,13,0,0,0,0
550014,1,1,1988,0,8,0,0,0,0,25,18,0,0
550015,1,1,1988,0,0,0,0,0,0,0,0,0,0
550015,2,1,1988,0,0,0,0,0,0,0,0,0,0
550016,1,1,1988,9,9,9,9,9,9,9,9,9,9
550016,2,1,1988,0,0,0,0,0,0,0,0,0,11
550017,1,1,1988,0,21,5,0,12,9,14,10,6,9
550017,2,1,1988,0,0,0,11,11,0,0,17,0,0
550018,0,1,1988,33,33,33,33,33,33,33,33,33,33
550018,1,1,1988,9,9,9,9,9,9,9,9,9,9
550019,1,1,1988,20,20,20,20,20,20,20,20,20,20
550019,2,1,1988,14,14,14,14,14,14,14,14,14,14
550020,1,1,1988,16,23,19,13,3,11,0,2,31,18
550020,2,1,1988,13,13,13,13,13,13,13,13,13,13
550021,1,1,1988,0,0,0,0,0,0,0,0,0,0
550022,1,1,1988,0,0,0,0,0,0,0,0,0,0
550022,2,1,1988,0,0,0,0,0,0,0,0,0,0
550023,0,1,1988,21,21,21,21,21,21,21,21,21,21
550023,1,1,1988,0,0,18,13,0,0,0,0,0,0
550024,1,1,1988,12,12,12,12,12,12,12,12,12,12
550024,2,1,1988,10,0,0,0,0,0,0,0,15,0
550025,0,1,1988,27,27,27,27,27,27,27,27,27,27
550025,1,1,1988,0,0,0,25,0,8,15,0,0,0
550026,1,1,1988,24,24,24,24,24,24,24,24,24,24
550026,2,1,1988,0,0,0,0,0,0,0,0,0,0
550027,1,1,1988,6,0,0,0,0,0,0,0,0,0
550027,2,1,1988,0,0,0,0,0,0,0,0,0,0
550027,3,1,1988,0,0,0,0,0,0,0,0,0,0
550028,1,1,1988,0,0,0,0,0,0,0,0,0,0
550028,2,1,1988,0,0,0,0,0,0,0,0,0,0
550029,1,1,1988,0,0,0,0,0,0,0,0,0,0
550029,2,1,1988,0,0,0,0,0,0,0,0,0,0
550030,0,1,1988,0,0,0,0,0,0,0,0,0,0
550030,1,1,1988,0,0,0,0,0,0,0,9,0,0
550031,0,1,1988,0,0,0,0,0,0,0,0,0,0
550031,0,2,1988,0,17,0,23,0,14,0,0,0,0
550031,1,1,1988,14,14,14,14,14,14,14,14,14,14
550032,1,1,1988,0,0,0,0,0,0,0,0,0,0
550032,2,1,1988,0,0,0,0,0,0,0,0,0,0
550033,1,1,1988,14,14,14,14,14,14,14,14,14,14
550033,2,1,1988,0,0,0,0,0,0,0,0,0,0
550034,1,1,1988,31,31,31,31,31,31,31,31,31,31
550034,2,1,1988,0,0,0,0,0,0,0,0,0,0
550035,1,1,1988,24,24,24,24,24,24,24,24,24,24
550035,2,1,1988,0,0,0,0,0,0,0,0,0,0
550036,0,1,1988,21,21,21,21,21,21,21,21,21,21
550036,1,1,1988,0,0,12,0,0,0,0,0,10,0
550037,0,1,1988,0,0,0,0,0,0,0,0,0,0
550037,1,1,1988,0,0,0,0,0,0,0,0,0,0
550038,1,1,1988,0,23,0,0,2,23,0,0,0,0
550038,2,1,1988,0,0,0,0,0,0,0,0,0,0
550038,3,1,1988,0,0,0,0,0,0,0,0,0,28
550039,1,1,1988,27,27,27,27,27,27,27,27,27,27
550040,1,1,1988,0,0,0,0,0,0,0,0,0,0
550040,2,1,1988,0,0,0,0,0,0,0,0,0,0
550041,1,1,1988,0,0,0,0,0,0,0,0,28,0
550041,2,1,1988,0,0,0,0,0,0,0,0,0,0
550042,1,1,1988,0,0,14,0,0,0,0,0,0,0
550043,1,1,1988,29,29,29,29,29,29,29,29,29,29
550043,2,1,1988,10,7,11,14,5,3,5,4,4,15
550044,1,1,1988,0,0,0,0,12,0,17,0,0,0
550044,2,1,1988,0,0,0,0,0,0,0,0,0,0
550045,1,1,1988,0,0,0,0,0,0,0,15,0,0
550045,2,1,1988,0,0,0,0,22,0,0,0,0,0
550047,1,1,1988,0,0,0,0,0,0,0,0,0,0
550047,2,1,1988,0,0,0,0,0,0,0,0,0,0
550047,3,1,1988,0,0,0,0,0,0,0,0,0,0
550047,4,1,1988,0,0,0,0,0,0,0,0,0,0
550048,1,1,1988,26,26,26,26,26,26,26,26,26,26
550048,2,1,1988,0,0,0,0,0,0,0,0,0,0
550049,1,1,1988,5,5,5,5,5,5,5,5,5,5
550049,2,1,1988,4,4,4,4,4,4,4,4,4,4
550050,1,1,1988,0,0,0,0,0,0,0,0,0,0
550050,2,1,1988,0,0,0,0,0,0,0,0,0,0
550051,1,1,1988,0,0,0,0,0,0,0,0,0,0
550052,0,1,1988,0,0,0,0,0,0,0,0,0,0
550052,1,1,1988,0,0,0,0,0,0,0,0,0,0
550053,1,1,1988,0,0,0,0,0,0,0,0,0,0
550054,1,1,1988,0,0,0,0,0,0,0,0,0,0
550055,0,1,1988,0,0,0,0,0,0,0,0,0,0
550055,1,1,1988,0,0,0,0,0,0,0,0,0,0
550056,1,1,1988,14,0,10,0,17,16,19,0,0,17
550056,2,1,1988,16,16,16,16,16,16,16,16,16,16
550057,1,1,1988,20,20,20,20,20,20,20,20,20,20
550058,1,1,1988,0,0,0,0,0,0,0,0,0,0
550058,2,1,1988,0,0,0,0,0,0,0,0,0,0
550059,1,1,1988,0,0,0,0,0,0,0,0,0,0
550059,2,1,1988,29,29,29,29,29,29,29,29,29,29
550060,1,1,1988,0,0,0,0,0,0,0,0,0,0
550060,2,1,1988,0,0,0,9,0,0,0,0,6,0
550061,1,1,1988,12,0,0,6,0,0,0,0,0,0
550061,2,1,1988,0,0,0,9,0,0,0,0,0,0
550062,1,1,1988,18,18,18,18,18,18,18,18,18,18
550063,1,1,1988,0,0,0,0,0,0,0,0,0,0
550063,2,1,1988,0,0,0,0,0,0,0,3,0,0
550064,1,1,1988,0,0,0,0,0,0,0,0,0,0
550064,2,1,1988,20,20,20,20,20,20,20,20,20,20
550065,1,1,1988,15,15,15,15,15,15,15,15,15,15
550066,1,1,1988,0,0,0,0,0,0,0,0,0,0
550067,1,1,1988,14,14,14,14,14,14,14,14,14,14
550068,1,1,1988,0,0,0,0,0,0,0,0,0,0
550069,1,1,1988,0,0,0,0,0,0,0,0,0,0
550069,2,1,1988,0,0,0,0,0,0,0,0,0,0
550070,1,1,1988,0,0,0,0,0,0,0,0,0,0
550070,2,1,1988,0,0,0,0,0,0,0,0,0,0
550071,1,1,1988,20,20,20,20,20,20,20,20,20,20
550072,1,1,1988,0,0,0,0,0,0,0,0,0,0
550072,2,1,1988,0,0,0,0,34,0,0,15,2,0
550073,1,1,1988,22,22,22,22,22,22,22,22,22,22
550074,1,1,1988,21,21,21,21,21,21,21,21,21,21
550075,1,1,1988,0,0,0,0,0,0,0,0,0,0
550075,2,1,1988,0,0,0,0,0,0,0,0,0,15
550076,1,1,1988,26,26,26,26,26,26,26,26,26,26
550077,1,1,1988,0,0,0,0,0,0,0,0,0,0
550077,2,1,1988,0,0,22,0,0,0,17,0,10,0
550078,1,1,1988,15,15,15,15,15,15,15,15,15,15
550079,0,1,1988,0,0,0,0,0,0,0,0,0,0
550079,1,1,1988,0,0,0,0,0,0,0,0,0,0
550080,1,1,1988,10,12,8,24,28,0,9,24,13,16
550081,1,1,1988,0,0,0,0,0,0,0,0,0,0
550082,1,1,1988,19,19,19,19,19,19,19,19,19,19
550083,1,1,1988,34,34,34,34,34,34,34,34,34,34
550084,0,1,1988,0,0,0,0,0,0,0,0,0,0
550084,1,1,1988,0,0,0,0,0,0,0,0,0,0
550085,0,1,1988,26,26,26,26,26,26,26,26,26,26
550085,1,1,1988,0,20,16,0,0,0,0,0,7,0
550086,0,1,1988,0,0,0,0,0,0,0,0,0,0
550086,1,1,1988,0,0,0,0,0,0,0,0,0,0
550087,1,1,1988,0,0,0,0,0,0,0,0,0,0
550087,2,1,1988,0,0,0,0,0,0,0,0,0,0
550088,1,1,1988,25,25,25,25,25,25,25,25,25,25
550089,1,1,1988,19,19,19,19,19,19,19,19,19,19
550090,1,1,1988,22,22,22,22,22,22,22,22,22,22
550091,1,1,1988,0,0,0,0,0,12,0,0,0,0
550091,2,1,1988,0,0,0,0,0,0,0,0,0,0
550092,1,1,1988,34,0,0,0,0,0,0,0,0,0
550092,2,1,1988,0,0,0,0,0,0,0,3,0,0
550093,1,1,1988,18,18,18,18,18,18,18,18,18,18
550093,2,1,1988,15,9,13,14,26,22,9,6,19,0
550094,1,1,1988,11,11,11,11,11,11,11,11,11,11
550095,0,1,1988,20,20,20,20,20,20,20,20,20,20
550095,1,1,1988,0,0,0,0,0,0,0,3,0,0
550096,1,1,1988,3,3,3,3,3,3,3,3,3,3
550097,1,1,1988,12,12,12,12,12,12,12,12,12,12
550097,2,1,1988,23,23,23,23,23,23,23,23,23,23
550098,1,1,1988,18,18,18,18,18,18,18,18,18,18
550099,1,1,1988,0,0,0,0,0,5,0,0,0,0
550099,2,1,1988,0,0,0,0,0,0,0,0,0,0
550100,1,1,1988,0,0,0,0,0,0,0,0,0,0
550100,2,1,1988,0,0,0,0,0,0,0,0,0,0
550101,0,1,1988,0,0,0,0,0,0,0,0,0,0
550101,1,1,1988,0,0,0,13,0,0,0,0,0,0
550102,1,1,1988,0,0,0,0,0,0,0,0,0,0
550102,2,1,1988,0,0,0,0,0,0,0,0,0,0
550103,1,1,1988,0,0,0,0,0,0,0,0,0,0
550103,2,1,1988,0,0,0,0,0,0,0,0,0,0
550103,3,1,1988,0,13,0,0,0,0,0,0,0,0
550104,1,1,1988,4,4,4,4,4,4,4,4,4,4
550105,1,1,1988,25,25,25,25,25,25,25,25,25,25
550106,1,1,1988,0,0,0,0,0,0,0,0,0,0
550106,2,1,1988,9,0,0,8,0,0,0,0,0,0
550107,1,1,1988,38,38,38,38,38,38,38,38,38,38
550108,0,1,1988,0,0,0,0,19,0,0,0,0,15
550108,1,1,1988,20,10,0,0,0,0,0,0,0,0
550109,1,1,1988,12,9,0,0,0,0,0,0,0,0
550110,1,1,1988,0,0,0,0,0,0,0,3,0,0
550110,2,1,1988,0,0,0,0,0,0,0,0,0,0
550111,1,1,1988,26,26,26,26,26,26,26,26,26,26
550111,2,1,1988,6,0,21,0,0,0,0,0,0,0
550112,1,1,1988,0,0,0,0,0,0,0,0,0,0
550112,2,1,1988,0,0,0,0,0,0,0,0,0,0
550113,1,1,1988,0,0,0,0,0,0,0,0,0,0
550114,1,1,1988,3,3,3,3,3,3,3,3,3,3
550115,1,1,1988,19,19,19,19,19,19,19,19,19,19
550116,1,1,1988,0,0,0,0,0,0,0,0,0,0
550116,2,1,1988,0,0,0,0,0,0,0,0,0,0
550117,1,1,1988,28,28,28,28,28,28,28,28,28,28
550118,1,1,1988,22,22,22,22,22,22,22,22,22,22
550119,1,1,1988,18,18,18,18,18,18,18,18,18,18
550119,2,1,1988,0,0,0,0,0,0,0,0,0,0
550120,1,1,1988,0,0,0,0,0,0,0,0,0,0
550121,1,1,1988,22,22,22,22,22,22,22,22,22,22
550122,1,1,1988,0,0,0,0,0,0,0,0,0,0
550123,1,1,1988,0,0,0,0,0,0,0,0,0,0
550123,2,1,1988,0,0,0,0,0,0,18,0,0,0
550124,1,1,1988,0,0,0,0,0,0,0,0,0,0
550124,2,1,1988,0,0,0,0,0,0,0,0,0,0
550124,3,1,1988,0,0,0,0,0,0,0,0,0,0
550125,1,1,1988,20,20,20,20,20,20,20,20,20,20
550126,0,1,1988,0,0,0,0,0,0,0,0,0,0
550126,1,1,1988,0,0,0,0,0,0,0,0,0,0
550127,0,1,1988,0,0,0,0,0,0,0,0,0,0
550127,0,2,1988,0,0,0,0,0,0,0,0,0,0
550127,1,1,1988,0,0,0,0,0,0,0,0,0,0
550128,1,1,1988,22,22,22,22,22,22,22,22,22,22
550128,2,1,1988,13,0,0,0,0,0,0,0,0,17
550129,1,1,1988,38,38,38,38,38,38,38,38,38,38
550130,1,1,1988,0,0,0,0,0,0,0,0,0,0
550131,0,1,1988,0,0,0,16,0,0,16,0,0,0
550131,1,1,1988,17,0,0,0,0,0,0,9,0,0
550132,1,1,1988,0,0,0,0,0,0,0,0,0,16
550133,1,1,1988,25,25,25,25,25,25,25,25,25,25
550134,1,1,1988,0,0,0,0,0,0,0,0,0,0
550134,2,1,1988,0,0,13,15,0,0,0,0,0,0
550134,3,1,1988,0,0,0,10,0,0,0,0,0,10
550135,1,1,1988,0,0,0,0,0,0,0,0,0,0
550135,2,1,1988,19,19,19,19,19,19,19,19,19,19
550136,1,1,1988,29,29,29,29,29,29,29,29,29,29
550137,1,1,1988,0,0,0,0,0,0,0,0,0,0
550137,2,1,1988,0,0,0,0,0,0,0,0,0,0
550138,1,1,1988,0,9,0,14,0,30,0,0,0,0
550138,2,1,1988,0,0,0,0,0,0,0,0,0,0
550139,1,1,1988,6,0,5,0,0,10,0,0,0,14
550139,2,1,1988,0,0,0,0,0,0,0,0,0,0
550140,1,1,1988,0,0,0,0,0,0,0,15,0,0
550140,2,1,1988,17,0,0,0,0,15,0,0,0,0
550141,1,1,1988,21,21,21,21,21,21,21,21,21,21
550142,1,1,1988,0,0,0,0,0,12,0,0,0,0
550142,2,1,1988,0,0,0,0,0,0,0,0,0,0
550143,1,1,1988,2,2,2,2,2,2,2,2,2,2
550143,2,1,1988,22,22,22,22,22,22,22,22,22,22
550144,1,1,1988,0,31,18,0,22,15,20,14,26,18
550145,1,1,1988,0,0,0,0,0,0,0,0,0,0
550147,1,1,1988,28,28,28,28,28,28,28,28,28,28
550149,1,1,1988,7,7,7,7,7,7,7,7,7,7
550150,1,1,1988,21,21,21,21,21,21,21,21,21,21
550151,1,1,1988,0,0,0,0,0,0,0,0,0,0
550151,2,1,1988,0,0,37,0,0,0,27,0,0,0
550152,1,1,1988,0,0,0,0,0,0,0,0,0,0
550152,2,1,1988,0,0,0,0,0,0,0,0,0,0
550152,3,1,1988,0,0,0,0,0,0,0,0,0,0
550152,4,1,1988,0,9,0,0,0,0,0,0,0,0
550152,5,1,1988,0,0,0,0,0,0,0,0,0,0
550152,6,1,1988,0,0,22,0,0,0,0,15,0,3
550153,1,1,1988,0,0,0,0,0,0,0,0,0,0
550153,2,1,1988,0,0,0,0,0,0,0,0,0,0
550154,1,1,1988,9,9,9,9,9,9,9,9,9,9
550154,2,1,1988,12,0,0,0,0,0,0,0,19,0
550155,1,1,1988,16,16,16,16,16,16,16,16,16,16
550156,1,1,1988,35,35,35,35,35,35,35,35,35,35
550157,1,1,1988,0,0,0,0,0,0,0,0,0,0
550158,1,1,1988,18,18,18,18,18,18,18,18,18,18
550159,1,1,1988,0,0,0,0,0,0,0,0,0,0
550159,2,1,1988,6,6,6,6,6,6,6,6,6,6
550160,1,1,1988,15,15,15,15,15,15,15,15,15,15
550160,2,1,1988,16,29,16,11,29,19,9,21,16,10
550161,1,1,1988,12,12,12,12,12,12,12,12,12,12
550162,1,1,1988,16,27,17,8,17,18,6,0,14,28
550163,1,1,1988,11,0,0,20,0,0,0,0,10,0
550163,2,1,1988,0,0,0,0,0,0,0,0,0,0
550164,1,1,1988,0,0,0,0,0,0,0,0,0,0
550164,2,1,1988,0,0,0,0,0,0,0,0,0,0
550165,1,1,1988,25,25,25,25,25,25,25,25,25,25
550167,1,1,1988,16,16,16,16,16,16,16,16,16,16
550168,1,1,1988,0,0,0,0,0,0,0,0,0,0
550168,2,1,1988,0,0,0,0,0,0,0,0,0,0
550168,3,1,1988,19,0,0,0,0,0,9,17,20,0
550169,1,1,1988,20,20,20,20,20,20,20,20,20,20
550170,0,1,1988,0,0,0,0,0,0,0,0,0,0
550170,1,1,1988,0,0,0,0,0,0,0,0,0,0
550171,1,1,1988,1,1,1,1,1,1,1,1,1,1
550172,0,1,1988,0,0,0,0,0,0,0,0,0,0
550172,1,1,1988,0,0,0,0,0,0,0,0,0,0
550173,1,1,1988,0,0,0,0,0,0,0,0,0,0
550174,1,1,1988,0,0,0,0,0,0,0,0,0,0
550175,1,1,1988,22,22,22,22,22,22,22,22,22,22
550176,1,1,1988,0,0,0,0,0,0,0,0,0,0
550176,2,1,1988,0,0,0,0,0,0,0,0,0,0
550177,1,1,1988,11,11,11,11,11,11,11,11,11,11
550177,2,1,1988,0,10,0,16,0,13,9,20,17,0
550178,1,1,1988,3,9,25,9,24,14,10,21,16,5
550179,1,1,1988,0,0,0,0,0,0,0,0,0,0
550179,2,1,1988,0,0,28,25,0,0,0,18,0,10
550180,1,1,1988,0,0,0,13,0,0,0,0,0,0
550180,2,1,1988,0,0,0,0,0,0,0,0,0,0
550181,0,1,1988,0,0,0,0,0,0,0,0,0,0
550181,1,1,1988,0,0,10,8,0,14,0,0,0,0
550182,0,1,1988,19,19,19,19,19,19,19,19,19,19
550182,1,1,1988,4,4,4,4,4,4,4,4,4,4
550182,2,1,1988,0,0,0,0,0,0,0,0,0,0
550183,1,1,1988,0,0,0,0,0,0,0,0,0,0
550183,2,1,1988,0,0,0,0,0,0,0,0,0,0
550184,1,1,1988,17,0,0,0,8,17,0,0,0,14
550185,1,1,1988,0,0,0,0,0,0,0,0,0,0
550185,2,1,1988,0,0,0,0,0,7,0,0,0,0
550185,3,1,1988,0,0,0,0,0,0,0,0,0,0
550186,1,1,1988,19,19,19,19,19,19,19,19,19,19
550187,1,1,1988,19,19,19,19,19,19,19,19,19,19
550188,1,1,1988,0,0,0,0,0,0,0,0,0,0
550188,2,1,1988,0,0,0,0,0,0,0,0,0,0
550188,3,1,1988,0,0,0,0,0,0,16,9,0,0
550189,0,1,1988,0,0,0,0,0,0,0,0,0,0
550189,1,1,1988,29,29,29,29,29,29,29,29,29,29
550190,0,1,1988,23,23,23,23,23,23,23,23,23,23
550190,1,1,1988,0,0,0,0,0,0,0,0,0,0
550191,1,1,1988,0,0,0,0,0,0,0,0,0,0
550191,2,1,1988,0,0,0,0,0,0,0,0,0,0
550192,1,1,1988,17,17,17,17,17,17,17,17,17,17
550193,1,1,1988,26,15,9,8,27,21,0,16,10,30
550194,1,1,1988,0,0,0,0,0,0,0,0,0,0
550194,2,1,1988,0,0,0,0,0,0,0,0,0,0
550195,0,1,1988,0,0,0,27,0,0,0,0,0,0
550195,1,1,1988,0,0,0,0,0,0,0,0,0,0
550196,1,1,1988,0,26,0,0,0,0,20,0,0,0
550196,2,1,1988,0,0,0,0,0,0,0,0,0,0
550197,1,1,1988,0,0,0,0,0,0,0,0,0,0
550197,2,1,1988,0,0,0,0,0,0,0,0,0,0
550198,1,1,1988,17,17,17,17,17,17,17,17,17,17
550199,1,1,1988,0,0,0,14,0,0,0,0,0,0
550199,2,1,1988,0,0,0,0,0,0,0,0,0,0
550200,1,1,1988,0,0,0,0,0,0,0,0,0,0
550201,1,1,1988,3,3,3,3,3,3,3,3,3,3
550201,2,1,1988,0,0,0,0,0,0,0,0,0,0
550202,1,1,1988,35,35,35,35,35,35,35,35,35,35
550203,1,1,1988,18,18,18,18,18,18,18,18,18,18
550204,1,1,1988,13,7,0,0,0,0,21,9,0,0
550205,1,1,1988,0,0,0,0,0,0,0,0,0,0
550205,2,1,1988,3,3,3,3,3,3,3,3,3,3
550206,0,1,1988,22,22,22,22,22,22,22,22,22,22
550206,2,1,1988,6,6,6,6,6,6,6,6,6,6
550207,1,1,1988,0,0,0,0,0,0,0,0,0,0
550208,1,1,1988,13,13,13,13,13,13,13,13,13,13
550209,1,1,1988,20,20,20,20,20,20,20,20,20,20
550210,1,1,1988,15,15,15,15,15,15,15,15,15,15
550213,1,1,1988,17,17,17,17,17,17,17,17,17,17
550214,1,1,1988,0,0,0,0,0,0,0,0,0,0
550215,1,1,1988,0,0,0,0,0,0,0,0,0,0
550216,1,1,1988,12,22,20,6,27,16,0,3,15,7
550217,1,1,1988,0,0,0,0,0,0,0,0,0,0
550217,2,1,1988,0,0,0,0,12,0,0,0,0,0
550218,1,1,1988,0,0,0,0,16,0,0,0,0,0
550218,2,1,1988,0,0,0,0,0,0,0,0,0,0
550219,1,1,1988,17,17,17,17,17,17,17,17,17,17
550220,1,1,1988,0,0,0,0,0,0,0,0,0,0
550220,2,1,1988,0,0,0,0,0,0,0,0,0,0
550221,1,1,1988,0,0,0,0,0,0,0,0,0,0
550222,1,1,1988,22,22,22,22,22,22,22,22,22,22
550223,1,1,1988,5,5,5,5,5,5,5,5,5,5
550224,1,1,1988,7,11,4,20,23,19,0,12,30,17
550225,1,1,1988,0,0,0,0,0,0,0,0,0,0
550225,2,1,1988,0,0,0,0,0,0,0,0,0,0
550226,1,1,1988,0,0,0,0,0,0,0,0,0,0
550226,2,1,1988,1,1,1,1,1,1,1,1,1,1
550227,0,1,1988,0,0,0,0,0,0,0,0,0,0
550227,1,1,1988,0,0,6,0,0,0,0,0,0,12
550228,1,1,1988,22,22,22,22,22,22,22,22,22,22
550229,1,1,1988,16,16,16,16,16,16,16,16,16,16
550230,1,1,1988,0,0,0,0,0,0,0,0,0,0
550230,2,1,1988,0,0,0,0,0,0,0,0,0,0
550231,1,1,1988,32,32,32,32,32,32,32,32,32,32
550231,2,1,1988,9,9,9,9,9,9,9,9,9,9
550232,1,1,1988,2,2,2,2,2,2,2,2,2,2
550232,2,1,1988,0,0,0,0,0,0,0,0,0,0
550233,1,1,1988,0,0,0,0,0,0,0,6,0,0
550233,2,1,1988,0,0,0,0,0,0,0,0,0,0
550234,1,1,1988,0,0,0,0,0,0,0,0,9,0
550234,2,1,1988,0,0,0,0,0,0,0,0,0,0
550235,1,1,1988,23,23,23,23,23,23,23,23,23,23
550236,1,1,1988,29,29,29,29,29,29,29,29,29,29
550237,1,1,1988,0,0,0,0,11,0,25,0,0,0
550237,2,1,1988,0,0,0,0,0,0,0,0,0,0
550238,1,1,1988,0,0,0,0,0,13,0,0,0,0
550238,2,1,1988,0,10,0,0,25,10,0,11,0,0
550239,1,1,1988,0,0,0,0,0,0,0,0,0,0
550239,2,1,1988,0,0,0,0,0,0,0,0,0,0
550239,3,1,1988,0,0,0,0,0,0,7,0,0,4
550240,1,1,1988,0,0,0,0,0,0,0,0,0,0
550240,2,1,1988,11,0,0,0,0,0,0,0,0,0
550241,1,1,1988,4,4,4,4,4,4,4,4,4,4
550242,1,1,1988,15,15,15,15,15,15,15,15,15,15
550242,2,1,1988,0,0,0,0,0,0,0,0,0,0
550243,1,1,1988,17,17,17,17,17,17,17,17,17,17
550243,2,1,1988,0,18,0,0,0,0,5,0,18,0
550244,1,1,1988,29,29,29,29,29,29,29,29,29,29
550245,1,1,1988,0,0,0,0,0,0,0,0,0,0
550245,2,1,1988,22,0,0,8,0,0,0,0,0,0
550246,1,1,1988,20,20,20,20,20,20,20,20,20,20
550247,1,1,1988,0,2,0,0,0,0,0,0,0,0
550247,2,1,1988,0,0,0,0,0,0,0,0,0,0
550247,3,1,1988,0,0,0,0,0,0,0,0,0,0
550248,1,1,1988,23,23,23,23,23,23,23,23,23,23
550249,1,1,1988,29,29,29,29,29,29,29,29,29,29
550250,1,1,1988,0,0,0,0,0,0,0,0,0,0
550251,1,1,1988,13,13,13,13,13,13,13,13,13,13
550251,2,1,1988,0,0,0,16,0,0,0,0,0,0
550253,1,1,1988,4,0,0,18,6,16,0,0,11,0
550254,1,1,1988,0,0,0,0,0,0,0,0,0,0
550254,2,1,1988,17,17,17,17,17,17,17,17,17,17
550255,1,1,1988,9,9,9,9,9,9,9,9,9,9
550256,1,1,1988,16,16,16,16,16,16,16,16,16,16
550257,1,1,1988,28,28,28,28,28,28,28,28,28,28
550258,0,1,1988,0,0,0,0,0,0,0,0,0,0
550258,1,1,1988,0,0,0,0,0,0,0,0,21,0
550259,1,1,1988,0,0,0,0,0,0,0,0,0,0
550259,2,1,1988,0,0,0,0,0,0,0,0,0,0
550260,0,1,1988,21,21,21,21,21,21,21,21,21,21
550260,1,1,1988,0,9,0,0,23,5,0,17,0,0
550261,1,1,1988,21,21,21,21,21,21,21,21,21,21
550262,0,1,1988,0,0,0,0,0,0,0,0,0,0
550262,1,1,1988,0,0,0,0,0,0,0,0,0,0