ST_CASE,VEH_NO,PER_NO,YEAR,P1,P2,P3,P4,P5,P6,P7,P8,P9,P10
550263,1,1,1988,18,18,18,18,18,18,18,18,18,18
550264,1,1,1988,14,14,14,14,14,14,14,14,14,14
550265,1,1,1988,0,0,0,0,0,0,0,0,0,0
550265,2,1,1988,0,0,0,0,0,0,0,22,0,0
550266,1,1,1988,18,18,18,18,18,18,18,18,18,18
550267,1,1,1988,4,4,4,4,4,4,4,4,4,4
550267,2,1,1988,0,0,0,0,0,0,0,0,0,0
550268,1,1,1988,0,0,13,0,0,22,0,0,0,0
550268,2,1,1988,19,19,19,19,19,19,19,19,19,19
550269,1,1,1988,16,16,16,16,16,16,16,16,16,16
550270,1,1,1988,0,0,0,0,9,0,0,0,0,0
550270,2,1,1988,5,5,5,5,5,5,5,5,5,5
550271,1,1,1988,0,0,0,6,0,0,0,0,0,0
550272,1,1,1988,0,0,0,0,0,0,0,0,0,0
550273,1,1,1988,0,0,0,0,0,0,0,0,0,0
550274,1,1,1988,0,0,0,0,0,0,0,0,0,0
550275,1,1,1988,0,0,0,0,0,0,0,0,0,0
550275,2,1,1988,0,0,17,0,0,0,0,0,0,0
550276,1,1,1988,0,0,0,0,0,0,0,0,0,0
550276,2,1,1988,0,0,0,0,0,0,0,0,0,0
550277,1,1,1988,0,0,0,0,0,0,0,0,0,0
550277,2,1,1988,0,0,0,0,0,9,0,0,0,0
550278,1,1,1988,24,24,24,24,24,24,24,24,24,24
550279,1,1,1988,21,21,21,21,21,21,21,21,21,21
550280,1,1,1988,8,18,15,19,9,19,12,14,11,12
550280,2,1,1988,0,7,0,0,6,0,0,23,3,0
550281,1,1,1988,0,7,0,5,5,16,7,15,1,19
550281,2,1,1988,22,14,16,23,6,10,11,19,23,17
550282,1,1,1988,7,11,8,19,11,24,0,10,11,15
550282,2,1,1988,7,7,7,7,7,7,7,7,7,7
550283,1,1,1988,8,8,8,8,8,8,8,8,8,8
550283,2,1,1988,0,11,0,11,0,7,7,0,22,0
550284,0,1,1988,0,14,0,18,9,9,5,17,11,41
550284,1,1,1988,10,10,10,10,10,10,10,10,10,10
550284,2,1,1988,6,0,19,0,0,0,10,0,16,15
550285,1,1,1988,0,0,0,0,0,0,0,0,0,0
550285,2,1,1988,5,0,0,7,0,0,0,0,0,0
550286,1,1,1988,0,0,0,0,0,0,0,0,0,0
550286,2,1,1988,0,0,0,0,0,0,0,9,0,0
550287,0,1,1988,16,16,16,16,16,16,16,16,16,16
550287,1,1,1988,2,2,2,2,2,2,2,2,2,2
550288,1,1,1988,0,0,0,0,0,0,20,0,0,0
550289,1,1,1988,17,17,17,17,17,17,17,17,17,17
550290,1,1,1988,28,28,28,28,28,28,28,28,28,28
550291,1,1,1988,0,0,0,0,0,0,0,0,0,0
550291,2,1,1988,0,0,0,0,0,0,0,0,0,0
550292,1,1,1988,19,19,19,19,19,19,19,19,19,19
550293,1,1,1988,26,26,26,26,26,26,26,26,26,26
550294,1,1,1988,21,21,21,21,21,21,21,21,21,21
550294,2,1,1988,0,11,0,0,0,0,0,5,0,0
550295,1,1,1988,0,0,0,0,0,0,0,0,0,0
550296,1,1,1988,17,17,17,17,17,17,17,17,17,17
550297,1,1,1988,18,18,18,18,18,18,18,18,18,18
550298,0,1,1988,13,13,13,13,13,13,13,13,13,13
550298,1,1,1988,0,2,0,16,11,0,3,9,10,0
550299,1,1,1988,0,0,0,0,0,0,0,0,0,0
550299,2,1,1988,0,0,0,0,0,0,0,0,0,0
550300,1,1,1988,12,12,12,12,12,12,12,12,12,12
550302,1,1,1988,0,0,0,0,0,0,0,0,0,0
550302,2,1,1988,0,0,0,0,0,0,0,0,0,0
550303,1,1,1988,17,17,17,17,17,17,17,17,17,17
550303,2,1,1988,0,0,0,0,39,0,0,16,0,0
550304,1,1,1988,12,12,12,12,12,12,12,12,12,12
550305,1,1,1988,0,0,0,0,0,0,0,0,0,4
550306,1,1,1988,0,0,0,0,0,0,0,0,0,0
550308,1,1,1988,0,0,0,0,0,0,0,0,0,0
550308,2,1,1988,0,0,0,0,0,0,0,16,0,0
550309,1,1,1988,0,0,0,0,0,0,0,0,0,0
550310,1,1,1988,9,9,9,9,9,9,9,9,9,9
550311,1,1,1988,29,17,0,24,7,11,0,0,18,23
550312,1,1,1988,23,0,22,20,0,17,18,22,0,10
550313,1,1,1988,11,0,0,0,0,0,0,0,0,0
550313,2,1,1988,0,0,0,0,0,0,0,0,0,0
550314,1,1,1988,0,0,1,0,0,0,0,0,0,0
550315,1,1,1988,0,0,0,8,14,19,0,24,0,17
550315,2,1,1988,28,28,28,28,28,28,28,28,28,28
550316,1,1,1988,20,20,20,20,20,20,20,20,20,20
550317,1,1,1988,25,25,25,25,25,25,25,25,25,25
550317,2,1,1988,0,0,0,8,0,0,0,0,0,0
550318,1,1,1988,0,0,0,11,0,0,0,0,0,0
550319,0,1,1988,0,0,0,0,0,0,0,0,0,0
550319,1,1,1988,0,0,0,0,0,0,0,0,0,0
550320,1,1,1988,5,5,5,5,5,5,5,5,5,5
550321,1,1,1988,0,0,0,0,0,0,0,0,0,0
550321,2,1,1988,0,0,0,0,0,0,0,0,0,0
550322,1,1,1988,21,21,21,21,21,21,21,21,21,21
550323,1,1,1988,7,7,7,7,7,7,7,7,7,7
550323,2,1,1988,0,0,0,0,0,0,0,0,0,0
550324,1,1,1988,20,20,20,20,20,20,20,20,20,20
550324,2,1,1988,13,13,13,13,13,13,13,13,13,13
550325,1,1,1988,0,0,0,0,0,0,0,0,0,0
550326,1,1,1988,19,19,19,19,19,19,19,19,19,19
550327,1,1,1988,0,0,0,0,0,0,0,0,0,0
550329,0,1,1988,8,8,8,8,8,8,8,8,8,8
550330,1,1,1988,0,0,0,0,0,0,0,0,0,0
550330,2,1,1988,0,0,0,0,0,0,0,0,0,0
550331,1,1,1988,16,16,16,16,16,16,16,16,16,16
550332,1,1,1988,0,0,0,0,0,0,0,0,0,0
550332,2,1,1988,0,0,18,0,0,0,0,0,0,0
550333,0,1,1988,0,0,0,0,0,0,0,0,0,0
550333,0,2,1988,0,0,0,0,0,0,0,0,0,0
550333,1,1,1988,16,0,6,0,18,14,21,0,0,0
550334,1,1,1988,12,0,0,0,0,0,0,0,0,0
550335,1,1,1988,0,16,0,0,18,0,0,0,7,7
550335,2,1,1988,17,17,17,17,17,17,17,17,17,17
550336,1,1,1988,25,25,25,25,25,25,25,25,25,25
550338,0,1,1988,0,0,0,0,0,0,0,0,0,0
550338,1,1,1988,0,0,0,0,0,0,0,0,0,0
550339,1,1,1988,14,14,14,14,14,14,14,14,14,14
550340,1,1,1988,17,17,17,17,17,17,17,17,17,17
550340,2,1,1988,23,23,23,23,23,23,23,23,23,23
550341,1,1,1988,0,0,0,0,0,0,0,0,0,0
550341,2,1,1988,6,0,0,18,0,0,11,0,7,19
550342,1,1,1988,0,0,0,0,0,0,0,0,0,0
550342,2,1,1988,0,0,0,0,6,0,0,0,0,0
550343,1,1,1988,12,12,12,12,12,12,12,12,12,12
550343,2,1,1988,20,20,20,20,20,20,20,20,20,20
550344,1,1,1988,20,20,20,20,20,20,20,20,20,20
550345,1,1,1988,0,0,0,0,0,0,0,0,0,0
550345,2,1,1988,0,0,0,0,0,0,0,0,0,0
550346,1,1,1988,22,22,22,22,22,22,22,22,22,22
550347,1,1,1988,16,0,9,11,34,23,17,4,16,20
550348,1,1,1988,0,0,0,0,0,0,0,0,0,0
550349,0,1,1988,0,0,0,0,0,0,0,0,0,0
550349,1,1,1988,0,0,0,0,0,0,0,0,0,0
550350,1,1,1988,38,38,38,38,38,38,38,38,38,38
550350,2,1,1988,0,0,0,0,0,0,0,0,0,0
550351,0,1,1988,0,0,0,0,0,0,0,0,0,0
550351,1,1,1988,0,0,0,0,0,0,0,0,0,0
550352,1,1,1988,8,10,13,11,23,10,10,17,28,21
550352,2,1,1988,0,0,0,0,0,0,0,0,0,0
550353,1,1,1988,21,21,21,21,21,21,21,21,21,21
550354,1,1,1988,16,14,5,17,13,36,11,5,9,0
550355,1,1,1988,0,0,0,34,0,0,0,18,28,18
550356,1,1,1988,24,24,24,24,24,24,24,24,24,24
550356,2,1,1988,0,0,0,0,0,0,0,0,0,0
550357,1,1,1988,18,18,18,18,18,18,18,18,18,18
550358,1,1,1988,0,0,0,0,0,0,0,0,0,0
550358,2,1,1988,0,0,0,0,0,0,0,0,0,0
550359,0,1,1988,0,0,0,0,0,0,0,0,0,0
550359,1,1,1988,0,0,0,0,0,0,0,20,0,19
550360,1,1,1988,19,19,19,19,19,19,19,19,19,19
550361,1,1,1988,13,13,13,13,13,13,13,13,13,13
550361,2,1,1988,19,19,19,19,19,19,19,19,19,19
550362,1,1,1988,0,0,0,0,0,0,0,16,0,0
550362,2,1,1988,0,0,0,0,0,0,0,0,0,0
550363,1,1,1988,32,32,32,32,32,32,32,32,32,32
550364,1,1,1988,23,23,23,23,23,23,23,23,23,23
550365,1,1,1988,17,14,14,11,12,11,9,23,9,0
550365,2,1,1988,22,22,22,22,22,22,22,22,22,22
550366,1,1,1988,0,0,0,0,0,0,0,0,0,0
550366,2,1,1988,0,20,0,0,0,0,17,0,0,0
550367,1,1,1988,20,20,20,20,20,20,20,20,20,20
550368,0,1,1988,0,0,0,0,0,0,0,0,0,0
550368,1,1,1988,0,0,0,0,0,0,0,16,0,0
550369,1,1,1988,20,20,20,20,20,20,20,20,20,20
550370,1,1,1988,0,0,0,0,0,0,0,0,0,0
550370,2,1,1988,0,0,0,0,0,0,0,0,0,0
550371,1,1,1988,0,0,0,0,0,0,0,0,0,0
550371,2,1,1988,2,0,0,0,0,0,0,0,0,0
550372,1,1,1988,12,0,7,0,0,0,0,0,0,12
550373,1,1,1988,0,0,0,0,0,0,0,0,0,0
550373,2,1,1988,0,0,0,0,0,0,0,0,0,0
550374,1,1,1988,0,0,0,0,0,0,0,0,0,0
550374,2,1,1988,34,11,0,0,0,0,0,0,0,0
550375,1,1,1988,0,0,0,0,0,0,0,0,0,0
550375,2,1,1988,11,0,0,0,0,0,0,0,0,0
550375,3,1,1988,0,0,0,0,0,0,0,0,0,0
550375,4,1,1988,0,0,0,15,0,12,0,16,0,0
550376,1,1,1988,0,0,0,0,0,0,0,0,0,0
550376,2,1,1988,0,0,0,0,0,0,0,0,0,0
550376,3,1,1988,0,0,0,0,0,0,0,8,0,0
550377,1,1,1988,1,1,1,1,1,1,1,1,1,1
550377,2,1,1988,14,14,14,14,14,14,14,14,14,14
550378,1,1,1988,27,27,27,27,27,27,27,27,27,27
550378,2,1,1988,0,25,0,10,0,0,0,4,0,0
550379,1,1,1988,15,15,15,15,15,15,15,15,15,15
550380,1,1,1988,16,16,16,16,16,16,16,16,16,16
550381,1,1,1988,0,0,0,0,0,0,0,0,0,0
550381,2,1,1988,0,0,0,0,0,0,0,0,0,0
550382,1,1,1988,8,2,15,27,19,11,18,11,17,16
550383,1,1,1988,6,8,12,12,15,19,7,0,16,0
550384,1,1,1988,0,0,0,0,0,0,0,0,0,26
550384,2,1,1988,0,0,0,13,0,0,0,0,0,0
550385,1,1,1988,23,23,23,23,23,23,23,23,23,23
550386,0,1,1988,17,0,0,0,0,0,0,0,0,0
550386,1,1,1988,11,0,0,0,0,0,17,0,0,17
550387,1,1,1988,0,0,4,0,11,0,11,0,0,14
550388,0,1,1988,0,0,0,0,0,0,0,0,0,0
550388,1,1,1988,0,0,0,0,0,0,0,8,0,0
550389,1,1,1988,12,12,12,12,12,12,12,12,12,12
550389,2,1,1988,0,0,0,6,0,0,0,0,0,14
550390,1,1,1988,2,2,2,2,2,2,2,2,2,2
550391,1,1,1988,20,20,20,20,20,20,20,20,20,20
550392,1,1,1988,20,20,20,20,20,20,20,20,20,20
550393,1,1,1988,0,0,0,0,0,0,0,0,0,0
550394,1,1,1988,0,0,0,0,0,0,0,0,0,0
550394,2,1,1988,6,6,6,6,6,6,6,6,6,6
550395,0,1,1988,0,0,0,0,0,0,0,0,0,0
550395,1,1,1988,0,0,0,0,0,0,0,0,0,0
550396,1,1,1988,20,20,20,20,20,20,20,20,20,20
550397,1,1,1988,19,19,19,19,19,19,19,19,19,19
550397,2,1,1988,0,12,0,0,21,0,0,0,0,21
550398,1,1,1988,0,0,0,0,0,0,0,0,0,0
550399,0,1,1988,3,3,3,3,3,3,3,3,3,3
550399,1,1,1988,0,0,0,0,0,0,0,0,0,0
550400,0,1,1988,21,21,21,21,21,21,21,21,21,21
550400,1,1,1988,16,16,16,16,16,16,16,16,16,16
550401,1,1,1988,1,1,1,1,1,1,1,1,1,1
550401,2,1,1988,0,0,0,0,0,19,0,0,0,17
550402,1,1,1988,0,0,0,0,0,0,0,0,0,0
550402,2,1,1988,0,0,0,0,0,0,0,0,0,0
550403,0,1,1988,0,0,0,0,0,0,0,0,0,0
550403,1,1,1988,0,11,0,0,0,0,28,0,9,0
550404,1,1,1988,15,15,15,15,15,15,15,15,15,15
550405,1,1,1988,14,14,14,14,14,14,14,14,14,14
550406,1,1,1988,17,17,17,17,17,17,17,17,17,17
550407,1,1,1988,30,30,30,30,30,30,30,30,30,30
550408,1,1,1988,0,0,0,0,0,0,0,0,16,0
550408,2,1,1988,0,0,0,0,0,0,0,0,0,0
550409,0,1,1988,0,0,0,0,0,0,0,0,0,0
550409,1,1,1988,0,29,8,15,0,25,0,21,0,0
550410,1,1,1988,29,29,29,29,29,29,29,29,29,29
550411,1,1,1988,0,0,0,0,0,0,0,0,0,0
550411,2,1,1988,0,0,0,0,0,0,0,0,0,0
550412,1,1,1988,0,0,0,0,0,0,0,0,0,0
550412,2,1,1988,0,0,0,0,0,0,0,0,0,0
550413,1,1,1988,18,18,18,18,18,18,18,18,18,18
550414,0,1,1988,0,0,0,0,0,0,0,0,0,0
550414,1,1,1988,0,0,0,0,13,0,0,0,0,0
550415,0,1,1988,0,13,0,0,0,0,0,0,0,0
550415,1,1,1988,0,0,0,0,0,0,0,0,0,0
550416,1,1,1988,0,0,0,0,0,0,0,0,0,0
550416,2,1,1988,0,0,0,0,0,0,0,0,0,0
550416,3,1,1988,0,0,0,0,0,0,0,0,0,0
550417,1,1,1988,14,14,14,14,14,14,14,14,14,14
550418,1,1,1988,22,14,0,12,19,11,0,16,13,8
550419,1,1,1988,21,21,21,21,21,21,21,21,21,21
550419,2,1,1988,0,16,0,0,24,20,0,13,6,19
550420,1,1,1988,0,37,23,9,13,1,0,4,0,18
550421,1,1,1988,0,0,0,0,0,0,0,0,0,0
550421,2,1,1988,0,0,0,0,0,0,0,0,0,0
550422,1,1,1988,19,19,19,19,19,19,19,19,19,19
550423,1,1,1988,22,22,22,22,22,22,22,22,22,22
550424,1,1,1988,17,17,17,17,17,17,17,17,17,17
550425,1,1,1988,0,0,0,0,0,0,0,0,0,0
550425,2,1,1988,0,0,13,0,0,0,0,0,0,0
550425,3,1,1988,0,9,18,0,0,0,0,0,0,0
550427,1,1,1988,14,14,14,14,14,14,14,14,14,14
550427,2,1,1988,12,12,12,12,12,12,12,12,12,12
550428,1,1,1988,23,23,23,23,23,23,23,23,23,23
550429,1,1,1988,0,0,0,20,0,0,0,0,0,8
550429,2,1,1988,0,17,0,0,0,0,0,0,0,0
550430,1,1,1988,0,0,0,0,0,0,0,0,0,0
550430,2,1,1988,22,21,0,6,13,11,13,11,0,11
550431,0,1,1988,18,18,18,18,18,18,18,18,18,18
550431,1,1,1988,0,0,29,0,0,24,15,0,0,2
550432,1,1,1988,21,21,21,21,21,21,21,21,21,21
550432,2,1,1988,2,2,2,2,2,2,2,2,2,2
550433,0,1,1988,33,33,33,33,33,33,33,33,33,33
550433,1,1,1988,26,0,0,17,19,0,0,0,0,32
550434,1,1,1988,7,0,0,21,14,0,19,0,0,6
550435,0,1,1988,0,0,0,0,0,0,0,0,0,0
550435,1,1,1988,0,0,0,0,0,0,0,0,0,0
550436,0,1,1988,0,0,0,0,0,0,0,0,0,0
550436,1,1,1988,0,0,0,0,0,0,0,0,0,0
550437,1,1,1988,1,1,1,1,1,1,1,1,1,1
550437,2,1,1988,23,23,23,23,23,23,23,23,23,23
550438,1,1,1988,0,0,0,0,0,0,0,0,0,0
550439,1,1,1988,0,0,0,0,0,0,0,0,0,0
550439,2,1,1988,0,0,0,0,0,0,0,0,0,0
550440,1,1,1988,26,26,26,26,26,26,26,26,26,26
550441,1,1,1988,20,20,20,20,20,20,20,20,20,20
550442,1,1,1988,0,0,0,0,0,0,0,0,0,0
550442,2,1,1988,0,1,0,0,0,0,0,0,0,0
550444,1,1,1988,0,0,0,0,0,0,0,0,0,0
550445,0,1,1988,0,0,0,0,0,0,0,0,0,0
550445,1,1,1988,0,0,0,0,0,0,0,15,0,0
550446,1,1,1988,24,24,24,24,24,24,24,24,24,24
550447,1,1,1988,17,17,17,17,17,17,17,17,17,17
550448,1,1,1988,24,24,24,24,24,24,24,24,24,24
550449,1,1,1988,4,4,4,4,4,4,4,4,4,4
550449,2,1,1988,0,0,3,0,7,0,0,0,0,9
550450,0,1,1988,18,18,18,18,18,18,18,18,18,18
550450,1,1,1988,21,0,0,11,0,0,0,0,0,6
550451,1,1,1988,0,0,0,0,0,0,0,0,0,0
550451,2,1,1988,0,0,0,0,0,0,0,0,0,0
550452,0,1,1988,0,0,0,0,0,0,0,0,0,0
550452,1,1,1988,0,0,0,0,0,11,0,0,0,0
550453,1,1,1988,5,5,5,5,5,5,5,5,5,5
550454,1,1,1988,13,13,13,13,13,13,13,13,13,13
550455,1,1,1988,12,12,12,12,12,12,12,12,12,12
550456,1,1,1988,0,0,0,12,10,0,13,0,0,10
550456,2,1,1988,20,20,20,20,20,20,20,20,20,20
550457,1,1,1988,0,0,0,0,0,0,0,0,0,0
550458,1,1,1988,24,24,24,24,24,24,24,24,24,24
550459,1,1,1988,15,15,15,15,15,15,15,15,15,15
550460,1,1,1988,8,0,22,11,0,0,0,0,0,0
550460,2,1,1988,0,0,0,0,0,0,0,0,0,0
550461,1,1,1988,0,0,0,0,0,0,0,0,0,0
550461,2,1,1988,0,0,0,0,0,0,0,0,0,0
550463,1,1,1988,0,13,0,0,0,0,0,0,0,0
550464,1,1,1988,0,0,0,0,0,0,0,0,0,0
550464,2,1,1988,0,0,0,0,0,0,0,0,0,0
550465,1,1,1988,13,19,17,18,11,34,19,28,11,19
550466,1,1,1988,15,15,15,15,15,15,15,15,15,15
550466,2,1,1988,0,0,0,0,0,0,0,0,9,3
550467,1,1,1988,12,12,12,12,12,12,12,12,12,12
550468,1,1,1988,17,17,17,17,17,17,17,17,17,17
550469,1,1,1988,13,7,19,8,10,14,14,5,15,21
550469,2,1,1988,0,0,0,0,0,0,0,0,0,0
550470,0,1,1988,0,0,0,0,0,23,0,0,0,14
550470,1,1,1988,0,0,0,0,0,0,0,0,1,0
550471,1,1,1988,0,0,22,0,0,0,0,0,0,0
550473,0,1,1988,0,0,0,0,0,0,0,0,0,0
550473,1,1,1988,0,0,0,8,0,0,0,0,0,31
550474,1,1,1988,0,7,0,0,0,0,0,14,0,0
550474,2,1,1988,9,17,12,15,13,0,27,10,21,10
550475,1,1,1988,10,10,10,10,10,10,10,10,10,10
550476,1,1,1988,31,31,31,31,31,31,31,31,31,31
550477,1,1,1988,24,24,24,24,24,24,24,24,24,24
550478,1,1,1988,16,16,16,16,16,16,16,16,16,16
550478,2,1,1988,21,21,21,21,21,21,21,21,21,21
550479,1,1,1988,0,0,0,0,0,0,0,0,0,0
550480,1,1,1988,7,11,5,4,8,9,21,0,0,0
550481,1,1,1988,21,21,21,21,21,21,21,21,21,21
550482,1,1,1988,17,17,17,17,17,17,17,17,17,17
550483,1,1,1988,0,0,0,0,0,0,0,0,0,0
550484,1,1,1988,0,0,0,3,0,0,0,16,23,0
550484,2,1,1988,0,0,0,0,0,0,0,0,0,0
550485,1,1,1988,4,4,4,4,4,4,4,4,4,4
550486,1,1,1988,0,0,0,18,0,0,0,0,0,0
550486,2,1,1988,0,0,0,0,0,0,9,0,0,0
550487,1,1,1988,11,11,11,11,11,11,11,11,11,11
550488,1,1,1988,0,0,0,0,0,0,0,0,0,0
550488,2,1,1988,0,0,0,0,0,0,0,0,0,0
550489,0,1,1988,0,0,0,0,0,0,0,0,0,0
550489,1,1,1988,0,0,0,0,0,0,10,3,0,0
550490,0,1,1988,21,0,20,38,15,0,19,0,13,0
550490,1,1,1988,13,11,10,6,18,14,20,3,14,7
550491,1,2,1988,28,28,28,28,28,28,28,28,28,28
550491,2,1,1988,0,0,0,0,0,0,0,0,0,0
550492,1,1,1988,15,15,15,15,15,15,15,15,15,15
550493,1,1,1988,18,18,18,18,18,18,18,18,18,18
550494,1,1,1988,23,23,23,23,23,23,23,23,23,23
550495,1,1,1988,0,0,0,0,0,0,0,0,0,0
550495,2,1,1988,0,0,0,0,0,0,0,0,0,0
550495,3,1,1988,0,0,0,0,0,32,0,0,0,0
550496,1,1,1988,0,0,0,0,0,0,0,0,0,0
550496,2,1,1988,0,0,0,0,0,0,0,0,0,0
550496,3,1,1988,0,0,0,0,0,0,0,0,0,0
550497,1,1,1988,0,0,0,0,0,0,14,0,0,0
550497,2,1,1988,21,23,7,14,0,0,0,0,9,20
550498,0,1,1988,0,0,0,0,0,0,0,0,0,0
550498,1,1,1988,0,22,4,0,0,0,0,7,0,0
550499,1,1,1988,17,17,17,17,17,17,17,17,17,17
550500,1,1,1988,14,14,14,14,14,14,14,14,14,14
550501,1,1,1988,0,0,12,0,0,0,0,0,0,0
550501,2,1,1988,0,0,0,0,0,9,0,0,0,0
550502,0,1,1988,0,0,0,0,0,0,0,0,0,0
550502,1,1,1988,0,0,0,21,0,13,0,12,0,0
550503,1,1,1988,22,22,22,22,22,22,22,22,22,22
550504,1,1,1988,20,20,20,20,20,20,20,20,20,20
550505,1,1,1988,7,7,7,7,7,7,7,7,7,7
550506,1,1,1988,29,29,29,29,29,29,29,29,29,29
550507,1,1,1988,0,0,0,0,0,0,0,0,0,0
550507,2,1,1988,0,0,0,0,0,0,0,0,0,0
550508,1,1,1988,0,0,0,0,0,0,0,0,0,0
550508,2,1,1988,0,0,0,0,17,0,16,0,0,7
550509,1,1,1988,44,44,44,44,44,44,44,44,44,44
550510,1,1,1988,0,0,0,0,0,0,0,0,0,0
550510,2,1,1988,0,0,0,0,0,0,14,0,0,0
550511,1,1,1988,18,18,18,18,18,18,18,18,18,18
550512,1,1,1988,22,22,22,22,22,22,22,22,22,22
550513,1,1,1988,15,15,15,15,15,15,15,15,15,15
550513,2,1,1988,0,0,12,0,0,0,0,0,3,0
550514,1,1,1988,0,0,0,0,0,0,0,0,0,0
550515,1,1,1988,17,17,17,17,17,17,17,17,17,17
550516,1,1,1988,13,13,13,13,13,13,13,13,13,13
550516,2,1,1988,0,0,0,0,0,0,0,0,0,0
550517,1,1,1988,13,13,13,13,13,13,13,13,13,13
550518,1,1,1988,17,17,17,17,17,17,17,17,17,17
550519,1,1,1988,5,5,5,5,5,5,5,5,5,5
550519,2,1,1988,0,0,11,0,12,0,0,9,0,0
550519,3,1,1988,27,0,0,0,0,8,8,0,0,0
550521,1,1,1988,0,0,0,0,0,0,0,0,0,0
550521,2,1,1988,0,0,0,0,0,0,0,0,0,0
550523,1,1,1988,0,0,0,0,0,0,0,0,0,0
550523,2,1,1988,0,0,0,0,0,0,0,0,0,0
550523,3,1,1988,0,5,0,0,0,0,0,0,0,0
550524,1,1,1988,4,4,4,4,4,4,4,4,4,4
550525,1,1,1988,0,0,0,0,0,0,0,0,0,0
550525,2,1,1988,0,21,0,17,0,0,0,0,0,0
550526,0,1,1988,0,0,0,0,0,0,0,0,0,0
550526,1,1,1988,0,0,10,0,0,0,0,0,0,0
550527,1,1,1988,13,13,13,13,13,13,13,13,13,13
550527,2,1,1988,18,0,0,0,0,0,0,8,0,9
550528,1,1,1988,27,27,27,27,27,27,27,27,27,27
550529,1,1,1988,6,6,6,6,6,6,6,6,6,6
550530,1,1,1988,14,14,14,14,14,14,14,14,14,14
550531,1,1,1988,2,2,2,2,2,2,2,2,2,2
550532,1,1,1988,8,8,8,8,8,8,8,8,8,8
550533,1,1,1988,0,7,0,0,0,0,0,0,0,8
550534,1,1,1988,8,8,8,8,8,8,8,8,8,8
550534,2,1,1988,0,0,16,0,0,0,0,0,0,0
550535,1,1,1988,0,0,0,0,0,0,0,0,0,0
550535,2,1,1988,0,0,0,0,0,0,0,0,0,0
550536,1,1,1988,0,0,0,0,0,0,0,0,0,0
550536,2,1,1988,0,0,0,0,0,0,0,16,0,0
550537,1,1,1988,0,0,0,0,0,0,0,0,0,0
550537,2,1,1988,0,3,17,0,8,0,0,18,0,11
550538,0,1,1988,0,0,5,0,0,0,0,0,0,0
550538,0,2,1988,0,0,0,0,0,0,0,0,0,0
550538,0,3,1988,16,23,24,7,0,0,0,14,0,0
550538,1,1,1988,0,0,0,0,0,0,0,0,0,17
550538,2,1,1988,13,0,0,0,0,0,0,0,0,0
550539,1,1,1988,0,0,0,0,0,0,0,0,0,0
550539,2,1,1988,0,0,0,0,0,0,0,0,0,0
550540,1,1,1988,0,0,0,0,0,0,0,0,0,0
550541,1,1,1988,29,29,29,29,29,29,29,29,29,29
550542,1,1,1988,18,18,18,18,18,18,18,18,18,18
550542,2,1,1988,0,0,0,0,0,0,0,0,0,0
550543,1,1,1988,13,13,13,13,13,13,13,13,13,13
550544,1,1,1988,0,0,0,0,0,0,0,0,0,0
550544,2,1,1988,0,0,0,0,0,0,0,0,0,0
550544,3,1,1988,0,0,0,0,0,0,0,0,0,0
550545,1,1,1988,0,0,0,0,0,0,0,0,0,0
550545,2,1,1988,0,0,0,0,0,0,0,0,0,0
550545,3,1,1988,0,0,0,0,0,0,0,0,0,0
550546,1,1,1988,0,0,0,11,0,0,0,0,0,0
550546,2,1,1988,0,0,0,0,0,0,0,0,0,0
550546,3,1,1988,0,0,0,0,0,0,0,0,0,0
550547,0,1,1988,0,0,0,0,0,0,0,0,0,0
550547,0,2,1988,0,0,0,0,0,0,0,0,0,0
550547,0,3,1988,0,0,0,0,0,0,0,0,0,0
550547,0,4,1988,0,0,0,0,0,0,0,0,0,0
550547,0,5,1988,0,0,0,0,0,0,0,0,0,0
550547,1,1,1988,0,0,0,0,0,0,0,0,0,0
550549,1,1,1988,32,32,32,32,32,32,32,32,32,32
550550,0,1,1988,9,9,9,9,9,9,9,9,9,9
550550,1,1,1988,0,0,0,0,0,0,0,0,0,0
550551,1,1,1988,31,31,31,31,31,31,31,31,31,31
550552,1,1,1988,0,0,0,0,0,0,0,0,0,0
550552,2,1,1988,0,0,0,0,0,0,0,0,0,0
550553,1,1,1988,0,0,0,0,0,0,0,0,0,0
550553,2,1,1988,0,0,20,0,0,0,0,0,0,0
550554,1,1,1988,0,0,0,0,0,0,0,0,0,0
550554,2,1,1988,0,0,0,0,0,0,0,0,0,0
550554,3,1,1988,0,0,0,0,0,0,0,0,0,0
550555,1,1,1988,0,5,0,7,0,0,0,16,0,5
550556,1,1,1988,19,19,19,19,19,19,19,19,19,19
550557,0,1,1988,23,23,23,23,23,23,23,23,23,23
550557,1,1,1988,23,0,0,0,9,13,0,11,16,11
550558,1,1,1988,0,0,0,0,43,25,0,0,0,0