ST_CASE,VEH_NO,PER_NO,YEAR,P1,P2,P3,P4,P5,P6,P7,P8,P9,P10
550558,2,1,1988,0,0,0,0,0,0,0,0,0,0
550559,1,1,1988,23,23,23,23,23,23,23,23,23,23
550560,1,1,1988,17,17,17,17,17,17,17,17,17,17
550561,1,1,1988,25,25,25,25,25,25,25,25,25,25
550562,0,1,1988,0,0,0,0,11,0,0,0,0,0
550562,1,1,1988,0,0,0,0,0,0,0,0,0,0
550563,1,1,1988,10,10,10,10,10,10,10,10,10,10
550563,2,1,1988,6,6,6,6,6,6,6,6,6,6
550564,0,1,1988,0,0,0,0,0,0,0,0,0,0
550564,0,2,1988,0,10,0,0,0,0,10,0,0,0
550564,0,3,1988,17,0,0,0,1,0,0,9,3,5
550564,1,1,1988,0,0,6,0,0,0,0,0,0,0
550564,2,1,1988,0,0,0,0,0,0,0,0,0,0
550565,1,1,1988,0,0,0,0,0,0,0,0,0,0
550565,2,1,1988,0,19,21,0,0,14,0,0,0,0
550566,1,1,1988,0,0,0,0,0,0,0,0,0,0
550566,2,1,1988,0,0,0,0,0,0,0,0,0,0
550567,1,1,1988,0,0,0,0,16,0,0,0,0,0
550567,2,1,1988,0,0,0,0,0,0,0,0,0,0
550567,3,1,1988,0,0,0,14,0,0,38,0,0,0
550568,1,1,1988,0,10,0,0,0,0,0,0,0,21
550568,2,1,1988,0,0,0,0,0,0,0,0,0,0
550569,1,1,1988,0,0,0,0,0,0,0,0,0,0
550570,1,1,1988,0,0,0,0,27,0,0,0,0,0
550570,2,1,1988,0,0,0,0,0,0,0,0,0,0
550571,0,1,1988,0,0,0,0,0,0,0,0,0,0
550571,1,1,1988,0,0,0,0,16,0,24,0,0,0
550572,1,1,1988,0,0,0,0,0,0,0,0,0,0
550572,2,1,1988,0,0,0,0,0,0,0,0,0,0
550573,1,1,1988,13,13,13,13,13,13,13,13,13,13
550574,1,1,1988,16,16,16,16,16,16,16,16,16,16
550575,1,1,1988,0,0,0,7,0,13,0,0,0,0
550575,2,1,1988,0,0,0,0,0,0,0,0,0,0
550576,1,1,1988,0,0,0,0,10,0,0,0,0,0
550576,2,1,1988,0,0,0,0,9,0,0,0,0,0
550577,1,1,1988,0,0,0,3,0,0,0,14,0,0
550577,2,1,1988,0,0,0,0,0,0,0,0,0,0
550578,1,1,1988,22,22,22,22,22,22,22,22,22,22
550578,2,1,1988,0,0,13,0,6,0,0,0,15,0
550578,3,1,1988,0,0,0,0,0,0,0,0,0,0
550578,4,1,1988,0,0,0,0,0,0,0,0,0,0
550579,1,1,1988,0,0,0,0,0,0,0,0,0,0
550579,2,1,1988,0,0,0,0,0,0,0,0,0,0
550580,1,1,1988,15,15,15,15,15,15,15,15,15,15
550581,1,1,1988,15,15,15,15,15,15,15,15,15,15
550582,1,1,1988,32,32,32,32,32,32,32,32,32,32
550583,1,1,1988,0,0,0,0,3,0,0,0,0,5
550583,2,1,1988,0,0,0,0,0,12,0,0,6,15
550584,1,1,1988,0,0,0,0,0,0,0,0,0,0
550584,2,1,1988,0,0,0,0,0,0,0,0,0,0
550584,3,1,1988,9,0,0,0,0,0,0,0,0,0
550585,0,1,1988,7,7,7,7,7,7,7,7,7,7
550585,0,2,1988,7,33,26,0,23,31,24,0,27,23
550585,1,1,1988,15,15,15,15,15,15,15,15,15,15
550586,1,1,1988,25,25,25,25,25,25,25,25,25,25
550587,1,1,1988,0,0,0,0,0,0,0,0,0,0
550588,1,1,1988,22,22,22,22,22,22,22,22,22,22
550589,1,1,1988,24,24,24,24,24,24,24,24,24,24
550590,1,1,1988,0,0,0,0,0,0,0,0,0,0
550591,1,1,1988,0,0,0,0,0,0,0,0,0,0
550593,0,1,1988,0,0,0,0,0,0,0,0,0,0
550593,1,1,1988,0,0,0,0,0,0,0,0,6,0
550595,1,1,1988,29,29,29,29,29,29,29,29,29,29
550596,1,1,1988,0,0,21,19,0,0,8,0,0,0
550597,1,1,1988,23,23,23,23,23,23,23,23,23,23
550598,1,1,1988,0,0,0,0,0,0,0,0,20,0
550598,2,1,1988,0,0,0,0,0,0,0,0,0,0
550599,1,1,1988,0,0,0,0,0,0,0,0,0,0
550599,2,1,1988,0,0,0,0,0,0,0,0,0,0
550599,3,1,1988,0,0,0,0,0,0,0,0,0,0
550600,1,1,1988,0,0,0,0,0,0,0,0,0,0
550601,1,1,1988,0,0,13,0,20,0,0,0,0,0
550601,2,1,1988,9,9,9,9,9,9,9,9,9,9
550602,1,1,1988,29,29,29,29,29,29,29,29,29,29
550603,1,1,1988,0,28,0,0,22,0,20,15,0,23
550603,2,1,1988,24,0,0,7,0,0,0,25,0,0
550604,1,1,1988,0,0,0,0,0,0,0,0,0,0
550605,1,1,1988,9,9,9,9,9,9,9,9,9,9
550605,2,1,1988,0,19,12,18,14,0,0,35,0,0
550606,0,1,1988,15,15,15,15,15,15,15,15,15,15
550606,1,1,1988,22,22,22,22,22,22,22,22,22,22
550607,1,1,1988,1,1,1,1,1,1,1,1,1,1
550607,2,1,1988,20,20,20,20,20,20,20,20,20,20
550608,1,1,1988,0,0,0,0,0,23,0,0,0,0
550608,2,1,1988,0,15,0,0,0,0,0,0,14,0
550609,1,1,1988,2,2,2,2,2,2,2,2,2,2
550610,1,1,1988,0,0,0,0,0,0,0,0,0,0
550610,2,1,1988,0,0,0,0,0,0,0,0,0,0
550611,0,1,1988,0,0,0,0,0,0,0,0,0,0
550611,1,1,1988,0,0,0,0,0,0,0,0,0,0
550612,1,1,1988,5,5,5,5,5,5,5,5,5,5
550612,2,1,1988,0,0,0,0,0,0,0,0,0,0
550613,1,1,1988,0,7,0,7,17,0,4,0,5,0
550613,2,1,1988,11,20,20,0,16,6,11,13,9,0
550614,1,1,1988,26,26,26,26,26,26,26,26,26,26
550615,1,1,1988,0,0,0,0,0,0,0,0,0,0
550615,2,1,1988,14,16,3,18,19,12,7,17,12,12
550616,1,1,1988,0,0,0,0,0,7,0,0,0,0
550616,2,1,1988,18,18,18,18,18,18,18,18,18,18
550617,1,1,1988,16,16,16,16,16,16,16,16,16,16
550618,1,2,1988,0,10,0,11,19,0,13,8,0,27
550618,2,1,1988,0,0,0,0,0,0,0,0,0,0
550619,1,1,1988,10,0,22,5,0,7,0,13,0,4
550620,0,1,1988,0,0,0,0,0,9,0,0,0,0
550620,1,1,1988,0,0,0,0,0,0,0,0,0,0
550621,0,1,1988,0,0,0,0,0,0,0,0,0,0
550621,1,1,1988,0,0,0,0,0,0,0,0,0,0
550622,1,1,1988,0,0,0,0,0,0,0,0,0,9
550622,2,1,1988,0,0,0,18,0,0,0,0,0,0
550623,1,1,1988,0,0,0,0,0,0,0,0,0,0
550624,1,1,1988,0,0,0,0,0,0,0,0,0,0
550624,2,1,1988,0,0,0,0,0,0,0,0,0,0
550625,1,1,1988,11,11,11,11,11,11,11,11,11,11
550626,1,1,1988,19,19,19,19,19,19,19,19,19,19
550627,1,1,1988,21,21,21,21,21,21,21,21,21,21
550628,1,1,1988,12,12,12,12,12,12,12,12,12,12
550628,2,1,1988,9,9,9,9,9,9,9,9,9,9
550630,1,1,1988,22,22,22,22,22,22,22,22,22,22
550630,2,1,1988,2,2,2,2,2,2,2,2,2,2
550631,1,1,1988,0,0,0,0,0,0,0,2,0,0
550631,2,1,1988,0,0,0,8,0,0,0,0,0,0
550632,1,1,1988,0,0,0,0,0,0,0,0,0,0
550632,2,1,1988,0,0,0,0,0,0,0,0,0,0
550633,0,1,1988,0,0,0,0,0,0,0,0,0,0
550633,0,2,1988,0,0,0,0,0,0,0,0,0,0
550633,1,1,1988,0,0,0,0,0,0,0,0,0,0
550634,0,1,1988,5,5,5,5,5,5,5,5,5,5
550634,1,1,1988,0,0,0,0,0,0,0,0,0,0
550635,1,1,1988,17,17,17,17,17,17,17,17,17,17
550636,1,1,1988,0,0,0,0,0,0,0,0,0,0
550636,2,1,1988,0,0,0,0,0,0,0,0,0,0
550637,1,1,1988,0,0,0,0,0,0,0,0,0,0
550637,2,1,1988,0,0,0,0,0,9,0,11,0,0
550637,3,1,1988,0,0,0,0,0,33,0,10,0,0
550638,1,1,1988,24,24,24,24,24,24,24,24,24,24
550638,2,1,1988,22,0,8,0,0,0,15,0,29,0
550639,1,1,1988,18,18,18,18,18,18,18,18,18,18
550639,2,1,1988,0,11,0,23,0,0,0,11,0,0
550640,1,1,1988,18,18,18,18,18,18,18,18,18,18
550641,1,1,1988,9,0,0,0,0,0,8,13,0,0
550641,2,1,1988,0,0,0,0,0,0,0,0,0,0
550642,1,1,1988,0,15,0,0,0,0,9,0,0,0
550642,2,1,1988,21,0,0,0,0,0,0,9,0,8
550643,1,1,1988,0,0,0,15,0,0,0,0,16,33
550643,2,1,1988,0,15,0,0,13,0,7,25,0,0
550644,0,1,1988,0,0,0,0,0,0,0,0,0,0
550644,1,1,1988,0,0,0,0,0,0,0,0,3,0
550645,1,1,1988,28,28,28,28,28,28,28,28,28,28
550647,1,1,1988,20,20,20,20,20,20,20,20,20,20
550648,1,1,1988,36,36,36,36,36,36,36,36,36,36
550649,1,1,1988,0,0,0,0,0,0,0,0,0,0
550650,1,1,1988,0,0,0,0,0,0,0,0,0,0
550650,2,1,1988,0,0,0,0,0,0,0,0,0,0
550651,1,1,1988,0,0,0,0,0,0,0,0,0,0
550651,2,1,1988,0,0,0,0,0,0,0,0,0,0
550652,1,1,1988,0,0,0,0,0,0,0,0,0,0
550652,2,1,1988,0,0,0,0,0,0,0,0,0,0
550653,1,1,1988,0,0,0,0,0,0,0,0,0,0
550653,2,1,1988,8,0,0,0,0,0,0,0,0,17
550654,1,1,1988,0,0,18,0,0,0,0,0,0,0
550654,2,1,1988,0,0,0,0,0,0,0,0,0,0
550655,1,1,1988,0,0,0,0,0,0,0,0,0,0
550655,2,1,1988,0,0,0,0,0,0,0,0,0,0
550656,1,1,1988,0,0,0,0,0,0,0,0,0,0
550659,1,1,1988,23,23,23,23,23,23,23,23,23,23
550659,2,1,1988,0,0,0,0,0,0,4,0,0,0
550660,1,1,1988,0,0,0,0,0,0,0,0,0,0
550660,2,1,1988,0,0,0,0,0,0,0,0,0,0
550661,1,1,1988,0,0,0,0,0,0,0,0,0,0
550661,2,1,1988,0,0,0,0,0,0,0,15,0,0
550662,1,1,1988,13,13,13,13,13,13,13,13,13,13
550663,1,1,1988,22,0,0,0,0,0,0,0,0,0
550663,2,1,1988,0,0,0,0,0,0,0,0,0,0
550664,1,1,1988,0,0,0,0,0,0,0,0,0,0
550665,1,1,1988,17,17,17,17,17,17,17,17,17,17
550666,1,1,1988,19,19,19,19,19,19,19,19,19,19
550667,1,1,1988,18,18,18,18,18,18,18,18,18,18
550668,1,1,1988,0,32,0,0,21,0,17,0,0,0
550668,2,1,1988,8,8,8,8,8,8,8,8,8,8
550669,1,1,1988,0,0,0,0,0,0,0,0,0,0
550669,2,1,1988,0,0,0,0,0,0,0,0,0,0
550670,0,1,1988,0,0,0,0,22,0,0,14,0,0
550670,1,1,1988,0,0,0,0,0,0,0,13,0,0
550671,1,1,1988,0,0,0,0,0,0,0,0,0,0
550671,2,1,1988,0,0,0,0,12,0,0,0,0,0
550671,3,1,1988,0,0,0,0,0,0,0,0,0,0
550672,1,1,1988,0,0,0,0,0,0,0,0,0,0
550672,2,1,1988,0,0,0,0,0,0,0,0,0,0
550673,1,1,1988,0,0,0,0,0,0,0,0,0,0
550673,2,1,1988,0,0,0,0,0,0,0,0,0,0
550674,1,1,1988,5,5,5,5,5,5,5,5,5,5
550674,2,1,1988,0,0,0,0,0,0,0,0,0,0
550675,1,1,1988,12,12,12,12,12,12,12,12,12,12
550676,1,1,1988,43,30,21,18,9,10,34,23,20,20
550677,1,1,1988,35,35,35,35,35,35,35,35,35,35
550678,1,1,1988,0,0,0,0,0,0,0,0,0,0
550678,2,1,1988,0,0,0,0,0,0,0,0,0,0
550679,1,1,1988,0,16,0,23,0,0,0,0,0,0
550679,2,1,1988,0,0,0,0,0,0,0,0,0,0
550680,1,1,1988,12,12,12,12,12,12,12,12,12,12
550681,1,1,1988,7,9,0,8,10,20,11,10,16,10
550682,1,1,1988,0,0,0,0,0,0,0,0,4,0
550683,0,1,1988,5,5,5,5,5,5,5,5,5,5
550683,0,2,1988,30,29,0,6,26,17,9,25,28,30
550683,1,1,1988,0,0,0,0,0,0,0,0,0,0
550684,1,1,1988,0,0,0,0,0,0,0,0,0,0
550684,2,1,1988,10,0,0,0,0,0,0,0,2,0
550685,1,1,1988,0,0,0,0,0,0,0,0,0,0
550685,2,1,1988,0,0,0,11,21,0,0,0,0,0
550686,1,1,1988,0,0,0,0,0,0,0,0,0,0
550686,2,1,1988,24,24,24,24,24,24,24,24,24,24
550687,1,1,1988,0,0,0,0,0,0,0,0,0,11
550687,2,1,1988,0,0,0,0,0,0,0,0,0,0
550687,3,1,1988,0,0,0,0,0,0,0,0,0,0
550688,1,1,1988,0,0,0,0,0,0,9,0,0,10
550688,2,1,1988,12,12,12,12,12,12,12,12,12,12
550689,1,1,1988,11,11,11,11,11,11,11,11,11,11
550690,1,1,1988,0,0,0,0,0,0,0,0,0,0
550690,2,1,1988,14,14,14,14,14,14,14,14,14,14
550691,1,1,1988,20,20,20,20,20,20,20,20,20,20
550691,2,1,1988,0,0,0,0,0,0,0,0,0,0
550692,1,1,1988,23,23,23,23,23,23,23,23,23,23
550692,2,1,1988,3,3,3,3,3,3,3,3,3,3
550693,1,1,1988,25,25,25,25,25,25,25,25,25,25
550694,1,1,1988,0,0,0,0,0,0,0,0,0,0
550695,1,1,1988,0,0,0,0,0,0,0,0,0,0
550696,1,1,1988,4,4,4,4,4,4,4,4,4,4
550697,1,1,1988,0,0,0,0,0,0,0,0,0,0
550698,1,1,1988,27,27,27,27,27,27,27,27,27,27
550699,1,1,1988,16,16,16,16,16,16,16,16,16,16
550700,1,1,1988,9,9,9,9,9,9,9,9,9,9
550700,2,1,1988,0,15,7,0,10,0,0,0,0,0
550700,3,1,1988,0,0,0,0,0,0,0,0,0,0
550701,1,1,1988,14,14,14,14,14,14,14,14,14,14
550702,1,1,1988,20,20,20,20,20,20,20,20,20,20
550703,1,1,1988,0,0,0,0,0,0,0,0,0,0
550704,1,1,1988,0,0,0,0,0,0,0,0,0,0
550704,2,1,1988,0,0,0,0,0,0,0,0,0,0
550705,1,1,1988,0,0,0,0,0,0,0,0,0,19
550705,2,1,1988,0,0,0,0,0,0,0,0,0,0
550706,1,1,1988,14,14,14,14,14,14,14,14,14,14
550707,1,1,1988,0,0,0,0,0,0,0,0,0,0
550707,2,1,1988,0,0,0,0,0,0,0,0,0,0
550708,1,1,1988,0,0,0,0,0,0,0,0,0,0
550709,1,1,1988,0,0,0,0,0,0,0,0,0,0
550709,2,1,1988,23,23,23,23,23,23,23,23,23,23
550710,1,1,1988,25,25,25,25,25,25,25,25,25,25
550711,1,1,1988,12,12,12,12,12,12,12,12,12,12
550712,1,1,1988,24,24,24,24,24,24,24,24,24,24
550712,2,1,1988,1,1,1,1,1,1,1,1,1,1
550713,1,1,1988,0,0,0,0,0,0,0,0,0,0
550713,2,1,1988,0,0,0,0,15,0,0,0,13,0
550714,1,1,1988,0,0,0,0,0,0,0,0,0,0
550715,1,1,1988,45,0,0,13,0,0,0,0,0,0
550716,1,1,1988,0,0,0,0,0,0,0,0,0,0
550716,2,1,1988,0,0,0,0,0,0,0,0,0,0
550717,1,1,1988,0,16,24,0,0,0,0,14,24,0
550718,1,1,1988,0,0,0,0,0,0,0,0,0,0
550718,2,1,1988,0,10,0,0,0,0,0,0,0,0
550718,3,1,1988,0,0,0,0,0,0,0,0,0,0
550719,1,1,1988,15,15,15,15,15,15,15,15,15,15
550720,1,1,1988,27,0,16,0,0,0,24,0,17,5
550720,2,1,1988,0,0,0,0,0,0,0,0,0,0
550720,3,1,1988,0,0,0,0,0,0,0,0,0,16
550721,0,1,1988,14,0,0,15,16,11,25,13,19,11
550721,0,2,1988,0,32,5,0,0,0,0,0,22,0
550721,1,1,1988,0,0,0,0,0,0,0,0,0,0
550722,1,1,1988,0,0,0,0,0,0,0,0,0,0
550722,2,1,1988,0,0,0,0,0,0,0,0,0,0
550722,3,1,1988,0,0,0,0,0,0,0,0,0,0
550723,1,1,1988,24,17,10,20,19,16,22,26,20,15
550724,1,1,1988,0,0,12,0,0,0,0,0,0,0
550725,1,1,1988,25,25,25,25,25,25,25,25,25,25
550726,1,1,1988,0,0,0,0,0,0,0,0,0,0
550726,2,1,1988,0,0,0,0,0,0,0,0,0,0
550726,3,1,1988,8,0,0,0,0,0,0,0,0,0
550727,1,1,1988,14,14,14,14,14,14,14,14,14,14
550728,1,1,1988,0,12,0,0,0,0,0,0,0,0
550728,2,1,1988,0,0,0,0,0,0,0,0,0,0
560001,1,1,1988,0,0,0,0,0,0,0,0,0,0
560001,2,1,1988,0,0,0,0,0,0,0,0,0,0
560002,1,1,1988,0,0,0,0,0,0,0,0,0,0
560003,1,1,1988,25,25,25,25,25,25,25,25,25,25
560003,2,1,1988,0,0,0,0,0,0,0,0,0,0
560004,1,1,1988,0,0,0,0,0,0,0,0,0,0
560004,2,1,1988,0,0,0,0,0,0,0,0,0,0
560007,1,1,1988,1,1,1,1,1,1,1,1,1,1
560007,2,1,1988,0,0,0,0,0,0,0,0,0,0
560007,3,1,1988,0,0,0,14,0,0,0,0,0,0
560008,1,1,1988,0,0,0,0,0,0,0,0,0,0
560008,2,1,1988,0,0,0,0,0,0,0,0,0,0
560009,1,1,1988,0,0,0,0,0,0,0,0,0,0
560009,2,1,1988,25,25,25,25,25,25,25,25,25,25
560010,1,1,1988,0,0,0,0,0,0,0,0,0,0
560010,2,1,1988,0,0,0,0,0,0,0,0,0,0
560011,1,1,1988,0,0,0,0,0,0,0,0,0,0
560012,1,1,1988,0,0,0,0,0,0,0,0,0,0
560013,1,1,1988,15,15,15,15,15,15,15,15,15,15
560014,1,1,1988,0,0,0,0,0,0,0,0,0,0
560014,2,1,1988,0,0,0,0,0,0,0,0,0,0
560015,1,1,1988,0,0,0,0,0,0,0,0,0,0
560015,2,1,1988,0,0,0,0,0,0,0,0,0,0
560015,3,1,1988,0,0,0,0,0,0,0,0,0,0
560016,1,1,1988,0,0,0,0,15,0,0,0,0,0
560017,1,1,1988,11,11,11,11,11,11,11,11,11,11
560018,1,1,1988,25,25,25,25,25,25,25,25,25,25
560019,1,1,1988,22,22,22,22,22,22,22,22,22,22
560020,1,1,1988,0,0,0,0,0,0,0,0,0,0
560021,1,1,1988,29,29,29,29,29,29,29,29,29,29
560021,2,1,1988,0,0,0,0,0,0,0,0,0,0
560022,1,1,1988,28,28,28,28,28,28,28,28,28,28
560023,1,1,1988,0,0,0,0,0,0,0,0,0,0
560023,2,1,1988,0,0,0,0,0,0,0,0,0,0
560024,1,1,1988,0,0,0,0,0,0,0,0,0,0
560024,2,1,1988,0,0,0,0,0,0,0,0,0,0
560025,1,1,1988,9,9,9,9,9,9,9,9,9,9
560025,2,1,1988,0,0,0,0,0,12,0,0,0,0
560026,1,1,1988,0,0,8,0,0,0,0,0,0,0
560026,2,1,1988,38,38,38,38,38,38,38,38,38,38
560027,2,1,1988,0,0,0,0,0,0,0,0,0,0
560027,3,1,1988,0,0,0,0,0,0,0,0,0,0
560028,1,1,1988,13,13,13,13,13,13,13,13,13,13
560029,1,1,1988,28,28,28,28,28,28,28,28,28,28
560030,0,1,1988,26,26,26,26,26,26,26,26,26,26
560030,1,1,1988,0,0,0,0,0,0,0,0,0,0
560031,0,1,1988,21,21,21,21,21,21,21,21,21,21
560031,1,1,1988,0,0,0,0,0,0,15,0,0,0
560032,1,1,1988,0,0,0,0,0,0,0,0,0,0
560033,1,1,1988,24,24,24,24,24,24,24,24,24,24
560034,1,1,1988,0,0,0,0,0,0,0,0,0,0
560035,1,1,1988,0,0,0,0,0,0,0,0,0,0
560035,2,1,1988,0,0,0,0,0,0,0,0,9,0
560036,1,1,1988,0,0,0,0,0,0,0,0,0,0
560037,1,1,1988,20,20,20,20,20,20,20,20,20,20
560038,1,1,1988,0,0,0,0,0,0,0,10,0,0
560039,1,1,1988,11,22,34,32,0,26,0,0,0,0
560040,1,1,1988,0,0,0,0,0,0,0,0,0,0
560040,2,1,1988,0,0,0,0,0,0,0,0,0,0
560041,1,1,1988,15,15,15,15,15,15,15,15,15,15
560042,1,1,1988,0,0,0,0,0,0,0,0,0,0
560042,2,1,1988,13,13,13,13,13,13,13,13,13,13
560043,1,1,1988,17,17,17,17,17,17,17,17,17,17
560044,1,1,1988,0,0,0,0,0,0,0,0,0,0
560045,1,1,1988,0,0,0,0,0,0,0,0,0,0
560046,1,1,1988,18,18,18,18,18,18,18,18,18,18
560047,1,1,1988,31,31,31,31,31,31,31,31,31,31
560048,1,1,1988,0,0,0,0,0,0,0,0,0,0
560048,2,1,1988,0,0,0,0,0,0,5,0,2,0
560048,3,1,1988,15,0,0,0,0,0,0,0,0,0
560049,1,1,1988,12,12,12,12,12,12,12,12,12,12
560050,1,1,1988,16,16,16,16,16,16,16,16,16,16
560050,2,1,1988,0,0,0,0,0,0,0,0,0,0
560051,1,1,1988,24,24,24,24,24,24,24,24,24,24
560052,1,1,1988,0,0,0,0,0,0,0,0,0,0
560053,1,1,1988,0,0,0,0,0,0,0,0,0,0
560053,2,1,1988,0,0,0,0,0,0,0,0,0,0
560054,1,1,1988,9,9,9,9,9,9,9,9,9,9
560055,1,1,1988,17,17,17,17,17,17,17,17,17,17
560056,1,1,1988,0,0,0,0,0,0,0,0,0,0
560056,2,1,1988,0,0,0,0,0,0,0,0,0,0
560056,3,1,1988,0,23,0,0,0,0,0,0,0,0
560056,4,1,1988,0,0,0,0,0,0,0,0,0,0
560056,5,1,1988,0,0,0,0,0,0,0,0,0,0
560057,1,1,1988,15,15,15,15,15,15,15,15,15,15
560058,1,1,1988,0,0,0,0,0,0,0,0,0,0
560059,1,1,1988,0,0,0,0,0,0,16,0,0,0
560060,1,1,1988,0,0,0,0,18,6,13,16,19,0
560061,1,1,1988,0,0,0,0,0,0,0,0,0,0
560062,1,1,1988,0,0,0,0,0,0,8,0,0,0
560062,2,1,1988,0,0,0,9,0,0,0,0,0,0
560062,3,1,1988,0,0,0,0,0,0,0,0,0,0
560063,1,1,1988,4,4,4,4,4,4,4,4,4,4
560064,1,1,1988,2,2,2,2,2,2,2,2,2,2
560065,1,1,1988,9,0,20,5,13,36,14,5,3,17
560066,1,1,1988,0,0,0,0,0,0,0,0,0,0
560067,1,1,1988,0,0,0,0,0,0,0,0,0,0
560067,2,1,1988,6,6,6,6,6,6,6,6,6,6
560068,1,1,1988,25,25,25,25,25,25,25,25,25,25
560069,1,1,1988,19,19,19,19,19,19,19,19,19,19
560070,1,1,1988,5,5,5,5,5,5,5,5,5,5
560071,1,1,1988,0,0,0,0,0,0,0,0,0,0
560071,2,1,1988,8,8,8,8,8,8,8,8,8,8
560072,1,1,1988,0,0,14,0,0,0,0,0,0,0
560072,2,1,1988,0,0,0,0,0,0,0,0,0,0
560073,1,1,1988,15,15,15,15,15,15,15,15,15,15
560074,1,1,1988,27,27,27,27,27,27,27,27,27,27
560074,2,1,1988,5,5,5,5,5,5,5,5,5,5
560075,0,1,1988,0,0,0,0,0,0,0,0,0,0
560075,1,1,1988,0,0,0,0,13,0,0,0,0,17
560076,1,1,1988,12,12,12,12,12,12,12,12,12,12
560077,1,1,1988,20,20,20,20,20,20,20,20,20,20
560077,2,1,1988,0,0,0,0,0,0,0,0,0,0
560078,1,1,1988,0,0,0,0,0,0,0,12,0,0
560079,1,1,1988,0,0,0,0,0,0,0,0,0,0
560080,1,1,1988,9,9,9,9,9,9,9,9,9,9
560081,1,1,1988,28,28,28,28,28,28,28,28,28,28
560082,1,1,1988,0,0,0,0,0,0,0,0,0,0
560083,1,1,1988,22,22,22,22,22,22,22,22,22,22
560083,2,1,1988,0,0,0,0,0,0,0,0,0,0
560084,1,1,1988,25,25,25,25,25,25,25,25,25,25
560085,1,1,1988,13,13,13,13,13,13,13,13,13,13
560086,1,1,1988,12,12,12,12,12,12,12,12,12,12
560087,1,1,1988,0,0,0,0,0,0,0,0,0,0
560088,1,1,1988,0,0,0,0,0,0,0,0,0,0
560088,2,1,1988,0,11,10,5,11,21,0,0,0,18
560089,1,1,1988,0,0,0,0,0,0,0,0,0,0
560090,1,1,1988,18,18,18,18,18,18,18,18,18,18
560091,1,1,1988,20,20,20,20,20,20,20,20,20,20
560092,1,1,1988,0,0,0,0,0,0,0,0,0,0
560093,1,1,1988,0,0,0,0,0,0,0,0,0,0
560094,1,1,1988,0,0,0,0,0,0,0,0,0,0
560095,1,1,1988,29,29,29,29,29,29,29,29,29,29
560096,1,1,1988,0,0,0,0,15,0,0,0,0,0
560097,1,1,1988,0,0,0,0,0,0,0,0,0,0
560098,1,1,1988,0,0,0,0,0,0,0,0,0,0
560099,1,1,1988,0,0,0,0,0,0,0,0,0,0
560100,1,1,1988,13,13,13,13,13,13,13,13,13,13
560100,2,1,1988,0,0,0,0,0,0,0,0,0,0
560101,1,1,1988,0,0,0,0,0,0,0,0,0,0
560102,1,1,1988,0,0,0,0,0,0,0,0,0,0
560102,2,1,1988,21,21,21,21,21,21,21,21,21,21
560103,1,1,1988,0,0,0,0,0,0,0,0,0,0
560104,0,1,1988,17,17,17,17,17,17,17,17,17,17
560104,1,1,1988,15,15,15,15,15,15,15,15,15,15
560105,1,1,1988,0,0,0,0,0,0,0,0,0,0
560106,1,1,1988,0,0,0,0,0,0,0,0,0,0
560107,1,1,1988,0,0,0,0,0,0,0,0,0,0
560108,1,1,1988,0,0,0,0,0,0,0,0,0,0
560109,1,1,1988,0,0,0,0,0,0,0,0,0,0
560110,1,1,1988,0,0,0,0,0,0,0,0,0,0
560111,1,1,1988,34,34,34,34,34,34,34,34,34,34
560112,1,1,1988,0,0,0,0,0,0,0,0,0,0
560112,2,1,1988,13,13,13,13,13,13,13,13,13,13
560113,1,1,1988,27,27,27,27,27,27,27,27,27,27
560114,1,1,1988,0,0,0,0,0,0,0,0,0,0
560114,2,1,1988,0,0,0,0,0,0,0,0,0,0
560115,1,1,1988,0,0,0,0,0,0,0,0,0,0
560115,2,1,1988,0,0,0,0,0,0,0,0,0,0
560116,1,1,1988,0,13,0,0,0,21,0,0,0,0
560117,1,1,1988,0,0,0,0,0,0,0,0,0,0
560118,1,1,1988,0,0,0,0,0,0,0,0,0,0
560119,1,1,1988,24,24,24,24,24,24,24,24,24,24
560120,1,1,1988,21,21,21,21,21,21,21,21,21,21
560121,1,1,1988,0,0,0,0,0,0,0,0,0,0
560121,2,1,1988,24,24,24,24,24,24,24,24,24,24
560122,1,1,1988,0,0,0,0,0,0,0,0,0,0
560123,1,1,1988,0,0,0,0,0,0,0,0,0,0
560123,2,1,1988,0,0,0,0,0,0,0,0,0,0
560123,3,1,1988,0,0,0,0,0,0,0,0,0,0
560124,1,1,1988,0,0,0,11,0,0,0,0,0,0
560124,2,1,1988,0,0,5,0,0,0,0,0,0,0
560124,3,1,1988,0,0,0,0,0,0,0,0,0,0
560125,1,1,1988,8,8,8,8,8,8,8,8,8,8
560126,1,1,1988,0,0,0,0,0,0,0,0,0,0
560127,1,1,1988,3,3,3,3,3,3,3,3,3,3
560127,2,1,1988,0,6,0,0,0,0,0,0,0,0
560128,0,1,1988,0,0,0,0,0,0,10,0,0,0
560129,1,1,1988,0,0,0,22,0,0,0,0,0,0
560130,1,1,1988,0,0,19,0,0,0,0,0,0,0
560131,1,1,1988,0,0,0,0,0,0,0,0,0,0
560131,2,1,1988,0,0,0,0,0,0,0,0,0,0