ST_CASE,VEH_NO,PER_NO,YEAR,P1,P2,P3,P4,P5,P6,P7,P8,P9,P10
60001,1,1,1988,2,2,2,2,2,2,2,2,2,2
60002,1,1,1988,14,14,14,14,14,14,14,14,14,14
60003,1,1,1988,0,0,0,0,0,0,0,0,0,0
60004,1,1,1988,6,6,6,6,6,6,6,6,6,6
60005,1,1,1988,0,0,0,0,0,0,0,0,0,0
60006,1,1,1988,0,0,0,0,0,0,0,0,0,0
60007,0,1,1988,0,0,0,0,0,0,0,0,0,0
60007,1,1,1988,0,0,0,0,0,0,0,0,0,0
60008,1,1,1988,0,0,0,0,0,0,0,0,0,0
60008,2,1,1988,0,0,0,0,0,0,7,0,0,0
60009,1,1,1988,21,21,21,21,21,21,21,21,21,21
60010,1,1,1988,0,0,0,0,0,0,11,0,0,11
60010,2,1,1988,0,0,0,0,0,0,0,0,0,0
60011,0,1,1988,10,10,10,10,10,10,10,10,10,10
60011,1,1,1988,0,0,0,0,9,0,0,28,0,0
60012,0,1,1988,17,17,17,17,17,17,17,17,17,17
60012,1,1,1988,21,21,21,21,21,21,21,21,21,21
60013,0,1,1988,0,0,0,0,0,0,0,0,0,0
60013,0,2,1988,0,0,0,0,0,0,0,0,0,0
60013,1,1,1988,0,0,0,0,0,0,0,0,0,0
60014,0,1,1988,0,0,0,0,0,0,0,0,0,0
60014,1,1,1988,0,0,0,0,0,0,0,0,0,0
60015,1,1,1988,0,0,0,0,0,0,0,0,0,0
60016,1,1,1988,0,0,0,0,0,0,0,0,0,0
60016,2,1,1988,0,0,0,0,0,0,0,0,0,0
60016,3,1,1988,0,0,0,0,0,0,0,0,0,0
60017,0,1,1988,15,0,0,11,0,26,0,0,28,28
60017,2,1,1988,0,0,0,0,0,0,0,0,0,0
60018,1,1,1988,0,0,0,0,0,0,0,0,0,0
60018,2,1,1988,0,0,0,0,0,0,0,0,0,0
60019,1,1,1988,0,0,0,0,0,0,0,0,0,0
60019,2,1,1988,0,0,0,0,0,9,0,0,0,0
60020,0,1,1988,0,0,0,0,0,0,0,0,0,0
60020,1,1,1988,0,0,0,0,0,0,0,0,0,0
60021,1,1,1988,16,16,13,21,21,17,27,18,7,24
60022,1,1,1988,13,13,13,13,13,13,13,13,13,13
60023,1,1,1988,0,0,0,0,0,0,0,0,0,0
60023,2,1,1988,0,0,0,0,0,0,0,0,0,0
60024,1,1,1988,8,8,8,8,8,8,8,8,8,8
60025,1,1,1988,20,22,23,31,0,16,13,14,7,16
60026,1,1,1988,0,0,0,0,0,0,0,0,0,0
60027,0,1,1988,0,0,0,0,0,0,0,0,0,0
60027,0,2,1988,5,0,12,0,0,0,0,0,24,10
60027,1,1,1988,0,0,16,15,5,0,0,0,0,0
60028,1,1,1988,0,0,0,0,0,0,0,0,0,0
60028,2,1,1988,0,0,0,0,0,0,0,0,0,0
60029,1,1,1988,0,0,0,0,0,0,0,0,0,0
60030,1,1,1988,18,18,18,18,18,18,18,18,18,18
60030,2,1,1988,0,0,0,0,0,0,0,0,0,0
60031,1,1,1988,16,16,16,16,16,16,16,16,16,16
60032,1,1,1988,22,22,22,22,22,22,22,22,22,22
60032,2,1,1988,0,0,0,0,0,3,0,0,0,0
60033,0,1,1988,0,0,0,0,0,0,0,0,0,0
60033,1,1,1988,0,0,0,0,0,0,0,0,0,0
60034,1,1,1988,0,0,0,0,0,0,0,0,0,0
60035,1,1,1988,20,20,20,20,20,20,20,20,20,20
60036,1,1,1988,0,0,0,0,0,0,0,0,0,0
60037,0,1,1988,0,0,0,0,0,0,0,0,0,0
60037,1,1,1988,16,16,16,16,16,16,16,16,16,16
60038,0,1,1988,27,27,27,27,27,27,27,27,27,27
60038,1,1,1988,0,0,0,0,0,17,0,0,0,16
60039,1,1,1988,0,0,0,0,0,0,0,0,0,0
60039,2,1,1988,0,0,0,0,0,0,0,0,0,0
60040,0,1,1988,0,0,12,0,0,0,18,0,33,9
60040,0,2,1988,0,0,0,0,0,0,0,0,0,0
60040,1,1,1988,0,0,0,0,0,0,0,0,0,0
60040,2,1,1988,0,0,0,0,0,0,0,0,0,0
60041,0,1,1988,0,0,0,0,0,0,0,0,0,0
60041,1,1,1988,0,0,11,18,0,0,15,15,6,14
60042,0,1,1988,0,0,0,0,0,0,0,0,0,0
60042,1,1,1988,19,19,19,19,19,19,19,19,19,19
60043,0,1,1988,0,0,0,0,0,0,0,0,0,0
60043,1,1,1988,0,0,0,0,0,0,23,0,0,0
60044,1,1,1988,0,0,0,0,0,0,0,0,0,0
60044,2,1,1988,0,0,0,0,0,0,0,0,0,0
60044,3,1,1988,0,0,0,0,0,0,0,0,0,0
60044,4,1,1988,0,0,0,0,0,0,0,0,0,0
60044,5,1,1988,0,0,0,0,0,0,0,0,0,0
60045,1,1,1988,0,0,0,0,0,0,0,0,0,0
60045,2,1,1988,0,0,0,0,0,0,0,0,0,0
60046,1,1,1988,0,0,0,0,0,0,0,0,0,0
60047,0,1,1988,37,37,37,37,37,37,37,37,37,37
60047,1,1,1988,0,0,0,0,0,0,0,0,0,0
60047,2,1,1988,0,0,0,0,7,0,0,0,0,0
60047,3,1,1988,0,0,0,0,0,0,0,0,0,0
60047,4,1,1988,0,0,0,0,0,17,0,16,0,4
60047,5,1,1988,0,0,0,0,0,0,0,0,0,0
60048,1,1,1988,0,0,0,0,0,0,0,0,0,0
60048,2,1,1988,0,0,0,0,0,0,0,0,0,0
60049,0,1,1988,10,10,10,10,10,10,10,10,10,10
60049,1,1,1988,0,0,0,0,0,20,0,0,0,0
60050,1,1,1988,5,5,5,5,5,5,5,5,5,5
60051,1,1,1988,0,0,0,0,0,0,0,0,0,0
60052,1,1,1988,15,15,15,15,15,15,15,15,15,15
60053,1,1,1988,16,16,16,16,16,16,16,16,16,16
60053,2,1,1988,0,0,0,0,0,0,18,0,0,0
60053,3,1,1988,0,0,0,0,0,0,0,0,0,0
60054,0,1,1988,31,31,31,31,31,31,31,31,31,31
60054,1,1,1988,0,0,0,0,0,0,14,0,0,0
60055,0,1,1988,0,0,0,0,0,0,0,0,0,0
60055,1,1,1988,0,0,0,0,0,0,0,0,0,15
60056,1,1,1988,31,31,31,31,31,31,31,31,31,31
60057,1,1,1988,0,0,0,0,0,0,0,0,0,0
60057,2,1,1988,9,0,0,0,0,0,0,0,0,0
60058,0,1,1988,17,17,17,17,17,17,17,17,17,17
60058,1,1,1988,16,0,10,0,0,33,0,0,0,0
60059,0,1,1988,0,0,0,0,0,0,0,0,0,0
60059,1,1,1988,0,0,0,0,0,0,0,0,0,0
60060,1,1,1988,0,0,0,0,0,0,0,0,0,0
60061,1,1,1988,18,18,18,18,18,18,18,18,18,18
60062,1,1,1988,16,16,16,16,16,16,16,16,16,16
60063,1,1,1988,18,18,18,18,18,18,18,18,18,18
60063,2,1,1988,0,0,0,0,0,11,0,0,0,0
60064,0,1,1988,0,0,0,0,0,0,0,0,0,0
60064,1,1,1988,0,0,0,0,0,0,0,0,0,0
60065,0,1,1988,0,0,0,0,0,0,0,0,0,0
60065,1,1,1988,0,0,0,0,0,0,0,0,0,0
60066,1,1,1988,0,0,0,0,0,0,0,0,0,0
60066,2,1,1988,0,0,0,0,0,0,0,0,0,0
60067,0,1,1988,0,0,0,0,0,0,0,0,0,0
60067,1,1,1988,0,0,0,0,0,0,0,0,0,0
60068,1,1,1988,0,0,0,0,0,0,0,0,0,0
60068,2,1,1988,0,0,0,0,0,0,0,0,0,0
60069,1,1,1988,0,0,0,0,0,0,0,0,0,0
60070,0,1,1988,0,0,0,0,0,0,0,0,0,0
60070,1,1,1988,0,0,0,0,0,0,0,0,0,0
60071,1,1,1988,21,21,21,21,21,21,21,21,21,21
60072,1,1,1988,12,12,12,12,12,12,12,12,12,12
60073,0,1,1988,0,0,0,0,0,0,0,0,0,0
60073,1,1,1988,0,0,0,0,0,0,0,0,0,0
60074,0,1,1988,19,19,19,19,19,19,19,19,19,19
60074,1,1,1988,0,0,0,0,0,0,0,0,0,0
60075,1,1,1988,10,10,10,10,10,10,10,10,10,10
60075,2,1,1988,0,25,22,18,27,0,25,0,4,0
60076,0,1,1988,0,0,0,0,0,0,0,0,0,0
60076,1,1,1988,0,0,0,0,0,0,0,0,0,0
60077,0,1,1988,17,17,17,17,17,17,17,17,17,17
60077,0,2,1988,0,0,13,0,0,0,0,0,17,0
60077,1,1,1988,0,0,0,0,18,0,0,0,0,0
60078,1,1,1988,12,12,12,12,12,12,12,12,12,12
60079,0,1,1988,0,0,0,0,0,0,0,0,0,0
60079,1,1,1988,7,0,0,0,0,0,0,0,29,0
60080,0,1,1988,0,0,0,0,0,0,0,0,0,0
60081,0,1,1988,0,0,0,0,0,0,0,0,0,0
60081,1,1,1988,0,0,0,0,0,0,12,0,0,0
60082,1,1,1988,0,0,0,0,0,0,0,0,0,0
60082,2,1,1988,0,0,0,0,0,0,0,0,0,0
60083,1,1,1988,26,26,26,26,26,26,26,26,26,26
60084,1,1,1988,23,23,23,23,23,23,23,23,23,23
60085,1,1,1988,0,0,0,0,0,0,0,0,0,0
60086,0,1,1988,0,0,0,0,0,0,0,0,0,0
60086,1,1,1988,12,0,11,21,25,0,15,15,0,20
60086,2,1,1988,0,0,0,0,0,0,0,0,0,0
60087,1,1,1988,0,0,0,0,0,0,0,0,0,0
60088,1,1,1988,16,16,16,16,16,16,16,16,16,16
60088,2,1,1988,0,0,0,0,0,0,0,0,0,0
60089,1,1,1988,13,13,13,13,13,13,13,13,13,13
60090,1,1,1988,11,11,11,11,11,11,11,11,11,11
60090,2,1,1988,0,0,0,0,0,0,0,0,0,0
60091,1,1,1988,21,7,33,7,17,22,19,10,21,9
60091,2,1,1988,8,14,12,0,30,11,17,13,14,9
60092,1,1,1988,8,8,8,8,8,8,8,8,8,8
60092,2,1,1988,10,10,10,10,10,10,10,10,10,10
60093,1,1,1988,0,0,0,0,0,0,0,0,0,0
60093,2,1,1988,0,0,0,0,0,0,0,0,0,0
60094,1,1,1988,0,0,0,0,0,0,0,0,0,0
60094,2,1,1988,0,0,0,0,0,0,0,0,0,0
60095,1,1,1988,0,0,0,0,0,0,0,0,0,0
60095,2,1,1988,0,0,0,0,0,0,0,0,0,0
60096,1,1,1988,0,0,0,0,0,0,0,0,0,0
60096,2,1,1988,0,0,0,0,0,0,0,0,0,0
60097,0,1,1988,0,0,0,0,0,0,0,0,0,0
60097,1,1,1988,0,0,0,0,0,0,0,0,0,0
60098,1,1,1988,18,18,18,18,18,18,18,18,18,18
60099,1,1,1988,0,0,0,0,0,0,0,0,0,0
60099,2,1,1988,0,0,0,0,0,0,0,0,0,0
60099,3,1,1988,0,0,0,0,0,0,0,0,0,0
60100,1,1,1988,0,0,22,15,31,18,16,28,30,14
60100,2,1,1988,0,0,0,0,0,0,0,0,0,0
60101,1,1,1988,0,0,0,0,0,0,0,0,0,0
60102,0,1,1988,14,14,14,14,14,14,14,14,14,14
60102,1,1,1988,0,0,0,0,0,0,0,0,0,0
60103,1,1,1988,0,0,0,0,0,0,0,0,0,0
60103,2,1,1988,0,0,0,0,0,0,0,0,0,0
60104,1,1,1988,0,0,0,0,0,0,0,0,0,0
60104,2,1,1988,0,0,0,0,0,0,0,0,0,0
60104,3,1,1988,0,0,0,0,0,0,0,0,0,0
60105,1,1,1988,0,0,0,0,0,0,0,0,0,0
60106,1,1,1988,20,0,13,0,0,0,21,0,0,19
60107,1,1,1988,0,0,0,0,0,0,0,0,0,0
60108,1,1,1988,0,0,0,0,0,0,0,0,0,0
60109,1,1,1988,22,22,22,22,22,22,22,22,22,22
60110,1,1,1988,0,0,0,0,0,0,0,0,0,0
60110,2,1,1988,0,0,0,0,0,0,0,0,0,0
60111,1,1,1988,0,0,0,0,0,0,0,0,0,0
60111,2,1,1988,0,0,0,0,0,0,0,0,0,0
60112,1,1,1988,0,0,0,0,0,0,0,0,0,0
60113,1,1,1988,15,15,15,15,15,15,15,15,15,15
60113,2,1,1988,0,0,0,0,0,0,0,0,0,0
60113,3,1,1988,0,0,0,0,0,0,0,0,0,0
60113,4,1,1988,0,0,0,0,0,0,0,0,0,0
60114,1,1,1988,0,0,0,0,14,0,0,0,0,0
60114,2,1,1988,0,0,0,0,0,0,0,0,0,0
60115,1,1,1988,10,10,10,10,10,10,10,10,10,10
60115,2,1,1988,0,0,0,0,0,0,0,0,0,0
60116,1,1,1988,0,0,0,0,0,0,0,0,0,0
60116,2,1,1988,0,0,0,0,0,0,0,0,0,0
60117,1,1,1988,32,32,32,32,32,32,32,32,32,32
60117,2,1,1988,0,0,0,0,0,0,0,0,0,0
60118,1,1,1988,0,0,0,0,0,0,0,0,0,0
60118,2,1,1988,0,0,0,0,0,0,0,0,0,0
60119,0,1,1988,0,0,0,0,0,0,0,0,0,0
60119,1,1,1988,0,0,0,0,0,0,0,0,0,0
60120,0,1,1988,17,25,18,0,0,0,17,27,28,9
60120,1,1,1988,0,0,0,6,0,0,0,0,42,0
60121,0,1,1988,0,0,0,0,0,0,0,0,0,0
60121,1,1,1988,0,0,0,0,0,0,0,0,0,0
60122,0,1,1988,0,0,0,0,0,0,0,0,0,0
60122,1,1,1988,0,0,16,0,0,0,0,0,0,0
60123,1,1,1988,11,11,11,11,11,11,11,11,11,11
60123,2,1,1988,0,0,0,0,0,0,0,0,0,0
60124,1,1,1988,31,31,31,31,31,31,31,31,31,31
60124,2,1,1988,0,0,0,0,0,0,0,0,0,0
60124,3,1,1988,0,0,0,0,0,0,0,0,0,0
60125,0,1,1988,0,0,0,0,0,0,0,0,0,0
60125,1,1,1988,0,11,3,0,16,17,0,10,10,0
60126,1,1,1988,0,0,0,0,0,0,0,0,0,0
60127,1,1,1988,0,0,0,0,0,0,0,0,0,0
60128,1,1,1988,0,0,0,0,0,0,0,0,0,0
60128,2,1,1988,0,0,0,0,0,0,0,0,0,0
60128,3,1,1988,0,0,0,0,0,0,0,0,0,0
60128,4,1,1988,0,0,0,0,0,0,0,0,0,0
60129,1,1,1988,20,20,20,20,20,20,20,20,20,20
60130,1,1,1988,0,0,0,0,0,0,0,0,0,0
60131,1,1,1988,0,0,0,0,0,0,0,0,0,0
60132,1,1,1988,0,0,0,0,0,0,0,0,0,0
60133,1,1,1988,25,25,25,25,25,25,25,25,25,25
60133,2,1,1988,0,0,15,0,0,0,0,0,0,0
60134,1,1,1988,0,0,0,0,0,0,0,0,0,0
60134,2,1,1988,0,0,0,0,0,0,0,0,0,0
60135,1,1,1988,12,12,12,12,12,12,12,12,12,12
60136,0,1,1988,20,20,20,20,20,20,20,20,20,20
60136,1,1,1988,0,0,0,0,0,7,0,0,0,0
60137,0,1,1988,0,0,0,0,0,0,0,0,0,0
60137,1,1,1988,0,0,0,19,0,0,0,0,15,0
60138,1,1,1988,27,27,27,27,27,27,27,27,27,27
60138,2,1,1988,0,0,0,0,0,0,0,0,0,0
60139,1,1,1988,0,0,0,0,0,0,0,0,0,0
60139,2,1,1988,0,0,0,0,0,0,0,0,0,0
60139,3,1,1988,0,0,0,0,0,0,0,0,0,0
60140,1,1,1988,0,0,0,0,0,0,0,0,0,0
60140,2,1,1988,0,0,0,0,0,0,0,0,0,0
60141,0,1,1988,9,11,12,21,0,10,13,16,15,0
60141,1,1,1988,0,0,0,0,0,0,0,0,0,0
60142,0,1,1988,0,0,0,0,0,0,0,0,0,0
60142,0,2,1988,20,8,23,34,0,25,15,18,15,0
60142,1,1,1988,30,30,30,30,30,30,30,30,30,30
60143,1,1,1988,0,0,0,0,0,0,0,0,0,0
60143,2,1,1988,0,0,0,0,0,0,0,0,0,0
60143,3,1,1988,0,0,0,0,0,0,0,0,0,0
60144,0,1,1988,0,0,0,0,0,0,0,0,0,0
60144,1,1,1988,0,0,0,0,0,0,0,0,0,0
60145,1,1,1988,0,0,0,0,0,0,0,0,0,0
60145,2,1,1988,0,0,0,0,0,0,0,0,0,0
60146,1,1,1988,15,15,15,15,15,15,15,15,15,15
60146,2,1,1988,0,0,0,0,0,0,0,0,0,0
60146,3,1,1988,0,0,0,0,0,0,0,0,0,0
60147,1,1,1988,16,22,4,6,10,0,9,8,14,14
60148,1,1,1988,16,16,16,16,16,16,16,16,16,16
60148,2,1,1988,0,0,0,0,0,0,0,0,0,0
60148,3,1,1988,0,0,0,0,0,0,0,0,0,0
60149,1,1,1988,10,10,10,10,10,10,10,10,10,10
60149,2,1,1988,0,0,0,0,0,0,0,0,0,0
60150,1,1,1988,21,21,21,21,21,21,21,21,21,21
60151,1,1,1988,11,11,11,11,11,11,11,11,11,11
60152,1,1,1988,0,0,0,21,0,16,10,0,0,0
60153,1,1,1988,20,20,20,20,20,20,20,20,20,20
60153,2,1,1988,0,0,0,0,0,0,0,0,0,0
60154,1,1,1988,19,19,19,19,19,19,19,19,19,19
60154,2,1,1988,10,10,10,10,10,10,10,10,10,10
60156,1,1,1988,0,0,0,0,0,0,0,0,0,0
60156,2,1,1988,0,0,0,0,0,0,0,0,0,0
60157,0,1,1988,0,0,0,0,0,0,0,0,0,0
60157,0,2,1988,0,0,0,0,0,0,0,0,0,0
60157,1,1,1988,0,0,0,0,0,0,0,0,0,0
60158,0,1,1988,16,16,16,16,16,16,16,16,16,16
60158,1,1,1988,0,5,0,15,0,22,0,0,0,0
60159,0,1,1988,0,0,0,0,0,0,0,0,0,0
60159,1,1,1988,0,0,0,0,0,0,0,0,0,0
60160,0,1,1988,22,22,22,22,22,22,22,22,22,22
60160,1,1,1988,0,0,0,0,0,0,0,0,0,0
60161,1,1,1988,0,0,0,0,0,0,0,0,0,0
60162,1,1,1988,16,16,16,16,16,16,16,16,16,16
60162,2,1,1988,7,0,0,0,0,0,0,0,0,0
60163,1,1,1988,0,0,0,0,0,0,0,0,0,0
60163,2,1,1988,0,0,0,0,0,0,0,0,0,0
60164,0,1,1988,0,0,12,0,0,25,0,12,25,0
60164,1,1,1988,11,15,5,0,4,6,0,20,5,16
60165,0,1,1988,0,0,0,0,0,0,0,0,0,0
60165,1,1,1988,10,13,25,0,13,0,6,20,5,21
60166,1,1,1988,20,20,20,20,20,20,20,20,20,20
60166,2,1,1988,0,0,0,0,0,21,0,9,0,0
60167,1,1,1988,7,7,7,7,7,7,7,7,7,7
60168,1,1,1988,0,0,0,0,0,0,0,0,0,0
60169,1,1,1988,0,0,0,0,0,0,16,0,0,0
60169,2,1,1988,0,0,0,0,0,0,0,0,0,0
60170,1,1,1988,15,15,15,15,15,15,15,15,15,15
60171,1,1,1988,0,0,0,0,0,0,0,0,7,0
60171,2,1,1988,0,0,0,0,0,0,0,0,0,0
60172,1,1,1988,20,20,20,20,20,20,20,20,20,20
60173,1,1,1988,20,20,20,20,20,20,20,20,20,20
60174,0,1,1988,0,0,0,0,0,0,0,0,0,0
60174,1,1,1988,0,0,0,0,0,0,0,0,0,0
60175,0,1,1988,0,0,0,0,0,0,0,0,0,0
60175,1,1,1988,0,0,0,0,0,19,0,13,0,0
60176,1,1,1988,16,16,16,16,16,16,16,16,16,16
60177,1,1,1988,0,0,0,0,0,0,0,0,0,0
60177,2,1,1988,0,0,0,0,0,0,0,11,0,0
60178,1,1,1988,0,0,0,0,0,0,0,0,0,0
60178,2,1,1988,0,0,0,0,0,0,0,0,0,0
60179,1,1,1988,0,0,0,0,0,0,0,0,0,0
60180,1,1,1988,0,0,0,0,0,0,0,0,0,0
60180,2,1,1988,0,0,0,0,0,0,0,0,0,0
60181,1,1,1988,8,8,8,8,8,8,8,8,8,8
60182,0,1,1988,0,0,0,0,0,0,0,0,0,0
60182,1,1,1988,0,0,0,0,0,0,12,0,0,0
60183,0,1,1988,0,0,0,0,0,0,0,0,0,0
60183,1,1,1988,0,0,0,0,0,0,0,0,0,0
60184,0,1,1988,0,0,0,0,0,0,0,0,0,0
60184,1,1,1988,5,5,5,5,5,5,5,5,5,5
60184,2,1,1988,0,0,0,0,0,0,0,0,0,25
60184,3,1,1988,0,0,0,0,35,0,12,0,6,0
60184,4,1,1988,0,18,0,0,0,0,0,0,0,5
60185,1,1,1988,8,8,8,8,8,8,8,8,8,8
60186,1,1,1988,0,0,0,0,0,0,0,0,0,0
60187,1,1,1988,21,21,21,21,21,21,21,21,21,21
60188,1,1,1988,0,0,0,0,0,0,0,0,0,0
60188,2,1,1988,0,0,0,0,4,0,0,6,0,0
60189,1,1,1988,0,0,0,0,0,0,0,0,0,0
60189,2,1,1988,0,0,0,0,0,0,0,0,0,0
60190,1,1,1988,40,40,40,40,40,40,40,40,40,40
60191,1,1,1988,0,0,0,0,0,0,0,0,0,0
60191,2,1,1988,0,0,0,0,0,0,0,0,0,0
60192,1,1,1988,20,20,20,20,20,20,20,20,20,20
60192,2,1,1988,9,9,9,9,9,9,9,9,9,9
60193,1,1,1988,7,7,7,7,7,7,7,7,7,7
60194,1,1,1988,0,0,0,0,0,0,0,0,0,0
60194,2,1,1988,0,0,0,0,0,0,0,0,0,0
60194,3,1,1988,0,0,0,0,0,0,0,0,0,0
60195,0,1,1988,0,0,0,0,0,0,0,0,0,0
60195,1,1,1988,12,0,15,0,0,0,11,0,24,11
60196,0,1,1988,15,15,15,15,15,15,15,15,15,15
60196,1,1,1988,0,0,0,0,0,0,0,0,0,0
60197,1,1,1988,0,0,0,0,0,0,0,0,0,0
60197,2,1,1988,0,0,0,0,0,0,0,0,0,0
60198,1,1,1988,14,14,14,14,14,14,14,14,14,14
60198,2,1,1988,0,0,27,30,0,33,0,0,24,0
60199,1,1,1988,13,13,13,13,13,13,13,13,13,13
60199,2,1,1988,0,0,0,0,0,0,0,0,0,0
60200,1,1,1988,9,9,9,9,9,9,9,9,9,9
60200,2,1,1988,3,3,3,3,3,3,3,3,3,3
60201,1,1,1988,2,2,2,2,2,2,2,2,2,2
60202,1,1,1988,19,19,19,19,19,19,19,19,19,19
60202,2,1,1988,0,0,0,0,0,0,0,0,0,0
60202,3,1,1988,16,16,16,16,16,16,16,16,16,16
60203,1,1,1988,0,0,0,0,0,0,0,0,0,0
60203,2,1,1988,0,0,0,0,0,0,0,0,0,0
60204,1,1,1988,0,0,0,0,0,0,0,0,0,0
60204,2,1,1988,0,0,0,0,0,0,0,0,0,0
60205,1,1,1988,19,19,19,19,19,19,19,19,19,19
60205,2,1,1988,0,0,0,0,0,0,0,0,0,0
60206,1,1,1988,0,0,0,0,0,0,0,0,0,0
60207,0,1,1988,0,0,0,0,0,0,0,0,0,0
60207,1,1,1988,0,0,0,0,0,0,0,0,0,21
60208,0,1,1988,0,0,0,0,0,0,0,0,0,0
60208,1,1,1988,0,0,0,0,0,24,0,9,0,0
60209,1,1,1988,2,2,2,2,2,2,2,2,2,2
60210,1,1,1988,5,22,8,5,11,14,18,10,8,0
60211,0,1,1988,24,24,24,24,24,24,24,24,24,24
60211,1,1,1988,0,0,0,0,0,0,0,0,0,0
60212,1,1,1988,0,0,0,0,0,0,0,0,0,0
60213,1,1,1988,0,0,0,0,0,0,0,0,0,0
60213,2,1,1988,0,0,0,0,0,0,0,16,0,0
60214,1,1,1988,15,15,15,15,15,15,15,15,15,15
60214,2,1,1988,0,0,14,0,0,15,5,16,0,0
60215,1,1,1988,26,26,26,26,26,26,26,26,26,26
60216,1,1,1988,22,22,22,22,22,22,22,22,22,22
60217,1,1,1988,0,0,0,0,0,0,0,0,0,0
60217,2,1,1988,0,0,0,0,0,0,0,0,0,0
60218,1,1,1988,0,0,0,0,0,0,0,0,0,0
60218,2,1,1988,0,0,0,0,0,0,0,0,0,0
60219,0,1,1988,0,0,0,0,0,0,0,0,0,0
60219,1,1,1988,0,0,0,0,0,0,0,0,0,0
60220,0,1,1988,18,18,18,18,18,18,18,18,18,18
60220,1,1,1988,0,19,0,5,0,0,0,0,0,0
60221,0,1,1988,0,0,0,0,0,0,0,0,0,0
60221,1,1,1988,13,14,0,0,0,0,6,0,0,0
60222,1,1,1988,0,0,0,0,0,0,0,0,0,0
60223,0,1,1988,0,22,22,29,24,24,26,23,15,6
60223,1,1,1988,0,0,0,0,0,0,23,0,0,0
60224,1,1,1988,0,0,0,0,0,0,0,0,0,0
60225,1,1,1988,0,0,0,0,0,45,0,0,0,0
60225,2,1,1988,25,6,13,0,16,0,14,0,0,0
60225,3,1,1988,0,0,0,0,0,0,0,0,0,0
60225,4,1,1988,0,0,0,0,0,0,0,6,0,0
60226,1,1,1988,0,0,0,0,0,0,0,0,0,0
60226,2,1,1988,0,0,0,0,0,0,0,0,0,0
60227,1,1,1988,3,3,3,3,3,3,3,3,3,3
60228,1,1,1988,21,21,21,21,21,21,21,21,21,21
60229,1,1,1988,0,0,0,0,0,0,0,0,0,0
60229,2,1,1988,14,14,14,14,14,14,14,14,14,14
60230,1,1,1988,19,19,19,19,19,19,19,19,19,19
60231,1,1,1988,29,29,29,29,29,29,29,29,29,29
60231,2,1,1988,0,0,0,13,0,0,0,16,0,0
60231,3,1,1988,0,0,0,0,0,0,0,0,9,0
60232,0,1,1988,0,47,0,33,3,7,22,32,0,0
60232,1,1,1988,0,0,0,0,0,0,0,0,0,0
60233,1,1,1988,17,0,0,0,0,0,14,13,0,26
60234,1,1,1988,0,9,0,0,0,0,0,0,0,0
60234,2,1,1988,0,0,0,0,0,0,0,0,0,0
60234,3,1,1988,0,10,0,0,0,0,0,0,0,0
60235,1,1,1988,0,0,0,0,0,0,0,0,0,0
60235,2,1,1988,0,0,0,0,0,0,0,0,0,0
60236,1,1,1988,0,0,0,0,0,0,0,0,0,0
60236,2,1,1988,0,0,0,0,0,0,0,0,0,0
60237,1,1,1988,25,25,25,25,25,25,25,25,25,25
60238,0,1,1988,26,26,26,26,26,26,26,26,26,26
60238,1,1,1988,0,0,0,0,0,0,0,0,0,0
60239,1,1,1988,0,0,0,0,0,0,0,0,0,0
60240,1,1,1988,0,0,0,0,0,0,0,0,0,0
60240,2,1,1988,0,0,0,0,0,0,0,0,0,0
60241,1,1,1988,0,0,0,0,0,0,0,0,0,0
60241,2,1,1988,0,0,0,0,0,0,0,0,0,0
60242,0,1,1988,0,0,0,0,0,0,0,0,0,0
60242,1,1,1988,0,0,0,0,0,0,0,0,0,0
60243,1,1,1988,20,20,20,20,20,20,20,20,20,20
60244,0,1,1988,0,0,0,0,0,0,0,0,0,0
60244,1,1,1988,0,0,0,0,0,13,0,0,0,0
60245,1,1,1988,0,0,0,0,0,0,0,0,0,0
60245,2,1,1988,0,0,0,0,0,0,0,0,0,0
60246,1,1,1988,0,0,0,0,0,0,0,0,0,0
60246,2,1,1988,0,0,0,0,0,0,0,0,0,0
60247,1,1,1988,0,0,0,0,0,0,0,0,0,0
60247,2,1,1988,0,0,0,0,0,0,0,0,0,0
60248,1,1,1988,0,0,0,0,0,0,0,0,0,0
60248,2,1,1988,0,0,0,0,0,0,0,0,0,0
60249,1,1,1988,0,0,0,0,0,0,0,0,0,0
60249,2,1,1988,0,0,0,0,0,0,0,0,0,0
60250,1,1,1988,14,14,14,14,14,14,14,14,14,14
60250,2,1,1988,0,0,0,0,0,0,0,0,0,0
60251,1,1,1988,0,0,0,0,0,0,0,0,0,0
60252,1,1,1988,19,19,19,19,19,19,19,19,19,19
60252,2,1,1988,0,0,0,0,0,0,0,0,0,0
60253,1,1,1988,19,0,0,0,0,0,0,0,22,0
60254,0,1,1988,0,0,0,0,0,0,0,0,0,0
60254,1,1,1988,19,0,0,0,0,0,0,0,0,0
60255,1,1,1988,0,0,0,0,0,0,0,0,0,0
60255,2,1,1988,0,0,16,11,0,0,0,19,10,0
60255,3,1,1988,14,22,0,0,0,0,0,0,0,0
60256,1,1,1988,0,0,0,0,0,0,0,0,0,0
60256,2,1,1988,0,0,0,0,0,0,0,0,0,0
60257,0,1,1988,0,29,19,10,25,59,22,0,0,23
60257,1,1,1988,13,26,0,13,0,0,0,11,12,0
60258,1,1,1988,30,30,30,30,30,30,30,30,30,30
60259,1,1,1988,0,0,0,0,0,0,0,0,0,0
60259,2,1,1988,0,0,0,0,0,0,0,0,0,0
60260,0,1,1988,22,22,22,22,22,22,22,22,22,22
60260,1,1,1988,9,9,9,9,9,9,9,9,9,9
60260,2,1,1988,22,14,16,30,4,17,22,6,23,5
60261,0,1,1988,0,0,0,0,0,0,0,0,0,0
60261,1,1,1988,9,0,0,0,0,0,0,0,0,0
60262,1,1,1988,0,0,0,0,13,0,0,0,4,0
60262,2,1,1988,23,23,23,23,23,23,23,23,23,23
60263,1,1,1988,11,11,11,11,11,11,11,11,11,11
60264,1,1,1988,0,0,0,0,0,0,0,0,0,0
60264,2,1,1988,0,25,11,11,0,0,17,6,0,0
60265,1,1,1988,0,0,0,0,0,0,0,0,0,0
60265,2,1,1988,21,21,21,21,21,21,21,21,21,21
60266,1,1,1988,0,0,0,0,0,0,0,0,0,0