ST_CASE,VEH_NO,PER_NO,YEAR,P1,P2,P3,P4,P5,P6,P7,P8,P9,P10
60541,1,1,1988,9,9,9,9,9,9,9,9,9,9
60541,2,1,1988,0,0,0,0,0,0,0,0,0,0
60542,1,1,1988,21,22,0,0,20,25,14,0,16,40
60543,1,1,1988,0,0,0,0,0,0,0,0,0,0
60544,1,1,1988,14,14,14,14,14,14,14,14,14,14
60544,2,1,1988,0,0,0,0,0,0,0,0,0,0
60545,1,1,1988,0,0,0,0,0,0,0,0,0,0
60545,2,1,1988,0,0,0,0,0,0,0,0,0,0
60546,1,1,1988,0,0,0,2,0,0,0,0,0,0
60546,2,1,1988,0,0,0,0,0,0,0,0,0,0
60547,1,1,1988,0,0,0,0,0,0,0,0,0,0
60548,1,1,1988,22,22,22,22,22,22,22,22,22,22
60549,1,1,1988,5,5,5,5,5,5,5,5,5,5
60550,1,1,1988,0,0,0,0,0,0,0,0,0,0
60551,1,1,1988,0,0,0,0,0,0,0,0,0,0
60551,2,1,1988,0,0,0,0,0,0,0,0,0,0
60552,1,1,1988,18,18,18,18,18,18,18,18,18,18
60552,2,1,1988,0,0,0,0,15,0,0,2,9,0
60553,0,1,1988,28,28,28,28,28,28,28,28,28,28
60553,1,1,1988,0,0,0,0,0,0,0,0,0,0
60554,1,1,1988,0,0,0,0,0,0,0,0,0,0
60555,1,1,1988,19,19,19,19,19,19,19,19,19,19
60556,0,1,1988,0,0,0,0,0,0,0,0,0,0
60556,1,1,1988,20,20,20,20,20,20,20,20,20,20
60556,2,1,1988,0,13,7,10,15,16,16,10,12,5
60557,1,1,1988,0,16,8,17,8,7,8,0,0,5
60557,2,1,1988,0,0,0,0,29,0,0,0,0,0
60558,0,1,1988,30,30,30,30,30,30,30,30,30,30
60558,1,1,1988,0,0,0,0,0,0,0,0,0,0
60558,2,1,1988,13,0,0,8,0,0,5,0,0,0
60558,3,1,1988,0,0,0,0,0,0,0,0,0,0
60559,1,1,1988,5,5,5,5,5,5,5,5,5,5
60560,1,1,1988,0,0,0,0,0,0,0,0,0,0
60560,2,1,1988,0,0,0,0,0,0,0,0,22,0
60561,1,1,1988,0,0,0,0,0,0,0,0,0,0
60562,0,1,1988,0,0,0,28,12,0,0,0,0,0
60562,1,1,1988,0,0,0,0,0,0,0,0,0,0
60563,1,1,1988,0,0,0,0,0,0,0,0,0,0
60563,2,1,1988,0,0,0,0,0,17,0,0,0,0
60564,0,1,1988,0,0,0,0,0,0,0,0,0,0
60564,1,1,1988,28,0,0,0,0,0,0,0,0,0
60565,1,1,1988,11,21,31,28,0,0,24,16,22,0
60566,0,1,1988,19,0,41,0,14,16,0,0,0,0
60566,1,1,1988,0,0,0,0,0,0,0,0,0,0
60567,1,1,1988,0,0,0,0,0,0,0,0,0,0
60568,0,1,1988,0,31,0,0,0,0,20,31,29,0
60568,0,2,1988,0,36,0,13,9,4,35,9,0,20
60568,0,3,1988,0,0,0,0,0,0,0,0,0,0
60568,0,4,1988,0,0,0,0,0,0,0,0,0,0
60568,0,5,1988,0,7,18,0,44,16,15,0,27,17
60568,0,6,1988,0,0,0,0,0,0,0,0,0,0
60568,0,7,1988,11,19,26,12,0,21,0,15,25,25
60568,0,8,1988,11,16,10,18,14,7,19,20,0,9
60568,0,9,1988,12,0,0,0,0,7,11,0,14,31
60568,0,10,1988,0,0,26,11,10,39,17,24,27,32
60568,0,11,1988,24,0,25,0,16,29,16,9,0,23
60568,0,12,1988,30,35,0,21,23,0,0,31,10,14
60568,1,1,1988,0,0,0,0,0,0,0,24,0,0
60568,2,1,1988,0,0,0,0,0,0,0,0,0,0
60568,3,1,1988,0,0,0,0,0,0,0,0,0,0
60569,0,1,1988,0,0,0,0,0,0,0,0,0,0
60569,1,1,1988,0,0,0,0,0,15,0,0,0,0
60570,0,1,1988,22,22,22,22,22,22,22,22,22,22
60570,1,1,1988,0,0,0,0,0,0,0,0,0,0
60571,0,1,1988,0,0,0,0,0,0,0,0,0,0
60571,1,1,1988,0,0,11,0,6,10,13,0,11,38
60572,1,1,1988,27,27,27,27,27,27,27,27,27,27
60573,1,1,1988,20,20,20,20,20,20,20,20,20,20
60574,1,1,1988,0,0,0,9,0,0,0,0,0,0
60575,1,1,1988,0,0,0,0,0,0,0,0,0,0
60575,2,1,1988,0,0,0,0,0,0,0,0,0,0
60576,1,1,1988,7,7,7,7,7,7,7,7,7,7
60576,2,1,1988,5,5,5,5,5,5,5,5,5,5
60576,3,1,1988,15,15,15,15,15,15,15,15,15,15
60577,0,1,1988,0,0,0,0,0,0,0,0,0,0
60577,1,1,1988,0,0,0,0,0,0,0,0,0,0
60578,1,1,1988,0,0,0,0,0,0,0,0,0,0
60578,2,1,1988,0,0,0,13,0,0,0,0,0,0
60579,1,1,1988,2,2,2,2,2,2,2,2,2,2
60580,1,1,1988,21,21,21,21,21,21,21,21,21,21
60580,2,1,1988,0,0,0,0,29,0,0,0,0,0
60581,1,1,1988,1,1,1,1,1,1,1,1,1,1
60582,1,1,1988,7,7,7,7,7,7,7,7,7,7
60583,1,1,1988,23,23,23,23,23,23,23,23,23,23
60583,2,1,1988,0,6,0,0,0,0,0,0,21,0
60584,1,1,1988,0,0,0,0,0,0,0,0,0,0
60585,1,1,1988,0,0,0,0,21,0,0,8,0,0
60586,0,1,1988,0,0,0,0,0,0,0,0,0,0
60586,1,1,1988,0,0,0,0,0,0,0,0,0,0
60587,0,1,1988,0,0,0,0,0,0,0,0,0,0
60587,1,1,1988,0,0,0,0,0,0,0,0,0,0
60588,1,1,1988,0,0,0,0,0,0,0,0,0,0
60589,1,1,1988,0,0,9,0,0,0,0,0,0,0
60589,2,1,1988,0,0,0,0,0,0,0,0,0,0
60590,0,1,1988,18,18,18,18,18,18,18,18,18,18
60590,1,1,1988,0,0,0,0,0,0,0,0,0,0
60590,2,1,1988,0,0,0,0,0,0,0,0,0,0
60590,3,1,1988,0,0,0,0,0,0,0,0,0,0
60590,4,1,1988,0,0,0,0,0,0,0,11,0,0
60591,1,1,1988,0,0,0,0,0,0,0,0,0,0
60591,2,1,1988,9,0,0,0,0,0,0,0,0,0
60592,1,1,1988,10,10,10,10,10,10,10,10,10,10
60593,0,1,1988,0,0,0,0,0,0,0,0,0,0
60593,1,1,1988,0,0,0,0,0,0,0,0,0,0
60594,1,1,1988,15,0,0,0,0,14,0,22,0,10
60594,2,1,1988,18,18,18,18,18,18,18,18,18,18
60595,1,1,1988,12,12,12,12,12,12,12,12,12,12
60596,0,1,1988,0,0,0,0,0,0,0,0,0,0
60596,1,1,1988,0,0,0,0,0,0,0,0,0,0
60597,1,1,1988,0,0,0,0,0,0,0,0,0,0
60597,2,1,1988,0,0,0,0,0,0,0,0,0,0
60598,1,1,1988,0,0,0,0,0,0,0,0,0,0
60599,1,1,1988,0,0,0,0,12,0,0,0,0,0
60599,2,1,1988,0,0,0,0,0,0,0,0,0,0
60600,1,1,1988,20,20,20,20,20,20,20,20,20,20
60601,1,1,1988,20,20,20,20,20,20,20,20,20,20
60602,1,1,1988,0,0,0,0,0,0,0,0,0,0
60603,1,1,1988,23,23,23,23,23,23,23,23,23,23
60604,1,1,1988,0,0,0,0,0,0,0,0,0,0
60604,2,1,1988,0,0,0,0,0,0,0,0,4,0
60605,0,1,1988,40,28,6,22,13,6,22,17,0,10
60605,1,1,1988,0,0,0,0,0,0,0,0,0,0
60605,2,1,1988,0,0,0,0,0,0,0,0,0,0
60605,4,1,1988,0,0,0,0,0,0,0,0,0,0
60605,5,1,1988,0,0,0,0,0,0,0,0,0,0
60605,6,1,1988,0,0,0,0,0,0,0,0,0,7
60606,1,1,1988,5,5,5,5,5,5,5,5,5,5
60607,0,1,1988,0,0,0,0,0,0,0,0,0,0
60607,1,1,1988,12,12,12,12,12,12,12,12,12,12
60608,0,1,1988,6,6,6,6,6,6,6,6,6,6
60608,0,2,1988,29,29,0,20,23,12,0,17,13,21
60608,1,1,1988,0,0,0,0,0,0,0,0,0,0
60609,0,1,1988,24,24,24,24,24,24,24,24,24,24
60609,1,1,1988,0,0,0,0,0,0,0,0,0,12
60610,1,1,1988,17,17,17,17,17,17,17,17,17,17
60611,1,1,1988,0,0,0,0,0,0,0,0,0,0
60611,2,1,1988,0,0,0,0,0,0,0,0,0,0
60612,1,1,1988,6,6,6,6,6,6,6,6,6,6
60612,2,1,1988,0,0,0,0,0,0,0,0,0,0
60613,1,1,1988,0,8,0,0,0,0,0,0,0,0
60614,1,1,1988,8,8,8,8,8,8,8,8,8,8
60614,2,1,1988,0,0,0,0,0,0,0,0,0,0
60615,1,1,1988,20,20,20,20,20,20,20,20,20,20
60615,2,1,1988,0,0,0,0,0,0,0,0,0,0
60616,1,1,1988,0,0,0,0,0,0,0,0,0,0
60617,1,1,1988,26,26,26,26,26,26,26,26,26,26
60618,0,1,1988,0,0,0,0,0,0,0,0,0,0
60618,1,1,1988,17,17,17,17,17,17,17,17,17,17
60619,1,1,1988,15,11,19,20,28,0,28,23,13,19
60620,0,1,1988,0,0,0,0,0,0,0,0,0,0
60620,1,1,1988,0,0,0,0,16,0,0,0,0,0
60621,1,1,1988,10,10,10,10,10,10,10,10,10,10
60622,1,1,1988,0,0,0,0,0,0,0,0,0,0
60622,2,1,1988,0,0,0,0,0,0,0,0,0,0
60623,1,1,1988,0,0,0,0,0,0,0,0,0,0
60624,1,1,1988,13,13,13,13,13,13,13,13,13,13
60624,2,1,1988,0,0,0,0,0,0,0,0,0,0
60625,1,1,1988,0,0,0,0,0,0,0,0,0,0
60626,1,1,1988,0,0,0,0,0,0,0,0,0,0
60626,2,1,1988,0,0,0,0,0,0,0,0,0,0
60627,0,1,1988,0,0,0,0,0,0,0,0,0,0
60627,1,1,1988,0,0,0,9,0,0,0,0,0,0
60628,1,1,1988,0,0,0,0,0,0,0,0,0,0
60628,2,1,1988,0,0,0,0,0,0,0,0,0,0
60628,3,1,1988,0,0,0,0,0,0,0,0,0,0
60629,1,1,1988,0,0,0,0,0,0,0,0,0,0
60629,2,1,1988,0,0,0,0,0,0,0,0,0,0
60630,1,1,1988,13,13,13,13,13,13,13,13,13,13
60630,2,1,1988,0,0,0,12,0,12,5,0,0,0
60631,1,1,1988,13,13,13,13,13,13,13,13,13,13
60631,2,1,1988,0,0,0,0,0,0,0,0,0,0
60632,1,1,1988,0,0,0,0,0,0,0,0,0,0
60633,0,1,1988,0,0,0,0,0,0,0,0,0,0
60633,1,1,1988,0,0,0,0,0,0,0,0,0,0
60634,0,1,1988,0,0,0,0,0,0,0,0,0,0
60634,0,2,1988,14,0,0,6,28,0,0,0,0,31
60634,0,3,1988,0,0,9,0,0,28,0,0,12,0
60634,1,1,1988,0,0,0,0,0,0,0,0,0,0
60635,0,1,1988,0,0,0,0,0,0,0,0,0,0
60635,1,1,1988,0,0,0,0,0,0,0,0,0,0
60636,1,1,1988,9,9,9,9,9,9,9,9,9,9
60636,2,1,1988,0,0,0,0,0,0,0,0,0,0
60637,1,1,1988,14,14,14,14,14,14,14,14,14,14
60637,2,1,1988,0,0,0,0,0,0,0,0,0,0
60638,1,1,1988,0,0,0,0,0,0,0,0,0,0
60638,2,1,1988,0,0,0,0,0,0,0,0,0,0
60639,1,1,1988,8,8,8,8,8,8,8,8,8,8
60640,1,1,1988,0,0,0,0,0,0,0,0,0,0
60640,2,1,1988,0,0,0,0,0,0,0,0,0,0
60641,1,1,1988,26,0,0,0,0,0,0,0,0,0
60641,2,1,1988,6,0,0,0,0,0,0,0,0,0
60641,3,1,1988,0,0,0,0,0,0,0,0,0,0
60642,0,1,1988,16,16,16,16,16,16,16,16,16,16
60642,1,1,1988,0,0,0,0,0,0,0,0,0,0
60643,1,1,1988,36,36,36,36,36,36,36,36,36,36
60644,1,1,1988,13,13,13,13,13,13,13,13,13,13
60645,1,1,1988,4,4,4,4,4,4,4,4,4,4
60646,1,1,1988,0,0,0,0,0,0,0,0,0,0
60646,2,1,1988,9,9,9,9,9,9,9,9,9,9
60647,0,1,1988,0,0,0,0,0,0,0,0,0,0
60647,1,1,1988,18,6,0,0,0,0,0,6,0,0
60648,1,1,1988,17,17,17,17,17,17,17,17,17,17
60648,2,1,1988,0,0,0,0,0,0,0,0,0,0
60648,3,1,1988,0,0,0,0,0,0,0,0,0,0
60649,1,1,1988,31,31,31,31,31,31,31,31,31,31
60649,2,1,1988,0,0,0,0,0,0,0,0,0,0
60650,1,1,1988,14,14,14,14,14,14,14,14,14,14
60651,1,1,1988,0,0,0,0,0,0,0,0,0,0
60652,1,1,1988,0,0,0,0,0,0,0,0,0,0
60652,2,1,1988,0,0,0,0,21,0,0,0,9,0
60653,0,1,1988,0,0,0,0,0,0,0,0,0,0
60653,1,1,1988,0,16,0,0,0,0,0,0,0,10
60654,1,1,1988,0,0,0,0,0,0,0,0,0,0
60654,2,1,1988,0,0,0,0,0,0,0,7,0,0
60655,0,1,1988,19,19,19,19,19,19,19,19,19,19
60655,1,1,1988,0,0,0,11,0,0,0,10,0,6
60656,1,1,1988,0,0,0,0,0,0,0,0,0,0
60657,1,1,1988,7,7,7,7,7,7,7,7,7,7
60658,1,1,1988,12,7,12,8,18,12,15,0,8,11
60658,2,1,1988,0,0,0,6,0,0,10,0,0,0
60659,0,1,1988,0,0,0,0,0,0,0,0,0,0
60659,1,1,1988,24,24,24,24,24,24,24,24,24,24
60660,1,1,1988,0,0,0,0,0,0,0,0,0,0
60660,2,1,1988,0,0,0,0,0,0,0,0,0,0
60660,3,1,1988,0,9,0,0,0,0,0,0,0,0
60660,4,1,1988,0,0,0,0,0,0,0,0,0,0
60660,5,1,1988,0,0,0,0,0,0,0,0,0,0
60661,1,1,1988,24,24,24,24,24,24,24,24,24,24
60661,2,1,1988,0,0,0,0,0,0,0,0,0,0
60662,1,1,1988,0,0,0,0,0,0,0,0,0,0
60662,2,1,1988,16,16,16,16,16,16,16,16,16,16
60663,0,1,1988,33,33,33,33,33,33,33,33,33,33
60663,1,1,1988,10,28,23,15,11,12,28,17,17,12
60664,1,1,1988,0,0,0,0,0,0,0,0,0,0
60664,2,1,1988,0,0,0,0,0,0,0,0,0,0
60665,1,1,1988,0,0,0,0,0,0,0,0,0,0
60665,2,1,1988,1,1,1,1,1,1,1,1,1,1
60666,0,1,1988,0,0,0,0,0,0,0,0,0,0
60666,1,1,1988,8,18,28,6,0,12,4,24,26,0
60667,0,1,1988,6,6,6,6,6,6,6,6,6,6
60667,0,2,1988,34,0,30,15,16,20,0,0,0,19
60667,1,1,1988,0,0,0,0,19,0,0,0,0,0
60668,1,1,1988,24,24,24,24,24,24,24,24,24,24
60669,1,1,1988,13,21,14,11,4,9,16,16,0,5
60669,2,1,1988,6,6,6,6,6,6,6,6,6,6
60670,1,1,1988,0,0,5,0,0,0,0,0,0,0
60671,1,1,1988,0,0,0,0,0,0,0,0,0,0
60671,2,1,1988,6,6,6,6,6,6,6,6,6,6
60672,1,1,1988,16,16,16,16,16,16,16,16,16,16
60673,1,1,1988,0,0,0,0,0,0,0,0,0,0
60673,2,1,1988,0,0,0,0,0,0,0,0,0,0
60674,1,1,1988,0,14,0,0,0,0,0,0,4,0
60675,0,1,1988,21,21,21,21,21,21,21,21,21,21
60675,1,1,1988,0,0,0,0,0,0,0,0,0,0
60676,1,1,1988,13,13,13,13,13,13,13,13,13,13
60677,0,1,1988,10,10,10,10,10,10,10,10,10,10
60677,1,1,1988,0,0,0,0,0,0,0,0,0,0
60677,2,1,1988,0,0,21,0,0,0,0,0,0,0
60678,0,1,1988,0,0,0,0,0,0,0,0,0,0
60678,1,1,1988,0,0,0,0,0,0,0,0,13,0
60679,1,1,1988,0,0,0,0,0,0,0,0,0,0
60679,2,1,1988,0,0,19,0,0,0,0,0,0,0
60680,0,1,1988,0,0,0,0,0,0,0,0,0,0
60680,0,2,1988,0,0,0,0,0,0,0,0,0,0
60680,1,1,1988,0,3,0,0,0,0,32,4,0,0
60681,1,1,1988,17,17,17,17,17,17,17,17,17,17
60681,2,1,1988,0,0,0,0,0,0,0,0,0,0
60682,1,1,1988,0,0,0,0,0,0,0,0,0,0
60683,0,1,1988,0,0,0,0,0,0,0,0,0,0
60683,0,2,1988,0,0,0,0,0,0,0,0,9,0
60683,1,1,1988,0,0,0,0,0,0,0,0,0,0
60684,1,1,1988,16,16,16,16,16,16,16,16,16,16
60685,1,1,1988,12,12,12,12,12,12,12,12,12,12
60686,1,1,1988,0,0,0,0,0,0,0,0,0,0
60687,1,1,1988,19,19,19,19,19,19,19,19,19,19
60687,2,1,1988,0,0,0,0,0,0,0,0,0,0
60688,0,1,1988,0,0,0,0,0,0,0,0,0,0
60688,1,1,1988,0,0,0,0,0,0,0,0,0,0
60689,1,1,1988,0,0,0,9,17,0,0,0,21,0
60690,0,1,1988,24,24,24,24,24,24,24,24,24,24
60690,1,1,1988,0,0,0,0,0,0,0,0,0,0
60691,1,1,1988,9,0,14,12,20,10,0,0,27,0
60691,2,1,1988,13,13,13,13,13,13,13,13,13,13
60692,1,1,1988,0,0,0,0,0,0,9,0,0,0
60692,2,1,1988,0,0,0,0,0,0,0,0,0,0
60693,1,1,1988,0,0,0,0,0,0,0,0,0,0
60694,1,1,1988,0,0,0,0,0,0,0,0,0,0
60694,2,1,1988,0,0,0,0,0,0,0,0,0,0
60695,1,1,1988,0,0,0,0,0,0,0,0,0,0
60695,2,1,1988,0,0,0,0,0,0,0,0,0,0
60696,0,1,1988,29,29,29,29,29,29,29,29,29,29
60696,1,1,1988,0,0,0,0,6,0,0,0,0,0
60697,0,1,1988,0,0,0,0,0,0,30,0,0,0
60697,1,1,1988,0,0,0,0,0,0,0,0,0,0
60698,1,1,1988,0,0,20,0,0,0,0,0,0,20
60700,1,1,1988,0,0,0,0,0,0,0,0,0,0
60700,2,1,1988,0,0,0,0,0,0,0,0,0,0
60701,1,1,1988,0,0,0,0,0,0,0,0,0,0
60701,2,1,1988,0,0,0,0,0,0,0,0,0,0
60702,1,1,1988,0,0,0,0,0,0,0,0,0,0
60702,2,1,1988,0,0,0,0,0,0,0,0,0,0
60703,0,1,1988,4,4,4,4,4,4,4,4,4,4
60703,1,1,1988,0,0,0,0,5,0,0,0,0,0
60704,1,1,1988,0,0,0,0,0,0,0,0,0,0
60704,2,1,1988,0,0,0,0,0,0,0,0,0,12
60705,0,1,1988,0,0,0,0,0,0,0,0,0,0
60705,1,1,1988,0,0,0,0,0,0,0,0,0,0
60706,1,1,1988,10,10,10,10,10,10,10,10,10,10
60706,2,1,1988,0,0,0,0,0,0,0,0,0,0
60707,0,1,1988,0,0,0,0,0,0,0,0,0,0
60707,1,1,1988,0,0,0,0,0,0,0,0,0,0
60708,1,1,1988,0,0,0,0,0,0,0,0,0,0
60708,2,1,1988,24,0,0,0,0,21,0,0,0,15
60709,1,1,1988,17,17,17,17,17,17,17,17,17,17
60710,1,1,1988,0,0,0,0,0,0,0,0,0,0
60710,2,1,1988,0,0,0,0,0,0,0,0,0,0
60711,1,1,1988,0,0,0,0,0,0,0,0,0,0
60711,2,1,1988,0,0,0,0,0,0,0,0,0,0
60712,1,1,1988,0,0,0,0,0,0,0,0,0,0
60712,2,1,1988,0,0,0,0,0,0,0,0,0,0
60713,1,1,1988,0,0,0,0,0,0,0,0,0,0
60713,2,1,1988,0,0,0,0,0,0,0,0,0,0
60714,1,1,1988,0,0,0,0,0,0,0,0,0,0
60714,2,1,1988,5,5,5,5,5,5,5,5,5,5
60715,1,1,1988,21,21,21,21,21,21,21,21,21,21
60716,1,1,1988,19,19,19,19,19,19,19,19,19,19
60717,1,1,1988,0,0,21,0,0,0,0,7,0,0
60718,0,1,1988,0,0,0,0,0,0,0,0,0,0
60718,1,1,1988,0,14,0,0,0,0,24,0,13,0
60719,1,1,1988,0,0,0,0,0,0,0,0,0,0
60720,1,1,1988,0,0,0,0,0,0,0,0,0,0
60720,2,1,1988,0,0,0,0,0,0,0,0,0,0
60721,1,1,1988,22,22,22,22,22,22,22,22,22,22
60721,2,1,1988,0,0,0,0,0,0,0,0,0,0
60722,1,1,1988,0,0,0,0,0,0,0,0,0,0
60723,1,1,1988,2,2,2,2,2,2,2,2,2,2
60723,2,1,1988,0,0,0,0,0,0,0,0,0,0
60723,3,1,1988,0,0,0,0,0,0,0,0,0,0
60724,1,1,1988,0,0,0,0,0,0,0,0,0,0
60724,2,1,1988,0,0,0,0,0,0,0,0,0,0
60725,0,1,1988,0,0,0,0,0,0,0,0,0,0
60725,1,1,1988,0,0,0,0,0,0,0,0,0,0
60726,1,1,1988,13,13,13,13,13,13,13,13,13,13
60727,1,1,1988,0,0,0,0,0,0,0,16,0,0
60728,1,1,1988,0,0,0,0,0,0,0,0,0,0
60729,1,1,1988,0,0,0,0,0,0,0,0,12,0
60729,2,1,1988,0,0,0,0,0,0,0,0,0,0
60730,1,1,1988,0,0,0,0,0,0,0,0,0,0
60730,2,1,1988,0,0,0,0,0,0,0,0,0,0
60731,0,1,1988,27,27,27,27,27,27,27,27,27,27
60731,1,1,1988,0,22,0,0,11,0,0,0,0,0
60732,1,1,1988,0,0,0,0,0,0,0,0,0,0
60732,2,1,1988,0,0,0,0,0,0,0,19,0,0
60733,1,1,1988,11,11,11,11,11,11,11,11,11,11
60734,1,1,1988,23,23,23,23,23,23,23,23,23,23
60736,1,1,1988,25,25,25,25,25,25,25,25,25,25
60736,2,1,1988,0,0,0,0,0,0,0,0,0,0
60737,1,1,1988,6,6,6,6,6,6,6,6,6,6
60737,2,1,1988,0,0,0,0,0,0,0,0,0,0
60738,1,1,1988,28,28,28,28,28,28,28,28,28,28
60739,1,1,1988,19,19,19,19,19,19,19,19,19,19
60740,0,1,1988,9,30,44,39,24,18,22,12,22,32
60740,1,1,1988,0,0,17,0,0,0,15,23,0,0
60741,1,1,1988,8,9,8,3,6,4,9,14,10,18
60742,0,1,1988,25,25,25,25,25,25,25,25,25,25
60742,1,1,1988,0,0,0,0,0,0,0,0,0,0
60743,0,1,1988,0,0,0,0,0,0,0,0,0,0
60743,1,1,1988,0,0,0,0,0,0,0,0,0,0
60744,1,1,1988,0,0,0,0,0,0,0,0,0,0
60744,2,1,1988,0,0,0,0,0,0,0,0,0,0
60745,1,1,1988,0,0,0,0,0,0,0,0,0,0
60746,1,1,1988,9,9,9,9,9,9,9,9,9,9
60746,2,1,1988,0,0,0,0,0,0,0,0,0,0
60747,1,1,1988,13,13,13,13,13,13,13,13,13,13
60748,1,1,1988,0,0,0,0,0,0,0,0,0,0
60748,2,1,1988,0,0,0,0,0,0,0,0,0,0
60749,1,1,1988,2,2,2,2,2,2,2,2,2,2
60750,1,1,1988,0,0,0,0,0,0,0,0,0,0
60751,1,1,1988,14,14,14,14,14,14,14,14,14,14
60752,1,1,1988,9,9,9,9,9,9,9,9,9,9
60753,1,1,1988,7,7,7,7,7,7,7,7,7,7
60754,0,1,1988,0,0,0,0,0,0,0,0,0,0
60754,0,2,1988,0,0,0,0,0,0,0,0,0,0
60754,0,3,1988,0,37,16,19,0,15,0,0,25,6
60754,1,1,1988,10,10,10,10,10,10,10,10,10,10
60755,1,1,1988,0,0,0,0,0,0,0,0,0,0
60756,0,1,1988,0,0,0,0,0,0,0,0,0,0
60756,1,1,1988,0,0,0,0,0,0,0,0,15,0
60757,1,1,1988,0,0,0,0,0,0,0,0,0,0
60757,2,1,1988,0,0,0,0,0,0,0,0,0,0
60758,1,1,1988,0,0,0,0,0,0,0,0,9,0
60758,2,1,1988,0,0,0,0,0,0,0,0,0,0
60759,0,1,1988,0,0,0,0,0,0,0,0,0,0
60759,1,1,1988,26,26,26,26,26,26,26,26,26,26
60759,2,1,1988,0,0,0,0,0,0,0,0,0,0
60760,1,1,1988,0,0,0,0,0,0,0,0,0,0
60760,2,1,1988,16,16,16,16,16,16,16,16,16,16
60761,1,1,1988,0,0,0,0,0,0,0,0,0,0
60761,2,1,1988,0,0,0,0,0,0,0,0,0,0
60762,1,1,1988,0,0,0,0,0,0,0,0,0,0
60763,0,1,1988,0,0,0,0,0,0,0,0,0,0
60763,1,1,1988,24,24,24,24,24,24,24,24,24,24
60764,1,1,1988,19,19,19,19,19,19,19,19,19,19
60764,2,1,1988,0,0,0,0,0,0,0,0,10,7
60765,1,1,1988,9,9,9,9,9,9,9,9,9,9
60765,2,1,1988,0,12,0,0,0,0,0,0,0,0
60766,0,1,1988,43,43,43,43,43,43,43,43,43,43
60766,1,1,1988,0,0,0,0,11,0,0,0,0,0
60767,1,1,1988,0,0,0,0,0,0,0,0,0,0
60768,1,1,1988,0,0,0,0,0,0,0,0,0,0
60768,2,1,1988,0,0,0,0,0,0,0,0,0,0
60768,3,1,1988,0,0,0,0,0,0,0,0,0,0
60769,1,1,1988,37,37,37,37,37,37,37,37,37,37
60770,1,1,1988,0,0,0,8,0,0,0,0,0,0
60770,2,1,1988,0,0,0,0,0,0,0,0,0,0
60771,1,1,1988,11,11,11,11,11,11,11,11,11,11
60772,0,1,1988,16,16,16,16,16,16,16,16,16,16
60772,1,1,1988,16,16,16,16,16,16,16,16,16,16
60773,0,1,1988,0,0,0,0,0,0,0,0,0,0
60773,1,1,1988,0,0,0,0,0,0,0,0,0,0
60774,0,1,1988,12,12,12,12,12,12,12,12,12,12
60774,1,1,1988,0,0,0,20,0,0,0,0,0,0
60775,1,1,1988,0,0,0,0,0,0,0,0,0,0
60776,1,1,1988,0,0,0,0,0,0,0,0,0,0
60777,1,1,1988,0,0,0,0,0,0,0,0,0,0
60778,0,1,1988,0,0,0,0,0,0,0,0,0,0
60778,1,1,1988,0,11,0,0,0,0,35,8,0,25
60779,1,1,1988,13,13,13,13,13,13,13,13,13,13
60779,2,1,1988,15,0,0,0,0,18,8,0,19,0
60780,1,1,1988,0,0,0,0,0,0,0,0,0,0
60781,1,1,1988,20,20,20,20,20,20,20,20,20,20
60782,1,1,1988,21,8,14,14,22,13,3,11,23,10
60782,2,1,1988,0,0,0,0,8,0,0,0,0,0
60783,1,1,1988,0,0,0,0,0,0,0,0,0,0
60783,2,1,1988,0,0,0,0,0,0,0,0,0,0
60784,1,1,1988,15,15,15,15,15,15,15,15,15,15
60785,1,1,1988,0,0,0,0,0,0,0,0,0,0
60785,2,1,1988,0,0,0,0,0,0,0,0,0,0
60785,3,1,1988,0,0,0,0,0,0,0,0,0,0
60785,4,1,1988,0,0,0,20,0,0,0,0,0,0
60786,0,1,1988,0,0,0,0,0,0,0,0,0,0
60786,1,1,1988,0,0,0,0,0,0,0,0,0,0
60787,0,1,1988,0,0,0,0,0,0,0,0,0,0
60787,0,2,1988,0,17,0,0,0,0,0,13,11,0
60787,1,1,1988,0,0,0,0,0,0,0,0,0,0
60788,1,1,1988,14,14,14,14,14,14,14,14,14,14
60789,0,1,1988,0,0,0,0,0,0,0,0,0,0
60789,0,2,1988,0,0,0,0,0,0,0,0,18,0
60789,0,3,1988,6,17,25,10,0,0,0,0,14,25
60789,0,4,1988,12,12,7,33,11,0,0,0,44,0
60789,0,5,1988,0,0,0,0,0,13,15,0,20,0
60789,0,6,1988,8,6,0,0,12,26,0,0,0,14
60789,1,1,1988,20,20,20,20,20,20,20,20,20,20
60790,1,1,1988,2,2,2,2,2,2,2,2,2,2
60791,1,1,1988,0,0,0,0,0,0,0,0,0,0
60791,2,1,1988,0,0,0,0,0,0,0,0,0,0
60792,1,1,1988,13,13,13,13,13,13,13,13,13,13
60793,1,1,1988,16,16,16,16,16,16,16,16,16,16
60794,1,1,1988,0,0,0,0,0,0,0,0,0,0
60794,2,1,1988,20,20,20,20,20,20,20,20,20,20
60795,1,1,1988,0,0,0,0,0,0,0,0,0,0
60795,2,1,1988,0,0,0,0,0,0,0,0,0,0
60795,3,1,1988,11,0,0,0,0,0,0,0,0,0
60796,1,1,1988,0,0,0,0,0,0,0,0,0,0
60796,2,1,1988,0,0,0,0,0,0,0,0,0,0
60797,1,1,1988,0,0,0,0,0,0,0,0,0,0
60798,1,1,1988,0,0,0,0,0,0,0,0,0,0
60798,2,1,1988,0,0,0,0,0,0,0,20,0,0
60799,0,1,1988,9,9,9,9,9,9,9,9,9,9
60799,1,1,1988,0,0,0,0,0,0,0,0,0,0
60800,1,1,1988,16,16,16,16,16,16,16,16,16,16
60800,2,1,1988,0,0,0,0,0,15,0,0,0,0
60801,0,1,1988,16,16,16,16,16,16,16,16,16,16
60801,1,1,1988,0,0,0,15,0,0,0,0,25,0
60802,1,1,1988,28,28,28,28,28,28,28,28,28,28
60803,1,1,1988,18,18,18,18,18,18,18,18,18,18
60804,1,1,1988,0,0,0,9,0,12,0,0,0,0
60805,1,1,1988,0,0,0,0,0,0,0,0,0,0