ST_CASE,VEH_NO,PER_NO,YEAR,P1,P2,P3,P4,P5,P6,P7,P8,P9,P10
60806,1,1,1988,12,12,12,12,12,12,12,12,12,12
60807,1,1,1988,9,9,9,9,9,9,9,9,9,9
60808,1,1,1988,0,0,0,0,0,0,0,31,8,0
60808,2,1,1988,0,0,0,0,0,0,0,0,0,0
60809,1,1,1988,0,0,0,0,0,0,0,0,0,0
60810,1,1,1988,0,0,0,0,0,0,0,0,0,0
60811,1,1,1988,10,10,10,10,10,10,10,10,10,10
60812,0,1,1988,0,28,0,0,0,0,0,0,0,0
60812,1,1,1988,0,0,0,0,0,0,0,0,0,0
60813,1,1,1988,0,0,0,0,0,0,0,0,0,0
60813,2,1,1988,0,0,0,0,0,0,10,0,0,0
60814,1,1,1988,16,16,16,16,16,16,16,16,16,16
60815,0,1,1988,0,0,0,0,0,0,0,0,0,0
60815,1,1,1988,14,0,8,0,0,0,0,0,0,3
60816,0,1,1988,0,0,0,0,0,0,0,0,0,0
60816,1,1,1988,0,0,0,0,0,0,0,0,0,0
60817,1,1,1988,26,26,26,26,26,26,26,26,26,26
60817,2,1,1988,0,0,0,0,0,0,0,0,0,0
60818,1,1,1988,0,0,6,0,0,0,0,0,0,0
60818,2,1,1988,20,20,20,20,20,20,20,20,20,20
60819,1,1,1988,6,6,6,6,6,6,6,6,6,6
60820,0,1,1988,0,0,0,0,0,0,0,0,0,0
60820,1,1,1988,0,0,0,0,0,0,0,0,0,0
60821,1,1,1988,0,0,0,0,0,0,0,0,0,0
60822,1,1,1988,0,0,0,0,0,0,0,0,0,0
60822,2,1,1988,0,0,0,0,0,0,0,0,0,0
60823,1,1,1988,0,0,0,0,0,0,0,0,0,0
60824,1,1,1988,25,25,25,25,25,25,25,25,25,25
60825,1,1,1988,0,0,0,0,0,0,0,0,0,0
60825,2,1,1988,17,17,17,17,17,17,17,17,17,17
60826,1,1,1988,13,13,13,13,13,13,13,13,13,13
60827,0,1,1988,0,0,0,0,0,0,0,0,0,0
60827,1,1,1988,0,0,0,0,0,0,0,11,0,0
60828,1,1,1988,29,29,29,29,29,29,29,29,29,29
60829,1,1,1988,2,2,2,2,2,2,2,2,2,2
60830,1,1,1988,23,23,23,23,23,23,23,23,23,23
60830,2,1,1988,0,0,24,0,0,15,0,0,17,0
60831,1,1,1988,0,0,0,16,0,0,0,17,0,0
60831,2,1,1988,0,0,0,0,0,0,0,0,0,0
60832,0,1,1988,0,0,0,0,0,0,0,0,0,0
60832,1,1,1988,0,0,0,0,0,0,0,0,0,0
60833,1,1,1988,0,24,0,0,14,14,0,15,0,0
60833,2,1,1988,0,0,0,25,0,0,0,0,0,0
60834,0,1,1988,5,0,40,26,18,25,0,25,14,0
60834,1,1,1988,14,0,0,0,0,0,0,0,0,0
60834,2,1,1988,0,0,0,0,0,0,0,15,0,0
60834,4,1,1988,18,10,0,0,0,0,0,0,0,0
60834,5,1,1988,0,0,0,0,0,0,0,0,0,0
60835,1,1,1988,17,17,17,17,17,17,17,17,17,17
60836,1,1,1988,15,15,15,15,15,15,15,15,15,15
60836,2,1,1988,0,0,0,0,0,0,0,0,0,0
60837,0,1,1988,0,0,13,11,0,0,0,0,0,0
60837,0,2,1988,0,0,0,0,0,0,0,0,0,0
60837,1,1,1988,0,0,0,0,0,0,0,0,0,0
60837,2,1,1988,0,0,0,0,0,0,0,17,0,0
60837,3,1,1988,0,0,0,0,0,0,0,0,0,0
60837,4,1,1988,0,0,0,0,0,11,21,0,0,0
60837,5,1,1988,0,0,0,0,13,0,0,0,20,0
60838,0,1,1988,3,3,3,3,3,3,3,3,3,3
60838,1,1,1988,0,0,0,0,0,0,0,0,0,0
60839,0,1,1988,0,0,0,0,0,0,0,0,0,0
60839,1,1,1988,0,0,0,0,0,0,0,19,0,0
60840,1,1,1988,0,0,0,12,0,0,0,0,0,0
60841,1,1,1988,6,6,6,6,6,6,6,6,6,6
60842,1,1,1988,13,7,14,10,0,14,0,0,0,0
60843,0,1,1988,0,0,0,0,0,0,0,0,0,0
60843,1,1,1988,0,0,0,0,0,0,0,0,0,0
60844,1,1,1988,17,17,17,17,17,17,17,17,17,17
60845,1,1,1988,0,0,0,0,0,0,0,0,0,0
60846,1,1,1988,0,0,0,0,0,0,0,0,0,0
60846,2,1,1988,0,0,0,0,0,0,0,0,0,0
60847,0,1,1988,0,0,0,0,0,0,0,0,0,0
60847,1,1,1988,0,0,3,0,0,0,0,0,0,0
60848,0,1,1988,0,0,0,0,0,0,0,0,0,0
60848,1,1,1988,0,0,0,0,0,0,0,0,0,0
60849,1,1,1988,29,27,12,18,19,15,21,26,23,28
60850,1,1,1988,17,17,17,17,17,17,17,17,17,17
60851,0,1,1988,0,0,0,0,0,0,0,0,0,0
60851,1,1,1988,0,0,0,0,0,0,0,0,0,0
60852,1,1,1988,0,0,0,0,0,0,0,0,0,0
60853,0,1,1988,14,14,14,14,14,14,14,14,14,14
60853,1,1,1988,0,0,0,0,0,0,0,0,17,0
60854,1,1,1988,15,15,15,15,15,15,15,15,15,15
60855,0,1,1988,0,0,0,0,0,0,0,0,0,0
60855,1,1,1988,0,0,0,0,0,0,0,0,0,0
60856,1,1,1988,23,23,23,23,23,23,23,23,23,23
60857,1,1,1988,22,13,7,8,26,16,38,13,22,17
60857,2,1,1988,0,0,0,0,0,0,0,0,0,0
60857,3,1,1988,0,0,0,0,0,0,0,0,0,0
60857,4,1,1988,0,0,0,0,17,0,0,0,0,0
60857,5,1,1988,6,0,0,0,0,0,0,0,0,0
60857,6,1,1988,0,0,0,0,0,0,17,0,0,0
60858,1,1,1988,14,14,14,14,14,14,14,14,14,14
60859,1,1,1988,22,22,22,22,22,22,22,22,22,22
60860,1,1,1988,10,10,10,10,10,10,10,10,10,10
60861,1,1,1988,16,16,16,16,16,16,16,16,16,16
60862,1,1,1988,18,18,18,18,18,18,18,18,18,18
60863,1,1,1988,25,25,25,25,25,25,25,25,25,25
60864,1,1,1988,0,0,0,0,0,0,0,0,0,0
60864,2,1,1988,0,0,0,0,0,0,0,0,0,0
60865,1,1,1988,19,19,19,19,19,19,19,19,19,19
60866,1,1,1988,19,19,19,19,19,19,19,19,19,19
60867,1,1,1988,20,20,20,20,20,20,20,20,20,20
60868,1,1,1988,0,0,0,0,0,0,0,0,0,0
60869,1,1,1988,19,19,19,19,19,19,19,19,19,19
60869,2,1,1988,0,0,0,0,0,0,0,0,0,0
60870,1,1,1988,6,6,6,6,6,6,6,6,6,6
60871,1,1,1988,0,0,0,0,0,0,0,0,0,0
60871,2,1,1988,0,0,0,0,0,0,0,0,0,0
60872,0,1,1988,0,0,0,0,0,0,0,0,0,0
60872,1,1,1988,0,0,0,0,0,0,0,0,0,0
60872,2,1,1988,0,9,0,0,0,0,0,0,0,0
60873,1,1,1988,13,13,13,13,13,13,13,13,13,13
60873,2,1,1988,0,0,0,0,0,0,0,0,0,0
60874,1,1,1988,0,0,14,0,0,0,0,0,0,0
60874,2,1,1988,0,0,0,0,0,0,0,0,0,0
60875,1,1,1988,17,17,17,17,17,17,17,17,17,17
60876,0,1,1988,0,0,0,0,0,0,0,0,0,0
60876,0,2,1988,0,0,0,0,0,0,0,0,0,0
60876,1,1,1988,0,0,0,0,0,0,0,0,11,0
60877,1,1,1988,0,0,0,0,0,0,0,0,0,0
60877,2,1,1988,0,0,0,0,0,0,0,0,0,0
60877,3,1,1988,0,0,0,0,0,0,0,0,0,0
60878,1,1,1988,11,2,0,2,0,8,9,0,9,8
60879,0,1,1988,10,10,10,10,10,10,10,10,10,10
60879,1,1,1988,0,7,5,9,6,0,12,0,15,5
60880,1,1,1988,0,0,0,0,0,0,0,0,0,0
60881,1,1,1988,22,22,22,22,22,22,22,22,22,22
60882,1,1,1988,0,0,0,21,0,0,0,0,0,0
60882,2,1,1988,0,0,0,0,0,0,0,0,0,0
60883,1,1,1988,0,0,12,0,0,0,0,0,0,0
60884,1,1,1988,0,0,0,0,0,0,0,0,0,0
60884,2,1,1988,0,0,11,7,0,0,0,0,0,0
60885,0,1,1988,9,9,9,9,9,9,9,9,9,9
60885,1,1,1988,0,0,0,0,0,0,0,0,0,0
60886,0,1,1988,2,2,2,2,2,2,2,2,2,2
60886,1,1,1988,0,0,0,0,0,0,0,8,0,0
60887,1,1,1988,0,0,0,0,0,0,0,0,0,0
60887,2,1,1988,0,0,0,0,0,0,2,0,0,0
60887,3,1,1988,0,0,0,0,0,0,0,0,0,0
60888,1,1,1988,0,0,0,0,0,0,0,0,0,0
60888,2,1,1988,0,0,0,0,0,0,0,0,0,0
60889,0,1,1988,15,15,15,15,15,15,15,15,15,15
60889,1,1,1988,0,0,0,0,0,0,0,0,0,0
60890,1,1,1988,7,7,7,7,7,7,7,7,7,7
60890,2,1,1988,0,0,0,0,0,0,0,0,0,0
60891,1,1,1988,11,11,11,11,11,11,11,11,11,11
60892,1,1,1988,0,0,0,0,0,0,0,0,0,0
60892,2,1,1988,0,0,0,0,0,0,0,0,0,0
60893,0,1,1988,0,0,0,0,0,0,0,0,0,0
60893,1,1,1988,0,0,0,0,0,0,0,0,0,0
60894,1,1,1988,25,25,25,25,25,25,25,25,25,25
60894,2,1,1988,0,0,0,0,0,0,0,0,0,0
60895,1,1,1988,2,2,2,2,2,2,2,2,2,2
60895,2,1,1988,0,0,0,0,0,0,0,0,0,0
60896,1,1,1988,18,18,18,18,18,18,18,18,18,18
60897,0,1,1988,0,0,0,0,0,0,0,0,0,0
60897,1,1,1988,0,0,0,0,0,0,0,0,0,0
60898,1,1,1988,11,11,11,11,11,11,11,11,11,11
60899,1,1,1988,0,0,0,0,0,0,0,0,0,0
60900,0,1,1988,0,0,0,0,0,0,0,0,0,0
60900,1,1,1988,0,0,0,0,0,0,0,0,0,0
60901,1,1,1988,0,0,0,0,0,0,0,0,0,0
60901,2,1,1988,0,0,0,0,0,0,16,0,0,0
60902,1,1,1988,0,0,15,0,11,0,0,0,0,0
60903,1,1,1988,22,22,22,22,22,22,22,22,22,22
60904,1,1,1988,0,0,0,0,0,0,0,0,0,0
60904,2,1,1988,0,0,0,0,0,0,19,0,0,0
60905,0,1,1988,0,0,0,0,0,0,0,0,0,0
60905,1,1,1988,3,0,0,0,0,0,0,0,15,11
60906,1,1,1988,0,0,0,0,0,0,0,0,0,0
60906,2,1,1988,0,0,0,0,0,0,0,0,0,0
60907,0,1,1988,0,0,0,0,0,0,0,0,0,0
60907,1,1,1988,0,0,0,0,0,0,0,0,0,0
60908,1,1,1988,0,0,0,0,0,0,0,0,0,0
60909,0,1,1988,5,0,25,0,16,25,0,0,0,8
60909,0,2,1988,0,0,0,0,5,0,0,0,0,0
60909,0,3,1988,0,0,0,0,0,0,0,0,0,0
60909,1,1,1988,0,0,0,0,0,0,0,0,0,0
60910,0,1,1988,0,0,0,0,0,0,0,0,0,0
60910,0,2,1988,0,0,0,0,0,0,0,0,0,0
60910,1,1,1988,0,0,0,0,0,0,0,0,0,0
60911,1,1,1988,0,0,0,0,0,0,0,0,0,0
60912,0,1,1988,0,0,0,0,0,0,0,0,0,0
60912,1,1,1988,0,0,0,0,0,0,0,0,0,0
60913,0,1,1988,9,9,9,9,9,9,9,9,9,9
60913,1,1,1988,0,0,0,0,0,0,0,0,0,0
60914,0,1,1988,0,0,0,0,0,0,0,0,0,0
60914,1,1,1988,0,0,0,0,0,0,0,0,0,0
60914,2,1,1988,0,0,0,0,0,0,0,0,0,0
60915,0,1,1988,38,38,38,38,38,38,38,38,38,38
60915,1,1,1988,0,0,0,0,0,0,0,0,0,0
60916,1,1,1988,18,18,18,18,18,18,18,18,18,18
60917,1,1,1988,19,0,0,0,0,0,0,0,0,0
60918,1,1,1988,0,0,0,0,0,0,0,0,0,0
60919,1,1,1988,0,0,0,0,0,0,0,0,0,0
60920,0,1,1988,29,29,29,29,29,29,29,29,29,29
60920,1,1,1988,0,0,0,0,0,0,0,18,10,0
60921,1,1,1988,0,0,0,0,0,0,0,0,0,0
60922,1,1,1988,0,0,0,0,0,0,0,0,0,0
60922,2,1,1988,0,0,0,0,0,0,0,0,0,0
60923,1,1,1988,0,0,0,0,0,0,0,0,0,0
60924,1,1,1988,0,0,0,0,0,0,0,0,0,0
60924,2,1,1988,0,0,0,0,0,0,0,0,0,0
60925,1,1,1988,0,0,0,0,0,0,0,0,0,0
60926,1,1,1988,13,13,13,13,13,13,13,13,13,13
60926,2,1,1988,0,0,0,0,0,0,0,0,0,0
60927,1,1,1988,0,0,0,0,0,0,0,0,0,0
60928,1,1,1988,0,11,6,0,0,0,0,0,0,0
60928,2,1,1988,0,0,0,0,0,0,0,0,0,0
60928,3,1,1988,0,0,0,0,0,0,17,0,0,0
60929,1,1,1988,0,0,0,0,0,0,0,0,0,0
60929,2,1,1988,0,0,0,0,12,0,0,0,0,15
60930,1,1,1988,3,3,3,3,3,3,3,3,3,3
60930,2,1,1988,0,0,0,0,0,0,0,0,0,0
60931,1,1,1988,14,14,14,14,14,14,14,14,14,14
60932,0,1,1988,1,1,1,1,1,1,1,1,1,1
60932,0,2,1988,6,0,0,0,0,0,0,0,0,0
60932,1,1,1988,0,0,0,0,0,0,0,0,0,0
60933,1,1,1988,0,0,0,0,0,0,0,0,0,0
60934,1,1,1988,0,0,0,0,0,0,0,0,0,0
60935,1,1,1988,19,19,19,19,19,19,19,19,19,19
60935,2,1,1988,0,0,0,0,0,0,0,0,0,0
60936,0,1,1988,0,0,0,0,0,0,0,0,0,0
60936,1,1,1988,0,0,0,0,0,0,0,0,0,0
60937,1,1,1988,0,0,0,0,0,0,0,0,0,0
60937,2,1,1988,0,0,0,0,0,0,0,0,0,0
60938,1,1,1988,0,0,0,0,0,0,0,0,0,0
60938,2,1,1988,0,0,0,0,0,0,0,0,0,0
60939,1,1,1988,19,19,19,19,19,19,19,19,19,19
60939,2,1,1988,0,0,0,0,0,0,0,0,0,0
60940,0,1,1988,20,20,20,20,20,20,20,20,20,20
60940,1,1,1988,0,0,0,0,0,0,0,0,0,0
60941,1,1,1988,0,17,26,0,0,9,0,0,0,8
60942,1,1,1988,17,17,17,17,17,17,17,17,17,17
60943,1,1,1988,0,0,0,0,0,0,0,0,0,0
60943,2,1,1988,0,0,0,0,0,0,0,0,0,0
60944,1,1,1988,0,0,0,0,0,0,0,0,0,0
60945,1,1,1988,0,0,0,0,0,0,0,0,0,0
60945,2,1,1988,0,0,0,0,0,0,0,0,0,0
60946,1,1,1988,15,0,0,0,0,11,0,0,0,0
60947,1,1,1988,0,0,0,0,0,0,0,0,0,0
60948,1,1,1988,0,0,0,0,0,0,0,0,0,0
60948,2,1,1988,0,0,0,0,0,0,0,0,0,0
60949,0,1,1988,0,0,0,0,0,0,0,0,0,0
60949,0,2,1988,0,0,0,0,0,0,0,0,0,0
60949,0,3,1988,0,7,0,14,0,0,0,14,16,0
60949,1,1,1988,0,0,0,0,0,0,0,0,9,0
60949,2,1,1988,11,0,0,0,9,12,0,0,0,0
60950,1,1,1988,0,0,0,0,0,0,0,0,0,0
60950,2,1,1988,0,0,0,0,0,0,0,0,0,0
60951,0,1,1988,0,0,0,0,0,0,0,0,0,0
60951,1,1,1988,0,0,0,0,0,0,0,0,0,0
60952,1,1,1988,0,0,0,0,0,0,0,0,0,0
60952,2,1,1988,23,23,23,23,23,23,23,23,23,23
60953,1,1,1988,7,7,7,7,7,7,7,7,7,7
60954,1,1,1988,9,9,9,9,9,9,9,9,9,9
60954,2,1,1988,0,0,0,0,0,0,0,15,0,0
60955,0,1,1988,0,0,0,0,0,0,0,0,27,0
60955,1,1,1988,0,0,0,0,0,0,0,0,0,0
60956,1,1,1988,19,22,0,0,0,0,21,22,16,16
60956,2,1,1988,0,0,0,0,0,0,0,0,0,0
60957,1,1,1988,0,0,18,0,0,0,0,0,0,0
60957,2,1,1988,2,2,2,2,2,2,2,2,2,2
60958,1,1,1988,0,0,0,0,0,0,0,0,0,0
60958,2,1,1988,0,0,0,0,0,0,0,0,0,0
60959,0,1,1988,0,0,0,0,0,0,0,0,0,0
60959,1,1,1988,0,0,0,0,0,0,0,0,0,0
60960,1,1,1988,27,27,27,27,27,27,27,27,27,27
60961,1,1,1988,0,0,0,0,0,0,0,0,0,0
60961,2,1,1988,15,15,15,15,15,15,15,15,15,15
60962,1,1,1988,19,19,19,19,19,19,19,19,19,19
60963,0,1,1988,0,0,0,0,0,0,0,0,0,0
60963,1,1,1988,0,3,11,8,5,0,5,22,0,0
60964,1,1,1988,4,4,4,4,4,4,4,4,4,4
60965,1,1,1988,25,7,0,24,0,4,24,0,0,25
60965,2,1,1988,0,0,0,0,0,0,0,0,0,0
60966,1,1,1988,0,0,0,0,0,0,0,0,0,0
60966,2,1,1988,0,0,0,0,0,0,0,0,0,0
60967,1,1,1988,6,6,6,6,6,6,6,6,6,6
60967,2,1,1988,0,0,0,0,0,0,0,0,0,0
60968,1,1,1988,0,0,6,0,0,0,0,0,0,0
60968,2,1,1988,18,18,18,18,18,18,18,18,18,18
60969,1,1,1988,23,23,23,23,23,23,23,23,23,23
60970,0,1,1988,31,31,31,31,31,31,31,31,31,31
60970,1,1,1988,12,24,30,7,5,0,16,11,13,32
60971,1,1,1988,2,2,2,2,2,2,2,2,2,2
60972,1,1,1988,0,0,0,0,0,0,0,0,0,0
60973,1,1,1988,28,28,28,28,28,28,28,28,28,28
60974,1,1,1988,19,19,19,19,19,19,19,19,19,19
60975,0,1,1988,0,0,0,0,0,0,0,0,0,0
60975,1,1,1988,0,0,0,0,0,0,0,0,0,0
60976,0,1,1988,0,0,0,0,0,0,0,0,0,0
60976,1,1,1988,0,0,0,0,0,0,0,0,0,0
60977,1,1,1988,14,14,14,14,14,14,14,14,14,14
60978,1,1,1988,15,25,29,15,34,26,15,16,17,40
60979,1,1,1988,0,0,0,0,0,0,0,0,0,0
60979,2,1,1988,0,0,0,0,0,0,0,0,0,0
60979,3,1,1988,56,56,56,56,56,56,56,56,56,56
60980,0,1,1988,11,11,11,11,11,11,11,11,11,11
60980,1,1,1988,0,0,19,0,0,0,0,0,0,0
60981,1,1,1988,0,0,0,0,0,0,0,0,0,0
60981,2,1,1988,0,0,0,0,0,0,0,0,0,0
60982,0,1,1988,11,21,14,15,0,11,22,0,0,0
60982,1,1,1988,0,0,0,0,0,0,0,0,0,0
60983,0,1,1988,0,0,0,0,0,0,0,0,0,0
60983,1,1,1988,6,6,6,6,6,6,6,6,6,6
60983,2,1,1988,0,0,0,0,0,0,0,0,0,0
60984,1,1,1988,19,19,19,19,19,19,19,19,19,19
60984,2,1,1988,0,0,0,0,0,0,0,0,0,0
60985,0,1,1988,0,0,0,0,0,0,0,0,0,0
60985,0,2,1988,0,0,0,0,0,0,0,0,0,0
60985,0,3,1988,7,5,0,0,0,16,0,13,22,18
60985,1,1,1988,23,23,23,23,23,23,23,23,23,23
60986,1,1,1988,0,0,0,0,0,0,0,0,0,0
60986,2,1,1988,0,0,0,0,0,0,0,0,0,0
60987,0,1,1988,0,0,0,0,0,0,0,0,0,0
60987,1,1,1988,6,6,6,6,6,6,6,6,6,6
60988,1,1,1988,0,0,0,0,0,0,0,0,0,0
60988,2,1,1988,15,15,15,15,15,15,15,15,15,15
60989,1,1,1988,0,0,0,0,0,0,0,0,0,0
60990,1,1,1988,19,19,19,19,19,19,19,19,19,19
60990,2,1,1988,0,0,0,0,0,0,0,0,0,0
60991,1,1,1988,0,0,0,0,0,0,0,0,0,0
60991,2,1,1988,0,0,0,0,0,0,0,0,0,0
60992,1,1,1988,12,12,12,12,12,12,12,12,12,12
60992,2,1,1988,0,0,0,0,0,10,0,0,0,0
60993,1,1,1988,19,19,20,12,0,32,0,18,29,0
60994,1,1,1988,0,0,0,0,0,0,0,0,0,0
60995,0,1,1988,0,0,0,0,0,0,0,0,0,0
60995,1,1,1988,0,0,0,0,0,0,0,0,0,0
60996,1,1,1988,7,0,0,0,0,0,0,0,0,0
60996,2,1,1988,22,22,22,22,22,22,22,22,22,22
60997,0,1,1988,0,0,0,0,0,0,0,0,0,0
60997,0,2,1988,12,5,0,0,0,0,0,3,0,0
60997,0,3,1988,18,0,0,0,18,14,4,0,6,0
60997,1,1,1988,0,0,0,0,0,0,0,0,11,0
60998,1,1,1988,2,2,2,2,2,2,2,2,2,2
60998,2,1,1988,13,0,0,0,0,0,0,0,0,0
60999,1,1,1988,0,0,0,0,0,0,0,0,0,0
60999,2,1,1988,19,19,19,19,19,19,19,19,19,19
61000,1,1,1988,0,0,0,0,0,0,0,0,0,0
61000,2,1,1988,0,0,0,0,0,0,0,0,0,0
61001,1,1,1988,15,17,26,34,27,21,23,26,22,23
61002,1,1,1988,0,0,7,0,0,0,0,0,0,10
61002,2,1,1988,0,0,0,0,0,0,0,0,0,0
61003,1,1,1988,25,25,25,25,25,25,25,25,25,25
61003,2,1,1988,0,0,14,22,19,0,0,11,0,0
61004,1,1,1988,3,3,3,3,3,3,3,3,3,3
61004,2,1,1988,0,0,0,0,0,0,0,0,0,0
61005,0,1,1988,7,7,7,7,7,7,7,7,7,7
61005,1,1,1988,0,11,31,0,0,0,0,16,13,10
61006,1,1,1988,0,0,0,0,0,0,0,0,0,0
61006,2,1,1988,0,0,0,0,0,0,0,0,0,0
61007,1,1,1988,16,23,0,20,53,0,19,14,0,0
61007,2,1,1988,0,0,0,0,0,9,0,0,0,15
61008,1,1,1988,0,0,0,0,0,0,0,0,0,0
61009,1,1,1988,0,0,0,0,0,0,0,0,0,0
61009,2,1,1988,0,0,0,0,0,0,0,0,0,0
61010,1,1,1988,0,0,0,0,0,0,0,0,0,0
61010,2,1,1988,0,0,0,0,0,0,0,0,0,0
61010,3,1,1988,0,0,0,0,0,0,0,0,0,0
61011,1,1,1988,0,0,0,0,16,0,0,0,0,0
61011,2,1,1988,0,0,0,0,6,0,0,0,0,0
61011,3,1,1988,0,0,0,14,25,0,0,0,16,19
61012,0,1,1988,0,9,28,0,0,35,0,0,19,0
61012,1,1,1988,0,0,0,0,0,0,5,0,0,0
61013,1,1,1988,2,2,2,2,2,2,2,2,2,2
61013,2,1,1988,0,0,0,0,0,0,0,0,0,0
61014,1,1,1988,0,0,0,0,0,0,0,0,0,0
61014,2,1,1988,0,0,0,0,0,0,0,0,0,0
61015,1,1,1988,0,0,0,0,0,0,0,0,0,0
61016,1,1,1988,0,0,0,0,0,0,0,0,0,0
61017,1,1,1988,0,0,0,0,0,0,0,0,0,0
61017,2,1,1988,0,0,0,0,0,0,0,0,0,0
61017,3,1,1988,0,0,0,0,0,0,0,0,0,0
61018,1,1,1988,7,7,7,7,7,7,7,7,7,7
61019,0,1,1988,22,22,22,22,22,22,22,22,22,22
61019,1,1,1988,0,0,10,0,0,0,0,30,0,0
61020,1,1,1988,7,7,7,7,7,7,7,7,7,7
61020,2,1,1988,0,0,0,0,0,0,2,0,0,0
61021,1,1,1988,0,0,0,0,0,0,0,0,0,0
61021,2,1,1988,0,0,0,0,0,0,0,0,0,0
61022,1,1,1988,30,30,30,30,30,30,30,30,30,30
61022,2,1,1988,0,0,0,0,0,0,0,0,0,0
61022,3,1,1988,0,0,0,0,0,0,0,0,0,0
61023,1,1,1988,13,13,13,13,13,13,13,13,13,13
61024,1,1,1988,19,19,19,19,19,19,19,19,19,19
61024,2,1,1988,16,16,16,16,16,16,16,16,16,16
61025,1,1,1988,0,0,0,0,0,0,0,0,0,0
61025,2,1,1988,0,0,0,0,0,0,0,0,0,0
61026,0,1,1988,0,0,0,0,0,0,0,0,0,0
61026,1,1,1988,0,0,0,0,0,0,0,0,0,0
61027,1,1,1988,24,8,6,26,17,25,30,16,26,19
61028,1,1,1988,20,20,20,20,20,20,20,20,20,20
61029,1,1,1988,16,16,16,16,16,16,16,16,16,16
61029,2,1,1988,0,0,0,0,0,0,0,0,0,0
61030,1,1,1988,0,0,0,14,0,0,0,0,0,0
61031,1,1,1988,0,0,0,0,0,0,0,0,0,0
61032,1,1,1988,0,0,0,0,0,0,0,0,0,0
61033,1,1,1988,0,0,0,0,0,0,0,0,0,0
61033,2,1,1988,0,0,0,0,0,0,0,0,0,0
61033,3,1,1988,0,0,0,0,0,0,0,0,0,0
61034,0,1,1988,0,0,0,0,0,0,0,0,0,0
61034,1,1,1988,0,0,0,0,0,0,0,0,0,0
61035,1,1,1988,0,0,0,0,0,0,0,0,0,0
61036,1,1,1988,6,6,6,6,6,6,6,6,6,6
61037,0,1,1988,0,0,0,0,0,0,0,0,0,0
61037,1,1,1988,0,0,0,0,0,0,0,0,0,0
61038,1,1,1988,9,0,0,24,9,0,0,11,12,0
61039,1,1,1988,0,0,0,0,0,0,0,0,0,0
61039,2,1,1988,0,0,0,0,0,0,0,0,0,0
61040,1,1,1988,0,0,0,0,0,0,0,0,0,0
61040,2,1,1988,0,0,0,0,0,0,20,13,0,0
61041,1,1,1988,33,33,33,33,33,33,33,33,33,33
61042,1,1,1988,0,0,0,0,0,0,0,0,0,0
61043,1,1,1988,0,0,0,0,0,0,0,0,0,0
61044,1,1,1988,10,10,10,10,10,10,10,10,10,10
61044,2,1,1988,0,0,0,0,0,0,0,23,0,3
61045,0,1,1988,0,0,0,0,0,0,0,0,0,0
61045,1,1,1988,0,0,11,0,0,0,0,0,0,0
61046,0,1,1988,0,0,0,0,0,0,0,0,0,0
61046,1,1,1988,0,21,6,0,0,0,0,4,0,0
61047,1,1,1988,19,19,19,19,19,19,19,19,19,19
61048,1,1,1988,22,22,22,22,22,22,22,22,22,22
61049,1,1,1988,0,16,0,0,0,0,0,0,0,0
61049,2,1,1988,20,20,20,20,20,20,20,20,20,20
61050,0,1,1988,0,0,0,0,0,0,0,0,0,0
61050,1,1,1988,11,0,0,0,0,8,0,0,4,21
61051,1,1,1988,0,0,0,0,0,0,0,0,4,0
61052,1,1,1988,22,22,22,22,22,22,22,22,22,22
61053,1,1,1988,0,0,0,0,0,0,0,0,0,0
61054,1,1,1988,19,19,19,19,19,19,19,19,19,19
61055,1,1,1988,18,18,18,18,18,18,18,18,18,18
61056,1,1,1988,0,0,0,0,0,0,0,0,0,0
61056,2,1,1988,0,0,0,0,0,0,0,0,0,0
61057,1,1,1988,0,0,0,0,0,0,25,0,0,0
61058,1,1,1988,17,17,17,17,17,17,17,17,17,17
61059,0,1,1988,0,0,0,0,0,0,0,0,0,0
61059,1,1,1988,0,0,0,0,0,0,0,0,0,0
61060,0,1,1988,0,12,0,0,0,0,0,0,0,0
61060,0,2,1988,0,0,13,0,0,12,17,10,0,25
61060,1,1,1988,0,0,0,0,0,7,0,0,0,0
61061,1,1,1988,0,0,0,0,0,0,0,0,0,0
61061,2,1,1988,0,0,0,0,0,0,0,0,0,0
61061,3,1,1988,0,0,0,0,0,0,0,0,0,0
61062,1,1,1988,0,0,0,0,0,0,0,0,0,0
61063,1,1,1988,7,7,7,7,7,7,7,7,7,7
61064,1,1,1988,42,15,0,15,17,9,32,24,14,3
61065,0,1,1988,0,0,0,0,0,0,0,0,0,0
61065,1,1,1988,0,0,0,0,0,0,0,0,0,0
61066,1,1,1988,0,0,0,0,0,0,0,0,0,0
61066,2,1,1988,0,0,0,0,0,0,0,0,8,0
61066,3,1,1988,0,0,0,0,0,0,0,0,0,0
61067,1,1,1988,0,0,0,0,0,0,0,0,0,0
61067,2,1,1988,0,0,0,0,0,0,0,0,0,0
61067,3,1,1988,0,0,0,0,0,0,0,0,0,0
61067,4,1,1988,0,0,0,0,0,0,0,0,0,0
61068,1,1,1988,11,11,11,11,11,11,11,11,11,11
61069,1,1,1988,0,0,0,0,0,0,0,0,0,0
61070,1,1,1988,18,18,18,18,18,18,18,18,18,18
61071,1,1,1988,0,0,0,0,0,0,0,0,0,0
61072,1,1,1988,22,22,22,22,22,22,22,22,22,22
61072,2,1,1988,15,0,0,0,0,0,0,10,0,9
61073,0,1,1988,0,0,0,0,0,0,0,0,0,0
61073,1,1,1988,0,0,0,0,0,17,0,24,0,0
61074,1,1,1988,0,0,0,0,0,0,0,0,0,0
61075,1,1,1988,18,18,18,18,18,18,18,18,18,18
61076,0,1,1988,0,0,0,0,0,0,0,0,0,0
61076,1,1,1988,0,0,0,0,0,0,0,0,0,0
61077,0,1,1988,0,0,0,0,0,0,0,0,0,0
61077,1,1,1988,0,0,0,0,0,0,0,0,0,0
61078,1,1,1988,0,0,0,0,0,0,0,0,0,0
61078,2,1,1988,0,0,0,0,0,0,0,0,0,0
61079,1,1,1988,0,13,3,0,0,0,0,0,24,0
61080,1,1,1988,0,0,0,0,0,0,0,0,0,0
61080,2,1,1988,0,0,0,0,0,25,0,0,0,0
61081,1,1,1988,0,0,0,0,0,9,0,12,0,0
61081,2,1,1988,0,0,0,0,0,0,0,0,0,0
61082,1,1,1988,28,28,28,28,28,28,28,28,28,28
61083,1,1,1988,0,0,0,0,0,0,0,0,0,0
61083,2,1,1988,0,0,0,0,0,0,0,0,0,0