ST_CASE,VEH_NO,PER_NO,YEAR,P1,P2,P3,P4,P5,P6,P7,P8,P9,P10
61083,3,1,1988,0,0,0,0,0,0,0,0,0,0
61084,0,1,1988,10,10,10,10,10,10,10,10,10,10
61084,1,1,1988,0,0,0,0,0,0,0,0,0,0
61085,1,1,1988,0,0,0,0,0,0,0,0,0,0
61085,2,1,1988,0,0,0,0,0,0,0,0,0,0
61085,3,1,1988,0,25,0,0,0,0,18,0,0,0
61085,4,1,1988,0,0,0,0,0,0,0,0,0,0
61085,5,1,1988,0,0,0,0,0,0,0,0,0,0
61085,6,1,1988,0,0,0,0,0,0,0,0,0,0
61086,1,1,1988,12,12,12,12,12,12,12,12,12,12
61087,0,1,1988,0,0,0,0,0,0,0,0,0,0
61087,1,1,1988,0,0,9,0,0,0,0,0,0,0
61088,1,1,1988,14,14,14,14,14,14,14,14,14,14
61088,2,1,1988,0,0,0,0,0,0,0,0,0,0
61089,0,1,1988,0,0,0,0,0,0,0,0,0,0
61089,1,1,1988,0,0,0,0,0,0,0,0,0,0
61090,1,1,1988,0,0,0,0,0,0,0,0,0,0
61090,2,1,1988,0,0,0,0,13,6,0,0,0,0
61091,1,1,1988,0,0,0,0,0,0,0,0,0,0
61091,2,1,1988,0,0,0,0,0,0,0,0,0,0
61091,3,1,1988,0,0,0,0,0,0,0,0,0,0
61092,0,1,1988,0,0,0,0,0,0,0,0,0,0
61092,1,1,1988,0,0,0,0,0,0,0,0,0,0
61093,1,1,1988,15,15,15,15,15,15,15,15,15,15
61094,1,1,1988,0,0,0,0,12,0,0,0,0,0
61094,2,1,1988,0,0,11,4,0,0,0,0,0,0
61094,3,1,1988,23,23,23,23,23,23,23,23,23,23
61095,1,1,1988,13,13,13,13,13,13,13,13,13,13
61095,2,1,1988,0,0,0,0,0,0,0,0,0,0
61095,3,1,1988,0,0,0,0,0,0,0,0,0,0
61096,0,1,1988,25,25,25,25,25,25,25,25,25,25
61096,1,1,1988,0,0,0,0,0,0,0,0,0,22
61097,1,1,1988,18,18,18,18,18,18,18,18,18,18
61097,2,1,1988,0,0,0,0,0,0,0,0,0,0
61098,1,1,1988,0,0,0,0,0,0,0,0,0,0
61098,2,1,1988,12,0,0,0,0,0,0,0,0,0
61099,1,1,1988,15,15,15,15,15,15,15,15,15,15
61099,2,1,1988,0,0,0,0,0,25,0,0,0,0
61100,1,1,1988,0,0,0,0,0,0,0,0,0,0
61101,1,1,1988,0,0,0,0,0,0,0,0,12,0
61101,2,1,1988,0,0,20,0,28,20,28,0,0,0
61102,1,1,1988,15,15,15,15,15,15,15,15,15,15
61103,0,1,1988,2,2,2,2,2,2,2,2,2,2
61103,1,1,1988,19,0,0,0,0,3,0,16,0,10
61104,1,1,1988,0,0,0,0,0,0,0,0,0,0
61105,1,1,1988,0,0,0,0,0,0,0,0,0,0
61105,2,1,1988,0,0,0,0,0,0,0,0,0,0
61106,1,1,1988,5,11,7,8,16,19,15,15,4,14
61106,2,1,1988,0,0,0,0,0,0,0,0,0,0
61107,1,1,1988,4,4,4,4,4,4,4,4,4,4
61108,1,1,1988,0,0,0,0,0,0,0,0,0,15
61108,2,1,1988,0,7,0,0,0,0,0,0,0,0
61109,1,1,1988,18,18,18,18,18,18,18,18,18,18
61110,0,1,1988,0,0,0,0,0,0,0,0,0,0
61110,0,2,1988,15,11,0,0,0,0,0,0,12,0
61110,1,1,1988,0,0,13,0,0,0,0,0,0,0
61111,1,1,1988,0,0,0,0,0,0,0,0,0,0
61111,2,1,1988,0,0,0,0,0,0,0,0,0,0
61111,3,1,1988,0,0,0,0,0,0,0,0,0,0
61112,0,1,1988,0,0,0,0,0,0,0,0,0,0
61112,0,2,1988,0,25,0,0,0,42,21,25,21,0
61112,1,1,1988,19,0,5,0,19,9,0,0,0,0
61113,0,1,1988,0,0,0,0,0,0,0,0,0,0
61113,1,1,1988,0,0,0,0,0,0,0,0,0,6
61114,0,1,1988,27,0,14,21,26,29,15,22,0,32
61114,1,1,1988,0,0,0,7,0,0,0,0,0,0
61115,1,1,1988,0,0,0,0,0,0,0,0,0,0
61116,1,1,1988,3,3,3,3,3,3,3,3,3,3
61117,1,1,1988,0,0,0,0,0,0,0,0,0,0
61117,2,1,1988,0,0,0,0,0,0,0,0,0,0
61118,0,1,1988,13,13,13,13,13,13,13,13,13,13
61118,1,1,1988,0,0,0,0,21,0,0,14,0,0
61118,2,1,1988,2,10,13,10,0,0,16,0,0,0
61119,0,1,1988,19,19,19,19,19,19,19,19,19,19
61119,1,1,1988,11,11,11,11,11,11,11,11,11,11
61120,1,1,1988,0,0,0,0,0,0,0,0,0,0
61120,2,1,1988,0,0,0,0,0,0,0,0,0,0
61121,0,1,1988,0,0,0,0,0,0,0,0,0,0
61121,1,1,1988,0,0,0,0,0,0,0,0,0,0
61121,2,1,1988,0,0,0,0,0,0,0,0,0,13
61122,1,1,1988,0,0,0,0,0,0,0,0,0,0
61122,2,1,1988,0,0,0,0,0,0,0,0,0,0
61123,0,1,1988,0,0,0,0,0,0,0,0,0,0
61123,1,1,1988,0,13,0,21,0,0,0,0,15,0
61124,0,1,1988,0,0,0,0,0,0,0,0,0,0
61124,1,1,1988,0,0,0,0,0,0,0,0,0,0
61125,0,1,1988,0,0,0,0,0,0,0,0,0,0
61125,1,1,1988,0,0,0,0,0,0,0,0,0,0
61126,1,1,1988,0,0,0,0,0,0,0,0,0,0
61126,2,1,1988,0,0,0,0,0,0,0,0,0,0
61127,0,1,1988,1,1,1,1,1,1,1,1,1,1
61127,1,1,1988,2,20,0,0,0,0,0,0,0,18
61128,1,1,1988,18,18,18,18,18,18,18,18,18,18
61129,1,1,1988,0,0,0,0,0,0,0,0,0,0
61129,2,1,1988,0,0,0,0,0,0,0,0,0,0
61130,1,1,1988,0,0,0,0,0,0,0,0,0,0
61131,0,1,1988,0,0,0,0,0,0,0,0,0,0
61131,1,1,1988,0,0,0,0,0,0,0,0,0,0
61132,1,1,1988,0,0,0,0,0,0,0,0,0,0
61133,1,1,1988,16,16,16,16,16,16,16,16,16,16
61133,2,1,1988,0,0,0,0,0,0,0,0,0,0
61134,0,1,1988,24,24,24,24,24,24,24,24,24,24
61134,1,1,1988,0,0,0,0,0,0,0,0,0,0
61135,1,1,1988,3,3,3,3,3,3,3,3,3,3
61135,2,1,1988,0,0,0,0,0,0,0,0,0,0
61137,1,1,1988,1,1,1,1,1,1,1,1,1,1
61137,2,1,1988,0,0,0,0,0,0,0,0,0,0
61138,1,1,1988,12,12,12,12,12,12,12,12,12,12
61139,1,1,1988,18,18,18,18,18,18,18,18,18,18
61140,1,1,1988,16,16,16,16,16,16,16,16,16,16
61141,0,1,1988,7,7,7,7,7,7,7,7,7,7
61141,1,1,1988,24,15,13,0,21,0,0,0,9,0
61142,1,1,1988,0,2,0,0,0,0,0,0,0,0
61143,0,1,1988,0,0,0,0,0,0,0,0,0,0
61143,1,1,1988,0,0,0,0,0,0,0,0,0,0
61144,1,1,1988,23,23,23,23,23,23,23,23,23,23
61145,0,2,1988,0,0,0,0,0,0,0,0,0,0
61145,0,3,1988,0,0,0,0,0,0,0,0,0,0
61145,0,4,1988,0,0,0,0,0,0,0,0,0,0
61145,0,5,1988,0,0,0,0,0,0,0,0,0,0
61145,1,1,1988,0,0,0,0,0,0,0,0,0,0
61146,1,1,1988,0,0,0,0,0,0,0,0,0,0
61146,2,1,1988,18,0,0,0,0,0,0,0,0,0
61146,3,1,1988,0,9,0,0,0,0,0,0,0,0
61147,0,1,1988,0,0,0,0,0,0,0,0,0,0
61147,1,1,1988,0,0,0,0,0,0,0,0,0,0
61148,1,1,1988,15,15,15,15,15,15,15,15,15,15
61149,1,1,1988,0,0,0,0,0,0,0,0,0,0
61149,2,1,1988,0,0,0,0,0,0,0,11,0,0
61149,3,1,1988,0,0,5,0,0,0,0,10,0,0
61150,0,1,1988,0,0,0,0,0,0,0,0,0,0
61150,1,1,1988,0,0,0,0,0,0,18,16,9,0
61151,1,1,1988,0,0,0,0,0,0,0,0,0,0
61151,2,1,1988,0,0,0,0,0,0,0,0,0,0
61152,1,1,1988,15,15,15,15,15,15,15,15,15,15
61153,1,1,1988,21,21,21,21,21,21,21,21,21,21
61153,2,1,1988,2,2,2,2,2,2,2,2,2,2
61154,1,1,1988,0,0,0,0,0,0,0,0,0,0
61155,0,1,1988,0,0,0,0,0,0,0,0,0,0
61155,1,1,1988,0,0,0,0,0,0,0,0,0,0
61156,1,1,1988,0,0,0,0,0,0,0,0,0,0
61156,2,1,1988,0,0,0,0,0,0,0,0,0,0
61156,3,1,1988,0,0,0,0,0,0,0,0,0,0
61157,1,1,1988,19,19,19,19,19,19,19,19,19,19
61157,2,1,1988,16,16,16,16,16,16,16,16,16,16
61158,1,1,1988,21,21,21,21,21,21,21,21,21,21
61159,1,1,1988,8,8,8,8,8,8,8,8,8,8
61160,1,1,1988,0,0,0,0,0,0,0,0,0,0
61160,2,1,1988,0,0,0,0,0,0,0,0,0,0
61161,1,1,1988,2,2,2,2,2,2,2,2,2,2
61162,0,1,1988,17,17,17,17,17,17,17,17,17,17
61162,1,1,1988,15,0,0,0,0,0,0,0,0,0
61163,1,1,1988,0,0,0,0,0,0,0,0,0,0
61163,2,1,1988,0,0,0,0,0,0,0,0,0,0
61164,1,1,1988,0,0,0,0,0,0,0,0,0,0
61165,1,1,1988,0,0,0,0,0,0,0,0,0,0
61166,0,1,1988,0,0,0,0,0,0,0,0,0,0
61166,1,1,1988,28,28,28,28,28,28,28,28,28,28
61167,0,1,1988,0,0,0,0,0,0,0,0,0,0
61167,1,1,1988,17,17,17,17,17,17,17,17,17,17
61168,1,1,1988,14,14,14,14,14,14,14,14,14,14
61169,1,1,1988,0,0,0,0,0,0,0,0,0,0
61169,2,1,1988,0,0,0,0,0,0,0,0,0,0
61170,0,1,1988,0,0,0,0,0,0,0,0,0,0
61170,1,1,1988,0,0,0,0,0,0,0,0,0,0
61171,0,1,1988,0,0,0,0,0,0,0,0,0,0
61171,1,1,1988,0,0,0,0,15,0,0,0,0,0
61172,1,1,1988,0,0,0,0,0,0,0,0,0,0
61173,1,1,1988,11,11,11,11,11,11,11,11,11,11
61174,1,1,1988,0,0,0,0,0,0,0,0,0,0
61174,2,1,1988,0,0,0,0,0,0,0,0,0,0
61174,3,1,1988,0,0,0,0,0,0,0,0,0,0
61175,1,1,1988,19,19,19,19,19,19,19,19,19,19
61175,2,1,1988,0,0,0,0,0,0,0,0,4,0
61176,1,1,1988,0,0,0,0,0,0,0,0,0,0
61177,1,1,1988,0,0,0,0,0,0,0,0,0,0
61177,2,1,1988,0,0,0,0,0,0,0,0,0,0
61178,0,1,1988,0,0,0,0,0,0,0,0,0,0
61178,1,1,1988,0,0,0,0,6,0,0,0,0,0
61179,1,1,1988,7,7,7,7,7,7,7,7,7,7
61180,0,1,1988,1,1,1,1,1,1,1,1,1,1
61180,0,2,1988,0,0,0,0,0,0,0,0,0,0
61180,1,1,1988,0,0,0,0,0,0,0,0,0,0
61181,0,1,1988,6,33,20,0,15,31,31,8,0,23
61181,1,1,1988,0,7,0,10,0,20,28,0,0,0
61181,2,1,1988,0,0,0,0,0,0,0,0,0,0
61181,3,1,1988,0,0,0,10,0,0,25,0,0,0
61182,0,1,1988,0,0,0,0,0,0,0,0,0,0
61182,1,1,1988,0,0,0,0,0,0,0,0,0,0
61183,1,1,1988,0,0,0,0,0,0,0,0,0,0
61184,1,1,1988,0,0,0,0,0,0,0,0,0,0
61185,1,1,1988,11,8,15,0,0,0,0,0,0,0
61186,1,1,1988,24,24,24,24,24,24,24,24,24,24
61186,2,1,1988,0,0,0,0,4,0,0,0,0,0
61187,1,1,1988,10,12,0,25,10,0,6,0,9,0
61187,2,1,1988,3,3,3,3,3,3,3,3,3,3
61188,1,1,1988,0,7,0,0,0,12,0,4,9,0
61188,2,1,1988,0,0,0,0,0,0,0,0,0,0
61189,1,1,1988,0,0,0,0,0,0,0,0,0,0
61189,2,1,1988,0,0,0,0,0,13,11,0,0,0
61189,3,1,1988,0,0,0,0,0,0,0,0,0,0
61190,1,1,1988,0,0,0,0,0,0,0,0,0,0
61190,2,1,1988,0,0,0,0,0,0,0,0,0,0
61191,1,1,1988,22,22,22,22,22,22,22,22,22,22
61192,1,1,1988,0,0,0,0,0,0,0,0,0,0
61192,2,1,1988,0,0,0,0,0,0,0,0,0,0
61192,3,1,1988,0,0,0,0,0,0,0,0,0,0
61193,0,1,1988,0,0,0,0,0,0,0,0,0,0
61193,1,1,1988,18,18,18,18,18,18,18,18,18,18
61193,4,1,1988,0,0,0,0,0,0,0,7,0,0
61193,5,1,1988,0,0,0,0,0,0,0,0,0,0
61194,1,1,1988,0,0,0,0,0,0,0,0,0,0
61195,1,1,1988,0,0,0,0,0,0,0,0,0,0
61196,1,1,1988,24,0,0,0,0,0,0,0,8,0
61197,1,1,1988,0,0,0,0,0,0,0,0,0,0
61198,0,1,1988,27,27,27,27,27,27,27,27,27,27
61198,1,1,1988,0,0,0,0,0,0,0,0,0,0
61199,1,1,1988,18,18,18,18,18,18,18,18,18,18
61200,1,1,1988,13,0,2,10,10,27,13,16,18,16
61201,0,1,1988,28,28,28,28,28,28,28,28,28,28
61201,1,1,1988,0,0,15,0,13,0,21,14,25,0
61202,1,1,1988,29,29,29,29,29,29,29,29,29,29
61203,1,1,1988,20,20,20,20,20,20,20,20,20,20
61204,2,1,1988,0,0,0,0,0,0,0,0,0,0
61205,0,1,1988,0,0,0,0,0,0,0,0,0,0
61205,1,1,1988,0,0,0,0,0,0,0,0,0,0
61206,0,1,1988,21,21,21,21,21,21,21,21,21,21
61206,1,1,1988,0,0,20,0,22,0,3,0,0,19
61207,1,1,1988,0,0,0,0,0,0,0,0,0,0
61207,2,1,1988,6,6,6,6,6,6,6,6,6,6
61208,1,1,1988,0,0,0,0,0,0,0,0,0,0
61208,2,1,1988,0,0,0,0,0,0,0,28,0,0
61209,1,1,1988,0,0,0,0,0,0,0,13,0,0
61210,0,1,1988,0,0,0,0,0,0,0,0,0,0
61210,1,1,1988,0,0,0,0,0,0,0,0,0,0
61211,1,1,1988,31,31,31,31,31,31,31,31,31,31
61211,2,1,1988,0,0,0,0,0,0,0,0,9,17
61212,1,1,1988,4,4,4,4,4,4,4,4,4,4
61213,1,1,1988,12,12,12,12,12,12,12,12,12,12
61213,2,1,1988,0,0,0,0,0,0,9,0,0,0
61214,1,1,1988,4,4,4,4,4,4,4,4,4,4
61215,1,1,1988,5,5,5,5,5,5,5,5,5,5
61216,1,1,1988,20,23,0,0,0,29,0,0,0,0
61217,1,1,1988,29,29,29,29,29,29,29,29,29,29
61217,2,1,1988,0,0,0,0,0,0,0,0,0,0
61218,1,1,1988,16,0,14,11,11,14,18,0,11,13
61219,1,1,1988,9,9,9,9,9,9,9,9,9,9
61220,1,1,1988,11,11,11,11,11,11,11,11,11,11
61221,1,1,1988,0,0,0,0,0,0,0,0,0,0
61221,2,1,1988,13,13,13,13,13,13,13,13,13,13
61222,1,1,1988,0,22,11,13,19,5,17,8,0,12
61222,2,1,1988,0,0,0,0,0,0,0,0,0,0
61223,1,1,1988,10,10,10,10,10,10,10,10,10,10
61223,2,1,1988,0,0,0,0,0,0,0,0,0,0
61224,1,1,1988,43,43,43,43,43,43,43,43,43,43
61225,1,1,1988,0,0,0,0,0,0,15,0,0,0
61226,1,1,1988,0,0,0,0,0,0,0,0,0,0
61227,0,1,1988,0,0,0,0,0,0,0,0,0,0
61227,0,2,1988,0,0,0,0,0,0,0,0,0,0
61227,1,1,1988,0,0,0,0,0,0,0,0,0,0
61228,1,1,1988,23,23,23,23,23,23,23,23,23,23
61229,0,1,1988,0,0,0,0,0,0,0,0,0,0
61229,1,1,1988,0,0,0,0,0,0,0,0,0,0
61230,1,1,1988,0,0,0,0,0,0,0,0,0,0
61231,1,1,1988,0,0,0,0,0,0,0,0,0,0
61232,1,1,1988,16,0,0,0,0,0,0,0,18,17
61232,2,1,1988,0,0,0,0,0,0,0,0,0,0
61232,3,1,1988,0,0,0,0,0,0,0,9,0,0
61233,1,1,1988,0,0,0,0,0,0,0,0,0,0
61234,1,1,1988,0,0,0,0,0,0,0,0,0,0
61234,2,1,1988,0,0,0,0,0,0,0,0,0,0
61235,0,1,1988,0,0,0,0,0,0,0,0,0,0
61235,1,1,1988,11,0,0,0,0,0,0,0,0,0
61236,1,1,1988,15,11,28,20,14,24,15,21,26,0
61236,2,1,1988,0,0,0,0,0,0,0,0,0,0
61237,1,1,1988,9,9,9,9,9,9,9,9,9,9
61237,2,1,1988,10,10,10,10,10,10,10,10,10,10
61238,1,1,1988,0,0,0,0,0,0,0,0,0,0
61239,1,1,1988,22,22,22,22,22,22,22,22,22,22
61239,2,1,1988,0,0,0,0,0,0,0,0,0,0
61240,1,1,1988,0,0,0,0,0,0,0,0,0,0
61240,2,1,1988,23,0,14,0,0,0,0,0,15,0
61241,1,1,1988,0,0,7,0,0,0,0,0,0,0
61241,2,1,1988,10,21,0,0,8,0,0,0,0,0
61242,1,1,1988,0,0,0,0,0,0,0,0,0,0
61242,2,1,1988,0,8,0,12,0,0,0,0,0,0
61243,1,1,1988,42,42,42,42,42,42,42,42,42,42
61243,2,1,1988,0,0,0,0,0,0,0,0,0,0
61243,3,1,1988,0,0,0,0,0,0,0,0,0,0
61243,4,1,1988,0,0,0,0,18,0,0,0,0,0
61243,5,1,1988,0,0,0,0,0,0,0,0,0,0
61244,0,1,1988,16,15,18,19,0,15,0,0,15,21
61244,1,1,1988,0,5,10,9,0,0,9,0,0,0
61244,2,1,1988,0,0,0,0,0,0,0,0,0,0
61245,1,1,1988,14,14,14,14,14,14,14,14,14,14
61245,2,1,1988,0,0,0,0,0,0,0,0,0,0
61245,3,1,1988,0,0,0,0,0,0,0,0,0,0
61246,1,1,1988,0,0,0,0,0,0,0,0,0,0
61247,0,1,1988,0,0,0,0,0,0,0,0,0,0
61247,1,1,1988,0,0,0,0,0,0,0,0,0,0
61248,1,1,1988,0,0,0,0,0,0,0,0,0,0
61248,2,1,1988,0,0,0,0,0,0,0,0,0,0
61248,3,1,1988,0,0,0,0,0,0,0,0,0,0
61248,4,1,1988,0,0,0,0,6,0,0,0,0,0
61248,5,1,1988,0,0,20,0,0,0,0,0,0,0
61249,1,1,1988,0,0,0,0,0,0,0,0,0,0
61249,2,1,1988,0,0,0,0,0,0,0,0,0,0
61250,1,1,1988,17,17,17,17,17,17,17,17,17,17
61250,2,1,1988,0,0,0,0,0,0,0,0,0,0
61251,1,1,1988,0,0,0,0,0,0,0,0,0,0
61252,1,1,1988,0,0,0,0,0,0,0,0,0,0
61253,1,1,1988,0,0,0,0,0,0,0,0,0,0
61254,1,1,1988,0,0,3,0,0,0,0,0,0,0
61255,1,1,1988,0,0,0,0,0,0,0,0,0,0
61256,0,1,1988,0,0,0,0,0,0,0,0,0,0
61256,1,1,1988,27,12,26,9,0,9,0,8,13,0
61257,1,1,1988,7,8,0,18,16,0,0,24,10,0
61258,1,1,1988,25,25,25,25,25,25,25,25,25,25
61259,0,1,1988,31,31,31,31,31,31,31,31,31,31
61259,1,1,1988,0,10,3,11,8,0,11,9,5,0
61260,1,1,1988,24,24,24,24,24,24,24,24,24,24
61261,0,1,1988,0,0,0,0,0,0,0,0,0,0
61261,1,1,1988,0,0,0,0,0,0,0,0,0,0
61262,1,1,1988,9,9,9,9,9,9,9,9,9,9
61263,1,1,1988,15,15,15,15,15,15,15,15,15,15
61263,2,1,1988,0,0,0,0,0,0,0,0,0,0
61264,1,1,1988,0,0,0,0,0,0,0,0,0,0
61264,2,1,1988,0,0,0,0,0,0,0,0,0,0
61265,1,1,1988,0,0,29,0,0,0,0,0,0,0
61265,2,1,1988,0,0,0,0,0,0,0,0,0,0
61266,0,1,1988,0,0,0,0,0,0,0,0,0,0
61266,1,1,1988,0,0,0,0,0,0,11,0,0,0
61267,1,1,1988,0,0,0,0,0,0,0,0,0,0
61267,2,1,1988,0,0,0,0,0,0,0,0,0,0
61268,1,1,1988,0,0,0,0,0,0,0,0,18,0
61268,2,1,1988,0,0,0,0,0,0,0,0,0,0
61269,1,1,1988,0,0,0,0,0,0,0,0,0,0
61269,2,1,1988,0,0,0,0,0,0,0,0,0,0
61270,0,1,1988,24,24,24,24,24,24,24,24,24,24
61270,1,1,1988,15,15,15,15,15,15,15,15,15,15
61270,2,1,1988,3,32,27,9,11,10,5,6,7,15
61271,1,1,1988,0,0,0,0,0,0,0,0,0,0
61272,0,1,1988,0,0,0,0,0,0,0,0,0,0
61272,1,1,1988,0,0,0,0,0,0,0,0,0,0
61273,0,1,1988,0,0,0,0,0,0,0,0,0,0
61273,1,1,1988,2,2,2,2,2,2,2,2,2,2
61274,1,1,1988,30,30,30,30,30,30,30,30,30,30
61275,1,1,1988,16,16,16,16,16,16,16,16,16,16
61276,1,1,1988,0,0,0,0,0,0,0,0,0,0
61276,2,1,1988,14,14,14,14,14,14,14,14,14,14
61277,1,1,1988,12,17,0,15,13,9,0,0,0,8
61277,2,1,1988,0,0,0,0,32,6,0,0,0,0
61278,0,1,1988,0,0,0,0,0,0,0,0,0,0
61278,1,1,1988,0,0,0,0,0,0,0,0,0,0
61279,0,1,1988,0,0,0,0,12,0,0,0,0,10
61279,0,2,1988,0,0,0,0,0,0,0,0,0,0
61279,1,1,1988,0,0,0,0,0,0,0,0,0,19
61280,0,1,1988,0,0,0,0,0,0,0,0,0,0
61280,1,1,1988,0,0,0,0,0,0,0,0,0,0
61281,1,1,1988,3,3,3,3,3,3,3,3,3,3
61281,2,1,1988,0,0,0,0,7,6,0,0,0,0
61281,3,1,1988,12,12,12,12,12,12,12,12,12,12
61282,1,1,1988,13,13,13,13,13,13,13,13,13,13
61283,1,1,1988,0,0,0,0,0,0,0,0,0,0
61283,2,1,1988,0,0,0,0,0,0,0,0,0,0
61284,0,1,1988,6,0,0,0,0,0,0,0,0,0
61284,1,1,1988,0,0,0,0,0,0,0,0,0,0
61285,1,1,1988,0,0,47,0,0,0,0,0,0,0
61285,2,1,1988,0,0,0,0,0,0,16,0,0,0
61285,3,1,1988,0,0,0,0,0,0,13,0,6,0
61285,4,1,1988,0,16,18,0,0,0,0,0,0,0
61286,1,1,1988,16,16,16,16,16,16,16,16,16,16
61286,2,1,1988,0,0,0,0,0,0,0,0,0,0
61287,1,1,1988,0,10,0,0,0,0,0,0,0,0
61287,2,1,1988,0,0,0,0,0,0,0,0,0,0
61288,1,1,1988,0,0,0,0,0,0,0,0,0,0
61288,2,1,1988,25,17,0,0,0,0,0,0,0,0
61289,1,1,1988,0,0,0,0,0,0,0,0,0,0
61289,2,1,1988,0,0,0,0,0,0,0,0,0,0
61290,0,1,1988,0,0,0,0,11,0,0,0,0,0
61290,1,1,1988,0,0,0,0,0,0,0,0,0,0
61291,1,1,1988,40,9,13,29,10,4,12,36,13,17
61292,0,1,1988,0,22,0,0,0,0,0,0,0,0
61292,1,1,1988,0,0,0,0,0,0,0,0,0,0
61293,0,1,1988,19,19,19,19,19,19,19,19,19,19
61293,1,1,1988,0,0,0,0,0,0,0,0,0,0
61294,0,1,1988,0,0,0,0,0,0,0,0,0,0
61294,1,1,1988,0,0,0,0,0,0,0,0,0,0
61295,1,1,1988,17,17,17,17,17,17,17,17,17,17
61296,0,1,1988,0,28,0,0,0,13,0,0,18,18
61296,1,1,1988,0,0,0,0,0,0,0,0,0,0
61297,1,1,1988,13,23,5,21,0,0,12,24,12,0
61297,2,1,1988,0,0,9,22,0,0,0,0,0,0
61298,1,1,1988,15,15,15,15,15,15,15,15,15,15
61299,1,1,1988,0,0,0,0,0,0,0,0,0,0
61299,2,1,1988,0,0,0,0,0,0,0,0,0,0
61300,1,1,1988,0,0,0,0,0,0,0,0,0,0
61300,2,1,1988,0,0,0,0,0,0,0,0,0,0
61301,1,1,1988,0,0,0,0,0,0,0,0,0,0
61302,1,1,1988,0,0,0,0,0,0,0,0,0,0
61302,2,1,1988,20,20,20,20,20,20,20,20,20,20
61303,0,1,1988,20,0,17,0,0,0,0,0,16,5
61303,0,2,1988,0,0,0,0,0,0,0,0,0,0
61303,1,1,1988,0,0,0,0,0,0,0,0,0,0
61304,0,1,1988,18,18,18,18,18,18,18,18,18,18
61304,1,1,1988,0,0,7,0,0,0,10,15,14,5
61305,1,1,1988,0,0,0,0,0,0,0,0,21,24
61307,1,1,1988,8,8,8,8,8,8,8,8,8,8
61307,2,1,1988,0,0,0,0,0,0,0,0,0,0
61308,1,1,1988,16,16,16,16,16,16,16,16,16,16
61308,2,1,1988,0,0,0,0,0,0,0,0,0,0
61309,1,1,1988,9,17,15,17,9,11,5,17,14,19
61310,1,1,1988,0,0,0,0,0,0,0,0,0,0
61311,1,1,1988,18,18,18,18,18,18,18,18,18,18
61312,0,1,1988,0,0,0,0,0,0,0,0,22,0
61312,0,2,1988,0,0,0,0,0,0,0,0,0,0
61312,1,1,1988,0,0,0,0,0,0,0,0,0,0
61312,2,1,1988,0,0,13,0,0,0,0,0,0,0
61313,1,1,1988,16,16,16,16,16,16,16,16,16,16
61313,2,1,1988,0,0,0,0,12,14,0,0,17,0
61314,0,1,1988,19,19,19,19,19,19,19,19,19,19
61314,1,1,1988,24,24,24,24,24,24,24,24,24,24
61315,1,1,1988,0,0,0,0,0,0,0,0,0,0
61316,1,1,1988,0,0,0,0,0,0,8,2,0,0
61316,2,1,1988,0,0,0,0,0,0,0,0,0,0
61317,1,1,1988,0,0,0,0,0,0,0,0,0,0
61318,1,1,1988,0,0,0,0,0,0,0,0,0,0
61318,2,1,1988,0,0,0,0,0,0,0,0,0,0
61319,1,1,1988,0,0,0,0,0,0,0,0,0,0
61320,1,1,1988,0,0,0,0,0,0,0,0,0,0
61320,2,1,1988,0,0,0,0,0,0,0,0,0,0
61321,1,1,1988,4,0,0,0,0,18,5,15,16,22
61322,1,1,1988,8,8,8,8,8,8,8,8,8,8
61323,1,1,1988,20,20,20,20,20,20,20,20,20,20
61323,2,1,1988,0,0,0,0,0,0,0,0,0,0
61324,1,1,1988,0,0,0,0,0,0,0,0,0,0
61325,0,1,1988,0,0,0,0,0,0,0,0,0,0
61325,1,1,1988,0,0,3,0,0,0,0,0,0,0
61326,0,1,1988,0,0,0,0,0,0,0,0,0,0
61326,1,1,1988,0,0,0,0,0,0,0,0,0,0
61327,1,1,1988,0,0,0,0,0,0,0,0,0,0
61327,2,1,1988,0,0,0,0,0,0,0,0,0,0
61328,0,1,1988,0,0,0,0,0,0,0,0,0,0
61328,1,1,1988,0,0,0,0,0,0,0,0,0,0
61329,1,1,1988,16,16,16,16,16,16,16,16,16,16
61330,1,1,1988,27,27,27,27,27,27,27,27,27,27
61331,1,1,1988,18,18,18,18,18,18,18,18,18,18
61331,2,1,1988,0,0,0,3,0,0,0,0,0,0
61332,1,1,1988,0,0,0,0,0,0,0,0,0,0
61333,1,1,1988,18,18,18,18,18,18,18,18,18,18
61334,1,1,1988,25,25,25,25,25,25,25,25,25,25
61335,1,1,1988,0,0,0,0,0,0,0,0,0,0
61335,2,1,1988,0,0,0,0,0,0,0,0,0,0
61336,1,1,1988,18,18,18,18,18,18,18,18,18,18
61337,1,1,1988,15,15,15,15,15,15,15,15,15,15
61338,1,1,1988,4,4,4,4,4,4,4,4,4,4
61339,1,1,1988,15,19,13,35,14,19,25,17,15,27
61340,1,1,1988,0,0,0,0,0,0,0,0,0,0
61340,2,1,1988,0,0,0,0,0,0,0,0,0,0
61341,1,1,1988,1,1,1,1,1,1,1,1,1,1
61342,1,1,1988,0,0,0,0,0,0,0,0,0,0
61343,1,1,1988,0,0,0,0,0,0,0,0,0,0
61343,2,1,1988,0,0,0,0,0,0,0,0,0,0
61344,0,1,1988,0,0,0,0,0,0,0,0,0,0
61344,1,1,1988,0,0,0,13,0,16,0,14,0,19
61345,1,1,1988,0,0,0,0,0,0,0,0,0,0
61345,2,1,1988,26,29,0,22,16,14,0,0,11,16
61346,1,1,1988,19,19,19,19,19,19,19,19,19,19
61347,1,1,1988,0,0,0,0,0,0,0,0,0,0
61348,1,1,1988,18,18,18,18,18,18,18,18,18,18
61349,1,1,1988,21,21,21,21,21,21,21,21,21,21
61350,0,1,1988,0,0,0,0,0,0,0,0,0,0
61350,1,1,1988,0,0,0,0,0,0,0,0,0,0
61351,1,1,1988,0,0,0,0,0,0,0,0,0,0
61351,2,1,1988,0,0,0,0,0,0,0,0,0,0
61352,1,1,1988,0,0,0,0,0,0,0,0,0,0
61353,1,1,1988,0,0,0,0,0,0,0,0,0,0
61353,2,1,1988,0,0,0,0,0,0,0,20,0,0
61354,1,1,1988,16,16,16,16,16,16,16,16,16,16