ST_CASE,VEH_NO,PER_NO,YEAR,P1,P2,P3,P4,P5,P6,P7,P8,P9,P10
61355,1,1,1988,20,20,20,20,20,20,20,20,20,20
61356,1,1,1988,0,0,0,0,0,0,0,0,0,0
61356,2,1,1988,0,0,0,0,0,0,0,0,0,0
61356,3,1,1988,0,0,0,0,0,0,0,0,0,0
61357,1,1,1988,24,24,24,24,24,24,24,24,24,24
61357,2,1,1988,0,10,0,0,17,0,15,24,0,11
61358,0,1,1988,13,13,13,13,13,13,13,13,13,13
61358,1,1,1988,0,0,0,0,0,0,26,0,0,0
61359,1,1,1988,14,14,14,14,14,14,14,14,14,14
61360,1,1,1988,11,11,11,11,11,11,11,11,11,11
61361,1,1,1988,0,0,0,0,0,0,0,0,0,0
61362,1,1,1988,18,18,18,18,18,18,18,18,18,18
61362,2,1,1988,0,0,0,0,0,0,0,0,0,0
61363,1,1,1988,7,7,7,7,7,7,7,7,7,7
61364,2,1,1988,0,0,0,0,0,0,0,0,0,0
61365,0,1,1988,12,12,12,12,12,12,12,12,12,12
61365,1,1,1988,0,0,0,0,15,0,0,0,0,14
61366,1,1,1988,15,15,15,15,15,15,15,15,15,15
61366,2,1,1988,0,0,0,0,0,0,0,0,0,0
61366,3,1,1988,0,0,18,21,5,0,14,18,5,0
61367,1,1,1988,17,17,17,17,17,17,17,17,17,17
61368,1,1,1988,0,0,0,0,0,0,0,0,0,0
61368,2,1,1988,0,18,0,0,0,0,0,0,0,0
61369,1,1,1988,20,20,20,20,20,20,20,20,20,20
61370,0,1,1988,0,0,0,11,0,16,21,0,0,0
61370,1,1,1988,0,0,0,0,0,0,0,0,0,0
61371,1,1,1988,1,1,1,1,1,1,1,1,1,1
61371,2,1,1988,0,0,0,0,0,0,0,0,0,0
61372,1,1,1988,23,23,23,23,23,23,23,23,23,23
61373,0,1,1988,0,0,0,0,0,0,0,0,0,0
61373,1,1,1988,14,14,14,14,14,14,14,14,14,14
61374,0,1,1988,0,0,0,0,0,0,10,0,0,0
61374,1,1,1988,11,6,16,0,0,0,0,10,12,0
61375,0,1,1988,0,0,22,0,18,0,0,0,0,0
61375,1,1,1988,0,0,0,0,0,0,0,0,0,0
61376,0,1,1988,33,16,12,5,23,33,12,42,17,16
61376,0,2,1988,12,0,0,0,0,0,0,14,0,24
61376,1,1,1988,20,20,20,20,20,20,20,20,20,20
61377,1,1,1988,0,0,0,0,0,0,0,0,0,0
61378,0,1,1988,0,0,0,0,0,0,0,0,0,0
61378,1,1,1988,16,16,16,16,16,16,16,16,16,16
61379,1,1,1988,0,0,0,0,0,0,0,0,0,0
61379,2,1,1988,0,0,0,0,0,0,0,0,0,0
61380,1,1,1988,0,0,0,0,0,0,0,0,0,0
61380,2,1,1988,0,0,0,0,0,0,0,0,0,0
61381,1,1,1988,16,0,21,0,10,0,0,0,28,15
61382,1,1,1988,0,0,0,0,0,0,0,0,0,0
61382,2,1,1988,12,0,0,8,0,0,0,0,0,0
61383,1,1,1988,8,8,8,8,8,8,8,8,8,8
61384,1,1,1988,12,12,12,12,12,12,12,12,12,12
61384,2,1,1988,0,0,0,0,0,0,0,0,0,0
61385,1,1,1988,17,17,17,17,17,17,17,17,17,17
61385,2,1,1988,0,0,0,0,0,0,0,0,0,0
61386,1,1,1988,0,0,0,0,0,0,0,0,0,0
61386,2,1,1988,0,0,0,0,0,0,0,0,0,0
61386,3,1,1988,0,0,0,0,0,0,0,0,0,0
61386,4,1,1988,0,0,0,0,0,0,0,0,0,0
61387,1,1,1988,0,0,0,0,0,0,0,0,0,0
61388,1,1,1988,0,0,0,0,0,0,0,0,0,0
61389,0,1,1988,0,0,0,0,0,0,0,0,0,0
61389,1,1,1988,0,0,0,0,0,0,0,0,0,0
61390,0,1,1988,0,0,0,0,0,0,0,0,0,0
61390,1,1,1988,0,0,0,0,0,0,0,0,0,0
61391,1,1,1988,0,0,0,0,0,3,0,0,0,0
61392,1,1,1988,4,4,4,4,4,4,4,4,4,4
61393,1,1,1988,18,18,18,18,18,18,18,18,18,18
61394,0,1,1988,0,0,0,0,0,0,0,0,0,0
61394,1,1,1988,0,0,0,0,0,0,0,0,0,0
61395,1,1,1988,0,0,0,0,0,0,0,0,0,0
61395,2,1,1988,0,0,0,0,0,22,0,0,13,0
61396,1,1,1988,0,0,0,0,0,0,0,0,0,0
61396,2,1,1988,0,0,0,0,0,0,0,0,0,0
61397,1,1,1988,17,17,17,17,17,17,17,17,17,17
61398,1,1,1988,15,15,15,15,15,15,15,15,15,15
61398,2,1,1988,0,0,0,0,0,0,0,0,0,0
61398,3,1,1988,0,0,0,0,0,0,0,10,0,0
61399,1,1,1988,8,8,8,8,8,8,8,8,8,8
61400,1,1,1988,23,23,23,23,23,23,23,23,23,23
61401,0,1,1988,0,0,0,0,0,0,0,0,0,0
61401,1,1,1988,23,23,23,23,23,23,23,23,23,23
61402,1,1,1988,6,6,6,6,6,6,6,6,6,6
61403,1,1,1988,21,21,21,21,21,21,21,21,21,21
61404,1,1,1988,8,0,0,0,0,0,13,0,20,0
61404,2,1,1988,0,0,0,0,0,0,0,0,0,0
61405,0,1,1988,0,0,0,0,0,0,0,0,0,0
61405,1,1,1988,0,0,0,0,0,0,0,0,0,0
61406,1,1,1988,19,19,19,19,19,19,19,19,19,19
61406,2,1,1988,0,0,0,0,0,0,0,0,0,18
61406,3,1,1988,0,0,0,0,0,0,0,0,0,0
61406,4,1,1988,0,15,0,0,0,0,0,0,0,0
61407,1,1,1988,0,0,0,0,0,0,0,0,0,0
61407,2,1,1988,0,0,0,0,0,0,0,0,0,0
61408,1,1,1988,0,0,0,0,0,0,0,0,0,0
61409,1,1,1988,7,7,7,7,7,7,7,7,7,7
61410,1,1,1988,15,15,15,15,15,15,15,15,15,15
61410,2,1,1988,0,0,0,0,0,0,0,0,0,0
61411,1,1,1988,15,15,15,15,15,15,15,15,15,15
61411,2,1,1988,0,0,0,0,0,0,0,0,0,0
61412,1,1,1988,0,0,0,0,0,0,0,0,0,0
61413,1,1,1988,0,0,0,0,0,0,0,0,0,0
61414,1,1,1988,19,34,11,21,28,9,11,8,6,14
61414,2,1,1988,0,0,0,0,0,0,0,0,0,0
61414,3,1,1988,0,0,0,0,0,0,0,0,0,0
61415,1,1,1988,0,0,0,0,0,0,0,0,0,0
61415,2,1,1988,0,0,0,0,0,0,0,0,0,0
61416,1,1,1988,0,0,0,0,0,0,0,0,0,0
61416,2,1,1988,0,0,0,0,0,0,0,0,0,0
61417,0,1,1988,24,24,24,24,24,24,24,24,24,24
61417,1,1,1988,0,0,0,0,0,0,0,0,0,0
61418,0,1,1988,0,0,0,0,0,0,0,0,0,0
61418,1,1,1988,3,0,0,0,6,0,0,0,0,0
61419,1,1,1988,1,1,1,1,1,1,1,1,1,1
61419,2,1,1988,0,0,0,14,0,0,0,0,0,0
61420,1,1,1988,0,0,0,0,0,0,0,0,0,0
61420,2,1,1988,0,0,0,0,0,16,0,0,0,13
61420,3,1,1988,14,30,13,0,0,0,0,0,0,14
61421,1,1,1988,0,0,0,0,0,0,0,0,0,0
61422,1,1,1988,26,26,26,26,26,26,26,26,26,26
61423,1,1,1988,6,6,6,6,6,6,6,6,6,6
61424,1,1,1988,0,0,0,0,0,0,0,0,0,0
61424,2,1,1988,0,0,0,0,0,0,0,0,0,0
61425,1,1,1988,0,0,0,0,0,0,0,0,0,0
61426,0,1,1988,22,22,22,22,22,22,22,22,22,22
61426,1,1,1988,13,13,13,13,13,13,13,13,13,13
61427,0,1,1988,17,17,17,17,17,17,17,17,17,17
61427,1,1,1988,0,8,8,9,0,14,6,0,21,0
61428,1,1,1988,22,22,22,22,22,22,22,22,22,22
61429,1,1,1988,5,5,5,5,5,5,5,5,5,5
61429,2,1,1988,0,24,0,0,0,0,0,0,0,0
61430,1,1,1988,18,18,18,18,18,18,18,18,18,18
61430,2,1,1988,0,0,0,0,0,0,0,21,0,0
61431,1,1,1988,16,16,16,16,16,16,16,16,16,16
61432,0,1,1988,0,0,0,0,0,0,0,0,0,0
61432,1,1,1988,0,0,0,0,0,0,0,0,0,0
61433,0,1,1988,0,0,0,0,0,0,0,0,0,0
61433,1,1,1988,0,0,0,0,0,0,0,0,0,0
61434,1,1,1988,16,16,16,16,16,16,16,16,16,16
61435,1,1,1988,5,5,5,5,5,5,5,5,5,5
61436,0,1,1988,25,25,25,25,25,25,25,25,25,25
61436,1,1,1988,0,0,0,0,0,0,0,0,0,0
61437,1,1,1988,21,21,21,21,21,21,21,21,21,21
61438,0,1,1988,0,0,0,0,0,0,0,0,0,0
61438,1,1,1988,0,0,16,0,0,0,0,0,0,0
61438,2,1,1988,0,0,0,0,0,0,0,19,0,0
61439,1,1,1988,0,0,0,0,0,0,0,0,0,0
61439,2,1,1988,0,0,0,0,0,0,0,0,0,0
61440,1,1,1988,0,0,0,0,0,0,0,0,0,0
61440,2,1,1988,0,0,0,0,0,0,0,0,0,0
61440,3,1,1988,0,0,0,0,0,0,0,0,0,0
61440,4,1,1988,0,0,0,24,0,0,0,0,0,0
61440,5,1,1988,0,0,0,0,0,0,0,0,0,0
61440,6,1,1988,0,0,0,0,0,0,0,0,0,0
61440,7,1,1988,0,0,0,0,0,0,0,0,0,0
61440,8,1,1988,0,0,0,0,0,0,0,0,0,0
61440,9,1,1988,0,0,0,0,0,0,0,0,0,0
61440,10,1,1988,0,0,0,0,0,0,0,0,0,0
61440,11,1,1988,0,0,0,0,0,0,0,0,0,0
61440,12,1,1988,0,0,0,0,0,0,0,0,0,0
61440,13,1,1988,0,0,0,0,0,0,0,0,0,0
61441,1,1,1988,0,0,0,0,0,0,0,0,0,0
61441,2,1,1988,12,2,0,0,0,0,0,0,0,0
61442,1,1,1988,0,0,0,0,0,0,0,0,0,0
61442,2,1,1988,0,0,0,0,0,0,0,0,0,0
61443,1,1,1988,0,0,0,0,0,0,0,0,0,0
61443,2,1,1988,11,0,0,0,0,0,0,0,6,0
61443,3,1,1988,0,0,0,0,0,0,0,19,0,0
61444,1,1,1988,0,0,0,0,0,0,0,0,0,0
61444,2,1,1988,0,0,0,0,0,0,0,0,0,0
61445,1,1,1988,0,0,0,0,14,0,0,0,0,0
61445,2,1,1988,3,3,3,3,3,3,3,3,3,3
61446,0,1,1988,0,0,0,0,0,0,0,0,0,0
61446,1,1,1988,0,0,0,0,0,0,0,0,0,0
61447,1,1,1988,0,0,0,0,0,0,0,0,0,0
61448,1,1,1988,0,0,0,0,0,0,0,0,0,0
61449,0,1,1988,36,36,36,36,36,36,36,36,36,36
61449,1,1,1988,0,0,0,0,0,0,0,0,0,0
61450,1,1,1988,0,0,0,0,0,0,0,0,0,0
61450,2,1,1988,0,0,0,0,0,0,0,0,0,0
61451,1,1,1988,0,0,0,0,0,0,0,0,0,0
61451,2,1,1988,0,0,0,0,0,0,0,0,0,0
61452,1,1,1988,20,20,20,20,20,20,20,20,20,20
61453,1,1,1988,0,0,0,0,0,0,0,0,0,0
61453,2,1,1988,0,0,0,0,0,0,0,0,0,0
61453,3,1,1988,0,0,0,0,0,0,0,0,0,0
61454,1,1,1988,0,0,0,0,0,0,0,0,0,0
61455,1,1,1988,0,0,0,0,0,0,0,0,0,0
61456,1,1,1988,0,0,0,0,0,0,0,0,0,0
61456,2,1,1988,0,0,0,0,0,0,0,0,0,0
61456,3,1,1988,14,14,14,14,14,14,14,14,14,14
61456,4,1,1988,0,0,0,0,0,0,0,22,0,0
61456,5,1,1988,0,0,0,0,0,10,0,0,0,0
61457,1,1,1988,22,22,22,22,22,22,22,22,22,22
61457,2,1,1988,0,0,0,0,0,0,0,0,0,0
61459,1,1,1988,0,0,0,0,0,0,0,0,0,0
61459,2,1,1988,0,0,0,0,0,0,0,0,0,0
61460,1,1,1988,21,21,21,21,21,21,21,21,21,21
61460,2,1,1988,0,0,0,0,0,0,0,0,0,0
61460,3,1,1988,0,15,0,0,0,0,0,0,0,0
61461,0,1,1988,27,27,27,27,27,27,27,27,27,27
61461,1,1,1988,18,0,0,0,0,0,0,0,0,0
61462,0,1,1988,23,23,23,23,23,23,23,23,23,23
61462,1,1,1988,0,0,0,0,0,0,0,0,14,0
61463,1,1,1988,0,0,0,0,0,0,0,0,0,0
61463,2,1,1988,1,1,1,1,1,1,1,1,1,1
61464,1,1,1988,9,9,9,9,9,9,9,9,9,9
61465,0,1,1988,0,0,0,0,0,0,0,0,0,0
61465,1,1,1988,0,0,0,0,0,0,0,0,0,0
61466,1,1,1988,28,28,28,28,28,28,28,28,28,28
61467,1,1,1988,0,0,0,0,0,0,0,0,0,0
61467,2,1,1988,0,0,0,0,0,0,0,0,0,0
61468,0,1,1988,25,25,25,25,25,25,25,25,25,25
61468,1,1,1988,13,15,4,17,12,20,0,4,13,19
61469,0,1,1988,0,0,0,0,0,0,0,0,0,0
61469,1,1,1988,8,8,8,8,8,8,8,8,8,8
61470,1,1,1988,19,19,19,19,19,19,19,19,19,19
61471,1,1,1988,2,2,2,2,2,2,2,2,2,2
61472,1,1,1988,0,0,0,0,0,0,0,0,0,0
61472,2,1,1988,0,0,0,0,0,0,0,0,0,0
61473,1,1,1988,0,0,0,0,0,0,0,0,0,0
61474,0,1,1988,0,0,0,0,0,0,0,0,0,0
61474,1,1,1988,0,0,0,0,0,0,0,12,0,0
61475,1,1,1988,0,0,0,0,0,0,0,0,0,0
61475,2,1,1988,0,0,0,0,0,0,0,0,0,0
61476,1,1,1988,0,0,0,10,0,0,0,0,0,0
61476,2,1,1988,0,0,0,0,0,0,0,0,0,0
61477,0,1,1988,0,0,0,0,0,0,0,0,0,0
61477,1,1,1988,0,0,0,0,0,0,0,0,0,0
61478,1,1,1988,0,0,0,0,0,0,0,0,0,0
61478,2,1,1988,0,0,0,0,0,0,0,0,0,0
61478,3,1,1988,0,0,0,0,0,0,0,0,0,0
61479,1,1,1988,0,0,0,0,0,0,0,0,0,0
61479,2,1,1988,0,0,0,0,0,0,0,0,0,0
61480,0,1,1988,0,0,0,0,0,0,0,0,0,0
61480,0,2,1988,29,0,28,9,0,23,12,0,26,13
61480,1,1,1988,0,0,0,0,0,0,0,0,0,0
61481,1,1,1988,0,0,0,0,0,0,0,0,0,0
61482,1,1,1988,0,0,0,0,0,0,0,0,0,0
61482,2,1,1988,0,0,0,0,0,0,0,0,0,0
61483,1,1,1988,15,17,15,33,29,36,19,20,0,5
61484,1,1,1988,0,0,0,0,0,0,0,0,0,5
61484,2,1,1988,0,0,0,0,0,0,0,0,0,0
61485,1,1,1988,21,21,21,21,21,21,21,21,21,21
61486,0,1,1988,0,0,0,0,0,0,0,0,0,0
61486,1,1,1988,0,0,0,0,0,0,0,0,0,0
61487,1,1,1988,23,23,23,23,23,23,23,23,23,23
61487,2,1,1988,0,27,0,22,0,0,0,0,0,0
61488,1,1,1988,0,0,0,0,0,0,0,0,0,0
61489,1,1,1988,9,9,9,9,9,9,9,9,9,9
61490,1,1,1988,0,0,0,0,0,0,0,0,0,0
61491,1,1,1988,19,19,19,19,19,19,19,19,19,19
61492,1,1,1988,13,13,13,13,13,13,13,13,13,13
61493,1,1,1988,17,17,17,17,17,17,17,17,17,17
61493,2,1,1988,0,0,0,0,0,0,0,0,0,0
61494,1,1,1988,11,11,11,11,11,11,11,11,11,11
61494,2,1,1988,0,0,0,0,0,0,0,0,29,0
61495,1,1,1988,13,13,13,13,13,13,13,13,13,13
61495,2,1,1988,0,0,0,0,0,0,0,0,0,23
61496,1,1,1988,21,21,21,21,21,21,21,21,21,21
61496,2,1,1988,0,0,0,0,0,0,0,0,0,0
61497,1,1,1988,0,0,0,0,0,0,0,0,7,0
61497,2,1,1988,0,0,0,0,0,0,0,0,0,0
61498,0,1,1988,0,0,0,0,0,0,0,0,0,0
61498,1,1,1988,0,0,0,0,0,0,0,0,0,0
61499,1,1,1988,0,0,0,0,0,0,0,0,0,0
61500,1,1,1988,0,0,0,0,0,0,0,0,0,0
61500,2,1,1988,0,0,0,0,0,0,0,0,0,0
61501,1,1,1988,0,0,0,0,0,0,0,0,0,0
61501,2,1,1988,0,0,8,0,0,0,0,0,0,0
61502,1,1,1988,9,6,0,0,0,0,11,0,17,0
61503,1,1,1988,15,15,15,15,15,15,15,15,15,15
61504,1,1,1988,15,15,15,15,15,15,15,15,15,15
61505,0,1,1988,0,0,0,0,0,0,0,0,0,0
61505,1,1,1988,0,18,0,0,0,0,0,0,0,0
61506,1,1,1988,12,12,12,12,12,12,12,12,12,12
61507,1,1,1988,9,0,11,0,0,19,0,0,0,0
61508,1,1,1988,13,13,13,13,13,13,13,13,13,13
61509,1,1,1988,2,2,2,2,2,2,2,2,2,2
61510,0,1,1988,0,0,0,0,0,0,0,0,0,0
61510,1,1,1988,0,0,0,0,0,0,0,0,0,0
61511,1,1,1988,0,0,0,0,0,0,0,0,0,0
61511,2,1,1988,0,0,0,0,0,0,26,10,17,0
61512,1,1,1988,11,11,11,11,11,11,11,11,11,11
61513,1,1,1988,40,40,40,40,40,40,40,40,40,40
61513,2,1,1988,1,1,1,1,1,1,1,1,1,1
61514,0,1,1988,0,0,0,0,0,0,0,0,0,0
61514,1,1,1988,0,0,0,0,0,0,0,0,0,0
61515,1,1,1988,17,17,17,17,17,17,17,17,17,17
61516,1,1,1988,0,0,0,0,0,0,0,0,0,0
61516,2,1,1988,0,0,0,0,0,0,0,0,0,0
61517,1,1,1988,0,0,0,0,0,0,0,0,0,0
61517,2,1,1988,0,0,0,0,0,0,0,0,0,0
61518,0,1,1988,0,0,0,0,0,0,0,0,0,0
61518,1,1,1988,0,14,0,0,0,4,0,0,0,0
61519,1,1,1988,0,0,0,0,0,0,0,0,0,0
61520,1,1,1988,24,0,6,12,12,0,13,3,10,0
61520,2,1,1988,0,0,0,0,0,0,0,0,0,0
61521,1,1,1988,0,0,0,0,0,0,0,0,0,0
61522,1,1,1988,15,15,15,15,15,15,15,15,15,15
61523,1,1,1988,10,0,0,0,0,0,0,0,0,0
61523,2,1,1988,0,0,0,0,0,0,0,0,0,0
61523,3,1,1988,0,0,0,0,0,0,0,0,0,0
61524,1,1,1988,0,0,0,0,0,0,0,0,0,0
61524,2,1,1988,0,12,0,0,0,0,0,0,0,0
61525,1,1,1988,0,0,0,0,0,18,0,0,0,0
61526,1,1,1988,27,27,27,27,27,27,27,27,27,27
61527,1,1,1988,24,24,24,24,24,24,24,24,24,24
61527,2,1,1988,0,0,0,0,0,0,0,0,0,0
61528,0,1,1988,21,21,21,21,21,21,21,21,21,21
61528,1,1,1988,7,0,0,0,0,0,0,0,0,0
61529,1,1,1988,0,0,0,0,0,0,0,0,0,0
61530,0,1,1988,0,0,0,0,0,0,0,0,0,0
61530,1,1,1988,0,0,0,0,0,0,0,0,0,0
61531,1,1,1988,19,19,19,19,19,19,19,19,19,19
61531,2,1,1988,0,0,0,0,0,0,0,0,0,0
61532,1,1,1988,0,0,0,0,0,0,0,0,0,0
61532,2,1,1988,8,0,0,0,0,0,0,0,0,0
61533,1,1,1988,0,0,0,0,0,0,0,0,0,0
61533,2,1,1988,0,0,0,0,0,0,0,0,0,0
61534,1,1,1988,7,7,7,7,7,7,7,7,7,7
61535,1,1,1988,4,19,21,0,17,0,12,0,0,0
61536,1,1,1988,0,6,0,0,0,0,0,0,0,0
61537,0,1,1988,0,0,0,0,0,0,0,0,0,0
61537,1,1,1988,0,0,0,0,0,0,0,0,0,0
61538,1,1,1988,0,0,0,0,0,0,0,0,0,0
61539,1,1,1988,18,18,18,18,18,18,18,18,18,18
61539,2,1,1988,0,0,0,0,0,0,0,0,0,0
61540,0,1,1988,1,1,1,1,1,1,1,1,1,1
61540,1,1,1988,0,10,0,0,0,0,0,0,0,0
61541,1,1,1988,0,0,0,0,0,0,0,0,0,0
61542,1,1,1988,0,0,0,0,0,0,0,0,0,0
61543,1,1,1988,26,26,26,26,26,26,26,26,26,26
61544,1,1,1988,0,0,0,0,0,0,0,0,0,0
61544,2,1,1988,0,0,0,0,0,0,0,0,0,0
61545,1,1,1988,0,0,0,0,0,0,0,0,0,0
61545,2,1,1988,0,0,0,0,0,0,0,0,0,0
61546,1,1,1988,0,0,0,0,0,0,0,0,0,0
61547,1,1,1988,0,0,0,0,0,0,0,0,0,0
61548,1,1,1988,0,0,0,0,0,0,0,0,25,0
61548,2,1,1988,0,0,0,8,0,0,0,0,0,0
61549,1,1,1988,0,0,0,0,0,0,0,0,0,0
61550,0,1,1988,11,11,11,11,11,11,11,11,11,11
61550,1,1,1988,30,30,30,30,30,30,30,30,30,30
61551,1,1,1988,0,0,0,0,0,0,0,0,0,0
61552,1,1,1988,0,0,0,0,0,0,0,0,0,0
61553,1,1,1988,0,0,0,0,0,0,0,0,0,0
61553,2,1,1988,0,0,0,0,0,0,0,0,0,0
61554,1,1,1988,0,0,0,0,0,0,0,0,0,0
61554,2,1,1988,0,0,0,0,0,0,0,0,0,0
61554,3,1,1988,0,0,0,0,0,0,0,0,0,0
61554,4,1,1988,0,0,0,0,0,0,0,0,0,0
61554,5,1,1988,0,0,0,0,0,0,0,0,0,0
61555,1,1,1988,0,0,0,0,0,0,0,0,0,0
61555,2,1,1988,0,0,0,0,0,0,0,14,0,0
61556,1,1,1988,31,0,0,0,21,0,5,21,11,16
61557,0,1,1988,29,29,29,29,29,29,29,29,29,29
61557,1,1,1988,0,0,0,0,0,0,0,0,0,0
61558,0,1,1988,0,7,0,0,0,0,0,0,0,0
61558,1,1,1988,0,0,0,0,0,0,0,0,0,0
61559,1,1,1988,24,25,18,19,34,15,16,16,16,24
61560,0,1,1988,0,0,0,0,0,0,0,0,0,0
61560,1,1,1988,0,0,0,0,0,0,0,0,0,0
61561,1,1,1988,18,18,18,18,18,18,18,18,18,18
61562,0,1,1988,0,0,0,0,0,0,0,0,0,0
61562,1,1,1988,0,0,12,19,0,0,13,0,6,0
61563,1,1,1988,0,0,0,0,0,0,0,0,0,0
61564,1,1,1988,0,0,0,0,0,0,0,0,0,0
61564,2,1,1988,0,0,22,30,0,0,0,0,0,0
61565,1,1,1988,0,0,0,0,0,0,0,0,0,0
61565,2,1,1988,0,12,10,0,0,0,0,0,0,0
61566,0,1,1988,0,0,0,0,0,0,0,0,0,0
61566,1,1,1988,0,0,0,0,0,0,0,0,0,0
61567,1,1,1988,21,21,21,21,21,21,21,21,21,21
61567,2,1,1988,0,0,0,0,0,0,0,0,0,0
61568,1,1,1988,19,19,19,19,19,19,19,19,19,19
61569,1,1,1988,25,25,25,25,25,25,25,25,25,25
61569,2,1,1988,0,0,0,0,0,0,0,0,0,0
61570,1,1,1988,24,24,24,24,24,24,24,24,24,24
61570,2,1,1988,0,0,0,0,0,0,0,0,14,0
61571,0,1,1988,0,0,0,0,0,0,0,0,0,0
61571,1,1,1988,2,2,2,2,2,2,2,2,2,2
61572,0,1,1988,0,0,0,0,0,0,0,0,0,0
61572,1,1,1988,0,10,0,0,0,0,0,0,0,0
61573,1,1,1988,10,10,10,10,10,10,10,10,10,10
61574,1,1,1988,20,20,20,20,20,20,20,20,20,20
61575,1,1,1988,0,0,0,0,0,0,0,0,0,0
61575,2,1,1988,8,8,8,8,8,8,8,8,8,8
61576,1,1,1988,20,20,20,20,20,20,20,20,20,20
61576,2,1,1988,23,23,23,23,23,23,23,23,23,23
61577,0,1,1988,15,15,15,15,15,15,15,15,15,15
61577,1,1,1988,0,0,0,0,0,0,0,0,0,0
61578,1,1,1988,24,24,24,24,24,24,24,24,24,24
61579,1,1,1988,9,9,9,9,9,9,9,9,9,9
61579,2,1,1988,0,0,0,0,0,0,0,0,0,0
61580,0,1,1988,25,25,25,25,25,25,25,25,25,25
61580,1,1,1988,0,0,15,0,0,0,0,0,0,0
61581,1,1,1988,10,10,10,10,10,10,10,10,10,10
61582,1,1,1988,15,15,15,15,15,15,15,15,15,15
61583,1,1,1988,12,12,12,12,12,12,12,12,12,12
61584,1,1,1988,17,17,17,17,17,17,17,17,17,17
61585,1,1,1988,0,0,0,0,0,0,0,0,0,0
61585,2,1,1988,14,14,14,14,14,14,14,14,14,14
61586,1,1,1988,16,16,16,16,16,16,16,16,16,16
61587,1,1,1988,0,0,0,0,0,0,0,0,0,0
61587,2,1,1988,0,0,0,0,0,0,0,0,0,0
61588,1,1,1988,0,0,0,0,0,0,0,0,0,0
61588,2,1,1988,9,0,0,0,0,0,0,0,0,0
61588,3,1,1988,0,0,0,0,0,0,0,0,0,0
61589,0,1,1988,0,0,0,0,0,0,0,0,0,0
61589,1,1,1988,0,0,0,0,0,0,0,0,0,0
61590,1,1,1988,17,17,17,17,17,17,17,17,17,17
61590,2,1,1988,0,0,0,0,0,0,0,0,0,0
61591,1,1,1988,23,23,23,23,23,23,23,23,23,23
61592,1,1,1988,14,14,14,14,14,14,14,14,14,14
61593,1,1,1988,28,28,28,28,28,28,28,28,28,28
61594,1,1,1988,0,0,0,0,0,0,0,0,0,0
61594,2,1,1988,0,0,0,0,0,0,22,25,0,0
61594,3,1,1988,0,0,24,0,0,0,0,0,0,0
61594,4,1,1988,0,18,0,0,0,0,0,0,0,0
61595,1,1,1988,7,14,21,14,17,6,9,29,11,11
61595,2,1,1988,0,0,0,0,0,0,0,0,0,0
61595,3,1,1988,0,0,0,0,0,0,0,0,0,0
61596,0,1,1988,0,0,0,0,0,0,0,0,0,0
61596,1,1,1988,0,0,0,0,0,0,0,0,0,0
61597,1,1,1988,0,0,0,0,0,0,0,0,0,0
61597,2,1,1988,0,0,0,0,0,0,0,0,0,0
61597,3,1,1988,0,0,0,0,0,0,0,0,0,0
61598,0,1,1988,0,0,8,3,0,0,0,0,0,0
61598,1,1,1988,0,0,0,0,0,0,0,0,0,0
61599,0,1,1988,0,0,0,0,0,0,0,0,0,0
61599,0,2,1988,0,0,0,0,0,0,0,0,12,27
61599,0,3,1988,24,27,15,26,37,20,0,21,0,0
61599,1,1,1988,0,0,0,0,0,0,0,0,0,0
61599,2,1,1988,0,0,0,0,0,0,0,0,0,0
61600,0,1,1988,0,0,0,0,0,0,0,0,0,0
61600,1,1,1988,0,0,0,0,0,0,0,0,0,0
61601,0,1,1988,0,0,0,0,0,0,0,0,0,0
61601,1,1,1988,0,0,0,0,0,0,0,0,0,0
61602,1,1,1988,27,27,27,27,27,27,27,27,27,27
61602,2,1,1988,0,0,0,0,0,0,0,0,0,0
61603,1,1,1988,12,12,12,12,12,12,12,12,12,12
61603,2,1,1988,0,0,0,0,0,0,0,0,0,0
61604,1,1,1988,23,23,23,23,23,23,23,23,23,23
61604,2,1,1988,0,0,0,0,0,0,0,0,0,0
61605,1,1,1988,0,0,0,0,0,0,0,0,0,0
61605,2,1,1988,0,0,0,0,0,0,0,0,0,11
61606,1,1,1988,0,0,0,0,0,0,0,0,0,0
61607,1,1,1988,15,15,15,15,15,15,15,15,15,15
61607,2,1,1988,0,0,0,0,0,0,0,0,0,0
61608,1,1,1988,0,0,0,0,0,0,0,0,0,0
61608,2,1,1988,8,0,0,0,0,0,0,0,0,0
61609,0,1,1988,0,0,0,0,0,0,0,0,0,0
61609,1,1,1988,0,0,0,0,0,0,0,0,0,0
61610,1,1,1988,0,0,0,0,0,0,0,0,0,0
61610,2,1,1988,28,28,28,28,28,28,28,28,28,28
61611,1,1,1988,0,0,0,0,0,0,0,0,0,0
61612,0,1,1988,15,15,15,15,15,15,15,15,15,15
61612,1,1,1988,0,0,0,0,0,11,0,13,19,8
61613,1,1,1988,24,24,24,24,24,24,24,24,24,24
61614,1,1,1988,15,15,15,15,15,15,15,15,15,15
61615,0,1,1988,0,0,0,0,0,0,0,0,0,0
61615,1,1,1988,0,0,0,0,0,0,0,0,0,0
61616,1,1,1988,0,0,0,0,0,0,0,0,0,0
61616,2,1,1988,0,0,0,0,0,0,0,0,0,0
61617,1,1,1988,0,0,15,0,0,0,0,0,0,0
61617,2,1,1988,0,0,0,0,0,0,0,0,0,0
61618,1,1,1988,8,8,8,8,8,8,8,8,8,8
61619,1,1,1988,0,0,0,0,0,0,0,0,0,0
61619,2,1,1988,0,0,0,0,29,0,0,0,0,0
61619,3,1,1988,0,0,0,0,0,0,0,12,0,0
61620,1,1,1988,0,0,10,0,0,0,0,0,0,0
61621,1,1,1988,0,0,0,0,0,0,0,0,0,0
61621,2,1,1988,7,7,7,7,7,7,7,7,7,7
61622,1,1,1988,20,20,20,20,20,20,20,20,20,20
61622,2,1,1988,0,0,0,0,0,0,0,0,0,0
61623,1,1,1988,0,0,0,0,0,0,0,0,0,0
61623,2,1,1988,0,0,0,0,0,0,0,0,0,0
61624,1,1,1988,7,7,7,7,7,7,7,7,7,7
61625,1,1,1988,16,16,16,16,16,16,16,16,16,16