ST_CASE,VEH_NO,PER_NO,YEAR,P1,P2,P3,P4,P5,P6,P7,P8,P9,P10
61626,1,1,1988,20,20,20,20,20,20,20,20,20,20
61627,1,2,1988,0,11,0,0,0,18,0,0,0,0
61628,1,1,1988,21,21,21,21,21,21,21,21,21,21
61629,0,1,1988,0,0,0,0,0,0,0,0,0,0
61629,1,1,1988,0,0,0,0,0,0,0,0,0,0
61630,1,1,1988,0,0,0,0,0,0,0,0,0,0
61630,2,1,1988,0,0,0,0,0,0,0,0,0,0
61631,1,1,1988,0,0,4,0,0,0,0,0,0,0
61631,2,1,1988,23,16,0,0,0,13,0,21,13,30
61631,3,1,1988,27,27,27,27,27,27,27,27,27,27
61632,1,1,1988,13,13,13,13,13,13,13,13,13,13
61633,1,1,1988,6,6,6,6,6,6,6,6,6,6
61634,1,1,1988,0,0,0,0,0,0,0,0,0,0
61634,2,1,1988,0,0,0,0,0,0,0,0,0,0
61635,1,1,1988,0,0,0,0,0,0,0,13,0,0
61635,2,1,1988,0,0,0,0,0,0,0,0,0,0
61636,1,1,1988,12,12,12,12,12,12,12,12,12,12
61637,0,1,1988,0,0,0,0,0,0,0,0,0,0
61637,1,1,1988,0,0,0,12,0,0,0,10,5,6
61638,1,1,1988,21,0,0,46,0,0,0,0,0,0
61639,1,1,1988,9,9,9,9,9,9,9,9,9,9
61640,0,1,1988,0,0,0,0,0,0,0,0,0,0
61640,1,1,1988,0,0,0,0,0,0,0,0,0,0
61641,1,1,1988,0,0,0,0,0,0,0,0,0,0
61642,1,1,1988,25,25,25,25,25,25,25,25,25,25
61643,0,1,1988,0,0,0,0,0,0,0,0,0,0
61643,1,1,1988,0,0,0,0,0,0,0,0,0,0
61644,1,1,1988,0,0,0,0,0,0,0,0,0,0
61644,2,1,1988,0,0,0,0,0,0,0,0,0,0
61645,1,1,1988,0,31,0,0,11,0,23,0,20,11
61647,1,1,1988,0,0,0,0,0,0,0,0,0,0
61647,2,1,1988,0,0,0,0,0,0,0,0,0,0
61648,1,1,1988,5,5,5,5,5,5,5,5,5,5
61648,2,1,1988,0,0,0,0,20,0,0,10,0,11
61648,3,1,1988,0,0,0,0,0,0,0,0,0,0
61649,0,1,1988,23,23,23,23,23,23,23,23,23,23
61649,1,1,1988,13,0,0,0,0,0,0,11,0,0
61650,1,1,1988,0,0,0,0,0,0,0,0,0,0
61651,1,1,1988,10,10,10,10,10,10,10,10,10,10
61652,1,1,1988,27,27,27,27,27,27,27,27,27,27
61653,1,1,1988,14,14,14,14,14,14,14,14,14,14
61654,1,1,1988,25,25,25,25,25,25,25,25,25,25
61654,2,1,1988,17,17,17,17,17,17,17,17,17,17
61655,0,1,1988,19,19,19,19,19,19,19,19,19,19
61655,1,1,1988,0,0,0,0,0,0,0,0,10,11
61656,1,1,1988,2,2,2,2,2,2,2,2,2,2
61657,1,1,1988,16,16,16,16,16,16,16,16,16,16
61658,1,1,1988,0,0,0,0,4,0,0,0,0,0
61658,2,1,1988,0,0,0,0,0,0,0,0,0,0
61658,3,1,1988,0,0,0,0,0,0,0,0,0,0
61659,1,1,1988,0,0,0,17,0,0,0,0,0,0
61660,1,1,1988,22,22,22,22,22,22,22,22,22,22
61661,0,1,1988,34,34,34,34,34,34,34,34,34,34
61661,1,1,1988,0,0,0,22,4,21,9,8,10,0
61662,1,1,1988,14,14,14,14,14,14,14,14,14,14
61663,1,1,1988,1,1,1,1,1,1,1,1,1,1
61663,2,1,1988,26,11,0,0,0,0,0,0,0,0
61664,1,1,1988,0,0,0,0,0,0,0,0,0,0
61664,2,1,1988,0,0,0,0,0,0,0,0,0,0
61665,1,1,1988,0,0,0,0,0,0,0,0,0,0
61665,2,1,1988,0,0,0,0,0,0,0,0,0,0
61666,1,1,1988,21,21,21,21,21,21,21,21,21,21
61666,2,1,1988,0,0,0,0,0,0,0,0,0,0
61667,1,1,1988,43,15,30,15,16,15,25,22,10,13
61668,1,1,1988,22,22,22,22,22,22,22,22,22,22
61668,2,1,1988,17,6,0,0,0,0,0,15,0,0
61669,1,1,1988,0,0,0,0,0,0,0,0,0,0
61669,2,1,1988,2,2,2,2,2,2,2,2,2,2
61670,1,1,1988,9,9,9,9,9,9,9,9,9,9
61671,1,1,1988,25,25,25,25,25,25,25,25,25,25
61672,1,1,1988,20,20,20,20,20,20,20,20,20,20
61673,1,1,1988,21,12,0,23,0,0,0,9,8,8
61674,0,1,1988,0,0,0,0,0,0,0,0,0,0
61674,1,1,1988,0,0,0,0,0,0,0,0,0,0
61675,0,1,1988,0,0,0,0,0,0,0,0,0,0
61675,1,1,1988,14,0,0,0,0,0,0,0,32,0
61676,1,1,1988,0,0,0,0,0,0,0,0,0,0
61676,2,1,1988,0,0,0,0,0,0,0,0,16,0
61677,0,1,1988,15,0,0,15,15,0,0,0,0,0
61677,1,1,1988,0,0,0,0,11,0,0,0,0,0
61678,1,1,1988,13,0,0,0,0,8,20,0,0,0
61678,2,1,1988,0,0,0,0,0,0,0,0,0,0
61679,0,1,1988,0,0,0,0,0,0,0,0,0,0
61679,1,1,1988,27,19,18,14,13,21,16,11,26,15
61679,2,1,1988,0,0,0,0,0,0,0,0,23,0
61680,1,1,1988,0,0,0,0,0,0,0,0,0,0
61680,2,1,1988,0,0,0,0,0,0,0,0,0,0
61681,0,1,1988,0,0,0,0,0,0,0,0,0,0
61681,1,1,1988,0,0,0,0,0,0,0,0,0,0
61682,0,1,1988,0,0,0,0,0,0,0,0,0,0
61682,1,1,1988,0,0,0,0,0,0,0,0,0,0
61683,1,1,1988,0,0,0,0,0,0,0,0,0,0
61683,2,1,1988,0,0,0,0,0,0,0,0,0,0
61683,3,1,1988,0,0,0,0,0,0,0,0,0,0
61684,1,1,1988,16,16,16,16,16,16,16,16,16,16
61685,0,1,1988,22,22,22,22,22,22,22,22,22,22
61685,1,1,1988,13,0,10,7,9,14,8,12,3,0
61686,0,1,1988,8,8,8,8,8,8,8,8,8,8
61686,2,1,1988,0,0,0,0,0,0,0,0,0,0
61686,3,1,1988,9,0,0,0,0,0,0,0,0,0
61687,1,1,1988,0,0,0,0,0,0,0,0,0,0
61687,2,1,1988,0,0,0,0,0,0,0,0,0,0
61688,1,1,1988,6,6,6,6,6,6,6,6,6,6
61689,1,1,1988,0,0,0,0,0,0,0,0,0,0
61689,2,1,1988,0,0,0,0,0,0,0,0,0,0
61690,1,1,1988,0,0,0,0,0,0,0,0,0,0
61691,1,1,1988,0,0,0,0,0,0,0,0,0,0
61691,2,1,1988,0,0,0,0,0,0,0,0,0,0
61692,1,1,1988,0,0,0,0,0,0,0,0,0,0
61692,2,1,1988,0,12,0,0,0,0,0,0,0,0
61693,1,1,1988,0,0,0,0,0,0,0,0,0,0
61694,1,1,1988,3,3,3,3,3,3,3,3,3,3
61695,1,1,1988,30,30,30,30,30,30,30,30,30,30
61696,1,1,1988,0,0,0,0,0,0,0,0,0,0
61697,1,1,1988,0,0,0,0,0,0,0,0,0,0
61698,1,1,1988,21,21,21,21,21,21,21,21,21,21
61699,1,1,1988,0,0,0,0,0,0,0,0,0,0
61699,2,1,1988,2,2,2,2,2,2,2,2,2,2
61700,0,1,1988,0,0,0,0,0,0,0,0,0,0
61700,1,1,1988,15,15,15,15,15,15,15,15,15,15
61701,1,1,1988,16,16,16,16,16,16,16,16,16,16
61701,2,1,1988,0,0,0,0,0,0,0,0,0,0
61702,1,1,1988,18,18,18,18,18,18,18,18,18,18
61702,2,1,1988,0,0,0,0,0,0,0,0,0,0
61703,0,1,1988,0,0,0,0,0,0,0,0,0,0
61703,1,1,1988,0,0,0,0,0,0,0,0,0,0
61703,2,1,1988,0,0,0,0,0,0,0,0,0,0
61704,1,1,1988,20,20,20,20,20,20,20,20,20,20
61704,2,1,1988,0,0,6,0,0,10,0,0,0,0
61705,1,1,1988,0,0,0,0,0,0,0,0,0,0
61705,2,1,1988,5,5,5,5,5,5,5,5,5,5
61706,1,1,1988,22,22,22,22,22,22,22,22,22,22
61706,2,1,1988,0,0,0,0,0,0,0,0,0,0
61707,0,1,1988,0,0,0,0,0,0,0,0,0,0
61707,1,1,1988,0,0,0,0,0,0,0,0,0,0
61708,1,1,1988,0,0,0,0,0,0,0,0,0,0
61709,0,1,1988,25,25,25,25,25,25,25,25,25,25
61709,1,1,1988,0,0,0,0,0,0,0,0,0,0
61710,0,1,1988,15,15,15,15,15,15,15,15,15,15
61710,1,1,1988,0,0,0,0,0,0,0,0,0,0
61711,1,1,1988,17,17,17,17,17,17,17,17,17,17
61711,2,1,1988,3,3,3,3,3,3,3,3,3,3
61712,1,1,1988,0,0,0,0,0,0,0,0,0,0
61712,2,1,1988,0,0,0,0,0,0,0,0,0,0
61712,3,1,1988,0,0,0,0,0,0,0,0,0,0
61713,1,1,1988,23,23,23,23,23,23,23,23,23,23
61713,2,1,1988,0,0,0,13,0,0,0,0,0,0
61714,0,1,1988,19,19,19,19,19,19,19,19,19,19
61714,1,1,1988,6,6,6,6,6,6,6,6,6,6
61715,1,1,1988,0,13,0,0,0,0,0,0,0,0
61715,2,1,1988,0,0,0,0,0,18,0,0,0,0
61716,1,1,1988,15,15,15,15,15,15,15,15,15,15
61716,2,1,1988,19,0,0,0,0,0,0,0,0,0
61717,1,1,1988,0,0,0,0,0,0,0,0,0,0
61717,2,1,1988,0,0,0,0,0,0,0,0,0,3
61718,1,1,1988,0,3,24,16,11,16,17,13,5,22
61718,2,1,1988,9,0,0,0,0,20,0,0,0,0
61719,0,1,1988,0,0,0,0,0,0,0,0,0,0
61719,1,1,1988,0,0,0,0,0,0,0,0,0,0
61720,1,1,1988,0,0,0,2,0,0,0,0,0,0
61720,2,1,1988,0,0,0,0,0,0,0,0,0,0
61721,1,1,1988,20,20,20,20,20,20,20,20,20,20
61722,1,1,1988,0,0,0,0,0,0,0,0,0,0
61722,2,1,1988,19,19,19,19,19,19,19,19,19,19
61723,1,1,1988,16,16,16,16,16,16,16,16,16,16
61723,2,1,1988,15,0,0,28,0,11,0,0,0,10
61724,1,1,1988,21,21,21,21,21,21,21,21,21,21
61725,1,1,1988,24,24,24,24,24,24,24,24,24,24
61725,2,1,1988,0,0,0,0,0,0,0,0,0,0
61726,1,1,1988,0,0,0,0,0,0,0,0,0,0
61727,0,1,1988,0,0,0,0,0,0,0,0,0,0
61727,1,1,1988,3,3,3,3,3,3,3,3,3,3
61728,1,1,1988,23,23,23,23,23,23,23,23,23,23
61729,1,1,1988,17,17,17,17,17,17,17,17,17,17
61730,0,1,1988,0,0,0,0,0,0,36,0,0,0
61730,1,1,1988,0,9,0,0,0,0,0,0,0,30
61731,1,1,1988,0,0,0,0,0,0,0,0,0,0
61731,2,1,1988,18,18,18,18,18,18,18,18,18,18
61732,0,1,1988,0,0,0,0,0,0,0,0,0,0
61732,1,1,1988,0,0,0,0,0,0,0,0,0,4
61733,1,1,1988,0,0,0,0,0,0,0,0,0,0
61733,2,1,1988,8,0,0,0,0,0,0,0,0,0
61734,0,1,1988,5,5,5,5,5,5,5,5,5,5
61734,1,1,1988,0,0,0,0,0,0,0,0,0,0
61735,1,1,1988,0,0,0,0,0,0,0,0,0,0
61735,2,1,1988,0,0,0,0,0,0,0,0,0,0
61736,1,1,1988,15,15,15,15,15,15,15,15,15,15
61737,1,1,1988,0,0,0,0,0,0,0,0,0,0
61738,0,1,1988,0,0,0,0,0,0,0,0,0,0
61738,1,1,1988,0,0,0,0,0,0,0,0,0,0
61739,1,1,1988,0,0,0,0,0,0,0,0,0,0
61739,2,1,1988,0,0,0,0,0,0,0,0,0,0
61740,1,1,1988,0,0,0,0,0,0,0,0,0,0
61741,1,1,1988,0,18,0,0,0,0,0,0,0,0
61742,1,1,1988,0,0,0,0,0,0,0,0,0,0
61742,2,1,1988,0,0,0,0,0,0,0,0,0,0
61743,1,1,1988,0,0,0,0,0,0,0,0,0,0
61743,2,1,1988,0,0,0,0,0,0,0,0,0,0
61744,0,1,1988,0,0,0,0,0,0,0,0,0,0
61744,0,2,1988,0,4,0,0,0,0,20,29,0,15
61744,0,3,1988,0,0,0,0,0,0,0,0,0,0
61744,0,4,1988,0,0,0,0,0,0,0,0,0,0
61744,1,1,1988,0,0,0,0,0,0,0,0,0,0
61744,2,1,1988,0,0,0,0,0,0,0,0,0,0
61745,1,1,1988,2,2,2,2,2,2,2,2,2,2
61746,1,1,1988,3,3,3,3,3,3,3,3,3,3
61747,0,1,1988,0,0,0,0,0,0,0,0,0,0
61747,1,1,1988,0,0,0,0,0,0,0,0,0,0
61748,1,1,1988,0,0,0,0,0,0,0,0,0,0
61748,2,1,1988,0,0,0,0,0,0,0,0,0,0
61749,0,1,1988,0,0,0,0,0,0,0,0,0,0
61749,0,2,1988,0,0,0,0,0,0,0,0,0,0
61749,1,1,1988,16,0,0,0,0,0,0,0,0,18
61750,0,1,1988,0,0,0,0,0,0,0,0,0,0
61750,1,1,1988,0,0,0,0,0,0,0,0,0,0
61751,1,1,1988,0,0,18,0,0,11,0,0,0,0
61751,2,1,1988,0,0,0,0,0,0,0,0,0,0
61752,1,1,1988,2,15,6,11,33,7,8,0,20,24
61753,1,1,1988,0,0,0,0,0,0,0,0,0,0
61753,2,1,1988,0,0,0,0,0,0,0,0,0,0
61753,3,1,1988,6,0,23,0,0,0,13,12,16,0
61754,1,1,1988,0,0,0,0,0,5,0,0,0,0
61754,2,1,1988,0,0,0,0,0,0,0,0,0,0
61755,1,1,1988,12,12,12,12,12,12,12,12,12,12
61755,2,1,1988,0,0,0,0,0,0,0,0,0,0
61756,1,1,1988,4,4,4,4,4,4,4,4,4,4
61757,1,1,1988,0,0,0,0,0,0,0,0,0,0
61757,2,1,1988,0,0,0,0,0,0,0,0,0,0
61758,0,1,1988,0,0,0,0,0,0,0,0,0,0
61758,1,1,1988,0,0,0,0,0,0,0,0,0,0
61759,0,1,1988,0,11,0,0,0,0,0,0,0,0
61759,1,1,1988,0,0,0,0,6,0,0,0,0,0
61760,0,1,1988,0,0,0,0,0,0,0,0,0,0
61760,1,1,1988,8,0,0,4,2,0,0,0,0,0
61761,0,1,1988,0,0,0,0,0,0,0,0,0,0
61761,0,2,1988,0,0,0,0,0,0,0,0,0,0
61761,1,1,1988,0,0,0,0,0,0,0,0,0,0
61761,2,1,1988,0,0,0,0,0,0,0,0,0,0
61762,1,1,1988,0,0,0,0,0,0,0,0,0,0
61762,2,1,1988,0,0,0,0,0,0,0,0,0,0
61762,3,1,1988,0,0,0,0,0,0,0,0,0,0
61763,1,1,1988,0,0,0,0,0,0,0,0,0,0
61763,2,1,1988,0,0,0,0,0,0,0,0,0,0
61763,3,1,1988,0,0,6,0,0,0,0,0,0,0
61764,1,1,1988,0,0,0,0,0,0,0,0,0,0
61764,2,1,1988,0,0,0,0,0,10,0,0,0,0
61765,1,1,1988,10,10,10,10,10,10,10,10,10,10
61765,2,1,1988,0,0,0,0,0,0,0,0,0,0
61765,3,1,1988,0,0,0,0,0,0,0,0,10,0
61766,1,1,1988,26,26,26,26,26,26,26,26,26,26
61767,1,1,1988,0,0,0,0,0,0,0,24,0,0
61767,2,1,1988,0,0,0,0,0,0,17,0,0,0
61768,1,1,1988,0,0,0,0,0,0,0,0,0,0
61768,2,1,1988,0,0,0,0,0,0,0,0,0,0
61769,1,1,1988,19,19,19,19,19,19,19,19,19,19
61770,1,1,1988,9,13,5,17,13,22,7,14,9,29
61771,1,1,1988,25,25,25,25,25,25,25,25,25,25
61771,2,1,1988,16,5,6,0,13,4,8,0,19,0
61772,1,1,1988,4,4,4,4,4,4,4,4,4,4
61772,2,1,1988,0,12,2,11,14,2,21,31,0,14
61773,1,1,1988,18,18,18,18,18,18,18,18,18,18
61774,0,1,1988,0,0,0,0,0,0,0,0,0,0
61774,1,1,1988,0,17,25,17,2,14,19,7,0,0
61775,1,1,1988,0,0,0,0,0,0,0,0,0,0
61775,2,1,1988,0,0,0,0,0,0,0,0,0,0
61775,3,1,1988,0,0,0,0,0,0,0,0,0,0
61775,4,1,1988,0,0,0,0,0,0,0,0,0,0
61775,5,1,1988,0,0,0,0,0,0,0,0,0,0
61776,1,1,1988,0,0,0,0,0,0,0,0,0,0
61776,2,1,1988,0,0,0,0,0,0,0,0,0,0
61777,1,1,1988,0,0,0,0,0,0,0,0,0,0
61777,2,1,1988,0,0,0,0,0,0,0,0,0,0
61778,1,1,1988,21,21,21,21,21,21,21,21,21,21
61779,0,2,1988,0,0,0,0,0,0,0,0,0,0
61779,0,3,1988,0,0,0,0,0,0,0,0,0,0
61779,1,1,1988,0,0,12,0,0,0,0,0,0,0
61780,1,1,1988,0,0,0,0,0,0,0,0,0,0
61780,2,1,1988,0,0,0,0,0,0,0,0,0,0
61780,3,1,1988,0,0,0,0,0,0,0,0,0,0
61781,1,1,1988,0,0,0,0,0,0,0,0,0,0
61781,2,1,1988,6,6,6,6,6,6,6,6,6,6
61782,1,1,1988,9,9,9,9,9,9,9,9,9,9
61783,1,1,1988,21,21,21,21,21,21,21,21,21,21
61784,1,1,1988,8,8,8,8,8,8,8,8,8,8
61785,1,1,1988,0,0,0,0,0,0,0,0,0,0
61786,1,1,1988,8,8,8,8,8,8,8,8,8,8
61786,2,1,1988,0,0,0,0,0,0,0,0,0,0
61787,0,1,1988,0,0,0,0,0,0,0,0,0,0
61787,0,2,1988,0,0,0,0,0,0,0,0,0,0
61787,1,1,1988,14,14,14,14,14,14,14,14,14,14
61788,1,1,1988,19,19,19,19,19,19,19,19,19,19
61789,1,1,1988,0,0,0,0,0,0,0,0,0,0
61789,2,1,1988,0,0,0,0,13,0,0,0,0,0
61790,1,1,1988,0,0,0,0,0,0,0,0,0,0
61791,1,1,1988,0,0,0,0,0,0,0,4,0,0
61791,2,1,1988,0,0,0,0,0,0,0,0,0,0
61791,3,1,1988,0,0,0,0,0,0,0,0,0,0
61792,0,1,1988,0,0,0,0,0,0,0,0,0,0
61792,1,1,1988,11,11,11,11,11,11,11,11,11,11
61793,1,1,1988,17,17,17,17,17,17,17,17,17,17
61794,1,1,1988,0,0,0,0,0,0,0,0,0,0
61794,2,1,1988,0,0,0,0,0,0,0,0,0,0
61795,1,1,1988,0,0,13,0,0,0,0,0,0,0
61795,2,1,1988,0,0,0,0,0,0,0,0,0,0
61796,0,1,1988,3,3,3,3,3,3,3,3,3,3
61796,1,1,1988,7,21,26,16,9,16,12,0,16,8
61797,0,1,1988,12,12,12,12,12,12,12,12,12,12
61797,1,1,1988,0,0,0,0,0,0,0,16,0,0
61798,1,1,1988,6,6,6,6,6,6,6,6,6,6
61799,1,1,1988,14,14,14,14,14,14,14,14,14,14
61799,2,1,1988,0,0,0,0,0,0,0,0,0,0
61800,1,1,1988,17,17,17,17,17,17,17,17,17,17
61801,1,1,1988,21,21,21,21,21,21,21,21,21,21
61802,1,1,1988,17,17,17,17,17,17,17,17,17,17
61802,2,1,1988,0,0,0,0,7,0,0,0,0,0
61803,0,1,1988,15,15,15,15,15,15,15,15,15,15
61803,1,1,1988,0,0,0,0,0,0,0,0,0,0
61804,0,1,1988,0,0,0,0,0,0,0,0,0,0
61804,1,1,1988,6,11,19,29,11,8,31,20,17,28
61805,1,1,1988,16,16,16,16,16,16,16,16,16,16
61806,1,1,1988,0,0,0,0,0,0,0,0,0,0
61807,1,1,1988,18,0,0,0,9,23,32,0,0,0
61807,2,1,1988,6,6,6,6,6,6,6,6,6,6
61807,3,1,1988,2,2,2,2,2,2,2,2,2,2
61808,1,1,1988,22,22,22,22,22,22,22,22,22,22
61809,1,1,1988,0,0,0,0,0,0,0,0,0,0
61809,2,1,1988,0,0,0,0,0,0,0,0,0,0
61810,1,1,1988,6,6,6,6,6,6,6,6,6,6
61810,2,1,1988,0,0,27,0,0,0,7,0,0,0
61811,0,1,1988,0,0,0,0,0,0,0,0,0,0
61811,1,1,1988,0,0,14,0,0,0,12,0,0,12
61812,0,1,1988,0,0,0,0,0,0,0,0,0,0
61812,1,1,1988,0,0,0,0,0,0,0,0,0,0
61813,0,1,1988,0,0,0,0,0,0,0,0,0,0
61813,1,1,1988,6,6,6,6,6,6,6,6,6,6
61814,1,1,1988,0,17,0,0,0,0,0,0,0,0
61814,2,1,1988,0,0,0,0,0,0,0,0,0,0
61815,0,1,1988,0,0,0,0,0,0,0,0,0,0
61815,1,1,1988,0,0,0,0,0,0,0,0,0,0
61816,0,1,1988,0,0,0,0,0,0,0,0,0,0
61816,1,1,1988,0,0,0,0,0,0,0,0,0,0
61817,1,1,1988,0,0,0,0,0,0,0,0,0,0
61817,2,1,1988,0,2,6,0,2,0,0,0,0,0
61817,3,1,1988,39,0,18,7,33,11,10,9,0,11
61818,0,1,1988,26,26,26,26,26,26,26,26,26,26
61818,1,1,1988,0,0,0,0,20,0,0,0,0,0
61819,1,1,1988,15,15,15,15,15,15,15,15,15,15
61819,2,1,1988,0,0,0,0,17,0,18,0,0,0
61819,3,1,1988,17,17,17,17,17,17,17,17,17,17
61820,0,1,1988,15,15,15,15,15,15,15,15,15,15
61820,1,1,1988,24,24,24,24,24,24,24,24,24,24
61821,1,1,1988,0,0,0,0,0,0,0,0,0,0
61821,2,1,1988,0,0,0,0,0,0,0,0,0,0
61822,1,1,1988,0,0,0,0,0,0,0,0,0,0
61823,0,1,1988,3,3,3,3,3,3,3,3,3,3
61823,1,1,1988,0,0,0,0,0,0,0,0,0,0
61824,1,1,1988,0,0,0,0,26,0,0,0,0,0
61824,2,1,1988,0,0,0,0,0,0,0,0,0,0
61825,1,1,1988,0,0,0,0,0,0,0,17,0,0
61825,2,1,1988,0,0,0,0,0,0,0,0,0,0
61826,1,1,1988,0,0,0,16,0,0,0,0,0,0
61826,2,1,1988,20,20,20,20,20,20,20,20,20,20
61827,1,1,1988,0,0,0,0,0,0,0,0,0,0
61827,2,1,1988,2,0,0,0,0,0,0,0,0,0
61828,1,1,1988,19,19,19,19,19,19,19,19,19,19
61829,0,1,1988,0,0,0,0,0,0,0,0,0,0
61829,1,1,1988,0,0,0,0,0,0,0,0,0,0
61830,1,1,1988,0,0,0,0,0,0,0,0,0,0
61831,1,1,1988,12,12,12,12,12,12,12,12,12,12
61832,1,1,1988,0,0,0,0,0,0,0,0,0,0
61832,2,1,1988,0,0,0,0,0,0,0,0,0,0
61833,1,1,1988,0,0,0,0,27,23,0,0,6,0
61834,1,1,1988,12,12,12,12,12,12,12,12,12,12
61835,1,1,1988,0,0,0,0,0,0,8,0,0,0
61835,2,1,1988,0,0,0,0,0,0,0,0,0,0
61836,1,1,1988,0,0,0,0,0,0,0,0,0,0
61837,1,1,1988,0,0,0,0,0,0,0,0,0,0
61837,2,1,1988,0,0,0,0,0,0,0,0,0,0
61837,3,1,1988,0,0,0,0,0,0,0,0,0,0
61838,1,1,1988,20,20,20,20,20,20,20,20,20,20
61838,2,1,1988,0,0,0,0,0,0,0,0,10,0
61839,1,1,1988,16,16,16,16,16,16,16,16,16,16
61840,1,1,1988,0,0,0,0,0,0,0,0,0,0
61840,2,1,1988,0,0,0,0,17,0,0,0,0,0
61841,1,1,1988,17,17,17,17,17,17,17,17,17,17
61842,1,1,1988,0,0,0,0,0,0,0,0,0,0
61842,2,1,1988,0,0,0,0,0,0,0,0,0,0
61843,1,1,1988,0,0,0,0,0,0,0,0,0,0
61844,1,1,1988,0,0,0,0,0,0,0,0,0,0
61845,1,1,1988,0,0,0,0,0,0,0,0,0,0
61846,1,1,1988,0,0,0,0,0,0,0,0,0,0
61846,2,1,1988,0,0,0,0,0,0,0,0,0,0
61846,3,1,1988,0,0,0,0,0,0,0,0,0,0
61847,1,1,1988,0,0,0,0,0,0,12,13,0,0
61848,1,1,1988,0,0,0,0,0,0,0,0,0,0
61849,1,1,1988,7,7,7,7,7,7,7,7,7,7
61849,2,1,1988,0,0,0,0,16,10,0,0,15,0
61850,0,1,1988,17,17,17,17,17,17,17,17,17,17
61850,1,1,1988,0,0,0,0,0,0,0,0,0,0
61851,0,1,1988,0,0,0,0,0,0,0,0,0,0
61851,1,1,1988,0,0,13,0,0,0,0,0,0,34
61852,1,1,1988,0,0,0,0,0,0,0,0,0,0
61853,1,1,1988,19,19,19,19,19,19,19,19,19,19
61854,1,1,1988,0,0,0,0,0,0,0,0,0,0
61855,1,1,1988,0,0,0,0,0,0,0,0,0,0
61855,2,1,1988,0,0,0,0,0,0,0,0,0,0
61856,1,1,1988,11,0,3,0,0,0,9,0,0,0
61856,2,1,1988,10,10,10,10,10,10,10,10,10,10
61857,1,1,1988,5,5,5,5,5,5,5,5,5,5
61857,2,1,1988,8,8,8,8,8,8,8,8,8,8
61858,1,1,1988,4,4,4,4,4,4,4,4,4,4
61859,1,1,1988,0,0,0,0,0,0,0,0,0,0
61860,1,1,1988,0,0,0,0,0,0,0,0,0,0
61861,1,1,1988,0,0,0,0,0,0,0,0,0,0
61861,2,1,1988,12,0,23,0,0,0,0,4,0,0
61862,1,1,1988,0,0,0,0,0,0,0,0,0,0
61862,2,1,1988,0,0,0,0,0,0,0,0,0,0
61863,1,1,1988,0,0,0,0,0,0,0,0,0,0
61864,1,1,1988,0,0,0,0,11,0,0,0,0,0
61864,2,1,1988,0,0,0,0,0,0,0,0,0,0
61865,1,1,1988,7,7,7,7,7,7,7,7,7,7
61866,1,1,1988,0,5,15,10,14,19,9,7,9,7
61867,1,1,1988,15,15,15,15,15,15,15,15,15,15
61868,1,1,1988,22,22,22,22,22,22,22,22,22,22
61869,1,1,1988,10,10,10,10,10,10,10,10,10,10
61870,0,1,1988,14,14,14,14,14,14,14,14,14,14
61870,1,1,1988,0,0,0,0,0,0,0,0,0,0
61871,1,1,1988,13,13,13,13,13,13,13,13,13,13
61871,2,1,1988,0,0,0,0,0,0,0,0,0,0
61872,1,1,1988,0,0,0,0,0,0,0,0,0,0
61872,2,1,1988,0,0,0,0,0,0,0,0,0,0
61873,1,1,1988,0,0,0,0,0,0,0,0,0,0
61873,2,1,1988,18,0,0,0,0,0,0,0,0,0
61874,1,1,1988,11,11,11,11,11,11,11,11,11,11
61875,1,1,1988,17,17,17,17,17,17,17,17,17,17
61877,1,1,1988,3,3,3,3,3,3,3,3,3,3
61878,1,1,1988,0,0,0,0,12,0,0,0,0,0
61879,0,1,1988,0,0,0,0,0,0,0,0,0,0
61879,1,1,1988,0,0,0,0,0,0,0,0,0,0
61880,0,1,1988,9,9,9,9,9,9,9,9,9,9
61880,1,1,1988,26,13,15,0,0,18,0,26,27,0
61881,1,1,1988,0,0,0,0,0,0,0,0,0,0
61881,2,1,1988,0,0,0,0,0,0,0,0,0,0
61882,0,1,1988,0,0,0,0,0,0,0,0,0,0
61882,1,1,1988,0,0,0,0,0,0,0,0,0,0
61883,1,1,1988,9,0,0,0,0,0,0,0,0,0
61883,2,1,1988,3,3,3,3,3,3,3,3,3,3
61883,3,1,1988,0,0,0,0,0,0,0,0,0,0
61884,1,1,1988,0,0,0,0,0,0,0,0,0,0
61884,2,1,1988,0,0,0,0,0,0,0,5,17,2
61885,1,1,1988,11,11,11,11,11,11,11,11,11,11
61886,1,1,1988,11,11,11,11,11,11,11,11,11,11
61887,1,1,1988,0,0,0,0,0,32,0,0,0,0
61888,1,1,1988,0,0,0,0,0,0,0,0,3,0
61888,2,1,1988,0,0,0,0,0,0,0,0,0,0
61889,1,1,1988,0,0,0,0,0,0,0,0,0,0
61889,2,1,1988,0,0,0,0,0,0,0,0,0,0
61890,1,1,1988,0,0,0,0,0,0,0,0,0,0
61890,2,1,1988,0,0,0,0,0,0,0,0,0,0
61891,0,1,1988,0,0,0,0,0,0,0,0,0,0
61891,1,1,1988,0,0,0,0,0,0,0,0,0,0
61892,1,1,1988,12,0,0,21,0,0,20,0,0,0
61893,1,1,1988,0,0,0,16,0,0,12,0,16,0
61893,2,1,1988,0,0,0,0,0,0,0,16,0,0
61894,0,1,1988,0,0,0,24,0,0,0,0,0,0
61894,1,1,1988,0,0,0,0,0,9,0,0,0,0
61895,1,1,1988,0,0,27,0,6,11,11,8,0,0
61896,1,1,1988,0,0,0,15,0,0,0,0,0,0
61897,0,1,1988,0,0,0,0,0,0,0,0,0,0
61897,1,1,1988,0,0,0,0,0,0,0,0,0,0
61898,0,1,1988,0,0,0,0,0,0,0,0,0,0
61898,1,1,1988,0,0,0,0,0,0,0,0,0,0
61899,1,1,1988,24,24,24,24,24,24,24,24,24,24
61900,1,1,1988,0,0,0,0,0,0,0,0,0,0
61901,1,1,1988,0,0,0,0,0,0,0,0,0,0
61902,1,1,1988,0,0,0,0,0,0,0,0,0,0
61902,2,1,1988,0,0,0,0,0,0,0,0,10,0
61902,3,1,1988,0,10,0,0,0,0,0,0,0,0
61903,1,1,1988,0,0,0,0,0,0,0,0,0,0
61904,0,1,1988,0,0,0,0,0,0,0,0,0,0
61904,1,1,1988,32,22,13,12,10,0,23,0,19,13