ST_CASE,VEH_NO,PER_NO,YEAR,P1,P2,P3,P4,P5,P6,P7,P8,P9,P10
61905,1,1,1988,0,0,0,0,0,0,0,0,0,0
61906,1,1,1988,0,0,0,0,0,0,0,0,0,0
61906,2,1,1988,0,0,0,0,0,0,0,0,0,0
61906,3,1,1988,0,0,0,0,0,0,0,0,0,0
61907,1,1,1988,0,0,0,0,0,0,0,0,0,0
61908,1,1,1988,0,0,0,25,0,21,0,0,0,0
61908,2,1,1988,0,0,0,0,0,0,0,0,0,0
61909,1,1,1988,11,11,11,11,11,11,11,11,11,11
61910,1,1,1988,0,0,0,0,0,0,0,0,0,0
61911,1,1,1988,0,0,0,0,0,0,0,0,0,0
61911,2,1,1988,0,0,0,0,0,0,0,0,0,0
61912,1,1,1988,22,22,22,22,22,22,22,22,22,22
61913,1,1,1988,0,0,0,0,0,0,0,0,0,0
61913,2,1,1988,3,3,3,3,3,3,3,3,3,3
61914,1,1,1988,0,0,0,0,0,0,0,0,0,0
61914,2,1,1988,0,0,0,0,0,0,0,0,0,0
61915,1,1,1988,0,0,0,0,0,0,0,0,0,0
61915,2,1,1988,0,0,0,0,0,0,0,0,0,0
61916,1,1,1988,0,0,0,0,0,0,0,0,0,0
61916,2,1,1988,0,0,0,0,0,0,0,0,0,0
61917,1,1,1988,0,17,0,0,0,17,4,0,0,0
61918,1,1,1988,15,15,15,15,15,15,15,15,15,15
61919,1,1,1988,15,15,15,15,15,15,15,15,15,15
61919,2,1,1988,37,0,0,0,0,0,21,0,0,0
61920,1,1,1988,3,3,3,3,3,3,3,3,3,3
61921,1,1,1988,16,8,0,20,8,0,6,23,13,35
61921,2,1,1988,0,0,0,0,0,0,0,0,0,0
61922,1,1,1988,14,14,14,14,14,14,14,14,14,14
61922,2,1,1988,0,0,0,0,0,0,0,0,10,0
61923,1,1,1988,0,0,0,0,0,0,0,0,0,0
61923,2,1,1988,0,0,0,0,0,0,0,0,0,0
61923,3,1,1988,0,0,0,0,20,0,0,0,0,0
61924,1,1,1988,15,23,12,10,22,11,12,13,14,7
61924,2,1,1988,0,0,0,0,0,0,0,0,0,0
61924,3,1,1988,0,0,0,0,0,0,8,20,0,0
61925,1,1,1988,11,11,11,11,11,11,11,11,11,11
61926,0,1,1988,0,0,0,0,0,0,0,0,0,0
61926,1,1,1988,0,0,0,0,0,0,0,0,0,0
61927,0,1,1988,21,21,21,21,21,21,21,21,21,21
61927,1,1,1988,17,6,11,16,18,9,10,6,9,9
61928,1,1,1988,0,0,0,0,0,0,0,0,0,0
61929,1,1,1988,19,19,19,19,19,19,19,19,19,19
61930,1,1,1988,0,0,0,0,0,0,0,0,0,0
61930,2,1,1988,0,0,0,0,0,0,0,0,0,0
61931,1,1,1988,1,1,1,1,1,1,1,1,1,1
61932,1,1,1988,11,11,11,11,11,11,11,11,11,11
61933,1,1,1988,9,9,9,9,9,9,9,9,9,9
61933,2,1,1988,0,0,0,0,0,0,0,0,0,0
61934,1,1,1988,0,0,0,0,0,0,0,0,0,0
61934,2,1,1988,13,11,0,13,13,18,25,5,11,13
61935,1,1,1988,23,23,23,23,23,23,23,23,23,23
61936,1,1,1988,16,16,16,16,16,16,16,16,16,16
61937,1,1,1988,0,0,0,0,0,0,0,0,0,0
61938,0,1,1988,21,21,21,21,21,21,21,21,21,21
61938,0,2,1988,0,0,20,0,0,15,0,0,17,18
61938,1,1,1988,12,12,12,12,12,12,12,12,12,12
61939,0,1,1988,0,0,0,0,0,0,0,0,0,0
61939,1,1,1988,0,0,0,0,0,0,0,0,0,0
61940,0,1,1988,0,0,0,0,0,0,0,0,0,0
61940,1,1,1988,0,0,0,0,0,18,0,0,0,0
61941,1,1,1988,12,12,12,12,12,12,12,12,12,12
61942,1,1,1988,0,0,0,0,0,0,0,0,0,0
61942,2,1,1988,0,0,6,0,0,0,0,0,0,16
61943,1,1,1988,4,4,4,4,4,4,4,4,4,4
61943,2,1,1988,0,0,0,21,0,0,18,0,0,0
61944,1,1,1988,21,18,18,24,50,8,29,21,10,29
61944,2,1,1988,0,0,0,0,0,0,0,0,0,0
61945,1,1,1988,0,0,0,0,0,0,0,0,0,0
61946,1,1,1988,0,0,0,0,0,0,0,0,0,0
61947,1,1,1988,0,0,0,0,0,0,0,0,0,0
61948,1,1,1988,0,0,0,0,0,0,0,0,0,0
61948,2,1,1988,0,0,0,0,0,0,0,0,0,0
61949,0,1,1988,0,0,0,0,0,0,0,0,0,0
61949,1,1,1988,0,0,0,0,0,0,0,0,0,0
61950,1,1,1988,0,0,0,0,0,0,0,0,0,0
61950,2,1,1988,0,0,0,0,0,0,0,0,0,0
61951,1,1,1988,0,0,0,0,0,0,0,0,0,0
61951,2,1,1988,0,17,0,0,0,0,0,0,0,0
61953,1,1,1988,10,10,10,10,10,10,10,10,10,10
61953,2,1,1988,0,0,0,0,0,0,0,0,0,0
61954,0,1,1988,0,0,0,0,0,0,0,0,0,0
61954,1,1,1988,10,10,10,10,10,10,10,10,10,10
61955,1,1,1988,6,6,6,6,6,6,6,6,6,6
61956,1,1,1988,20,20,20,20,20,20,20,20,20,20
61956,2,1,1988,0,0,0,0,8,0,7,0,0,21
61956,3,1,1988,0,0,8,22,0,0,15,23,14,0
61956,4,1,1988,0,0,0,0,0,0,0,0,0,0
61957,1,1,1988,16,16,16,16,16,16,16,16,16,16
61958,1,1,1988,27,27,27,27,27,27,27,27,27,27
61959,1,1,1988,2,2,2,2,2,2,2,2,2,2
61960,1,1,1988,22,22,22,22,22,22,22,22,22,22
61961,0,1,1988,0,0,0,0,0,0,0,0,0,0
61961,1,1,1988,0,0,0,0,0,0,10,0,0,0
61962,1,1,1988,17,17,17,17,17,17,17,17,17,17
61963,1,1,1988,0,9,0,0,0,0,0,15,0,0
61964,1,1,1988,0,2,0,0,0,0,0,0,0,0
61965,1,1,1988,0,0,0,0,0,0,0,0,0,0
61966,1,1,1988,19,19,19,19,19,19,19,19,19,19
61966,2,1,1988,0,0,0,0,0,0,0,0,0,0
61966,3,1,1988,0,0,0,0,0,0,0,0,0,0
61967,0,1,1988,3,3,3,3,3,3,3,3,3,3
61967,1,1,1988,0,0,0,0,0,0,0,0,0,0
61968,1,1,1988,18,18,18,18,18,18,18,18,18,18
61969,1,1,1988,27,27,27,27,27,27,27,27,27,27
61969,2,1,1988,0,0,0,0,0,0,0,0,0,0
61970,1,1,1988,0,0,0,0,0,0,0,0,0,0
61971,0,1,1988,24,7,22,5,0,18,10,18,25,16
61971,1,1,1988,0,0,0,0,0,0,0,0,0,0
61972,1,1,1988,0,0,0,0,0,0,0,0,0,0
61972,2,1,1988,0,0,0,0,0,0,0,0,0,0
61973,1,1,1988,0,0,0,0,0,0,0,0,0,0
61974,1,1,1988,12,0,0,23,0,0,0,30,8,0
61974,2,1,1988,0,0,0,0,0,0,0,0,0,0
61974,3,1,1988,0,0,0,0,0,0,0,0,10,0
61975,1,1,1988,0,0,0,0,0,0,0,0,0,0
61975,2,1,1988,0,0,0,0,0,0,0,0,0,0
61975,3,1,1988,0,0,0,0,0,0,0,0,0,0
61976,0,1,1988,0,0,0,0,0,0,0,0,0,0
61976,1,1,1988,0,13,0,20,0,11,0,0,0,0
61977,1,1,1988,21,21,21,21,21,21,21,21,21,21
61978,1,1,1988,0,0,0,0,0,0,0,0,0,0
61979,1,1,1988,0,0,0,0,0,0,0,0,0,0
61980,1,1,1988,0,0,0,0,0,0,0,0,0,0
61980,2,1,1988,0,0,0,0,0,0,0,0,0,0
61981,0,1,1988,0,0,0,0,0,0,0,0,0,0
61981,1,1,1988,0,0,18,0,0,0,0,0,0,0
61982,1,1,1988,16,0,8,0,0,0,0,9,0,0
61982,2,1,1988,9,9,9,9,9,9,9,9,9,9
61983,1,1,1988,0,0,0,0,0,0,0,0,0,0
61984,1,1,1988,0,0,0,0,0,0,0,0,0,0
61984,2,1,1988,2,2,2,2,2,2,2,2,2,2
61985,0,1,1988,0,0,0,0,0,0,0,0,0,0
61985,1,1,1988,0,0,0,0,0,0,0,0,0,0
61986,1,1,1988,0,0,0,0,0,0,0,0,0,0
61986,2,1,1988,0,0,0,0,0,0,0,0,0,0
61986,3,1,1988,0,18,0,0,0,0,0,0,0,0
61986,4,1,1988,0,0,0,0,0,0,0,6,0,0
61987,0,1,1988,0,0,0,0,0,0,0,0,0,0
61987,1,1,1988,0,0,0,0,0,0,0,0,0,0
61988,1,1,1988,20,20,20,20,20,20,20,20,20,20
61989,1,1,1988,0,0,0,0,0,0,0,0,0,0
61990,0,1,1988,1,1,1,1,1,1,1,1,1,1
61990,1,1,1988,0,0,23,8,0,0,0,0,0,0
61991,1,1,1988,0,0,0,0,0,0,0,0,0,0
61991,2,1,1988,0,0,0,0,0,0,0,0,0,0
61992,1,1,1988,0,0,0,0,0,0,0,0,0,0
61992,2,1,1988,0,0,0,0,0,0,0,0,0,0
61993,1,1,1988,0,0,0,0,0,0,0,0,0,0
61994,1,1,1988,0,0,0,0,0,0,0,0,0,0
61995,1,1,1988,0,0,0,0,0,0,0,0,0,0
61995,2,1,1988,14,0,0,0,0,0,0,0,0,0
61996,1,1,1988,21,21,21,21,21,21,21,21,21,21
61997,1,1,1988,0,0,0,0,0,0,0,0,0,0
61997,2,1,1988,0,0,0,0,0,0,0,0,0,0
61998,1,1,1988,0,0,0,0,0,0,0,0,0,0
61998,2,1,1988,0,0,0,0,0,0,0,0,0,0
61999,1,1,1988,0,0,0,0,0,0,0,0,0,0
61999,2,1,1988,0,0,0,0,0,0,0,0,0,0
62000,1,1,1988,16,16,16,16,16,16,16,16,16,16
62001,0,1,1988,0,0,0,0,0,0,0,0,0,0
62001,1,1,1988,0,0,0,0,0,0,0,0,0,0
62002,1,1,1988,0,0,0,0,0,0,7,0,0,0
62002,2,1,1988,0,0,0,25,0,0,0,0,0,0
62003,1,1,1988,17,17,17,17,17,17,17,17,17,17
62004,1,1,1988,6,6,6,6,6,6,6,6,6,6
62005,0,1,1988,19,19,19,19,19,19,19,19,19,19
62005,1,1,1988,16,16,16,16,16,16,16,16,16,16
62006,1,1,1988,5,5,5,5,5,5,5,5,5,5
62007,0,1,1988,0,0,0,0,0,0,0,0,0,0
62007,1,1,1988,0,0,0,0,0,0,0,0,0,0
62008,1,1,1988,6,6,6,6,6,6,6,6,6,6
62009,1,1,1988,20,20,20,20,20,20,20,20,20,20
62010,1,1,1988,0,23,0,0,0,28,0,0,26,17
62010,2,1,1988,0,0,0,0,0,0,0,0,0,0
62011,0,1,1988,23,18,0,0,0,0,0,0,0,12
62011,1,1,1988,0,0,0,0,8,0,8,13,23,0
62012,0,1,1988,0,0,30,0,0,23,0,17,19,0
62012,0,2,1988,0,0,0,0,0,0,0,0,0,0
62012,1,1,1988,0,0,5,17,25,0,0,0,0,0
62013,1,1,1988,0,17,0,0,0,0,0,0,0,0
62013,2,1,1988,0,0,0,0,0,0,0,0,0,0
62013,3,1,1988,0,0,0,0,0,0,0,0,0,0
62014,1,1,1988,29,29,29,29,29,29,29,29,29,29
62014,2,1,1988,0,0,0,0,0,0,0,0,0,0
62015,0,1,1988,0,0,0,0,0,0,0,0,0,0
62015,1,1,1988,0,0,0,0,0,0,0,0,0,0
62016,1,1,1988,19,19,19,19,19,19,19,19,19,19
62017,1,1,1988,0,0,0,0,0,0,0,0,0,0
62017,2,1,1988,0,0,0,0,0,0,0,0,0,0
62018,0,1,1988,27,27,27,27,27,27,27,27,27,27
62018,1,1,1988,12,17,0,15,8,17,43,20,13,9
62019,1,1,1988,21,21,21,21,21,21,21,21,21,21
62019,2,1,1988,0,0,0,0,0,0,0,13,0,0
62020,0,1,1988,9,9,9,9,9,9,9,9,9,9
62020,1,1,1988,0,3,11,34,0,0,18,0,14,8
62021,0,1,1988,0,23,17,16,17,26,10,5,0,29
62021,1,1,1988,0,0,0,0,0,0,0,0,0,0
62022,1,1,1988,0,0,0,0,0,0,0,0,0,0
62022,2,1,1988,0,0,0,0,0,0,3,0,0,0
62023,1,1,1988,0,0,0,0,0,0,0,0,0,0
62023,2,1,1988,0,0,0,0,0,0,0,0,0,0
62024,1,1,1988,0,0,0,0,0,0,0,0,0,0
62024,2,1,1988,23,23,23,23,23,23,23,23,23,23
62025,1,1,1988,0,0,0,0,0,0,0,0,0,0
62025,2,1,1988,0,0,0,0,0,0,0,0,0,0
62026,1,1,1988,28,28,28,28,28,28,28,28,28,28
62027,1,1,1988,0,0,0,0,0,0,0,0,0,0
62027,2,1,1988,0,0,0,0,0,0,0,0,0,0
62028,1,1,1988,17,17,17,17,17,17,17,17,17,17
62029,0,1,1988,0,0,0,0,0,0,0,0,0,0
62029,1,1,1988,12,0,0,6,0,0,0,0,0,0
62030,1,1,1988,0,0,0,0,0,0,0,0,0,0
62030,2,1,1988,0,0,0,0,0,0,0,0,0,0
62030,3,1,1988,0,0,0,0,0,0,0,0,0,0
62031,1,1,1988,0,17,0,4,0,8,15,9,3,13
62031,2,1,1988,0,0,0,0,0,0,0,0,0,0
62032,1,1,1988,5,5,5,5,5,5,5,5,5,5
62033,0,1,1988,0,0,0,0,0,0,0,0,0,0
62033,1,1,1988,0,0,0,0,0,0,0,0,5,0
62034,0,1,1988,0,0,0,0,0,0,0,0,0,0
62034,1,1,1988,2,2,2,2,2,2,2,2,2,2
62035,1,1,1988,0,0,0,0,0,0,0,0,0,0
62035,2,1,1988,0,0,29,0,0,0,0,0,0,0
62036,1,1,1988,15,15,15,15,15,15,15,15,15,15
62037,1,1,1988,30,30,30,30,30,30,30,30,30,30
62037,2,1,1988,11,0,0,0,0,0,0,0,0,0
62038,1,1,1988,0,0,0,0,0,0,0,0,0,0
62039,1,1,1988,14,14,14,14,14,14,14,14,14,14
62040,1,1,1988,11,11,11,11,11,11,11,11,11,11
62040,2,1,1988,0,0,0,0,0,0,0,0,0,0
62041,1,1,1988,0,0,0,0,0,0,0,0,0,0
62041,2,1,1988,0,0,0,0,0,0,0,0,0,0
62041,3,1,1988,0,0,0,0,0,0,0,0,0,0
62042,1,1,1988,21,21,21,21,21,21,21,21,21,21
62042,2,1,1988,0,0,0,0,0,0,0,0,0,0
62043,0,1,1988,0,0,0,0,0,0,0,0,0,0
62043,1,1,1988,0,17,0,0,0,0,0,22,0,0
62044,1,1,1988,9,9,9,9,9,9,9,9,9,9
62045,1,1,1988,7,7,7,7,7,7,7,7,7,7
62046,1,1,1988,12,12,12,12,12,12,12,12,12,12
62047,1,1,1988,19,19,19,19,19,19,19,19,19,19
62048,1,1,1988,28,28,28,28,28,28,28,28,28,28
62048,2,1,1988,0,0,0,0,0,0,0,15,0,0
62049,1,1,1988,2,2,2,2,2,2,2,2,2,2
62049,2,1,1988,0,0,0,0,0,0,0,0,0,0
62050,1,1,1988,7,7,7,7,7,7,7,7,7,7
62051,0,1,1988,17,17,17,17,17,17,17,17,17,17
62051,1,1,1988,0,0,0,8,0,0,0,0,22,18
62051,2,1,1988,10,5,0,22,0,0,0,7,11,7
62052,1,1,1988,2,2,2,2,2,2,2,2,2,2
62052,2,1,1988,0,0,0,0,0,0,0,0,0,0
62053,1,1,1988,0,0,0,0,0,0,0,0,0,0
62054,0,1,1988,17,17,17,17,17,17,17,17,17,17
62054,1,1,1988,15,0,0,16,0,0,0,0,0,18
62055,1,1,1988,8,8,8,8,8,8,8,8,8,8
62056,1,1,1988,0,0,0,0,0,0,0,0,0,0
62057,1,1,1988,6,6,6,6,6,6,6,6,6,6
62058,1,1,1988,19,19,19,19,19,19,19,19,19,19
62059,1,1,1988,16,16,16,16,16,16,16,16,16,16
62060,1,1,1988,0,0,0,0,0,0,0,0,0,0
62060,2,1,1988,0,0,0,0,0,0,0,0,0,0
62061,1,1,1988,0,0,0,0,0,12,0,0,0,0
62061,2,1,1988,0,0,0,0,0,0,0,0,0,0
62062,0,1,1988,21,21,21,21,21,21,21,21,21,21
62062,1,1,1988,0,0,0,0,0,0,3,0,0,0
62063,1,1,1988,0,0,0,0,0,0,0,0,0,0
62064,1,1,1988,0,0,0,0,0,0,0,0,0,0
62065,0,1,1988,0,0,0,0,0,0,0,0,0,0
62065,1,1,1988,0,0,0,0,0,0,0,0,0,0
62066,1,1,1988,23,0,22,0,0,0,14,0,0,0
62066,2,1,1988,8,8,8,8,8,8,8,8,8,8
62067,1,1,1988,21,21,21,21,21,21,21,21,21,21
62067,2,1,1988,9,9,9,9,9,9,9,9,9,9
62068,1,1,1988,0,0,0,0,0,0,0,0,0,0
62069,1,1,1988,0,0,0,0,0,0,0,0,0,0
62069,2,1,1988,0,0,0,0,0,0,0,9,0,0
62070,1,1,1988,0,0,0,0,0,0,0,0,0,0
62070,2,1,1988,0,0,0,0,0,0,0,0,0,0
62071,1,1,1988,0,0,0,0,0,0,0,0,0,0
62071,2,1,1988,0,0,0,0,0,0,0,0,0,0
62071,3,1,1988,0,0,0,0,0,0,0,0,0,0
62071,4,1,1988,0,0,0,0,0,0,0,0,0,0
62072,1,1,1988,0,0,0,0,0,0,0,0,0,0
62073,1,1,1988,4,4,4,4,4,4,4,4,4,4
62074,1,1,1988,0,0,0,0,0,0,0,0,0,0
62075,0,1,1988,0,0,0,0,0,0,0,0,0,0
62075,1,1,1988,0,0,0,0,0,0,0,0,0,0
62076,0,1,1988,0,0,0,0,0,0,0,0,0,0
62076,1,1,1988,0,0,0,0,0,0,0,0,0,0
62077,1,1,1988,0,0,11,0,0,17,0,0,0,0
62077,2,1,1988,0,0,0,0,0,0,0,0,0,13
62078,1,1,1988,11,11,11,11,11,11,11,11,11,11
62079,1,1,1988,5,5,5,5,5,5,5,5,5,5
62080,0,1,1988,0,0,0,0,0,0,0,0,0,0
62080,1,1,1988,0,0,0,0,0,0,0,0,0,0
62081,1,1,1988,0,0,0,0,0,10,0,0,0,0
62082,0,1,1988,19,19,19,19,19,19,19,19,19,19
62082,1,1,1988,0,0,0,0,0,0,0,0,0,0
62083,1,1,1988,18,18,18,18,18,18,18,18,18,18
62084,0,1,1988,0,0,0,0,0,0,0,0,0,0
62084,1,1,1988,0,0,0,0,0,0,0,0,0,0
62085,1,1,1988,24,24,24,24,24,24,24,24,24,24
62085,2,1,1988,0,0,0,3,0,0,9,0,0,0
62085,3,1,1988,0,0,0,0,0,0,0,0,0,0
62086,1,1,1988,15,15,15,15,15,15,15,15,15,15
62087,1,1,1988,15,15,15,15,15,15,15,15,15,15
62088,1,1,1988,20,20,20,20,20,20,20,20,20,20
62089,0,1,1988,0,0,0,0,0,0,0,0,0,0
62089,1,1,1988,0,0,0,0,0,0,0,0,0,0
62090,1,1,1988,0,0,0,0,0,0,4,0,0,0
62091,1,1,1988,0,0,0,0,14,6,0,0,0,0
62091,2,1,1988,0,0,0,0,0,0,0,16,0,0
62092,1,1,1988,0,0,0,0,0,0,0,0,0,0
62092,2,1,1988,0,0,0,0,0,0,0,0,0,0
62093,1,1,1988,21,21,21,21,21,21,21,21,21,21
62094,1,1,1988,0,0,0,0,0,0,0,0,0,0
62094,2,1,1988,0,0,0,0,0,0,16,0,0,0
62096,1,1,1988,15,15,15,15,15,15,15,15,15,15
62097,0,1,1988,30,30,30,30,30,30,30,30,30,30
62097,1,1,1988,0,0,16,0,0,0,0,0,0,0
62098,0,1,1988,10,10,10,10,10,10,10,10,10,10
62098,1,1,1988,0,0,0,0,0,0,0,0,0,0
62099,1,1,1988,0,0,0,0,0,0,0,0,0,0
62099,2,1,1988,0,0,0,0,0,0,0,0,0,0
62100,1,1,1988,15,15,15,15,15,15,15,15,15,15
62101,1,1,1988,21,21,21,21,21,21,21,21,21,21
62101,2,1,1988,0,0,0,0,0,0,0,0,0,0
62102,0,1,1988,20,20,20,20,20,20,20,20,20,20
62102,1,1,1988,0,14,12,20,10,18,0,7,0,4
62103,0,1,1988,30,30,30,30,30,30,30,30,30,30
62103,1,1,1988,0,0,0,0,0,0,0,0,0,0
62104,1,1,1988,0,0,8,0,0,15,0,0,0,0
62104,2,1,1988,0,0,17,0,0,0,0,0,0,0
62104,3,1,1988,0,0,0,0,0,0,0,0,0,0
62104,4,1,1988,0,0,0,0,0,0,16,5,0,0
62105,1,1,1988,4,4,4,4,4,4,4,4,4,4
62105,2,1,1988,0,0,0,0,0,0,0,0,3,0
62106,1,1,1988,0,0,0,0,0,0,0,0,0,0
62106,2,1,1988,0,0,0,0,0,0,0,0,0,0
62107,1,1,1988,29,29,29,29,29,29,29,29,29,29
62108,0,1,1988,14,14,14,14,14,14,14,14,14,14
62108,1,1,1988,0,0,17,10,0,0,15,0,17,7
62108,2,1,1988,22,0,7,0,0,9,0,5,12,0
62109,1,1,1988,11,11,11,11,11,11,11,11,11,11
62110,1,1,1988,24,24,24,24,24,24,24,24,24,24
62111,1,1,1988,0,0,0,0,0,0,0,0,0,0
62112,1,1,1988,0,0,0,0,0,0,0,0,0,0
62113,0,1,1988,0,0,0,0,0,0,0,0,0,0
62113,1,1,1988,0,0,0,0,0,0,0,0,0,0
62114,1,1,1988,11,0,32,32,36,0,0,7,21,0
62115,0,1,1988,0,0,0,0,0,0,0,0,0,0
62115,1,1,1988,0,0,0,0,0,0,0,0,0,0
62116,1,1,1988,0,0,0,0,13,0,13,0,0,0
62117,1,1,1988,0,0,0,0,0,0,0,0,0,0
62118,1,1,1988,0,0,0,0,0,0,0,0,0,0
62119,1,1,1988,18,18,18,18,18,18,18,18,18,18
62120,1,1,1988,12,12,12,12,12,12,12,12,12,12
62121,0,1,1988,18,18,18,18,18,18,18,18,18,18
62121,1,1,1988,0,0,0,14,0,13,0,0,0,0
62122,1,1,1988,34,34,34,34,34,34,34,34,34,34
62123,1,1,1988,23,23,23,23,23,23,23,23,23,23
62123,2,1,1988,0,0,0,0,0,0,0,0,0,0
62123,3,1,1988,0,0,0,0,0,0,0,0,0,0
62124,1,1,1988,0,0,0,0,0,0,0,0,0,0
62125,0,1,1988,0,0,0,0,0,0,0,0,0,0
62125,1,1,1988,0,0,0,0,0,0,0,0,0,0
62126,1,1,1988,0,0,0,0,0,0,0,0,0,0
62127,1,1,1988,7,7,7,7,7,7,7,7,7,7
62128,1,1,1988,0,0,0,0,0,0,0,0,0,0
62129,1,1,1988,21,21,21,21,21,21,21,21,21,21
62129,2,1,1988,0,0,0,0,0,0,0,0,0,0
62130,0,1,1988,17,0,25,17,0,11,17,4,13,19
62130,1,1,1988,20,20,20,20,20,20,20,20,20,20
62131,1,1,1988,17,17,17,17,17,17,17,17,17,17
62132,1,1,1988,0,0,0,0,0,0,0,0,0,0
62133,1,1,1988,0,0,0,0,0,0,0,0,0,0
62133,2,1,1988,0,0,0,0,0,0,0,0,0,0
62134,1,1,1988,0,0,0,0,0,0,0,0,0,0
62134,2,1,1988,0,0,0,0,0,0,0,0,0,0
62134,3,1,1988,0,0,0,0,0,0,0,0,0,0
62134,4,1,1988,0,0,0,0,0,0,0,0,0,0
62135,1,1,1988,0,0,0,0,0,0,0,0,0,0
62135,2,1,1988,0,0,0,0,0,0,0,0,0,0
62136,1,1,1988,0,0,0,0,0,0,0,0,0,0
62136,2,1,1988,21,21,21,21,21,21,21,21,21,21
62137,1,1,1988,11,11,11,11,11,11,11,11,11,11
62138,0,1,1988,0,0,14,0,0,0,0,0,22,0
62138,0,2,1988,0,0,10,0,0,0,0,0,31,0
62138,0,3,1988,0,0,0,0,0,0,0,0,0,0
62138,0,4,1988,0,0,0,0,0,0,0,0,0,0
62138,1,1,1988,0,0,0,0,0,0,0,0,2,0
62139,1,1,1988,0,0,0,0,0,0,0,0,0,0
62140,1,1,1988,3,3,3,3,3,3,3,3,3,3
62140,2,1,1988,0,0,0,0,0,0,0,0,0,0
62141,1,1,1988,22,22,22,22,22,22,22,22,22,22
62142,1,1,1988,0,0,0,0,0,0,0,0,0,0
62142,2,1,1988,0,0,0,0,0,0,0,0,0,0
62143,0,1,1988,19,19,19,19,19,19,19,19,19,19
62143,1,1,1988,0,0,0,0,0,57,0,0,0,0
62144,1,1,1988,0,0,0,0,0,0,0,0,0,0
62145,1,1,1988,0,0,0,0,0,31,0,0,0,0
62145,2,1,1988,0,0,0,0,0,0,0,0,0,0
62146,1,1,1988,15,15,15,15,15,15,15,15,15,15
62147,1,1,1988,0,0,0,0,0,0,0,0,0,0
62147,2,1,1988,0,0,0,0,0,0,0,0,0,0
62147,3,1,1988,0,2,0,0,0,0,0,0,0,0
62148,1,1,1988,0,0,0,0,0,0,0,0,0,0
62148,2,1,1988,0,0,0,0,0,0,0,0,0,0
62148,3,1,1988,0,0,0,0,0,0,0,0,0,0
62149,1,1,1988,0,0,0,0,0,0,0,0,0,0
62150,1,1,1988,0,0,0,0,0,0,0,0,14,0
62150,2,1,1988,0,0,0,0,0,0,0,0,0,0
62151,1,1,1988,0,0,0,0,0,0,0,0,0,0
62151,2,1,1988,12,0,0,0,0,11,0,0,7,0
62152,1,1,1988,19,19,19,19,19,19,19,19,19,19
62152,2,1,1988,0,0,0,0,25,0,0,0,0,0
62152,3,1,1988,0,0,0,0,0,0,0,0,0,0
62153,1,1,1988,0,0,0,0,0,0,0,0,0,0
62154,1,1,1988,0,0,0,16,0,0,0,0,0,0
62154,2,1,1988,14,14,14,14,14,14,14,14,14,14
62155,0,1,1988,0,0,0,0,0,0,0,0,0,0
62155,1,1,1988,0,0,0,0,12,0,0,12,0,0
62156,0,1,1988,24,24,24,24,24,24,24,24,24,24
62156,1,1,1988,0,7,0,0,21,20,0,8,0,0
62157,1,1,1988,17,17,17,17,17,17,17,17,17,17
62157,2,1,1988,0,0,0,0,0,0,0,0,0,0
62158,1,1,1988,0,0,0,0,0,0,0,0,0,0
62159,1,1,1988,0,0,0,0,0,0,0,0,0,0
62160,0,1,1988,0,0,0,0,0,0,0,0,0,0
62160,1,1,1988,0,0,0,0,0,18,0,15,0,14
62161,0,1,1988,0,0,0,0,0,0,0,0,0,0
62161,1,1,1988,0,0,0,0,0,0,0,0,0,0
62162,1,1,1988,10,10,26,0,0,21,5,0,0,22
62163,0,1,1988,0,0,0,0,0,0,0,0,0,0
62163,1,1,1988,0,0,0,0,0,0,0,0,0,0
62164,0,1,1988,2,2,2,2,2,2,2,2,2,2
62164,0,2,1988,21,16,0,0,26,5,0,0,9,22
62164,1,1,1988,0,0,0,0,0,0,0,0,0,0
62165,0,1,1988,0,0,0,0,0,0,0,0,0,0
62165,1,1,1988,8,0,0,0,0,0,0,0,0,0
62166,0,1,1988,0,0,0,0,0,0,0,0,0,0
62166,1,1,1988,0,0,0,0,0,0,0,0,0,0
62167,1,1,1988,0,0,0,0,0,0,0,0,0,0
62167,2,1,1988,0,0,0,0,0,0,0,0,0,0
62168,0,1,1988,21,21,21,21,21,21,21,21,21,21
62168,1,1,1988,0,0,16,0,0,0,0,0,0,0
62169,1,1,1988,0,0,0,0,0,0,0,0,0,0
62169,2,1,1988,0,0,0,0,0,0,0,0,0,0
62170,1,1,1988,17,17,17,17,17,17,17,17,17,17
62171,1,1,1988,20,20,20,20,20,20,20,20,20,20
62172,1,1,1988,3,3,3,3,3,3,3,3,3,3
62172,2,1,1988,0,0,0,0,0,0,0,0,0,0
62173,1,1,1988,0,0,0,0,0,0,0,0,0,0
62173,2,1,1988,4,4,4,4,4,4,4,4,4,4
62173,3,1,1988,0,0,0,0,0,0,0,1,0,0
62174,1,1,1988,0,0,0,0,0,0,0,0,0,0
62175,0,1,1988,15,15,15,15,15,15,15,15,15,15
62175,1,1,1988,0,0,0,0,0,0,0,0,0,0
62176,1,1,1988,14,14,14,14,14,14,14,14,14,14
62177,1,1,1988,0,0,0,0,0,0,0,0,0,0
62177,2,1,1988,0,0,0,0,0,0,0,0,0,0
62178,1,1,1988,0,0,0,0,0,0,0,0,0,0
62178,2,1,1988,0,0,0,0,0,0,0,0,0,0
62179,1,1,1988,0,0,0,0,0,0,0,0,0,0
62179,2,1,1988,20,20,20,20,20,20,20,20,20,20
62180,1,1,1988,16,16,16,16,16,16,16,16,16,16
62181,1,1,1988,0,0,0,0,0,27,0,24,0,8
62181,2,1,1988,2,2,2,2,2,2,2,2,2,2
62182,0,1,1988,19,19,19,19,19,19,19,19,19,19
62182,1,1,1988,0,0,9,0,0,0,8,0,0,16
62183,1,1,1988,0,0,0,18,20,0,0,19,0,0
62184,1,1,1988,22,22,22,22,22,22,22,22,22,22
62185,1,1,1988,21,4,19,0,12,0,3,12,23,4
62185,2,1,1988,0,0,0,0,0,0,0,0,0,0
62186,1,1,1988,0,0,0,0,0,0,0,0,0,0
62186,2,1,1988,0,0,0,0,0,0,17,0,0,0
62187,1,1,1988,0,0,0,0,0,0,0,0,0,0
62187,2,1,1988,0,0,0,0,0,0,0,0,0,0
62188,1,1,1988,6,6,6,6,6,6,6,6,6,6