ST_CASE,VEH_NO,PER_NO,YEAR,P1,P2,P3,P4,P5,P6,P7,P8,P9,P10
62189,1,1,1988,0,0,0,0,0,0,0,0,0,0
62190,0,1,1988,0,0,0,0,0,0,0,0,0,0
62190,1,1,1988,0,0,0,0,0,0,0,0,0,0
62191,1,1,1988,0,0,0,0,0,0,0,0,0,0
62192,1,1,1988,0,0,0,0,0,0,0,0,0,0
62192,2,1,1988,0,0,0,0,0,0,0,0,0,0
62192,3,1,1988,0,0,0,0,0,0,0,0,0,0
62193,1,1,1988,0,0,0,0,0,0,0,0,0,0
62193,2,1,1988,0,0,0,0,0,0,0,0,0,0
62194,1,1,1988,19,19,19,19,19,19,19,19,19,19
62195,1,1,1988,0,0,0,0,0,0,0,0,0,0
62195,2,1,1988,0,0,0,0,0,0,0,0,0,0
62195,3,1,1988,0,11,0,0,0,0,0,0,0,16
62196,0,1,1988,31,31,31,31,31,31,31,31,31,31
62196,1,1,1988,0,0,0,0,0,0,0,0,0,0
62197,1,1,1988,0,0,0,0,0,0,0,0,0,0
62198,0,1,1988,0,35,23,24,0,0,0,0,0,15
62198,1,1,1988,13,13,13,13,13,13,13,13,13,13
62199,1,1,1988,0,0,0,0,0,0,0,0,0,0
62199,2,1,1988,0,0,0,0,0,0,0,0,0,0
62199,3,1,1988,0,0,0,0,0,0,0,0,0,0
62200,1,1,1988,16,10,14,10,16,18,16,24,9,24
62201,1,1,1988,9,9,9,9,9,9,9,9,9,9
62202,1,1,1988,5,5,5,5,5,5,5,5,5,5
62203,1,1,1988,5,5,5,5,5,5,5,5,5,5
62204,1,1,1988,15,15,15,15,15,15,15,15,15,15
62205,1,1,1988,0,0,0,0,12,13,0,9,0,0
62206,1,1,1988,9,9,9,9,9,9,9,9,9,9
62207,0,1,1988,0,13,0,0,0,0,10,0,0,15
62207,1,1,1988,0,0,0,0,0,0,0,0,0,0
62208,1,1,1988,8,8,8,8,8,8,8,8,8,8
62208,2,1,1988,0,0,0,0,0,0,0,0,0,0
62209,1,1,1988,0,0,0,0,0,0,0,0,0,0
62209,2,1,1988,0,0,0,0,0,0,0,0,0,0
62210,1,1,1988,0,0,0,0,0,0,0,0,0,0
62211,1,1,1988,0,0,0,0,0,0,0,0,0,0
62212,1,1,1988,16,16,16,16,16,16,16,16,16,16
62213,0,1,1988,14,14,14,14,14,14,14,14,14,14
62213,1,1,1988,0,0,0,0,0,0,0,0,0,0
62214,1,1,1988,0,0,0,0,0,16,0,0,0,21
62214,2,1,1988,0,0,0,0,0,0,0,0,0,0
62215,1,1,1988,0,0,0,0,0,0,0,0,0,0
62215,2,1,1988,2,0,10,0,0,0,7,0,10,2
62216,1,1,1988,0,0,0,0,0,0,0,0,0,0
62216,2,1,1988,0,0,0,0,0,0,0,0,0,0
62217,1,1,1988,17,17,17,17,17,17,17,17,17,17
62217,2,1,1988,0,0,0,0,0,0,0,0,0,0
62218,0,1,1988,0,0,0,0,0,0,0,0,0,0
62218,1,1,1988,0,0,0,0,0,0,0,0,0,0
62219,1,1,1988,0,0,0,0,0,0,0,0,0,0
62219,2,1,1988,0,0,0,0,0,0,0,0,0,0
62220,1,1,1988,0,0,0,0,0,0,0,0,0,0
62221,1,1,1988,28,28,28,28,28,28,28,28,28,28
62222,1,1,1988,26,13,26,17,13,0,5,40,33,0
62222,2,1,1988,2,2,2,2,2,2,2,2,2,2
62222,3,1,1988,0,0,5,0,0,0,0,0,0,0
62223,1,1,1988,20,20,20,20,20,20,20,20,20,20
62224,1,1,1988,13,13,13,13,13,13,13,13,13,13
62224,2,1,1988,9,9,9,9,9,9,9,9,9,9
62225,0,1,1988,6,6,6,6,6,6,6,6,6,6
62225,1,1,1988,11,0,0,0,0,9,0,9,0,0
62226,1,1,1988,0,0,0,0,0,0,0,0,0,0
62227,1,1,1988,17,17,17,17,17,17,17,17,17,17
62228,1,1,1988,11,11,11,11,11,11,11,11,11,11
62229,1,1,1988,12,12,12,12,12,12,12,12,12,12
62229,2,1,1988,0,0,0,0,0,0,0,0,0,0
62230,0,1,1988,0,0,0,0,0,0,0,0,0,0
62230,1,1,1988,0,0,0,0,0,8,12,0,0,20
62231,1,1,1988,18,18,18,18,18,18,18,18,18,18
62232,1,1,1988,0,0,0,0,0,0,0,0,0,0
62232,2,1,1988,0,0,0,0,0,0,0,0,0,0
62233,1,1,1988,0,0,0,0,0,0,0,0,0,0
62234,1,1,1988,19,19,19,19,19,19,19,19,19,19
62235,0,1,1988,13,13,13,13,13,13,13,13,13,13
62235,1,1,1988,0,0,0,0,0,0,0,9,0,0
62236,1,1,1988,0,0,0,0,0,0,0,0,0,0
62236,2,1,1988,0,0,0,19,0,0,0,0,0,0
62236,3,1,1988,0,0,0,0,0,0,0,0,0,0
62237,1,1,1988,0,0,0,0,0,0,0,0,0,0
62238,1,1,1988,0,0,0,0,0,0,0,0,0,0
62238,2,1,1988,0,0,0,0,0,0,0,0,0,0
62239,0,1,1988,0,0,0,0,0,0,0,0,0,0
62239,1,1,1988,14,14,14,14,14,14,14,14,14,14
62240,1,1,1988,0,0,0,0,0,0,0,0,0,0
62240,2,1,1988,0,0,0,0,0,0,0,0,0,0
62240,3,1,1988,0,0,0,0,0,0,0,0,0,0
62241,0,1,1988,0,0,0,0,0,0,0,0,0,0
62241,1,1,1988,0,10,0,0,0,0,0,0,0,14
62242,1,1,1988,0,0,0,0,0,0,0,0,0,0
62242,2,1,1988,0,0,0,0,0,0,0,0,0,0
62243,0,1,1988,0,0,0,0,0,0,0,0,0,0
62243,1,1,1988,0,17,0,0,0,0,0,0,0,0
62244,1,1,1988,23,23,23,23,23,23,23,23,23,23
62244,2,1,1988,0,0,0,0,0,0,0,0,0,0
62244,3,1,1988,14,0,0,0,0,0,0,0,13,0
62245,0,1,1988,19,19,19,19,19,19,19,19,19,19
62245,1,1,1988,0,13,0,0,0,0,0,0,0,0
62246,1,1,1988,11,11,11,11,11,11,11,11,11,11
62246,2,1,1988,0,0,0,0,0,0,0,0,0,0
62247,1,1,1988,0,0,0,0,0,0,0,0,0,0
62248,1,1,1988,0,0,0,0,0,0,0,0,0,0
62248,2,1,1988,0,0,0,0,0,0,0,0,0,0
62249,0,1,1988,11,11,11,11,11,11,11,11,11,11
62249,1,1,1988,0,0,0,0,0,0,0,0,0,0
62250,0,1,1988,0,0,0,0,0,0,0,0,0,0
62250,1,1,1988,0,0,0,0,0,0,0,0,0,0
62251,1,1,1988,4,4,4,4,4,4,4,4,4,4
62252,1,1,1988,13,3,32,7,26,11,12,35,18,17
62253,0,1,1988,17,17,17,17,17,17,17,17,17,17
62253,1,1,1988,0,0,0,0,0,0,0,0,0,0
62253,2,1,1988,0,0,0,0,0,0,0,0,0,0
62254,1,1,1988,14,14,14,14,14,14,14,14,14,14
62254,2,1,1988,4,19,25,13,16,20,8,5,11,24
62255,1,1,1988,12,12,12,12,12,12,12,12,12,12
62255,2,1,1988,10,0,0,0,0,0,0,0,0,0
62256,1,1,1988,0,0,0,0,0,0,0,0,0,17
62256,2,1,1988,0,0,0,0,0,0,0,0,0,0
62257,0,1,1988,16,16,16,16,16,16,16,16,16,16
62257,1,1,1988,0,0,0,0,0,0,9,0,0,0
62258,1,1,1988,0,3,0,0,0,8,0,0,0,0
62258,2,1,1988,0,0,0,0,0,0,0,0,0,0
62258,3,1,1988,0,0,0,0,0,0,0,0,0,0
62258,4,1,1988,0,0,0,0,0,0,0,0,0,0
62258,5,1,1988,0,0,0,0,0,0,0,0,0,0
62258,6,1,1988,0,0,0,0,0,0,0,0,0,0
62259,0,1,1988,0,0,0,0,0,0,0,0,0,0
62259,1,1,1988,0,0,0,0,0,0,0,0,0,12
62260,0,1,1988,0,0,0,0,0,0,0,0,0,0
62260,1,1,1988,0,16,26,25,0,0,0,0,25,38
62260,2,1,1988,23,0,0,10,0,27,30,0,0,14
62261,1,1,1988,0,0,0,0,0,0,0,0,0,0
62262,1,1,1988,0,0,0,0,0,0,0,0,0,0
62263,0,1,1988,0,0,0,0,0,0,0,0,0,0
62263,0,2,1988,0,0,0,0,0,0,0,0,0,0
62263,1,1,1988,0,0,0,0,12,0,0,0,0,13
62264,1,1,1988,0,0,0,0,12,0,27,5,0,0
62265,1,1,1988,0,0,0,0,0,0,0,0,0,0
62265,2,1,1988,0,0,0,0,0,0,0,0,0,0
62265,3,1,1988,0,0,0,6,0,0,0,0,0,0
62265,4,1,1988,0,0,0,5,0,0,0,0,0,0
62265,5,1,1988,0,0,0,0,0,0,0,0,0,0
62266,1,1,1988,6,6,6,6,6,6,6,6,6,6
62267,0,1,1988,29,29,29,29,29,29,29,29,29,29
62267,1,1,1988,8,10,0,9,0,5,21,8,2,0
62268,1,1,1988,0,0,0,0,0,0,0,0,0,0
62269,1,1,1988,0,0,0,0,0,0,0,0,0,0
62269,2,1,1988,0,0,0,0,0,0,0,10,0,0
62270,1,1,1988,0,0,0,0,0,0,0,0,0,0
62270,2,1,1988,0,0,0,0,0,0,0,0,0,0
62271,1,1,1988,0,0,0,0,0,0,0,0,0,0
62271,2,1,1988,0,0,0,0,0,0,0,0,0,0
62272,1,1,1988,0,0,0,0,0,0,0,0,0,0
62272,2,1,1988,0,0,0,0,0,0,0,0,0,0
62272,3,1,1988,0,11,0,0,0,0,5,0,11,0
62272,4,1,1988,0,0,0,0,0,11,0,0,0,0
62272,5,1,1988,0,0,0,0,0,0,0,0,0,0
62273,1,1,1988,0,0,0,0,0,0,0,0,0,0
62273,2,1,1988,0,0,0,0,0,0,0,0,0,0
62274,1,1,1988,0,0,0,0,0,0,0,0,0,0
62274,2,1,1988,0,0,0,0,0,0,0,0,0,0
62275,1,1,1988,0,0,0,0,0,0,0,0,0,0
62275,2,1,1988,11,11,11,11,11,11,11,11,11,11
62276,0,1,1988,0,0,0,0,0,0,0,0,0,0
62276,1,1,1988,0,0,0,0,0,0,0,0,0,0
62277,1,1,1988,0,0,0,0,0,0,0,0,0,0
62278,1,1,1988,0,12,0,0,0,0,0,0,0,0
62278,2,1,1988,0,0,0,0,0,0,0,0,0,0
62279,1,1,1988,17,17,17,17,17,17,17,17,17,17
62280,1,1,1988,0,0,0,0,0,0,0,0,0,0
62281,0,1,1988,28,28,28,28,28,28,28,28,28,28
62281,0,2,1988,0,0,0,24,7,38,18,17,21,9
62281,1,1,1988,0,0,0,21,0,0,0,0,0,0
62282,1,1,1988,19,19,19,19,19,19,19,19,19,19
62283,0,1,1988,0,0,0,0,0,0,0,0,0,0
62283,1,1,1988,0,0,0,0,0,0,0,0,0,0
62284,1,1,1988,9,9,9,9,9,9,9,9,9,9
62285,1,1,1988,0,0,0,0,0,0,0,0,0,0
62285,2,1,1988,0,0,0,0,0,0,0,0,0,0
62285,3,1,1988,0,0,0,0,0,0,0,0,0,0
62286,1,1,1988,0,0,0,0,0,0,0,0,0,0
62287,1,1,1988,0,0,0,0,0,0,0,0,0,0
62287,2,1,1988,0,0,0,0,0,0,0,0,0,0
62288,1,1,1988,0,0,0,0,0,0,0,0,0,0
62289,1,1,1988,32,32,32,32,32,32,32,32,32,32
62289,2,1,1988,0,0,0,0,0,0,0,11,0,0
62290,0,1,1988,0,0,0,0,0,0,0,0,0,0
62290,1,1,1988,0,0,0,3,0,0,0,0,0,0
62291,1,1,1988,16,16,16,16,16,16,16,16,16,16
62292,1,1,1988,15,18,0,23,0,0,0,26,18,0
62293,1,1,1988,0,0,0,0,0,0,0,0,0,0
62293,2,1,1988,0,0,0,0,0,0,0,0,0,0
62294,1,1,1988,0,5,0,0,0,0,0,0,0,0
62295,1,1,1988,5,5,5,5,5,5,5,5,5,5
62295,2,1,1988,0,0,0,0,0,0,0,0,0,0
62296,1,1,1988,15,12,4,13,15,3,12,22,19,10
62297,1,1,1988,13,13,13,13,13,13,13,13,13,13
62298,0,1,1988,3,3,3,3,3,3,3,3,3,3
62298,1,1,1988,0,0,0,0,0,0,0,0,0,0
62299,1,1,1988,17,17,17,17,17,17,17,17,17,17
62299,3,1,1988,0,0,0,0,20,7,0,0,0,0
62300,1,1,1988,0,0,0,0,0,0,0,0,0,0
62300,2,1,1988,0,0,6,0,0,6,10,0,0,0
62301,0,1,1988,0,0,0,0,0,0,0,0,0,0
62301,1,1,1988,0,0,24,0,0,0,0,0,0,11
62302,1,1,1988,17,17,17,17,17,17,17,17,17,17
62302,2,1,1988,5,0,0,0,0,0,0,0,0,0
62302,3,1,1988,0,0,0,0,0,0,0,0,0,0
62303,0,1,1988,19,19,19,19,19,19,19,19,19,19
62303,1,1,1988,0,0,10,0,0,5,0,0,0,0
62304,1,1,1988,14,11,22,10,16,4,10,21,0,5
62304,2,1,1988,0,0,0,0,0,0,0,0,0,0
62305,1,1,1988,0,0,0,0,0,0,0,0,0,0
62305,2,1,1988,0,0,0,0,0,0,0,0,9,12
62306,1,1,1988,0,0,0,0,0,0,0,0,0,0
62306,2,1,1988,0,0,0,0,0,0,0,0,0,0
62306,3,1,1988,0,0,0,0,0,0,0,0,0,0
62307,1,1,1988,0,0,0,0,0,0,0,0,0,0
62307,2,1,1988,20,16,26,27,22,12,28,15,17,7
62308,0,1,1988,0,0,0,0,0,0,0,0,0,0
62308,1,1,1988,0,0,0,0,6,0,0,15,5,0
62309,0,1,1988,2,2,2,2,2,2,2,2,2,2
62309,0,2,1988,0,0,0,0,0,7,0,0,0,0
62309,0,3,1988,0,0,0,0,0,0,0,0,0,0
62309,1,1,1988,0,0,0,0,0,0,7,0,0,0
62310,0,1,1988,10,10,10,10,10,10,10,10,10,10
62310,1,1,1988,0,0,0,0,0,0,0,0,0,0
62311,1,1,1988,0,0,0,0,0,0,7,0,0,0
62312,0,1,1988,23,23,23,23,23,23,23,23,23,23
62312,1,1,1988,0,0,0,0,0,0,0,0,0,0
62313,1,1,1988,0,0,0,0,0,0,0,0,0,0
62314,1,1,1988,24,24,24,24,24,24,24,24,24,24
62314,2,1,1988,7,0,0,0,0,0,0,0,0,0
62315,1,1,1988,0,0,0,0,0,0,0,0,0,0
62316,1,1,1988,18,18,18,18,18,18,18,18,18,18
62316,2,1,1988,0,0,0,2,0,0,0,0,0,0
62317,1,1,1988,0,0,0,0,0,0,0,0,0,0
62318,1,1,1988,0,0,0,0,0,0,0,0,0,0
62318,2,1,1988,0,0,0,0,0,0,0,0,0,0
62318,3,1,1988,0,0,0,0,0,0,0,0,0,0
62319,0,1,1988,0,0,0,0,0,0,0,0,0,0
62319,1,1,1988,0,0,0,0,0,11,10,16,0,0
62320,0,1,1988,32,32,32,32,32,32,32,32,32,32
62320,1,1,1988,0,0,0,0,0,0,0,0,0,0
62321,0,1,1988,0,0,0,0,0,0,0,0,0,0
62321,0,2,1988,0,0,0,10,0,0,0,0,13,0
62321,1,1,1988,0,0,0,0,0,0,0,0,0,0
62322,1,1,1988,9,9,9,9,9,9,9,9,9,9
62323,1,1,1988,0,0,0,0,0,0,0,0,0,0
62323,2,1,1988,0,0,0,0,0,0,0,0,0,0
62324,1,1,1988,23,23,23,23,23,23,23,23,23,23
62324,2,1,1988,0,0,0,0,0,0,0,0,0,0
62325,1,1,1988,19,19,19,19,19,19,19,19,19,19
62326,1,1,1988,10,10,10,10,10,10,10,10,10,10
62327,1,1,1988,21,21,21,21,21,21,21,21,21,21
62328,1,1,1988,0,0,0,0,0,0,0,0,0,0
62328,2,1,1988,0,0,0,0,0,0,0,0,0,0
62328,3,1,1988,0,0,0,0,0,0,0,0,0,0
62329,0,1,1988,0,0,0,0,0,0,0,0,0,0
62329,0,2,1988,0,0,0,0,0,0,0,0,0,0
62329,0,3,1988,0,0,0,0,0,0,0,0,0,0
62329,0,4,1988,0,0,0,0,0,0,0,0,0,0
62329,0,5,1988,0,0,0,0,0,0,0,0,0,0
62329,1,1,1988,14,14,14,14,14,14,14,14,14,14
62330,1,1,1988,0,0,0,0,0,0,0,0,0,0
62330,2,1,1988,0,0,0,0,0,0,0,0,0,0
62331,1,1,1988,0,0,0,0,0,0,0,0,0,0
62331,2,1,1988,0,0,0,0,0,0,0,0,0,0
62332,0,1,1988,0,0,0,0,0,0,0,0,0,0
62332,1,1,1988,0,0,0,0,0,0,0,0,0,0
62333,1,1,1988,0,0,0,0,0,0,0,0,0,0
62333,2,1,1988,0,0,0,0,0,0,0,0,0,0
62334,1,1,1988,11,9,15,5,6,17,11,2,9,8
62334,2,1,1988,0,0,0,0,0,0,0,0,0,0
62334,3,1,1988,0,0,0,0,0,0,0,0,0,0
62334,4,1,1988,0,0,0,0,0,0,0,0,0,0
62335,0,1,1988,21,21,21,21,21,21,21,21,21,21
62335,1,1,1988,0,0,0,0,0,0,0,0,0,0
62336,1,1,1988,23,23,23,23,23,23,23,23,23,23
62336,2,1,1988,0,0,0,0,0,0,0,0,0,0
62337,1,1,1988,22,22,22,22,22,22,22,22,22,22
62338,1,1,1988,7,10,0,0,39,0,7,8,15,13
62339,1,1,1988,0,0,0,0,0,0,0,0,0,0
62339,2,1,1988,4,4,4,4,4,4,4,4,4,4
62340,1,1,1988,0,0,0,0,0,40,0,0,6,0
62341,0,1,1988,0,0,0,0,0,0,0,0,0,0
62341,1,1,1988,24,0,0,0,0,0,0,6,0,0
62342,1,1,1988,0,0,0,0,0,0,0,0,0,0
62342,2,1,1988,15,14,25,28,0,0,0,0,0,0
62343,1,1,1988,20,20,20,20,20,20,20,20,20,20
62344,0,1,1988,0,0,0,15,0,0,9,0,0,0
62344,1,1,1988,0,0,0,0,0,0,0,0,0,0
62345,1,1,1988,6,6,6,6,6,6,6,6,6,6
62345,2,1,1988,0,0,16,0,0,0,15,0,0,0
62346,0,1,1988,0,0,0,0,0,0,0,0,0,0
62346,0,2,1988,0,0,0,0,5,0,0,0,0,0
62346,1,1,1988,0,0,0,0,0,0,0,0,0,0
62346,2,1,1988,0,0,0,0,0,0,0,0,0,0
62346,3,1,1988,19,8,0,0,0,0,0,0,0,0
62347,1,1,1988,0,0,0,0,0,0,0,0,0,0
62347,2,1,1988,0,0,0,0,0,0,0,0,0,0
62348,0,1,1988,10,10,10,10,10,10,10,10,10,10
62348,1,1,1988,0,0,0,0,0,0,0,0,0,0
62349,0,1,1988,0,0,0,0,0,0,0,0,0,0
62349,0,2,1988,0,0,0,0,0,0,0,0,0,0
62349,0,3,1988,0,0,0,0,0,0,0,0,0,0
62349,0,4,1988,0,0,0,0,0,0,0,0,0,0
62349,1,1,1988,0,0,0,0,0,0,5,0,0,0
62350,0,1,1988,0,0,0,0,0,0,0,0,0,0
62350,1,1,1988,6,6,6,6,6,6,6,6,6,6
62351,1,1,1988,0,24,0,16,4,0,16,0,0,18
62351,2,1,1988,0,0,0,0,0,0,0,0,0,0
62351,3,1,1988,0,0,0,0,0,0,0,0,0,0
62351,4,1,1988,0,27,0,0,3,0,0,0,0,0
62352,1,1,1988,0,0,0,0,0,0,0,0,0,0
62353,1,1,1988,7,7,7,7,7,7,7,7,7,7
62354,0,1,1988,0,0,0,0,0,0,0,0,0,0
62354,1,1,1988,7,26,7,4,11,0,14,27,0,14
62355,1,1,1988,0,0,14,0,0,0,0,0,0,0
62355,2,1,1988,0,0,0,0,0,0,0,0,0,0
62356,1,1,1988,1,1,1,1,1,1,1,1,1,1
62357,1,1,1988,20,20,20,20,20,20,20,20,20,20
62358,0,1,1988,9,9,9,9,9,9,9,9,9,9
62358,0,2,1988,14,14,14,14,14,14,14,14,14,14
62358,1,1,1988,18,0,0,14,24,0,0,15,21,24
62359,1,1,1988,24,24,24,24,24,24,24,24,24,24
62360,1,1,1988,0,0,0,0,0,0,0,0,0,0
62360,2,1,1988,0,0,0,0,0,0,0,0,0,0
62361,1,1,1988,11,11,11,11,11,11,11,11,11,11
62362,1,1,1988,0,0,0,0,0,0,0,0,0,11
62362,2,1,1988,0,0,0,0,0,0,0,0,0,0
62363,0,1,1988,16,16,16,16,16,16,16,16,16,16
62363,0,2,1988,17,2,25,17,8,11,12,25,26,15
62363,1,1,1988,0,0,0,0,0,0,0,0,0,0
62364,0,1,1988,0,6,10,47,5,0,0,0,0,0
62364,1,1,1988,0,0,0,0,0,0,0,0,0,0
62365,0,1,1988,0,0,0,0,0,0,0,38,0,0
62365,1,1,1988,0,0,24,0,17,0,0,0,0,5
62366,0,1,1988,16,16,16,16,16,16,16,16,16,16
62366,0,2,1988,0,0,0,0,0,0,0,0,0,0
62366,0,3,1988,0,0,0,0,0,0,0,0,0,0
62366,1,1,1988,0,0,0,23,7,0,0,6,0,0
62367,1,1,1988,25,25,25,25,25,25,25,25,25,25
62367,2,1,1988,2,2,2,2,2,2,2,2,2,2
62368,1,1,1988,10,0,18,17,9,9,17,13,24,14
62369,1,1,1988,18,18,18,18,18,18,18,18,18,18
62369,2,1,1988,0,0,0,0,0,0,0,0,0,0
62369,3,1,1988,0,0,0,0,0,0,0,0,0,0
62370,1,1,1988,1,1,1,1,1,1,1,1,1,1
62370,2,1,1988,0,22,0,18,0,20,0,0,0,0
62371,0,1,1988,7,7,7,7,7,7,7,7,7,7
62371,1,1,1988,0,7,0,9,11,14,18,25,7,0
62372,0,1,1988,0,0,0,0,0,0,0,0,0,0
62372,1,1,1988,6,0,0,11,13,0,0,0,4,0
62373,0,1,1988,0,0,0,0,0,0,0,0,0,0
62373,1,1,1988,0,0,0,12,0,0,0,0,21,0
62374,1,1,1988,17,17,17,17,17,17,17,17,17,17
62375,1,1,1988,0,0,0,0,0,0,0,0,0,0
62376,1,1,1988,0,0,0,0,0,0,0,0,0,0
62377,1,1,1988,0,0,0,0,0,0,0,0,0,0
62377,2,1,1988,0,0,0,0,0,0,0,0,0,0
62378,1,1,1988,0,0,0,0,0,0,0,0,0,0
62378,2,1,1988,0,0,0,0,0,0,0,0,0,0
62379,1,1,1988,0,0,0,0,0,0,0,0,0,0
62379,2,1,1988,0,0,18,0,0,0,0,0,0,0
62380,1,1,1988,0,0,0,0,0,0,0,0,0,0
62381,0,1,1988,0,0,0,0,0,0,0,0,0,0
62381,1,1,1988,0,0,0,0,0,0,0,0,0,0
62382,1,1,1988,13,13,13,13,13,13,13,13,13,13
62383,0,1,1988,25,25,25,25,25,25,25,25,25,25
62383,1,1,1988,0,0,0,12,27,0,13,11,29,13
62383,2,1,1988,8,4,12,21,0,0,5,5,9,12
62384,1,1,1988,0,0,0,0,0,0,19,7,0,0
62385,0,1,1988,0,0,0,0,0,0,0,0,0,0
62385,1,1,1988,0,0,0,0,0,26,0,0,0,0
62386,0,1,1988,0,0,0,0,0,0,0,0,0,0
62386,1,1,1988,0,0,0,0,0,0,0,0,0,0
62387,1,1,1988,0,0,0,0,0,0,0,0,0,0
62387,2,1,1988,0,0,0,0,0,0,0,0,0,0
62387,3,1,1988,0,0,0,0,0,0,0,0,0,0
62388,0,1,1988,27,33,27,9,9,17,21,37,17,0
62388,1,1,1988,0,23,0,0,12,0,0,0,0,13
62389,1,1,1988,19,19,19,19,19,19,19,19,19,19
62390,1,1,1988,0,0,0,0,0,0,0,0,0,0
62390,2,1,1988,0,0,0,0,0,0,0,0,0,0
62391,1,1,1988,0,0,0,0,0,0,0,0,0,0
62392,1,1,1988,24,0,9,13,5,8,26,0,22,14
62393,1,1,1988,0,0,0,0,0,0,0,0,0,0
62394,1,1,1988,14,14,14,14,14,14,14,14,14,14
62395,1,1,1988,16,16,16,16,16,16,16,16,16,16
62396,1,1,1988,12,12,12,12,12,12,12,12,12,12
62397,1,1,1988,0,14,8,12,15,13,15,5,8,4
62397,2,1,1988,0,0,0,0,0,0,0,0,0,0
62398,1,1,1988,12,12,12,12,12,12,12,12,12,12
62399,1,1,1988,0,0,0,0,0,0,0,0,20,40
62400,1,1,1988,0,0,0,0,0,0,0,0,0,0
62400,2,1,1988,0,0,0,0,0,0,0,0,0,0
62400,3,1,1988,0,0,0,0,0,0,0,0,0,0
62400,4,1,1988,0,0,0,0,0,0,0,0,0,0
62401,1,1,1988,15,15,15,15,15,15,15,15,15,15
62402,1,1,1988,12,12,12,12,12,12,12,12,12,12
62403,1,1,1988,22,22,22,22,22,22,22,22,22,22
62404,1,1,1988,16,16,16,16,16,16,16,16,16,16
62405,1,1,1988,11,11,11,11,11,11,11,11,11,11
62406,1,1,1988,0,0,0,0,0,0,0,0,0,0
62407,1,1,1988,20,20,20,20,20,20,20,20,20,20
62408,0,1,1988,0,0,0,0,0,0,0,0,0,0
62408,1,1,1988,19,19,19,19,19,19,19,19,19,19
62409,1,1,1988,0,0,0,0,0,0,0,0,0,0
62410,1,1,1988,5,5,5,5,5,5,5,5,5,5
62411,0,1,1988,28,28,28,28,28,28,28,28,28,28
62411,1,1,1988,0,0,0,0,0,12,0,0,0,0
62412,1,1,1988,17,17,17,17,17,17,17,17,17,17
62413,1,1,1988,3,3,3,3,3,3,3,3,3,3
62414,1,1,1988,13,0,18,7,17,33,35,33,19,17
62415,1,1,1988,18,18,18,18,18,18,18,18,18,18
62416,1,1,1988,0,0,0,0,0,0,0,0,0,0
62416,2,1,1988,0,0,0,0,0,0,0,0,11,0
62417,1,1,1988,0,0,0,0,0,0,0,0,0,0
62417,2,1,1988,0,0,7,0,0,0,0,0,0,0
62417,3,1,1988,0,0,0,0,0,0,0,0,0,0
62418,0,1,1988,0,0,0,0,0,0,0,0,0,0
62418,0,2,1988,4,4,4,4,4,4,4,4,4,4
62418,0,3,1988,44,0,0,0,0,0,20,0,0,0
62418,1,1,1988,0,0,0,0,0,10,0,0,0,0
62418,2,1,1988,0,0,0,0,0,0,5,18,21,9
62419,1,1,1988,19,19,19,19,19,19,19,19,19,19
62420,1,1,1988,11,11,11,11,11,11,11,11,11,11
62421,1,1,1988,10,10,10,10,10,10,10,10,10,10
62422,0,1,1988,0,0,0,0,0,0,0,0,0,0
62422,1,1,1988,33,22,4,7,0,12,10,4,0,12
62423,0,1,1988,18,18,18,18,18,18,18,18,18,18
62423,1,1,1988,0,0,0,0,0,0,0,0,0,0
62423,2,1,1988,0,0,0,0,0,0,0,0,0,0
62424,0,1,1988,0,0,0,0,0,0,0,0,0,0
62424,1,1,1988,0,0,0,0,0,0,0,0,0,0
62426,1,1,1988,0,0,0,0,0,0,0,0,0,0
62427,1,1,1988,0,0,0,0,0,0,0,0,0,0
62428,1,1,1988,0,0,0,0,0,0,0,0,0,0
62428,2,1,1988,0,0,0,12,0,0,21,0,0,0
62429,1,1,1988,0,0,0,0,0,0,0,0,0,0
62429,2,1,1988,0,0,0,0,0,0,0,0,0,0
62430,0,1,1988,0,0,0,0,0,0,0,0,0,0
62430,1,1,1988,0,0,0,0,0,4,0,0,0,0
62431,1,1,1988,3,3,3,3,3,3,3,3,3,3
62431,2,1,1988,7,0,0,0,0,0,0,0,0,0
62431,3,1,1988,0,0,0,0,0,0,0,0,0,0
62432,1,1,1988,0,0,0,0,0,0,0,0,0,0
62432,2,1,1988,0,0,0,0,0,0,0,0,0,0
62432,3,1,1988,0,0,0,0,0,0,0,0,0,4
62433,1,1,1988,15,15,15,15,15,15,15,15,15,15
62434,1,1,1988,28,28,28,28,28,28,28,28,28,28
62435,1,1,1988,44,44,44,44,44,44,44,44,44,44
62435,2,1,1988,0,0,0,0,0,0,0,0,0,0
62436,1,1,1988,0,0,0,0,0,5,0,0,0,0
62437,1,1,1988,19,19,19,19,19,19,19,19,19,19
62437,2,1,1988,12,12,12,12,12,12,12,12,12,12
62438,1,1,1988,0,0,0,0,0,0,0,0,0,0
62438,2,1,1988,0,0,0,0,0,0,0,0,0,0
62439,1,1,1988,19,19,19,19,19,19,19,19,19,19
62440,0,1,1988,15,15,15,15,15,15,15,15,15,15
62440,1,1,1988,0,0,0,0,0,0,0,0,0,0
62441,1,1,1988,22,22,22,22,22,22,22,22,22,22
62442,0,1,1988,0,0,0,0,0,0,0,0,0,0
62442,1,1,1988,0,0,8,0,0,0,0,0,0,0
62443,1,1,1988,21,21,21,21,21,21,21,21,21,21
62443,2,1,1988,0,0,0,0,0,0,0,0,0,0
62444,1,1,1988,0,0,0,0,0,0,0,0,0,0
62444,2,1,1988,0,0,0,0,0,0,0,0,0,0
62445,1,1,1988,14,14,14,14,14,14,14,14,14,14
62445,2,1,1988,0,0,0,2,0,0,0,0,0,0
62446,0,1,1988,0,20,0,0,35,0,27,31,0,12
62446,1,1,1988,13,13,13,13,13,13,13,13,13,13
62447,1,1,1988,16,16,16,16,16,16,16,16,16,16
62447,2,1,1988,0,0,0,0,0,0,0,0,0,0
62448,1,1,1988,26,26,26,26,26,26,26,26,26,26
62449,1,1,1988,0,0,0,0,0,0,0,0,0,0
62450,1,1,1988,0,0,0,0,0,0,0,0,0,0
62451,1,1,1988,19,19,19,19,19,19,19,19,19,19