ST_CASE,VEH_NO,PER_NO,YEAR,P1,P2,P3,P4,P5,P6,P7,P8,P9,P10
62452,0,1,1988,0,0,0,0,0,0,0,0,0,0
62452,1,1,1988,0,0,13,0,0,0,0,0,0,0
62453,1,1,1988,0,0,0,0,0,0,0,0,0,0
62453,2,1,1988,11,11,11,11,11,11,11,11,11,11
62454,1,1,1988,0,0,0,0,0,0,0,0,0,0
62454,2,1,1988,0,0,0,0,0,0,0,0,0,0
62455,0,1,1988,0,0,0,0,0,0,0,0,0,0
62455,1,1,1988,0,0,0,0,0,0,0,0,0,0
62456,1,1,1988,0,0,0,0,0,0,0,0,0,0
62456,2,1,1988,0,0,0,0,0,0,0,0,0,0
62456,3,1,1988,0,0,0,0,0,0,0,0,0,0
62457,1,1,1988,0,0,0,12,6,0,25,19,19,0
62458,1,1,1988,0,0,0,0,0,0,0,0,0,0
62459,1,1,1988,11,0,16,0,0,0,0,0,21,0
62460,1,1,1988,0,0,0,0,0,0,0,0,0,0
62460,2,1,1988,0,0,0,0,0,0,0,0,0,0
62461,1,1,1988,0,0,0,0,0,0,0,0,0,0
62461,2,1,1988,4,4,4,4,4,4,4,4,4,4
62462,1,1,1988,19,0,0,4,0,34,0,0,0,0
62463,0,1,1988,0,0,0,0,0,0,0,0,0,0
62463,1,1,1988,0,0,0,0,0,0,12,0,14,0
62464,1,1,1988,0,0,0,0,0,0,0,0,0,0
62465,1,1,1988,0,0,0,0,0,0,0,0,0,0
62465,2,1,1988,0,0,0,0,0,0,0,0,0,0
62465,3,1,1988,0,0,0,0,0,0,0,0,0,0
62466,1,1,1988,14,14,14,14,14,14,14,14,14,14
62467,0,1,1988,0,0,0,0,0,0,0,0,0,0
62467,1,1,1988,0,0,8,0,4,0,0,0,18,0
62468,1,1,1988,11,11,11,11,11,11,11,11,11,11
62469,1,1,1988,0,0,0,0,0,0,18,0,0,0
62470,1,1,1988,0,0,0,0,0,0,0,0,0,0
62471,1,1,1988,0,24,0,0,2,0,0,28,18,0
62472,0,1,1988,23,23,23,23,23,23,23,23,23,23
62472,1,1,1988,0,0,0,0,0,0,0,0,0,0
62473,1,1,1988,0,0,0,0,0,0,0,0,0,0
62473,2,1,1988,0,0,0,0,0,0,0,0,0,9
62473,3,1,1988,0,0,0,0,0,0,0,0,0,0
62474,1,1,1988,20,20,20,20,20,20,20,20,20,20
62475,1,1,1988,9,9,9,9,9,9,9,9,9,9
62476,0,1,1988,0,0,0,0,0,0,0,0,0,0
62476,1,1,1988,0,18,8,7,0,0,7,15,6,0
62477,0,1,1988,0,0,0,0,0,0,0,0,0,0
62477,1,1,1988,0,0,0,0,0,0,0,0,0,0
62478,1,1,1988,0,0,0,0,0,0,0,0,0,0
62478,2,1,1988,0,0,0,0,0,0,0,0,0,0
62479,1,1,1988,0,0,32,0,0,0,0,0,21,18
62479,2,1,1988,0,0,0,0,0,0,0,0,0,0
62480,1,1,1988,11,32,0,34,0,0,0,0,0,0
62480,2,1,1988,0,0,0,0,19,0,0,26,25,0
62481,1,1,1988,0,0,0,0,0,0,0,0,0,0
62481,2,1,1988,0,0,0,0,0,0,0,0,0,0
62481,3,1,1988,0,0,0,0,0,0,0,0,0,0
62481,4,1,1988,0,0,0,0,0,11,0,0,0,0
62482,1,1,1988,0,0,0,0,0,0,15,0,0,0
62483,1,1,1988,0,13,13,11,0,0,12,0,6,6
62483,2,1,1988,0,0,0,0,0,0,0,0,0,5
62484,0,1,1988,10,10,10,10,10,10,10,10,10,10
62484,1,1,1988,12,8,10,11,17,6,27,12,27,11
62485,1,1,1988,0,0,0,0,0,0,0,0,0,0
62486,1,1,1988,0,0,0,0,0,0,0,0,0,0
62486,2,1,1988,0,0,0,0,0,0,0,0,0,0
62486,3,1,1988,0,0,0,0,0,0,0,0,8,0
62487,0,1,1988,0,0,0,0,0,0,0,0,0,0
62487,1,1,1988,0,0,0,0,0,0,0,0,0,0
62488,1,1,1988,21,21,21,21,21,21,21,21,21,21
62489,0,1,1988,0,0,0,0,0,0,0,0,0,0
62489,1,1,1988,0,0,0,0,0,0,0,15,0,0
62490,1,1,1988,19,19,19,19,19,19,19,19,19,19
62491,1,1,1988,0,0,0,0,0,0,0,0,0,0
62492,1,1,1988,17,17,17,17,17,17,17,17,17,17
62492,2,1,1988,0,0,0,0,0,0,0,0,0,0
62493,1,1,1988,22,22,22,22,22,22,22,22,22,22
62493,2,1,1988,23,11,0,0,0,0,0,0,0,0
62494,0,1,1988,0,0,0,0,0,0,0,0,0,0
62494,1,1,1988,0,0,0,0,0,0,17,0,0,0
62495,0,1,1988,12,12,12,12,12,12,12,12,12,12
62495,1,1,1988,0,0,0,19,0,0,0,25,13,0
62496,1,1,1988,15,15,15,15,15,15,15,15,15,15
62497,1,1,1988,3,3,3,3,3,3,3,3,3,3
62498,1,1,1988,16,16,16,16,16,16,16,16,16,16
62498,2,1,1988,0,0,0,0,0,0,0,0,0,0
62499,1,1,1988,20,20,20,20,20,20,20,20,20,20
62500,0,1,1988,0,0,0,0,0,0,0,0,0,0
62500,1,1,1988,0,0,0,0,0,0,0,0,0,0
62501,1,1,1988,20,20,20,20,20,20,20,20,20,20
62502,1,1,1988,0,0,0,0,0,0,0,0,0,0
62502,2,1,1988,0,0,0,0,0,0,0,0,0,0
62503,1,1,1988,0,0,0,0,0,0,0,0,0,0
62504,1,1,1988,0,0,0,0,0,0,0,0,0,0
62505,0,1,1988,3,0,0,24,0,0,0,0,26,28
62505,0,2,1988,0,0,0,5,0,0,18,0,21,0
62505,0,3,1988,15,0,0,0,0,0,16,11,14,0
62505,1,1,1988,0,0,0,0,0,0,0,2,0,0
62505,2,1,1988,0,0,0,0,0,0,0,0,0,0
62506,0,1,1988,0,0,0,0,0,0,0,0,0,0
62506,1,1,1988,17,0,13,15,4,5,0,12,7,15
62507,1,1,1988,0,0,0,0,0,0,0,0,0,0
62508,1,1,1988,0,0,0,0,0,0,0,0,0,0
62508,2,1,1988,3,3,3,3,3,3,3,3,3,3
62509,0,1,1988,0,0,0,0,0,0,0,0,0,0
62509,1,1,1988,0,0,0,0,0,0,0,0,0,0
62510,1,1,1988,0,0,0,0,0,0,0,0,0,0
62510,2,1,1988,0,0,0,0,0,0,0,0,0,0
62510,3,1,1988,0,0,0,0,0,0,0,0,0,0
62511,1,1,1988,0,0,0,0,0,0,0,0,0,0
62511,2,1,1988,0,0,9,0,0,0,0,0,0,0
62511,3,1,1988,0,0,0,0,0,0,0,0,0,0
62511,4,1,1988,0,0,0,0,0,0,0,0,0,0
62512,1,1,1988,4,4,4,4,4,4,4,4,4,4
62512,2,1,1988,0,0,0,0,0,0,0,0,0,0
62512,3,1,1988,0,0,0,0,0,0,0,0,0,0
62513,1,1,1988,0,0,0,0,0,0,0,0,0,0
62514,1,1,1988,18,18,18,18,18,18,18,18,18,18
62515,1,1,1988,0,0,0,0,0,0,0,0,0,0
62515,2,1,1988,0,0,13,0,0,0,0,0,0,0
62516,1,1,1988,0,0,0,0,0,0,0,0,0,0
62516,2,1,1988,0,0,0,0,0,0,0,0,0,0
62517,1,1,1988,8,8,8,8,8,8,8,8,8,8
62517,2,1,1988,0,0,0,0,0,0,0,0,15,0
62518,1,1,1988,0,0,0,0,0,0,0,0,0,0
62519,1,1,1988,14,14,14,14,14,14,14,14,14,14
62519,2,1,1988,0,0,17,0,0,0,0,9,0,0
62520,1,1,1988,0,0,0,0,0,0,0,0,0,0
62521,1,1,1988,0,0,0,0,0,0,0,0,0,0
62521,2,1,1988,0,0,0,0,0,0,5,0,0,0
62521,3,1,1988,0,0,0,0,0,0,0,0,0,0
62521,4,1,1988,0,0,0,0,0,0,0,0,0,0
62522,1,1,1988,0,0,0,0,0,0,0,0,0,0
62522,2,1,1988,0,0,0,0,0,0,0,18,0,0
62523,1,1,1988,12,0,0,0,2,0,0,0,9,0
62523,2,1,1988,15,15,15,15,15,15,15,15,15,15
62524,1,1,1988,22,0,0,0,26,22,15,24,0,38
62525,1,1,1988,0,0,0,0,0,0,0,0,0,0
62525,2,1,1988,0,0,0,16,19,11,0,0,0,0
62525,3,1,1988,0,0,0,0,0,0,0,0,0,0
62526,1,1,1988,0,0,0,0,0,0,0,0,0,0
62526,2,1,1988,0,0,0,0,0,0,0,0,0,0
62527,1,1,1988,13,13,13,13,13,13,13,13,13,13
62527,2,1,1988,0,0,0,0,0,0,0,0,0,0
62528,1,1,1988,0,0,0,0,0,0,0,0,0,0
62528,2,1,1988,0,0,0,0,0,0,0,0,0,0
62529,1,1,1988,0,0,0,0,0,0,0,0,0,0
62530,0,1,1988,0,0,0,0,0,0,0,0,0,0
62530,1,1,1988,22,14,10,20,6,15,30,10,19,18
62531,1,1,1988,15,15,15,15,15,15,15,15,15,15
62531,2,1,1988,0,0,0,0,0,0,0,0,0,0
62531,3,1,1988,0,0,0,0,0,2,0,0,0,0
62532,1,1,1988,7,7,7,7,7,7,7,7,7,7
62533,1,1,1988,4,4,4,4,4,4,4,4,4,4
62533,2,1,1988,0,0,0,0,0,0,0,0,0,3
62534,0,1,1988,17,17,17,17,17,17,17,17,17,17
62534,1,1,1988,0,0,12,3,8,7,0,10,0,9
62534,2,1,1988,11,24,0,0,0,6,0,12,0,0
62534,3,1,1988,0,0,0,0,0,0,0,0,0,0
62535,1,1,1988,0,0,0,0,0,0,0,0,0,0
62536,1,1,1988,9,9,9,9,9,9,9,9,9,9
62537,1,1,1988,20,20,20,20,20,20,20,20,20,20
62537,2,1,1988,0,0,0,0,0,0,0,0,0,0
62538,1,1,1988,23,23,23,23,23,23,23,23,23,23
62539,1,1,1988,0,0,37,0,0,0,0,0,0,0
62539,2,1,1988,0,0,0,0,0,0,0,0,0,0
62540,1,1,1988,0,0,0,0,0,0,0,0,0,0
62541,1,1,1988,0,0,0,0,0,0,0,0,0,0
62542,1,1,1988,16,16,16,16,16,16,16,16,16,16
62543,1,1,1988,16,16,16,16,16,16,16,16,16,16
62544,0,1,1988,4,0,27,33,0,15,23,12,20,14
62544,0,2,1988,0,0,0,0,0,0,0,0,0,0
62544,1,1,1988,0,0,0,0,0,0,0,13,5,6
62545,0,1,1988,0,0,0,0,0,0,0,0,0,0
62545,1,1,1988,21,21,21,21,21,21,21,21,21,21
62545,2,1,1988,0,0,0,0,0,0,0,0,0,0
62546,1,1,1988,31,31,31,31,31,31,31,31,31,31
62547,1,1,1988,24,24,24,24,24,24,24,24,24,24
62548,0,1,1988,26,26,26,26,26,26,26,26,26,26
62548,1,1,1988,35,10,0,0,8,12,0,0,0,18
62548,2,1,1988,13,0,0,0,0,7,10,6,20,0
62549,1,1,1988,0,0,0,0,0,0,0,0,0,0
62550,1,1,1988,0,0,0,0,0,0,0,0,0,0
62550,2,1,1988,0,0,0,0,0,0,0,0,0,0
62551,0,1,1988,0,0,0,0,0,0,0,0,0,0
62551,1,1,1988,0,0,0,0,0,0,0,0,0,0
62552,1,1,1988,28,28,28,28,28,28,28,28,28,28
62553,1,1,1988,17,17,17,17,17,17,17,17,17,17
62553,2,1,1988,0,0,0,0,8,0,0,0,0,0
62554,1,1,1988,5,5,5,5,5,5,5,5,5,5
62555,1,1,1988,0,0,0,0,0,0,0,0,0,0
62555,2,1,1988,0,0,0,0,0,0,0,0,0,0
62556,1,1,1988,0,29,0,0,0,0,15,0,0,41
62557,0,1,1988,0,0,0,0,0,0,0,0,0,0
62557,1,1,1988,0,0,0,0,0,0,0,0,0,0
62557,2,1,1988,0,0,0,0,0,0,0,0,0,0
62557,3,1,1988,0,0,0,0,0,0,0,0,5,0
62558,1,1,1988,13,13,13,13,13,13,13,13,13,13
62558,2,1,1988,0,0,13,0,0,12,0,0,0,0
62559,1,1,1988,0,0,0,0,0,0,0,0,0,0
62560,1,1,1988,0,0,0,0,0,0,0,0,0,0
62560,2,1,1988,0,0,0,0,0,0,0,0,0,0
62561,0,1,1988,0,0,0,0,0,0,0,0,0,0
62561,1,1,1988,0,0,0,0,0,0,0,0,0,0
62561,2,1,1988,0,23,0,0,0,0,0,0,0,13
62561,3,1,1988,0,0,0,0,0,0,0,0,0,0
62562,1,1,1988,0,0,0,0,19,0,0,0,0,0
62562,2,1,1988,0,0,0,0,0,0,0,0,0,0
62563,1,1,1988,0,0,0,0,0,0,0,0,0,0
62563,2,1,1988,0,0,0,0,0,0,0,0,0,0
62563,3,1,1988,0,0,0,0,0,0,0,0,0,0
62564,0,1,1988,17,0,38,7,0,16,18,0,5,10
62564,1,1,1988,18,18,18,18,18,18,18,18,18,18
62565,0,1,1988,28,28,28,28,28,28,28,28,28,28
62565,1,1,1988,0,0,0,0,0,0,0,0,0,0
62566,1,1,1988,13,13,13,13,13,13,13,13,13,13
62567,1,1,1988,25,0,0,0,0,0,0,0,0,0
62567,2,1,1988,0,0,0,0,0,0,0,0,0,0
62568,1,1,1988,0,0,0,0,0,0,0,0,0,0
62569,1,1,1988,27,27,27,27,27,27,27,27,27,27
62570,1,1,1988,0,0,0,0,0,0,0,0,0,0
62571,1,1,1988,16,15,19,11,8,19,21,0,23,11
62572,1,1,1988,0,16,0,10,13,0,14,0,11,6
62573,0,1,1988,0,0,0,0,0,0,0,0,0,0
62573,1,1,1988,0,0,0,0,0,0,0,0,0,0
62574,1,1,1988,9,9,9,9,9,9,9,9,9,9
62574,2,1,1988,0,0,0,0,0,0,0,0,0,0
62575,1,1,1988,0,0,0,0,0,0,0,0,0,0
62576,1,1,1988,14,14,14,14,14,14,14,14,14,14
62577,1,1,1988,18,18,18,18,18,18,18,18,18,18
62578,1,1,1988,8,8,8,8,8,8,8,8,8,8
62578,2,1,1988,0,0,0,0,0,0,0,0,0,0
62579,1,1,1988,20,20,20,20,20,20,20,20,20,20
62579,2,1,1988,0,0,0,0,0,0,0,0,0,0
62580,1,1,1988,0,0,23,0,0,0,0,0,0,0
62580,2,1,1988,0,0,0,0,0,0,0,0,0,0
62581,1,1,1988,0,0,0,0,0,0,0,0,0,0
62581,2,1,1988,0,0,0,0,0,0,0,0,0,0
62582,1,1,1988,17,17,17,17,17,17,17,17,17,17
62582,2,1,1988,0,0,0,0,0,0,0,0,0,0
62583,1,1,1988,1,1,1,1,1,1,1,1,1,1
62584,1,1,1988,0,0,0,0,0,0,0,0,0,0
62584,2,1,1988,0,0,0,0,0,10,0,0,0,0
62585,1,1,1988,22,22,22,22,22,22,22,22,22,22
62586,1,1,1988,0,0,0,0,0,0,0,0,0,6
62586,2,1,1988,0,0,0,0,0,0,0,0,0,0
62587,1,2,1988,0,7,13,5,0,8,16,6,10,0
62588,1,1,1988,5,5,5,5,5,5,5,5,5,5
62589,1,1,1988,12,12,12,12,12,12,12,12,12,12
62590,1,1,1988,0,7,7,6,3,9,7,24,12,18
62590,2,1,1988,11,11,11,11,11,11,11,11,11,11
62591,1,1,1988,11,11,11,11,11,11,11,11,11,11
62592,1,1,1988,13,13,13,13,13,13,13,13,13,13
62593,1,1,1988,0,0,0,0,0,0,0,0,0,0
62593,2,1,1988,23,23,23,23,23,23,23,23,23,23
62594,1,1,1988,0,0,0,0,0,0,0,0,0,0
62594,2,1,1988,0,0,0,0,3,0,0,0,0,0
62595,1,1,1988,0,0,0,0,0,0,0,0,0,0
62595,2,1,1988,0,0,0,0,0,0,0,0,0,0
62595,3,1,1988,0,0,0,0,0,0,0,0,0,0
62596,1,1,1988,0,0,0,0,0,0,0,0,0,0
62596,2,1,1988,0,0,0,0,0,0,0,0,0,0
62597,0,1,1988,40,40,40,40,40,40,40,40,40,40
62597,1,1,1988,0,0,0,0,0,0,0,0,0,0
62598,1,1,1988,22,22,22,22,22,22,22,22,22,22
62599,1,1,1988,0,0,0,0,0,0,0,0,0,0
62600,0,1,1988,21,21,21,21,21,21,21,21,21,21
62600,1,1,1988,0,0,0,0,0,0,0,0,0,0
62601,1,1,1988,15,15,15,15,15,15,15,15,15,15
62602,0,1,1988,0,0,0,0,0,0,0,0,0,0
62602,1,1,1988,0,0,0,0,0,0,0,0,0,0
62603,0,1,1988,0,0,0,0,0,0,0,0,0,0
62603,1,1,1988,0,0,0,0,0,0,0,0,0,0
62604,1,1,1988,0,0,0,0,0,0,0,0,0,0
62605,0,1,1988,31,34,29,0,11,20,22,27,16,26
62605,1,1,1988,0,0,0,0,0,0,0,0,0,0
62606,1,1,1988,0,0,0,0,0,0,0,0,0,0
62606,2,1,1988,0,0,0,0,0,15,0,0,13,0
62606,3,1,1988,0,0,0,0,0,0,0,0,0,0
62607,1,1,1988,11,10,0,5,20,14,12,22,4,20
62608,1,1,1988,16,16,16,16,16,16,16,16,16,16
62609,1,1,1988,24,24,24,24,24,24,24,24,24,24
62609,2,1,1988,0,0,0,0,0,0,0,3,0,0
62610,1,1,1988,11,11,11,11,11,11,11,11,11,11
62611,1,1,1988,0,0,0,0,0,0,0,0,0,0
62612,1,1,1988,0,0,0,0,0,0,0,0,0,0
62613,1,1,1988,0,0,0,0,0,0,0,0,0,0
62614,1,1,1988,0,0,0,0,0,0,0,0,0,0
62614,2,1,1988,0,0,0,0,0,0,0,3,0,0
62615,0,1,1988,0,0,0,0,0,0,0,0,0,0
62615,1,1,1988,20,20,20,20,20,20,20,20,20,20
62616,1,1,1988,0,3,4,5,12,19,8,20,10,2
62616,2,1,1988,0,0,0,0,0,0,0,0,0,0
62617,1,1,1988,10,10,10,10,10,10,10,10,10,10
62618,1,1,1988,9,9,9,9,9,9,9,9,9,9
62618,2,1,1988,0,0,0,0,11,0,0,0,0,0
62618,3,1,1988,0,0,0,0,0,0,0,0,0,0
62618,4,1,1988,0,0,0,0,0,0,0,0,0,0
62618,5,1,1988,0,0,0,0,0,0,0,0,0,0
62619,1,1,1988,15,15,15,15,15,15,15,15,15,15
62620,1,1,1988,18,18,18,18,18,18,18,18,18,18
62621,1,1,1988,0,0,0,0,0,0,0,0,0,0
62621,2,1,1988,0,0,0,0,0,0,0,0,0,0
62621,3,1,1988,0,0,0,0,0,0,0,0,0,0
62622,1,1,1988,0,0,0,0,0,14,0,0,19,0
62622,2,1,1988,0,0,0,0,0,0,0,0,0,0
62623,0,1,1988,0,0,0,0,0,0,0,0,0,0
62623,1,1,1988,0,0,0,0,0,0,0,0,0,0
62624,1,1,1988,17,17,17,17,17,17,17,17,17,17
62625,0,1,1988,23,23,23,23,23,23,23,23,23,23
62625,1,1,1988,0,0,0,0,0,16,24,0,0,0
62626,1,1,1988,16,16,16,16,16,16,16,16,16,16
62626,2,1,1988,0,0,0,0,0,0,0,0,0,0
62627,1,1,1988,0,0,0,0,0,0,0,0,0,0
62628,1,1,1988,0,0,12,0,0,6,0,0,0,0
62628,2,1,1988,0,0,0,0,0,0,0,0,0,0
62629,1,1,1988,20,20,20,20,20,20,20,20,20,20
62630,0,1,1988,0,0,0,0,0,0,0,0,0,0
62630,1,1,1988,0,0,0,0,0,0,6,0,0,0
62631,1,1,1988,0,0,0,0,0,0,0,0,0,0
62632,0,1,1988,0,0,0,0,0,0,0,0,0,0
62632,1,1,1988,0,0,0,0,0,0,0,0,0,0
62633,0,1,1988,37,37,37,37,37,37,37,37,37,37
62633,1,1,1988,0,0,0,0,0,0,0,0,0,0
62634,0,1,1988,0,0,0,0,0,0,0,0,0,0
62634,1,1,1988,0,0,0,0,0,0,0,0,0,0
62635,1,1,1988,0,0,0,0,0,0,0,0,0,0
62636,1,1,1988,0,0,0,0,0,0,0,0,0,0
62636,2,1,1988,0,0,0,0,0,0,0,0,0,0
62637,1,1,1988,23,11,23,20,4,24,11,14,9,8
62638,1,1,1988,0,0,0,0,0,0,0,0,0,0
62638,2,1,1988,0,0,0,0,0,0,0,0,0,0
62639,0,1,1988,0,0,0,0,0,0,0,0,0,0
62639,1,1,1988,4,4,4,4,4,4,4,4,4,4
62640,1,1,1988,13,0,12,0,18,14,10,0,20,3
62641,1,1,1988,10,13,0,6,13,16,16,25,6,25
62642,0,1,1988,30,24,22,33,0,0,0,0,11,0
62642,1,1,1988,9,9,9,9,9,9,9,9,9,9
62643,1,1,1988,0,0,0,0,0,0,0,0,0,0
62643,2,1,1988,0,0,0,0,0,0,0,0,0,0
62644,1,1,1988,0,0,0,0,0,0,0,0,0,0
62645,1,1,1988,13,13,13,13,13,13,13,13,13,13
62646,1,1,1988,3,0,9,0,11,0,0,0,0,31
62647,1,1,1988,0,0,0,0,0,0,0,0,0,0
62647,2,1,1988,10,0,0,10,0,0,0,0,0,12
62647,3,1,1988,0,6,0,0,0,0,0,0,0,0
62647,4,1,1988,0,0,0,0,0,3,0,0,0,0
62647,5,1,1988,4,0,0,0,0,0,0,0,0,0
62648,1,1,1988,0,0,0,0,0,0,14,0,0,0
62649,1,1,1988,0,0,0,0,16,0,0,0,0,0
62650,1,1,1988,0,0,0,0,0,0,0,0,0,0
62650,2,1,1988,0,0,0,0,0,0,0,0,0,0
62651,1,1,1988,3,3,3,3,3,3,3,3,3,3
62651,2,1,1988,0,0,0,0,0,0,0,0,0,0
62651,3,1,1988,0,0,0,0,0,0,0,0,0,0
62652,1,1,1988,0,13,0,0,0,0,0,0,0,0
62652,2,1,1988,0,0,0,9,0,0,10,0,0,0
62652,3,1,1988,0,0,0,0,0,0,0,0,0,0
62652,4,1,1988,0,0,0,0,0,0,0,0,0,0
62653,1,1,1988,21,21,21,21,21,21,21,21,21,21
62653,2,1,1988,2,2,2,2,2,2,2,2,2,2
62654,1,1,1988,16,16,16,16,16,16,16,16,16,16
62655,1,1,1988,14,14,14,14,14,14,14,14,14,14
62656,1,1,1988,7,7,7,7,7,7,7,7,7,7
62657,1,1,1988,0,0,0,0,0,0,0,0,0,0
62657,2,1,1988,0,0,0,0,0,0,0,0,0,0
62658,1,1,1988,0,0,0,0,0,0,0,0,0,0
62659,1,1,1988,15,15,15,15,15,15,15,15,15,15
62660,1,1,1988,0,0,0,0,0,0,0,0,0,0
62660,2,1,1988,0,0,0,0,0,0,0,0,0,0
62660,3,1,1988,0,0,0,0,0,0,0,0,13,0
62661,1,1,1988,14,14,14,14,14,14,14,14,14,14
62661,2,1,1988,0,0,0,0,0,19,18,21,0,0
62661,3,1,1988,0,0,9,0,0,0,0,0,0,0
62662,1,1,1988,26,26,26,26,26,26,26,26,26,26
62662,2,1,1988,2,2,2,2,2,2,2,2,2,2
62663,1,1,1988,0,0,0,0,0,0,0,0,0,0
62664,1,1,1988,3,3,3,3,3,3,3,3,3,3
62665,1,1,1988,0,0,0,0,0,0,0,0,0,0
62666,1,1,1988,18,18,18,18,18,18,18,18,18,18
62666,2,1,1988,0,0,0,0,12,0,0,0,0,0
62666,3,1,1988,0,0,0,0,0,0,0,0,0,0
62667,0,1,1988,23,8,25,28,0,4,23,23,10,19
62667,1,1,1988,0,0,0,0,0,0,0,0,0,0
62667,2,1,1988,0,0,0,0,0,0,0,0,0,0
62668,0,1,1988,0,0,0,0,0,0,0,0,0,0
62668,1,1,1988,0,0,0,0,0,0,0,0,0,0
62669,0,1,1988,14,14,14,14,14,14,14,14,14,14
62669,1,1,1988,0,0,23,0,10,0,0,0,0,0
62670,1,1,1988,21,21,21,21,21,21,21,21,21,21
62670,2,1,1988,0,0,0,0,0,0,0,0,0,0
62671,1,1,1988,17,17,17,17,17,17,17,17,17,17
62671,2,1,1988,0,0,0,0,0,0,0,0,0,0
62672,1,1,1988,0,0,0,0,0,0,0,0,0,0
62672,2,1,1988,0,0,0,0,0,0,0,0,0,0
62673,1,1,1988,0,0,0,0,0,0,0,0,0,0
62673,2,1,1988,0,0,0,0,0,0,0,0,3,0
62674,0,1,1988,0,0,0,0,0,0,0,0,0,0
62674,1,1,1988,0,0,0,0,0,0,0,0,0,0
62675,0,1,1988,22,22,22,22,22,22,22,22,22,22
62675,1,1,1988,0,0,0,8,0,0,4,0,9,4
62676,1,1,1988,21,21,21,21,21,21,21,21,21,21
62677,0,1,1988,27,20,10,0,0,35,0,0,0,0
62677,0,2,1988,0,0,0,0,0,0,0,0,0,0
62677,1,1,1988,0,0,0,0,0,0,0,17,0,0
62678,0,1,1988,19,19,19,19,19,19,19,19,19,19
62678,1,1,1988,0,0,0,19,0,0,0,0,25,0
62679,1,1,1988,0,0,0,0,0,0,0,0,0,0
62680,1,1,1988,0,0,0,0,0,0,0,0,0,0
62680,2,1,1988,0,0,0,0,0,0,0,5,0,0
62681,1,1,1988,0,0,0,0,0,0,0,0,0,0
62681,2,1,1988,0,0,0,0,0,0,0,0,0,0
62681,3,1,1988,0,0,0,0,0,0,22,0,0,0
62682,0,1,1988,0,0,0,0,0,0,0,0,0,0
62682,1,1,1988,16,9,13,0,0,0,10,0,0,11
62683,1,1,1988,0,14,0,0,0,12,0,0,0,0
62683,2,1,1988,0,0,0,0,0,0,0,0,0,0
62684,0,1,1988,0,0,0,0,0,0,0,0,0,0
62684,1,1,1988,25,21,6,5,9,5,20,16,23,18
62685,0,1,1988,0,19,0,0,0,0,0,10,0,0
62685,1,1,1988,0,0,0,0,0,0,0,0,0,0
62686,0,1,1988,0,0,0,0,0,0,12,0,0,0
62686,1,1,1988,15,7,6,31,21,0,17,11,0,0
62687,0,1,1988,0,0,0,0,0,0,0,9,0,0
62687,1,1,1988,0,16,0,0,0,0,0,0,0,0
62688,1,1,1988,0,15,0,0,0,0,0,0,0,0
62689,1,1,1988,0,0,0,0,0,0,0,0,0,0
62689,2,1,1988,0,0,0,0,0,0,0,0,0,0
62689,3,1,1988,0,0,0,0,0,7,0,0,0,0
62689,4,1,1988,0,0,0,0,0,0,0,0,0,0
62690,1,1,1988,9,0,0,33,18,23,0,0,17,0
62691,0,1,1988,0,0,0,0,0,0,0,0,0,0
62691,1,1,1988,0,0,0,0,0,0,0,0,0,0
62692,1,1,1988,4,20,14,0,0,0,0,0,29,0
62693,1,1,1988,15,12,9,18,15,18,21,26,22,15
62694,1,1,1988,12,0,5,17,0,0,0,0,0,0
62694,2,1,1988,0,0,0,0,0,0,0,0,0,0
62695,1,1,1988,18,20,18,20,13,11,21,0,23,15
62696,1,1,1988,0,0,0,0,0,0,0,0,0,0
62696,2,1,1988,0,0,0,0,0,0,0,0,0,0
62696,3,1,1988,0,0,0,0,0,0,0,0,0,0
62697,1,1,1988,26,0,0,0,0,0,0,0,19,0
62698,0,1,1988,0,0,0,0,0,0,0,8,26,0
62698,1,1,1988,0,0,9,0,0,0,0,0,0,0
62699,1,1,1988,0,0,0,0,0,0,0,16,0,0
62700,1,1,1988,7,7,7,7,7,7,7,7,7,7
62701,1,1,1988,16,16,16,16,16,16,16,16,16,16
62702,0,1,1988,15,15,15,15,15,15,15,15,15,15
62702,1,1,1988,0,0,5,0,0,0,23,10,25,0
62703,1,1,1988,0,0,0,0,0,0,0,0,0,0
62704,1,1,1988,0,0,0,0,0,0,0,0,0,0
62704,2,1,1988,0,0,0,0,0,0,0,0,9,0
62705,0,1,1988,17,17,17,17,17,17,17,17,17,17
62705,1,1,1988,0,0,0,0,0,0,0,30,0,0
62706,1,1,1988,0,0,0,0,0,0,0,0,0,0
62706,2,1,1988,0,0,0,0,0,0,0,0,0,0
62707,1,1,1988,0,0,0,0,0,0,0,0,0,0
62707,2,1,1988,0,0,0,0,0,0,0,0,0,0
62708,1,1,1988,0,0,0,0,0,0,0,0,0,0
62709,0,1,1988,0,0,0,0,0,0,0,0,0,0
62709,1,1,1988,0,0,0,0,0,19,0,0,0,0
62710,1,1,1988,0,0,0,0,0,0,0,0,0,0
62711,1,1,1988,0,0,0,0,0,0,0,0,0,0
62711,2,1,1988,0,0,0,0,0,0,0,0,0,0
62711,3,1,1988,0,0,0,0,0,0,0,0,0,0
62712,0,1,1988,0,0,0,0,0,0,0,0,0,0
62712,1,1,1988,0,0,0,0,0,8,0,0,0,0
62713,1,1,1988,0,0,0,0,0,0,0,0,0,0
62713,2,1,1988,0,0,0,0,0,0,0,0,0,0
62714,1,1,1988,18,18,18,18,18,18,18,18,18,18
62714,2,1,1988,0,0,0,0,0,0,21,0,0,0
62715,1,1,1988,16,16,16,16,16,16,16,16,16,16
62715,2,1,1988,0,0,0,0,20,15,0,0,0,0
62716,0,1,1988,20,20,20,20,20,20,20,20,20,20
62716,1,1,1988,0,0,0,0,0,0,0,0,0,0
62717,1,1,1988,0,0,0,0,0,0,0,0,0,0
62717,2,1,1988,0,0,0,0,0,0,0,0,0,0
62718,1,1,1988,0,0,0,0,0,0,0,0,0,0
62718,2,1,1988,0,0,0,0,0,0,0,0,0,0
62719,1,1,1988,23,23,23,23,23,23,23,23,23,23
62719,2,1,1988,0,0,0,0,0,0,0,0,0,0
62719,3,1,1988,0,0,11,0,0,0,0,0,0,0
62720,1,1,1988,0,0,0,0,0,0,0,0,0,0
62720,2,1,1988,0,0,0,0,0,0,0,0,0,0
62721,1,1,1988,0,0,0,0,0,0,0,0,0,0