ST_CASE,VEH_NO,PER_NO,YEAR,P1,P2,P3,P4,P5,P6,P7,P8,P9,P10
62722,1,1,1988,28,28,28,28,28,28,28,28,28,28
62723,1,1,1988,0,0,0,0,0,0,0,0,0,0
62724,1,1,1988,0,0,0,0,0,0,0,0,0,0
62724,2,1,1988,0,0,0,0,0,0,0,0,2,0
62725,1,1,1988,35,35,35,35,35,35,35,35,35,35
62726,1,1,1988,18,18,18,18,18,18,18,18,18,18
62727,1,1,1988,0,0,0,0,0,20,0,7,0,0
62727,2,1,1988,0,0,0,0,0,0,0,0,0,0
62728,1,1,1988,0,0,0,8,0,0,0,0,0,0
62729,1,1,1988,0,0,0,0,0,0,0,0,0,0
62729,2,1,1988,0,0,0,0,0,0,0,0,0,0
62730,1,1,1988,6,6,6,6,6,6,6,6,6,6
62731,1,1,1988,38,38,38,38,38,38,38,38,38,38
62732,1,1,1988,0,0,0,0,0,0,0,0,0,0
62732,2,1,1988,0,0,0,0,0,0,0,0,0,0
62733,1,1,1988,15,15,15,15,15,15,15,15,15,15
62734,1,1,1988,0,0,0,0,0,0,0,0,0,0
62734,2,1,1988,0,0,0,0,0,0,0,0,0,0
62735,1,1,1988,8,0,0,0,0,0,0,0,0,0
62736,1,1,1988,0,0,0,0,0,0,0,0,0,0
62736,2,1,1988,0,6,0,15,11,16,0,16,0,0
62737,1,1,1988,24,24,24,24,24,24,24,24,24,24
62737,2,1,1988,21,15,0,0,8,0,7,16,16,0
62738,1,1,1988,27,27,27,27,27,27,27,27,27,27
62739,1,1,1988,21,21,21,21,21,21,21,21,21,21
62739,2,1,1988,0,0,0,0,0,0,0,0,0,0
62739,3,1,1988,12,0,0,0,0,0,0,0,0,0
62739,4,1,1988,13,0,0,0,0,31,11,0,0,0
62740,1,1,1988,13,13,13,13,13,13,13,13,13,13
62741,1,1,1988,0,0,0,0,0,0,0,0,0,0
62742,1,1,1988,15,15,15,15,15,15,15,15,15,15
62742,2,1,1988,0,0,0,0,0,0,0,0,0,0
62743,0,1,1988,0,0,0,0,0,0,0,0,0,0
62743,1,1,1988,0,0,0,0,0,0,0,0,0,0
62744,1,1,1988,0,0,0,0,0,0,0,0,0,0
62744,2,1,1988,11,0,0,0,0,0,0,0,0,0
62745,1,1,1988,0,0,0,0,0,0,0,23,0,0
62745,2,1,1988,0,0,6,0,0,0,12,25,0,19
62746,1,1,1988,15,15,15,15,15,15,15,15,15,15
62747,0,1,1988,0,0,0,0,0,0,0,0,0,0
62747,0,2,1988,0,0,0,0,0,8,0,35,0,0
62747,1,1,1988,0,0,0,0,0,0,0,0,0,0
62748,1,1,1988,0,0,0,0,0,0,0,0,0,0
62749,1,1,1988,0,0,0,0,0,0,0,0,0,0
62749,2,1,1988,0,0,0,0,0,0,0,0,0,0
62750,1,1,1988,0,0,0,0,0,0,0,0,0,0
62751,1,1,1988,0,0,0,10,0,0,0,0,0,0
62751,2,1,1988,23,23,23,23,23,23,23,23,23,23
62752,1,1,1988,22,22,22,22,22,22,22,22,22,22
62752,2,1,1988,0,0,0,0,0,0,0,0,0,0
62752,3,1,1988,0,0,0,0,0,0,0,0,0,0
62753,1,1,1988,0,0,0,0,0,0,0,0,0,0
62753,2,1,1988,0,0,0,0,0,0,0,0,0,0
62754,1,1,1988,0,0,0,0,0,0,0,0,0,0
62754,2,1,1988,0,0,0,0,0,0,0,0,0,0
62754,3,1,1988,0,0,0,0,0,0,0,0,0,0
62755,1,1,1988,15,15,15,15,15,15,15,15,15,15
62756,1,1,1988,0,0,0,0,0,0,0,0,0,0
62756,2,1,1988,36,0,14,16,0,7,20,22,11,13
62757,0,1,1988,0,0,0,0,0,0,0,0,0,0
62757,1,1,1988,0,0,0,0,0,0,0,7,0,0
62758,1,1,1988,12,12,12,12,12,12,12,12,12,12
62758,2,1,1988,0,0,0,0,0,0,0,0,0,0
62759,1,1,1988,9,9,9,9,9,9,9,9,9,9
62760,0,1,1988,3,3,3,3,3,3,3,3,3,3
62760,0,2,1988,26,26,26,26,26,26,26,26,26,26
62760,1,1,1988,18,18,18,18,18,18,18,18,18,18
62761,0,1,1988,0,0,0,0,0,0,0,0,0,0
62761,1,1,1988,0,17,0,7,0,19,0,19,12,0
62762,1,1,1988,18,18,18,18,18,18,18,18,18,18
62763,1,1,1988,30,30,30,30,30,30,30,30,30,30
62763,2,1,1988,0,0,0,0,0,0,0,0,0,25
62764,1,1,1988,9,9,9,9,9,9,9,9,9,9
62765,0,1,1988,20,20,20,20,20,20,20,20,20,20
62765,1,1,1988,0,0,0,0,0,0,0,0,0,0
62766,0,1,1988,0,0,0,0,0,0,0,0,0,0
62766,1,1,1988,0,0,0,6,0,0,16,6,0,0
62767,1,1,1988,24,17,16,19,11,18,10,14,7,20
62768,1,1,1988,33,33,33,33,33,33,33,33,33,33
62769,1,1,1988,0,0,0,0,0,0,0,0,0,0
62770,1,1,1988,19,15,0,33,0,21,19,0,0,5
62770,2,1,1988,0,0,0,0,0,0,0,0,0,0
62771,1,1,1988,4,4,4,4,4,4,4,4,4,4
62771,2,1,1988,0,0,0,0,0,0,0,0,0,0
62772,1,1,1988,0,0,0,0,0,0,0,0,0,0
62772,2,1,1988,0,0,0,0,0,0,0,0,0,0
62773,0,1,1988,0,0,0,0,0,0,0,0,0,0
62773,1,1,1988,11,11,11,11,11,11,11,11,11,11
62774,1,1,1988,17,17,17,17,17,17,17,17,17,17
62775,0,1,1988,21,21,21,21,21,21,21,21,21,21
62775,1,1,1988,0,16,9,23,0,0,33,0,11,0
62776,1,1,1988,9,9,9,9,9,9,9,9,9,9
62777,1,1,1988,0,0,0,0,0,0,0,0,0,0
62778,1,1,1988,21,21,21,21,21,21,21,21,21,21
62779,0,1,1988,0,0,0,0,0,0,0,0,0,0
62779,1,1,1988,0,0,0,0,0,0,0,0,0,0
62780,1,1,1988,18,18,18,18,18,18,18,18,18,18
62781,1,1,1988,6,6,6,6,6,6,6,6,6,6
62782,1,1,1988,16,16,16,16,16,16,16,16,16,16
62782,2,1,1988,11,0,0,0,0,9,0,5,6,0
62782,3,1,1988,0,5,0,0,0,0,17,0,0,0
62783,0,1,1988,0,0,0,0,0,0,0,0,0,0
62783,1,1,1988,0,0,0,0,0,0,0,0,0,0
62784,1,1,1988,0,0,0,0,0,0,0,0,0,0
62784,2,1,1988,0,0,0,0,0,0,0,0,0,0
62785,1,1,1988,0,0,0,0,0,0,0,0,0,0
62785,2,1,1988,0,0,12,0,0,0,0,0,5,0
62786,1,1,1988,30,30,30,30,30,30,30,30,30,30
62786,2,1,1988,0,0,0,0,0,0,0,0,0,0
62787,1,1,1988,0,24,0,0,0,0,11,0,0,0
62788,1,1,1988,18,18,18,18,18,18,18,18,18,18
62788,2,1,1988,0,0,0,0,0,0,0,0,0,0
62789,0,1,1988,26,26,26,26,26,26,26,26,26,26
62789,1,1,1988,0,19,0,0,0,0,0,10,11,0
62789,2,1,1988,0,0,0,12,0,0,0,0,0,0
62789,3,1,1988,0,0,0,0,0,0,0,0,0,0
62789,4,1,1988,0,0,12,0,0,0,0,0,0,7
62789,5,1,1988,0,0,0,0,10,0,0,0,0,0
62789,6,1,1988,0,11,0,0,0,8,0,0,13,0
62790,1,1,1988,0,0,0,0,0,0,0,0,0,0
62791,1,1,1988,0,0,0,0,0,0,0,0,0,0
62791,2,1,1988,0,0,0,0,0,0,0,0,0,0
62792,1,1,1988,0,0,0,0,0,0,0,0,0,0
62792,2,1,1988,0,0,0,0,0,0,0,0,0,0
62792,3,1,1988,0,0,0,0,0,0,0,0,0,0
62792,4,1,1988,0,0,0,0,0,0,0,0,0,0
62793,1,1,1988,0,0,0,0,0,0,0,0,0,0
62794,1,1,1988,0,0,0,0,0,0,0,0,0,0
62794,2,1,1988,0,0,0,0,0,0,0,0,0,0
62795,1,1,1988,0,0,0,0,0,0,0,0,0,0
62795,2,1,1988,0,0,0,0,0,0,0,0,0,0
62796,1,1,1988,13,13,13,13,13,13,13,13,13,13
62797,1,1,1988,0,0,0,0,0,0,0,0,0,0
62797,2,1,1988,0,0,0,0,0,0,0,0,0,0
62798,1,1,1988,0,0,0,0,0,0,0,19,0,0
62798,2,1,1988,0,0,0,0,0,0,0,0,0,0
62799,1,1,1988,4,4,4,4,4,4,4,4,4,4
62799,2,1,1988,0,0,0,0,0,0,0,18,0,0
62800,0,1,1988,0,0,0,0,0,0,0,0,0,0
62800,1,1,1988,0,0,0,8,0,0,0,0,0,0
62801,1,1,1988,15,15,15,15,15,15,15,15,15,15
62802,1,1,1988,0,0,0,0,0,0,0,0,0,0
62803,0,1,1988,0,0,0,0,22,0,0,0,0,0
62803,1,1,1988,0,0,0,0,0,0,0,0,0,0
62804,1,1,1988,8,8,8,8,8,8,8,8,8,8
62805,0,1,1988,22,22,22,22,22,22,22,22,22,22
62805,1,1,1988,0,0,0,0,0,0,0,0,0,0
62806,1,1,1988,0,0,0,0,0,0,0,0,0,0
62806,2,1,1988,0,16,0,0,0,0,0,0,0,0
62807,0,1,1988,0,0,0,0,0,0,0,0,0,0
62807,1,1,1988,0,0,0,0,0,6,0,0,16,0
62808,1,1,1988,0,0,0,0,0,0,0,0,0,0
62808,2,1,1988,0,0,0,0,0,0,0,0,0,0
62809,1,1,1988,0,0,0,0,0,0,0,0,0,0
62810,1,1,1988,24,0,7,13,19,8,9,16,10,14
62810,2,1,1988,5,5,5,5,5,5,5,5,5,5
62811,0,1,1988,0,0,0,0,0,0,0,0,0,0
62811,0,2,1988,0,0,0,0,0,0,0,0,0,0
62811,1,1,1988,0,0,0,0,0,0,0,0,0,0
62811,2,1,1988,0,0,0,0,0,0,0,0,0,0
62812,1,1,1988,20,20,20,20,20,20,20,20,20,20
62813,1,1,1988,14,14,14,14,14,14,14,14,14,14
62814,0,1,1988,13,13,13,13,13,13,13,13,13,13
62814,1,1,1988,0,0,0,0,0,0,0,0,0,0
62815,1,1,1988,12,34,9,16,27,28,0,35,0,20
62816,0,1,1988,0,0,0,0,0,0,0,0,0,0
62816,0,2,1988,0,0,0,0,0,0,0,0,0,0
62816,0,3,1988,18,18,22,0,0,8,0,0,32,27
62816,1,1,1988,18,0,12,17,18,10,24,12,19,21
62817,1,1,1988,7,7,7,7,7,7,7,7,7,7
62817,2,1,1988,0,0,0,0,0,0,0,0,0,0
62818,1,1,1988,18,18,18,18,18,18,18,18,18,18
62819,1,1,1988,5,5,5,5,5,5,5,5,5,5
62820,1,1,1988,0,0,0,0,0,0,0,0,0,0
62820,2,1,1988,0,0,0,0,0,0,25,0,0,0
62821,1,1,1988,39,39,39,39,39,39,39,39,39,39
62821,2,1,1988,0,0,0,0,0,0,0,0,0,0
62822,1,1,1988,0,0,0,0,0,0,0,0,0,0
62822,2,1,1988,0,0,0,0,0,0,0,0,0,0
62823,0,1,1988,0,0,0,0,0,0,0,0,0,0
62823,1,1,1988,0,0,0,0,0,0,0,0,0,0
62824,1,1,1988,6,6,6,6,6,6,6,6,6,6
62825,1,1,1988,12,12,12,12,12,12,12,12,12,12
62826,1,1,1988,17,17,17,17,17,17,17,17,17,17
62827,0,1,1988,28,28,28,28,28,28,28,28,28,28
62827,1,1,1988,0,0,0,0,0,0,0,0,0,0
62828,0,1,1988,0,0,0,0,0,0,0,0,0,0
62828,1,1,1988,15,0,0,0,0,0,0,0,0,0
62829,1,1,1988,0,0,0,0,0,0,0,0,0,0
62829,2,1,1988,0,0,0,0,0,0,0,0,0,0
62830,1,1,1988,0,0,0,0,0,0,0,0,0,0
62831,1,1,1988,0,0,0,0,0,0,0,0,0,0
62832,1,1,1988,0,0,0,0,0,0,0,0,0,0
62833,1,1,1988,0,0,0,0,0,0,0,0,0,0
62833,2,1,1988,0,0,0,0,0,0,0,0,0,0
62834,0,1,1988,21,21,21,21,21,21,21,21,21,21
62834,1,1,1988,0,0,0,0,0,0,0,0,0,0
62835,1,1,1988,0,0,0,0,0,0,0,0,0,0
62835,2,1,1988,0,0,0,0,0,4,0,0,0,0
62836,0,1,1988,6,6,6,6,6,6,6,6,6,6
62836,1,1,1988,7,27,0,18,23,0,3,0,0,0
62837,0,1,1988,0,0,0,0,0,0,0,0,0,0
62837,1,1,1988,11,26,20,9,14,10,21,24,30,22
62838,1,1,1988,0,0,0,0,0,0,0,0,0,0
62838,2,1,1988,15,0,0,0,0,0,0,0,0,0
62839,1,1,1988,0,0,0,0,0,0,0,0,0,0
62839,2,1,1988,15,9,0,6,5,16,0,0,0,10
62840,1,1,1988,0,0,0,0,0,0,0,0,0,0
62841,1,1,1988,0,0,0,0,0,0,0,0,0,0
62841,2,1,1988,0,0,0,0,0,0,0,0,0,0
62842,0,1,1988,0,0,0,0,0,0,0,0,0,0
62842,1,1,1988,0,0,0,0,0,0,0,0,0,0
62843,0,1,1988,27,27,27,27,27,27,27,27,27,27
62843,1,1,1988,0,0,0,0,0,0,0,0,0,0
62844,0,1,1988,32,32,32,32,32,32,32,32,32,32
62844,1,1,1988,0,27,0,0,2,0,12,0,0,24
62845,1,1,1988,10,10,10,10,10,10,10,10,10,10
62845,2,1,1988,0,0,0,16,0,0,0,0,0,0
62846,1,1,1988,0,0,0,0,0,0,0,0,0,0
62846,2,1,1988,0,0,0,0,0,0,0,0,0,0
62847,0,1,1988,0,0,0,0,0,0,0,0,0,0
62847,1,1,1988,0,0,0,0,0,0,0,0,0,0
62848,1,1,1988,3,3,3,3,3,3,3,3,3,3
62848,2,1,1988,0,0,0,0,0,0,0,0,0,0
62849,1,1,1988,13,13,13,13,13,13,13,13,13,13
62849,2,1,1988,0,0,0,0,0,0,0,0,0,0
62850,1,1,1988,0,0,0,0,0,0,0,0,0,0
62850,2,1,1988,0,0,0,0,0,0,0,0,0,0
62851,1,1,1988,22,22,22,22,22,22,22,22,22,22
62852,1,1,1988,0,0,0,0,0,0,0,0,0,0
62852,2,1,1988,0,0,0,0,16,0,0,0,0,0
62853,1,1,1988,10,10,10,10,10,10,10,10,10,10
62854,1,1,1988,0,0,0,0,0,0,0,0,0,0
62855,1,1,1988,0,0,0,0,0,0,0,0,0,0
62855,2,1,1988,0,0,0,0,0,0,0,15,0,0
62855,3,1,1988,0,0,0,0,0,0,0,3,0,0
62856,0,1,1988,0,0,0,0,0,0,0,0,0,0
62856,1,1,1988,22,22,22,22,22,22,22,22,22,22
62857,1,1,1988,5,5,5,5,5,5,5,5,5,5
62857,2,1,1988,0,0,0,0,0,0,0,0,0,0
62858,1,1,1988,12,12,12,12,12,12,12,12,12,12
62859,1,1,1988,0,0,0,0,0,0,0,0,0,10
62859,2,1,1988,0,0,0,0,0,0,0,0,0,0
62860,1,1,1988,0,0,0,0,0,0,0,0,0,0
62861,1,1,1988,0,0,0,0,0,0,0,0,0,0
62863,1,1,1988,0,0,0,0,0,0,0,0,0,0
62864,0,1,1988,0,0,0,0,0,0,0,0,0,0
62864,1,1,1988,0,12,13,6,0,0,0,0,0,0
62865,1,1,1988,17,17,17,17,17,17,17,17,17,17
62866,0,1,1988,35,35,35,35,35,35,35,35,35,35
62866,1,1,1988,0,0,0,0,0,0,0,0,0,0
62867,1,1,1988,0,0,0,0,0,0,0,0,0,0
62867,2,1,1988,0,0,0,0,0,0,0,0,0,0
62868,1,1,1988,0,0,0,0,0,0,0,0,0,0
62869,1,1,1988,0,0,0,0,0,0,0,0,0,0
62869,2,1,1988,0,0,0,0,0,0,0,0,0,0
62870,0,1,1988,0,0,0,0,0,0,0,0,0,0
62870,1,1,1988,5,0,0,0,0,0,0,0,5,0
62871,1,1,1988,0,0,0,0,0,0,0,0,0,0
62871,2,1,1988,0,0,0,0,0,0,0,0,0,0
62872,1,1,1988,11,11,11,11,11,11,11,11,11,11
62872,2,1,1988,0,0,0,0,0,0,0,0,0,0
62873,0,1,1988,0,0,0,0,0,0,0,0,0,0
62873,1,1,1988,0,0,0,0,0,0,0,0,0,0
62873,2,1,1988,0,0,0,0,0,0,0,0,0,0
62874,0,1,1988,26,26,26,26,26,26,26,26,26,26
62874,1,1,1988,3,0,0,0,0,0,0,0,0,0
62875,0,1,1988,0,0,0,0,0,0,0,0,0,0
62875,1,1,1988,0,0,0,0,0,0,0,0,0,0
62876,1,1,1988,0,0,0,0,0,0,0,0,0,0
62876,2,1,1988,0,0,0,0,0,0,0,0,0,0
62876,3,1,1988,0,0,0,0,0,0,0,0,0,0
62877,0,1,1988,0,0,0,0,0,0,0,0,0,0
62877,1,1,1988,0,0,16,0,0,0,0,0,0,0
62878,1,1,1988,14,14,14,14,14,14,14,14,14,14
62880,1,1,1988,14,14,14,14,14,14,14,14,14,14
62881,0,1,1988,0,0,0,0,0,0,0,0,0,0
62881,1,1,1988,18,18,18,18,18,18,18,18,18,18
62882,1,1,1988,0,0,0,0,0,0,0,0,0,0
62882,2,1,1988,0,0,22,24,10,0,0,15,18,0
62883,1,1,1988,0,0,0,0,0,0,0,0,0,0
62883,2,1,1988,0,0,0,0,0,0,0,0,0,0
62884,1,1,1988,0,0,0,0,0,0,0,0,0,0
62884,2,1,1988,0,0,0,0,0,0,0,0,0,0
62885,1,1,1988,4,4,4,4,4,4,4,4,4,4
62886,1,1,1988,5,5,5,5,5,5,5,5,5,5
62886,2,1,1988,5,0,0,0,0,0,0,0,0,0
62886,3,1,1988,0,0,0,0,0,0,0,0,0,0
62887,1,1,1988,0,0,0,0,0,0,0,0,0,0
62887,2,1,1988,0,0,0,0,0,0,0,13,0,0
62888,1,1,1988,0,0,0,0,0,0,0,0,0,0
62888,2,1,1988,20,20,20,20,20,20,20,20,20,20
62889,1,1,1988,0,0,0,0,0,0,0,0,0,0
62890,1,1,1988,0,0,0,0,0,0,0,0,0,0
62890,2,1,1988,0,0,0,0,0,5,0,0,0,0
62890,3,1,1988,0,0,0,0,0,0,0,0,0,0
62891,1,1,1988,0,0,0,13,0,0,0,0,0,4
62892,1,1,1988,19,19,19,19,19,19,19,19,19,19
62892,2,1,1988,0,6,0,17,0,0,0,0,0,0
62893,1,1,1988,21,21,21,21,21,21,21,21,21,21
62894,1,1,1988,11,11,11,11,11,11,11,11,11,11
62894,2,1,1988,0,0,0,0,0,0,0,0,0,0
62895,1,1,1988,19,19,19,19,19,19,19,19,19,19
62896,1,1,1988,0,0,0,0,0,0,0,0,0,0
62897,1,1,1988,6,6,6,6,6,6,6,6,6,6
62898,1,1,1988,22,22,22,22,22,22,22,22,22,22
62899,1,1,1988,22,22,22,22,22,22,22,22,22,22
62900,1,1,1988,0,0,0,0,0,0,0,0,0,0
62901,1,1,1988,0,0,0,0,0,0,0,0,0,0
62902,1,1,1988,14,14,14,14,14,14,14,14,14,14
62903,1,1,1988,0,0,0,0,0,0,0,0,0,0
62903,2,1,1988,0,9,0,0,0,0,9,0,0,0
62904,1,1,1988,9,9,9,9,9,9,9,9,9,9
62905,1,1,1988,0,0,17,0,0,0,4,0,0,0
62906,1,1,1988,22,22,22,22,22,22,22,22,22,22
62907,0,1,1988,0,0,0,0,0,0,0,0,0,0
62907,1,1,1988,7,7,22,26,17,4,14,21,0,19
62908,1,1,1988,4,4,4,4,4,4,4,4,4,4
62909,1,1,1988,0,0,0,0,0,0,0,0,0,0
62909,2,1,1988,0,0,0,0,0,0,0,0,0,0
62910,1,1,1988,6,6,6,6,6,6,6,6,6,6
62910,2,1,1988,10,10,0,0,0,0,0,0,0,0
62911,1,1,1988,0,0,0,0,0,0,0,0,0,0
62911,2,1,1988,0,0,0,0,0,0,0,0,0,0
62912,1,1,1988,28,28,28,28,28,28,28,28,28,28
62912,2,1,1988,0,0,0,0,0,0,0,0,0,0
62913,0,1,1988,0,0,0,0,0,0,0,0,0,0
62913,1,1,1988,0,0,0,0,0,0,0,0,0,0
62914,1,1,1988,19,19,19,19,19,19,19,19,19,19
62914,2,1,1988,0,0,0,0,0,0,0,0,0,0
62915,1,1,1988,17,17,17,17,17,17,17,17,17,17
62916,1,1,1988,0,0,0,0,0,0,29,0,0,0
62916,2,1,1988,0,0,0,0,0,0,0,0,0,0
62917,1,1,1988,0,0,0,0,0,0,0,0,0,0
62918,1,1,1988,0,0,0,0,15,0,0,0,0,0
62919,1,1,1988,0,0,0,0,0,0,0,0,0,0
62919,2,1,1988,0,0,0,0,0,0,0,0,0,0
62920,1,1,1988,0,0,0,0,0,0,0,0,0,0
62920,2,1,1988,0,0,0,0,0,0,0,0,0,0
62921,1,1,1988,0,0,0,0,0,0,0,0,0,0
62921,2,1,1988,0,0,0,0,0,0,0,0,0,0
62922,0,1,1988,0,0,0,0,0,0,0,0,0,0
62922,1,1,1988,3,3,3,3,3,3,3,3,3,3
62923,0,1,1988,0,0,0,0,0,0,0,0,0,0
62923,1,1,1988,37,0,34,0,19,8,0,0,0,19
62924,1,1,1988,12,12,12,12,12,12,12,12,12,12
62925,1,1,1988,19,19,19,19,19,19,19,19,19,19
62926,1,1,1988,1,1,1,1,1,1,1,1,1,1
62926,2,1,1988,0,0,0,0,0,0,0,0,0,0
62927,1,1,1988,0,0,0,0,0,14,0,0,0,0
62927,2,1,1988,14,14,14,14,14,14,14,14,14,14
62927,3,1,1988,0,0,18,0,0,0,0,0,0,0
62928,1,1,1988,0,0,0,0,0,0,0,0,0,0
62928,2,1,1988,12,12,12,12,12,12,12,12,12,12
62929,1,1,1988,0,0,0,0,0,0,0,0,0,0
62929,2,1,1988,0,0,0,0,0,0,0,0,0,5
62929,3,1,1988,0,0,0,0,0,0,0,0,0,0
62930,1,1,1988,0,0,0,10,7,0,0,0,0,19
62931,1,1,1988,0,0,0,0,0,0,0,0,0,0
62932,0,1,1988,34,34,26,14,15,0,25,15,7,22
62932,1,1,1988,0,12,0,12,0,0,21,9,0,0
62933,1,1,1988,24,24,24,24,24,24,24,24,24,24
62934,1,1,1988,0,15,0,0,5,6,11,22,0,0
62935,0,1,1988,0,0,0,0,0,0,0,0,0,0
62935,1,1,1988,5,5,5,5,5,5,5,5,5,5
62936,1,1,1988,0,0,0,0,0,0,0,0,0,0
62936,2,1,1988,0,0,0,0,15,0,0,0,0,0
62937,1,1,1988,0,0,0,0,0,0,0,0,0,0
62937,2,1,1988,0,0,0,0,0,0,0,0,0,0
62938,1,1,1988,0,0,0,0,0,0,0,0,0,0
62939,0,1,1988,0,0,0,0,0,0,0,0,0,0
62939,1,1,1988,0,0,0,0,0,0,15,0,8,0
62940,1,1,1988,0,0,19,11,24,19,0,19,7,0
62940,2,1,1988,0,0,0,0,0,0,0,0,0,0
62941,0,1,1988,0,0,0,0,0,0,0,0,0,0
62941,1,1,1988,0,0,0,0,9,0,0,0,0,0
62942,0,1,1988,35,16,17,0,25,24,21,20,31,0
62942,0,2,1988,11,16,17,25,0,16,0,0,0,0
62942,1,1,1988,13,13,13,13,13,13,13,13,13,13
62943,1,1,1988,7,7,7,7,7,7,7,7,7,7
62944,1,1,1988,0,0,0,0,0,0,0,0,0,0
62944,2,1,1988,0,0,0,0,0,0,0,0,0,0
62945,1,1,1988,5,5,5,5,5,5,5,5,5,5
62946,1,1,1988,2,2,2,2,2,2,2,2,2,2
62947,0,1,1988,0,0,0,0,0,0,0,0,0,0
62947,1,1,1988,0,0,0,0,0,0,0,0,0,0
62948,1,1,1988,0,0,0,0,0,0,0,0,0,0
62948,2,1,1988,0,0,0,0,0,0,0,0,0,0
62949,0,1,1988,0,0,0,0,0,0,0,0,0,0
62949,1,1,1988,0,0,0,0,16,0,0,0,0,0
62950,1,1,1988,0,0,0,0,0,0,0,0,0,0
62950,2,1,1988,0,0,0,0,0,0,0,0,0,0
62951,0,1,1988,25,25,25,25,25,25,25,25,25,25
62951,1,1,1988,0,0,0,0,0,0,0,11,15,0
62952,0,1,1988,0,0,0,0,0,0,0,0,0,0
62952,1,1,1988,0,17,25,5,24,8,21,13,0,13
62953,0,1,1988,26,26,26,26,26,26,26,26,26,26
62953,1,1,1988,0,0,0,0,0,0,0,0,0,17
62954,1,1,1988,22,22,22,22,22,22,22,22,22,22
62955,0,1,1988,0,0,0,0,0,0,0,0,0,0
62955,1,1,1988,12,12,12,12,12,12,12,12,12,12
62956,1,1,1988,28,28,28,28,28,28,28,28,28,28
62957,1,1,1988,7,7,7,7,7,7,7,7,7,7
62958,1,1,1988,0,0,0,0,11,0,0,0,0,0
62958,2,1,1988,12,12,12,12,12,12,12,12,12,12
62959,0,1,1988,0,0,0,0,0,0,0,0,0,0
62959,1,1,1988,0,0,0,0,0,0,0,0,0,0
62960,1,1,1988,0,0,0,0,0,0,0,0,0,0
62960,2,1,1988,0,0,0,0,0,0,0,0,0,0
62961,1,1,1988,25,25,25,25,25,25,25,25,25,25
62961,2,1,1988,0,0,0,0,0,0,0,0,0,0
62961,3,1,1988,0,0,0,0,0,0,0,0,0,0
62962,1,1,1988,16,16,16,16,16,16,16,16,16,16
62963,1,1,1988,0,0,0,0,0,0,0,0,0,0
62964,1,1,1988,0,0,0,0,0,0,0,0,0,0
62965,0,1,1988,0,0,0,0,0,0,0,0,0,0
62965,1,1,1988,0,0,0,0,0,0,0,0,0,0
62966,1,1,1988,6,6,6,6,6,6,6,6,6,6
62966,2,1,1988,0,0,0,0,0,32,0,0,0,0
62966,3,1,1988,0,0,0,0,0,0,0,0,0,0
62967,0,1,1988,0,0,0,0,0,0,0,0,0,0
62967,1,1,1988,0,0,0,0,0,0,0,0,0,0
62968,0,1,1988,25,25,25,25,25,25,25,25,25,25
62968,1,1,1988,0,0,0,0,0,12,0,14,12,0
62969,0,1,1988,0,0,0,0,0,0,0,0,0,0
62969,0,2,1988,0,0,0,0,0,0,0,0,0,0
62969,1,1,1988,15,2,0,0,0,0,0,0,13,0
62970,1,1,1988,12,12,12,12,12,12,12,12,12,12
62971,1,1,1988,20,20,20,20,20,20,20,20,20,20
62971,2,1,1988,15,15,15,15,15,15,15,15,15,15
62972,1,1,1988,15,15,15,15,15,15,15,15,15,15
62973,1,1,1988,19,19,19,19,19,19,19,19,19,19
62973,2,1,1988,0,0,0,0,0,0,0,0,0,0
62974,1,1,1988,0,0,0,0,0,0,0,0,0,0
62974,2,1,1988,0,0,0,0,0,0,0,0,0,0
62975,1,1,1988,0,0,0,0,0,0,0,0,0,0
62976,1,1,1988,0,0,0,0,0,0,0,0,0,0
62977,1,1,1988,13,13,13,13,13,13,13,13,13,13
62978,1,1,1988,27,27,27,27,27,27,27,27,27,27
62978,2,1,1988,0,0,0,0,0,0,0,0,0,0
62979,1,1,1988,0,0,0,0,0,9,0,0,0,0
62979,2,1,1988,22,22,22,22,22,22,22,22,22,22
62980,1,1,1988,0,0,0,0,0,0,0,0,0,0
62981,0,1,1988,8,8,8,8,8,8,8,8,8,8
62981,1,1,1988,0,0,0,0,0,0,0,0,0,0
62982,1,1,1988,0,0,0,0,0,0,14,17,0,0
62982,2,1,1988,12,0,0,0,0,0,0,0,0,0
62983,1,1,1988,20,20,20,20,20,20,20,20,20,20
62983,2,1,1988,0,0,0,0,0,0,0,0,0,0
62983,3,1,1988,0,0,0,0,0,0,17,0,0,0
62984,1,1,1988,16,16,16,16,16,16,16,16,16,16
62985,1,1,1988,0,0,0,0,0,0,0,0,0,0
62986,1,1,1988,0,0,0,0,0,0,0,0,0,0
62987,1,1,1988,19,19,19,19,19,19,19,19,19,19
62988,0,1,1988,25,25,25,25,25,25,25,25,25,25
62988,1,1,1988,1,1,1,1,1,1,1,1,1,1
62989,1,1,1988,13,13,13,13,13,13,13,13,13,13
62990,1,1,1988,0,0,0,0,0,0,0,0,0,0
62990,2,1,1988,24,24,24,24,24,24,24,24,24,24
62991,0,1,1988,0,0,0,0,0,0,0,0,0,0
62991,1,1,1988,0,0,0,6,0,0,0,0,0,0
62992,0,1,1988,29,29,29,29,29,29,29,29,29,29
62992,1,1,1988,18,3,0,0,0,0,0,0,0,0
62993,1,1,1988,29,29,29,29,29,29,29,29,29,29
62993,2,1,1988,0,0,0,0,0,0,0,0,0,0
62994,1,1,1988,0,0,0,0,0,0,0,0,0,0
62995,1,1,1988,0,0,0,0,0,0,0,0,0,0
62996,1,1,1988,17,17,17,17,17,17,17,17,17,17
62996,2,1,1988,17,12,18,0,0,0,0,0,0,0
62996,3,1,1988,0,0,0,0,0,0,0,0,0,0
62996,4,1,1988,0,0,0,0,0,0,0,0,0,0
62996,5,1,1988,3,3,3,3,3,3,3,3,3,3
62997,0,1,1988,20,20,20,20,20,20,20,20,20,20
62997,1,1,1988,0,0,0,0,4,0,23,6,0,0
62998,1,1,1988,0,0,0,0,0,0,0,0,0,0
62998,2,1,1988,0,0,0,0,0,0,0,0,0,0
62999,1,1,1988,11,11,11,11,11,11,11,11,11,11
63000,1,1,1988,0,0,0,0,0,0,0,0,0,0