ST_CASE,VEH_NO,PER_NO,YEAR,P1,P2,P3,P4,P5,P6,P7,P8,P9,P10
63000,2,1,1988,0,0,0,0,0,0,0,0,0,0
63001,1,1,1988,31,31,31,31,31,31,31,31,31,31
63002,1,1,1988,23,23,23,23,23,23,23,23,23,23
63003,1,1,1988,17,17,17,17,17,17,17,17,17,17
63003,2,1,1988,0,0,0,0,0,0,0,0,0,0
63004,1,1,1988,12,12,12,12,12,12,12,12,12,12
63004,2,1,1988,0,0,0,0,0,0,0,0,0,0
63005,1,1,1988,0,0,0,0,0,0,0,0,0,0
63006,0,1,1988,0,0,0,0,0,0,0,0,0,0
63006,1,1,1988,0,0,0,0,0,9,14,0,0,10
63007,1,1,1988,20,20,20,20,20,20,20,20,20,20
63008,1,1,1988,12,12,12,12,12,12,12,12,12,12
63009,1,1,1988,21,21,21,21,21,21,21,21,21,21
63010,1,1,1988,0,0,0,0,0,0,0,0,0,0
63010,2,1,1988,0,0,0,0,0,0,0,0,0,0
63011,1,1,1988,20,20,20,20,20,20,20,20,20,20
63012,1,1,1988,23,23,23,23,23,23,23,23,23,23
63012,2,1,1988,0,29,0,0,0,0,0,0,0,0
63013,0,1,1988,0,0,0,0,0,0,0,0,0,0
63013,1,1,1988,4,0,0,0,0,0,0,0,0,0
63014,1,1,1988,0,0,0,0,0,0,0,0,0,0
63014,2,1,1988,0,0,0,0,0,0,0,0,0,0
63015,1,1,1988,20,20,20,20,20,20,20,20,20,20
63016,1,1,1988,0,0,0,0,0,0,0,0,0,0
63016,2,1,1988,0,0,0,0,0,0,0,6,0,0
63017,1,1,1988,0,0,0,0,0,0,0,0,0,0
63017,2,1,1988,0,0,0,0,0,0,0,0,0,0
63018,1,1,1988,0,11,0,26,5,2,7,0,2,12
63018,2,1,1988,0,0,0,0,0,0,0,0,0,0
63019,1,1,1988,21,21,21,21,21,21,21,21,21,21
63020,1,1,1988,0,0,0,0,0,0,0,0,0,0
63020,2,1,1988,0,0,0,0,0,0,0,0,0,0
63020,3,1,1988,0,0,0,0,0,0,0,0,0,0
63020,4,1,1988,0,0,0,0,0,0,0,0,0,0
63021,1,1,1988,28,28,28,28,28,28,28,28,28,28
63021,2,1,1988,0,0,0,0,0,0,0,0,0,0
63022,1,1,1988,11,11,11,11,11,11,11,11,11,11
63023,0,1,1988,0,0,0,0,0,0,0,0,0,0
63023,1,1,1988,0,0,0,0,0,0,0,0,0,0
63024,1,1,1988,25,25,25,25,25,25,25,25,25,25
63025,1,1,1988,0,0,0,0,0,0,0,0,0,0
63026,0,1,1988,0,0,0,0,0,0,0,0,0,0
63026,1,1,1988,0,0,0,0,0,0,0,0,0,0
63027,1,1,1988,0,0,0,0,0,0,0,0,0,0
63028,0,1,1988,0,0,0,0,0,0,0,0,0,0
63028,1,1,1988,0,0,0,0,0,0,0,6,0,0
63029,1,1,1988,13,13,13,13,13,13,13,13,13,13
63029,2,1,1988,0,0,0,0,0,0,0,0,0,0
63030,1,1,1988,29,29,29,29,29,29,29,29,29,29
63030,2,1,1988,0,0,0,0,0,0,0,0,0,0
63031,0,1,1988,0,10,0,17,0,44,0,29,0,24
63031,1,1,1988,12,18,8,12,21,17,18,20,9,16
63032,1,1,1988,17,17,17,17,17,17,17,17,17,17
63032,2,1,1988,22,14,19,7,19,24,0,0,0,24
63033,1,1,1988,21,21,21,21,21,21,21,21,21,21
63033,2,1,1988,0,0,17,0,0,0,0,0,0,0
63034,1,1,1988,0,0,0,0,0,0,0,0,0,0
63034,2,1,1988,0,0,0,0,0,0,0,0,0,0
63035,1,1,1988,0,0,0,0,0,0,0,0,0,0
63036,1,1,1988,12,12,12,12,12,12,12,12,12,12
63036,2,1,1988,0,0,0,0,0,0,0,0,0,0
63037,1,1,1988,0,0,0,0,0,0,0,0,0,0
63037,2,1,1988,0,0,0,0,0,0,0,0,0,0
63038,1,1,1988,0,0,0,0,0,0,0,0,0,0
63039,1,1,1988,11,11,11,11,11,11,11,11,11,11
63039,2,1,1988,0,0,0,24,10,0,0,0,5,0
63040,1,1,1988,17,0,0,0,0,0,0,0,8,0
63041,1,1,1988,0,0,0,0,0,0,0,0,0,0
63041,2,1,1988,0,0,0,0,0,0,0,0,0,0
63042,1,1,1988,2,2,2,2,2,2,2,2,2,2
63043,1,1,1988,9,9,9,9,9,9,9,9,9,9
63044,1,1,1988,0,12,0,0,0,0,0,0,0,0
63044,2,1,1988,2,2,2,2,2,2,2,2,2,2
63045,1,1,1988,0,0,0,0,0,0,0,0,0,0
63045,2,1,1988,0,0,0,0,0,0,0,0,0,0
63046,0,1,1988,0,0,0,0,0,0,0,0,0,0
63046,1,1,1988,0,0,0,0,0,0,0,0,0,0
63047,1,1,1988,12,12,12,12,12,12,12,12,12,12
63048,1,1,1988,0,0,0,0,0,0,0,0,0,0
63048,2,1,1988,0,0,0,0,0,0,0,0,0,0
63049,1,1,1988,0,0,0,0,0,0,0,13,0,0
63050,0,1,1988,0,0,0,0,0,0,0,0,0,0
63050,1,1,1988,21,21,21,21,21,21,21,21,21,21
63051,0,1,1988,0,0,0,0,0,0,0,0,0,0
63051,1,1,1988,0,0,0,0,0,0,0,0,0,0
63052,1,1,1988,0,0,0,0,0,0,0,0,0,0
63052,2,1,1988,23,23,23,23,23,23,23,23,23,23
63053,0,1,1988,0,0,0,0,0,0,0,0,0,0
63053,1,1,1988,34,11,0,17,17,0,12,0,3,29
63054,0,1,1988,28,28,28,28,28,28,28,28,28,28
63054,1,1,1988,0,0,0,0,0,0,10,0,0,0
63055,1,1,1988,18,18,18,18,18,18,18,18,18,18
63056,1,1,1988,0,0,0,0,0,0,10,0,0,0
63056,2,1,1988,0,0,0,0,0,0,0,0,0,0
63057,1,1,1988,17,17,17,17,17,17,17,17,17,17
63057,2,1,1988,14,0,0,0,0,0,0,0,0,0
63058,1,1,1988,23,23,23,23,23,23,23,23,23,23
63058,2,1,1988,0,0,0,0,0,0,0,0,0,0
63058,3,1,1988,0,0,0,0,0,0,0,0,0,0
63059,1,1,1988,0,0,0,0,0,0,0,0,0,0
63059,2,1,1988,0,0,0,0,0,0,0,0,0,0
63060,1,1,1988,18,18,18,18,18,18,18,18,18,18
63061,1,1,1988,21,0,8,6,19,26,13,30,21,12
63062,1,1,1988,28,28,28,28,28,28,28,28,28,28
63062,2,1,1988,0,0,0,0,0,0,0,0,0,0
63063,1,1,1988,12,12,12,12,12,12,12,12,12,12
63063,2,1,1988,15,0,0,0,0,18,0,0,20,0
63064,1,1,1988,19,19,19,19,19,19,19,19,19,19
63064,2,1,1988,0,0,0,0,0,0,0,0,0,0
63065,0,1,1988,4,4,4,4,4,4,4,4,4,4
63065,1,1,1988,0,0,0,0,0,0,0,0,0,0
63066,1,1,1988,0,0,0,0,10,0,0,10,0,0
63066,2,1,1988,0,0,0,0,0,0,0,0,0,0
63067,0,1,1988,37,37,37,37,37,37,37,37,37,37
63067,1,1,1988,0,0,0,0,0,0,0,0,9,0
63068,1,1,1988,0,0,0,0,0,0,0,0,0,0
63069,1,1,1988,0,0,0,0,0,0,0,0,0,0
63070,1,1,1988,16,16,16,16,16,16,16,16,16,16
63070,2,1,1988,0,0,0,0,0,0,0,0,0,0
63071,0,1,1988,0,0,0,0,0,0,0,0,0,0
63071,1,1,1988,0,0,0,0,0,0,0,0,0,0
63072,1,1,1988,11,0,0,9,0,0,0,0,0,0
63072,2,1,1988,0,0,0,0,0,0,0,0,0,0
63073,1,1,1988,13,13,13,13,13,13,13,13,13,13
63074,1,1,1988,0,0,0,0,0,0,0,0,0,0
63074,2,1,1988,0,0,0,0,0,0,0,0,0,0
63075,0,1,1988,0,0,0,0,0,0,0,0,0,0
63075,1,1,1988,0,0,0,0,0,0,0,0,0,6
63076,0,1,1988,0,0,0,0,0,0,0,0,0,0
63076,1,1,1988,0,0,0,0,0,0,0,0,0,0
63077,1,1,1988,0,0,0,0,0,0,0,0,0,0
63077,2,1,1988,0,0,0,0,0,0,0,0,0,0
63078,0,1,1988,0,0,0,0,0,0,0,0,0,0
63078,1,1,1988,0,0,0,0,0,0,0,0,0,0
63079,0,1,1988,21,21,21,21,21,21,21,21,21,21
63079,1,1,1988,0,0,0,0,0,0,0,0,0,0
63080,0,1,1988,0,0,0,0,0,0,0,0,0,0
63080,1,1,1988,0,0,0,0,0,0,0,0,0,0
63081,1,1,1988,0,0,0,0,0,0,0,0,0,4
63082,1,1,1988,23,23,23,23,23,23,23,23,23,23
63083,0,1,1988,11,11,11,11,11,11,11,11,11,11
63083,1,1,1988,21,21,21,21,21,21,21,21,21,21
63084,1,1,1988,0,0,0,0,0,0,0,0,0,0
63085,1,1,1988,0,0,0,0,0,0,0,0,0,0
63086,1,1,1988,0,0,0,0,0,0,0,0,0,0
63087,0,1,1988,14,14,14,14,14,14,14,14,14,14
63087,1,1,1988,0,0,8,8,0,0,0,0,0,0
63088,0,1,1988,0,0,0,0,0,0,0,0,0,0
63088,1,1,1988,0,0,0,0,0,0,0,0,0,0
63089,1,1,1988,0,0,0,10,0,17,0,0,15,0
63089,2,1,1988,0,0,0,0,0,0,0,0,0,0
63090,0,1,1988,0,0,0,0,0,0,0,0,0,0
63090,1,1,1988,0,0,0,0,0,0,0,0,0,0
63091,0,1,1988,0,0,0,0,0,0,0,0,0,0
63091,1,1,1988,0,0,0,0,0,0,0,0,0,0
63091,2,1,1988,0,0,0,0,0,0,0,0,0,0
63092,1,1,1988,27,27,27,27,27,27,27,27,27,27
63093,1,1,1988,0,0,5,0,0,0,0,0,0,0
63094,0,1,1988,0,0,0,0,0,0,0,0,0,0
63094,1,1,1988,0,0,0,0,0,0,0,0,0,0
63095,0,1,1988,29,29,29,29,29,29,29,29,29,29
63095,1,1,1988,0,19,0,0,13,0,21,0,0,0
63096,1,1,1988,17,17,17,17,17,17,17,17,17,17
63096,2,1,1988,2,2,2,2,2,2,2,2,2,2
63097,0,1,1988,0,0,0,0,0,0,0,0,0,0
63097,1,1,1988,0,0,0,0,0,0,0,0,0,0
63098,1,1,1988,20,20,20,20,20,20,20,20,20,20
63098,2,1,1988,0,0,0,0,0,0,0,0,0,0
63099,1,1,1988,0,0,0,0,0,0,17,0,0,0
63099,2,1,1988,0,0,0,0,0,0,0,0,0,0
63100,1,1,1988,0,0,0,0,0,0,0,0,0,0
63100,2,1,1988,0,0,0,0,0,0,0,0,0,0
63101,1,1,1988,0,0,0,0,0,0,0,0,0,0
63102,1,1,1988,3,3,3,3,3,3,3,3,3,3
63103,1,1,1988,13,13,13,13,13,13,13,13,13,13
63103,2,1,1988,0,0,0,0,0,0,0,0,0,0
63104,1,1,1988,0,0,0,0,0,12,0,0,0,0
63105,1,1,1988,3,3,3,3,3,3,3,3,3,3
63106,1,1,1988,0,0,0,0,0,0,0,0,0,0
63106,2,1,1988,0,0,0,0,0,0,0,0,0,0
63107,1,1,1988,0,0,0,0,0,0,0,0,0,0
63108,1,1,1988,18,18,18,18,18,18,18,18,18,18
63109,1,1,1988,0,0,0,0,0,0,0,0,0,0
63110,1,1,1988,0,0,0,0,0,0,0,0,0,0
63110,2,1,1988,27,8,12,13,26,27,12,6,6,8
63111,0,1,1988,27,27,27,27,27,27,27,27,27,27
63111,1,1,1988,0,0,0,0,0,0,0,0,0,0
63112,1,1,1988,0,0,0,0,0,0,0,0,0,0
63113,1,1,1988,20,20,20,20,20,20,20,20,20,20
63113,2,1,1988,0,0,19,0,0,0,0,0,0,0
63114,1,1,1988,0,0,0,0,0,0,0,0,0,0
63115,0,1,1988,0,0,0,0,0,0,0,0,0,0
63115,1,1,1988,9,0,4,0,0,15,0,0,0,0
63116,0,1,1988,0,0,0,0,0,0,0,0,0,0
63116,1,1,1988,0,0,0,0,0,0,0,0,0,0
63117,0,1,1988,0,0,0,0,0,0,0,0,0,0
63117,1,1,1988,25,13,20,19,23,20,15,15,13,5
63118,1,1,1988,4,4,4,4,4,4,4,4,4,4
63118,2,1,1988,16,16,16,16,16,16,16,16,16,16
63119,0,1,1988,0,0,0,0,0,0,0,0,0,0
63119,1,1,1988,0,0,0,0,0,0,0,0,0,0
63120,1,1,1988,9,9,9,9,9,9,9,9,9,9
63120,2,1,1988,26,26,26,26,26,26,26,26,26,26
63121,1,1,1988,13,13,13,13,13,13,13,13,13,13
63122,0,1,1988,0,0,0,0,0,0,0,0,0,0
63122,1,1,1988,0,0,0,0,0,0,0,0,0,0
63123,1,1,1988,20,0,0,8,0,0,0,0,0,13
63123,2,1,1988,21,0,28,0,0,0,10,39,3,0
63124,0,1,1988,8,0,0,0,0,0,0,0,7,0
63124,1,1,1988,0,0,0,0,0,0,0,0,0,0
63125,1,1,1988,29,29,29,29,29,29,29,29,29,29
63126,1,1,1988,17,17,17,17,17,17,17,17,17,17
63127,1,1,1988,0,0,0,0,0,0,0,0,0,0
63128,0,1,1988,17,17,17,17,17,17,17,17,17,17
63128,1,1,1988,0,0,0,0,0,0,0,0,0,0
63128,2,1,1988,0,12,17,0,0,0,0,0,0,0
63129,0,1,1988,15,0,0,0,0,0,14,0,0,0
63129,1,1,1988,0,0,0,0,0,0,0,0,0,0
63130,0,1,1988,0,0,0,0,0,0,0,0,0,0
63130,1,1,1988,0,0,15,0,0,0,0,0,0,0
63131,1,1,1988,19,19,19,19,19,19,19,19,19,19
63131,2,1,1988,0,0,0,0,0,0,0,0,0,0
63132,1,1,1988,19,19,19,19,19,19,19,19,19,19
63132,2,1,1988,7,0,0,0,0,0,0,22,0,5
63133,1,1,1988,5,5,5,5,5,5,5,5,5,5
63133,2,1,1988,0,0,0,0,0,0,0,0,0,0
63134,1,1,1988,9,9,9,9,9,9,9,9,9,9
63135,1,1,1988,15,20,11,31,10,29,16,17,10,15
63136,1,1,1988,11,11,11,11,11,11,11,11,11,11
63137,0,1,1988,0,0,0,0,0,0,0,0,0,0
63137,1,1,1988,0,0,0,0,0,0,0,0,0,0
63138,0,1,1988,0,0,0,0,0,0,0,0,0,0
63138,1,1,1988,19,29,0,0,0,2,0,22,0,0
63139,1,1,1988,24,0,4,10,0,10,7,0,6,0
63139,2,1,1988,0,0,8,0,0,0,0,0,0,0
63140,1,1,1988,0,18,0,9,16,0,0,0,0,0
63141,1,1,1988,19,9,9,10,14,13,18,12,11,18
63141,2,1,1988,0,0,0,0,16,0,0,0,8,12
63142,1,1,1988,37,11,11,21,0,17,0,28,0,11
63142,2,1,1988,19,7,0,10,14,21,2,20,9,5
63143,1,1,1988,0,0,0,0,0,0,0,0,0,0
63143,2,1,1988,0,0,0,0,0,0,0,0,0,0
63144,0,1,1988,22,22,22,22,22,22,22,22,22,22
63145,1,1,1988,0,0,0,13,0,0,0,0,0,0
63145,2,1,1988,0,13,0,0,0,0,0,0,0,0
63146,1,1,1988,0,0,0,0,0,0,0,0,0,0
63147,1,1,1988,0,0,0,0,0,0,0,0,0,0
63147,2,1,1988,0,0,0,0,0,0,0,0,0,0
63148,0,1,1988,0,0,0,0,0,0,0,0,0,0
63148,1,1,1988,12,10,0,0,0,0,15,12,0,0
63149,1,1,1988,20,10,23,29,30,30,31,46,18,56
63150,0,1,1988,35,35,35,35,35,35,35,35,35,35
63150,1,1,1988,0,0,0,0,0,4,0,16,0,0
63151,1,1,1988,0,0,0,0,0,0,0,0,0,0
63151,2,1,1988,17,0,0,0,0,0,0,0,0,0
63152,0,1,1988,0,0,0,0,0,0,0,0,0,0
63152,1,1,1988,0,0,0,0,0,0,0,0,0,0
63153,1,1,1988,0,0,0,0,0,0,0,0,0,0
63154,0,1,1988,15,15,15,15,15,15,15,15,15,15
63154,1,1,1988,0,0,0,11,0,0,0,0,0,0
63155,1,1,1988,0,0,0,0,0,0,0,0,0,0
63155,2,1,1988,0,0,0,0,0,0,0,0,0,0
63155,3,1,1988,0,0,0,0,0,0,0,0,0,0
63156,1,1,1988,0,0,0,0,0,0,0,0,0,0
63157,0,1,1988,0,0,0,0,0,0,0,0,0,0
63157,1,1,1988,0,0,0,0,0,0,0,0,0,0
63158,1,1,1988,0,0,0,0,0,0,0,0,0,0
63158,2,1,1988,0,5,0,0,0,0,0,0,0,0
63159,1,1,1988,17,17,17,17,17,17,17,17,17,17
63160,1,1,1988,0,0,11,0,0,0,0,0,0,0
63161,1,1,1988,0,0,0,0,0,0,0,0,0,0
63161,2,1,1988,0,0,0,0,0,0,0,0,13,0
63162,0,1,1988,25,25,25,25,25,25,25,25,25,25
63162,1,1,1988,18,0,0,0,0,0,0,33,0,0
63162,2,1,1988,15,0,0,0,0,0,0,0,0,0
63163,1,1,1988,0,0,0,0,0,0,0,0,0,0
63163,2,1,1988,0,0,0,0,26,0,0,0,3,0
63164,1,1,1988,14,14,14,14,14,14,14,14,14,14
63165,1,1,1988,0,0,0,0,0,0,0,0,0,0
63165,2,1,1988,0,0,0,0,25,0,0,0,0,29
63165,3,1,1988,0,0,15,0,0,0,0,0,0,12
63166,1,1,1988,11,11,11,11,11,11,11,11,11,11
63166,2,1,1988,0,0,0,0,0,0,0,0,0,0
63167,1,1,1988,0,0,0,0,0,0,0,0,0,0
63167,2,1,1988,17,17,17,17,17,17,17,17,17,17
63168,1,1,1988,14,14,14,14,14,14,14,14,14,14
63169,1,1,1988,8,0,10,0,0,0,0,0,11,9
63169,2,1,1988,3,3,3,3,3,3,3,3,3,3
63170,1,1,1988,0,0,25,0,0,18,27,0,0,0
63171,1,1,1988,0,0,10,0,0,0,0,0,0,0
63171,2,1,1988,0,0,0,0,0,0,0,0,0,0
63172,1,1,1988,0,0,0,0,0,0,0,0,0,0
63173,0,1,1988,0,0,0,0,0,0,0,0,0,0
63173,1,1,1988,21,21,21,21,21,21,21,21,21,21
63174,1,1,1988,0,0,0,0,0,0,0,0,0,0
63174,2,1,1988,0,0,0,0,0,0,0,0,0,0
63175,0,1,1988,0,0,0,0,0,0,0,0,0,0
63175,1,1,1988,0,0,0,0,0,0,0,0,0,0
63176,0,1,1988,0,0,0,0,0,0,0,18,0,0
63176,1,1,1988,0,0,0,0,0,0,0,0,0,0
63177,2,1,1988,0,0,0,0,0,0,0,0,0,0
63178,1,1,1988,0,0,0,0,0,0,0,0,0,0
63178,2,1,1988,0,0,0,0,0,0,0,0,0,0
63179,1,1,1988,20,20,20,20,20,20,20,20,20,20
63180,0,1,1988,32,32,32,32,32,32,32,32,32,32
63180,1,1,1988,0,0,0,0,0,0,0,5,0,0
63181,1,1,1988,0,0,0,0,0,0,0,0,0,0
63181,2,1,1988,0,0,0,0,0,0,0,0,0,0
63181,3,1,1988,0,0,0,0,0,0,0,0,0,14
63182,1,1,1988,11,11,11,11,11,11,11,11,11,11
63183,1,1,1988,0,0,0,0,0,0,0,0,0,0
63183,2,1,1988,0,0,0,0,0,0,0,0,0,0
63184,1,1,1988,15,15,15,15,15,15,15,15,15,15
63185,1,1,1988,0,0,0,0,0,0,16,0,7,0
63186,0,1,1988,26,26,26,26,26,26,26,26,26,26
63186,1,1,1988,0,21,0,0,0,0,8,0,0,0
63187,1,1,1988,0,0,0,0,0,4,0,0,0,0
63188,1,1,1988,0,0,0,0,0,0,0,0,0,0
63188,2,1,1988,0,0,0,0,0,0,0,0,0,0
63189,1,1,1988,35,35,35,35,35,35,35,35,35,35
63189,2,1,1988,0,0,0,0,0,0,0,0,0,0
63189,3,1,1988,0,0,0,0,0,0,0,0,0,0
63190,1,1,1988,14,0,0,0,0,0,0,0,0,0
63191,1,1,1988,22,22,22,22,22,22,22,22,22,22
63191,2,1,1988,0,0,0,14,0,0,0,0,0,11
63192,1,1,1988,11,11,11,11,11,11,11,11,11,11
63193,1,1,1988,0,0,0,0,0,0,0,5,0,0
63194,1,1,1988,0,0,0,0,0,0,0,0,0,0
63195,0,1,1988,8,8,8,8,8,8,8,8,8,8
63195,1,1,1988,0,0,3,0,0,11,0,0,0,0
63196,0,1,1988,0,0,0,0,0,0,0,0,0,0
63196,1,1,1988,0,0,0,0,0,0,0,0,0,0
63197,0,1,1988,36,0,0,0,0,0,0,0,0,0
63197,0,2,1988,0,0,0,0,0,0,0,0,0,0
63197,1,1,1988,0,0,0,0,0,0,0,0,0,0
63198,1,1,1988,13,13,13,13,13,13,13,13,13,13
63198,2,1,1988,0,0,0,0,0,0,13,0,0,0
63199,1,1,1988,0,0,0,0,0,0,0,0,0,0
63200,1,1,1988,0,0,0,0,0,0,0,0,0,0
63200,2,1,1988,20,20,20,20,20,20,20,20,20,20
63201,1,1,1988,0,16,0,3,0,0,0,5,8,5
63202,1,1,1988,20,20,20,20,20,20,20,20,20,20
63202,2,1,1988,31,0,0,0,0,12,0,0,0,12
63203,1,1,1988,0,0,0,0,0,0,0,0,0,0
63203,2,1,1988,0,0,0,0,0,0,0,0,0,0
63204,1,1,1988,18,18,18,18,18,18,18,18,18,18
63204,2,1,1988,7,0,13,22,15,10,14,15,11,10
63205,0,1,1988,0,0,0,0,0,0,0,0,0,0
63205,1,1,1988,0,0,0,0,0,0,9,0,0,0
63206,1,1,1988,21,21,21,21,21,21,21,21,21,21
63207,1,1,1988,21,21,21,21,21,21,21,21,21,21
63207,2,1,1988,0,0,0,0,0,0,0,0,0,0
63208,1,1,1988,34,0,0,0,0,0,0,0,0,0
63208,2,1,1988,0,0,0,0,0,0,0,0,0,0
63210,1,1,1988,0,0,0,0,0,0,0,0,0,0
63210,2,1,1988,0,0,0,0,0,0,0,0,0,0
63211,1,1,1988,0,0,0,0,0,0,0,0,0,0
63213,0,1,1988,0,0,0,0,0,0,0,0,0,0
63213,1,1,1988,0,0,0,9,0,0,0,0,0,0
63214,0,1,1988,0,0,0,0,0,0,0,0,0,0
63214,1,1,1988,0,0,0,0,0,0,11,0,0,0
63215,1,1,1988,0,0,0,0,0,6,0,25,0,0
63216,1,1,1988,0,0,0,0,0,0,0,0,0,0
63217,1,1,1988,0,0,0,0,0,0,0,0,0,0
63217,2,1,1988,0,0,0,0,0,0,0,0,0,0
63217,3,1,1988,14,0,0,0,0,0,0,0,0,0
63217,4,1,1988,0,0,0,0,0,0,0,0,0,0
63218,1,1,1988,10,10,10,10,10,10,10,10,10,10
63218,2,1,1988,0,0,0,0,0,0,0,0,0,0
63218,3,1,1988,8,0,0,11,0,7,10,0,0,0
63219,0,1,1988,0,0,0,0,0,0,0,0,0,0
63219,1,1,1988,0,0,0,0,0,0,0,0,0,0
63219,2,1,1988,0,0,0,0,0,0,26,0,0,0
63219,3,1,1988,0,0,0,0,0,0,0,0,0,0
63220,1,1,1988,0,0,0,0,0,0,0,0,0,0
63221,1,1,1988,0,0,0,0,0,0,0,0,0,0
63222,1,1,1988,24,24,24,24,24,24,24,24,24,24
63222,2,1,1988,0,0,0,0,0,0,0,0,0,0
63223,1,1,1988,0,0,0,0,0,0,0,0,0,0
63223,2,1,1988,0,0,0,0,0,0,0,0,0,0
63223,3,1,1988,0,0,0,0,0,0,0,0,0,0
63223,4,1,1988,0,0,0,0,0,0,0,0,0,0
63224,1,1,1988,8,8,8,8,8,8,8,8,8,8
63224,2,1,1988,10,0,12,4,13,0,0,7,6,19
63225,1,1,1988,0,0,0,0,0,0,0,0,0,0
63225,2,1,1988,0,0,0,0,0,0,0,0,0,0
63225,3,1,1988,0,0,0,0,0,0,0,0,0,0
63226,1,1,1988,15,15,15,15,15,15,15,15,15,15
63227,1,1,1988,11,11,11,11,11,11,11,11,11,11
63228,1,1,1988,10,10,10,10,10,10,10,10,10,10
63229,1,1,1988,17,17,17,17,17,17,17,17,17,17
63229,2,1,1988,9,16,0,0,0,14,17,11,10,0
63229,3,1,1988,0,0,0,0,0,0,0,0,0,0
63230,1,1,1988,23,23,23,23,23,23,23,23,23,23
63231,1,1,1988,0,0,0,0,0,0,0,0,0,0
63232,1,1,1988,16,16,16,16,16,16,16,16,16,16
63233,1,1,1988,16,16,16,16,16,16,16,16,16,16
63234,1,1,1988,26,26,26,26,26,26,26,26,26,26
63235,1,1,1988,0,0,0,0,12,2,0,0,0,0
63236,0,1,1988,0,0,0,0,0,0,0,0,0,0
63236,1,1,1988,10,0,0,0,0,0,0,0,0,0
63237,0,1,1988,0,0,0,0,0,0,0,0,0,0
63237,0,2,1988,0,0,0,0,0,0,0,0,0,11
63237,1,1,1988,0,0,0,0,0,0,0,0,0,0
63238,1,1,1988,0,0,0,0,0,0,0,0,0,0
63239,0,1,1988,0,0,0,0,0,0,0,0,0,0
63239,1,1,1988,0,0,0,0,0,0,0,0,0,0
63240,1,1,1988,2,2,2,2,2,2,2,2,2,2
63241,1,1,1988,22,22,22,22,22,22,22,22,22,22
63241,2,1,1988,0,0,0,0,0,0,0,0,0,0
63242,1,1,1988,0,0,0,0,0,0,0,0,0,0
63242,2,1,1988,0,0,0,0,0,0,0,0,0,0
63243,1,1,1988,0,0,0,0,0,0,0,0,0,0
63243,2,1,1988,0,0,0,0,0,0,0,0,0,0
63244,1,1,1988,23,23,23,23,23,23,23,23,23,23
63244,2,1,1988,0,0,0,0,0,0,0,0,0,0
63245,0,1,1988,0,0,11,0,0,0,11,0,0,19
63245,1,1,1988,16,16,16,16,16,16,16,16,16,16
63246,1,1,1988,0,0,0,11,0,0,0,3,0,0
63246,2,1,1988,0,0,0,0,7,0,0,0,0,0
63247,1,1,1988,13,13,13,13,13,13,13,13,13,13
63247,2,1,1988,0,0,0,14,17,24,6,15,17,0
63248,1,1,1988,0,0,0,0,16,0,0,18,0,0
63249,1,1,1988,26,26,26,26,26,26,26,26,26,26
63249,2,1,1988,0,0,0,0,0,0,0,0,0,0
63250,1,1,1988,23,23,23,23,23,23,23,23,23,23
63251,1,1,1988,0,0,0,0,0,0,0,0,0,0
63252,0,1,1988,0,0,0,0,0,0,0,0,0,0
63252,1,1,1988,0,0,0,24,0,0,16,5,0,0
63252,2,1,1988,32,32,32,32,32,32,32,32,32,32
63253,0,1,1988,21,21,21,21,21,21,21,21,21,21
63253,1,1,1988,0,6,0,8,0,0,0,0,0,20
63254,1,1,1988,0,0,0,0,0,0,0,0,0,0
63254,2,1,1988,11,0,0,0,0,0,0,0,0,0
63255,1,1,1988,14,14,14,14,14,14,14,14,14,14
63255,2,1,1988,0,0,0,0,0,0,0,0,0,0
63256,1,1,1988,17,17,17,17,17,17,17,17,17,17
63256,3,1,1988,0,0,0,0,0,0,0,0,0,0
63257,1,1,1988,0,0,0,0,0,0,0,0,0,0
63257,2,1,1988,0,0,0,0,0,0,0,0,0,0
63257,3,1,1988,0,0,18,0,0,0,0,0,0,0
63258,0,1,1988,0,0,0,0,0,0,0,0,0,0
63258,1,1,1988,0,0,0,0,0,0,0,0,0,0
63259,1,1,1988,0,0,0,0,0,0,0,0,0,0
63260,1,1,1988,22,22,22,22,22,22,22,22,22,22
63261,1,1,1988,23,23,23,23,23,23,23,23,23,23
63262,1,1,1988,27,27,27,27,27,27,27,27,27,27
63262,2,1,1988,0,0,0,0,0,0,0,0,0,0
63263,1,1,1988,20,6,0,0,0,0,0,0,0,0
63263,2,1,1988,17,17,17,17,17,17,17,17,17,17
63264,1,1,1988,0,0,0,0,5,0,0,0,0,0
63264,2,1,1988,0,0,0,0,0,0,0,0,0,0
63265,0,1,1988,0,0,0,0,0,0,0,0,0,0
63265,1,1,1988,8,8,18,23,7,10,10,10,11,17
63266,1,1,1988,0,0,0,0,0,0,0,0,0,0
63267,1,1,1988,0,5,0,0,0,0,0,0,0,0
63267,2,1,1988,0,0,0,0,0,0,0,0,0,0
63268,1,1,1988,12,12,12,12,12,12,12,12,12,12
63269,0,1,1988,2,2,2,2,2,2,2,2,2,2
63269,1,1,1988,11,11,11,11,11,11,11,11,11,11
63270,0,1,1988,5,5,5,5,5,5,5,5,5,5
63270,2,1,1988,14,14,14,14,14,14,14,14,14,14
63271,0,1,1988,0,0,0,0,0,0,0,0,0,0
63271,1,1,1988,0,0,0,0,0,0,0,0,0,0
63271,2,1,1988,0,0,0,0,0,18,0,0,0,0
63272,1,1,1988,0,0,0,0,0,0,0,0,0,0
63273,0,1,1988,0,0,0,0,0,0,0,0,0,0
63273,1,1,1988,0,0,0,0,0,0,0,0,0,0
63274,0,1,1988,0,0,0,0,0,0,0,0,0,0
63274,1,1,1988,11,11,11,11,11,11,11,11,11,11
63275,1,1,1988,16,16,16,16,16,16,16,16,16,16
63275,2,1,1988,0,0,0,0,0,0,0,18,0,14
63275,3,1,1988,0,0,0,0,0,0,0,0,0,0
63276,1,1,1988,13,13,13,13,13,13,13,13,13,13