ST_CASE,VEH_NO,PER_NO,YEAR,P1,P2,P3,P4,P5,P6,P7,P8,P9,P10
63276,2,1,1988,11,11,11,11,11,11,11,11,11,11
63277,1,1,1988,3,3,3,3,3,3,3,3,3,3
63278,1,1,1988,9,9,9,9,9,9,9,9,9,9
63279,1,1,1988,29,15,2,17,5,13,21,16,8,16
63280,1,1,1988,0,0,0,0,0,0,0,0,0,0
63281,1,1,1988,21,21,21,21,21,21,21,21,21,21
63282,1,1,1988,0,0,0,0,0,0,0,0,0,0
63282,2,1,1988,0,0,0,0,0,0,0,0,0,0
63283,0,1,1988,0,0,0,0,0,0,0,0,0,0
63283,0,2,1988,0,0,0,0,0,0,0,0,0,0
63283,1,1,1988,0,0,0,0,0,0,0,0,0,0
63284,1,1,1988,0,0,0,0,0,0,0,0,0,0
63284,2,1,1988,0,0,0,0,0,0,0,0,0,0
63285,1,1,1988,0,0,0,0,0,0,0,0,0,0
63285,2,1,1988,0,0,0,0,0,0,0,0,0,0
63286,0,1,1988,0,0,0,0,0,0,0,0,0,0
63286,1,1,1988,0,2,0,0,0,0,0,0,0,0
63287,1,1,1988,0,0,0,0,0,0,0,0,0,0
63287,2,1,1988,0,0,0,0,0,0,0,0,0,0
63288,1,1,1988,16,16,16,16,16,16,16,16,16,16
63289,1,1,1988,16,16,16,16,16,16,16,16,16,16
63290,0,1,1988,25,25,25,25,25,25,25,25,25,25
63290,1,1,1988,0,0,0,18,0,0,20,33,0,0
63291,1,1,1988,19,19,19,19,19,19,19,19,19,19
63291,2,1,1988,0,0,0,0,0,0,0,0,0,0
63292,1,1,1988,10,10,10,10,10,10,10,10,10,10
63293,1,1,1988,0,0,0,0,0,0,0,0,0,0
63293,2,1,1988,4,4,4,4,4,4,4,4,4,4
63294,1,1,1988,23,23,23,23,23,23,23,23,23,23
63295,1,1,1988,21,21,21,21,21,21,21,21,21,21
63296,1,1,1988,15,14,0,24,28,0,27,22,20,14
63296,2,1,1988,0,0,0,0,0,0,0,0,0,0
63297,1,1,1988,0,0,0,0,0,0,0,0,0,0
63297,2,1,1988,0,0,0,0,0,0,0,0,0,0
63298,1,1,1988,0,0,0,0,0,0,0,0,0,0
63299,1,1,1988,0,0,0,0,0,0,0,0,0,0
63299,2,1,1988,0,0,0,0,0,0,0,0,0,0
63300,1,1,1988,18,18,18,18,18,18,18,18,18,18
63300,2,1,1988,10,10,10,10,10,10,10,10,10,10
63301,0,1,1988,0,0,0,0,0,0,0,0,0,0
63301,1,1,1988,0,0,0,0,0,0,0,0,0,0
63302,1,1,1988,0,0,0,0,0,0,0,0,0,0
63303,1,1,1988,0,0,0,0,0,0,0,0,0,0
63304,0,1,1988,0,0,0,0,0,0,0,0,0,0
63304,1,1,1988,16,16,16,16,16,16,16,16,16,16
63305,1,1,1988,0,0,0,0,0,0,0,0,0,0
63306,1,1,1988,24,24,24,24,24,24,24,24,24,24
63307,1,1,1988,14,14,14,14,14,14,14,14,14,14
63308,1,1,1988,0,0,0,0,10,10,0,29,0,0
63309,0,1,1988,0,0,12,16,0,41,0,0,36,0
63309,0,2,1988,0,0,0,0,0,0,0,0,0,0
63309,1,1,1988,13,13,13,13,13,13,13,13,13,13
63309,2,1,1988,0,0,0,0,0,16,0,0,5,0
63309,3,1,1988,0,0,0,0,0,0,0,0,0,0
63310,0,1,1988,0,0,0,0,0,0,0,0,0,0
63310,0,2,1988,0,0,13,24,19,0,9,5,0,0
63310,1,1,1988,0,0,0,0,14,0,0,0,0,0
63311,1,1,1988,28,28,28,28,28,28,28,28,28,28
63312,1,1,1988,0,0,0,0,0,0,0,0,0,0
63312,2,1,1988,0,0,0,0,0,0,0,0,0,0
63312,3,1,1988,0,0,0,0,0,0,0,0,0,0
63312,4,1,1988,0,0,0,0,0,0,0,0,4,0
63313,1,1,1988,0,0,0,0,0,0,0,0,0,0
63313,2,1,1988,0,0,0,0,0,25,0,0,0,0
63313,3,1,1988,0,0,0,0,0,0,0,0,0,0
63314,0,1,1988,0,0,0,0,0,0,0,0,0,0
63314,1,1,1988,0,0,0,0,0,0,0,0,0,0
63315,1,1,1988,0,0,0,0,0,0,0,0,0,0
63316,1,1,1988,14,14,14,14,14,14,14,14,14,14
63316,2,1,1988,0,0,0,0,0,0,0,0,16,0
63317,1,1,1988,0,0,0,0,0,0,22,4,0,0
63318,1,1,1988,0,0,0,0,0,0,0,0,0,0
63319,1,1,1988,0,0,0,0,0,0,0,0,0,0
63320,1,1,1988,3,3,3,3,3,3,3,3,3,3
63321,1,1,1988,0,0,0,0,0,0,0,0,0,0
63322,0,1,1988,0,0,24,27,17,15,52,0,22,0
63322,1,1,1988,0,0,0,0,0,0,0,8,0,0
63323,0,1,1988,33,33,33,33,33,33,33,33,33,33
63323,1,1,1988,0,0,0,0,0,0,0,0,0,0
63324,1,1,1988,19,19,19,19,19,19,19,19,19,19
63324,2,1,1988,12,12,12,12,12,12,12,12,12,12
63325,1,1,1988,0,0,0,0,0,0,0,0,0,0
63326,1,1,1988,10,10,10,10,10,10,10,10,10,10
63327,1,1,1988,15,15,15,15,15,15,15,15,15,15
63328,0,1,1988,0,0,0,0,0,0,0,0,0,0
63328,1,1,1988,24,0,0,9,9,0,0,16,0,0
63329,1,1,1988,1,1,1,1,1,1,1,1,1,1
63329,2,1,1988,0,8,0,0,0,0,0,0,0,0
63330,1,1,1988,2,2,2,2,2,2,2,2,2,2
63330,2,1,1988,0,0,0,0,0,0,0,0,0,13
63331,1,1,1988,0,0,0,0,0,0,0,0,0,0
63331,2,1,1988,0,0,0,0,0,0,0,0,0,0
63332,0,1,1988,0,0,0,0,0,0,0,0,0,0
63332,1,1,1988,6,16,12,5,7,12,0,9,0,0
63333,0,1,1988,11,8,0,25,26,0,0,0,6,0
63333,1,1,1988,0,13,0,0,11,6,7,0,0,0
63334,1,1,1988,0,0,0,0,0,0,0,0,0,0
63335,0,1,1988,20,20,20,20,20,20,20,20,20,20
63335,1,1,1988,22,0,5,0,21,0,14,0,0,18
63336,1,1,1988,33,33,33,33,33,33,33,33,33,33
63337,0,1,1988,25,25,25,25,25,25,25,25,25,25
63337,1,1,1988,0,3,42,0,18,0,0,0,8,11
63338,1,1,1988,2,2,2,2,2,2,2,2,2,2
63339,1,1,1988,0,0,0,0,0,0,0,0,0,0
63339,2,1,1988,0,0,0,0,0,0,0,0,0,0
63340,1,1,1988,7,7,7,7,7,7,7,7,7,7
63340,2,1,1988,0,0,0,0,0,0,0,0,0,0
63341,1,1,1988,0,0,0,0,0,0,0,0,0,0
63341,2,1,1988,0,0,0,0,0,0,0,0,0,0
63341,3,1,1988,0,0,0,0,0,0,0,0,0,0
63341,4,1,1988,23,0,27,0,0,0,0,12,18,18
63342,0,1,1988,0,48,9,10,12,0,0,0,0,0
63342,1,1,1988,14,14,14,14,14,14,14,14,14,14
63343,1,1,1988,9,9,9,9,9,9,9,9,9,9
63344,1,1,1988,21,21,21,21,21,21,21,21,21,21
63344,2,1,1988,0,0,0,0,0,0,0,0,0,0
63345,1,1,1988,0,0,0,0,0,0,0,0,0,0
63345,2,1,1988,0,0,0,0,0,0,0,0,0,0
63346,1,1,1988,25,25,25,25,25,25,25,25,25,25
63347,1,1,1988,23,23,23,23,23,23,23,23,23,23
63348,1,1,1988,0,0,0,0,0,0,0,0,0,0
63349,1,1,1988,28,28,28,28,28,28,28,28,28,28
63350,1,1,1988,2,2,2,2,2,2,2,2,2,2
63351,0,1,1988,16,16,16,16,16,16,16,16,16,16
63351,1,1,1988,12,4,22,12,5,32,8,17,22,10
63352,1,1,1988,22,22,22,22,22,22,22,22,22,22
63353,0,1,1988,46,46,46,46,46,46,46,46,46,46
63353,1,1,1988,0,0,0,0,0,0,0,0,0,0
63354,1,1,1988,0,0,0,0,0,0,0,0,0,0
63354,2,1,1988,0,0,0,0,0,0,0,0,0,0
63355,1,1,1988,0,0,0,0,0,0,0,0,0,0
63355,2,1,1988,0,0,0,0,0,0,0,0,0,0
63356,1,1,1988,0,11,0,7,17,32,0,10,0,0
63357,1,1,1988,23,23,23,23,23,23,23,23,23,23
63358,1,1,1988,0,0,0,0,0,0,0,0,0,0
63358,2,1,1988,0,0,0,0,0,0,0,0,0,0
63359,1,1,1988,25,25,25,25,25,25,25,25,25,25
63360,1,1,1988,23,23,23,23,23,23,23,23,23,23
63361,1,1,1988,0,0,0,0,0,0,0,0,0,0
63362,0,1,1988,0,13,25,34,26,0,16,0,0,0
63362,1,1,1988,0,0,0,0,9,9,0,0,0,0
63363,1,1,1988,13,13,13,13,13,13,13,13,13,13
63364,1,1,1988,0,0,5,0,0,0,0,0,0,0
63364,2,1,1988,0,0,0,0,0,0,0,0,0,0
63365,1,1,1988,0,0,0,0,0,0,0,0,0,0
63365,2,1,1988,0,0,0,0,0,0,0,0,0,0
63366,1,1,1988,17,17,17,17,17,17,17,17,17,17
63366,2,1,1988,0,0,0,0,0,21,0,0,0,0
63367,0,1,1988,0,0,0,0,0,0,0,0,0,0
63367,1,1,1988,0,0,0,0,20,19,0,0,0,0
63368,1,1,1988,0,0,0,0,0,0,0,0,0,0
63369,1,1,1988,2,2,2,2,2,2,2,2,2,2
63370,1,1,1988,27,27,27,27,27,27,27,27,27,27
63370,2,1,1988,4,0,0,0,0,0,0,0,0,0
63371,1,1,1988,17,17,17,17,17,17,17,17,17,17
63372,0,1,1988,0,0,0,0,0,0,0,0,0,0
63372,1,1,1988,24,0,21,0,0,0,11,0,0,0
63373,1,1,1988,0,0,0,0,0,0,0,0,0,0
63373,2,1,1988,0,0,0,0,0,0,0,0,0,0
63373,3,1,1988,0,0,0,0,0,0,0,0,0,0
63374,1,1,1988,8,8,8,8,8,8,8,8,8,8
63374,2,1,1988,0,0,0,0,0,0,0,0,0,0
63375,1,1,1988,0,0,0,0,0,0,0,0,0,0
63376,1,1,1988,0,0,0,0,0,0,0,0,0,0
63377,1,1,1988,0,0,19,0,0,0,0,0,0,0
63378,1,1,1988,0,0,0,0,0,0,0,0,0,0
63378,2,1,1988,0,0,0,0,0,0,0,0,0,0
63379,1,1,1988,0,0,0,0,0,0,0,0,0,0
63380,0,1,1988,0,0,0,0,0,0,0,0,0,0
63380,1,1,1988,25,25,25,25,25,25,25,25,25,25
63381,1,1,1988,28,28,28,28,28,28,28,28,28,28
63382,1,1,1988,26,26,26,26,26,26,26,26,26,26
63383,1,1,1988,14,14,14,14,14,14,14,14,14,14
63384,1,1,1988,0,6,0,0,0,0,0,0,0,0
63384,2,1,1988,0,0,0,0,0,0,0,2,0,0
63385,1,1,1988,18,18,18,18,18,18,18,18,18,18
63385,2,1,1988,0,0,15,11,0,0,0,0,7,0
63386,1,1,1988,0,0,0,0,0,0,0,0,0,0
63387,1,1,1988,9,9,9,9,9,9,9,9,9,9
63388,1,1,1988,0,0,15,0,0,0,0,0,0,0
63388,2,1,1988,28,28,28,28,28,28,28,28,28,28
63389,1,1,1988,0,0,0,0,0,0,0,0,0,0
63389,2,1,1988,0,0,0,0,0,0,0,0,0,0
63390,1,1,1988,0,0,0,0,0,0,0,0,0,0
63390,2,1,1988,0,0,0,0,0,0,0,19,0,0
63391,1,1,1988,7,7,7,7,7,7,7,7,7,7
63392,1,1,1988,0,0,0,0,0,0,0,0,0,0
63393,1,1,1988,0,0,0,0,0,0,0,0,0,0
63393,2,1,1988,0,0,0,0,0,0,0,0,0,0
63394,0,1,1988,3,3,3,3,3,3,3,3,3,3
63394,1,1,1988,22,22,22,22,22,22,22,22,22,22
63395,1,1,1988,0,0,0,0,0,0,0,0,0,0
63395,2,1,1988,0,0,0,0,0,0,0,0,0,0
63396,1,1,1988,0,16,9,0,0,0,0,0,0,0
63396,2,1,1988,0,0,0,0,0,0,0,0,0,0
63397,1,1,1988,0,0,0,0,0,0,0,0,0,0
63397,2,1,1988,0,0,0,0,0,0,0,0,0,0
63397,3,1,1988,0,0,0,0,0,0,0,0,0,0
63398,1,1,1988,15,15,15,15,15,15,15,15,15,15
63399,1,1,1988,17,17,17,17,17,17,17,17,17,17
63399,2,1,1988,0,0,13,0,0,0,0,0,0,0
63400,1,1,1988,5,5,5,5,5,5,5,5,5,5
63400,2,1,1988,10,10,10,10,10,10,10,10,10,10
63401,1,1,1988,0,0,0,0,0,0,0,0,0,0
63401,2,1,1988,0,0,0,0,0,0,0,0,0,0
63402,1,1,1988,0,0,0,0,0,0,0,0,0,0
63402,2,1,1988,17,17,17,17,17,17,17,17,17,17
63403,1,1,1988,0,0,0,0,0,0,0,0,0,0
63403,2,1,1988,0,0,0,0,0,0,0,0,0,0
63404,1,1,1988,21,21,21,21,21,21,21,21,21,21
63404,2,1,1988,0,0,0,0,0,0,0,0,0,0
63405,0,1,1988,0,0,0,0,0,0,0,0,0,0
63405,1,1,1988,0,0,0,0,0,0,0,0,0,0
63406,1,1,1988,0,0,0,0,0,0,0,0,0,0
63406,2,1,1988,0,0,0,0,0,0,0,0,0,0
63407,1,1,1988,17,17,17,17,17,17,17,17,17,17
63408,1,1,1988,18,14,0,0,0,0,0,0,0,0
63409,1,1,1988,0,0,0,0,0,0,0,0,0,0
63410,1,1,1988,0,0,0,0,0,0,0,0,0,0
63410,2,1,1988,0,0,0,0,0,0,0,0,0,0
63411,1,1,1988,0,0,0,0,0,0,0,0,0,0
63412,1,1,1988,5,5,5,5,5,5,5,5,5,5
63413,1,1,1988,18,18,18,18,18,18,18,18,18,18
63414,1,1,1988,19,19,19,19,19,19,19,19,19,19
63415,1,1,1988,12,12,12,12,12,12,12,12,12,12
63416,1,1,1988,0,0,0,0,0,0,0,0,0,0
63416,2,1,1988,0,0,0,0,0,0,0,0,0,0
63417,1,1,1988,0,0,0,0,0,0,0,0,0,0
63418,1,1,1988,66,66,66,66,66,66,66,66,66,66
63418,2,1,1988,0,0,0,0,0,0,0,0,0,0
63419,1,1,1988,26,26,26,26,26,26,26,26,26,26
63420,1,1,1988,7,7,7,7,7,7,7,7,7,7
63421,0,1,1988,11,11,11,11,11,11,11,11,11,11
63421,1,1,1988,10,0,0,0,0,0,0,6,14,0
63422,1,1,1988,18,18,18,18,18,18,18,18,18,18
63423,1,1,1988,15,15,15,15,15,15,15,15,15,15
63424,1,1,1988,13,10,8,24,5,0,16,0,14,0
63425,0,1,1988,0,0,0,0,0,0,0,26,0,0
63425,1,1,1988,0,0,0,0,0,0,0,0,0,0
63426,1,1,1988,0,0,0,0,0,0,0,0,0,0
63427,1,1,1988,0,0,0,0,0,22,0,0,0,0
63427,2,1,1988,0,0,0,0,0,0,0,0,0,0
63428,1,1,1988,0,0,0,0,0,0,0,0,0,0
63428,3,1,1988,0,0,0,0,0,0,0,0,0,0
63429,1,1,1988,0,0,0,0,7,0,0,0,0,0
63429,2,1,1988,0,0,0,0,0,0,0,0,0,0
63430,0,1,1988,30,30,30,30,30,30,30,30,30,30
63430,1,1,1988,0,0,17,33,0,0,0,0,0,7
63431,0,1,1988,2,2,2,2,2,2,2,2,2,2
63431,1,1,1988,9,0,37,0,7,0,0,0,8,5
63432,1,1,1988,12,0,0,0,23,22,0,16,7,0
63432,2,1,1988,0,0,0,0,0,0,0,0,0,0
63433,1,1,1988,0,0,0,0,0,0,0,0,0,0
63433,2,1,1988,2,2,2,2,2,2,2,2,2,2
63434,1,1,1988,0,0,0,0,0,0,0,0,0,0
63434,2,1,1988,0,0,0,0,0,0,0,0,0,0
63435,1,1,1988,0,0,0,0,0,0,0,0,0,0
63435,2,1,1988,0,0,0,0,0,0,0,0,0,0
63435,3,1,1988,0,0,0,17,0,0,0,0,0,0
63435,4,1,1988,0,0,0,0,0,0,0,0,0,0
63436,1,1,1988,0,0,0,0,0,0,0,0,0,0
63436,2,1,1988,0,0,0,0,0,0,0,0,0,0
63437,0,1,1988,0,0,0,0,0,0,0,0,0,0
63437,1,1,1988,0,16,0,0,0,0,0,0,0,0
63438,0,1,1988,0,0,0,0,0,0,0,0,0,0
63438,1,1,1988,0,0,0,0,0,0,0,0,0,0
63439,0,1,1988,0,0,0,0,0,0,0,0,0,0
63439,1,1,1988,0,0,0,0,0,0,0,0,0,0
63440,1,1,1988,28,16,0,13,35,10,20,15,19,0
63440,2,1,1988,0,0,0,0,0,0,0,0,0,0
63441,0,1,1988,0,0,25,10,0,11,20,0,23,0
63441,1,1,1988,28,0,12,0,0,0,0,0,0,0
63441,2,1,1988,0,0,0,0,26,4,0,0,0,0
63442,1,1,1988,10,10,10,10,10,10,10,10,10,10
63443,1,1,1988,0,0,0,0,0,0,0,0,0,0
63444,1,1,1988,0,0,0,0,0,4,0,0,0,0
63444,2,1,1988,0,0,0,0,0,0,0,0,0,0
63445,0,1,1988,0,0,0,0,0,0,0,0,0,0
63445,1,1,1988,0,0,0,8,0,10,0,0,0,0
63445,2,1,1988,0,0,0,0,0,0,0,0,0,0
63446,1,1,1988,0,0,0,0,0,0,3,0,0,0
63446,2,1,1988,18,18,18,18,18,18,18,18,18,18
63447,0,1,1988,8,8,8,8,8,8,8,8,8,8
63447,1,1,1988,0,0,0,0,4,0,0,0,0,0
63448,0,1,1988,0,0,0,0,0,0,0,0,0,0
63448,1,1,1988,0,0,0,0,0,0,0,0,0,0
63449,0,1,1988,0,0,0,0,0,0,0,0,0,0
63449,1,1,1988,0,0,0,0,0,0,0,0,0,0
63450,1,1,1988,26,26,26,26,26,26,26,26,26,26
63451,1,1,1988,0,0,0,0,0,0,0,0,0,0
63451,2,1,1988,0,0,0,0,0,0,0,0,0,0
63452,1,1,1988,0,0,0,0,0,0,0,0,0,0
63452,2,1,1988,0,0,0,0,0,0,0,0,0,0
63453,1,1,1988,0,0,0,0,0,0,0,0,0,0
63453,2,1,1988,0,0,0,0,0,0,0,0,0,0
63454,1,1,1988,25,25,25,25,25,25,25,25,25,25
63455,1,1,1988,0,0,0,0,0,0,0,0,0,0
63455,2,1,1988,0,0,0,0,0,0,0,0,0,0
63456,0,1,1988,17,17,17,17,17,17,17,17,17,17
63456,1,1,1988,0,0,0,0,0,0,0,0,0,0
63457,1,1,1988,0,1,19,11,14,18,27,12,6,0
63458,0,1,1988,14,14,14,14,14,14,14,14,14,14
63458,1,1,1988,0,0,0,0,0,0,0,0,0,0
63459,0,1,1988,0,0,0,0,0,0,0,0,0,0
63459,1,1,1988,0,0,0,0,0,0,0,0,0,0
63460,0,1,1988,0,0,0,0,0,0,0,0,0,0
63460,1,1,1988,0,0,0,0,0,0,0,0,0,0
63461,0,1,1988,0,0,0,0,0,0,0,0,0,0
63461,1,1,1988,0,0,0,0,4,0,0,0,24,0
63462,1,1,1988,0,0,0,0,0,0,0,0,0,0
63462,2,1,1988,0,20,0,0,9,0,0,0,0,0
63463,1,1,1988,0,0,0,0,0,0,0,0,0,0
63464,0,1,1988,0,0,0,0,0,0,0,0,0,0
63464,1,1,1988,0,0,0,0,0,0,0,0,0,0
63465,0,1,1988,4,4,4,4,4,4,4,4,4,4
63465,1,1,1988,0,0,0,0,0,0,0,0,0,0
63466,1,1,1988,0,0,0,0,0,0,0,0,0,0
63466,2,1,1988,0,0,0,0,0,0,0,0,0,0
63467,1,1,1988,22,22,22,22,22,22,22,22,22,22
63467,2,1,1988,0,0,0,0,8,0,0,4,0,0
63468,1,1,1988,0,0,0,0,0,0,0,0,0,0
63469,1,1,1988,38,38,38,38,38,38,38,38,38,38
63470,1,1,1988,0,0,0,0,0,0,0,0,0,0
63471,1,1,1988,0,0,0,0,0,0,0,0,0,0
63472,1,1,1988,0,0,0,0,0,0,0,0,0,0
63472,2,1,1988,0,0,0,0,0,0,0,0,0,0
63472,3,1,1988,0,25,12,0,0,0,0,0,0,0
63473,1,1,1988,0,0,0,0,0,0,0,0,0,0
63474,1,1,1988,0,0,0,0,0,0,0,0,0,0
63475,1,1,1988,0,0,3,0,0,0,0,0,0,14
63476,1,1,1988,0,0,0,0,0,0,0,0,0,0
63477,0,1,1988,0,0,0,0,0,0,0,0,0,0
63477,1,1,1988,8,0,0,0,0,0,0,6,0,0
63478,1,1,1988,10,10,10,10,10,10,10,10,10,10
63479,1,1,1988,0,0,0,0,0,0,0,0,0,0
63480,1,1,1988,13,13,13,13,13,13,13,13,13,13
63480,2,1,1988,0,0,0,0,0,0,0,0,0,0
63480,3,1,1988,0,0,0,0,0,0,0,0,0,10
63481,1,1,1988,0,0,0,0,0,0,0,0,0,0
63481,2,1,1988,0,0,0,0,0,0,0,0,0,0
63482,0,1,1988,0,0,0,0,0,0,0,0,0,0
63482,1,1,1988,0,0,0,0,0,0,0,0,0,0
63483,1,1,1988,0,0,0,0,0,0,0,0,0,0
63483,2,1,1988,0,0,0,0,0,0,0,0,0,0
63484,1,1,1988,0,0,0,7,0,0,0,0,0,0
63484,2,1,1988,0,0,0,0,0,0,0,0,0,0
63485,1,1,1988,0,0,0,0,0,0,0,0,0,0
63485,2,1,1988,0,0,0,0,0,0,0,0,0,0
63486,1,1,1988,0,0,0,0,0,0,0,0,0,0
63486,2,1,1988,0,0,0,0,0,0,0,0,0,0
63487,0,1,1988,0,0,0,0,0,0,0,0,0,0
63487,1,1,1988,0,0,0,0,0,0,0,0,5,0
63488,0,1,1988,0,0,0,0,0,0,0,0,0,0
63488,1,1,1988,0,0,0,0,0,0,0,0,0,0
63488,2,1,1988,0,18,0,0,0,0,0,0,0,0
63489,1,1,1988,14,14,14,14,14,14,14,14,14,14
63490,1,1,1988,11,11,11,11,11,11,11,11,11,11
63491,1,1,1988,0,0,0,0,0,0,0,0,0,0
63492,1,1,1988,17,17,17,17,17,17,17,17,17,17
63493,1,1,1988,16,16,16,16,16,16,16,16,16,16
63494,1,1,1988,1,1,1,1,1,1,1,1,1,1
63495,1,1,1988,23,23,23,23,23,23,23,23,23,23
63495,2,1,1988,0,0,0,0,0,0,0,0,0,0
63496,1,1,1988,0,0,0,0,0,13,0,22,0,0
63496,2,1,1988,0,0,0,0,0,0,0,0,0,0
63496,3,1,1988,12,12,12,12,12,12,12,12,12,12
63496,4,1,1988,0,0,0,0,0,0,0,0,0,0
63496,5,1,1988,0,0,0,0,0,0,0,0,0,0
63497,1,1,1988,22,22,22,22,22,22,22,22,22,22
63498,0,1,1988,11,11,11,11,11,11,11,11,11,11
63498,1,1,1988,4,4,4,4,4,4,4,4,4,4
63499,1,1,1988,24,24,24,24,24,24,24,24,24,24
63500,1,1,1988,5,5,5,5,5,5,5,5,5,5
63501,1,1,1988,25,25,25,25,25,25,25,25,25,25
63501,2,1,1988,0,0,0,0,0,0,0,0,0,0
63502,1,1,1988,14,14,14,14,14,14,14,14,14,14
63503,1,1,1988,0,0,0,0,0,0,0,0,0,0
63504,1,1,1988,22,22,22,22,22,22,22,22,22,22
63505,0,1,1988,0,0,0,0,0,0,0,0,0,0
63505,1,1,1988,0,0,0,0,0,0,0,0,0,0
63506,0,1,1988,34,0,0,0,12,0,16,0,0,0
63506,0,2,1988,19,38,10,16,20,0,22,16,0,20
63506,1,1,1988,20,20,20,20,20,20,20,20,20,20
63507,1,1,1988,25,25,25,25,25,25,25,25,25,25
63507,2,1,1988,2,0,0,0,0,0,0,22,0,0
63508,1,1,1988,20,20,20,20,20,20,20,20,20,20
63509,1,1,1988,11,11,11,11,11,11,11,11,11,11
63509,2,1,1988,0,0,0,0,0,0,0,0,0,0
63510,1,1,1988,0,0,0,0,0,0,18,0,0,0
63510,2,1,1988,0,0,0,0,0,16,0,0,0,0
63511,1,1,1988,0,0,0,0,0,8,0,0,0,0
63511,2,1,1988,0,0,0,0,0,0,0,0,0,0
63512,1,1,1988,24,24,24,24,24,24,24,24,24,24
63512,2,1,1988,0,0,0,0,0,0,0,0,0,0
63513,1,1,1988,0,0,0,0,0,0,0,0,0,0
63513,2,1,1988,0,0,0,0,20,5,0,0,0,0
63514,1,1,1988,14,14,14,14,14,14,14,14,14,14
63515,1,1,1988,19,19,19,19,19,19,19,19,19,19
63515,2,1,1988,13,13,13,13,13,13,13,13,13,13
63516,0,1,1988,5,5,5,5,5,5,5,5,5,5
63516,1,1,1988,18,18,18,18,18,18,18,18,18,18
63517,1,1,1988,8,8,8,8,8,8,8,8,8,8
63517,2,1,1988,0,0,0,0,0,0,0,0,11,0
63517,3,1,1988,0,0,0,16,0,10,0,0,0,0
63518,1,1,1988,0,0,0,0,0,0,0,0,0,0
63519,1,1,1988,16,16,16,16,16,16,16,16,16,16
63519,2,1,1988,0,0,0,0,15,0,0,0,0,0
63520,1,1,1988,4,4,4,4,4,4,4,4,4,4
63520,2,1,1988,0,0,0,0,0,0,0,0,0,0
63521,1,1,1988,0,0,0,0,0,0,0,0,0,0
63521,2,1,1988,0,0,0,0,0,0,0,0,0,0
63522,1,1,1988,0,0,0,0,0,0,0,0,0,0
63523,1,1,1988,0,0,0,0,0,0,0,0,0,0
63523,2,1,1988,0,0,0,0,0,0,0,0,0,0
63523,3,1,1988,0,0,0,0,0,0,0,0,0,0
63524,1,1,1988,11,0,24,20,8,13,34,14,22,7
63525,0,1,1988,0,0,0,0,0,0,0,0,0,0
63525,1,1,1988,0,0,0,0,0,0,0,0,0,0
63526,0,1,1988,11,11,11,11,11,11,11,11,11,11
63526,1,1,1988,0,0,0,0,0,0,0,0,0,0
63527,1,1,1988,21,21,21,21,21,21,21,21,21,21
63528,0,1,1988,26,26,26,26,26,26,26,26,26,26
63528,1,1,1988,0,0,0,0,0,0,0,0,0,0
63529,1,1,1988,0,0,0,0,0,0,0,0,0,0
63530,0,1,1988,0,0,0,0,0,0,0,0,0,0
63530,1,1,1988,0,0,0,0,0,0,18,0,0,0
63531,0,1,1988,12,12,12,12,12,12,12,12,12,12
63531,1,1,1988,2,2,2,2,2,2,2,2,2,2
63532,1,1,1988,22,22,22,22,22,22,22,22,22,22
63533,0,1,1988,0,0,0,0,0,0,0,0,0,0
63533,1,1,1988,0,0,0,0,0,0,0,0,0,0
63533,2,1,1988,10,21,0,14,0,0,0,0,0,0
63534,1,1,1988,0,0,0,0,0,0,0,0,0,0
63534,2,1,1988,0,0,0,0,0,0,0,0,0,0
63535,1,1,1988,20,20,20,20,20,20,20,20,20,20
63535,2,1,1988,0,0,0,0,0,0,0,0,0,0
63536,1,1,1988,22,22,22,22,22,22,22,22,22,22
63537,1,1,1988,1,1,1,1,1,1,1,1,1,1
63538,1,1,1988,20,20,20,20,20,20,20,20,20,20
63539,1,1,1988,21,21,21,21,21,21,21,21,21,21
63540,1,1,1988,0,0,0,0,0,0,0,0,0,0
63541,1,1,1988,9,9,9,9,9,9,9,9,9,9
63541,2,1,1988,0,0,0,0,0,0,0,0,0,0
63542,1,1,1988,0,8,0,0,0,0,0,0,0,0
63542,2,1,1988,0,0,0,0,0,0,0,0,0,0
63543,1,1,1988,0,0,0,0,0,0,0,0,0,0
63544,0,1,1988,0,0,0,0,0,0,0,0,0,0
63544,1,1,1988,0,0,0,0,0,0,0,0,0,0
63545,0,1,1988,13,13,13,13,13,13,13,13,13,13
63545,1,1,1988,18,0,0,0,0,0,0,0,0,0
63546,1,1,1988,0,0,0,0,0,0,0,7,0,0
63546,2,1,1988,0,0,0,0,0,0,0,0,0,0
63547,1,1,1988,0,0,0,0,0,0,0,0,0,0
63548,1,1,1988,0,0,0,0,0,0,0,0,0,0
63548,2,1,1988,0,0,0,0,0,0,0,0,0,0
63549,1,1,1988,0,0,0,0,0,0,0,0,0,0
63550,1,1,1988,22,22,22,22,22,22,22,22,22,22
63550,2,1,1988,0,0,0,0,0,0,0,0,0,0
63551,1,1,1988,0,0,0,0,0,0,21,0,0,0
63552,1,1,1988,0,0,0,0,0,0,0,0,0,0
63553,0,1,1988,0,0,0,0,0,0,0,0,0,0
63553,1,1,1988,0,0,0,0,0,0,0,0,0,0
63554,1,1,1988,0,0,0,0,0,0,0,0,0,0
63554,2,1,1988,0,0,0,0,0,0,0,0,0,0
63555,1,1,1988,0,0,0,0,0,0,0,0,0,0
63556,0,1,1988,9,9,9,9,9,9,9,9,9,9
63556,1,1,1988,0,0,38,0,0,23,0,0,0,0
63557,1,1,1988,0,0,0,0,0,0,0,0,0,0
63557,2,1,1988,0,0,0,0,0,0,0,0,0,0
63558,0,1,1988,0,0,0,0,0,0,0,0,0,0
63558,1,1,1988,0,0,0,0,0,0,0,0,0,0
63559,1,1,1988,0,14,0,0,0,0,0,0,16,22
63560,0,1,1988,27,40,30,18,9,17,11,20,27,34
63560,1,1,1988,0,10,0,0,0,0,0,0,0,0
63561,1,1,1988,30,30,30,30,30,30,30,30,30,30
63561,2,1,1988,0,0,11,0,0,0,0,0,0,0
63562,1,1,1988,0,0,0,0,0,0,0,0,0,0