ST_CASE,VEH_NO,PER_NO,YEAR,P1,P2,P3,P4,P5,P6,P7,P8,P9,P10
63562,2,1,1988,0,0,0,0,0,0,0,0,0,0
63563,1,1,1988,0,0,0,0,0,0,0,0,0,0
63563,2,1,1988,0,0,0,0,0,0,0,0,0,0
63564,1,1,1988,0,0,0,0,0,0,0,0,0,0
63564,2,1,1988,0,0,0,0,0,0,0,0,0,0
63564,3,1,1988,0,0,0,0,0,0,0,0,0,0
63565,1,1,1988,0,0,0,0,0,0,0,0,0,0
63565,2,1,1988,0,0,0,0,0,0,0,0,0,0
63566,1,1,1988,0,0,0,0,0,0,0,0,0,0
63566,2,1,1988,0,0,0,0,0,0,0,0,0,0
63567,1,1,1988,0,0,0,0,0,0,0,0,0,0
63568,1,1,1988,0,0,0,0,0,0,0,0,0,0
63569,1,1,1988,0,0,0,0,0,0,0,0,0,0
63570,0,1,1988,0,0,0,0,0,0,0,0,0,0
63570,1,1,1988,0,0,0,0,0,0,0,0,0,0
63571,0,1,1988,0,0,0,0,0,0,0,0,0,0
63571,1,1,1988,0,0,9,0,0,20,0,0,0,0
63572,0,1,1988,34,34,34,34,34,34,34,34,34,34
63572,1,1,1988,25,14,13,10,7,2,0,27,17,0
63573,1,1,1988,24,24,24,24,24,24,24,24,24,24
63574,1,1,1988,26,26,26,26,26,26,26,26,26,26
63575,1,1,1988,22,22,22,22,22,22,22,22,22,22
63576,1,1,1988,0,0,0,0,0,0,0,0,0,0
63576,2,1,1988,0,0,0,0,0,0,0,0,0,2
63577,1,1,1988,8,8,8,8,8,8,8,8,8,8
63577,2,1,1988,0,0,0,0,0,0,0,0,0,0
63578,1,1,1988,20,20,20,20,20,20,20,20,20,20
63578,2,1,1988,13,13,13,13,13,13,13,13,13,13
63579,1,1,1988,18,18,18,18,18,18,18,18,18,18
63580,1,1,1988,15,15,15,15,15,15,15,15,15,15
63580,2,1,1988,0,0,10,0,0,0,0,0,0,0
63581,1,1,1988,18,18,18,18,18,18,18,18,18,18
63582,1,1,1988,12,12,12,12,12,12,12,12,12,12
63582,2,1,1988,0,0,0,0,0,0,0,0,0,0
63583,1,1,1988,14,14,14,14,14,14,14,14,14,14
63583,2,1,1988,0,0,0,0,0,27,8,0,0,0
63584,0,1,1988,0,0,54,6,28,21,0,0,0,0
63584,1,1,1988,0,0,0,0,0,0,0,0,0,0
63585,1,1,1988,0,0,0,0,0,0,0,0,0,19
63586,1,1,1988,23,23,23,23,23,23,23,23,23,23
63587,1,1,1988,8,8,8,8,8,8,8,8,8,8
63588,0,1,1988,0,0,0,0,0,0,0,0,0,0
63589,0,1,1988,0,0,0,0,0,0,0,0,0,0
63589,1,1,1988,22,25,31,25,0,15,0,0,0,0
63590,1,1,1988,15,10,19,8,0,0,26,8,0,19
63590,2,1,1988,0,0,0,0,0,0,0,0,0,0
63591,1,1,1988,0,0,0,0,0,0,0,0,0,0
63592,1,1,1988,0,0,0,0,0,0,0,0,0,0
63592,2,1,1988,0,0,0,0,0,0,0,0,0,18
63593,1,1,1988,18,18,18,18,18,18,18,18,18,18
63594,1,1,1988,0,0,0,0,0,0,0,0,0,0
63594,2,1,1988,0,0,0,0,0,0,0,0,0,0
63595,1,1,1988,36,36,36,36,36,36,36,36,36,36
63595,2,1,1988,0,0,0,0,0,0,0,0,0,0
63596,1,1,1988,0,0,0,0,10,0,0,0,0,0
63596,2,1,1988,0,0,0,0,0,0,0,0,0,0
63597,1,1,1988,9,9,9,9,9,9,9,9,9,9
63598,0,1,1988,0,27,40,0,21,0,0,0,43,19
63598,1,1,1988,0,0,10,0,0,0,0,0,10,0
63599,0,1,1988,13,13,13,13,13,13,13,13,13,13
63599,1,1,1988,0,0,0,0,30,0,0,0,0,12
63600,1,1,1988,21,21,21,21,21,21,21,21,21,21
63601,1,1,1988,20,20,20,20,20,20,20,20,20,20
63602,0,1,1988,16,16,16,16,16,16,16,16,16,16
63602,1,1,1988,0,13,0,0,0,0,0,0,0,0
63603,0,1,1988,23,23,23,23,23,23,23,23,23,23
63603,1,1,1988,0,0,0,0,0,0,0,0,0,0
63604,0,1,1988,25,0,11,11,25,31,26,24,24,0
63604,1,1,1988,0,8,0,0,0,0,0,11,9,0
63605,1,1,1988,0,27,0,0,0,0,0,0,0,0
63606,1,1,1988,0,0,0,0,0,0,0,0,0,0
63607,0,1,1988,0,0,0,0,0,0,0,0,0,0
63607,1,1,1988,8,8,8,8,8,8,8,8,8,8
63608,0,1,1988,30,30,30,30,30,30,30,30,30,30
63608,1,1,1988,0,0,0,0,0,7,0,17,0,0
63609,0,1,1988,0,0,0,0,0,8,0,0,0,0
63609,1,1,1988,0,0,0,0,0,0,0,0,0,0
63610,0,1,1988,29,21,21,0,0,45,24,0,11,28
63610,1,1,1988,0,0,0,0,0,0,0,0,0,0
63611,1,1,1988,8,8,8,8,8,8,8,8,8,8
63611,2,1,1988,0,0,0,0,0,0,0,0,0,0
63612,1,1,1988,7,7,7,7,7,7,7,7,7,7
63612,2,1,1988,0,0,0,0,0,0,0,0,0,0
63613,1,1,1988,0,0,0,0,0,0,0,0,0,0
63614,1,1,1988,0,0,0,0,0,0,0,0,0,0
63614,2,1,1988,0,0,0,0,0,0,0,0,0,0
63615,1,1,1988,21,21,21,21,21,21,21,21,21,21
63615,2,1,1988,0,0,0,0,0,0,0,0,0,0
63616,1,1,1988,0,0,0,0,0,0,0,0,0,0
63617,1,1,1988,0,0,0,16,0,0,0,0,0,0
63618,1,1,1988,0,0,0,35,13,0,11,0,17,19
63619,0,1,1988,12,0,0,26,14,0,9,18,0,0
63619,1,1,1988,6,9,0,14,0,11,0,0,24,15
63620,1,1,1988,0,0,0,0,0,0,0,0,0,0
63620,2,1,1988,0,0,0,0,0,0,0,0,0,0
63621,1,1,1988,9,0,0,16,0,0,0,0,14,19
63621,2,1,1988,0,0,0,0,0,5,0,0,0,0
63622,1,1,1988,0,0,0,0,0,0,0,0,0,0
63623,1,1,1988,7,7,7,7,7,7,7,7,7,7
63623,2,1,1988,0,0,0,0,0,0,0,0,0,0
63624,1,1,1988,0,0,0,0,0,0,0,0,0,0
63624,2,1,1988,0,0,0,0,0,0,0,0,0,0
63625,1,1,1988,0,0,0,0,0,0,0,0,0,0
63625,2,1,1988,16,16,16,16,16,16,16,16,16,16
63626,1,1,1988,0,0,0,0,0,0,0,0,0,0
63627,1,1,1988,5,5,5,5,5,5,5,5,5,5
63627,2,1,1988,0,0,39,0,0,15,0,0,9,16
63628,0,1,1988,27,27,27,27,27,27,27,27,27,27
63628,1,1,1988,0,0,0,0,0,0,17,0,0,0
63629,1,1,1988,13,13,13,13,13,13,13,13,13,13
63629,2,1,1988,0,0,0,0,0,0,0,0,0,0
63630,1,1,1988,10,10,10,10,10,10,10,10,10,10
63630,2,1,1988,0,0,0,0,0,0,0,13,0,0
63631,1,1,1988,0,0,5,0,0,0,0,0,0,0
63631,2,1,1988,0,0,0,0,0,0,0,0,0,0
63631,3,1,1988,0,0,0,0,0,0,0,0,0,0
63632,0,1,1988,0,0,0,0,0,0,0,0,0,0
63632,1,1,1988,0,0,0,0,0,0,0,0,0,0
63633,1,1,1988,16,0,0,0,0,0,0,0,0,0
63633,2,1,1988,0,0,0,0,0,0,0,0,0,0
63634,1,1,1988,0,0,0,0,0,0,0,0,0,0
63634,2,1,1988,0,0,0,0,0,0,0,0,0,0
63635,0,1,1988,0,0,0,0,0,0,0,0,0,0
63635,1,1,1988,0,0,0,0,0,0,0,0,0,0
63637,1,1,1988,0,0,0,0,0,0,0,0,0,0
63638,1,1,1988,17,17,17,17,17,17,17,17,17,17
63639,0,1,1988,17,17,17,17,17,17,17,17,17,17
63639,1,1,1988,33,0,15,0,30,0,28,14,15,0
63640,1,1,1988,0,0,0,0,0,0,0,0,0,0
63640,2,1,1988,0,0,0,0,0,0,0,0,0,0
63640,3,1,1988,0,0,0,0,0,0,0,0,0,0
63641,1,1,1988,0,0,0,0,0,0,0,0,0,0
63641,2,1,1988,0,0,0,0,0,0,0,0,0,0
63642,1,1,1988,6,6,6,6,6,6,6,6,6,6
63642,2,1,1988,11,11,11,11,11,11,11,11,11,11
63643,1,1,1988,27,27,27,27,27,27,27,27,27,27
63643,2,1,1988,0,0,0,0,0,0,0,0,0,0
63644,1,1,1988,26,0,17,17,18,0,0,12,4,18
63644,2,1,1988,0,0,15,0,0,0,0,0,0,0
63645,0,1,1988,0,0,0,0,0,0,0,0,0,0
63645,1,1,1988,0,0,0,0,0,0,0,0,0,0
63646,1,1,1988,0,0,0,0,0,0,0,0,0,0
63646,2,1,1988,0,0,0,0,0,0,0,0,0,0
63647,1,1,1988,0,0,0,15,0,0,0,0,0,0
63648,1,1,1988,0,0,0,0,0,0,0,0,0,0
63648,2,1,1988,0,0,0,0,0,0,0,0,0,0
63650,1,1,1988,0,0,0,0,0,0,0,0,0,0
63651,1,1,1988,0,0,0,0,0,0,0,0,0,0
63652,1,1,1988,0,0,0,0,0,0,0,0,0,0
63652,2,1,1988,0,0,0,0,0,0,0,0,0,0
63653,1,1,1988,0,0,0,0,7,0,0,0,0,0
63654,1,1,1988,0,0,0,0,0,0,0,0,0,0
63655,1,1,1988,14,14,14,14,14,14,14,14,14,14
63656,0,1,1988,0,0,0,0,0,0,0,0,0,0
63656,1,1,1988,0,0,0,0,0,0,0,0,0,0
63657,1,1,1988,19,19,19,19,19,19,19,19,19,19
63658,1,1,1988,28,28,28,28,28,28,28,28,28,28
63659,1,1,1988,13,13,13,13,13,13,13,13,13,13
63660,0,1,1988,0,0,0,0,0,0,0,0,0,0
63660,1,1,1988,0,0,0,0,0,0,0,0,0,0
63661,0,1,1988,0,0,0,0,0,0,0,0,0,0
63661,1,1,1988,0,0,0,0,0,0,0,0,0,0
63662,1,1,1988,0,0,0,0,0,0,0,0,0,0
63662,2,1,1988,0,0,0,0,0,0,0,0,0,0
63663,1,1,1988,0,20,11,0,33,0,0,11,0,5
63664,1,1,1988,0,0,0,0,0,0,0,0,0,0
63665,0,1,1988,24,0,0,33,0,28,7,0,6,23
63665,1,1,1988,0,0,0,0,0,9,0,0,0,0
63666,1,1,1988,0,0,0,0,0,0,0,28,0,0
63666,2,1,1988,0,0,0,0,0,0,2,6,0,9
63667,1,1,1988,0,0,0,0,0,0,0,0,0,0
63668,1,1,1988,17,17,17,17,17,17,17,17,17,17
63669,0,1,1988,0,0,0,0,0,0,0,0,0,0
63669,0,2,1988,2,2,2,2,2,2,2,2,2,2
63669,1,1,1988,0,0,0,0,0,0,0,0,0,0
63670,1,1,1988,0,0,18,0,0,0,0,19,0,0
63670,2,1,1988,0,0,0,0,0,0,0,18,9,0
63671,1,1,1988,24,24,24,24,24,24,24,24,24,24
63672,0,1,1988,20,20,0,0,16,19,0,0,0,0
63672,1,1,1988,0,0,24,13,0,0,0,0,0,0
63673,0,1,1988,37,0,0,0,0,18,44,0,0,0
63673,1,1,1988,0,0,0,0,0,0,0,0,0,0
63674,0,1,1988,25,25,25,25,25,25,25,25,25,25
63674,1,1,1988,0,0,0,0,0,0,0,0,0,0
63675,1,1,1988,21,21,21,21,21,21,21,21,21,21
63675,2,1,1988,0,9,0,12,0,8,0,0,0,15
63676,1,1,1988,19,19,19,19,19,19,19,19,19,19
63677,0,1,1988,10,0,0,19,22,9,0,29,4,34
63677,1,1,1988,15,17,26,0,0,0,0,16,0,6
63677,2,1,1988,4,4,4,4,4,4,4,4,4,4
63678,1,1,1988,0,35,0,39,22,0,0,19,13,29
63679,1,1,1988,0,0,0,0,0,0,7,0,0,0
63679,2,1,1988,0,0,0,0,0,0,0,0,0,0
63680,1,1,1988,0,0,0,0,0,0,0,0,0,0
63681,1,1,1988,24,24,24,24,24,24,24,24,24,24
63682,0,1,1988,0,0,0,0,0,0,0,0,0,0
63682,0,2,1988,14,17,21,10,0,10,13,21,4,0
63682,1,1,1988,12,12,12,12,12,12,12,12,12,12
63683,0,1,1988,0,0,0,0,0,0,0,0,0,0
63683,1,1,1988,18,18,18,18,18,18,18,18,18,18
63684,1,1,1988,2,2,2,2,2,2,2,2,2,2
63685,0,1,1988,0,0,0,0,0,0,0,0,0,0
63685,1,1,1988,0,0,0,0,0,0,0,0,0,0
63686,0,1,1988,0,0,22,29,26,30,13,24,13,20
63686,1,1,1988,0,0,0,0,0,0,14,13,0,12
63687,1,1,1988,0,0,0,0,0,0,0,0,0,0
63687,2,1,1988,0,0,0,0,0,0,0,0,0,0
63687,3,1,1988,0,0,0,0,0,0,0,0,0,0
63688,1,1,1988,20,0,0,0,0,0,0,0,0,0
63688,2,1,1988,0,0,0,0,0,0,0,0,0,0
63689,1,1,1988,17,17,17,17,17,17,17,17,17,17
63689,2,1,1988,0,0,0,0,0,0,0,0,0,0
63690,1,1,1988,18,18,18,18,18,18,18,18,18,18
63691,0,1,1988,0,0,0,0,0,0,0,0,0,0
63691,1,1,1988,0,0,0,0,0,0,0,0,0,0
63692,0,1,1988,23,23,23,23,23,23,23,23,23,23
63692,1,1,1988,0,0,0,35,19,0,0,0,0,17
63693,1,1,1988,0,0,0,0,0,0,0,0,0,0
63693,2,1,1988,0,0,0,0,0,0,0,0,0,0
63694,1,1,1988,1,1,1,1,1,1,1,1,1,1
63695,1,1,1988,0,0,0,0,0,0,0,0,0,0
63695,2,1,1988,0,0,0,0,0,0,0,0,0,0
63696,1,1,1988,0,0,0,0,0,0,0,0,0,0
63697,1,1,1988,0,0,0,0,0,0,0,0,0,0
63698,0,1,1988,0,0,0,0,0,0,0,0,0,0
63698,1,1,1988,0,0,0,0,0,0,0,0,0,0
63699,1,1,1988,0,0,0,0,0,0,0,0,0,0
63699,2,1,1988,0,0,0,0,0,0,0,0,0,0
63699,3,1,1988,0,0,0,0,0,0,0,0,0,0
63700,1,1,1988,0,0,0,0,0,0,0,0,0,0
63700,2,1,1988,0,0,0,0,0,0,0,0,0,0
63701,0,1,1988,0,28,0,0,0,0,26,0,41,0
63701,1,1,1988,0,0,0,0,0,0,0,0,0,0
63702,0,1,1988,0,0,0,0,0,0,0,0,0,0
63702,1,1,1988,0,0,0,0,0,0,0,0,0,0
63703,1,1,1988,0,0,0,0,0,0,0,0,0,0
63703,2,1,1988,0,0,0,0,0,0,0,0,0,0
63704,1,1,1988,0,0,0,0,0,0,0,0,0,0
63705,1,1,1988,0,0,0,0,0,0,0,0,0,0
63705,2,1,1988,0,0,0,0,0,0,0,0,0,0
63706,1,1,1988,0,0,0,0,0,0,0,0,0,0
63707,1,1,1988,6,6,6,6,6,6,6,6,6,6
63708,0,1,1988,0,0,0,0,0,0,0,0,0,0
63708,0,2,1988,0,0,0,0,0,0,0,0,0,0
63708,1,1,1988,0,0,0,0,0,0,0,0,0,0
63709,1,1,1988,17,17,17,17,17,17,17,17,17,17
63710,1,1,1988,19,3,26,23,25,25,0,32,28,30
63711,1,1,1988,0,0,0,0,0,0,0,0,0,0
63712,1,1,1988,26,26,26,26,26,26,26,26,26,26
63712,2,1,1988,0,0,0,0,0,0,0,0,0,0
63713,1,1,1988,0,0,0,0,0,0,0,0,0,0
63713,2,1,1988,10,10,10,10,10,10,10,10,10,10
63714,1,1,1988,11,11,11,11,11,11,11,11,11,11
63714,2,1,1988,0,0,0,0,0,0,0,0,0,0
63715,0,1,1988,8,8,8,8,8,8,8,8,8,8
63715,0,2,1988,15,0,20,0,17,21,7,17,19,23
63715,1,1,1988,12,13,24,14,12,14,22,13,31,28
63716,0,1,1988,18,18,18,18,18,18,18,18,18,18
63716,1,1,1988,0,21,10,6,0,9,0,25,0,0
63717,0,1,1988,20,0,15,0,11,12,0,9,0,39
63717,1,1,1988,0,0,0,0,0,0,0,0,0,0
63718,1,1,1988,0,0,0,0,0,0,0,0,5,0
63718,2,1,1988,0,0,0,0,0,0,0,0,0,0
63719,1,1,1988,0,0,0,0,0,0,0,0,0,0
63719,2,1,1988,0,0,0,0,0,0,0,13,0,0
63720,1,1,1988,0,0,0,0,0,0,0,0,0,0
63721,0,1,1988,1,1,1,1,1,1,1,1,1,1
63721,1,1,1988,16,0,22,0,0,21,0,0,0,0
63722,0,1,1988,0,0,0,0,0,0,0,0,0,0
63722,1,1,1988,0,0,0,0,0,0,0,0,0,0
63723,1,1,1988,0,0,0,0,0,0,0,0,0,0
63723,2,1,1988,17,21,29,0,8,9,9,17,0,17
63724,0,1,1988,17,17,17,17,17,17,17,17,17,17
63724,1,1,1988,4,4,4,4,4,4,4,4,4,4
63725,1,1,1988,12,12,12,12,12,12,12,12,12,12
63726,0,1,1988,6,6,6,6,6,6,6,6,6,6
63726,1,1,1988,0,0,0,0,0,0,0,8,0,0
63727,0,1,1988,30,30,30,30,30,30,30,30,30,30
63727,1,1,1988,0,0,0,0,0,0,0,0,0,0
63728,1,1,1988,7,7,7,7,7,7,7,7,7,7
63728,2,1,1988,18,0,0,0,0,17,0,17,0,0
63729,0,1,1988,18,18,18,18,18,18,18,18,18,18
63729,1,1,1988,23,23,23,23,23,23,23,23,23,23
63730,1,1,1988,0,0,0,0,0,0,0,0,0,0
63731,1,1,1988,0,0,0,0,0,0,0,0,0,0
63731,2,1,1988,0,0,0,0,0,0,0,0,0,0
63732,1,1,1988,0,0,0,0,0,0,0,0,0,0
63732,2,1,1988,0,0,0,0,0,0,0,0,0,0
63733,1,1,1988,13,13,13,13,13,13,13,13,13,13
63734,0,1,1988,23,23,23,23,23,23,23,23,23,23
63734,1,1,1988,0,0,14,0,0,0,0,0,0,0
63735,1,1,1988,26,26,26,26,26,26,26,26,26,26
63736,1,1,1988,25,25,25,25,25,25,25,25,25,25
63737,1,1,1988,22,22,22,22,22,22,22,22,22,22
63738,1,1,1988,0,0,0,0,0,0,0,0,0,0
63738,2,1,1988,0,0,0,0,0,0,0,0,0,24
63739,1,1,1988,0,0,0,0,0,0,0,0,0,0
63739,2,1,1988,0,0,0,0,0,0,0,0,0,0
63740,1,1,1988,0,0,0,0,0,0,0,0,10,0
63740,2,1,1988,0,0,0,0,0,0,0,0,0,0
63741,1,1,1988,0,0,0,0,0,0,0,0,0,0
63741,2,1,1988,0,0,0,0,17,0,0,0,0,15
63741,3,1,1988,0,0,0,0,0,0,0,0,0,0
63742,1,1,1988,12,12,12,12,12,12,12,12,12,12
63743,1,1,1988,18,18,18,18,18,18,18,18,18,18
63743,2,1,1988,0,0,0,0,0,0,0,0,0,0
63743,3,1,1988,0,0,0,0,0,0,0,0,0,0
63743,4,1,1988,0,0,0,0,0,0,0,0,0,0
63743,5,1,1988,0,0,0,0,0,0,0,0,0,0
63744,0,1,1988,0,0,0,0,0,0,0,0,0,0
63744,1,1,1988,0,0,0,0,0,0,0,0,0,0
63745,1,1,1988,2,18,2,16,16,14,0,2,6,18
63746,1,1,1988,0,0,0,0,0,0,0,0,0,0
63746,2,1,1988,0,0,0,0,0,0,0,0,0,0
63746,3,1,1988,0,0,0,0,0,0,0,0,0,0
63747,0,1,1988,15,15,15,15,15,15,15,15,15,15
63747,1,1,1988,0,0,0,0,0,0,0,0,0,0
63748,0,1,1988,0,0,0,0,0,0,0,0,0,0
63748,1,1,1988,15,15,15,15,15,15,15,15,15,15
63749,0,1,1988,0,0,0,0,0,0,0,0,0,0
63749,1,1,1988,0,0,0,0,0,0,0,0,0,0
63750,0,1,1988,0,0,0,0,0,0,0,0,0,0
63750,1,1,1988,0,0,0,0,0,0,0,0,0,0
63751,1,1,1988,0,0,0,0,0,0,0,0,0,0
63751,2,1,1988,0,0,0,0,0,0,0,0,0,0
63751,3,1,1988,0,0,0,0,0,0,0,0,0,0
63752,0,1,1988,0,0,0,0,0,0,0,0,0,0
63752,1,1,1988,0,0,0,0,0,0,0,0,0,0
63753,1,1,1988,0,0,0,0,0,0,0,0,0,0
63753,2,1,1988,0,0,0,0,0,0,0,0,0,0
63753,3,1,1988,0,0,0,0,0,0,0,0,0,0
63754,1,1,1988,0,0,0,0,0,0,0,0,0,0
63755,1,1,1988,0,0,0,0,0,0,0,0,0,0
63755,2,1,1988,0,0,0,0,0,0,0,0,0,0
63756,1,1,1988,19,19,19,19,19,19,19,19,19,19
63756,2,1,1988,0,0,0,0,0,0,0,0,0,0
63757,1,1,1988,15,15,15,15,15,15,15,15,15,15
63758,1,1,1988,0,0,0,0,0,0,0,0,0,0
63758,2,1,1988,0,0,0,0,0,0,0,0,0,0
63759,1,1,1988,0,0,0,0,0,0,0,0,0,0
63760,1,1,1988,22,19,22,10,21,23,17,20,7,21
63760,2,1,1988,0,0,0,0,0,0,0,0,0,0
63761,1,1,1988,3,3,3,3,3,3,3,3,3,3
63761,2,1,1988,0,0,0,0,0,0,0,0,0,0
63762,1,1,1988,19,19,19,19,19,19,19,19,19,19
63763,1,1,1988,0,0,0,43,0,7,0,0,0,0
63763,2,1,1988,0,0,0,0,0,0,0,0,0,0
63764,1,1,1988,0,0,0,0,0,0,0,0,0,0
63764,2,1,1988,0,0,0,0,0,0,0,0,0,0
63765,1,1,1988,22,22,22,22,22,22,22,22,22,22
63766,1,1,1988,0,0,0,0,0,13,0,0,0,0
63767,1,1,1988,19,19,19,19,19,19,19,19,19,19
63767,2,1,1988,0,0,0,0,0,0,0,0,0,0
63768,1,1,1988,17,17,17,17,17,17,17,17,17,17
63769,0,1,1988,0,0,0,0,0,0,0,0,0,0
63769,1,1,1988,0,0,0,0,0,0,0,0,0,0
63770,1,1,1988,0,0,0,0,0,10,0,0,0,0
63770,2,1,1988,0,0,0,0,0,0,0,0,0,0
63771,1,1,1988,0,0,0,0,0,0,0,0,0,0
63771,2,1,1988,10,10,10,10,10,10,10,10,10,10
63772,1,1,1988,17,17,17,17,17,17,17,17,17,17
63773,0,1,1988,28,28,28,28,28,28,28,28,28,28
63773,1,1,1988,0,0,0,0,0,0,0,0,0,11
63774,1,1,1988,25,25,25,25,25,25,25,25,25,25
63775,1,1,1988,0,22,0,0,0,0,0,0,0,0
63776,1,1,1988,0,0,0,0,0,0,0,0,0,0
63777,1,1,1988,34,34,34,34,34,34,34,34,34,34
63778,0,1,1988,0,0,0,0,0,0,0,0,0,0
63778,0,2,1988,0,0,0,0,0,0,0,0,0,0
63778,1,1,1988,0,0,0,0,0,0,0,0,0,0
63779,0,1,1988,15,15,15,15,15,15,15,15,15,15
63779,1,1,1988,0,0,0,0,0,0,0,0,0,0
63780,0,1,1988,0,0,0,0,0,0,0,0,0,0
63780,1,1,1988,0,0,0,0,0,0,0,0,0,0
63781,1,1,1988,22,22,22,22,22,22,22,22,22,22
63781,2,1,1988,3,3,3,3,3,3,3,3,3,3
63782,0,1,1988,0,0,0,0,0,0,0,0,0,0
63782,1,1,1988,0,0,0,0,0,0,0,0,0,0
63783,1,1,1988,0,0,0,0,0,0,0,0,18,0
63784,1,1,1988,25,25,25,25,25,25,25,25,25,25
63785,1,1,1988,19,19,19,19,19,19,19,19,19,19
63785,2,1,1988,0,0,0,0,0,0,0,0,0,0
63786,1,1,1988,0,0,9,15,0,0,0,12,0,11
63786,2,1,1988,0,0,0,0,0,0,0,11,0,0
63787,0,1,1988,12,12,12,12,12,12,12,12,12,12
63787,1,1,1988,10,10,10,10,10,10,10,10,10,10
63788,1,1,1988,7,0,7,0,0,0,13,10,0,30
63789,1,1,1988,24,24,24,24,24,24,24,24,24,24
63790,0,1,1988,0,0,0,0,0,0,0,0,0,0
63790,1,1,1988,0,0,0,0,0,0,0,0,0,0
63791,1,1,1988,0,0,0,0,0,0,0,0,0,0
63791,2,1,1988,0,0,0,0,0,0,0,0,0,0
63792,1,1,1988,0,0,0,0,0,0,0,0,0,0
63793,0,1,1988,0,25,0,0,21,0,14,0,0,0
63793,1,1,1988,0,0,0,0,0,0,12,0,11,0
63794,0,1,1988,23,23,23,23,23,23,23,23,23,23
63794,1,1,1988,0,18,0,0,0,0,0,0,0,0
63794,2,1,1988,0,0,0,22,0,12,17,19,17,22
63795,0,1,1988,0,19,0,0,17,0,0,0,0,0
63795,1,1,1988,0,0,0,0,0,0,0,0,0,0
63796,1,1,1988,0,0,0,0,0,0,0,0,0,0
63797,1,1,1988,0,0,0,0,0,0,0,0,0,0
63797,2,1,1988,0,0,0,0,0,0,0,0,0,0
63798,1,1,1988,0,0,0,0,0,0,0,0,0,0
63798,2,1,1988,0,0,0,0,0,0,0,0,0,0
63798,3,1,1988,0,0,0,0,0,0,0,0,0,0
63799,0,1,1988,0,0,0,0,0,0,0,0,0,0
63799,1,1,1988,0,11,12,7,0,0,0,0,28,0
63800,1,1,1988,23,23,23,23,23,23,23,23,23,23
63800,2,1,1988,0,0,0,0,0,0,0,0,0,0
63801,1,1,1988,0,0,0,0,0,0,0,0,0,0
63801,2,1,1988,0,0,0,0,0,0,0,0,0,0
63802,1,1,1988,17,17,17,17,17,17,17,17,17,17
63803,1,1,1988,0,0,0,0,0,0,0,0,0,0
63804,1,1,1988,0,0,0,0,0,0,0,0,0,0
63804,2,1,1988,0,0,0,0,0,0,0,0,0,0
63805,1,1,1988,0,0,0,0,0,0,0,0,0,0
63805,2,1,1988,0,17,0,0,0,0,30,0,0,0
63806,0,1,1988,0,0,0,0,0,0,0,0,0,0
63806,1,1,1988,0,0,0,0,4,0,0,0,0,0
63807,1,1,1988,0,11,0,0,0,0,0,0,0,0
63807,2,1,1988,0,0,0,0,0,0,0,0,0,0
63808,0,1,1988,0,0,0,0,16,22,0,0,0,0
63808,1,1,1988,0,0,0,0,0,0,0,0,8,0
63809,1,1,1988,27,0,0,0,13,0,0,14,0,0
63809,2,1,1988,0,0,0,0,0,22,10,0,0,0
63810,1,1,1988,9,9,9,9,9,9,9,9,9,9
63811,0,1,1988,18,18,18,18,18,18,18,18,18,18
63811,1,1,1988,0,0,0,15,0,0,0,0,0,0
63812,1,1,1988,25,25,25,25,25,25,25,25,25,25
63813,0,1,1988,0,0,0,0,0,0,0,0,0,0
63813,1,1,1988,26,0,0,12,0,10,13,0,0,0
63813,2,1,1988,0,0,0,0,15,0,0,0,0,0
63814,1,1,1988,12,12,12,12,12,12,12,12,12,12
63815,1,1,1988,6,6,6,6,6,6,6,6,6,6
63816,1,1,1988,2,2,2,2,2,2,2,2,2,2
63816,2,1,1988,0,0,0,0,0,0,12,0,0,0
63817,1,1,1988,0,15,15,16,0,22,16,22,37,0
63817,2,1,1988,0,0,0,0,10,0,0,0,0,0
63818,1,1,1988,18,18,18,18,18,18,18,18,18,18
63818,2,1,1988,0,0,0,0,0,0,0,0,0,0
63819,1,1,1988,0,0,0,0,0,0,0,0,0,0
63819,2,1,1988,0,0,0,0,0,0,0,0,0,0
63820,1,1,1988,47,47,47,47,47,47,47,47,47,47
63821,1,1,1988,0,0,0,0,0,0,0,0,0,0
63822,1,1,1988,27,27,27,27,27,27,27,27,27,27
63823,1,1,1988,6,6,6,6,6,6,6,6,6,6
63824,1,1,1988,0,0,0,0,0,0,0,0,0,0
63825,1,1,1988,0,0,0,0,0,0,0,0,0,0
63825,2,1,1988,0,0,0,0,0,0,0,0,0,0
63825,3,1,1988,0,0,0,0,0,0,0,0,0,0
63826,1,1,1988,0,0,0,0,0,0,0,0,0,0
63827,1,1,1988,0,0,0,0,0,0,0,0,0,0
63827,2,1,1988,0,0,0,0,0,0,0,0,0,0
63828,1,1,1988,0,0,0,0,0,0,0,0,0,0
63829,0,1,1988,0,0,0,0,0,0,0,0,0,0
63829,1,1,1988,0,0,0,0,0,0,0,0,0,0
63830,1,1,1988,32,32,32,32,32,32,32,32,32,32
63831,1,1,1988,17,17,17,17,17,17,17,17,17,17
63831,2,1,1988,0,0,0,0,0,0,0,0,0,0
63832,1,1,1988,17,17,17,17,17,17,17,17,17,17
63833,1,1,1988,9,9,9,9,9,9,9,9,9,9
63834,0,1,1988,22,22,22,22,22,22,22,22,22,22
63834,1,1,1988,0,11,0,0,0,0,8,0,11,11
63835,1,1,1988,0,0,0,0,0,0,0,0,0,0
63836,1,1,1988,11,11,11,11,11,11,11,11,11,11
63836,2,1,1988,0,0,0,0,0,0,4,0,3,0
63837,1,1,1988,22,22,22,22,22,22,22,22,22,22
63838,0,1,1988,0,0,0,0,0,0,0,0,0,0
63838,1,1,1988,0,0,0,0,0,0,0,0,0,0
63839,1,1,1988,22,22,22,22,22,22,22,22,22,22
63839,2,1,1988,0,0,0,0,0,0,0,0,0,0
63840,0,1,1988,24,24,24,24,24,24,24,24,24,24
63840,1,1,1988,17,17,17,17,17,17,17,17,17,17
63841,1,1,1988,0,0,0,0,0,10,5,0,0,0
63842,1,1,1988,0,0,0,0,0,0,0,0,0,0