ST_CASE,VEH_NO,PER_NO,YEAR,P1,P2,P3,P4,P5,P6,P7,P8,P9,P10
63843,1,1,1988,0,0,0,0,0,17,15,0,18,7
63843,2,1,1988,24,24,24,24,24,24,24,24,24,24
63844,0,1,1988,24,24,24,24,24,24,24,24,24,24
63844,1,1,1988,0,0,0,0,0,0,0,15,0,0
63845,1,1,1988,19,19,19,19,19,19,19,19,19,19
63846,1,1,1988,19,19,19,19,19,19,19,19,19,19
63847,1,1,1988,22,22,22,22,22,22,22,22,22,22
63848,1,1,1988,0,0,0,0,0,0,0,0,0,0
63849,1,1,1988,0,0,0,0,0,0,0,0,0,0
63849,2,1,1988,0,0,0,0,0,0,0,0,0,0
63850,1,1,1988,0,0,0,0,0,0,0,0,0,0
63850,2,1,1988,0,0,0,0,0,0,0,0,0,0
63851,1,1,1988,0,0,0,0,0,0,0,0,0,0
63852,1,1,1988,0,0,0,0,0,0,0,0,0,0
63853,1,1,1988,0,0,0,0,0,0,0,0,0,0
63853,2,1,1988,0,0,0,0,0,0,0,0,0,0
63854,1,1,1988,0,0,0,0,0,0,0,0,0,0
63854,2,1,1988,0,0,0,0,0,0,0,0,0,0
63855,1,1,1988,32,32,32,32,32,32,32,32,32,32
63856,1,1,1988,18,18,18,18,18,18,18,18,18,18
63856,2,1,1988,0,0,0,0,0,0,0,0,0,0
63857,1,1,1988,17,22,38,19,19,18,23,7,3,12
63858,1,1,1988,9,0,0,0,0,0,0,0,0,8
63858,2,1,1988,0,0,0,0,0,0,0,0,0,0
63859,0,1,1988,0,0,0,0,0,0,0,0,0,0
63859,1,1,1988,0,0,0,0,0,0,0,0,0,0
63860,1,1,1988,0,0,0,0,0,0,0,0,0,0
63860,2,1,1988,0,0,0,0,0,0,0,0,0,0
63862,1,1,1988,0,0,0,0,0,0,0,0,17,0
63863,1,1,1988,28,28,28,28,28,28,28,28,28,28
63864,1,1,1988,24,24,24,24,24,24,24,24,24,24
63865,1,1,1988,28,28,28,28,28,28,28,28,28,28
63865,2,1,1988,0,0,0,0,0,0,0,0,0,0
63866,1,1,1988,0,0,0,0,0,0,0,0,0,0
63867,0,1,1988,27,27,27,27,27,27,27,27,27,27
63867,1,1,1988,0,0,0,0,0,0,0,0,0,0
63868,1,1,1988,0,0,0,0,0,0,0,0,0,0
63868,2,1,1988,0,0,0,0,0,0,0,0,0,0
63869,1,1,1988,0,0,0,0,18,0,0,0,0,0
63869,2,1,1988,0,0,0,0,0,0,0,0,0,0
63870,0,1,1988,0,0,0,0,0,0,0,0,0,0
63870,0,2,1988,0,0,0,0,0,0,0,0,0,0
63870,1,1,1988,0,8,0,0,0,0,0,0,0,0
63870,2,1,1988,0,0,0,0,0,0,0,0,0,0
63871,1,1,1988,0,0,0,0,0,0,0,0,0,0
63871,2,1,1988,0,0,0,0,0,0,0,0,0,0
63872,1,1,1988,0,0,0,0,0,0,0,0,0,0
63873,1,1,1988,26,26,26,26,26,26,26,26,26,26
63874,1,1,1988,4,4,4,4,4,4,4,4,4,4
63874,2,1,1988,0,0,0,0,0,0,0,0,0,0
63875,1,1,1988,19,19,19,19,19,19,19,19,19,19
63875,2,1,1988,0,0,0,0,0,0,0,0,0,0
63875,3,1,1988,0,0,0,0,0,0,0,0,0,0
63876,0,1,1988,29,29,29,29,29,29,29,29,29,29
63876,1,1,1988,0,0,0,0,0,0,0,0,0,0
63877,1,1,1988,3,3,3,3,3,3,3,3,3,3
63878,1,1,1988,14,14,14,14,14,14,14,14,14,14
63878,2,1,1988,0,0,0,0,0,0,0,0,0,0
63879,0,1,1988,21,21,21,21,21,21,21,21,21,21
63879,1,1,1988,17,28,9,15,0,6,12,18,16,12
63880,1,1,1988,0,0,0,0,0,0,0,0,0,0
63880,2,1,1988,0,0,0,0,16,0,0,14,0,0
63881,1,1,1988,20,20,20,20,20,20,20,20,20,20
63882,1,1,1988,1,1,1,1,1,1,1,1,1,1
63883,1,1,1988,0,0,0,0,0,0,0,0,0,0
63883,2,1,1988,0,0,0,0,0,0,0,19,0,0
63884,1,1,1988,0,0,0,0,0,0,0,0,0,0
63884,2,1,1988,0,0,0,0,0,0,0,0,0,0
63885,0,1,1988,19,19,19,19,19,19,19,19,19,19
63885,1,1,1988,0,0,0,0,14,0,14,0,0,0
63886,1,1,1988,15,15,15,15,15,15,15,15,15,15
63886,2,1,1988,0,0,0,0,0,0,0,0,0,0
63887,1,1,1988,0,0,0,0,0,0,0,0,0,0
63887,2,1,1988,0,0,0,0,0,0,0,0,0,0
63888,0,1,1988,0,0,0,0,0,0,0,0,0,0
63888,1,1,1988,0,0,0,0,0,0,0,0,0,0
63889,0,1,1988,0,0,28,0,0,0,0,0,0,0
63889,1,1,1988,0,0,0,0,0,0,0,0,0,0
63890,0,1,1988,0,0,0,0,0,0,0,0,0,0
63890,1,1,1988,0,0,0,0,0,0,0,0,0,0
63891,1,1,1988,1,1,1,1,1,1,1,1,1,1
63892,1,1,1988,0,0,0,0,0,0,0,0,0,0
63893,1,1,1988,0,0,0,0,0,0,0,0,0,0
63893,2,1,1988,0,0,0,0,0,0,0,0,0,0
63894,1,1,1988,0,0,0,0,0,0,0,0,0,0
63894,2,1,1988,0,0,0,0,0,0,0,0,0,0
63894,3,1,1988,0,0,0,0,0,0,0,0,0,0
63895,1,1,1988,0,0,0,0,0,0,0,0,0,0
63895,2,1,1988,0,0,0,0,0,0,0,0,0,0
63896,1,1,1988,27,27,27,27,27,27,27,27,27,27
63897,0,1,1988,0,0,0,0,0,0,0,0,0,0
63897,1,1,1988,0,0,0,0,0,0,0,0,0,0
63898,1,1,1988,0,0,0,0,0,0,0,0,0,0
63898,2,1,1988,4,4,4,4,4,4,4,4,4,4
63899,0,1,1988,0,0,0,0,0,0,0,0,0,0
63899,0,2,1988,0,0,0,0,0,0,0,0,0,0
63899,1,1,1988,0,0,0,0,0,0,0,0,0,0
63900,1,1,1988,0,0,0,9,0,0,0,0,0,0
63901,0,1,1988,18,18,18,18,18,18,18,18,18,18
63901,1,1,1988,0,0,0,0,0,0,0,0,0,0
63902,1,1,1988,0,0,0,0,0,0,0,15,0,0
63903,1,1,1988,0,0,0,0,0,0,0,0,0,0
63904,1,1,1988,21,21,21,21,21,21,21,21,21,21
63904,2,1,1988,0,0,0,0,0,0,0,0,0,0
63905,1,1,1988,17,17,17,17,17,17,17,17,17,17
63906,1,1,1988,0,0,0,0,0,0,0,0,0,0
63906,2,1,1988,0,0,10,0,0,0,0,15,0,0
63907,1,1,1988,0,0,0,0,0,0,0,0,0,0
63907,2,1,1988,0,0,0,0,0,0,0,0,12,3
63908,1,1,1988,13,13,13,13,13,13,13,13,13,13
63909,0,1,1988,0,0,0,0,0,0,0,0,0,0
63909,1,1,1988,8,20,23,0,13,0,0,0,0,14
63910,1,1,1988,0,0,0,0,0,0,0,0,0,0
63910,2,1,1988,0,0,0,0,0,0,0,0,0,0
63910,3,1,1988,0,0,0,0,0,0,0,0,0,0
63910,4,1,1988,0,0,0,0,0,0,0,0,0,0
63910,5,1,1988,0,0,0,0,0,11,0,0,0,0
63910,6,1,1988,0,0,0,0,0,0,0,0,0,0
63911,0,1,1988,0,0,0,0,0,0,0,0,0,0
63911,1,1,1988,0,0,0,0,0,0,0,0,0,0
63912,1,1,1988,0,0,0,0,0,0,14,0,0,0
63912,2,1,1988,0,0,0,0,0,0,0,0,0,0
63912,3,1,1988,0,0,0,0,0,0,0,0,0,0
63913,1,1,1988,0,0,0,0,0,11,0,12,0,0
63914,1,1,1988,0,0,0,0,0,0,0,0,0,0
63914,2,1,1988,19,19,19,19,19,19,19,19,19,19
63914,3,1,1988,0,0,0,0,0,0,0,0,0,0
63915,1,1,1988,15,15,15,15,15,15,15,15,15,15
63916,1,1,1988,2,2,2,2,2,2,2,2,2,2
63917,1,1,1988,24,24,24,24,24,24,24,24,24,24
63918,0,1,1988,0,0,20,0,0,38,17,0,0,24
63918,1,1,1988,0,0,0,0,0,0,0,0,0,0
63919,1,1,1988,0,8,0,0,0,0,13,0,0,14
63919,2,1,1988,0,0,0,0,22,0,0,0,0,0
63920,0,1,1988,0,0,0,0,0,0,0,0,0,0
63920,0,2,1988,0,8,0,8,0,10,0,0,15,0
63920,1,1,1988,0,0,0,0,0,0,0,0,0,0
63921,0,1,1988,0,0,0,0,0,0,0,0,0,0
63921,1,1,1988,15,0,21,22,0,18,0,12,0,0
63922,1,1,1988,13,13,13,13,13,13,13,13,13,13
63923,0,1,1988,14,14,14,14,14,14,14,14,14,14
63923,1,1,1988,8,8,8,8,8,8,8,8,8,8
63924,1,1,1988,19,19,19,19,19,19,19,19,19,19
63924,2,1,1988,0,0,0,0,0,21,0,0,0,0
63925,0,1,1988,0,0,0,0,0,0,0,0,0,0
63925,1,1,1988,0,0,0,0,0,0,0,0,0,0
63926,1,1,1988,19,19,19,19,19,19,19,19,19,19
63926,2,1,1988,0,0,0,0,0,0,0,0,0,0
63926,3,1,1988,0,0,0,0,0,0,0,0,20,0
63926,4,1,1988,0,0,0,0,0,5,0,0,9,7
63926,5,1,1988,6,0,0,0,0,0,0,13,0,0
63927,0,1,1988,0,0,0,0,0,0,0,0,0,0
63927,1,1,1988,0,0,0,0,0,0,0,0,0,0
63928,1,1,1988,5,5,5,5,5,5,5,5,5,5
63929,1,1,1988,0,0,0,0,0,0,0,0,0,0
63930,1,1,1988,0,0,0,10,0,0,22,0,0,0
63931,1,1,1988,23,23,23,23,23,23,23,23,23,23
63931,2,1,1988,21,10,19,22,16,19,26,8,23,8
63932,1,1,1988,0,0,0,0,0,0,0,0,0,0
63932,2,1,1988,0,0,0,0,0,0,0,0,0,0
63933,1,1,1988,0,0,0,0,0,0,15,0,0,0
63933,2,1,1988,0,0,0,0,0,0,0,0,0,0
63934,1,1,1988,0,0,0,0,0,0,0,0,0,0
63934,2,1,1988,8,0,0,0,0,0,0,0,0,0
63935,1,1,1988,0,0,0,0,0,0,0,0,0,0
63936,1,1,1988,0,0,0,0,0,0,0,0,0,0
63936,2,1,1988,0,0,0,0,9,0,0,0,0,0
63937,1,1,1988,31,31,31,31,31,31,31,31,31,31
63938,1,1,1988,0,0,12,0,0,0,0,0,0,0
63938,2,1,1988,0,0,0,0,0,0,0,0,0,0
63939,0,1,1988,22,22,22,22,22,22,22,22,22,22
63939,1,1,1988,0,14,27,14,0,0,27,17,12,4
63940,0,1,1988,4,4,4,4,4,4,4,4,4,4
63940,1,1,1988,0,10,0,0,17,0,0,0,17,0
63941,1,1,1988,0,0,0,0,0,0,0,0,0,0
63941,2,1,1988,14,14,14,14,14,14,14,14,14,14
63942,1,1,1988,0,0,0,0,0,31,0,0,0,0
63942,2,1,1988,0,0,0,0,0,0,0,0,0,0
63943,1,1,1988,0,0,0,0,0,0,0,0,0,0
63943,2,1,1988,0,0,0,0,0,0,0,0,0,0
63944,1,1,1988,0,0,0,0,0,0,0,0,0,3
63945,1,1,1988,0,0,0,0,0,0,0,0,0,0
63946,1,1,1988,0,0,0,0,0,0,0,0,0,0
63946,2,1,1988,0,0,0,0,0,0,0,0,0,0
63946,3,1,1988,0,0,0,0,0,0,0,0,0,0
63946,4,1,1988,0,0,0,0,0,0,0,0,0,0
63947,1,1,1988,0,0,0,0,0,0,0,0,0,0
63948,1,1,1988,11,11,24,0,18,18,21,5,9,13
63948,2,1,1988,0,0,0,0,0,0,0,0,0,0
63949,0,1,1988,24,12,20,16,18,28,27,10,9,16
63949,1,1,1988,0,0,0,0,0,0,0,0,0,0
63950,1,1,1988,26,26,26,26,26,26,26,26,26,26
63950,2,1,1988,0,0,0,0,0,0,0,0,0,0
63951,1,1,1988,0,0,0,0,0,0,0,0,0,0
63951,2,1,1988,4,0,0,0,0,0,0,0,0,0
63951,3,1,1988,10,10,10,10,10,10,10,10,10,10
63951,4,1,1988,0,0,0,0,0,0,0,0,0,0
63952,1,1,1988,13,7,6,15,10,8,10,0,15,19
63953,1,1,1988,0,14,24,10,14,0,0,0,0,18
63954,1,1,1988,0,0,0,0,0,0,0,0,0,0
63955,0,1,1988,0,0,0,0,0,0,0,0,0,0
63955,1,1,1988,0,0,0,0,0,0,0,0,0,0
63956,1,1,1988,0,0,0,0,0,0,0,0,0,0
63957,1,1,1988,15,15,15,15,15,15,15,15,15,15
63957,2,1,1988,0,0,0,0,0,0,0,7,0,0
63958,1,1,1988,3,3,3,3,3,3,3,3,3,3
63959,1,1,1988,19,19,19,19,19,19,19,19,19,19
63960,1,1,1988,0,0,0,0,0,0,0,0,0,0
63960,2,1,1988,0,0,0,0,0,0,0,0,0,0
63961,1,1,1988,0,0,0,0,0,0,0,0,0,0
63962,1,1,1988,0,0,0,0,0,0,0,0,0,0
63962,2,1,1988,0,0,0,0,0,0,0,14,0,0
63962,3,1,1988,0,0,0,0,0,0,0,0,0,0
63963,1,1,1988,38,38,38,38,38,38,38,38,38,38
63964,0,1,1988,0,0,0,0,0,14,0,0,0,0
63964,1,1,1988,0,0,0,20,0,0,0,0,0,0
63965,0,1,1988,0,0,0,0,0,0,0,0,0,0
63965,0,2,1988,24,19,0,26,12,14,0,28,0,6
63965,1,1,1988,4,0,16,0,21,0,0,0,0,0
63966,1,1,1988,12,12,12,12,12,12,12,12,12,12
63967,0,1,1988,0,0,0,0,0,0,0,0,0,0
63967,1,1,1988,0,0,0,0,0,0,0,0,0,0
63969,0,1,1988,0,4,0,0,63,16,0,0,0,0
63969,1,1,1988,16,15,34,0,28,0,17,27,0,29
63970,1,1,1988,0,0,0,0,0,0,0,0,19,0
63971,1,1,1988,0,0,0,7,0,0,10,0,17,27
63971,2,1,1988,19,9,22,0,9,23,13,4,29,21
63972,1,1,1988,0,0,0,0,0,0,0,0,0,0
63972,2,1,1988,0,0,0,0,0,0,0,0,0,0
63973,1,1,1988,0,0,0,0,0,0,0,0,0,0
63973,2,1,1988,0,0,0,0,6,0,0,0,0,0
63974,1,1,1988,6,15,8,21,18,7,15,19,23,6
63974,2,1,1988,0,0,0,0,0,0,0,0,0,0
63975,1,1,1988,0,0,0,0,0,0,0,0,0,0
63976,1,1,1988,0,0,0,0,0,0,0,0,0,0
63976,2,1,1988,0,0,0,0,0,0,0,0,0,0
63977,1,1,1988,0,0,0,0,0,0,0,0,0,0
63977,2,1,1988,0,0,0,0,0,0,0,0,0,0
63978,1,1,1988,17,17,17,17,17,17,17,17,17,17
63978,2,1,1988,9,9,9,9,9,9,9,9,9,9
63978,3,1,1988,0,0,0,0,0,0,0,0,0,0
63979,1,1,1988,0,0,0,12,0,0,0,25,0,0
63979,2,1,1988,0,0,0,0,0,0,0,0,0,0
63980,1,1,1988,6,6,6,6,6,6,6,6,6,6
63981,1,1,1988,10,18,2,22,18,19,14,7,0,20
63981,2,1,1988,0,0,0,0,0,0,0,0,0,0
63982,1,1,1988,25,25,25,25,25,25,25,25,25,25
63983,0,1,1988,0,0,0,0,0,0,0,0,0,0
63983,1,1,1988,6,6,6,6,6,6,6,6,6,6
63984,1,1,1988,10,10,10,10,10,10,10,10,10,10
63984,2,1,1988,0,5,0,0,0,0,0,0,0,0
63985,1,1,1988,3,3,3,3,3,3,3,3,3,3
63985,2,1,1988,0,0,0,0,0,0,0,0,0,0
63986,1,1,1988,21,21,21,21,21,21,21,21,21,21
63987,1,1,1988,3,3,3,3,3,3,3,3,3,3
63987,2,1,1988,0,0,0,0,0,0,0,0,0,0
63988,0,1,1988,0,0,0,0,0,0,0,0,0,0
63988,1,1,1988,12,12,12,12,12,12,12,12,12,12
63989,1,1,1988,0,0,0,0,0,0,0,0,0,0
63989,2,1,1988,4,4,4,4,4,4,4,4,4,4
63990,0,1,1988,0,0,0,0,0,0,0,0,0,0
63990,1,1,1988,0,0,0,0,0,0,0,0,0,0
63991,1,1,1988,13,13,13,13,13,13,13,13,13,13
63992,1,1,1988,11,30,19,18,6,0,21,33,23,8
63993,0,1,1988,0,0,0,0,0,0,0,0,0,0
63993,1,1,1988,0,0,0,0,0,0,0,0,0,0
63994,1,1,1988,0,0,15,0,0,0,0,0,0,0
63994,2,1,1988,0,0,0,0,0,0,10,0,0,0
63995,0,1,1988,0,0,0,0,0,0,0,0,0,0
63995,1,1,1988,0,0,0,0,0,0,0,0,0,0
63996,0,1,1988,0,0,0,0,0,0,33,0,0,0
63996,1,1,1988,0,0,0,0,0,0,0,0,0,0
63997,1,1,1988,15,15,15,15,15,15,15,15,15,15
63998,0,1,1988,26,26,26,26,26,26,26,26,26,26
63998,1,1,1988,0,0,0,6,0,0,0,0,0,0
63999,1,1,1988,14,14,14,14,14,14,14,14,14,14
64000,0,1,1988,0,0,0,0,0,0,0,0,0,0
64000,1,1,1988,0,0,0,0,0,0,0,0,0,0
64001,1,1,1988,0,0,0,0,0,0,0,0,0,0
64002,0,1,1988,0,0,0,0,0,0,0,0,0,0
64002,0,2,1988,0,0,0,0,0,0,0,0,0,0
64002,2,1,1988,13,13,21,11,23,7,21,0,24,0
64003,1,1,1988,26,26,26,26,26,26,26,26,26,26
64003,2,1,1988,0,0,0,0,0,0,0,0,0,0
64004,1,1,1988,0,0,0,0,0,0,0,0,0,0
64005,1,1,1988,15,15,15,15,15,15,15,15,15,15
64006,1,1,1988,24,19,0,0,0,31,0,4,0,0
64007,1,1,1988,16,16,16,16,16,16,16,16,16,16
64008,1,1,1988,0,0,0,0,0,0,9,0,0,0
64008,2,1,1988,0,0,0,0,0,0,0,0,0,0
64009,0,1,1988,0,0,0,0,0,0,0,0,0,0
64009,0,2,1988,0,0,0,0,0,0,0,0,0,0
64009,1,1,1988,0,0,0,0,0,0,0,0,0,0
64010,1,1,1988,25,25,25,25,25,25,25,25,25,25
64011,1,1,1988,6,9,15,0,12,8,9,14,21,14
64011,2,1,1988,0,0,0,0,0,0,0,0,0,0
64012,1,1,1988,4,4,4,4,4,4,4,4,4,4
64012,2,1,1988,0,9,0,0,0,0,0,0,0,0
64013,1,1,1988,0,0,0,0,0,0,0,0,0,0
64013,2,1,1988,0,0,0,0,0,0,0,0,0,0
64014,1,1,1988,0,0,0,0,0,0,0,0,0,0
64014,2,1,1988,0,0,0,0,0,0,0,0,0,0
64015,1,1,1988,17,17,17,17,17,17,17,17,17,17
64016,1,1,1988,20,20,20,20,20,20,20,20,20,20
64017,1,1,1988,11,11,11,11,11,11,11,11,11,11
64018,0,1,1988,0,0,0,0,0,0,0,0,0,0
64018,1,1,1988,0,0,0,0,0,0,0,0,0,0
64019,0,1,1988,12,12,12,12,12,12,12,12,12,12
64019,1,1,1988,19,0,0,0,0,0,0,0,0,0
64020,1,1,1988,0,0,0,0,0,0,0,0,0,0
64020,2,1,1988,0,0,0,0,0,0,0,0,0,0
64021,0,1,1988,0,0,0,0,0,0,0,0,0,0
64021,1,1,1988,0,0,0,0,0,0,0,0,0,0
64022,0,1,1988,30,30,30,30,30,30,30,30,30,30
64022,1,1,1988,0,0,0,0,0,0,0,0,0,0
64023,0,1,1988,0,0,7,0,0,0,0,12,0,0
64023,1,1,1988,0,0,0,0,0,0,0,0,0,0
64024,1,1,1988,5,5,5,5,5,5,5,5,5,5
64025,1,1,1988,0,6,0,0,0,0,0,0,0,0
64025,2,1,1988,0,0,0,19,0,0,0,0,0,0
64026,0,1,1988,0,0,0,0,0,0,0,0,0,0
64026,1,1,1988,0,0,17,0,0,0,0,0,0,0
64026,2,1,1988,0,0,0,0,0,0,0,0,0,0
64027,0,1,1988,24,13,0,0,0,0,16,0,0,0
64027,1,1,1988,0,0,0,0,0,0,0,0,0,0
64028,0,1,1988,0,0,0,0,0,0,0,0,0,0
64028,1,1,1988,0,0,0,0,0,0,0,0,0,0
64029,1,1,1988,0,0,0,0,0,0,0,0,0,0
64030,0,1,1988,12,12,12,12,12,12,12,12,12,12
64030,1,1,1988,18,0,0,0,0,0,0,0,0,0
64030,2,1,1988,0,0,29,0,0,0,0,0,0,0
64031,1,1,1988,0,0,0,0,0,0,0,0,0,0
64031,2,1,1988,0,0,0,0,0,0,0,0,0,0
64032,1,1,1988,0,0,0,0,0,0,0,0,0,0
64032,2,1,1988,0,0,0,0,0,0,0,0,0,0
64033,1,1,1988,0,0,0,0,0,0,0,0,0,0
64034,1,1,1988,14,14,14,14,14,14,14,14,14,14
64035,1,1,1988,0,0,0,0,0,0,0,0,0,0
64035,2,1,1988,0,0,0,0,0,0,0,0,0,0
64035,3,1,1988,0,0,0,0,0,0,0,8,0,0
64036,0,1,1988,15,15,15,15,15,15,15,15,15,15
64036,0,2,1988,20,0,13,14,0,14,0,0,25,33
64036,1,1,1988,13,0,0,0,0,0,0,0,23,0
64037,1,1,1988,0,0,0,0,0,0,0,0,0,0
64037,2,1,1988,0,0,0,0,0,0,0,0,0,0
64038,1,1,1988,0,0,0,0,0,0,0,0,0,0
64039,1,1,1988,0,0,0,0,0,0,0,0,0,0
64039,2,1,1988,0,0,0,0,11,0,0,0,0,0
64040,0,1,1988,0,0,0,0,0,0,0,0,0,0
64040,1,1,1988,14,0,15,12,10,0,9,9,12,0
64041,1,1,1988,7,7,7,7,7,7,7,7,7,7
64042,1,1,1988,23,23,23,23,23,23,23,23,23,23
64042,2,1,1988,0,0,0,0,0,0,0,0,0,0
64042,3,1,1988,0,0,0,0,0,0,0,0,0,0
64042,4,1,1988,0,0,0,0,0,0,0,0,0,0
64043,0,1,1988,10,10,10,10,10,10,10,10,10,10
64043,1,1,1988,0,0,0,0,0,0,0,19,0,0
64044,1,1,1988,0,0,0,0,0,0,0,0,0,0
64045,1,1,1988,32,32,32,32,32,32,32,32,32,32
64046,1,1,1988,22,12,0,0,0,16,14,0,14,0
64047,1,1,1988,0,0,0,0,6,0,0,13,21,0
64048,0,1,1988,0,0,0,0,0,0,0,0,0,0
64048,1,1,1988,0,0,0,0,0,0,0,0,0,0
64049,1,1,1988,16,16,16,16,16,16,16,16,16,16
64050,1,1,1988,22,22,22,22,22,22,22,22,22,22
64051,1,1,1988,17,25,12,17,22,0,9,17,11,3
64051,2,1,1988,0,0,0,0,0,0,0,0,0,0
64052,1,1,1988,16,16,16,16,16,16,16,16,16,16
64052,2,1,1988,0,0,0,0,0,0,0,0,0,0
64053,1,1,1988,0,0,0,11,0,0,0,0,0,0
64053,2,1,1988,0,0,0,0,0,0,0,0,0,0
64053,3,1,1988,3,0,0,0,15,17,0,0,0,0
64054,1,1,1988,0,0,11,0,0,0,0,0,4,0
64054,2,1,1988,0,0,0,0,0,0,0,0,0,0
64055,0,1,1988,0,0,0,0,0,0,0,0,0,0
64055,1,1,1988,0,0,0,0,0,0,0,0,0,0
64055,2,1,1988,0,0,0,0,0,0,0,0,0,0
64056,1,1,1988,10,10,10,10,10,10,10,10,10,10
64057,1,1,1988,0,0,0,0,0,0,0,0,0,0
64058,1,1,1988,0,0,0,0,0,0,0,0,0,0
64059,1,1,1988,7,7,7,7,7,7,7,7,7,7
64060,1,1,1988,0,0,0,0,0,0,0,0,0,0
64060,2,1,1988,12,12,12,12,12,12,12,12,12,12
64060,3,1,1988,0,0,0,0,0,0,0,0,0,0
64060,4,1,1988,10,16,21,15,22,14,0,20,0,20
64061,1,1,1988,2,2,2,2,2,2,2,2,2,2
64061,2,1,1988,0,0,0,0,0,0,0,0,0,0
64062,1,1,1988,12,12,12,12,12,12,12,12,12,12
64062,2,1,1988,0,0,0,0,0,0,0,0,0,0
64063,1,1,1988,0,0,0,0,0,0,0,0,0,0
64063,2,1,1988,0,0,0,0,0,0,0,0,0,0
64064,1,1,1988,6,6,6,6,6,6,6,6,6,6
64065,1,1,1988,0,15,19,7,0,19,29,13,43,24
64066,1,1,1988,0,0,0,0,0,0,0,0,0,0
64066,2,1,1988,0,0,0,0,0,0,0,0,0,0
64066,3,1,1988,13,13,13,13,13,13,13,13,13,13
64067,0,1,1988,0,0,0,0,0,0,0,0,0,0
64067,1,1,1988,0,0,0,0,5,0,0,0,0,0
64068,1,1,1988,0,0,0,0,0,0,0,0,0,0
64068,2,1,1988,0,0,0,0,0,0,0,0,0,0
64069,1,1,1988,14,14,14,14,14,14,14,14,14,14
64069,2,1,1988,1,0,0,0,25,0,0,0,0,0
64070,0,1,1988,0,0,0,0,0,0,0,0,0,0
64070,1,1,1988,0,0,0,0,0,0,0,0,0,0
64071,1,1,1988,10,10,10,10,10,10,10,10,10,10
64071,2,1,1988,0,0,0,0,0,0,0,0,0,0
64072,0,1,1988,0,0,0,0,0,0,0,0,0,0
64072,1,1,1988,0,0,0,0,0,0,0,0,0,0
64073,0,1,1988,11,0,0,24,0,42,0,26,22,0
64073,1,1,1988,0,0,0,0,0,0,0,0,0,0
64074,1,1,1988,0,0,0,0,0,0,0,0,0,19
64074,2,1,1988,0,0,0,0,0,0,0,0,0,0
64075,1,1,1988,11,11,11,11,11,11,11,11,11,11
64076,1,1,1988,0,0,0,0,0,0,0,4,6,0
64076,2,1,1988,0,0,0,0,7,0,0,0,0,0
64076,3,1,1988,0,0,0,13,0,0,0,0,0,0
64077,1,1,1988,9,9,9,9,9,9,9,9,9,9
64077,2,1,1988,0,0,0,0,0,0,0,0,0,0
64078,1,1,1988,27,27,27,27,27,27,27,27,27,27
64078,2,1,1988,0,0,0,0,0,0,0,0,0,0
64078,3,1,1988,0,0,0,0,0,0,0,0,0,0
64079,0,1,1988,0,0,0,0,0,0,0,0,0,0
64079,1,1,1988,0,0,0,0,0,0,0,0,0,0
64080,0,1,1988,0,0,0,0,0,0,0,0,0,0
64080,1,1,1988,0,0,0,0,15,0,0,0,0,0
64081,1,1,1988,0,0,0,0,0,0,0,0,0,0
64081,2,1,1988,0,0,0,0,0,0,0,0,0,0
64082,1,1,1988,14,14,14,14,14,14,14,14,14,14
64082,2,1,1988,0,0,0,0,0,0,0,0,0,0
64083,1,1,1988,17,17,17,17,17,17,17,17,17,17
64083,2,1,1988,0,0,0,0,0,0,0,0,0,0
64084,1,1,1988,12,12,12,12,12,12,12,12,12,12
64085,1,1,1988,26,26,26,26,26,26,26,26,26,26
64086,0,1,1988,0,0,0,0,0,0,0,0,0,0
64086,0,2,1988,0,0,0,0,0,0,0,0,0,0
64086,1,1,1988,0,0,0,0,0,0,0,0,0,0
64087,1,1,1988,13,13,13,13,13,13,13,13,13,13
64087,2,1,1988,4,4,4,4,4,4,4,4,4,4
64088,1,1,1988,0,0,0,0,0,0,0,0,0,0
64088,2,1,1988,7,2,9,11,0,14,0,0,0,15
64088,3,1,1988,0,0,0,0,0,0,0,0,0,0
64089,0,1,1988,0,0,0,0,0,0,0,0,0,0
64089,1,1,1988,0,0,0,0,0,0,0,0,0,0
64090,1,1,1988,23,23,23,23,23,23,23,23,23,23
64091,1,1,1988,0,0,0,0,0,0,0,0,0,0
64092,1,1,1988,0,0,32,0,0,0,0,0,0,0
64092,2,1,1988,0,0,18,0,0,0,20,15,0,0
64092,3,1,1988,0,0,0,0,0,0,0,0,0,0
64093,1,1,1988,0,0,0,0,0,0,0,0,0,0
64093,2,1,1988,0,14,0,0,0,0,0,0,0,0
64094,0,1,1988,0,0,0,0,0,0,0,0,0,0
64094,1,1,1988,0,0,0,0,0,0,0,0,0,0
64095,0,1,1988,0,0,0,0,0,0,0,0,0,0
64095,1,1,1988,0,0,0,0,0,0,0,0,0,0
64096,1,1,1988,27,27,27,27,27,27,27,27,27,27
64097,0,1,1988,15,15,15,15,15,15,15,15,15,15
64097,1,1,1988,21,21,21,21,21,21,21,21,21,21
64098,1,1,1988,14,14,14,14,14,14,14,14,14,14
64099,0,1,1988,36,36,36,36,36,36,36,36,36,36
64099,1,1,1988,0,0,0,0,0,0,0,0,0,0
64100,1,1,1988,23,23,23,23,23,23,23,23,23,23
64100,2,1,1988,0,0,0,0,0,0,0,0,0,0
64100,3,1,1988,0,0,0,0,0,0,0,0,0,0
64101,0,1,1988,0,0,0,0,0,0,0,0,0,0
64101,1,1,1988,0,0,0,0,0,0,0,0,0,0
64102,1,1,1988,0,0,0,0,0,0,0,0,0,0
64103,1,1,1988,0,0,1,0,0,0,0,0,0,0
64103,2,1,1988,0,0,0,0,0,0,0,0,0,0
64104,0,1,1988,0,0,0,0,0,0,0,0,0,0
64104,1,1,1988,0,0,0,0,0,0,0,0,0,0
64105,1,1,1988,23,23,23,23,23,23,23,23,23,23
64106,0,1,1988,19,19,19,19,19,19,19,19,19,19
64106,1,1,1988,0,0,0,0,0,9,0,0,0,0
64107,0,1,1988,0,0,0,0,0,0,0,0,0,0
64107,0,2,1988,11,5,32,29,11,15,0,8,8,13
64107,1,1,1988,0,0,0,0,0,0,0,0,0,0
64108,1,1,1988,0,0,0,0,0,0,0,0,0,0
64108,2,1,1988,0,0,0,0,0,0,0,0,0,0
64109,1,1,1988,0,0,0,0,0,0,0,0,0,21
64109,2,1,1988,0,0,0,0,0,0,0,0,0,0