ST_CASE,VEH_NO,PER_NO,YEAR,P1,P2,P3,P4,P5,P6,P7,P8,P9,P10
64110,1,1,1988,25,25,25,25,25,25,25,25,25,25
64110,2,1,1988,0,0,0,0,0,0,0,0,0,0
64111,1,1,1988,0,0,0,0,0,0,0,0,0,0
64112,1,1,1988,0,0,0,0,0,0,0,0,0,0
64113,1,1,1988,0,0,0,0,0,0,0,0,0,0
64114,1,1,1988,0,0,0,0,0,0,0,0,0,0
64115,1,1,1988,15,15,15,15,15,15,15,15,15,15
64115,2,1,1988,0,0,0,0,0,0,0,0,0,0
64116,2,1,1988,16,0,8,0,0,0,0,2,0,14
64117,1,1,1988,0,0,0,0,0,0,0,0,0,0
64117,2,1,1988,24,24,24,24,24,24,24,24,24,24
64118,1,1,1988,0,0,0,0,0,0,0,0,0,0
64119,1,1,1988,0,0,0,0,0,0,0,0,0,0
64120,1,1,1988,0,0,0,0,0,0,0,0,0,0
64120,2,1,1988,0,3,0,14,5,0,0,0,0,7
64121,0,1,1988,0,0,0,0,0,0,0,0,0,0
64121,1,1,1988,0,0,0,0,0,0,0,0,0,0
64122,1,1,1988,0,0,0,0,0,0,0,0,0,0
64123,1,1,1988,26,26,26,26,26,26,26,26,26,26
64124,1,1,1988,27,27,27,27,27,27,27,27,27,27
64124,2,1,1988,0,0,0,0,0,0,0,0,0,0
64125,1,1,1988,26,26,26,26,26,26,26,26,26,26
64126,1,1,1988,2,2,2,2,2,2,2,2,2,2
64126,2,1,1988,0,0,0,0,14,3,0,0,0,0
64127,1,1,1988,19,19,19,19,19,19,19,19,19,19
64128,1,1,1988,22,22,22,22,22,22,22,22,22,22
64129,0,1,1988,0,0,0,0,0,0,0,0,0,0
64129,1,1,1988,0,0,0,0,0,0,0,0,0,0
64130,1,1,1988,19,19,19,19,19,19,19,19,19,19
64130,2,1,1988,0,0,0,0,0,0,0,0,0,0
64131,1,1,1988,0,0,0,0,0,0,0,0,0,0
64131,2,1,1988,0,0,0,0,0,0,0,0,0,0
64132,1,1,1988,0,0,0,0,0,14,0,17,0,0
64132,2,1,1988,0,0,0,0,0,0,0,0,0,0
64133,1,1,1988,19,19,19,19,19,19,19,19,19,19
64133,2,1,1988,0,0,0,0,0,0,0,0,0,0
64134,1,1,1988,13,13,13,13,13,13,13,13,13,13
64135,1,1,1988,16,0,0,24,8,15,8,28,18,5
64136,1,1,1988,18,18,18,18,18,18,18,18,18,18
64137,1,1,1988,0,0,0,0,0,0,0,0,0,0
64137,2,1,1988,0,0,0,0,0,0,0,0,0,0
64138,0,1,1988,29,29,29,29,29,29,29,29,29,29
64138,1,1,1988,0,0,0,0,0,0,0,0,0,0
64139,0,1,1988,0,0,0,0,0,0,0,0,0,0
64139,1,1,1988,0,3,0,0,0,0,0,0,0,17
64140,1,1,1988,11,11,11,11,11,11,11,11,11,11
64140,2,1,1988,0,0,0,0,0,0,0,0,0,0
64140,3,1,1988,0,0,0,0,0,0,0,0,0,0
64141,1,1,1988,22,22,22,22,22,22,22,22,22,22
64142,1,1,1988,25,25,25,25,25,25,25,25,25,25
64142,2,1,1988,0,0,0,0,0,0,0,0,0,0
64143,1,1,1988,12,12,12,12,12,12,12,12,12,12
64144,0,1,1988,7,0,0,0,11,14,0,28,19,0
64144,1,1,1988,12,12,12,12,12,12,12,12,12,12
64145,0,1,1988,19,19,19,19,19,19,19,19,19,19
64145,1,1,1988,0,0,16,14,18,0,0,0,15,16
64146,1,1,1988,0,0,0,0,0,0,0,0,0,0
64146,2,1,1988,0,0,0,0,0,0,0,0,0,0
64147,1,1,1988,0,0,0,0,0,0,0,0,0,0
64148,1,1,1988,0,0,0,0,0,0,0,0,0,0
64148,2,1,1988,0,0,0,0,0,0,0,0,0,0
64149,1,1,1988,0,0,0,0,0,0,0,0,0,0
64149,2,1,1988,0,0,0,0,0,0,0,0,0,0
64150,1,1,1988,0,0,0,0,0,0,0,0,0,0
64150,2,1,1988,0,0,0,0,0,0,0,0,0,0
64151,1,1,1988,2,2,2,2,2,2,2,2,2,2
64151,2,1,1988,0,0,0,0,0,0,0,0,0,0
64151,3,1,1988,0,0,0,0,0,0,0,0,0,0
64151,4,1,1988,0,0,0,0,0,0,0,0,0,0
64151,5,1,1988,0,0,0,0,0,0,0,0,0,0
64151,6,1,1988,0,0,0,0,0,0,0,0,0,0
64151,7,1,1988,0,0,0,0,0,0,0,0,0,0
64152,1,1,1988,0,0,0,0,0,0,0,0,0,0
64152,2,1,1988,0,0,0,0,0,0,0,0,0,0
64153,1,1,1988,25,25,25,25,25,25,25,25,25,25
64153,2,1,1988,0,0,0,0,0,0,0,0,0,0
64154,1,1,1988,0,0,0,0,0,0,0,0,0,0
64155,1,1,1988,16,16,16,16,16,16,16,16,16,16
64155,2,1,1988,0,0,0,0,0,0,0,0,0,0
64156,1,1,1988,14,14,14,14,14,14,14,14,14,14
64156,2,1,1988,0,0,15,0,0,0,0,0,0,0
64157,1,1,1988,21,21,21,21,21,21,21,21,21,21
64158,1,1,1988,16,16,16,16,16,16,16,16,16,16
64158,2,1,1988,0,0,0,0,0,0,0,0,0,0
64159,1,1,1988,0,0,0,0,0,0,0,0,0,0
64160,1,1,1988,28,0,20,0,0,4,15,20,0,0
64161,1,1,1988,15,15,15,15,15,15,15,15,15,15
64162,1,1,1988,9,9,9,9,9,9,9,9,9,9
64162,2,1,1988,7,7,7,7,7,7,7,7,7,7
64163,1,1,1988,12,12,12,12,12,12,12,12,12,12
64164,1,1,1988,3,3,3,3,3,3,3,3,3,3
64165,1,1,1988,0,0,0,0,0,0,0,0,0,0
64165,2,1,1988,0,0,0,0,0,0,0,0,0,0
64165,3,1,1988,0,0,0,0,0,0,0,0,0,0
64166,1,1,1988,5,5,5,5,5,5,5,5,5,5
64167,0,1,1988,0,0,0,0,0,0,22,13,0,0
64167,1,1,1988,15,0,7,0,0,28,0,0,0,7
64168,0,1,1988,16,16,16,16,16,16,16,16,16,16
64168,1,1,1988,0,0,0,0,17,0,0,0,0,0
64169,1,1,1988,13,13,13,13,13,13,13,13,13,13
64169,2,1,1988,10,10,10,10,10,10,10,10,10,10
64170,1,1,1988,6,6,6,6,6,6,6,6,6,6
64171,0,1,1988,0,0,0,0,0,0,0,0,0,0
64171,1,1,1988,12,0,18,0,0,0,17,0,13,0
64172,1,1,1988,22,22,22,22,22,22,22,22,22,22
64173,1,1,1988,16,16,16,16,16,16,16,16,16,16
64174,1,1,1988,0,0,0,0,0,0,0,0,0,0
64174,2,1,1988,0,0,0,0,0,0,0,0,0,4
64175,1,1,1988,0,0,0,0,0,0,0,0,0,0
64175,2,1,1988,21,0,0,0,0,0,0,0,0,0
64176,1,1,1988,22,22,22,22,22,22,22,22,22,22
64176,2,1,1988,0,0,0,0,0,0,0,0,0,0
64177,1,1,1988,13,13,13,13,13,13,13,13,13,13
64177,2,1,1988,0,0,14,0,0,0,0,0,0,0
64178,1,1,1988,10,10,10,10,10,10,10,10,10,10
64179,1,1,1988,0,10,0,0,7,0,0,0,0,0
64180,0,1,1988,0,0,0,0,0,0,0,0,0,0
64180,1,1,1988,0,0,0,0,0,0,0,0,0,0
64181,1,1,1988,0,0,0,0,0,0,0,0,0,0
64181,2,1,1988,0,0,0,0,0,0,0,0,0,0
64182,1,1,1988,28,27,29,27,26,14,11,21,15,25
64182,2,1,1988,0,0,21,0,0,15,0,0,18,0
64183,0,1,1988,0,0,0,0,0,0,0,0,0,0
64183,1,1,1988,0,0,0,0,0,0,0,0,0,0
64184,0,1,1988,0,0,0,0,0,0,0,0,0,0
64184,1,1,1988,0,0,0,0,10,0,0,0,2,0
64185,0,1,1988,0,0,0,0,0,0,0,0,0,0
64185,1,1,1988,6,10,0,19,0,0,0,0,0,0
64186,1,1,1988,15,15,15,15,15,15,15,15,15,15
64187,1,1,1988,0,0,0,0,0,0,0,0,0,0
64187,2,1,1988,0,0,0,0,0,0,0,0,0,0
64188,1,1,1988,0,0,0,0,0,0,0,0,0,0
64188,2,1,1988,0,0,0,0,0,0,0,0,0,0
64189,1,1,1988,20,20,20,20,20,20,20,20,20,20
64189,2,1,1988,0,0,0,0,0,0,0,0,0,0
64189,3,1,1988,0,0,6,0,0,25,0,0,0,0
64190,1,1,1988,15,15,15,15,15,15,15,15,15,15
64191,1,1,1988,14,14,14,14,14,14,14,14,14,14
64192,1,1,1988,4,4,4,4,4,4,4,4,4,4
64193,1,1,1988,2,2,2,2,2,2,2,2,2,2
64194,1,1,1988,0,0,20,0,0,24,20,13,0,21
64195,1,1,1988,14,14,14,14,14,14,14,14,14,14
64196,1,1,1988,0,0,0,0,0,0,0,0,0,0
64196,2,1,1988,0,0,0,0,0,0,0,0,0,0
64197,1,1,1988,0,8,0,0,0,0,20,0,0,0
64197,2,1,1988,8,8,8,8,8,8,8,8,8,8
64197,3,1,1988,0,0,0,0,0,0,0,0,0,0
64198,1,1,1988,9,9,9,9,9,9,9,9,9,9
64198,2,1,1988,1,1,1,1,1,1,1,1,1,1
64198,3,1,1988,0,0,0,0,0,0,0,0,0,0
64199,1,1,1988,10,10,10,10,10,10,10,10,10,10
64199,2,1,1988,0,0,0,0,0,0,0,0,0,0
64200,0,1,1988,18,18,18,18,18,18,18,18,18,18
64200,1,1,1988,0,0,10,0,11,0,4,0,7,21
64201,0,1,1988,0,0,0,0,0,0,0,0,0,0
64201,1,1,1988,0,0,0,0,8,0,0,0,0,0
64202,0,1,1988,0,0,0,0,0,0,0,0,0,0
64202,1,1,1988,0,0,0,0,0,0,20,0,0,0
64203,1,1,1988,0,0,0,0,0,0,0,0,0,0
64204,1,1,1988,20,20,20,20,20,20,20,20,20,20
64204,2,1,1988,11,7,16,3,9,4,0,0,13,0
64204,3,1,1988,0,0,0,0,0,0,0,0,0,0
64205,0,1,1988,0,0,0,0,0,0,0,0,0,0
64205,1,1,1988,0,0,5,0,0,0,0,0,0,0
64206,1,1,1988,16,16,16,16,16,16,16,16,16,16
64207,1,1,1988,0,3,0,0,0,0,0,35,0,0
64207,2,1,1988,0,0,0,0,0,0,0,0,0,0
64207,3,1,1988,0,0,0,0,0,0,0,0,0,0
64208,1,1,1988,0,0,0,0,0,0,0,0,0,0
64208,2,1,1988,0,0,0,0,0,0,0,0,0,0
64209,1,1,1988,0,0,0,0,0,0,0,0,0,0
64209,2,1,1988,2,2,2,2,2,2,2,2,2,2
64210,1,1,1988,22,22,22,22,22,22,22,22,22,22
64211,0,1,1988,29,0,30,0,14,0,0,23,9,0
64211,1,1,1988,0,0,0,0,0,0,0,0,0,0
64212,1,1,1988,0,11,0,0,0,0,0,0,0,0
64213,0,1,1988,0,0,0,0,0,0,0,0,0,0
64213,1,1,1988,0,0,0,0,0,0,0,14,0,0
64214,1,1,1988,0,0,0,0,0,0,0,0,0,0
64214,2,1,1988,0,0,0,0,0,0,0,0,0,0
64215,1,1,1988,0,0,0,0,0,0,0,0,0,0
64215,2,1,1988,0,0,0,0,0,0,0,0,0,0
64216,1,1,1988,25,25,25,25,25,25,25,25,25,25
64217,1,1,1988,0,0,0,0,0,0,0,0,0,0
64217,2,1,1988,0,0,0,0,0,0,4,0,0,0
64217,3,1,1988,0,0,0,0,0,0,0,0,0,0
64218,0,1,1988,0,0,0,0,0,0,0,0,0,0
64218,1,1,1988,0,0,0,0,0,0,0,0,0,0
64218,2,1,1988,0,0,0,0,0,0,0,0,0,0
64219,1,1,1988,15,15,15,15,15,15,15,15,15,15
64219,2,1,1988,0,0,0,0,0,0,0,0,0,0
64220,1,1,1988,16,16,16,16,16,16,16,16,16,16
64221,0,1,1988,0,0,0,0,0,0,0,0,0,0
64221,1,1,1988,0,0,0,14,0,0,0,0,0,0
64222,1,1,1988,0,0,0,0,0,0,0,0,0,0
64222,2,1,1988,0,0,0,0,0,0,0,0,0,0
64223,1,1,1988,12,12,12,12,12,12,12,12,12,12
64224,1,1,1988,0,0,0,0,0,0,0,0,0,0
64224,2,1,1988,0,0,0,0,0,0,0,17,0,0
64225,0,1,1988,0,0,0,0,0,0,0,0,0,0
64225,1,1,1988,0,0,0,0,0,0,0,0,0,0
64226,1,1,1988,0,0,0,0,0,0,0,0,0,0
64226,2,1,1988,0,0,0,0,0,0,0,0,0,0
64227,0,1,1988,16,23,9,8,28,43,11,38,13,5
64227,1,1,1988,0,0,0,0,0,0,0,0,0,0
64228,1,1,1988,0,0,0,0,0,0,0,8,0,0
64228,2,1,1988,0,0,0,0,0,0,0,0,0,0
64229,1,1,1988,0,0,0,0,0,0,0,0,0,0
64229,2,1,1988,0,0,0,0,0,0,0,0,0,0
64230,1,1,1988,0,0,0,0,0,0,0,0,0,0
64230,2,1,1988,0,0,0,0,0,0,0,0,0,0
64231,1,1,1988,0,0,11,0,0,0,0,0,0,0
64231,2,1,1988,0,0,0,0,0,0,0,0,19,0
64232,1,1,1988,0,0,0,0,0,0,0,0,0,0
64232,2,1,1988,0,0,0,0,0,0,0,0,0,0
64233,1,1,1988,0,0,0,0,0,0,0,0,0,0
64233,2,1,1988,0,0,0,0,0,0,0,0,0,0
64234,1,1,1988,0,0,0,0,0,0,0,0,0,0
64235,1,1,1988,5,5,5,5,5,5,5,5,5,5
64236,1,1,1988,0,0,0,0,0,0,0,0,0,0
64236,2,1,1988,16,2,0,8,0,23,11,0,27,1
64237,0,1,1988,0,0,0,0,0,0,0,0,0,0
64237,1,1,1988,11,11,11,11,11,11,11,11,11,11
64238,1,1,1988,17,17,17,17,17,17,17,17,17,17
64239,1,1,1988,12,12,12,12,12,12,12,12,12,12
64240,1,1,1988,9,9,9,9,9,9,9,9,9,9
64241,1,1,1988,14,14,14,14,14,14,14,14,14,14
64241,2,1,1988,12,0,0,0,0,0,0,0,0,0
64242,1,1,1988,23,23,23,23,23,23,23,23,23,23
64242,2,1,1988,0,39,0,0,0,0,0,0,0,0
64243,1,1,1988,20,20,20,20,20,20,20,20,20,20
64244,1,1,1988,12,0,10,0,11,20,22,14,9,12
64245,0,1,1988,0,0,0,0,0,0,13,0,0,0
64245,1,1,1988,0,0,0,0,0,0,0,0,0,0
64246,0,1,1988,0,0,0,0,0,0,0,0,0,0
64246,1,1,1988,0,0,0,0,0,0,0,0,0,0
64247,0,1,1988,14,14,14,14,14,14,14,14,14,14
64247,1,1,1988,0,0,0,0,0,0,0,0,0,0
64248,1,1,1988,19,19,19,19,19,19,19,19,19,19
64248,2,1,1988,1,1,1,1,1,1,1,1,1,1
64249,1,1,1988,14,14,14,14,14,14,14,14,14,14
64250,0,1,1988,23,23,23,23,23,23,23,23,23,23
64250,1,1,1988,0,0,0,0,0,0,0,0,0,0
64251,1,1,1988,0,19,0,0,22,0,0,0,0,21
64251,2,1,1988,0,0,0,0,0,0,0,0,0,0
64252,0,1,1988,7,7,7,7,7,7,7,7,7,7
64252,1,1,1988,0,0,0,0,0,0,0,0,0,0
64253,0,1,1988,41,41,41,41,41,41,41,41,41,41
64253,1,1,1988,0,0,0,0,0,0,0,0,0,0
64254,1,1,1988,0,0,0,0,0,0,0,0,0,0
64254,2,1,1988,0,0,0,0,0,0,0,0,0,0
64255,0,1,1988,0,0,0,0,0,0,0,0,0,0
64255,1,1,1988,0,0,0,0,0,0,0,0,0,0
64256,1,1,1988,0,0,0,0,0,0,3,0,0,0
64256,2,1,1988,0,0,0,0,0,0,0,0,0,0
64256,3,1,1988,0,0,0,0,0,0,0,0,0,0
64257,1,1,1988,18,18,18,18,18,18,18,18,18,18
64257,2,1,1988,0,0,0,0,0,0,0,0,0,0
64257,3,1,1988,0,0,0,0,0,0,0,0,0,0
64257,4,1,1988,0,0,0,0,0,0,0,0,0,0
64258,1,1,1988,0,0,0,0,0,0,0,0,0,0
64258,2,1,1988,16,4,8,5,9,28,8,0,10,0
64259,0,1,1988,0,0,0,0,0,0,0,0,0,0
64259,1,1,1988,3,3,3,3,3,3,3,3,3,3
64260,1,1,1988,19,19,19,19,19,19,19,19,19,19
64260,2,1,1988,0,0,0,0,0,12,0,0,0,0
64261,0,1,1988,0,0,0,0,0,0,0,0,0,0
64261,1,1,1988,0,0,0,0,0,0,0,0,0,0
64262,1,1,1988,13,32,0,21,9,10,13,7,6,14
64262,2,1,1988,0,0,0,0,0,0,0,0,0,0
64263,1,1,1988,17,17,17,17,17,17,17,17,17,17
64264,1,1,1988,0,0,0,0,0,0,0,0,0,0
64264,2,1,1988,0,0,0,0,0,0,9,0,0,0
64265,1,1,1988,0,0,20,0,18,0,4,0,0,10
64265,2,1,1988,26,26,26,26,26,26,26,26,26,26
64266,1,1,1988,0,0,0,0,0,0,0,0,0,0
64267,0,1,1988,0,0,0,0,0,0,0,0,0,0
64267,0,2,1988,0,0,0,0,0,0,7,0,0,0
64267,1,1,1988,0,0,0,0,0,0,0,0,0,0
64268,0,1,1988,0,0,0,0,0,0,0,0,0,0
64268,1,1,1988,0,0,0,0,8,0,0,0,0,0
64269,1,1,1988,24,24,24,24,24,24,24,24,24,24
64269,2,1,1988,0,0,0,0,0,0,0,0,0,0
64270,1,1,1988,25,25,25,25,25,25,25,25,25,25
64270,2,1,1988,0,0,0,0,0,0,0,0,0,0
64271,1,1,1988,25,25,25,25,25,25,25,25,25,25
64272,1,1,1988,0,0,0,0,0,0,0,0,0,0
64273,1,1,1988,19,19,19,19,19,19,19,19,19,19
64273,2,1,1988,3,3,3,3,3,3,3,3,3,3
64274,1,1,1988,10,10,10,10,10,10,10,10,10,10
64275,0,1,1988,29,29,29,29,29,29,29,29,29,29
64275,1,1,1988,0,0,0,0,0,0,0,0,0,0
64275,2,1,1988,0,0,0,0,0,0,0,0,0,0
64277,1,1,1988,0,0,0,0,0,0,0,0,10,19
64277,2,1,1988,0,0,0,14,0,0,0,0,0,0
64278,1,1,1988,0,0,0,0,0,0,0,0,0,0
64278,2,1,1988,0,0,0,0,0,10,13,22,0,0
64279,0,1,1988,0,0,0,0,0,0,0,0,0,0
64279,1,1,1988,0,0,0,0,0,0,0,0,0,0
64280,1,1,1988,8,8,8,8,8,8,8,8,8,8
64281,1,1,1988,14,14,14,14,14,14,14,14,14,14
64282,1,1,1988,10,10,10,10,10,10,10,10,10,10
64282,2,1,1988,11,0,0,0,0,0,0,0,4,0
64283,1,1,1988,0,0,0,0,0,0,0,0,0,0
64283,2,1,1988,0,0,0,0,0,0,0,0,0,0
64284,1,1,1988,11,11,11,11,11,11,11,11,11,11
64284,2,1,1988,0,0,0,0,0,0,0,0,0,0
64285,1,1,1988,10,10,10,10,10,10,10,10,10,10
64285,2,1,1988,0,0,0,0,0,0,0,0,0,0
64286,1,1,1988,8,8,8,8,8,8,8,8,8,8
64287,0,1,1988,23,10,0,12,15,0,31,0,0,0
64287,1,1,1988,0,0,0,0,0,0,0,0,0,0
64287,2,1,1988,4,17,12,26,7,0,6,29,15,13
64287,3,1,1988,20,14,17,10,10,29,24,16,9,0
64287,4,1,1988,0,38,11,12,9,0,14,0,18,0
64288,1,1,1988,0,0,0,0,0,0,0,0,0,0
64288,2,1,1988,0,0,0,0,0,0,0,0,0,22
64289,1,1,1988,25,25,25,25,25,25,25,25,25,25
64289,2,1,1988,0,0,0,0,0,0,0,0,0,0
64290,1,1,1988,24,24,24,24,24,24,24,24,24,24
64291,0,1,1988,0,0,0,0,0,0,0,0,0,0
64291,0,2,1988,13,30,39,13,0,24,0,15,15,12
64291,0,3,1988,20,19,20,6,12,19,30,20,10,42
64291,1,1,1988,21,21,21,21,21,21,21,21,21,21
64292,1,1,1988,13,13,13,13,13,13,13,13,13,13
64293,1,1,1988,0,0,0,0,0,0,0,0,0,0
64294,1,1,1988,11,11,11,11,11,11,11,11,11,11
64294,2,1,1988,19,19,19,19,19,19,19,19,19,19
64295,0,1,1988,0,0,0,0,0,0,0,0,0,0
64295,1,1,1988,0,0,0,0,0,0,0,0,0,0
64295,2,1,1988,0,0,0,0,0,0,0,0,0,0
64296,1,1,1988,0,0,0,0,0,0,0,0,0,0
64297,1,1,1988,0,0,0,0,0,0,0,0,0,0
64297,2,1,1988,0,16,12,0,0,0,0,0,0,0
64298,1,1,1988,0,0,0,0,0,22,0,0,0,0
64298,2,1,1988,0,0,0,0,0,0,0,0,7,0
64299,0,1,1988,0,0,0,0,0,0,0,0,0,0
64299,1,1,1988,0,0,0,0,0,0,0,0,0,0
64300,1,1,1988,0,0,0,0,0,0,0,6,0,0
64300,2,1,1988,2,2,2,2,2,2,2,2,2,2
64301,0,1,1988,0,0,0,0,0,0,0,0,0,0
64301,1,1,1988,0,0,0,0,0,0,13,0,0,0
64302,0,1,1988,0,0,0,0,0,0,18,11,0,0
64302,1,1,1988,0,0,0,0,0,0,0,0,0,0
64303,0,1,1988,0,0,0,0,0,24,0,15,27,0
64303,1,1,1988,10,0,4,0,0,0,0,28,0,0
64304,1,1,1988,28,28,28,28,28,28,28,28,28,28
64305,1,1,1988,0,0,0,0,0,0,0,0,0,0
64305,2,1,1988,0,0,0,0,0,0,0,0,0,0
64305,3,1,1988,0,0,0,0,0,0,0,0,0,0
64305,4,1,1988,0,0,0,0,0,0,0,0,0,0
64305,5,1,1988,0,0,2,0,0,0,0,0,0,0
64305,6,1,1988,0,0,0,0,0,0,0,0,0,0
64306,1,1,1988,0,0,0,0,0,0,0,0,0,0
64306,2,1,1988,0,0,0,0,0,0,0,0,0,0
64307,1,1,1988,22,22,22,22,22,22,22,22,22,22
64307,2,1,1988,0,0,0,0,0,0,0,0,0,0
64308,1,1,1988,0,0,0,0,0,0,0,0,0,0
64308,2,1,1988,0,0,0,0,0,0,0,0,0,0
64309,0,1,1988,29,29,29,29,29,29,29,29,29,29
64309,1,1,1988,0,0,0,0,10,0,0,11,0,0
64310,0,1,1988,35,35,35,35,35,35,35,35,35,35
64310,1,1,1988,0,0,0,0,0,0,0,0,0,0
64311,0,1,1988,15,0,0,0,0,0,22,9,0,0
64311,1,1,1988,0,0,0,0,0,0,0,0,0,0
64312,0,1,1988,0,0,0,0,0,0,0,0,0,0
64312,1,1,1988,0,0,0,0,0,0,0,0,0,0
64313,1,1,1988,15,15,15,15,15,15,15,15,15,15
64314,0,1,1988,12,12,12,12,12,12,12,12,12,12
64314,1,1,1988,0,0,0,0,0,0,0,0,0,0
64315,1,1,1988,4,9,0,0,0,0,12,0,22,7
64315,2,1,1988,15,0,23,0,0,0,0,0,7,0
64316,1,1,1988,0,0,0,0,0,0,0,0,0,0
64317,0,1,1988,0,0,0,0,0,0,0,0,0,0
64317,1,1,1988,18,18,18,18,18,18,18,18,18,18
64318,1,1,1988,0,0,0,0,0,0,0,0,0,0
64318,2,1,1988,0,0,0,0,0,0,0,0,0,0
64319,1,1,1988,0,0,0,0,0,0,0,0,0,0
64319,2,1,1988,0,0,0,0,0,0,0,0,0,0
64320,1,1,1988,0,0,0,0,0,0,0,0,0,0
64320,2,1,1988,0,0,0,0,0,0,0,0,0,0
64321,0,1,1988,0,0,0,0,0,0,0,0,0,0
64321,1,1,1988,0,0,0,0,0,0,0,4,0,19
64322,1,1,1988,0,0,0,0,0,0,0,0,0,0
64322,2,1,1988,0,0,0,0,0,0,0,0,0,0
64323,1,1,1988,0,0,0,0,0,0,0,0,0,0
64323,2,1,1988,0,0,0,0,0,0,0,0,0,0
64323,3,1,1988,0,0,0,0,0,0,0,0,0,0
64324,1,1,1988,0,0,0,0,0,0,0,20,0,0
64324,2,1,1988,0,0,0,0,0,0,0,0,0,0
64325,1,1,1988,0,0,0,0,0,0,0,0,0,0
64325,2,1,1988,0,0,0,0,0,0,0,0,0,0
64326,1,1,1988,0,0,0,0,0,0,22,0,0,0
64327,1,1,1988,0,0,0,0,0,0,0,0,0,0
64328,1,1,1988,0,0,0,0,0,0,0,0,0,0
64328,2,1,1988,0,0,0,0,0,0,0,0,0,0
64329,1,1,1988,23,23,23,23,23,23,23,23,23,23
64330,1,1,1988,0,0,0,31,22,0,0,0,0,0
64330,2,1,1988,0,0,0,0,0,0,0,0,0,0
64330,3,1,1988,0,0,7,6,0,0,0,0,0,0
64331,0,1,1988,0,0,9,0,41,0,0,0,6,0
64331,1,1,1988,0,0,0,0,0,0,0,0,0,0
64332,1,1,1988,0,0,0,0,0,0,0,0,0,0
64332,2,1,1988,0,0,0,0,0,0,0,0,0,0
64333,1,1,1988,16,16,16,16,16,16,16,16,16,16
64333,2,1,1988,13,13,13,13,13,13,13,13,13,13
64334,1,1,1988,0,0,0,0,0,0,0,0,0,0
64334,2,1,1988,27,27,27,27,27,27,27,27,27,27
64335,1,1,1988,6,6,6,6,6,6,6,6,6,6
64336,0,1,1988,15,11,21,32,0,17,0,0,0,26
64336,1,1,1988,0,0,0,0,11,0,0,0,0,0
64336,2,1,1988,0,0,0,0,0,0,0,0,0,0
64337,1,1,1988,0,0,0,0,0,0,0,0,0,0
64338,1,1,1988,0,0,0,0,0,0,0,0,0,0
64339,1,1,1988,0,0,0,0,0,0,0,0,0,0
64339,2,1,1988,0,0,0,0,0,0,0,0,0,0
64340,0,1,1988,0,0,0,0,0,0,0,0,0,0
64340,1,1,1988,0,0,0,0,0,0,0,0,0,0
64341,1,1,1988,33,33,33,33,33,33,33,33,33,33
64341,2,1,1988,0,0,0,0,0,0,0,0,0,0
64342,1,1,1988,0,0,0,0,0,0,0,0,0,0
64343,1,1,1988,0,0,0,0,0,0,0,0,0,0
64343,2,1,1988,0,0,0,0,0,0,0,0,0,0
64344,1,1,1988,0,0,0,0,0,0,0,0,0,0
64344,2,1,1988,0,0,0,0,0,0,0,0,0,0
64345,1,1,1988,0,0,0,0,0,0,0,0,0,0
64345,2,1,1988,0,0,0,0,0,0,0,0,0,0
64345,3,1,1988,0,0,0,0,0,0,0,0,0,0
64346,1,1,1988,0,0,0,0,0,0,0,0,0,0
64347,0,1,1988,0,0,0,0,0,0,0,0,0,0
64347,1,1,1988,0,0,0,0,0,0,0,0,0,0
64348,0,1,1988,0,0,0,0,0,0,0,0,0,0
64348,1,1,1988,0,0,0,0,0,0,0,0,0,0
64349,1,1,1988,0,0,0,0,0,0,0,0,0,0
64350,1,1,1988,6,6,6,6,6,6,6,6,6,6
64350,2,1,1988,0,0,0,0,0,0,0,0,0,0
64351,1,1,1988,22,22,22,22,22,22,22,22,22,22
64352,1,1,1988,16,16,16,16,16,16,16,16,16,16
64352,2,1,1988,0,0,0,0,0,0,0,0,0,0
64353,0,1,1988,24,24,24,24,24,24,24,24,24,24
64353,1,1,1988,0,0,31,0,0,0,0,0,0,0
64354,1,1,1988,0,0,0,0,0,0,0,0,0,0
64354,2,1,1988,0,0,0,0,0,0,0,0,0,0
64355,1,1,1988,5,5,5,5,5,5,5,5,5,5
64356,1,1,1988,9,9,9,9,9,9,9,9,9,9
64357,1,1,1988,10,10,10,10,10,10,10,10,10,10
64357,2,1,1988,0,0,0,0,0,0,0,0,0,0
64358,1,1,1988,0,0,0,0,0,0,0,0,0,0
64358,2,1,1988,0,0,0,0,0,0,0,21,0,0
64359,1,1,1988,24,24,24,24,24,24,24,24,24,24
64359,2,1,1988,2,2,2,2,2,2,2,2,2,2
64360,1,1,1988,4,4,4,4,4,4,4,4,4,4
64360,2,1,1988,0,0,0,0,0,0,0,0,0,0
64361,1,1,1988,20,20,20,20,20,20,20,20,20,20
64361,2,1,1988,0,0,0,0,0,0,0,0,0,0
64362,1,1,1988,32,32,32,32,32,32,32,32,32,32
64363,0,1,1988,10,10,10,10,10,10,10,10,10,10
64363,1,1,1988,0,0,0,0,0,0,0,0,0,0
64364,1,1,1988,25,25,25,25,25,25,25,25,25,25
64365,1,1,1988,0,0,0,0,0,0,0,0,8,0
64365,2,1,1988,0,0,0,0,0,0,0,0,0,0
64366,1,1,1988,18,18,18,18,18,18,18,18,18,18
64367,1,1,1988,0,0,0,0,0,0,0,0,0,0
64367,2,1,1988,0,0,0,0,0,0,0,0,0,0
64368,1,1,1988,16,16,16,16,16,16,16,16,16,16
64369,1,1,1988,0,0,0,0,0,0,0,0,0,0
64369,2,1,1988,0,0,0,0,0,0,0,0,0,0
64370,1,1,1988,0,0,0,0,0,0,0,0,0,0
64370,2,1,1988,0,0,0,0,0,0,0,0,0,0
64371,1,1,1988,13,13,13,13,13,13,13,13,13,13
64372,1,1,1988,0,0,0,0,0,0,0,0,0,0
64372,2,1,1988,0,33,0,0,0,0,0,0,0,0
64373,1,1,1988,0,0,0,0,0,0,0,0,0,0
64373,2,1,1988,9,9,9,9,9,9,9,9,9,9
64374,1,1,1988,0,0,0,0,0,0,0,0,0,0
64374,2,1,1988,0,0,0,0,0,0,0,0,0,0
64375,0,1,1988,0,0,0,0,0,0,0,0,0,0
64375,1,1,1988,0,0,0,0,0,0,0,0,0,6