ST_CASE,VEH_NO,PER_NO,YEAR,P1,P2,P3,P4,P5,P6,P7,P8,P9,P10
64375,2,1,1988,0,0,0,0,0,0,0,0,0,0
64376,1,1,1988,0,0,0,0,0,0,0,0,0,0
64376,2,1,1988,0,0,0,0,0,0,0,0,0,0
64377,1,1,1988,0,0,0,0,0,0,0,0,0,0
64377,2,1,1988,0,0,0,0,0,0,0,0,0,0
64377,3,1,1988,0,0,0,0,0,0,0,0,0,0
64377,4,1,1988,0,0,0,0,0,0,0,0,0,0
64377,5,1,1988,0,0,0,0,0,0,0,0,0,0
64377,6,1,1988,0,0,0,0,0,0,0,0,0,0
64377,7,1,1988,0,0,0,0,0,0,0,0,0,0
64377,8,1,1988,0,0,0,0,0,0,0,0,0,0
64378,1,1,1988,0,0,0,0,0,0,0,0,0,0
64379,1,1,1988,0,0,0,0,0,0,0,0,0,0
64379,2,1,1988,0,37,0,0,0,0,0,0,0,0
64379,3,1,1988,0,21,0,0,0,0,0,0,17,0
64380,1,1,1988,21,11,15,0,6,11,10,21,5,5
64381,0,1,1988,0,0,0,0,0,0,0,0,0,0
64381,1,1,1988,0,0,0,0,0,0,0,0,0,0
64382,1,1,1988,16,16,16,16,16,16,16,16,16,16
64383,1,1,1988,30,30,30,30,30,30,30,30,30,30
64384,0,1,1988,27,27,27,27,27,27,27,27,27,27
64384,1,1,1988,10,0,0,0,0,0,0,0,0,0
64385,0,1,1988,22,22,22,22,22,22,22,22,22,22
64385,1,1,1988,0,0,0,0,0,0,0,0,0,0
64385,2,1,1988,0,0,0,0,0,0,0,0,0,0
64386,1,1,1988,0,0,0,0,0,0,0,0,0,0
64387,1,1,1988,21,21,21,21,21,21,21,21,21,21
64388,0,1,1988,0,0,0,0,0,0,0,0,0,0
64388,1,1,1988,0,0,10,6,35,0,0,0,17,0
64389,1,1,1988,0,0,0,0,11,0,0,0,0,0
64389,2,1,1988,0,0,0,0,0,0,0,0,0,0
64390,1,1,1988,0,0,0,0,0,0,0,0,0,0
64390,2,1,1988,0,0,0,0,0,0,0,0,0,0
64391,1,1,1988,0,0,0,0,0,0,0,0,0,0
64392,1,1,1988,16,16,16,16,16,16,16,16,16,16
64392,2,1,1988,0,0,0,0,0,0,0,0,0,0
64393,0,1,1988,0,0,0,0,0,0,0,0,0,0
64393,0,2,1988,0,0,0,0,0,0,0,0,0,0
64393,1,1,1988,7,7,7,7,7,7,7,7,7,7
64394,1,1,1988,16,16,16,16,16,16,16,16,16,16
64394,2,1,1988,5,5,5,5,5,5,5,5,5,5
64395,1,1,1988,0,0,0,0,0,0,0,0,0,0
64395,2,1,1988,8,8,8,8,8,8,8,8,8,8
64395,3,1,1988,17,12,19,0,14,7,9,23,7,16
64395,4,1,1988,0,0,0,0,0,0,0,0,0,0
64395,5,1,1988,0,0,0,0,0,0,0,0,0,0
64396,1,1,1988,26,26,26,26,26,26,26,26,26,26
64397,1,1,1988,0,0,0,0,0,0,0,0,0,0
64398,1,1,1988,13,13,13,13,13,13,13,13,13,13
64399,1,1,1988,17,17,17,17,17,17,17,17,17,17
64399,2,1,1988,0,0,21,0,0,0,0,0,0,0
64399,3,1,1988,0,0,0,0,0,0,0,0,0,0
64400,1,1,1988,0,0,0,0,0,0,0,0,0,0
64400,2,1,1988,0,0,0,0,0,0,0,0,0,0
64401,1,1,1988,0,0,0,0,0,0,0,0,0,0
64401,2,1,1988,0,0,0,0,0,0,0,0,0,0
64402,1,1,1988,24,24,24,24,24,24,24,24,24,24
64403,0,1,1988,0,0,0,0,0,0,0,0,0,0
64403,1,1,1988,0,0,0,0,0,0,0,0,0,0
64404,1,1,1988,0,0,0,0,0,0,0,0,0,0
64404,2,1,1988,0,0,6,14,0,6,0,0,0,0
64405,0,1,1988,27,27,27,27,27,27,27,27,27,27
64405,1,1,1988,0,0,19,0,0,0,0,0,0,0
64406,1,1,1988,0,0,0,0,0,0,0,0,0,0
64407,1,1,1988,10,10,10,10,10,10,10,10,10,10
64408,0,1,1988,0,0,0,0,0,0,26,0,0,0
64408,1,1,1988,0,0,0,0,0,0,0,0,0,0
64409,0,1,1988,13,12,32,4,20,12,13,24,37,15
64409,1,1,1988,0,0,0,0,0,0,0,0,0,0
64410,0,1,1988,0,0,0,0,9,0,0,0,0,7
64410,1,1,1988,0,0,9,0,0,0,0,0,12,0
64411,1,1,1988,20,20,20,20,20,20,20,20,20,20
64411,2,1,1988,0,0,0,0,0,0,0,0,0,0
64412,1,1,1988,0,0,0,0,0,0,0,0,0,0
64412,2,1,1988,1,1,1,1,1,1,1,1,1,1
64413,1,1,1988,25,25,25,25,25,25,25,25,25,25
64414,1,1,1988,13,13,13,13,13,13,13,13,13,13
64415,1,1,1988,0,0,0,0,0,0,0,0,0,0
64415,2,1,1988,0,0,0,0,0,0,0,0,0,0
64416,1,1,1988,15,15,15,15,15,15,15,15,15,15
64417,1,1,1988,18,18,18,18,18,18,18,18,18,18
64418,0,1,1988,0,0,0,0,0,0,0,0,0,0
64418,1,1,1988,0,0,0,0,0,0,0,0,0,0
64419,0,1,1988,0,0,0,0,0,0,0,0,0,0
64419,1,1,1988,0,0,0,0,0,0,0,0,0,0
64420,1,1,1988,0,0,0,0,0,0,0,0,0,0
64420,2,1,1988,25,29,22,11,8,11,22,0,24,26
64421,0,1,1988,0,0,0,0,0,0,0,0,0,0
64421,1,1,1988,0,0,0,0,0,0,26,0,0,0
64422,0,1,1988,0,0,0,0,0,0,0,0,0,0
64422,1,1,1988,0,0,0,0,0,0,0,0,0,0
64423,1,1,1988,0,0,0,0,0,0,0,0,0,0
64423,2,1,1988,0,0,0,0,0,0,0,0,0,0
64424,1,1,1988,0,0,0,0,0,0,0,0,0,0
64425,1,1,1988,0,0,0,0,0,0,0,0,0,0
64425,2,1,1988,0,0,0,0,0,0,0,0,0,0
64426,1,1,1988,10,10,10,10,10,10,10,10,10,10
64427,1,1,1988,0,0,0,0,0,0,0,0,0,0
64427,2,1,1988,0,0,0,0,0,0,0,0,0,0
64427,3,1,1988,0,0,0,0,0,0,0,0,0,0
64427,4,1,1988,0,0,0,0,0,0,0,0,0,0
64428,0,1,1988,39,39,39,39,39,39,39,39,39,39
64428,1,1,1988,0,0,0,0,0,0,0,0,0,0
64429,1,1,1988,21,21,21,21,21,21,21,21,21,21
64429,2,1,1988,0,0,0,0,0,0,0,0,0,0
64430,0,1,1988,27,27,27,27,27,27,27,27,27,27
64430,2,1,1988,0,0,0,0,0,0,0,0,0,0
64430,3,1,1988,0,0,0,0,0,0,0,0,0,0
64431,1,1,1988,5,5,5,5,5,5,5,5,5,5
64432,1,1,1988,19,19,19,19,19,19,19,19,19,19
64433,1,1,1988,0,0,0,0,0,0,0,0,0,0
64434,0,1,1988,0,0,0,0,0,0,0,0,0,0
64434,1,1,1988,0,0,0,0,4,0,0,0,0,0
64435,1,1,1988,0,0,0,0,0,0,0,0,0,0
64435,2,1,1988,0,0,0,0,16,0,0,0,0,0
64435,3,1,1988,0,0,0,0,0,0,0,0,0,0
64436,1,1,1988,0,0,0,0,0,0,0,0,0,0
64436,2,1,1988,0,0,0,0,0,0,0,0,0,0
64437,1,1,1988,0,0,0,0,0,0,0,0,0,0
64437,2,1,1988,0,0,0,0,0,0,0,0,0,0
64438,1,1,1988,0,0,0,0,0,0,0,0,0,0
64438,2,1,1988,0,0,0,0,0,0,0,0,0,0
64439,1,1,1988,0,0,0,0,0,0,0,0,0,0
64439,2,1,1988,0,0,0,0,0,0,0,0,0,0
64440,1,1,1988,0,0,0,0,0,0,0,0,0,0
64441,1,1,1988,4,4,4,4,4,4,4,4,4,4
64442,0,1,1988,0,0,32,0,0,0,0,0,0,0
64442,1,1,1988,0,0,0,0,0,0,0,0,0,0
64443,0,1,1988,19,19,19,19,19,19,19,19,19,19
64443,1,1,1988,0,0,0,0,10,0,0,0,0,0
64443,2,1,1988,0,0,0,0,0,0,0,0,0,0
64444,0,1,1988,23,23,23,23,23,23,23,23,23,23
64444,1,1,1988,0,0,0,0,0,0,0,0,0,0
64445,0,1,1988,13,13,13,13,13,13,13,13,13,13
64445,1,1,1988,0,0,0,0,22,0,0,13,0,0
64446,1,1,1988,9,9,9,9,9,9,9,9,9,9
64447,1,1,1988,16,16,16,16,16,16,16,16,16,16
64448,1,1,1988,0,0,0,0,0,0,0,0,0,0
64448,2,1,1988,0,0,0,0,0,0,0,0,0,0
64448,3,1,1988,0,0,0,0,0,0,0,0,0,0
64448,4,1,1988,0,0,0,0,0,0,0,0,0,0
64449,1,1,1988,13,18,0,0,0,0,0,0,0,16
64450,1,1,1988,18,18,18,18,18,18,18,18,18,18
64451,1,1,1988,0,13,11,12,19,13,4,11,9,7
64452,0,1,1988,0,0,0,0,0,0,0,0,0,0
64452,1,1,1988,0,0,0,0,0,0,0,0,0,0
64453,0,1,1988,0,0,0,0,0,0,0,0,0,0
64453,1,1,1988,0,0,0,0,0,0,0,0,0,0
64454,1,1,1988,0,0,0,0,0,0,0,0,0,0
64454,2,1,1988,0,0,0,0,0,0,0,0,0,0
64455,1,1,1988,0,0,0,0,0,0,0,0,0,0
64455,2,1,1988,0,0,0,0,0,0,0,0,23,0
64456,1,1,1988,0,0,0,0,0,0,0,0,0,0
64457,0,1,1988,0,0,0,0,0,0,0,0,0,0
64457,1,1,1988,0,0,0,0,0,0,0,0,0,0
64458,1,1,1988,0,0,0,0,0,0,0,0,0,0
64458,2,1,1988,0,0,0,0,0,0,0,0,0,0
64459,1,1,1988,0,0,0,0,0,21,14,18,0,24
64460,0,1,1988,0,0,0,0,0,0,0,0,0,0
64460,1,1,1988,0,0,0,0,0,0,0,0,0,0
64461,1,1,1988,0,0,0,0,0,0,0,0,0,0
64462,1,1,1988,0,0,0,0,0,0,0,0,0,0
64462,2,1,1988,0,0,0,0,0,0,0,0,0,0
64463,1,1,1988,0,0,0,0,0,0,0,14,0,0
64464,0,1,1988,0,0,0,0,0,0,0,0,0,0
64464,1,1,1988,0,0,0,0,9,0,0,0,6,0
64465,0,1,1988,0,0,0,0,0,0,0,0,0,0
64465,1,1,1988,0,0,0,7,0,0,0,0,0,0
64466,0,1,1988,5,0,0,0,0,29,0,25,0,0
64466,1,1,1988,0,0,0,0,0,0,0,0,0,0
64467,1,1,1988,0,0,0,0,0,0,0,0,0,0
64467,2,1,1988,0,0,0,0,0,0,0,0,0,0
64468,1,1,1988,23,23,23,23,23,23,23,23,23,23
64468,2,1,1988,0,0,0,0,0,0,0,0,0,0
64469,1,1,1988,0,0,16,0,0,0,0,0,0,0
64469,2,1,1988,0,0,0,0,0,0,0,0,0,0
64470,1,1,1988,0,0,0,0,0,0,0,0,0,0
64471,1,1,1988,0,0,0,0,0,0,0,0,0,0
64471,2,1,1988,0,0,6,0,0,0,0,0,0,0
64472,1,1,1988,13,13,13,13,13,13,13,13,13,13
64472,2,1,1988,0,0,0,0,0,0,0,0,0,0
64473,0,1,1988,0,0,0,0,0,0,0,0,0,0
64473,1,1,1988,0,0,0,0,0,0,0,0,0,0
64474,0,1,1988,0,0,0,0,0,0,0,0,0,0
64474,1,1,1988,0,0,14,23,0,0,0,0,0,0
64475,1,1,1988,20,20,20,20,20,20,20,20,20,20
64476,1,1,1988,0,0,0,0,0,0,0,0,0,0
64476,2,1,1988,0,0,0,0,0,0,0,0,0,0
64477,1,1,1988,0,0,0,0,0,0,0,0,0,0
64477,2,1,1988,0,4,0,0,0,0,0,0,18,0
64478,0,1,1988,0,0,0,0,0,0,0,0,0,31
64478,1,1,1988,15,15,15,15,15,15,15,15,15,15
64479,1,1,1988,0,0,0,0,0,0,0,0,0,16
64479,2,1,1988,0,0,0,0,0,0,0,0,0,0
64480,0,1,1988,0,0,0,0,0,0,0,0,0,0
64480,1,1,1988,0,14,13,10,0,13,0,0,20,0
64481,1,1,1988,0,0,0,0,0,0,0,0,0,0
64482,1,1,1988,0,0,0,0,0,0,0,0,0,0
64483,0,1,1988,0,0,0,0,0,0,0,0,0,0
64483,1,1,1988,0,0,0,0,0,0,0,0,0,0
64484,0,1,1988,0,26,0,0,13,0,24,0,0,0
64484,1,1,1988,15,0,12,16,0,12,24,0,2,0
64485,1,1,1988,10,10,10,10,10,10,10,10,10,10
64486,1,1,1988,14,14,14,14,14,14,14,14,14,14
64486,2,1,1988,0,0,12,0,0,0,0,0,0,16
64487,1,1,1988,22,22,22,22,22,22,22,22,22,22
64488,1,1,1988,10,10,10,10,10,10,10,10,10,10
64489,1,1,1988,0,0,0,0,0,0,0,0,0,0
64489,2,1,1988,5,5,5,5,5,5,5,5,5,5
64490,1,1,1988,0,0,0,0,0,0,0,0,0,0
64490,2,1,1988,0,0,0,0,0,0,0,0,0,0
64491,1,1,1988,0,18,0,0,0,11,0,0,20,0
64492,1,1,1988,0,0,0,0,0,0,0,0,0,0
64493,1,1,1988,23,23,23,23,23,23,23,23,23,23
64494,1,1,1988,0,0,0,0,0,0,0,0,0,0
64495,1,1,1988,0,0,0,0,0,0,0,0,0,0
64495,2,1,1988,0,0,0,0,0,0,0,0,0,0
64495,3,1,1988,0,0,0,0,0,0,0,0,0,0
64496,1,1,1988,0,0,0,0,0,0,0,0,0,0
64497,1,1,1988,0,0,0,0,0,13,0,0,0,0
64497,2,1,1988,0,0,0,0,0,0,0,0,0,0
64498,1,1,1988,13,13,13,13,13,13,13,13,13,13
64499,0,1,1988,0,0,0,0,0,0,0,0,0,0
64499,1,1,1988,0,0,0,0,0,0,0,0,0,0
64500,0,1,1988,0,0,0,0,0,0,0,0,0,0
64500,1,1,1988,0,0,0,0,0,0,0,0,0,0
64501,1,1,1988,0,0,0,0,0,0,0,0,0,0
64501,2,1,1988,0,0,0,25,0,0,0,0,0,0
64502,1,1,1988,0,0,0,0,0,0,0,0,0,0
64502,2,1,1988,0,0,0,0,0,0,0,0,0,0
64503,0,1,1988,0,0,0,0,0,0,0,0,0,0
64503,1,1,1988,0,0,0,0,0,0,0,0,0,0
64505,1,1,1988,24,24,24,24,24,24,24,24,24,24
64506,1,1,1988,0,0,0,0,0,0,0,0,0,0
64507,1,1,1988,0,0,0,0,0,0,0,0,0,0
64507,2,1,1988,0,0,0,0,0,13,0,0,0,0
64507,3,1,1988,0,0,0,0,0,0,0,0,0,0
64507,4,1,1988,0,0,0,0,0,0,0,0,0,0
64508,1,1,1988,26,26,26,26,26,26,26,26,26,26
64508,2,1,1988,0,0,0,0,0,0,0,0,0,0
64508,3,1,1988,0,21,0,0,0,0,0,0,0,0
64509,0,1,1988,0,0,0,0,0,0,0,0,0,0
64509,1,1,1988,9,9,9,9,9,9,9,9,9,9
64510,0,1,1988,0,0,0,0,0,0,0,0,0,0
64510,1,1,1988,0,11,0,27,0,0,0,0,0,0
64511,1,1,1988,17,17,17,17,17,17,17,17,17,17
64511,2,1,1988,0,0,0,0,0,0,0,0,0,0
64512,1,1,1988,0,0,0,0,0,0,0,0,0,0
64512,2,1,1988,0,0,0,0,0,0,0,0,0,0
64513,1,1,1988,0,0,0,0,0,0,0,0,0,0
64513,2,1,1988,0,0,0,0,0,0,0,0,0,0
64514,0,1,1988,12,12,12,12,12,12,12,12,12,12
64514,1,1,1988,0,0,0,0,0,0,17,0,0,0
64515,1,1,1988,0,0,0,0,0,24,0,0,9,0
64515,2,1,1988,0,0,0,0,0,0,0,0,0,0
64516,1,1,1988,0,0,0,0,0,0,0,0,0,0
64517,1,1,1988,17,17,17,17,17,17,17,17,17,17
64518,1,1,1988,0,0,0,0,0,0,0,0,0,0
64518,2,1,1988,0,0,0,0,0,0,0,0,0,0
64518,3,1,1988,0,0,0,0,0,0,0,0,0,0
64519,1,1,1988,19,19,19,19,19,19,19,19,19,19
64520,0,1,1988,0,0,0,0,0,0,0,6,0,0
64520,0,2,1988,0,0,11,0,0,0,0,0,32,15
64520,0,3,1988,0,0,0,0,0,0,0,0,15,0
64520,1,1,1988,0,0,0,0,0,0,0,0,0,0
64520,2,1,1988,0,0,0,0,0,0,0,0,0,0
64521,1,1,1988,21,27,25,22,10,16,14,16,14,8
64522,1,1,1988,7,5,11,31,11,8,9,9,18,40
64522,2,1,1988,0,0,0,0,0,17,15,0,0,0
64523,1,1,1988,16,16,16,16,16,16,16,16,16,16
64524,1,1,1988,11,0,0,0,0,10,0,0,0,0
64524,2,1,1988,0,0,0,0,0,0,0,0,0,0
64524,3,1,1988,36,0,0,0,0,0,0,0,6,0
64525,1,1,1988,16,0,16,21,12,0,10,24,13,2
64525,2,1,1988,7,0,0,18,0,0,9,7,0,0
64526,1,1,1988,0,13,0,0,3,11,0,16,13,13
64526,2,1,1988,0,0,0,0,0,0,0,0,0,0
64527,1,1,1988,0,0,0,0,0,0,0,0,0,0
64527,2,1,1988,0,0,0,0,0,0,0,0,0,0
64528,1,1,1988,16,16,16,16,16,16,16,16,16,16
64529,0,1,1988,0,0,0,0,0,0,0,0,0,0
64529,1,1,1988,17,0,0,0,14,0,0,0,0,0
64530,1,1,1988,0,0,0,0,0,0,0,0,0,0
64531,1,1,1988,0,0,0,10,0,0,0,0,0,0
64531,2,1,1988,0,0,0,0,0,0,0,0,0,0
64532,1,1,1988,0,0,0,0,0,0,0,0,0,0
64532,2,1,1988,0,0,0,0,0,0,0,0,0,0
64533,1,1,1988,36,36,36,36,36,36,36,36,36,36
64534,1,1,1988,0,0,0,0,0,0,0,0,0,0
64534,2,1,1988,0,0,0,0,0,0,0,0,0,0
64535,1,1,1988,0,0,0,0,0,0,0,0,0,0
64536,0,1,1988,0,0,0,0,0,0,0,0,0,0
64536,1,1,1988,0,0,0,0,0,0,0,0,0,0
64537,0,1,1988,0,0,0,0,0,0,0,0,0,0
64537,1,1,1988,0,0,0,0,0,0,0,0,0,0
64538,1,1,1988,0,0,0,0,0,0,0,0,0,0
64539,1,1,1988,8,30,12,5,2,14,8,16,19,13
64540,0,1,1988,8,8,8,8,8,8,8,8,8,8
64540,1,1,1988,13,12,11,16,28,12,13,12,16,13
64541,1,1,1988,20,20,20,20,20,20,20,20,20,20
64542,1,1,1988,0,0,0,0,0,0,0,0,0,0
64543,1,1,1988,0,0,0,0,0,0,0,0,0,0
64543,2,1,1988,0,0,0,0,0,0,0,0,0,0
64544,1,1,1988,12,12,12,12,12,12,12,12,12,12
64545,1,1,1988,10,10,10,10,10,10,10,10,10,10
64545,2,1,1988,0,0,0,0,0,0,0,0,0,0
64546,1,1,1988,0,0,0,0,0,0,0,0,0,0
64547,1,1,1988,6,6,6,6,6,6,6,6,6,6
64547,2,1,1988,12,12,12,12,12,12,12,12,12,12
64548,1,1,1988,17,17,17,17,17,17,17,17,17,17
64549,1,1,1988,0,0,0,0,0,0,0,0,0,0
64550,1,1,1988,0,0,0,0,0,0,0,0,0,0
64550,2,1,1988,0,0,0,15,0,0,0,0,0,0
64550,3,1,1988,0,0,0,0,0,0,0,0,0,0
64551,0,1,1988,0,0,0,0,0,0,0,0,0,0
64551,1,1,1988,0,0,0,0,0,0,0,0,0,16
64551,2,1,1988,0,0,0,6,0,0,0,0,0,0
64552,1,1,1988,12,12,12,12,12,12,12,12,12,12
64553,1,1,1988,0,0,0,0,0,0,0,0,0,0
64554,1,1,1988,0,0,0,0,0,0,0,0,0,0
64554,2,1,1988,0,0,0,0,0,0,0,0,0,0
64555,1,1,1988,0,0,0,0,0,0,0,0,0,0
64555,2,1,1988,0,0,0,0,0,0,0,0,0,0
64556,0,1,1988,0,0,0,0,0,0,0,0,0,0
64556,1,1,1988,0,0,0,0,0,0,0,0,0,0
64557,0,1,1988,0,0,0,0,0,0,0,0,0,0
64557,1,1,1988,0,0,0,0,0,0,0,0,0,0
64558,0,1,1988,0,0,0,0,0,0,0,0,0,0
64558,1,1,1988,6,6,6,6,6,6,6,6,6,6
64559,0,1,1988,9,9,9,9,9,9,9,9,9,9
64559,0,2,1988,0,0,0,0,0,18,0,0,16,20
64559,1,1,1988,0,0,0,0,0,0,0,0,0,0
64560,1,1,1988,20,20,20,20,20,20,20,20,20,20
64561,1,1,1988,6,6,6,6,6,6,6,6,6,6
64561,2,1,1988,0,0,0,0,0,0,0,0,0,0
64561,3,1,1988,0,0,0,0,0,0,0,0,0,0
64562,1,1,1988,8,8,8,8,8,8,8,8,8,8
64563,1,1,1988,15,15,15,15,15,15,15,15,15,15
64564,1,1,1988,15,15,15,15,15,15,15,15,15,15
64564,2,1,1988,0,0,0,0,0,0,0,0,0,0
64565,1,1,1988,5,5,5,5,5,5,5,5,5,5
64566,1,1,1988,0,0,0,0,0,0,0,0,0,0
64567,1,1,1988,0,0,0,0,0,14,0,3,0,0
64567,2,1,1988,0,0,0,0,0,0,0,0,0,0
64567,3,1,1988,0,0,0,0,0,0,0,0,0,0
64567,4,1,1988,0,0,0,0,0,4,0,0,0,0
64568,1,1,1988,0,0,0,0,0,0,0,0,0,0
64568,2,1,1988,0,0,0,0,0,0,0,0,0,0
64569,1,1,1988,23,23,23,23,23,23,23,23,23,23
64570,1,1,1988,19,19,19,19,19,19,19,19,19,19
64570,2,1,1988,14,14,14,14,14,14,14,14,14,14
64571,1,1,1988,0,0,0,0,0,0,0,0,0,0
64571,2,1,1988,0,0,0,0,0,0,0,0,0,0
64572,1,1,1988,27,27,27,27,27,27,27,27,27,27
64573,0,1,1988,20,20,20,20,20,20,20,20,20,20
64573,1,1,1988,0,0,24,15,0,0,0,10,0,0
64574,1,1,1988,0,0,0,0,0,0,0,0,0,0
64574,2,1,1988,0,0,0,0,0,0,0,0,0,0
64575,0,1,1988,0,0,0,0,0,0,0,0,0,0
64575,1,1,1988,0,0,0,0,0,0,0,0,0,0
64576,1,1,1988,16,16,16,16,16,16,16,16,16,16
64577,0,1,1988,0,0,0,0,0,0,0,0,0,0
64577,1,1,1988,10,10,10,10,10,10,10,10,10,10
64578,0,1,1988,15,15,15,15,15,15,15,15,15,15
64578,1,1,1988,0,14,0,0,0,0,0,0,0,0
64579,1,1,1988,26,26,26,26,26,26,26,26,26,26
64580,1,1,1988,0,0,0,0,0,0,0,0,0,0
64581,1,1,1988,11,11,11,11,11,11,11,11,11,11
64581,2,1,1988,0,0,0,0,0,0,0,0,0,0
64582,1,1,1988,20,0,0,0,0,0,0,21,0,31
64582,2,1,1988,0,0,0,0,0,0,0,0,0,0
64582,3,1,1988,0,0,0,5,0,0,0,0,0,0
64583,1,1,1988,0,0,0,0,0,0,0,0,0,0
64583,2,1,1988,0,0,0,0,0,0,0,0,0,0
64584,0,1,1988,0,0,0,0,0,0,0,0,0,0
64584,1,1,1988,0,0,0,0,0,0,0,0,0,14
64585,0,1,1988,0,0,0,0,0,0,0,0,0,0
64585,1,1,1988,13,13,13,13,13,13,13,13,13,13
64586,1,1,1988,31,31,31,31,31,31,31,31,31,31
64587,0,1,1988,45,45,45,45,45,45,45,45,45,45
64587,1,1,1988,0,0,0,0,0,0,0,0,0,0
64588,1,1,1988,26,26,26,26,26,26,26,26,26,26
64589,0,1,1988,22,22,22,22,22,22,22,22,22,22
64589,1,1,1988,0,0,0,0,26,0,0,0,0,0
64590,1,1,1988,25,25,25,25,25,25,25,25,25,25
64590,2,1,1988,19,19,19,19,19,19,19,19,19,19
64591,1,1,1988,0,0,0,0,0,0,0,0,0,0
64592,1,1,1988,7,7,7,7,7,7,7,7,7,7
64592,2,1,1988,13,13,13,13,13,13,13,13,13,13
64593,1,1,1988,0,0,0,0,0,0,0,0,0,0
64593,2,1,1988,0,0,0,0,0,0,0,0,0,0
64594,1,1,1988,12,15,21,16,20,4,27,6,10,9
64595,1,1,1988,10,10,10,10,10,10,10,10,10,10
64595,2,1,1988,0,0,0,0,0,0,0,19,0,0
64596,1,1,1988,0,0,0,0,0,0,0,0,0,0
64597,1,1,1988,0,0,0,0,0,0,0,0,0,0
64597,2,1,1988,0,0,0,0,0,0,0,0,0,0
64598,1,1,1988,18,18,18,18,18,18,18,18,18,18
64598,2,1,1988,0,0,0,0,0,0,0,0,0,0
64599,1,1,1988,0,0,0,0,0,0,0,0,0,0
64599,2,1,1988,0,0,0,0,0,0,0,0,0,0
64600,1,1,1988,0,0,0,0,0,0,0,0,0,0
64600,2,1,1988,0,0,9,0,0,0,0,0,0,0
64601,1,1,1988,0,0,36,9,0,0,0,18,0,32
64602,1,1,1988,0,0,0,0,0,0,0,0,0,0
64602,2,1,1988,0,0,0,0,0,0,0,0,0,0
64602,3,1,1988,0,0,0,0,0,0,10,0,0,0
64603,0,1,1988,0,0,0,0,0,0,0,0,0,0
64603,1,1,1988,0,0,0,0,0,0,0,7,0,0
64604,1,1,1988,24,24,24,24,24,24,24,24,24,24
64604,2,1,1988,0,0,0,0,0,0,0,0,0,0
64605,1,1,1988,24,24,24,24,24,24,24,24,24,24
64606,1,1,1988,33,33,33,33,33,33,33,33,33,33
64607,1,1,1988,0,0,0,0,0,0,0,0,0,0
64607,2,1,1988,8,7,13,0,0,15,8,9,4,9
64608,1,1,1988,0,0,0,0,0,0,0,0,0,0
64608,2,1,1988,0,0,0,0,0,0,0,0,0,0
64609,1,1,1988,12,12,12,12,12,12,12,12,12,12
64610,1,1,1988,23,19,0,0,0,12,0,0,0,9
64610,2,1,1988,0,0,0,0,0,0,0,8,0,0
64611,1,1,1988,7,7,7,7,7,7,7,7,7,7
64612,1,1,1988,21,21,21,21,21,21,21,21,21,21
64613,1,1,1988,13,24,29,16,30,18,20,31,16,13
64614,0,1,1988,0,0,0,0,0,0,0,0,0,0
64614,1,1,1988,0,0,0,0,0,0,0,0,0,0
64615,1,1,1988,27,27,27,27,27,27,27,27,27,27
64615,2,1,1988,0,0,0,0,0,0,0,0,0,0
64615,3,1,1988,0,0,0,0,0,0,0,0,0,0
64616,0,1,1988,0,0,0,0,0,0,0,0,0,0
64616,1,1,1988,0,21,0,0,0,0,0,0,0,0
64617,1,1,1988,0,0,0,0,0,0,0,0,0,0
64617,2,1,1988,0,0,0,0,0,0,0,0,0,0
64617,3,1,1988,0,0,0,0,0,0,0,0,0,0
64618,0,1,1988,0,0,0,0,0,0,0,0,0,0
64618,1,1,1988,0,0,0,0,0,0,0,0,0,0
64618,2,1,1988,0,0,0,0,0,0,0,0,0,0
64619,0,1,1988,0,0,0,0,0,0,0,0,0,0
64619,1,1,1988,0,0,0,0,0,0,0,0,0,0
64619,2,1,1988,0,0,0,0,0,0,0,0,0,0
64619,3,1,1988,0,0,0,0,0,0,0,0,0,0
64620,1,1,1988,0,0,0,0,0,0,0,0,0,0
64621,0,1,1988,0,0,0,0,0,0,0,0,0,0
64621,1,1,1988,0,0,0,0,0,0,0,0,0,0
64622,0,1,1988,0,0,0,0,0,0,0,0,0,0
64622,0,2,1988,0,3,0,2,0,6,20,0,0,0
64622,1,1,1988,0,0,0,0,0,0,0,0,0,0
64623,1,1,1988,23,23,23,23,23,23,23,23,23,23
64624,0,1,1988,4,4,4,4,4,4,4,4,4,4
64624,1,1,1988,0,0,0,0,0,0,0,0,0,0
64625,0,1,1988,25,25,25,25,25,25,25,25,25,25
64625,1,1,1988,0,0,0,0,0,0,0,0,0,0
64625,2,1,1988,0,0,0,0,0,0,0,0,0,0
64626,1,1,1988,0,0,0,0,0,0,0,0,0,0
64626,2,1,1988,35,18,20,0,19,27,0,0,0,19
64626,3,1,1988,16,0,0,0,0,0,0,0,0,0
64627,1,1,1988,0,0,0,0,0,0,0,0,0,0
64628,1,1,1988,12,0,30,0,0,0,0,0,0,0
64628,2,1,1988,0,0,0,0,0,0,0,0,0,0
64629,0,1,1988,0,0,0,0,0,0,0,0,0,0
64629,1,1,1988,0,0,0,0,0,0,0,0,0,0
64630,1,1,1988,0,0,0,0,0,11,0,0,0,0
64630,2,1,1988,0,0,0,0,0,0,0,0,0,0
64630,3,1,1988,0,0,0,0,0,0,0,0,0,0
64631,1,1,1988,0,0,0,0,0,0,0,0,0,0
64631,2,1,1988,0,0,0,0,0,0,0,0,0,0
64632,0,1,1988,17,17,17,17,17,17,17,17,17,17
64632,1,1,1988,0,0,0,0,0,0,0,10,0,0
64633,1,1,1988,0,0,0,15,0,0,0,0,0,0
64633,2,1,1988,0,0,0,0,0,0,0,0,0,0
64634,0,1,1988,0,0,0,0,0,0,0,0,0,0
64634,1,1,1988,0,0,0,0,0,0,0,0,0,0
64635,0,1,1988,0,0,0,0,0,0,0,0,0,0
64635,1,1,1988,0,0,0,0,0,0,0,0,0,0
64636,0,1,1988,21,21,21,21,21,21,21,21,21,21
64636,1,1,1988,0,0,0,0,0,0,0,0,0,0
64637,1,1,1988,0,0,0,0,0,0,0,0,0,0
64638,0,1,1988,0,0,0,0,0,0,0,0,0,0
64638,1,1,1988,0,0,0,0,0,0,0,0,0,0
64639,1,1,1988,0,0,0,0,0,0,0,0,0,0
64639,2,1,1988,0,0,0,0,0,0,0,0,0,0
64640,1,1,1988,0,0,0,0,0,0,0,0,0,0
64640,2,1,1988,0,0,0,0,0,0,0,0,0,0