ST_CASE,VEH_NO,PER_NO,YEAR,P1,P2,P3,P4,P5,P6,P7,P8,P9,P10
64641,0,1,1988,12,12,12,12,12,12,12,12,12,12
64641,1,1,1988,0,0,0,0,0,0,0,0,0,0
64642,1,1,1988,22,18,33,20,20,21,36,5,21,13
64642,2,1,1988,0,0,0,0,0,0,0,4,0,0
64643,1,1,1988,0,0,0,0,0,0,0,0,0,0
64644,1,1,1988,0,0,0,0,0,0,0,0,0,0
64645,0,1,1988,24,24,24,24,24,24,24,24,24,24
64645,1,1,1988,11,0,0,0,0,0,0,0,0,0
64646,1,1,1988,0,0,0,0,0,0,0,0,0,0
64646,2,1,1988,4,0,0,0,0,0,17,0,0,17
64646,3,1,1988,0,0,0,15,0,0,0,0,0,0
64646,4,1,1988,0,0,0,0,0,0,0,0,0,0
64646,5,1,1988,0,0,0,0,0,0,0,0,0,0
64646,6,1,1988,0,0,0,0,0,0,0,0,0,0
64647,1,1,1988,0,0,0,0,0,0,0,0,0,0
64647,2,1,1988,0,0,0,0,0,0,0,0,0,0
64647,3,1,1988,0,0,0,0,0,0,0,0,0,23
64648,1,1,1988,0,0,0,0,0,0,0,0,0,0
64649,1,1,1988,29,29,29,29,29,29,29,29,29,29
64650,1,1,1988,19,19,19,19,19,19,19,19,19,19
64651,1,1,1988,0,0,0,0,0,0,0,0,0,0
64651,2,1,1988,0,0,0,0,0,0,0,0,0,0
64651,3,1,1988,0,0,0,0,0,0,0,0,0,0
64652,0,1,1988,0,0,0,0,0,0,0,0,0,0
64652,1,1,1988,0,0,0,0,0,0,0,0,0,0
64653,0,1,1988,0,0,0,0,0,0,0,0,0,0
64653,1,1,1988,0,0,0,0,0,0,0,0,0,0
64653,2,1,1988,0,0,0,0,0,0,0,0,0,0
64654,1,2,1988,14,14,14,14,14,14,14,14,14,14
64655,1,1,1988,0,0,0,0,0,0,0,0,0,0
64655,2,1,1988,0,0,0,0,0,0,0,0,0,0
64656,1,1,1988,0,0,0,0,0,0,0,0,0,0
64657,1,1,1988,0,0,0,0,0,0,0,0,0,0
64658,0,1,1988,19,19,19,19,19,19,19,19,19,19
64658,1,1,1988,0,0,0,0,0,0,0,0,0,0
64659,0,1,1988,0,0,0,0,0,0,0,0,0,0
64659,1,1,1988,0,0,0,0,0,0,0,0,0,0
64660,0,1,1988,0,0,0,0,0,0,0,0,0,0
64660,1,1,1988,0,0,0,0,0,0,0,0,0,0
64661,0,1,1988,0,0,0,0,0,0,0,0,0,0
64661,1,1,1988,0,0,0,0,0,4,0,0,0,0
64662,1,1,1988,25,25,25,25,25,25,25,25,25,25
64662,2,1,1988,0,0,0,0,0,0,0,0,0,0
64663,1,1,1988,0,0,0,0,0,0,0,0,0,0
64663,2,1,1988,0,11,0,0,0,0,0,0,0,0
64664,1,1,1988,38,38,38,38,38,38,38,38,38,38
64664,2,1,1988,0,0,0,0,0,0,4,0,0,0
64664,3,1,1988,0,0,0,0,0,0,0,0,0,0
64665,1,1,1988,13,13,13,13,13,13,13,13,13,13
64665,2,1,1988,0,0,0,0,0,0,11,0,0,0
64665,3,1,1988,0,0,0,0,0,0,0,0,0,0
64666,1,1,1988,0,0,0,0,0,0,0,0,0,0
64666,2,1,1988,0,0,0,0,0,0,0,0,0,0
64667,1,1,1988,5,5,5,5,5,5,5,5,5,5
64667,2,1,1988,3,0,0,8,0,0,17,0,0,0
64668,1,1,1988,0,0,0,0,0,0,0,25,0,0
64669,1,1,1988,0,0,0,0,0,0,0,0,0,0
64670,1,1,1988,23,23,23,23,23,23,23,23,23,23
64671,1,1,1988,13,13,13,13,13,13,13,13,13,13
64672,1,1,1988,0,0,0,0,0,0,0,0,0,0
64673,1,1,1988,0,0,0,0,0,0,0,0,0,0
64674,0,1,1988,21,21,21,21,21,21,21,21,21,21
64674,1,1,1988,0,0,0,0,0,7,0,0,0,0
64675,1,1,1988,24,24,24,24,24,24,24,24,24,24
64676,1,1,1988,16,16,16,16,16,16,16,16,16,16
64677,0,1,1988,0,0,0,0,0,0,0,0,0,0
64677,0,2,1988,0,0,0,0,0,0,0,0,0,0
64677,1,1,1988,0,0,0,0,0,0,0,0,0,0
64678,1,1,1988,0,0,0,0,0,0,0,0,0,0
64678,2,1,1988,0,0,0,0,0,0,0,0,0,0
64679,1,1,1988,0,0,0,0,0,0,0,0,0,0
64680,1,1,1988,0,0,0,0,0,0,0,0,0,0
64681,1,1,1988,0,0,0,0,0,0,0,0,0,0
64681,2,1,1988,0,0,0,0,0,0,0,0,0,0
64682,0,1,1988,0,0,0,0,0,0,0,0,0,0
64682,1,1,1988,0,0,0,0,12,0,0,0,5,0
64683,0,1,1988,0,20,6,18,34,0,0,19,0,28
64683,1,1,1988,0,0,0,5,0,0,0,21,0,11
64684,1,1,1988,7,7,7,7,7,7,7,7,7,7
64685,0,1,1988,0,0,0,0,0,0,0,0,19,0
64685,1,1,1988,0,0,0,0,0,0,0,0,0,0
64686,1,1,1988,12,12,12,12,12,12,12,12,12,12
64687,0,1,1988,12,12,12,12,12,12,12,12,12,12
64687,1,1,1988,15,0,22,21,8,17,0,0,15,12
64688,1,1,1988,0,0,0,0,0,0,0,0,0,0
64689,1,1,1988,0,0,0,0,0,0,0,0,0,0
64689,2,1,1988,0,0,0,0,0,0,0,0,0,0
64690,0,1,1988,0,0,26,0,0,0,0,0,0,28
64690,1,1,1988,0,0,0,0,0,0,0,0,0,0
64691,1,1,1988,19,19,19,19,19,19,19,19,19,19
64691,2,1,1988,0,0,0,0,0,0,0,0,0,0
64692,1,1,1988,14,14,14,14,14,14,14,14,14,14
64693,1,1,1988,0,0,0,0,0,0,0,0,0,0
64693,2,1,1988,0,0,0,0,18,0,0,0,0,0
64694,1,1,1988,0,0,0,0,0,0,0,0,0,0
64695,0,1,1988,0,0,0,0,0,0,0,0,0,0
64695,0,2,1988,0,0,0,0,0,0,0,0,0,0
64695,0,3,1988,0,16,0,0,0,0,7,0,0,0
64695,0,4,1988,12,9,22,18,0,0,6,21,31,9
64695,0,5,1988,27,46,31,20,0,22,4,0,0,22
64695,0,6,1988,16,0,0,0,0,6,0,0,0,10
64695,1,1,1988,22,22,22,22,22,22,22,22,22,22
64696,0,1,1988,25,25,25,25,25,25,25,25,25,25
64696,1,1,1988,0,0,0,17,16,0,25,0,0,0
64697,1,1,1988,14,14,14,14,14,14,14,14,14,14
64697,2,1,1988,0,0,8,0,0,0,0,0,0,0
64698,1,1,1988,0,0,0,0,0,0,0,0,0,0
64698,2,1,1988,0,0,0,0,0,0,0,0,0,0
64699,1,1,1988,0,0,0,0,0,0,0,0,0,0
64699,2,1,1988,0,0,0,0,0,0,0,0,0,0
64700,1,1,1988,22,22,22,22,22,22,22,22,22,22
64701,1,1,1988,0,0,0,0,0,0,0,0,0,0
64702,1,1,1988,0,0,4,0,0,0,0,0,0,0
64703,0,1,1988,0,0,0,0,0,0,0,0,0,0
64703,1,1,1988,0,0,0,0,0,0,0,0,0,0
64704,1,1,1988,11,0,16,14,14,19,42,10,23,18
64705,1,1,1988,0,0,0,0,0,0,0,0,0,0
64706,1,1,1988,0,0,0,0,0,0,0,0,0,0
64706,2,1,1988,3,3,3,3,3,3,3,3,3,3
64707,1,1,1988,0,0,0,0,0,0,0,0,0,0
64708,0,1,1988,0,0,0,0,0,0,0,0,0,0
64708,1,1,1988,0,0,0,0,0,0,0,0,0,0
64709,1,1,1988,0,0,0,0,0,0,0,0,0,0
64710,1,1,1988,18,24,9,13,14,10,29,19,23,13
64711,0,1,1988,0,0,0,0,0,0,0,0,0,0
64711,1,1,1988,0,0,0,0,0,0,11,0,24,24
64712,1,1,1988,0,0,0,0,0,0,0,8,0,0
64712,2,1,1988,0,0,0,0,0,19,31,32,0,15
64713,1,1,1988,8,8,8,8,8,8,8,8,8,8
64713,2,1,1988,14,10,32,12,35,28,0,31,10,11
64713,3,1,1988,0,18,0,0,0,21,8,15,0,0
64714,1,1,1988,0,0,0,0,0,0,0,0,0,0
64714,2,1,1988,16,16,16,16,16,16,16,16,16,16
64715,1,1,1988,0,0,0,0,0,0,0,0,0,0
64715,2,1,1988,0,0,0,0,0,0,0,0,0,0
64716,0,1,1988,0,0,0,0,0,0,0,0,0,0
64716,1,1,1988,0,0,0,0,0,0,0,7,0,0
64717,1,1,1988,21,21,21,21,21,21,21,21,21,21
64717,2,1,1988,0,0,0,0,0,0,4,0,19,0
64718,0,1,1988,0,12,0,0,0,0,0,0,0,0
64718,1,1,1988,0,0,0,0,0,0,0,6,0,0
64719,1,1,1988,18,18,18,18,18,18,18,18,18,18
64719,2,1,1988,0,0,0,2,0,0,0,0,0,21
64720,1,1,1988,0,0,0,0,0,0,0,0,0,0
64720,2,1,1988,0,0,0,0,0,0,0,0,0,0
64720,3,1,1988,0,0,0,0,0,0,0,0,0,0
64720,4,1,1988,0,0,0,0,0,0,0,0,0,0
64720,5,1,1988,0,0,0,0,0,0,0,0,0,0
64720,6,1,1988,0,0,0,0,15,0,0,0,0,0
64720,7,1,1988,0,0,0,0,0,0,0,0,0,0
64720,8,1,1988,0,0,0,0,0,0,0,0,0,0
64720,9,1,1988,0,0,0,0,0,0,0,0,0,0
64721,1,1,1988,31,31,31,31,31,31,31,31,31,31
64721,2,1,1988,0,0,0,0,13,0,0,0,0,0
64722,0,1,1988,0,0,0,0,0,0,0,0,0,0
64722,1,1,1988,0,0,0,0,0,0,0,0,0,0
64723,0,1,1988,0,0,0,0,0,0,0,0,0,0
64723,1,1,1988,0,0,0,0,0,0,0,0,0,0
64724,1,1,1988,14,14,15,13,34,22,11,33,19,7
64725,0,1,1988,20,20,20,20,20,20,20,20,20,20
64725,1,1,1988,0,0,0,0,0,0,0,0,0,0
64726,1,1,1988,17,17,17,17,17,17,17,17,17,17
64727,1,1,1988,21,21,21,21,21,21,21,21,21,21
64727,2,1,1988,0,0,0,0,0,0,0,0,0,0
64728,1,1,1988,0,0,0,0,0,0,0,0,0,0
64729,1,1,1988,0,0,0,0,0,0,0,0,0,0
64729,2,1,1988,0,0,0,0,0,0,0,0,0,0
64730,1,1,1988,0,0,0,0,0,0,0,0,0,0
64731,0,1,1988,2,2,2,2,2,2,2,2,2,2
64731,1,1,1988,0,17,17,12,0,0,0,0,15,0
64732,1,1,1988,17,17,17,17,17,17,17,17,17,17
64733,1,1,1988,14,18,16,11,7,7,7,0,21,0
64733,2,1,1988,0,0,0,0,0,0,0,0,0,0
64734,1,1,1988,7,7,7,7,7,7,7,7,7,7
64735,0,1,1988,0,0,0,0,0,0,0,0,0,0
64735,1,1,1988,0,0,0,0,0,0,0,0,0,0
64736,1,1,1988,0,0,0,0,0,0,0,0,0,0
64736,2,1,1988,0,0,0,0,0,0,15,0,0,0
64737,0,1,1988,0,0,0,0,0,0,0,0,0,0
64737,1,1,1988,5,8,13,11,29,10,21,17,0,13
64738,1,1,1988,0,0,0,0,0,0,0,0,0,0
64738,2,1,1988,0,0,0,0,0,0,0,0,0,0
64739,0,1,1988,0,0,0,0,0,0,0,0,0,0
64739,1,1,1988,0,0,0,0,0,0,0,0,0,0
64740,1,1,1988,17,17,17,17,17,17,17,17,17,17
64740,2,1,1988,0,0,0,0,3,0,0,0,0,0
64741,1,1,1988,21,21,21,21,21,21,21,21,21,21
64742,1,1,1988,5,10,6,12,13,0,19,28,8,15
64743,0,1,1988,0,0,0,0,0,0,0,0,0,0
64743,1,1,1988,15,15,15,15,15,15,15,15,15,15
64744,1,1,1988,0,0,0,0,0,0,0,0,0,0
64744,2,1,1988,0,0,0,0,0,0,0,0,0,0
64745,0,1,1988,0,0,0,0,0,0,0,0,0,0
64745,0,2,1988,0,0,0,0,0,0,0,0,0,0
64745,0,3,1988,0,9,0,24,0,0,0,0,0,14
64745,0,4,1988,10,0,0,0,12,0,0,0,0,0
64745,0,5,1988,7,0,0,0,17,7,0,17,13,0
64745,0,6,1988,0,10,0,0,5,15,0,0,14,0
64745,1,1,1988,0,0,0,0,0,0,0,0,0,0
64746,1,1,1988,0,0,0,0,0,0,0,0,0,0
64746,2,1,1988,0,0,0,0,0,0,0,0,0,0
64747,1,1,1988,0,0,0,0,14,0,0,0,0,0
64747,2,1,1988,0,0,0,0,0,0,0,0,0,0
64748,0,1,1988,9,9,9,9,9,9,9,9,9,9
64748,1,1,1988,0,0,0,0,0,0,0,0,12,0
64749,0,1,1988,0,0,0,0,0,0,0,0,0,0
64749,1,1,1988,0,0,0,0,0,0,0,13,0,0
64750,1,1,1988,0,0,0,0,0,0,0,0,0,0
64751,1,1,1988,0,0,0,0,0,0,0,0,0,0
64751,2,1,1988,0,0,0,0,0,0,0,0,0,0
64751,3,1,1988,0,0,0,0,0,0,0,0,0,0
64752,1,1,1988,9,9,9,9,9,9,9,9,9,9
64752,2,1,1988,0,0,0,0,0,0,0,0,0,0
64753,0,1,1988,0,0,0,0,0,27,30,0,0,0
64753,3,1,1988,0,0,0,0,0,0,0,0,0,0
64754,1,1,1988,0,0,0,0,0,0,0,0,0,0
64755,0,1,1988,19,16,0,11,19,0,22,18,7,29
64755,1,1,1988,20,0,0,0,0,0,0,0,0,0
64756,1,1,1988,0,0,0,0,0,0,0,0,0,0
64756,2,1,1988,0,9,21,4,6,0,0,18,0,0
64757,1,1,1988,32,32,32,32,32,32,32,32,32,32
64758,1,1,1988,0,0,0,0,0,0,0,0,0,0
64758,2,1,1988,0,0,0,0,0,0,13,0,0,0
64759,1,1,1988,20,20,20,20,20,20,20,20,20,20
64760,1,1,1988,0,0,0,0,0,0,0,0,0,0
64760,2,1,1988,0,0,0,0,0,0,0,0,0,0
64761,0,1,1988,30,30,30,30,30,30,30,30,30,30
64761,1,1,1988,0,0,0,0,0,0,0,0,0,0
64762,0,1,1988,0,0,0,0,0,0,0,0,0,0
64762,1,1,1988,0,0,0,0,0,0,0,0,0,0
64763,1,1,1988,0,0,0,0,0,0,0,0,0,0
64764,1,1,1988,0,0,0,0,0,0,0,0,0,0
64764,2,1,1988,0,0,0,0,0,0,0,0,0,0
64765,1,1,1988,0,4,13,12,11,11,29,0,0,0
64767,0,1,1988,0,0,0,0,0,0,0,0,0,0
64767,1,1,1988,20,0,0,0,0,0,0,0,0,0
64768,1,1,1988,0,0,0,0,0,0,0,0,0,0
64768,2,1,1988,0,0,0,0,0,0,0,0,0,0
64768,3,1,1988,0,0,0,0,0,0,0,0,0,0
64769,1,1,1988,5,5,5,5,5,5,5,5,5,5
64770,1,1,1988,35,35,35,35,35,35,35,35,35,35
64771,0,1,1988,0,0,0,0,0,0,0,0,0,0
64771,1,1,1988,0,5,7,6,15,0,10,3,0,10
64772,1,1,1988,0,0,0,0,0,0,0,0,0,0
64772,2,1,1988,0,0,0,0,0,0,0,0,0,0
64773,1,1,1988,3,3,3,3,3,3,3,3,3,3
64773,2,1,1988,0,0,0,0,0,0,0,0,0,0
64774,1,1,1988,25,25,25,25,25,25,25,25,25,25
64775,1,1,1988,0,0,0,0,0,0,0,0,0,0
64776,1,1,1988,0,0,0,0,0,0,0,0,0,0
64776,2,1,1988,0,0,0,0,0,0,0,0,0,0
64777,1,1,1988,0,0,0,10,0,0,0,0,0,0
64778,1,1,1988,0,0,0,0,0,0,0,0,0,0
64778,2,1,1988,0,0,0,0,0,0,0,0,0,0
64778,3,1,1988,0,0,0,0,0,0,0,0,0,0
64779,1,1,1988,0,0,0,0,0,0,0,0,0,0
64780,1,1,1988,0,0,0,0,0,0,0,0,0,0
64780,2,1,1988,0,0,0,0,0,0,0,0,0,0
64781,1,1,1988,14,9,5,14,12,7,0,0,2,0
64781,2,1,1988,0,0,0,0,0,0,0,0,0,0
64782,1,1,1988,0,0,0,0,0,0,0,0,0,0
64783,1,1,1988,0,0,22,0,0,0,0,3,0,0
64783,2,1,1988,0,0,0,0,0,0,0,0,0,0
64784,1,1,1988,0,0,0,0,0,0,0,0,0,10
64785,1,1,1988,0,0,0,0,0,0,0,0,0,0
64786,1,1,1988,0,0,0,0,0,0,0,0,0,0
64786,2,1,1988,0,0,0,0,0,0,0,0,0,0
64787,0,1,1988,6,6,6,6,6,6,6,6,6,6
64787,1,1,1988,14,3,10,0,0,0,0,2,7,33
64788,0,1,1988,0,0,0,0,0,0,0,0,0,0
64788,1,1,1988,0,0,0,0,0,0,0,0,0,0
64789,1,1,1988,0,0,0,0,0,0,0,0,0,0
64789,2,1,1988,0,0,0,0,0,0,0,0,0,0
64790,0,1,1988,29,29,29,29,29,29,29,29,29,29
64790,1,1,1988,0,0,0,0,0,0,0,0,0,0
64791,0,1,1988,27,26,0,28,17,0,16,7,0,11
64791,1,1,1988,11,7,0,13,18,0,11,16,6,10
64792,1,1,1988,0,0,0,0,0,0,0,0,0,0
64792,2,1,1988,0,0,0,8,0,0,0,0,0,0
64793,1,1,1988,18,18,18,18,18,18,18,18,18,18
64794,0,1,1988,0,0,0,0,0,0,0,0,0,0
64794,1,1,1988,0,0,0,0,0,0,0,0,0,0
64795,0,1,1988,0,0,0,0,0,0,0,0,0,0
64795,1,1,1988,0,0,0,0,0,20,0,0,0,0
64796,1,1,1988,0,13,0,0,0,0,0,0,9,0
64796,2,1,1988,0,0,0,0,0,0,0,0,0,0
64797,0,1,1988,9,0,11,5,22,0,20,19,17,18
64797,1,1,1988,17,8,13,10,23,14,16,11,26,22
64798,1,1,1988,0,0,0,0,0,0,0,0,0,0
64799,0,1,1988,0,0,0,0,0,0,0,0,0,0
64799,3,1,1988,0,0,8,0,11,0,0,0,0,0
64800,1,1,1988,12,0,0,0,0,0,0,0,0,7
64800,2,1,1988,0,0,0,0,0,0,0,0,0,0
64801,1,1,1988,0,0,0,0,0,0,0,0,0,0
64801,2,1,1988,0,0,0,0,0,0,0,0,0,0
64802,0,1,1988,0,0,0,0,0,0,0,0,0,0
64802,1,1,1988,0,0,0,0,0,0,0,0,0,0
64803,1,1,1988,45,45,45,45,45,45,45,45,45,45
64804,1,1,1988,30,30,30,30,30,30,30,30,30,30
64804,2,1,1988,0,0,0,0,0,0,0,0,0,0
64805,1,1,1988,0,0,0,0,0,0,0,0,0,0
64806,1,1,1988,0,0,0,0,15,0,0,0,0,0
64806,2,1,1988,0,0,0,0,0,0,0,0,0,0
64807,0,1,1988,0,0,19,0,0,0,0,0,0,0
64807,1,1,1988,0,0,0,0,0,0,0,0,0,0
64808,1,1,1988,0,0,0,0,0,0,0,0,0,0
64809,0,1,1988,10,10,10,10,10,10,10,10,10,10
64809,1,1,1988,0,0,0,0,0,0,0,0,0,0
64810,1,1,1988,1,1,1,1,1,1,1,1,1,1
64810,2,1,1988,0,0,0,0,0,0,0,0,0,0
64811,0,1,1988,0,0,0,0,0,0,0,0,0,0
64811,1,1,1988,0,0,0,0,0,0,0,0,0,0
64812,1,1,1988,0,0,0,0,0,0,0,0,0,0
64812,2,1,1988,0,0,0,0,0,0,0,0,0,0
64813,1,1,1988,12,12,12,12,12,12,12,12,12,12
64813,2,1,1988,7,0,0,0,0,0,0,0,0,0
64814,0,1,1988,0,0,0,0,0,0,0,0,0,0
64814,1,1,1988,11,11,11,11,11,11,11,11,11,11
64815,1,1,1988,4,4,4,4,4,4,4,4,4,4
64815,2,1,1988,0,0,0,0,0,0,0,0,0,0
64816,0,1,1988,0,0,10,13,0,0,0,0,0,0
64816,1,1,1988,0,0,0,0,0,0,0,0,0,0
64817,1,1,1988,0,0,0,0,0,0,0,0,0,0
64817,2,1,1988,0,0,0,0,0,0,0,0,0,0
64817,3,1,1988,0,0,0,0,0,0,0,0,0,0
64817,4,1,1988,0,0,0,0,0,0,0,0,0,0
64818,1,1,1988,21,35,18,32,6,21,9,20,9,15
64819,1,1,1988,2,2,2,2,2,2,2,2,2,2
64820,1,1,1988,12,12,12,12,12,12,12,12,12,12
64820,2,1,1988,6,6,6,6,6,6,6,6,6,6
64821,0,1,1988,0,0,0,0,0,0,0,0,0,0
64821,1,1,1988,0,0,0,0,0,0,0,0,0,0
64822,1,1,1988,28,28,28,28,28,28,28,28,28,28
64823,1,1,1988,11,11,11,11,11,11,11,11,11,11
64823,2,1,1988,2,2,2,2,2,2,2,2,2,2
64824,0,1,1988,24,24,24,24,24,24,24,24,24,24
64824,1,1,1988,0,0,0,0,0,0,0,0,0,0
64824,2,1,1988,0,0,0,0,0,0,0,0,0,0
64825,1,1,1988,19,19,19,19,19,19,19,19,19,19
64825,2,1,1988,0,0,8,0,0,0,0,0,0,0
64826,0,1,1988,25,25,25,25,25,25,25,25,25,25
64826,1,1,1988,11,0,0,0,10,0,0,0,4,0
64826,2,1,1988,0,0,14,0,0,0,0,0,0,0
64827,0,1,1988,4,4,4,4,4,4,4,4,4,4
64827,1,1,1988,0,0,0,0,0,0,0,2,0,0
64828,1,1,1988,29,29,29,29,29,29,29,29,29,29
64829,0,1,1988,40,40,40,40,40,40,40,40,40,40
64829,1,1,1988,0,0,0,0,0,0,0,0,0,0
64830,1,1,1988,0,0,0,0,0,0,0,0,0,0
64830,2,1,1988,0,0,0,0,0,0,0,0,0,0
64830,3,1,1988,0,0,0,0,0,0,0,0,0,0
64831,0,1,1988,39,39,39,39,39,39,39,39,39,39
64831,1,1,1988,0,16,9,14,31,11,16,0,10,12
64832,1,1,1988,0,0,0,0,0,0,0,0,0,0
64832,2,1,1988,27,27,27,27,27,27,27,27,27,27
64833,1,1,1988,0,0,0,0,0,0,0,0,0,0
64834,1,1,1988,0,17,0,0,0,7,0,0,0,0
64834,2,1,1988,0,0,0,0,0,0,0,0,0,0
64835,0,1,1988,10,14,0,16,0,0,27,3,0,0
64835,0,2,1988,0,0,0,0,0,0,0,8,0,0
64835,1,1,1988,0,0,0,0,0,0,0,0,0,0
64836,0,1,1988,0,0,15,37,23,0,0,29,20,0
64836,1,1,1988,0,0,0,0,0,0,0,0,0,0
64837,1,1,1988,0,0,0,0,0,0,16,0,26,0
64837,2,1,1988,0,0,0,0,0,0,0,0,0,0
64838,1,1,1988,6,30,16,8,18,22,12,39,0,14
64838,2,1,1988,0,0,0,0,0,0,0,0,0,0
64839,1,1,1988,6,6,6,6,6,6,6,6,6,6
64839,2,1,1988,0,0,0,0,0,0,0,0,0,0
64840,1,1,1988,3,3,3,3,3,3,3,3,3,3
64841,1,1,1988,0,0,0,0,0,0,0,0,0,0
64841,2,1,1988,0,0,0,0,0,0,0,0,0,0
64842,0,1,1988,0,0,0,0,0,0,0,0,0,0
64842,1,1,1988,9,9,9,9,9,9,9,9,9,9
64843,1,1,1988,13,13,13,13,13,13,13,13,13,13
64843,2,1,1988,14,14,14,14,14,14,14,14,14,14
64844,0,1,1988,31,31,31,31,31,31,31,31,31,31
64844,1,1,1988,0,0,0,0,0,0,0,0,0,0
64845,1,1,1988,13,13,13,13,13,13,13,13,13,13
64846,1,1,1988,20,20,20,20,20,20,20,20,20,20
64847,1,1,1988,0,0,0,0,0,0,0,0,0,0
64847,2,1,1988,0,0,0,0,0,0,0,0,0,0
64848,1,1,1988,0,0,0,0,0,0,0,0,0,0
64848,2,1,1988,0,0,0,0,0,0,0,0,0,0
64849,0,1,1988,0,0,0,0,0,0,0,0,0,0
64849,1,1,1988,0,0,0,0,0,0,0,0,0,0
64850,0,1,1988,36,36,36,36,36,36,36,36,36,36
64850,1,1,1988,0,0,0,0,0,0,0,0,0,0
64851,0,1,1988,0,0,0,0,0,0,0,0,0,0
64851,1,1,1988,0,0,0,0,0,0,0,0,0,0
64852,1,1,1988,18,18,18,18,18,18,18,18,18,18
64852,2,1,1988,0,0,0,0,0,0,0,0,0,0
64853,0,1,1988,0,0,0,0,0,0,0,0,0,0
64853,0,2,1988,0,0,0,0,0,0,0,0,0,0
64853,1,1,1988,0,0,0,0,0,0,0,8,0,0
64854,1,1,1988,11,11,11,11,11,11,11,11,11,11
64854,2,1,1988,0,0,0,0,0,0,0,0,0,0
64855,0,1,1988,0,0,0,0,0,0,0,0,0,0
64855,1,1,1988,0,0,0,0,0,0,0,0,0,0
64856,1,1,1988,0,0,0,0,0,0,0,0,0,0
64856,2,1,1988,0,0,0,0,0,0,0,0,0,0
64856,3,1,1988,0,0,0,0,0,0,0,0,0,0
64857,1,1,1988,14,14,14,14,14,14,14,14,14,14
64857,2,1,1988,0,0,0,0,0,0,2,0,0,0
64858,0,1,1988,0,0,0,0,0,0,0,0,0,0
64858,0,2,1988,0,0,28,0,12,0,0,0,0,0
64858,1,1,1988,0,0,0,0,0,0,0,0,0,0
64859,0,1,1988,0,19,2,26,9,0,20,12,23,0
64859,1,1,1988,0,0,0,0,0,0,0,0,0,0
64860,1,1,1988,0,0,0,0,0,0,0,0,0,0
64860,2,1,1988,0,0,0,0,0,0,0,0,0,0
64861,1,1,1988,0,0,0,0,0,0,0,0,0,0
64861,2,1,1988,0,0,0,0,0,0,0,0,0,0
64862,0,1,1988,12,14,10,0,13,0,0,0,0,22
64862,0,2,1988,0,0,0,0,0,0,0,0,0,0
64862,0,3,1988,0,0,0,0,0,0,0,0,0,0
64862,1,1,1988,0,0,0,0,0,0,0,0,0,0
64863,0,1,1988,25,25,25,25,25,25,25,25,25,25
64863,1,1,1988,0,0,0,0,0,0,0,0,0,0
64864,0,1,1988,25,25,25,25,25,25,25,25,25,25
64864,1,1,1988,17,0,0,0,0,0,0,20,0,0
64865,1,1,1988,13,13,13,13,13,13,13,13,13,13
64865,2,1,1988,2,2,2,2,2,2,2,2,2,2
64866,1,1,1988,16,16,16,16,16,16,16,16,16,16
64866,2,1,1988,0,0,0,0,0,0,0,0,0,0
64867,1,1,1988,0,0,0,0,0,0,0,0,0,0
64868,1,1,1988,0,0,0,0,0,0,0,21,0,0
64869,1,1,1988,0,0,0,0,0,0,0,0,0,0
64870,1,1,1988,0,0,0,0,0,0,17,0,0,0
64870,2,1,1988,0,0,0,0,0,0,0,11,0,0
64871,1,1,1988,0,0,0,0,0,0,0,0,0,0
64871,2,1,1988,0,0,0,0,0,0,0,0,0,0
64872,0,1,1988,0,0,0,0,0,0,0,0,0,0
64872,1,1,1988,0,0,25,0,0,0,5,19,0,0
64873,1,1,1988,0,0,19,0,14,16,0,17,14,3
64874,1,1,1988,17,17,17,17,17,17,17,17,17,17
64875,1,1,1988,26,26,26,26,26,26,26,26,26,26
64875,2,1,1988,3,3,3,3,3,3,3,3,3,3
64876,1,1,1988,20,20,20,20,20,20,20,20,20,20
64876,2,1,1988,0,0,0,0,0,0,0,0,0,0
64877,1,1,1988,20,20,20,20,20,20,20,20,20,20
64877,2,1,1988,0,0,0,0,0,0,0,0,0,0
64877,3,1,1988,0,0,0,0,0,0,0,0,0,0
64878,1,1,1988,29,29,29,29,29,29,29,29,29,29
64878,2,1,1988,0,0,0,13,0,0,0,0,0,0
64879,1,1,1988,12,12,12,12,12,12,12,12,12,12
64879,2,1,1988,18,0,0,0,0,0,0,0,0,0
64880,1,1,1988,28,28,28,28,28,28,28,28,28,28
64880,2,1,1988,0,0,0,0,0,0,0,0,0,0
64881,0,1,1988,5,5,5,5,5,5,5,5,5,5
64881,1,1,1988,0,0,0,0,0,0,0,0,0,0
64882,1,1,1988,1,1,1,1,1,1,1,1,1,1
64883,0,1,1988,0,0,0,0,0,0,0,0,0,0
64883,1,1,1988,0,0,0,12,0,0,0,0,0,0
64884,1,1,1988,17,17,17,17,17,17,17,17,17,17
64884,2,1,1988,13,13,13,13,13,13,13,13,13,13
64884,3,1,1988,0,0,0,0,0,0,0,7,0,0
64885,0,1,1988,0,0,0,0,0,0,0,0,0,0
64885,0,2,1988,0,0,0,0,0,0,0,0,0,0
64885,1,1,1988,3,13,5,11,1,17,0,10,3,7
64885,2,1,1988,0,0,0,4,0,0,0,0,0,0
64885,4,1,1988,0,0,0,0,0,0,0,0,0,0
64886,1,1,1988,0,0,0,0,0,0,0,0,0,0
64887,1,1,1988,28,28,28,28,28,28,28,28,28,28
64888,1,1,1988,10,10,10,10,10,10,10,10,10,10
64889,1,1,1988,0,0,0,0,0,0,0,0,0,0
64889,2,1,1988,0,0,0,0,0,0,0,0,0,0
64889,3,1,1988,0,0,0,0,0,0,0,0,0,0
64889,4,1,1988,0,0,0,0,0,0,0,0,0,0
64890,1,1,1988,0,0,0,0,13,0,0,0,0,0
64891,1,1,1988,21,21,21,21,21,21,21,21,21,21
64891,2,1,1988,14,14,14,14,14,14,14,14,14,14
64892,0,1,1988,19,0,0,0,48,0,19,7,26,7
64892,1,1,1988,0,21,13,20,0,0,13,0,6,0
64893,1,1,1988,0,0,0,0,0,0,0,0,0,0
64893,2,1,1988,0,0,0,0,0,0,0,0,0,0
64894,1,1,1988,0,0,0,0,0,0,0,0,4,0
64895,1,1,1988,0,0,25,0,0,4,11,21,0,0
64896,1,1,1988,0,0,0,0,10,0,0,0,0,0
64897,0,1,1988,0,0,0,0,0,0,16,0,0,0
64897,1,1,1988,0,0,0,25,0,0,0,0,0,0